bus_id,voltage_kv,lon,lat,facility_id,facility_name,facility_code,facility_type,source,source_status,endpoint_match_distance_m
BUS:EREDES:0303S5020700:60,60,-8.43195233319339,41.4967091125347,EREDES:0303S5020700,LAMAS,0303S5020700,substation,E-REDES,DIRECT_EREDES,9.471337505952693
BUS:JUNCTION:60:00001,60,-8.34223906083395,39.48870778270226,,,,line_endpoint_cluster,derived,ENDPOINT_CLUSTER_DERIVED,
BUS:JUNCTION:60:00002,60,-8.366483477567145,39.48676484973115,,,,line_endpoint_cluster,derived,ENDPOINT_CLUSTER_DERIVED,
BUS:JUNCTION:60:00003,60,-8.396543678746767,39.479783845775685,,,,line_endpoint_cluster,derived,ENDPOINT_CLUSTER_DERIVED,
BUS:JUNCTION:60:00004,60,-8.399897048641352,39.47684561839676,,,,line_endpoint_cluster,derived,ENDPOINT_CLUSTER_DERIVED,
BUS:EREDES:0114S5001700:60,60,-8.60604013704436,40.4874150701647,EREDES:0114S5001700,BUSTOS,0114S5001700,substation,E-REDES,DIRECT_EREDES,30.83682149992728
BUS:JUNCTION:60:00006,60,-8.618623632317199,40.48566773427211,,,,line_endpoint_cluster,derived,ENDPOINT_CLUSTER_DERIVED,
BUS:JUNCTION:60:00007,60,-8.518335533878552,40.520905512104406,,,,line_endpoint_cluster,derived,ENDPOINT_CLUSTER_DERIVED,
BUS:EREDES:0114S5022700:60,60,-8.52022755743856,40.5228889710551,EREDES:0114S5022700,OLIVEIRA DO BAIRRO,0114S5022700,substation,E-REDES,DIRECT_EREDES,39.087774889277185
BUS:EREDES:0201S5050500:60,60,-8.1519294443239,37.8786749181258,EREDES:0201S5050500,ALJUSTREL,0201S5050500,substation,E-REDES,DIRECT_EREDES,49.57875944065877
BUS:JUNCTION:60:00010,60,-7.77518066637363,41.17603671973048,,,,line_endpoint_cluster,derived,ENDPOINT_CLUSTER_DERIVED,
BUS:JUNCTION:60:00011,60,-7.762722309504245,41.26715483334818,,,,line_endpoint_cluster,derived,ENDPOINT_CLUSTER_DERIVED,
BUS:JUNCTION:60:00012,60,-9.112245075476453,39.07502675764539,,,,line_endpoint_cluster,derived,ENDPOINT_CLUSTER_DERIVED,
BUS:EREDES:1101S5423500:60,60,-9.11556162327268,39.0854341268528,EREDES:1101S5423500,MERCEANA,1101S5423500,substation,E-REDES,DIRECT_EREDES,13.018802753260474
BUS:JUNCTION:60:00014,60,-9.1134093350748,39.07560764022897,,,,line_endpoint_cluster,derived,ENDPOINT_CLUSTER_DERIVED,
BUS:EREDES:1114P5329500:60,60,-8.97765061059676,38.9829287450124,EREDES:1114P5329500,EPAL,1114P5329500,switching_station,E-REDES,DIRECT_EREDES,35.757747823788016
BUS:JUNCTION:60:00016,60,-8.977850906719063,38.979835723982525,,,,line_endpoint_cluster,derived,ENDPOINT_CLUSTER_DERIVED,
BUS:JUNCTION:60:00017,60,-8.974977490923768,38.97872248318237,,,,line_endpoint_cluster,derived,ENDPOINT_CLUSTER_DERIVED,
BUS:EREDES:1114S5340500:60,60,-8.97582615568302,38.9756466880235,EREDES:1114S5340500,AREIAS (VFX),1114S5340500,substation,E-REDES,DIRECT_EREDES,17.501633430447786
BUS:JUNCTION:60:00019,60,-9.061026151081686,38.88442755919783,,,,line_endpoint_cluster,derived,ENDPOINT_CLUSTER_DERIVED,
BUS:JUNCTION:60:00020,60,-9.063283832339883,38.88584301086363,,,,line_endpoint_cluster,derived,ENDPOINT_CLUSTER_DERIVED,
BUS:JUNCTION:60:00021,60,-9.073086937227778,38.888479705764716,,,,line_endpoint_cluster,derived,ENDPOINT_CLUSTER_DERIVED,
BUS:EREDES:1114S5192200:60,60,-9.07432559463732,38.8591289576821,EREDES:1114S5192200,PÓVOA,1114S5192200,substation,E-REDES,DIRECT_EREDES,24.794818439788134
BUS:JUNCTION:60:00023,60,-9.075191886625332,38.854981710354835,,,,line_endpoint_cluster,derived,ENDPOINT_CLUSTER_DERIVED,
BUS:JUNCTION:60:00024,60,-8.12635362834341,38.054814283844195,,,,line_endpoint_cluster,derived,ENDPOINT_CLUSTER_DERIVED,
BUS:JUNCTION:60:00025,60,-8.114908590753572,38.0362515321953,,,,line_endpoint_cluster,derived,ENDPOINT_CLUSTER_DERIVED,
BUS:JUNCTION:60:00026,60,-8.252430463601478,38.048527486698056,,,,line_endpoint_cluster,derived,ENDPOINT_CLUSTER_DERIVED,
BUS:JUNCTION:60:00027,60,-8.266872196054539,38.04562591798415,,,,line_endpoint_cluster,derived,ENDPOINT_CLUSTER_DERIVED,
BUS:JUNCTION:60:00028,60,-8.786346940841423,40.028706624079575,,,,line_endpoint_cluster,derived,ENDPOINT_CLUSTER_DERIVED,
BUS:EREDES:1015S5904900:60,60,-8.7894300087948,40.0274769072192,EREDES:1015S5904900,LOURIÇAL,1015S5904900,substation,E-REDES,DIRECT_EREDES,131.51318129355198
BUS:JUNCTION:60:00030,60,-8.236454309038356,37.10713344170629,,,,line_endpoint_cluster,derived,ENDPOINT_CLUSTER_DERIVED,
BUS:EREDES:0801S5063000:60,60,-8.24974575735014,37.0958818398098,EREDES:0801S5063000,ALBUFEIRA,0801S5063000,substation,E-REDES,DIRECT_EREDES,30.35673758325288
BUS:JUNCTION:60:00032,60,-8.249313197919282,37.09845560481505,,,,line_endpoint_cluster,derived,ENDPOINT_CLUSTER_DERIVED,
BUS:JUNCTION:60:00033,60,-8.255026216475123,37.102509341862785,,,,line_endpoint_cluster,derived,ENDPOINT_CLUSTER_DERIVED,
BUS:JUNCTION:60:00034,60,-8.255622077612847,37.097811859286445,,,,line_endpoint_cluster,derived,ENDPOINT_CLUSTER_DERIVED,
BUS:JUNCTION:60:00035,60,-8.25632755247917,37.1021402423365,,,,line_endpoint_cluster,derived,ENDPOINT_CLUSTER_DERIVED,
BUS:JUNCTION:60:00037,60,-7.867568763518062,39.2659377909909,,,,line_endpoint_cluster,derived,ENDPOINT_CLUSTER_DERIVED,
BUS:JUNCTION:60:00038,60,-7.81165500221526,39.271005680195934,,,,line_endpoint_cluster,derived,ENDPOINT_CLUSTER_DERIVED,
BUS:JUNCTION:60:00039,60,-7.737897461714558,39.27464608512436,,,,line_endpoint_cluster,derived,ENDPOINT_CLUSTER_DERIVED,
BUS:JUNCTION:60:00040,60,-7.666626740082647,39.18753589787319,,,,line_endpoint_cluster,derived,ENDPOINT_CLUSTER_DERIVED,
BUS:JUNCTION:60:00041,60,-9.105346709380791,38.75254097746407,,,,line_endpoint_cluster,derived,ENDPOINT_CLUSTER_DERIVED,
BUS:JUNCTION:60:00042,60,-9.105216658565945,38.74949755156341,,,,line_endpoint_cluster,derived,ENDPOINT_CLUSTER_DERIVED,
BUS:JUNCTION:60:00043,60,-9.1050196426128,38.756470126681336,,,,line_endpoint_cluster,derived,ENDPOINT_CLUSTER_DERIVED,
BUS:EREDES:1106S5902900:60,60,-9.10334829826404,38.7440561181026,EREDES:1106S5902900,MARVILA,1106S5902900,substation,E-REDES,DIRECT_EREDES,166.89807562849475
BUS:JUNCTION:60:00045,60,-9.165964156232976,38.74288677178328,,,,line_endpoint_cluster,derived,ENDPOINT_CLUSTER_DERIVED,
BUS:EREDES:1106P5470000:60,60,-9.17049899830762,38.7392022479136,EREDES:1106P5470000,PALHAVÃ,1106P5470000,switching_station,E-REDES,DIRECT_EREDES,193.3286400523086
BUS:EREDES:1106S5183100:60,60,-9.21261322266986,38.7208265716968,EREDES:1106S5183100,ZAMBUJAL,1106S5183100,substation,E-REDES,DIRECT_EREDES,10.905499870640622
BUS:JUNCTION:60:00048,60,-9.163520262555817,38.74431065542724,,,,line_endpoint_cluster,derived,ENDPOINT_CLUSTER_DERIVED,
BUS:JUNCTION:60:00049,60,-9.159165123936432,38.752830586683466,,,,line_endpoint_cluster,derived,ENDPOINT_CLUSTER_DERIVED,
BUS:JUNCTION:60:00050,60,-8.962893807870998,38.57832180387254,,,,line_endpoint_cluster,derived,ENDPOINT_CLUSTER_DERIVED,
BUS:JUNCTION:60:00051,60,-8.958155079400978,38.577444150753834,,,,line_endpoint_cluster,derived,ENDPOINT_CLUSTER_DERIVED,
BUS:JUNCTION:60:00052,60,-8.974883958060357,38.58118060902669,,,,line_endpoint_cluster,derived,ENDPOINT_CLUSTER_DERIVED,
BUS:JUNCTION:60:00053,60,-8.983620913605513,38.5890207605096,,,,line_endpoint_cluster,derived,ENDPOINT_CLUSTER_DERIVED,
BUS:JUNCTION:60:00054,60,-8.789614178515993,39.65165179660989,,,,line_endpoint_cluster,derived,ENDPOINT_CLUSTER_DERIVED,
BUS:JUNCTION:60:00055,60,-8.789803132934168,39.649699089726006,,,,line_endpoint_cluster,derived,ENDPOINT_CLUSTER_DERIVED,
BUS:JUNCTION:60:00056,60,-8.79237159952492,39.649354306741536,,,,line_endpoint_cluster,derived,ENDPOINT_CLUSTER_DERIVED,
BUS:JUNCTION:60:00057,60,-8.800923082872426,39.66543004888184,,,,line_endpoint_cluster,derived,ENDPOINT_CLUSTER_DERIVED,
BUS:EREDES:0805S5060100:60,60,-7.94586956747978,37.0600097383888,EREDES:0805S5060100,BRACIAIS,0805S5060100,substation,E-REDES,DIRECT_EREDES,10.931216750836084
BUS:JUNCTION:60:00059,60,-7.85232856956658,37.08293595421697,,,,line_endpoint_cluster,derived,ENDPOINT_CLUSTER_DERIVED,
BUS:JUNCTION:60:00060,60,-7.96486794899109,37.07578325124355,,,,line_endpoint_cluster,derived,ENDPOINT_CLUSTER_DERIVED,
BUS:JUNCTION:60:00061,60,-7.9679339891021534,37.0769206488168,,,,line_endpoint_cluster,derived,ENDPOINT_CLUSTER_DERIVED,
BUS:EREDES:1107S5901900:60,60,-9.13962026311079,38.8876480230836,EREDES:1107S5901900,FANHÕES,1107S5901900,substation,E-REDES,DIRECT_EREDES,96.181983767567
BUS:JUNCTION:60:00063,60,-7.976564604223379,39.241066774407514,,,,line_endpoint_cluster,derived,ENDPOINT_CLUSTER_DERIVED,
BUS:JUNCTION:60:00064,60,-8.382161114546689,40.16235858438606,,,,line_endpoint_cluster,derived,ENDPOINT_CLUSTER_DERIVED,
BUS:JUNCTION:60:00065,60,-8.37399943338318,40.16573143595216,,,,line_endpoint_cluster,derived,ENDPOINT_CLUSTER_DERIVED,
BUS:JUNCTION:60:00066,60,-8.429401135729172,40.17987177161839,,,,line_endpoint_cluster,derived,ENDPOINT_CLUSTER_DERIVED,
BUS:JUNCTION:60:00067,60,-8.42982962789021,40.187081638731115,,,,line_endpoint_cluster,derived,ENDPOINT_CLUSTER_DERIVED,
BUS:EREDES:0603S5022800:60,60,-8.46401484344241,40.1797699302467,EREDES:0603S5022800,ANTANHOL,0603S5022800,substation,E-REDES,DIRECT_EREDES,27.466143840034405
BUS:JUNCTION:60:00069,60,-8.431562453008882,40.178911391052154,,,,line_endpoint_cluster,derived,ENDPOINT_CLUSTER_DERIVED,
BUS:JUNCTION:60:00070,60,-8.370696162558534,40.16596499399822,,,,line_endpoint_cluster,derived,ENDPOINT_CLUSTER_DERIVED,
BUS:JUNCTION:60:00071,60,-8.396165748042431,40.18043695777165,,,,line_endpoint_cluster,derived,ENDPOINT_CLUSTER_DERIVED,
BUS:JUNCTION:60:00072,60,-8.420863569065864,40.166842710142774,,,,line_endpoint_cluster,derived,ENDPOINT_CLUSTER_DERIVED,
BUS:JUNCTION:60:00073,60,-8.426924321014297,40.175718394130726,,,,line_endpoint_cluster,derived,ENDPOINT_CLUSTER_DERIVED,
BUS:JUNCTION:60:00074,60,-8.426008491938896,40.17621263167006,,,,line_endpoint_cluster,derived,ENDPOINT_CLUSTER_DERIVED,
BUS:JUNCTION:60:00075,60,-8.400140825570634,40.179946921802824,,,,line_endpoint_cluster,derived,ENDPOINT_CLUSTER_DERIVED,
BUS:JUNCTION:60:00076,60,-8.415221166629866,40.176777756057874,,,,line_endpoint_cluster,derived,ENDPOINT_CLUSTER_DERIVED,
BUS:JUNCTION:60:00077,60,-8.424330759819428,40.175913504505836,,,,line_endpoint_cluster,derived,ENDPOINT_CLUSTER_DERIVED,
BUS:JUNCTION:60:00078,60,-8.419678960096459,40.16611027578437,,,,line_endpoint_cluster,derived,ENDPOINT_CLUSTER_DERIVED,
BUS:JUNCTION:60:00079,60,-9.243297955396374,38.779870589183815,,,,line_endpoint_cluster,derived,ENDPOINT_CLUSTER_DERIVED,
BUS:JUNCTION:60:00080,60,-9.306624312033096,39.31067292938669,,,,line_endpoint_cluster,derived,ENDPOINT_CLUSTER_DERIVED,
BUS:EREDES:1014S5001200:60,60,-9.31879214309638,39.3273657925581,EREDES:1014S5001200,ATOUGUIA,1014S5001200,substation,E-REDES,DIRECT_EREDES,31.109092242227707
BUS:JUNCTION:60:00082,60,-9.267722976234552,39.324634730277495,,,,line_endpoint_cluster,derived,ENDPOINT_CLUSTER_DERIVED,
BUS:EREDES:1504S5020700:60,60,-9.03752042527927,38.6232485152187,EREDES:1504S5020700,VILA CHÃ,1504S5020700,substation,E-REDES,DIRECT_EREDES,138.8294718159463
BUS:JUNCTION:60:00085,60,-9.13135670254935,39.360045751156385,,,,line_endpoint_cluster,derived,ENDPOINT_CLUSTER_DERIVED,
BUS:JUNCTION:60:00086,60,-9.154048195152704,39.39505052373038,,,,line_endpoint_cluster,derived,ENDPOINT_CLUSTER_DERIVED,
BUS:EREDES:1012S5000500:60,60,-9.08214846324543,39.3555031658027,EREDES:1012S5000500,SANCHEIRA,1012S5000500,substation,E-REDES,DIRECT_EREDES,64.07410582415636
BUS:JUNCTION:60:00088,60,-9.08624945042028,39.3541318891649,,,,line_endpoint_cluster,derived,ENDPOINT_CLUSTER_DERIVED,
BUS:JUNCTION:60:00089,60,-9.129859738586102,39.35821158026424,,,,line_endpoint_cluster,derived,ENDPOINT_CLUSTER_DERIVED,
BUS:JUNCTION:60:00091,60,-9.00344880461982,39.33545383547354,,,,line_endpoint_cluster,derived,ENDPOINT_CLUSTER_DERIVED,
BUS:JUNCTION:60:00092,60,-9.000172691153107,39.3332748376739,,,,line_endpoint_cluster,derived,ENDPOINT_CLUSTER_DERIVED,
BUS:JUNCTION:60:00093,60,-9.18144959499093,39.319771173247716,,,,line_endpoint_cluster,derived,ENDPOINT_CLUSTER_DERIVED,
BUS:JUNCTION:60:00094,60,-9.191566060517362,39.31997070512129,,,,line_endpoint_cluster,derived,ENDPOINT_CLUSTER_DERIVED,
BUS:EREDES:0102S5000700:60,60,-8.47754493097749,40.745339021957,EREDES:0102S5000700,ALBERGARIA,0102S5000700,substation,E-REDES,DIRECT_EREDES,8.67293039449503
BUS:EREDES:0102S5010600:60,60,-8.49929605416157,40.7055561247385,EREDES:0102S5010600,VISTA ALEGRE,0102S5010600,substation,E-REDES,DIRECT_EREDES,13.938972020188208
BUS:JUNCTION:60:00098,60,-8.526635041890339,40.70199185550588,,,,line_endpoint_cluster,derived,ENDPOINT_CLUSTER_DERIVED,
BUS:JUNCTION:60:00099,60,-7.288128137195454,40.53548295155096,,,,line_endpoint_cluster,derived,ENDPOINT_CLUSTER_DERIVED,
BUS:EREDES:0907S5007100:60,60,-7.28757151518777,40.5385384299677,EREDES:0907S5007100,GUARDA,0907S5007100,substation,E-REDES,DIRECT_EREDES,36.40445624190274
BUS:EREDES:0907S5024600:60,60,-7.21050387588245,40.5313144839516,EREDES:0907S5024600,CASAL DE CINZA,0907S5024600,substation,E-REDES,DIRECT_EREDES,11.502117159268707
BUS:JUNCTION:60:00102,60,-8.404987519054798,41.55117097470972,,,,line_endpoint_cluster,derived,ENDPOINT_CLUSTER_DERIVED,
BUS:JUNCTION:60:00103,60,-8.408682300548694,41.54725997442381,,,,line_endpoint_cluster,derived,ENDPOINT_CLUSTER_DERIVED,
BUS:JUNCTION:60:00104,60,-8.413870730202593,41.54521886629804,,,,line_endpoint_cluster,derived,ENDPOINT_CLUSTER_DERIVED,
BUS:EREDES:0213P5902300:60,60,-7.6267147551348,38.1094242710501,EREDES:0213P5902300,9023 PIAS,0213P5902300,switching_station,E-REDES,DIRECT_EREDES,21.95855726735866
BUS:EREDES:0213S5903000:60,60,-7.61678106226816,38.0312907801246,EREDES:0213S5903000,BRINCHES,0213S5903000,substation,E-REDES,DIRECT_EREDES,202.60189675824938
BUS:JUNCTION:60:00108,60,-7.618689145513571,38.041172750928176,,,,line_endpoint_cluster,derived,ENDPOINT_CLUSTER_DERIVED,
BUS:JUNCTION:60:00109,60,-8.461758977195775,37.14730815775027,,,,line_endpoint_cluster,derived,ENDPOINT_CLUSTER_DERIVED,
BUS:JUNCTION:60:00110,60,-8.451474426535949,37.144907991661114,,,,line_endpoint_cluster,derived,ENDPOINT_CLUSTER_DERIVED,
BUS:EREDES:1419P5023100:60,60,-8.56432810506583,39.545566707998,EREDES:1419P5023100,CHANCELARIA,1419P5023100,switching_station,E-REDES,DIRECT_EREDES,116.99407229207101
BUS:JUNCTION:60:00112,60,-8.563229413671264,39.548719409292616,,,,line_endpoint_cluster,derived,ENDPOINT_CLUSTER_DERIVED,
BUS:JUNCTION:60:00113,60,-8.620180535399347,39.51298921612013,,,,line_endpoint_cluster,derived,ENDPOINT_CLUSTER_DERIVED,
BUS:JUNCTION:60:00114,60,-8.581121253082513,39.533177228633356,,,,line_endpoint_cluster,derived,ENDPOINT_CLUSTER_DERIVED,
BUS:EREDES:0814S5060300:60,60,-7.81978611458765,37.3567001843327,EREDES:0814S5060300,CACHOPO,0814S5060300,substation,E-REDES,DIRECT_EREDES,53.45374290016892
BUS:JUNCTION:60:00116,60,-7.897663184868331,37.35674074200864,,,,line_endpoint_cluster,derived,ENDPOINT_CLUSTER_DERIVED,
BUS:JUNCTION:60:00117,60,-8.10275223616159,37.09177947773021,,,,line_endpoint_cluster,derived,ENDPOINT_CLUSTER_DERIVED,
BUS:EREDES:0808S5904800:60,60,-8.10168136858979,37.0874291393989,EREDES:0808S5904800,VILAMOURA B,0808S5904800,substation,E-REDES,DIRECT_EREDES,5.474474592850695
BUS:EREDES:0808S5903600:60,60,-7.99178435269155,37.0722491432604,EREDES:0808S5903600,ALMANCIL,0808S5903600,substation,E-REDES,DIRECT_EREDES,64.80071760933195
BUS:EREDES:0808S5063400:60,60,-8.14067813987665,37.1159490104956,EREDES:0808S5063400,VILAMOURA,0808S5063400,substation,E-REDES,DIRECT_EREDES,31.40894942980469
BUS:EREDES:1111S5200000:60,60,-9.30008023159825,38.834110538687,EREDES:1111S5200000,SABUGO,1111S5200000,substation,E-REDES,DIRECT_EREDES,16.143697384644824
BUS:JUNCTION:60:00122,60,-9.320094540840495,38.74130551836843,,,,line_endpoint_cluster,derived,ENDPOINT_CLUSTER_DERIVED,
BUS:JUNCTION:60:00123,60,-9.275967923799156,39.13754754167657,,,,line_endpoint_cluster,derived,ENDPOINT_CLUSTER_DERIVED,
BUS:EREDES:1113P5904600:60,60,-9.27786734600834,39.1406886844636,EREDES:1113P5904600,A-DOS-CUNHADOS,1113P5904600,switching_station,E-REDES,DIRECT_EREDES,1.7736070434525861
BUS:JUNCTION:60:00125,60,-7.09443989631873,41.20325642097257,,,,line_endpoint_cluster,derived,ENDPOINT_CLUSTER_DERIVED,
BUS:JUNCTION:60:00126,60,-7.095800497771199,41.20326749554606,,,,line_endpoint_cluster,derived,ENDPOINT_CLUSTER_DERIVED,
BUS:JUNCTION:60:00127,60,-7.1118960857247,41.15430541229116,,,,line_endpoint_cluster,derived,ENDPOINT_CLUSTER_DERIVED,
BUS:JUNCTION:60:00128,60,-7.124161819809994,41.14007913775333,,,,line_endpoint_cluster,derived,ENDPOINT_CLUSTER_DERIVED,
BUS:JUNCTION:60:00129,60,-7.2381109543253235,38.20698491126245,,,,line_endpoint_cluster,derived,ENDPOINT_CLUSTER_DERIVED,
BUS:EREDES:0210S5050700:60,60,-7.22560421176997,38.2144761561575,EREDES:0210S5050700,AMARELEJA,0210S5050700,substation,E-REDES,DIRECT_EREDES,39.56686616388912
BUS:JUNCTION:60:00131,60,-7.222622183999049,38.192812211960714,,,,line_endpoint_cluster,derived,ENDPOINT_CLUSTER_DERIVED,
BUS:JUNCTION:60:00132,60,-7.236809559251035,38.2063279938423,,,,line_endpoint_cluster,derived,ENDPOINT_CLUSTER_DERIVED,
BUS:JUNCTION:60:00133,60,-8.829172680554118,39.74010511519093,,,,line_endpoint_cluster,derived,ENDPOINT_CLUSTER_DERIVED,
BUS:JUNCTION:60:00134,60,-8.832766769485678,39.74106008768902,,,,line_endpoint_cluster,derived,ENDPOINT_CLUSTER_DERIVED,
BUS:JUNCTION:60:00135,60,-8.817859033411622,39.69547597456129,,,,line_endpoint_cluster,derived,ENDPOINT_CLUSTER_DERIVED,
BUS:EREDES:1009S5002100:60,60,-8.81968348257506,39.7020765770667,EREDES:1009S5002100,AZÓIA,1009S5002100,substation,E-REDES,DIRECT_EREDES,22.091284092170053
BUS:EREDES:1009P5020200:60,60,-8.89636473728396,39.6830885965817,EREDES:1009P5020200,MACEIRA,1009P5020200,switching_station,E-REDES,DIRECT_EREDES,16.566178906891697
BUS:EREDES:1009S5023300:60,60,-8.82802680080663,39.7380331146705,EREDES:1009S5023300,PARCEIROS,1009S5023300,substation,E-REDES,DIRECT_EREDES,24.12638675905287
BUS:JUNCTION:60:00140,60,-8.82829131243663,39.735008655682954,,,,line_endpoint_cluster,derived,ENDPOINT_CLUSTER_DERIVED,
BUS:JUNCTION:60:00142,60,-8.905714852300225,39.67640268886739,,,,line_endpoint_cluster,derived,ENDPOINT_CLUSTER_DERIVED,
BUS:JUNCTION:60:00143,60,-8.907484780587456,39.67634811265191,,,,line_endpoint_cluster,derived,ENDPOINT_CLUSTER_DERIVED,
BUS:JUNCTION:60:00144,60,-8.894621801751056,39.68041450112452,,,,line_endpoint_cluster,derived,ENDPOINT_CLUSTER_DERIVED,
BUS:JUNCTION:60:00145,60,-7.956151521661381,40.7041394923588,,,,line_endpoint_cluster,derived,ENDPOINT_CLUSTER_DERIVED,
BUS:JUNCTION:60:00146,60,-7.869387967027285,40.66222820781312,,,,line_endpoint_cluster,derived,ENDPOINT_CLUSTER_DERIVED,
BUS:JUNCTION:60:00147,60,-7.87368327915781,40.66284723406333,,,,line_endpoint_cluster,derived,ENDPOINT_CLUSTER_DERIVED,
BUS:JUNCTION:60:00148,60,-7.992064618979373,40.70257088954704,,,,line_endpoint_cluster,derived,ENDPOINT_CLUSTER_DERIVED,
BUS:JUNCTION:60:00149,60,-8.8395420296569,40.14797777189024,,,,line_endpoint_cluster,derived,ENDPOINT_CLUSTER_DERIVED,
BUS:JUNCTION:60:00150,60,-8.838781370427991,40.15164183298332,,,,line_endpoint_cluster,derived,ENDPOINT_CLUSTER_DERIVED,
BUS:JUNCTION:60:00151,60,-8.790578321744531,40.03190426543008,,,,line_endpoint_cluster,derived,ENDPOINT_CLUSTER_DERIVED,
BUS:JUNCTION:60:00152,60,-8.788739522941786,40.030509568709846,,,,line_endpoint_cluster,derived,ENDPOINT_CLUSTER_DERIVED,
BUS:JUNCTION:60:00153,60,-8.831789192250074,40.063138928446996,,,,line_endpoint_cluster,derived,ENDPOINT_CLUSTER_DERIVED,
BUS:JUNCTION:60:00154,60,-8.802315073215972,40.040804334655064,,,,line_endpoint_cluster,derived,ENDPOINT_CLUSTER_DERIVED,
BUS:JUNCTION:60:00155,60,-8.838800610021169,40.15917168275904,,,,line_endpoint_cluster,derived,ENDPOINT_CLUSTER_DERIVED,
BUS:JUNCTION:60:00156,60,-8.750183285128061,40.142445118734095,,,,line_endpoint_cluster,derived,ENDPOINT_CLUSTER_DERIVED,
BUS:EREDES:0605S5005600:60,60,-8.84120491345567,40.1605833220172,EREDES:0605S5005600,VILA ROBIM,0605S5005600,substation,E-REDES,DIRECT_EREDES,148.86810386208234
BUS:JUNCTION:60:00158,60,-8.816983305563657,40.15182480286075,,,,line_endpoint_cluster,derived,ENDPOINT_CLUSTER_DERIVED,
BUS:EREDES:1003S5003200:60,60,-8.38333477055899,39.9124146493352,EREDES:1003S5003200,PONTÃO,1003S5003200,substation,E-REDES,DIRECT_EREDES,44.07566338105045
BUS:JUNCTION:60:00161,60,-8.384386543325911,39.8670294121155,,,,line_endpoint_cluster,derived,ENDPOINT_CLUSTER_DERIVED,
BUS:JUNCTION:60:00162,60,-7.484409867172264,40.22036821429423,,,,line_endpoint_cluster,derived,ENDPOINT_CLUSTER_DERIVED,
BUS:JUNCTION:60:00163,60,-7.47784264509335,40.23472287939135,,,,line_endpoint_cluster,derived,ENDPOINT_CLUSTER_DERIVED,
BUS:JUNCTION:60:00164,60,-7.488129819528384,40.218521893127495,,,,line_endpoint_cluster,derived,ENDPOINT_CLUSTER_DERIVED,
BUS:JUNCTION:60:00165,60,-8.461808333582029,40.96031367192866,,,,line_endpoint_cluster,derived,ENDPOINT_CLUSTER_DERIVED,
BUS:JUNCTION:60:00166,60,-8.494306430675758,40.95718115655038,,,,line_endpoint_cluster,derived,ENDPOINT_CLUSTER_DERIVED,
BUS:EREDES:0811S5060400:60,60,-8.53221157894838,37.1772224457455,EREDES:0811S5060400,PORTO DE LAGOS,0811S5060400,substation,E-REDES,DIRECT_EREDES,41.21509586653079
BUS:JUNCTION:60:00168,60,-8.690372556517767,41.30205162979563,,,,line_endpoint_cluster,derived,ENDPOINT_CLUSTER_DERIVED,
BUS:JUNCTION:60:00169,60,-8.687115146295696,41.30426099959042,,,,line_endpoint_cluster,derived,ENDPOINT_CLUSTER_DERIVED,
BUS:EREDES:1316S5022100:60,60,-8.708065428478,41.3033343521263,EREDES:1316S5022100,MINDELO,1316S5022100,substation,E-REDES,DIRECT_EREDES,104.00201204257927
BUS:JUNCTION:60:00172,60,-8.681717397347782,41.31168861872287,,,,line_endpoint_cluster,derived,ENDPOINT_CLUSTER_DERIVED,
BUS:JUNCTION:60:00173,60,-8.684125277524654,41.30604287641322,,,,line_endpoint_cluster,derived,ENDPOINT_CLUSTER_DERIVED,
BUS:EREDES:1706P5024300:60,60,-7.65110508614967,41.7450764032286,EREDES:1706P5024300,LEIRANCO,1706P5024300,switching_station,E-REDES,DIRECT_EREDES,168.21669215347262
BUS:EREDES:1001S5905000:60,60,-8.96741327600479,39.5537364485248,EREDES:1001S5905000,ALCOBAÇA,1001S5905000,substation,E-REDES,DIRECT_EREDES,44.41160741815135
BUS:JUNCTION:60:00177,60,-6.885977818900685,41.501785329470444,,,,line_endpoint_cluster,derived,ENDPOINT_CLUSTER_DERIVED,
BUS:JUNCTION:60:00178,60,-6.816905901329723,41.59358667406287,,,,line_endpoint_cluster,derived,ENDPOINT_CLUSTER_DERIVED,
BUS:JUNCTION:60:00179,60,-7.570996600901555,37.198004594413305,,,,line_endpoint_cluster,derived,ENDPOINT_CLUSTER_DERIVED,
BUS:JUNCTION:60:00180,60,-7.571204953392376,37.19636335288142,,,,line_endpoint_cluster,derived,ENDPOINT_CLUSTER_DERIVED,
BUS:EREDES:0814S5413300:60,60,-7.57249692859118,37.1859823177839,EREDES:0814S5413300,CONCEIÇÃO,0814S5413300,substation,E-REDES,DIRECT_EREDES,145.0998665072836
BUS:JUNCTION:60:00182,60,-8.67114994468024,40.14445369246723,,,,line_endpoint_cluster,derived,ENDPOINT_CLUSTER_DERIVED,
BUS:JUNCTION:60:00183,60,-8.63916812510198,40.14891819139471,,,,line_endpoint_cluster,derived,ENDPOINT_CLUSTER_DERIVED,
BUS:JUNCTION:60:00184,60,-8.489619068481126,41.357865482100316,,,,line_endpoint_cluster,derived,ENDPOINT_CLUSTER_DERIVED,
BUS:JUNCTION:60:00185,60,-8.506444588033462,41.34120633521571,,,,line_endpoint_cluster,derived,ENDPOINT_CLUSTER_DERIVED,
BUS:JUNCTION:60:00186,60,-8.509485355804438,41.33276862865829,,,,line_endpoint_cluster,derived,ENDPOINT_CLUSTER_DERIVED,
BUS:JUNCTION:60:00187,60,-8.494524156752945,41.327009459176715,,,,line_endpoint_cluster,derived,ENDPOINT_CLUSTER_DERIVED,
BUS:EREDES:1314S5004600:60,60,-8.48135280435004,41.358263168095,EREDES:1314S5004600,AREIAS NORTE,1314S5004600,substation,E-REDES,DIRECT_EREDES,14.48062431545864
BUS:JUNCTION:60:00189,60,-7.875438531281435,38.01305096745244,,,,line_endpoint_cluster,derived,ENDPOINT_CLUSTER_DERIVED,
BUS:EREDES:0205S5050100:60,60,-7.87237439066746,38.0114871410258,EREDES:0205S5050100,BEJA,0205S5050100,substation,E-REDES,DIRECT_EREDES,54.168833587018455
BUS:JUNCTION:60:00191,60,-7.891834511658505,38.01807327676497,,,,line_endpoint_cluster,derived,ENDPOINT_CLUSTER_DERIVED,
BUS:JUNCTION:60:00192,60,-8.201993519324187,41.42561099400998,,,,line_endpoint_cluster,derived,ENDPOINT_CLUSTER_DERIVED,
BUS:JUNCTION:60:00193,60,-8.18154373207538,41.42688468210672,,,,line_endpoint_cluster,derived,ENDPOINT_CLUSTER_DERIVED,
BUS:JUNCTION:60:00194,60,-8.180113583086806,41.43142272072175,,,,line_endpoint_cluster,derived,ENDPOINT_CLUSTER_DERIVED,
BUS:JUNCTION:60:00195,60,-8.182482436538944,41.421637422821746,,,,line_endpoint_cluster,derived,ENDPOINT_CLUSTER_DERIVED,
BUS:JUNCTION:60:00196,60,-8.184598661003234,41.40878796769349,,,,line_endpoint_cluster,derived,ENDPOINT_CLUSTER_DERIVED,
BUS:JUNCTION:60:00197,60,-9.31480291263004,38.73216985471624,,,,line_endpoint_cluster,derived,ENDPOINT_CLUSTER_DERIVED,
BUS:JUNCTION:60:00198,60,-9.312610018452233,38.73097092643487,,,,line_endpoint_cluster,derived,ENDPOINT_CLUSTER_DERIVED,
BUS:EREDES:1110S5900200:60,60,-9.26669622815294,38.737082806951,EREDES:1110S5900200,BARCARENA,1110S5900200,substation,E-REDES,DIRECT_EREDES,11.784699979748137
BUS:EREDES:1609S5011200:60,60,-8.76559653343121,41.6285587555033,EREDES:1609S5011200,SÃO ROMÃO DE NEIVA,1609S5011200,substation,E-REDES,DIRECT_EREDES,19.57900359824999
BUS:JUNCTION:60:00201,60,-7.29716941989117,40.31468121119596,,,,line_endpoint_cluster,derived,ENDPOINT_CLUSTER_DERIVED,
BUS:EREDES:0501S5007400:60,60,-7.34393321797397,40.3694572788678,EREDES:0501S5007400,BELMONTE,0501S5007400,substation,E-REDES,DIRECT_EREDES,8.907511098109739
BUS:JUNCTION:60:00203,60,-8.50681224375753,40.851945408674936,,,,line_endpoint_cluster,derived,ENDPOINT_CLUSTER_DERIVED,
BUS:JUNCTION:60:00204,60,-8.481270737909945,40.88040495133533,,,,line_endpoint_cluster,derived,ENDPOINT_CLUSTER_DERIVED,
BUS:JUNCTION:60:00205,60,-8.480178116000284,40.881297001846605,,,,line_endpoint_cluster,derived,ENDPOINT_CLUSTER_DERIVED,
BUS:JUNCTION:60:00206,60,-8.47903066363894,40.88285283633844,,,,line_endpoint_cluster,derived,ENDPOINT_CLUSTER_DERIVED,
BUS:JUNCTION:60:00207,60,-7.980925142198167,38.333947511113266,,,,line_endpoint_cluster,derived,ENDPOINT_CLUSTER_DERIVED,
BUS:EREDES:0713S5900400:60,60,-7.97698525610707,38.3300482672205,EREDES:0713S5900400,VIANA DO ALENTEJO,0713S5900400,substation,E-REDES,DIRECT_EREDES,38.95269983621517
BUS:JUNCTION:60:00209,60,-7.961331583650884,40.52775336478211,,,,line_endpoint_cluster,derived,ENDPOINT_CLUSTER_DERIVED,
BUS:JUNCTION:60:00210,60,-7.966237755928131,40.52950836216818,,,,line_endpoint_cluster,derived,ENDPOINT_CLUSTER_DERIVED,
BUS:EREDES:0913P5021500:60,60,-7.35587254560055,40.7616248628585,EREDES:0913P5021500,TRANCOSO,0913P5021500,switching_station,E-REDES,DIRECT_EREDES,10.74011590899609
BUS:JUNCTION:60:00212,60,-7.35340007178192,40.760285321456934,,,,line_endpoint_cluster,derived,ENDPOINT_CLUSTER_DERIVED,
BUS:JUNCTION:60:00213,60,-7.312831393639233,40.75591388036194,,,,line_endpoint_cluster,derived,ENDPOINT_CLUSTER_DERIVED,
BUS:JUNCTION:60:00214,60,-8.542172596104358,40.699312310357655,,,,line_endpoint_cluster,derived,ENDPOINT_CLUSTER_DERIVED,
BUS:EREDES:1601S5024900:60,60,-8.4412427199166,41.8236939827679,EREDES:1601S5024900,MOGUEIRAS,1601S5024900,substation,E-REDES,DIRECT_EREDES,28.560868501850393
BUS:EREDES:0312S5001200:60,60,-8.4356974598059,41.3635051346273,EREDES:0312S5001200,CANIÇOS,0312S5001200,substation,E-REDES,DIRECT_EREDES,119.02133029520475
BUS:JUNCTION:60:00217,60,-8.439300910248795,41.36299170952438,,,,line_endpoint_cluster,derived,ENDPOINT_CLUSTER_DERIVED,
BUS:JUNCTION:60:00218,60,-8.440823534204338,41.3629688213245,,,,line_endpoint_cluster,derived,ENDPOINT_CLUSTER_DERIVED,
BUS:JUNCTION:60:00219,60,-8.897838193526617,39.74444837616894,,,,line_endpoint_cluster,derived,ENDPOINT_CLUSTER_DERIVED,
BUS:JUNCTION:60:00220,60,-8.899221501703789,39.74501384305657,,,,line_endpoint_cluster,derived,ENDPOINT_CLUSTER_DERIVED,
BUS:EREDES:1108S5729600:60,60,-9.30652125078136,39.2457474285887,EREDES:1108S5729600,LOURINHÃ,1108S5729600,substation,E-REDES,DIRECT_EREDES,37.31285812818125
BUS:JUNCTION:60:00222,60,-9.2994664866518,39.2841519698463,,,,line_endpoint_cluster,derived,ENDPOINT_CLUSTER_DERIVED,
BUS:JUNCTION:60:00223,60,-8.410697232771073,40.74364183711424,,,,line_endpoint_cluster,derived,ENDPOINT_CLUSTER_DERIVED,
BUS:JUNCTION:60:00224,60,-8.380451585107753,40.73409223794048,,,,line_endpoint_cluster,derived,ENDPOINT_CLUSTER_DERIVED,
BUS:EREDES:1002S5023000:60,60,-8.38429925349996,39.8430336619815,EREDES:1002S5023000,ALVAIÁZERE,1002S5023000,substation,E-REDES,DIRECT_EREDES,48.3736338320663
BUS:EREDES:1702P5022300:60,60,-7.85185471235094,41.6906670297431,EREDES:1702P5022300,BARROSO,1702P5022300,switching_station,E-REDES,DIRECT_EREDES,14.513528728319395
BUS:JUNCTION:60:00227,60,-7.863721769237572,41.6960319701829,,,,line_endpoint_cluster,derived,ENDPOINT_CLUSTER_DERIVED,
BUS:JUNCTION:60:00228,60,-7.570425146534265,41.73072949434798,,,,line_endpoint_cluster,derived,ENDPOINT_CLUSTER_DERIVED,
BUS:JUNCTION:60:00229,60,-7.647134718419373,41.74401242396632,,,,line_endpoint_cluster,derived,ENDPOINT_CLUSTER_DERIVED,
BUS:JUNCTION:60:00230,60,-7.850942483843654,41.32958875318865,,,,line_endpoint_cluster,derived,ENDPOINT_CLUSTER_DERIVED,
BUS:JUNCTION:60:00231,60,-7.869280181648584,41.32692976124884,,,,line_endpoint_cluster,derived,ENDPOINT_CLUSTER_DERIVED,
BUS:JUNCTION:60:00232,60,-7.917570557391766,41.314504150848016,,,,line_endpoint_cluster,derived,ENDPOINT_CLUSTER_DERIVED,
BUS:EREDES:1705P5024500:60,60,-7.91473097330232,41.3157498454329,EREDES:1705P5024500,CAMPANHÓ,1705P5024500,switching_station,E-REDES,DIRECT_EREDES,18.40500002846706
BUS:JUNCTION:60:00234,60,-7.806575359441903,38.94042559606512,,,,line_endpoint_cluster,derived,ENDPOINT_CLUSTER_DERIVED,
BUS:JUNCTION:60:00235,60,-7.803891236513974,38.9394280063262,,,,line_endpoint_cluster,derived,ENDPOINT_CLUSTER_DERIVED,
BUS:JUNCTION:60:00236,60,-8.630125821538057,37.28823779938439,,,,line_endpoint_cluster,derived,ENDPOINT_CLUSTER_DERIVED,
BUS:JUNCTION:60:00237,60,-8.63638308886376,37.29045764297074,,,,line_endpoint_cluster,derived,ENDPOINT_CLUSTER_DERIVED,
BUS:JUNCTION:60:00238,60,-6.770665104237445,41.785573560362195,,,,line_endpoint_cluster,derived,ENDPOINT_CLUSTER_DERIVED,
BUS:JUNCTION:60:00239,60,-8.162996356210357,37.648871839767956,,,,line_endpoint_cluster,derived,ENDPOINT_CLUSTER_DERIVED,
BUS:JUNCTION:60:00240,60,-8.133563031777923,37.62883182546335,,,,line_endpoint_cluster,derived,ENDPOINT_CLUSTER_DERIVED,
BUS:JUNCTION:60:00241,60,-7.195888716847588,40.2948278030769,,,,line_endpoint_cluster,derived,ENDPOINT_CLUSTER_DERIVED,
BUS:JUNCTION:60:00242,60,-8.454843685611834,41.371347901562906,,,,line_endpoint_cluster,derived,ENDPOINT_CLUSTER_DERIVED,
BUS:JUNCTION:60:00243,60,-8.457280194297091,41.36976674792646,,,,line_endpoint_cluster,derived,ENDPOINT_CLUSTER_DERIVED,
BUS:JUNCTION:60:00244,60,-8.448206465921082,41.34306765570003,,,,line_endpoint_cluster,derived,ENDPOINT_CLUSTER_DERIVED,
BUS:JUNCTION:60:00245,60,-8.510577178886951,41.27750279506801,,,,line_endpoint_cluster,derived,ENDPOINT_CLUSTER_DERIVED,
BUS:JUNCTION:60:00246,60,-8.519110050762594,41.2698255931626,,,,line_endpoint_cluster,derived,ENDPOINT_CLUSTER_DERIVED,
BUS:EREDES:0312S5002700:60,60,-8.54395851094344,41.3578995386367,EREDES:0312S5002700,LOUSADO,0312S5002700,substation,E-REDES,DIRECT_EREDES,15.089958864268878
BUS:JUNCTION:60:00248,60,-8.543641788740809,41.35519480578994,,,,line_endpoint_cluster,derived,ENDPOINT_CLUSTER_DERIVED,
BUS:JUNCTION:60:00251,60,-9.16469870861161,38.743611307832964,,,,line_endpoint_cluster,derived,ENDPOINT_CLUSTER_DERIVED,
BUS:EREDES:1106P5906500:60,60,-9.12487979443753,38.7320258520846,EREDES:1106P5906500,PS ALTO S.JOÃO,1106P5906500,switching_station,E-REDES,DIRECT_EREDES,44.36651131267722
BUS:JUNCTION:60:00255,60,-9.136130041341747,38.72968553120904,,,,line_endpoint_cluster,derived,ENDPOINT_CLUSTER_DERIVED,
BUS:JUNCTION:60:00256,60,-9.160296235140478,38.759504698607365,,,,line_endpoint_cluster,derived,ENDPOINT_CLUSTER_DERIVED,
BUS:JUNCTION:60:00257,60,-9.153414426322481,38.71180925917757,,,,line_endpoint_cluster,derived,ENDPOINT_CLUSTER_DERIVED,
BUS:JUNCTION:60:00258,60,-9.1530490784557,38.70822466467481,,,,line_endpoint_cluster,derived,ENDPOINT_CLUSTER_DERIVED,
BUS:JUNCTION:60:00259,60,-9.137845877018208,38.73162108963337,,,,line_endpoint_cluster,derived,ENDPOINT_CLUSTER_DERIVED,
BUS:JUNCTION:60:00260,60,-9.13748352897355,38.727627686188214,,,,line_endpoint_cluster,derived,ENDPOINT_CLUSTER_DERIVED,
BUS:JUNCTION:60:00261,60,-9.14316000074146,38.727681799510655,,,,line_endpoint_cluster,derived,ENDPOINT_CLUSTER_DERIVED,
BUS:EREDES:1106S5064000:60,60,-9.14635167449829,38.723760377874,EREDES:1106S5064000,SANTA MARTA,1106S5064000,substation,E-REDES,DIRECT_EREDES,39.67806643204121
BUS:JUNCTION:60:00263,60,-9.128793077794887,38.73224997665657,,,,line_endpoint_cluster,derived,ENDPOINT_CLUSTER_DERIVED,
BUS:JUNCTION:60:00264,60,-9.133744459926893,38.73283451522519,,,,line_endpoint_cluster,derived,ENDPOINT_CLUSTER_DERIVED,
BUS:JUNCTION:60:00265,60,-9.151117923942508,38.721777772212846,,,,line_endpoint_cluster,derived,ENDPOINT_CLUSTER_DERIVED,
BUS:JUNCTION:60:00266,60,-9.152378220555736,38.7184742955144,,,,line_endpoint_cluster,derived,ENDPOINT_CLUSTER_DERIVED,
BUS:JUNCTION:60:00267,60,-9.151365517328864,38.71521158817956,,,,line_endpoint_cluster,derived,ENDPOINT_CLUSTER_DERIVED,
BUS:JUNCTION:60:00268,60,-9.197044498273863,38.70884440169292,,,,line_endpoint_cluster,derived,ENDPOINT_CLUSTER_DERIVED,
BUS:JUNCTION:60:00269,60,-9.18069473428638,38.705987415889254,,,,line_endpoint_cluster,derived,ENDPOINT_CLUSTER_DERIVED,
BUS:EREDES:1106S5907000:60,60,-9.14816366051656,38.7085816289309,EREDES:1106S5907000,BOAVISTA (NOVA),1106S5907000,substation,E-REDES,DIRECT_EREDES,126.54621530324135
BUS:JUNCTION:60:00272,60,-8.88992940190137,39.557510217527124,,,,line_endpoint_cluster,derived,ENDPOINT_CLUSTER_DERIVED,
BUS:JUNCTION:60:00273,60,-8.921653901519376,39.565588407039236,,,,line_endpoint_cluster,derived,ENDPOINT_CLUSTER_DERIVED,
BUS:JUNCTION:60:00274,60,-8.872224349402478,39.56863108338245,,,,line_endpoint_cluster,derived,ENDPOINT_CLUSTER_DERIVED,
BUS:JUNCTION:60:00275,60,-8.88658730182237,39.562358054310366,,,,line_endpoint_cluster,derived,ENDPOINT_CLUSTER_DERIVED,
BUS:EREDES:1016P5500000:60,60,-8.84808994678109,39.6043339835848,EREDES:1016P5500000,PORTO DE MÓS,1016P5500000,switching_station,E-REDES,DIRECT_EREDES,125.64611963855718
BUS:EREDES:0705S5042200:60,60,-7.88229623639541,38.5550850952521,EREDES:0705S5042200,CAEIRA,0705S5042200,substation,E-REDES,DIRECT_EREDES,62.60017292449357
BUS:JUNCTION:60:00278,60,-7.900440231465635,38.54927610982223,,,,line_endpoint_cluster,derived,ENDPOINT_CLUSTER_DERIVED,
BUS:JUNCTION:60:00279,60,-7.90686682523368,38.54534211607476,,,,line_endpoint_cluster,derived,ENDPOINT_CLUSTER_DERIVED,
BUS:JUNCTION:60:00280,60,-7.716786550563449,37.11166696048173,,,,line_endpoint_cluster,derived,ENDPOINT_CLUSTER_DERIVED,
BUS:JUNCTION:60:00281,60,-7.714446614868351,37.11277142845195,,,,line_endpoint_cluster,derived,ENDPOINT_CLUSTER_DERIVED,
BUS:JUNCTION:60:00282,60,-8.294282953822334,39.50682628070488,,,,line_endpoint_cluster,derived,ENDPOINT_CLUSTER_DERIVED,
BUS:JUNCTION:60:00283,60,-8.288960328423592,39.504677872936874,,,,line_endpoint_cluster,derived,ENDPOINT_CLUSTER_DERIVED,
BUS:JUNCTION:60:00284,60,-8.282173633985588,39.501802159011014,,,,line_endpoint_cluster,derived,ENDPOINT_CLUSTER_DERIVED,
BUS:JUNCTION:60:00285,60,-8.326620305090874,39.52785635296833,,,,line_endpoint_cluster,derived,ENDPOINT_CLUSTER_DERIVED,
BUS:JUNCTION:60:00286,60,-8.233094720320734,39.47123251888982,,,,line_endpoint_cluster,derived,ENDPOINT_CLUSTER_DERIVED,
BUS:JUNCTION:60:00287,60,-9.321910400407438,38.712645344658284,,,,line_endpoint_cluster,derived,ENDPOINT_CLUSTER_DERIVED,
BUS:JUNCTION:60:00288,60,-9.323363073654475,38.7125087892191,,,,line_endpoint_cluster,derived,ENDPOINT_CLUSTER_DERIVED,
BUS:JUNCTION:60:00289,60,-8.46595491209528,40.9794411631241,,,,line_endpoint_cluster,derived,ENDPOINT_CLUSTER_DERIVED,
BUS:EREDES:0109S5007900:60,60,-8.4359121848815,41.0172840975065,EREDES:0109S5007900,INHA,0109S5007900,substation,E-REDES,DIRECT_EREDES,36.87049059035312
BUS:JUNCTION:60:00291,60,-8.566379505653689,40.87615871614514,,,,line_endpoint_cluster,derived,ENDPOINT_CLUSTER_DERIVED,
BUS:EREDES:0109S5009900:60,60,-8.53035507988992,41.0002115452873,EREDES:0109S5009900,SANGUEDO,0109S5009900,substation,E-REDES,DIRECT_EREDES,191.7070807097554
BUS:JUNCTION:60:00294,60,-8.539157002760287,40.99498678825293,,,,line_endpoint_cluster,derived,ENDPOINT_CLUSTER_DERIVED,
BUS:JUNCTION:60:00295,60,-8.539350436653297,40.99301408916237,,,,line_endpoint_cluster,derived,ENDPOINT_CLUSTER_DERIVED,
BUS:JUNCTION:60:00296,60,-8.544979202748626,40.98893612504091,,,,line_endpoint_cluster,derived,ENDPOINT_CLUSTER_DERIVED,
BUS:EREDES:0603S5006400:60,60,-8.39629141547915,40.2281040032568,EREDES:0603S5006400,CORRENTE,0603S5006400,substation,E-REDES,DIRECT_EREDES,26.356079701071295
BUS:EREDES:0603S5005200:60,60,-8.43925500646498,40.2340158626633,EREDES:0603S5005200,RELVINHA,0603S5005200,substation,E-REDES,DIRECT_EREDES,11.620111570224632
BUS:JUNCTION:60:00299,60,-8.486324238210255,40.16360688554442,,,,line_endpoint_cluster,derived,ENDPOINT_CLUSTER_DERIVED,
BUS:JUNCTION:60:00300,60,-8.496848375998335,40.16257856796256,,,,line_endpoint_cluster,derived,ENDPOINT_CLUSTER_DERIVED,
BUS:JUNCTION:60:00301,60,-8.509143544883205,40.16143903180665,,,,line_endpoint_cluster,derived,ENDPOINT_CLUSTER_DERIVED,
BUS:JUNCTION:60:00302,60,-8.547939378490538,40.15772307165336,,,,line_endpoint_cluster,derived,ENDPOINT_CLUSTER_DERIVED,
BUS:JUNCTION:60:00303,60,-8.553191407711214,40.157217210005044,,,,line_endpoint_cluster,derived,ENDPOINT_CLUSTER_DERIVED,
BUS:EREDES:1009S5002600:60,60,-8.83557671218514,39.8322997774389,EREDES:1009S5002600,ORTIGOSA,1009S5002600,substation,E-REDES,DIRECT_EREDES,17.20926836874307
BUS:JUNCTION:60:00305,60,-8.904228102326707,39.68594217990744,,,,line_endpoint_cluster,derived,ENDPOINT_CLUSTER_DERIVED,
BUS:EREDES:1009S5002700:60,60,-8.78963271855867,39.7713198428015,EREDES:1009S5002700,PINHEIROS,1009S5002700,substation,E-REDES,DIRECT_EREDES,28.46287240924779
BUS:JUNCTION:60:00307,60,-8.786823872848833,39.77065785378616,,,,line_endpoint_cluster,derived,ENDPOINT_CLUSTER_DERIVED,
BUS:EREDES:0113S5008000:60,60,-8.49014193723323,40.8427939616871,EREDES:0113S5008000,OLIVEIRA DE AZEMÉIS,0113S5008000,substation,E-REDES,DIRECT_EREDES,8.089199325539338
BUS:JUNCTION:60:00309,60,-8.49939750607595,40.84545891583268,,,,line_endpoint_cluster,derived,ENDPOINT_CLUSTER_DERIVED,
BUS:EREDES:0103S5006000:60,60,-8.44888386990319,40.4400911087426,EREDES:0103S5006000,MOGOFORES,0103S5006000,substation,E-REDES,DIRECT_EREDES,27.150429112236587
BUS:JUNCTION:60:00311,60,-8.476208850722479,40.4254549862718,,,,line_endpoint_cluster,derived,ENDPOINT_CLUSTER_DERIVED,
BUS:JUNCTION:60:00312,60,-8.34776664727162,40.51194727107796,,,,line_endpoint_cluster,derived,ENDPOINT_CLUSTER_DERIVED,
BUS:JUNCTION:60:00313,60,-8.894871729478584,38.54949985885111,,,,line_endpoint_cluster,derived,ENDPOINT_CLUSTER_DERIVED,
BUS:JUNCTION:60:00314,60,-8.890373280955906,38.55040819094701,,,,line_endpoint_cluster,derived,ENDPOINT_CLUSTER_DERIVED,
BUS:JUNCTION:60:00315,60,-8.887322082198786,38.549805885196065,,,,line_endpoint_cluster,derived,ENDPOINT_CLUSTER_DERIVED,
BUS:JUNCTION:60:00316,60,-8.900717317226398,38.59818118602812,,,,line_endpoint_cluster,derived,ENDPOINT_CLUSTER_DERIVED,
BUS:JUNCTION:60:00317,60,-8.952037893440513,38.61991348527654,,,,line_endpoint_cluster,derived,ENDPOINT_CLUSTER_DERIVED,
BUS:JUNCTION:60:00318,60,-8.956819101316565,38.62117233859949,,,,line_endpoint_cluster,derived,ENDPOINT_CLUSTER_DERIVED,
BUS:JUNCTION:60:00319,60,-8.999940909108258,38.97870618166174,,,,line_endpoint_cluster,derived,ENDPOINT_CLUSTER_DERIVED,
BUS:EREDES:1114P5340100:60,60,-9.02181941515131,38.9208634101618,EREDES:1114P5340100,SOBRALINHO,1114P5340100,switching_station,E-REDES,DIRECT_EREDES,3.7170313028546977
BUS:JUNCTION:60:00322,60,-9.009171613976601,38.96279044166779,,,,line_endpoint_cluster,derived,ENDPOINT_CLUSTER_DERIVED,
BUS:EREDES:1409S5568300:60,60,-8.49257616698326,38.9417636367369,EREDES:1409S5568300,CORUCHE,1409S5568300,substation,E-REDES,DIRECT_EREDES,15.3481196587397
BUS:JUNCTION:60:00324,60,-8.484775016333924,38.93607758402078,,,,line_endpoint_cluster,derived,ENDPOINT_CLUSTER_DERIVED,
BUS:EREDES:1806S5008500:60,60,-7.77570391245423,40.6065585957211,EREDES:1806S5008500,MANGUALDE,1806S5008500,substation,E-REDES,DIRECT_EREDES,27.926664841526975
BUS:JUNCTION:60:00327,60,-8.931640916668162,38.51386842508978,,,,line_endpoint_cluster,derived,ENDPOINT_CLUSTER_DERIVED,
BUS:JUNCTION:60:00328,60,-8.934155164673632,38.50053481479918,,,,line_endpoint_cluster,derived,ENDPOINT_CLUSTER_DERIVED,
BUS:EREDES:1512S5990700:60,60,-8.87799617101151,38.5468625504191,EREDES:1512S5990700,SE MÓVEL 07,1512S5990700,substation,E-REDES,DIRECT_EREDES,200.81197473308492
BUS:EREDES:1512S5030700:60,60,-8.8783709720027,38.5445621343099,EREDES:1512S5030700,SÃO SEBASTIÃO,1512S5030700,substation,E-REDES,DIRECT_EREDES,62.30822840410984
BUS:JUNCTION:60:00332,60,-8.856378833167305,38.522561872538496,,,,line_endpoint_cluster,derived,ENDPOINT_CLUSTER_DERIVED,
BUS:JUNCTION:60:00333,60,-7.551961534407161,39.828401993225455,,,,line_endpoint_cluster,derived,ENDPOINT_CLUSTER_DERIVED,
BUS:EREDES:0502S5010400:60,60,-7.46779856271541,39.9200314966156,EREDES:0502S5010400,ALCAINS,0502S5010400,substation,E-REDES,DIRECT_EREDES,18.2802754992273
BUS:JUNCTION:60:00335,60,-9.259324246366202,38.95954419702899,,,,line_endpoint_cluster,derived,ENDPOINT_CLUSTER_DERIVED,
BUS:EREDES:1109S5905600:60,60,-9.26357491471727,38.9765202286696,EREDES:1109S5905600,GRADIL,1109S5905600,substation,E-REDES,DIRECT_EREDES,36.01562376490822
BUS:JUNCTION:60:00337,60,-8.21823567085753,38.086409734050676,,,,line_endpoint_cluster,derived,ENDPOINT_CLUSTER_DERIVED,
BUS:JUNCTION:60:00338,60,-8.216903745548768,38.08518515550785,,,,line_endpoint_cluster,derived,ENDPOINT_CLUSTER_DERIVED,
BUS:JUNCTION:60:00339,60,-8.21906541344315,38.08534408870854,,,,line_endpoint_cluster,derived,ENDPOINT_CLUSTER_DERIVED,
BUS:EREDES:1609P5024200:60,60,-8.7173408285119,41.7035699816404,EREDES:1609P5024200,DEOCRISTE,1609P5024200,switching_station,E-REDES,DIRECT_EREDES,32.801423034293194
BUS:JUNCTION:60:00341,60,-8.713547336345453,41.7037714647939,,,,line_endpoint_cluster,derived,ENDPOINT_CLUSTER_DERIVED,
BUS:JUNCTION:60:00342,60,-8.718966813832086,41.70126187219569,,,,line_endpoint_cluster,derived,ENDPOINT_CLUSTER_DERIVED,
BUS:JUNCTION:60:00343,60,-8.211716656502235,41.42146768663634,,,,line_endpoint_cluster,derived,ENDPOINT_CLUSTER_DERIVED,
BUS:JUNCTION:60:00344,60,-8.289728723473491,41.43036475564059,,,,line_endpoint_cluster,derived,ENDPOINT_CLUSTER_DERIVED,
BUS:EREDES:0308S5008400:60,60,-8.29831204530944,41.4289328379732,EREDES:0308S5008400,GUIMARÃES,0308S5008400,substation,E-REDES,DIRECT_EREDES,171.5141346512637
BUS:JUNCTION:60:00348,60,-8.834748759786606,40.06326419807699,,,,line_endpoint_cluster,derived,ENDPOINT_CLUSTER_DERIVED,
BUS:JUNCTION:60:00349,60,-8.836450514693379,40.0666563883023,,,,line_endpoint_cluster,derived,ENDPOINT_CLUSTER_DERIVED,
BUS:JUNCTION:60:00350,60,-8.839552033707303,40.071942762452565,,,,line_endpoint_cluster,derived,ENDPOINT_CLUSTER_DERIVED,
BUS:JUNCTION:60:00351,60,-8.812097389631205,40.1500283881361,,,,line_endpoint_cluster,derived,ENDPOINT_CLUSTER_DERIVED,
BUS:EREDES:0903S5008700:60,60,-7.38887422603366,40.6431026741739,EREDES:0903S5008700,CELORICO,0903S5008700,substation,E-REDES,DIRECT_EREDES,143.0120833851021
BUS:JUNCTION:60:00353,60,-7.3866325745384,40.64564540082253,,,,line_endpoint_cluster,derived,ENDPOINT_CLUSTER_DERIVED,
BUS:JUNCTION:60:00354,60,-8.465846160397527,40.552065975990914,,,,line_endpoint_cluster,derived,ENDPOINT_CLUSTER_DERIVED,
BUS:JUNCTION:60:00355,60,-8.465745077255166,40.54675900215064,,,,line_endpoint_cluster,derived,ENDPOINT_CLUSTER_DERIVED,
BUS:JUNCTION:60:00356,60,-8.46553925339548,40.54517589590852,,,,line_endpoint_cluster,derived,ENDPOINT_CLUSTER_DERIVED,
BUS:EREDES:0101S5001600:60,60,-8.45500794583358,40.5339021723744,EREDES:0101S5001600,BARRÔ,0101S5001600,substation,E-REDES,DIRECT_EREDES,36.18451524262349
BUS:JUNCTION:60:00359,60,-8.189633371051642,37.66423809921588,,,,line_endpoint_cluster,derived,ENDPOINT_CLUSTER_DERIVED,
BUS:JUNCTION:60:00360,60,-8.173687501320488,37.6536082166425,,,,line_endpoint_cluster,derived,ENDPOINT_CLUSTER_DERIVED,
BUS:JUNCTION:60:00361,60,-8.954303541587876,38.620485182162035,,,,line_endpoint_cluster,derived,ENDPOINT_CLUSTER_DERIVED,
BUS:JUNCTION:60:00362,60,-9.397212651237687,38.73306808803046,,,,line_endpoint_cluster,derived,ENDPOINT_CLUSTER_DERIVED,
BUS:JUNCTION:60:00363,60,-9.321116056230665,38.73289478213157,,,,line_endpoint_cluster,derived,ENDPOINT_CLUSTER_DERIVED,
BUS:JUNCTION:60:00364,60,-9.321693398577253,38.71625089344633,,,,line_endpoint_cluster,derived,ENDPOINT_CLUSTER_DERIVED,
BUS:JUNCTION:60:00365,60,-9.330839063090622,38.8823790103493,,,,line_endpoint_cluster,derived,ENDPOINT_CLUSTER_DERIVED,
BUS:EREDES:1111S5905700:60,60,-9.37319190353444,38.8626273459496,EREDES:1111S5905700,GODIGANA,1111S5905700,substation,E-REDES,DIRECT_EREDES,3.9922024168562475
BUS:JUNCTION:60:00367,60,-9.307241056152062,38.88130815002493,,,,line_endpoint_cluster,derived,ENDPOINT_CLUSTER_DERIVED,
BUS:JUNCTION:60:00368,60,-9.116164315734213,38.584443215186155,,,,line_endpoint_cluster,derived,ENDPOINT_CLUSTER_DERIVED,
BUS:JUNCTION:60:00369,60,-9.107491171889873,38.591469420262285,,,,line_endpoint_cluster,derived,ENDPOINT_CLUSTER_DERIVED,
BUS:JUNCTION:60:00370,60,-9.118662246089581,38.58269236477351,,,,line_endpoint_cluster,derived,ENDPOINT_CLUSTER_DERIVED,
BUS:JUNCTION:60:00371,60,-9.21897137493026,38.95686616783419,,,,line_endpoint_cluster,derived,ENDPOINT_CLUSTER_DERIVED,
BUS:JUNCTION:60:00372,60,-9.230471200753842,38.96096279527239,,,,line_endpoint_cluster,derived,ENDPOINT_CLUSTER_DERIVED,
BUS:EREDES:1312S5013800:60,60,-8.59744917657919,41.1500733184242,EREDES:1312S5013800,CAMPO 24 DE AGOSTO,1312S5013800,substation,E-REDES,DIRECT_EREDES,23.466189674589696
BUS:JUNCTION:60:00375,60,-8.596896862177006,41.15253271657721,,,,line_endpoint_cluster,derived,ENDPOINT_CLUSTER_DERIVED,
BUS:EREDES:1301S5020200:60,60,-7.96898998176557,41.2072486501849,EREDES:1301S5020200,CARNEIRO,1301S5020200,substation,E-REDES,DIRECT_EREDES,36.527341389096264
BUS:JUNCTION:60:00377,60,-7.918075038544848,41.28388085314504,,,,line_endpoint_cluster,derived,ENDPOINT_CLUSTER_DERIVED,
BUS:JUNCTION:60:00378,60,-7.934490078374797,41.27779562277372,,,,line_endpoint_cluster,derived,ENDPOINT_CLUSTER_DERIVED,
BUS:JUNCTION:60:00379,60,-8.543888881746536,37.209199957270336,,,,line_endpoint_cluster,derived,ENDPOINT_CLUSTER_DERIVED,
BUS:JUNCTION:60:00380,60,-8.544582500754956,37.20970093280995,,,,line_endpoint_cluster,derived,ENDPOINT_CLUSTER_DERIVED,
BUS:JUNCTION:60:00381,60,-8.944402344931587,38.711332007626076,,,,line_endpoint_cluster,derived,ENDPOINT_CLUSTER_DERIVED,
BUS:JUNCTION:60:00382,60,-8.944930804423908,38.71487165985349,,,,line_endpoint_cluster,derived,ENDPOINT_CLUSTER_DERIVED,
BUS:JUNCTION:60:00383,60,-8.916653539200794,38.69220633309226,,,,line_endpoint_cluster,derived,ENDPOINT_CLUSTER_DERIVED,
BUS:JUNCTION:60:00384,60,-8.925744474748408,38.701757657126564,,,,line_endpoint_cluster,derived,ENDPOINT_CLUSTER_DERIVED,
BUS:EREDES:0105P5023800:60,60,-8.5868591459076,40.6812131007942,EREDES:0105P5023800,PC CACIA,0105P5023800,switching_station,E-REDES,DIRECT_EREDES,21.841648675068917
BUS:JUNCTION:60:00386,60,-8.5835918448291,40.68468587215077,,,,line_endpoint_cluster,derived,ENDPOINT_CLUSTER_DERIVED,
BUS:JUNCTION:60:00387,60,-8.487820147737171,41.06781448209503,,,,line_endpoint_cluster,derived,ENDPOINT_CLUSTER_DERIVED,
BUS:JUNCTION:60:00388,60,-8.524608416601783,41.05942827191249,,,,line_endpoint_cluster,derived,ENDPOINT_CLUSTER_DERIVED,
BUS:JUNCTION:60:00389,60,-9.07473804628593,38.83900949407949,,,,line_endpoint_cluster,derived,ENDPOINT_CLUSTER_DERIVED,
BUS:JUNCTION:60:00390,60,-9.081047150462336,38.82900684154839,,,,line_endpoint_cluster,derived,ENDPOINT_CLUSTER_DERIVED,
BUS:JUNCTION:60:00391,60,-9.095857070725698,38.833213879804624,,,,line_endpoint_cluster,derived,ENDPOINT_CLUSTER_DERIVED,
BUS:JUNCTION:60:00392,60,-9.09551566407579,38.83450787651274,,,,line_endpoint_cluster,derived,ENDPOINT_CLUSTER_DERIVED,
BUS:JUNCTION:60:00393,60,-9.100024252035873,38.823391901572585,,,,line_endpoint_cluster,derived,ENDPOINT_CLUSTER_DERIVED,
BUS:EREDES:1413S5585200:60,60,-7.99796319556978,39.4813953564591,EREDES:1413S5585200,BELVER,1413S5585200,substation,E-REDES,DIRECT_EREDES,11.954663625744306
BUS:EREDES:1413S5632800:60,60,-7.81469393331499,39.5669331634235,EREDES:1413S5632800,PRACANA,1413S5632800,substation,E-REDES,DIRECT_EREDES,16.390372605081364
BUS:EREDES:1101S5335200:60,60,-8.95910206687394,39.0138788453139,EREDES:1101S5335200,VALE TEJO,1101S5335200,substation,E-REDES,DIRECT_EREDES,33.207875125524616
BUS:JUNCTION:60:00399,60,-8.958860033272387,39.022189189794155,,,,line_endpoint_cluster,derived,ENDPOINT_CLUSTER_DERIVED,
BUS:JUNCTION:60:00400,60,-8.9558282933641,39.02628249543331,,,,line_endpoint_cluster,derived,ENDPOINT_CLUSTER_DERIVED,
BUS:JUNCTION:60:00401,60,-8.947903413917711,39.03244282320203,,,,line_endpoint_cluster,derived,ENDPOINT_CLUSTER_DERIVED,
BUS:JUNCTION:60:00402,60,-7.770978769006955,41.60677223605906,,,,line_endpoint_cluster,derived,ENDPOINT_CLUSTER_DERIVED,
BUS:JUNCTION:60:00403,60,-7.732623090992318,41.567849727679416,,,,line_endpoint_cluster,derived,ENDPOINT_CLUSTER_DERIVED,
BUS:EREDES:1709P5023900:60,60,-7.7652329447818,41.53679062096,EREDES:1709P5023900,FONTE DO MOURO,1709P5023900,switching_station,E-REDES,DIRECT_EREDES,22.338385167835057
BUS:JUNCTION:60:00405,60,-8.591981657231509,40.78295616295825,,,,line_endpoint_cluster,derived,ENDPOINT_CLUSTER_DERIVED,
BUS:JUNCTION:60:00406,60,-8.58830899828758,40.775078244975575,,,,line_endpoint_cluster,derived,ENDPOINT_CLUSTER_DERIVED,
BUS:JUNCTION:60:00407,60,-8.908377926558508,39.05450760849892,,,,line_endpoint_cluster,derived,ENDPOINT_CLUSTER_DERIVED,
BUS:JUNCTION:60:00408,60,-8.45935040587838,38.001519488849404,,,,line_endpoint_cluster,derived,ENDPOINT_CLUSTER_DERIVED,
BUS:JUNCTION:60:00409,60,-8.481534948012195,38.00233557699621,,,,line_endpoint_cluster,derived,ENDPOINT_CLUSTER_DERIVED,
BUS:JUNCTION:60:00410,60,-7.726154948451963,41.55922584467048,,,,line_endpoint_cluster,derived,ENDPOINT_CLUSTER_DERIVED,
BUS:JUNCTION:60:00411,60,-7.747595853479211,41.54420805083667,,,,line_endpoint_cluster,derived,ENDPOINT_CLUSTER_DERIVED,
BUS:JUNCTION:60:00412,60,-7.794689556900344,41.6305668433464,,,,line_endpoint_cluster,derived,ENDPOINT_CLUSTER_DERIVED,
BUS:JUNCTION:60:00413,60,-9.12593881002039,39.327276668738335,,,,line_endpoint_cluster,derived,ENDPOINT_CLUSTER_DERIVED,
BUS:JUNCTION:60:00414,60,-9.128374728177477,39.326800721082634,,,,line_endpoint_cluster,derived,ENDPOINT_CLUSTER_DERIVED,
BUS:JUNCTION:60:00415,60,-9.130054160436114,39.326472548366255,,,,line_endpoint_cluster,derived,ENDPOINT_CLUSTER_DERIVED,
BUS:JUNCTION:60:00416,60,-9.136126187175712,39.32528580645302,,,,line_endpoint_cluster,derived,ENDPOINT_CLUSTER_DERIVED,
BUS:JUNCTION:60:00417,60,-9.139873284436765,39.32455328044967,,,,line_endpoint_cluster,derived,ENDPOINT_CLUSTER_DERIVED,
BUS:JUNCTION:60:00418,60,-9.14228281905688,39.32408216675163,,,,line_endpoint_cluster,derived,ENDPOINT_CLUSTER_DERIVED,
BUS:JUNCTION:60:00419,60,-9.160905583968146,39.32130685419134,,,,line_endpoint_cluster,derived,ENDPOINT_CLUSTER_DERIVED,
BUS:JUNCTION:60:00420,60,-7.772924121689084,40.73427754615706,,,,line_endpoint_cluster,derived,ENDPOINT_CLUSTER_DERIVED,
BUS:EREDES:1823P5025500:60,60,-7.84756427918143,40.6878512890476,EREDES:1823P5025500,MUNDÃO,1823P5025500,switching_station,E-REDES,DIRECT_EREDES,196.30695710632372
BUS:JUNCTION:60:00422,60,-7.949214136129441,40.75564516910882,,,,line_endpoint_cluster,derived,ENDPOINT_CLUSTER_DERIVED,
BUS:EREDES:1823S5009300:60,60,-8.00552000002215,40.740008176043,EREDES:1823S5009300,GUMIEI,1823S5009300,substation,E-REDES,DIRECT_EREDES,12.775335936291313
BUS:JUNCTION:60:00424,60,-8.612359645432337,40.501456876935165,,,,line_endpoint_cluster,derived,ENDPOINT_CLUSTER_DERIVED,
BUS:JUNCTION:60:00425,60,-7.876789419787709,41.32585262611302,,,,line_endpoint_cluster,derived,ENDPOINT_CLUSTER_DERIVED,
BUS:JUNCTION:60:00427,60,-7.838366811612096,37.06468422296174,,,,line_endpoint_cluster,derived,ENDPOINT_CLUSTER_DERIVED,
BUS:JUNCTION:60:00428,60,-7.830430449855274,37.053815618415975,,,,line_endpoint_cluster,derived,ENDPOINT_CLUSTER_DERIVED,
BUS:JUNCTION:60:00429,60,-9.178173062917072,38.78218665105925,,,,line_endpoint_cluster,derived,ENDPOINT_CLUSTER_DERIVED,
BUS:JUNCTION:60:00430,60,-9.18209249062414,38.78347975430833,,,,line_endpoint_cluster,derived,ENDPOINT_CLUSTER_DERIVED,
BUS:EREDES:1604S5007400:60,60,-8.45881726001989,42.0707441521895,EREDES:1604S5007400,TROVISCOSO,1604S5007400,substation,E-REDES,DIRECT_EREDES,16.945677029696313
BUS:JUNCTION:60:00432,60,-8.418118545255282,42.06821436624751,,,,line_endpoint_cluster,derived,ENDPOINT_CLUSTER_DERIVED,
BUS:JUNCTION:60:00433,60,-8.082608152776034,39.181667136496,,,,line_endpoint_cluster,derived,ENDPOINT_CLUSTER_DERIVED,
BUS:JUNCTION:60:00434,60,-8.080951389397592,39.17970529933655,,,,line_endpoint_cluster,derived,ENDPOINT_CLUSTER_DERIVED,
BUS:JUNCTION:60:00435,60,-8.032220547968528,39.07929948904503,,,,line_endpoint_cluster,derived,ENDPOINT_CLUSTER_DERIVED,
BUS:JUNCTION:60:00436,60,-8.02747343763139,39.073403357049386,,,,line_endpoint_cluster,derived,ENDPOINT_CLUSTER_DERIVED,
BUS:EREDES:1203S5650400:60,60,-7.97699504060313,39.0154827030867,EREDES:1203S5650400,MARANHÃO,1203S5650400,substation,E-REDES,DIRECT_EREDES,27.03986067012527
BUS:EREDES:1405S5906000:60,60,-8.79933421870287,38.9782154498673,EREDES:1405S5906000,BENAVENTE,1405S5906000,substation,E-REDES,DIRECT_EREDES,44.6030125536263
BUS:JUNCTION:60:00439,60,-8.773188859939388,38.967678840931626,,,,line_endpoint_cluster,derived,ENDPOINT_CLUSTER_DERIVED,
BUS:JUNCTION:60:00440,60,-8.510422857540126,39.50797784434336,,,,line_endpoint_cluster,derived,ENDPOINT_CLUSTER_DERIVED,
BUS:JUNCTION:60:00441,60,-8.555095667379934,39.5422439182266,,,,line_endpoint_cluster,derived,ENDPOINT_CLUSTER_DERIVED,
BUS:JUNCTION:60:00442,60,-7.904485560971353,38.64805022057181,,,,line_endpoint_cluster,derived,ENDPOINT_CLUSTER_DERIVED,
BUS:EREDES:0702S5040700:60,60,-7.95003702249888,38.741573531386,EREDES:0702S5040700,CERÂMICA,0702S5040700,substation,E-REDES,DIRECT_EREDES,27.000649446312813
BUS:JUNCTION:60:00444,60,-7.964520340224325,39.49818911382211,,,,line_endpoint_cluster,derived,ENDPOINT_CLUSTER_DERIVED,
BUS:JUNCTION:60:00445,60,-7.956081094560782,39.50166956912489,,,,line_endpoint_cluster,derived,ENDPOINT_CLUSTER_DERIVED,
BUS:JUNCTION:60:00446,60,-8.625381954318364,40.93526567665574,,,,line_endpoint_cluster,derived,ENDPOINT_CLUSTER_DERIVED,
BUS:JUNCTION:60:00447,60,-8.6226566523832,40.92335631098405,,,,line_endpoint_cluster,derived,ENDPOINT_CLUSTER_DERIVED,
BUS:JUNCTION:60:00448,60,-7.522790100011844,41.15641936376938,,,,line_endpoint_cluster,derived,ENDPOINT_CLUSTER_DERIVED,
BUS:JUNCTION:60:00449,60,-7.517037886563143,41.15762318076218,,,,line_endpoint_cluster,derived,ENDPOINT_CLUSTER_DERIVED,
BUS:JUNCTION:60:00450,60,-8.84300654551677,39.115667482034766,,,,line_endpoint_cluster,derived,ENDPOINT_CLUSTER_DERIVED,
BUS:EREDES:1406S5192700:60,60,-8.81987793989929,39.1215882033167,EREDES:1406S5192700,CRUZ DO CAMPO,1406S5192700,substation,E-REDES,DIRECT_EREDES,9.173046635428223
BUS:JUNCTION:60:00452,60,-7.06666403716417,38.9136993609674,,,,line_endpoint_cluster,derived,ENDPOINT_CLUSTER_DERIVED,
BUS:JUNCTION:60:00453,60,-7.059251922127373,38.916477185293694,,,,line_endpoint_cluster,derived,ENDPOINT_CLUSTER_DERIVED,
BUS:JUNCTION:60:00454,60,-8.626248464451647,41.00880347223574,,,,line_endpoint_cluster,derived,ENDPOINT_CLUSTER_DERIVED,
BUS:EREDES:0107S5002500:60,60,-8.63112602755307,41.0114943572135,EREDES:0107S5002500,ESPINHO,0107S5002500,substation,E-REDES,DIRECT_EREDES,14.696626732529968
BUS:JUNCTION:60:00456,60,-8.604577468973588,41.00469813701058,,,,line_endpoint_cluster,derived,ENDPOINT_CLUSTER_DERIVED,
BUS:JUNCTION:60:00457,60,-8.107692584802157,39.79159757756112,,,,line_endpoint_cluster,derived,ENDPOINT_CLUSTER_DERIVED,
BUS:JUNCTION:60:00458,60,-8.095166908575962,39.79595539712743,,,,line_endpoint_cluster,derived,ENDPOINT_CLUSTER_DERIVED,
BUS:JUNCTION:60:00459,60,-7.622709290703822,41.47269175753796,,,,line_endpoint_cluster,derived,ENDPOINT_CLUSTER_DERIVED,
BUS:JUNCTION:60:00460,60,-8.96683198592016,38.988367746700646,,,,line_endpoint_cluster,derived,ENDPOINT_CLUSTER_DERIVED,
BUS:JUNCTION:60:00461,60,-8.974350377221874,38.97991504383195,,,,line_endpoint_cluster,derived,ENDPOINT_CLUSTER_DERIVED,
BUS:JUNCTION:60:00462,60,-8.972232747906165,38.98285667059311,,,,line_endpoint_cluster,derived,ENDPOINT_CLUSTER_DERIVED,
BUS:EREDES:1103S5191400:60,60,-8.90704442701386,39.0524270087923,EREDES:1103S5191400,ESPADANAL,1103S5191400,substation,E-REDES,DIRECT_EREDES,9.912618671058288
BUS:EREDES:1212S5666200:60,60,-7.61951905818462,39.4248577736793,EREDES:1212S5666200,ALPALHÃO,1212S5666200,substation,E-REDES,DIRECT_EREDES,172.6153149049597
BUS:JUNCTION:60:00465,60,-7.586239469521151,39.405179308507634,,,,line_endpoint_cluster,derived,ENDPOINT_CLUSTER_DERIVED,
BUS:JUNCTION:60:00466,60,-9.279418289352853,38.72462127156332,,,,line_endpoint_cluster,derived,ENDPOINT_CLUSTER_DERIVED,
BUS:JUNCTION:60:00467,60,-9.27437338882824,38.72740544696164,,,,line_endpoint_cluster,derived,ENDPOINT_CLUSTER_DERIVED,
BUS:JUNCTION:60:00468,60,-8.846097324667427,38.510861116470416,,,,line_endpoint_cluster,derived,ENDPOINT_CLUSTER_DERIVED,
BUS:JUNCTION:60:00469,60,-8.614314237449952,41.35787519275819,,,,line_endpoint_cluster,derived,ENDPOINT_CLUSTER_DERIVED,
BUS:JUNCTION:60:00470,60,-8.615431887699938,41.358151819497515,,,,line_endpoint_cluster,derived,ENDPOINT_CLUSTER_DERIVED,
BUS:JUNCTION:60:00471,60,-8.552692826600527,41.37551025147803,,,,line_endpoint_cluster,derived,ENDPOINT_CLUSTER_DERIVED,
BUS:JUNCTION:60:00472,60,-8.875668982607465,40.05421723916932,,,,line_endpoint_cluster,derived,ENDPOINT_CLUSTER_DERIVED,
BUS:JUNCTION:60:00473,60,-8.8758065961064,40.05558051279747,,,,line_endpoint_cluster,derived,ENDPOINT_CLUSTER_DERIVED,
BUS:JUNCTION:60:00474,60,-8.835992130746662,40.06022728158094,,,,line_endpoint_cluster,derived,ENDPOINT_CLUSTER_DERIVED,
BUS:JUNCTION:60:00475,60,-8.837179928527807,40.058998931471756,,,,line_endpoint_cluster,derived,ENDPOINT_CLUSTER_DERIVED,
BUS:JUNCTION:60:00476,60,-8.847641439777249,41.69126575909964,,,,line_endpoint_cluster,derived,ENDPOINT_CLUSTER_DERIVED,
BUS:JUNCTION:60:00477,60,-8.847703721873447,41.686662057200934,,,,line_endpoint_cluster,derived,ENDPOINT_CLUSTER_DERIVED,
BUS:EREDES:1609S5025600:60,60,-8.68602777809609,41.7510083349637,EREDES:1609S5025600,LANHESES,1609S5025600,substation,E-REDES,DIRECT_EREDES,52.17429783457202
BUS:JUNCTION:60:00479,60,-8.67338044550424,41.74453582837873,,,,line_endpoint_cluster,derived,ENDPOINT_CLUSTER_DERIVED,
BUS:JUNCTION:60:00480,60,-8.672394147529364,41.74385880464347,,,,line_endpoint_cluster,derived,ENDPOINT_CLUSTER_DERIVED,
BUS:JUNCTION:60:00481,60,-8.670960826588098,41.74287489048723,,,,line_endpoint_cluster,derived,ENDPOINT_CLUSTER_DERIVED,
BUS:JUNCTION:60:00482,60,-8.753930657393035,41.653443271980734,,,,line_endpoint_cluster,derived,ENDPOINT_CLUSTER_DERIVED,
BUS:JUNCTION:60:00483,60,-8.758373190509069,41.65475894978307,,,,line_endpoint_cluster,derived,ENDPOINT_CLUSTER_DERIVED,
BUS:JUNCTION:60:00484,60,-8.709890494327405,37.11285221036756,,,,line_endpoint_cluster,derived,ENDPOINT_CLUSTER_DERIVED,
BUS:JUNCTION:60:00485,60,-8.748036639269799,37.116850852065895,,,,line_endpoint_cluster,derived,ENDPOINT_CLUSTER_DERIVED,
BUS:JUNCTION:60:00486,60,-8.70838195522688,37.160719480658614,,,,line_endpoint_cluster,derived,ENDPOINT_CLUSTER_DERIVED,
BUS:EREDES:0807P5907400:60,60,-8.71180098011826,37.1574799413709,EREDES:0807P5907400,BENSAFRIM,0807P5907400,switching_station,E-REDES,DIRECT_EREDES,71.5223794803028
BUS:JUNCTION:60:00488,60,-8.199170874145008,39.43158414991454,,,,line_endpoint_cluster,derived,ENDPOINT_CLUSTER_DERIVED,
BUS:JUNCTION:60:00489,60,-8.19323917220323,39.42998402826187,,,,line_endpoint_cluster,derived,ENDPOINT_CLUSTER_DERIVED,
BUS:JUNCTION:60:00490,60,-8.23393993871177,39.468146612999284,,,,line_endpoint_cluster,derived,ENDPOINT_CLUSTER_DERIVED,
BUS:JUNCTION:60:00491,60,-8.214214722554576,39.44151712512152,,,,line_endpoint_cluster,derived,ENDPOINT_CLUSTER_DERIVED,
BUS:EREDES:0115P5025100:60,60,-8.62209315816326,40.9360868720743,EREDES:0115P5025100,CORTEGAÇA,0115P5025100,switching_station,E-REDES,DIRECT_EREDES,14.480449751802736
BUS:EREDES:0705P5906700:60,60,-7.9179995035669,38.5323587568042,EREDES:0705P5906700,ÉVORA SUL,0705P5906700,switching_station,E-REDES,DIRECT_EREDES,25.551735995721927
BUS:EREDES:0705P5906800:60,60,-7.82791724158564,38.5177747194272,EREDES:0705P5906800,VALE DE MOURA,0705P5906800,switching_station,E-REDES,DIRECT_EREDES,39.79534572179056
BUS:JUNCTION:60:00495,60,-7.794183448384992,38.39164771549745,,,,line_endpoint_cluster,derived,ENDPOINT_CLUSTER_DERIVED,
BUS:JUNCTION:60:00496,60,-7.697237355378423,38.64634205193478,,,,line_endpoint_cluster,derived,ENDPOINT_CLUSTER_DERIVED,
BUS:JUNCTION:60:00497,60,-7.688117800321081,38.646865650278784,,,,line_endpoint_cluster,derived,ENDPOINT_CLUSTER_DERIVED,
BUS:JUNCTION:60:00498,60,-8.04882776337602,38.60571575527436,,,,line_endpoint_cluster,derived,ENDPOINT_CLUSTER_DERIVED,
BUS:JUNCTION:60:00499,60,-8.049722978839526,38.60663252085736,,,,line_endpoint_cluster,derived,ENDPOINT_CLUSTER_DERIVED,
BUS:JUNCTION:60:00500,60,-8.075892842093593,38.43656527621487,,,,line_endpoint_cluster,derived,ENDPOINT_CLUSTER_DERIVED,
BUS:JUNCTION:60:00501,60,-8.074717866204004,38.43823074803369,,,,line_endpoint_cluster,derived,ENDPOINT_CLUSTER_DERIVED,
BUS:JUNCTION:60:00502,60,-8.685712837674798,39.57664042594158,,,,line_endpoint_cluster,derived,ENDPOINT_CLUSTER_DERIVED,
BUS:JUNCTION:60:00503,60,-8.689325085050596,39.595663359028826,,,,line_endpoint_cluster,derived,ENDPOINT_CLUSTER_DERIVED,
BUS:JUNCTION:60:00504,60,-8.688922278430438,39.5729141701739,,,,line_endpoint_cluster,derived,ENDPOINT_CLUSTER_DERIVED,
BUS:EREDES:1004P5907300:60,60,-8.69385086350904,39.6018556412628,EREDES:1004P5907300,SÃO MAMEDE,1004P5907300,switching_station,E-REDES,DIRECT_EREDES,42.72173232684067
BUS:JUNCTION:60:00506,60,-8.089923843846005,38.058205944229556,,,,line_endpoint_cluster,derived,ENDPOINT_CLUSTER_DERIVED,
BUS:EREDES:0208S5052500:60,60,-8.09983242581698,38.0592617884869,EREDES:0208S5052500,FERREIRA DO ALENTEJO,0208S5052500,substation,E-REDES,DIRECT_EREDES,4.118327730614298
BUS:JUNCTION:60:00508,60,-8.057692233287682,38.06074782267831,,,,line_endpoint_cluster,derived,ENDPOINT_CLUSTER_DERIVED,
BUS:JUNCTION:60:00509,60,-8.717462338973073,41.36726793785059,,,,line_endpoint_cluster,derived,ENDPOINT_CLUSTER_DERIVED,
BUS:JUNCTION:60:00510,60,-8.722835365882911,41.37336315963461,,,,line_endpoint_cluster,derived,ENDPOINT_CLUSTER_DERIVED,
BUS:JUNCTION:60:00511,60,-8.72707964822608,41.37818184392548,,,,line_endpoint_cluster,derived,ENDPOINT_CLUSTER_DERIVED,
BUS:JUNCTION:60:00512,60,-8.729952651798149,41.381443168089035,,,,line_endpoint_cluster,derived,ENDPOINT_CLUSTER_DERIVED,
BUS:JUNCTION:60:00513,60,-9.142423806905336,38.901596545456826,,,,line_endpoint_cluster,derived,ENDPOINT_CLUSTER_DERIVED,
BUS:JUNCTION:60:00514,60,-9.142401153481714,38.90489008087801,,,,line_endpoint_cluster,derived,ENDPOINT_CLUSTER_DERIVED,
BUS:EREDES:1107S5221400:60,60,-9.17053289395442,38.8354662116201,EREDES:1107S5221400,LOURES,1107S5221400,substation,E-REDES,DIRECT_EREDES,45.4080112882368
BUS:JUNCTION:60:00516,60,-9.177251906903336,38.84534805166365,,,,line_endpoint_cluster,derived,ENDPOINT_CLUSTER_DERIVED,
BUS:JUNCTION:60:00517,60,-9.155042179045589,38.85717903345759,,,,line_endpoint_cluster,derived,ENDPOINT_CLUSTER_DERIVED,
BUS:JUNCTION:60:00518,60,-9.152727037407404,38.85770814052467,,,,line_endpoint_cluster,derived,ENDPOINT_CLUSTER_DERIVED,
BUS:JUNCTION:60:00519,60,-9.147043611352023,38.85899660678696,,,,line_endpoint_cluster,derived,ENDPOINT_CLUSTER_DERIVED,
BUS:JUNCTION:60:00520,60,-9.138556962555509,38.86092080038028,,,,line_endpoint_cluster,derived,ENDPOINT_CLUSTER_DERIVED,
BUS:JUNCTION:60:00521,60,-9.133746545984392,38.86201219998544,,,,line_endpoint_cluster,derived,ENDPOINT_CLUSTER_DERIVED,
BUS:JUNCTION:60:00522,60,-9.182359954746426,38.77338398559319,,,,line_endpoint_cluster,derived,ENDPOINT_CLUSTER_DERIVED,
BUS:JUNCTION:60:00523,60,-9.187872533427864,38.768909324407296,,,,line_endpoint_cluster,derived,ENDPOINT_CLUSTER_DERIVED,
BUS:EREDES:1106P5397000:60,60,-9.16607815036123,38.7803154100622,EREDES:1106P5397000,CARRICHE,1106P5397000,switching_station,E-REDES,DIRECT_EREDES,9.560550598771403
BUS:EREDES:1106S5800000:60,60,-9.09992068636528,38.7571332216051,EREDES:1106S5800000,EXPO SUL,1106S5800000,substation,E-REDES,DIRECT_EREDES,13.97591450366313
BUS:EREDES:1805P5021600:60,60,-7.86772400100884,41.0175761180243,EREDES:1805P5021600,RIBABELIDE,1805P5021600,switching_station,E-REDES,DIRECT_EREDES,6.651748799970611
BUS:EREDES:0709P5902800:60,60,-7.57427345538523,38.3354835718763,EREDES:0709P5902800,ÁLAMOS,0709P5902800,switching_station,E-REDES,DIRECT_EREDES,27.615662340245795
BUS:JUNCTION:60:00528,60,-7.634084441817246,38.269870946442126,,,,line_endpoint_cluster,derived,ENDPOINT_CLUSTER_DERIVED,
BUS:JUNCTION:60:00529,60,-7.667499854124174,39.661262566933964,,,,line_endpoint_cluster,derived,ENDPOINT_CLUSTER_DERIVED,
BUS:JUNCTION:60:00530,60,-7.674161829406222,39.67145371960669,,,,line_endpoint_cluster,derived,ENDPOINT_CLUSTER_DERIVED,
BUS:JUNCTION:60:00531,60,-7.797002403442752,39.58346948387715,,,,line_endpoint_cluster,derived,ENDPOINT_CLUSTER_DERIVED,
BUS:JUNCTION:60:00532,60,-7.693211670521785,39.708860257999355,,,,line_endpoint_cluster,derived,ENDPOINT_CLUSTER_DERIVED,
BUS:EREDES:0509S5003300:60,60,-8.09078263269088,39.8012759989275,EREDES:0509S5003300,SERTÃ,0509S5003300,substation,E-REDES,DIRECT_EREDES,15.009658403351006
BUS:JUNCTION:60:00534,60,-8.148877593801915,39.8856587403111,,,,line_endpoint_cluster,derived,ENDPOINT_CLUSTER_DERIVED,
BUS:EREDES:1418S5003600:60,60,-8.3760481199526,39.6363211535193,EREDES:1418S5003600,VENDA NOVA (Tomar),1418S5003600,substation,E-REDES,DIRECT_EREDES,12.229599804939461
BUS:JUNCTION:60:00537,60,-8.367832233959463,39.6435953076584,,,,line_endpoint_cluster,derived,ENDPOINT_CLUSTER_DERIVED,
BUS:JUNCTION:60:00538,60,-8.446231398447749,41.53111263993416,,,,line_endpoint_cluster,derived,ENDPOINT_CLUSTER_DERIVED,
BUS:JUNCTION:60:00539,60,-8.445572758975501,41.529415608803546,,,,line_endpoint_cluster,derived,ENDPOINT_CLUSTER_DERIVED,
BUS:JUNCTION:60:00540,60,-8.444615606697496,41.52736903791644,,,,line_endpoint_cluster,derived,ENDPOINT_CLUSTER_DERIVED,
BUS:JUNCTION:60:00541,60,-7.420886070056622,38.18962689078984,,,,line_endpoint_cluster,derived,ENDPOINT_CLUSTER_DERIVED,
BUS:JUNCTION:60:00542,60,-7.445171650745364,38.1920565353203,,,,line_endpoint_cluster,derived,ENDPOINT_CLUSTER_DERIVED,
BUS:JUNCTION:60:00543,60,-8.90654777403453,39.53339003822704,,,,line_endpoint_cluster,derived,ENDPOINT_CLUSTER_DERIVED,
BUS:JUNCTION:60:00544,60,-8.905469529448133,39.534955563511,,,,line_endpoint_cluster,derived,ENDPOINT_CLUSTER_DERIVED,
BUS:EREDES:1001S5000400:60,60,-8.96552024272801,39.4571392829564,EREDES:1001S5000400,TURQUEL,1001S5000400,substation,E-REDES,DIRECT_EREDES,19.96569353286089
BUS:EREDES:0808S5060200:60,60,-8.00580866273788,37.1366749617201,EREDES:0808S5060200,LOULÉ,0808S5060200,substation,E-REDES,DIRECT_EREDES,52.18063678924499
BUS:JUNCTION:60:00547,60,-8.014780189025045,37.14530591655813,,,,line_endpoint_cluster,derived,ENDPOINT_CLUSTER_DERIVED,
BUS:JUNCTION:60:00548,60,-8.011564136956956,37.14604984290821,,,,line_endpoint_cluster,derived,ENDPOINT_CLUSTER_DERIVED,
BUS:JUNCTION:60:00549,60,-8.004935064309057,37.1393884990868,,,,line_endpoint_cluster,derived,ENDPOINT_CLUSTER_DERIVED,
BUS:JUNCTION:60:00550,60,-8.1804929975135,37.1303015200332,,,,line_endpoint_cluster,derived,ENDPOINT_CLUSTER_DERIVED,
BUS:JUNCTION:60:00551,60,-8.144778901651623,37.11992278895058,,,,line_endpoint_cluster,derived,ENDPOINT_CLUSTER_DERIVED,
BUS:JUNCTION:60:00552,60,-9.24681802995468,38.7737888910163,,,,line_endpoint_cluster,derived,ENDPOINT_CLUSTER_DERIVED,
BUS:JUNCTION:60:00553,60,-9.251992559681716,38.77598679547853,,,,line_endpoint_cluster,derived,ENDPOINT_CLUSTER_DERIVED,
BUS:JUNCTION:60:00554,60,-9.248417471003181,38.756667935889396,,,,line_endpoint_cluster,derived,ENDPOINT_CLUSTER_DERIVED,
BUS:JUNCTION:60:00555,60,-9.240301915075527,38.76176956666586,,,,line_endpoint_cluster,derived,ENDPOINT_CLUSTER_DERIVED,
BUS:JUNCTION:60:00556,60,-9.256556887181532,38.77498420317438,,,,line_endpoint_cluster,derived,ENDPOINT_CLUSTER_DERIVED,
BUS:EREDES:1111P5906900:60,60,-9.35321922963648,38.7467619117233,EREDES:1111P5906900,ALBARRAQUE,1111P5906900,switching_station,E-REDES,DIRECT_EREDES,23.44255002700486
BUS:EREDES:1111S5749400:60,60,-9.40591268480081,38.8259035746782,EREDES:1111S5749400,JANAS,1111S5749400,substation,E-REDES,DIRECT_EREDES,3.779572038565017
BUS:JUNCTION:60:00559,60,-9.38641236538708,38.83016839826078,,,,line_endpoint_cluster,derived,ENDPOINT_CLUSTER_DERIVED,
BUS:JUNCTION:60:00560,60,-8.434337682904646,39.917989076202424,,,,line_endpoint_cluster,derived,ENDPOINT_CLUSTER_DERIVED,
BUS:JUNCTION:60:00561,60,-8.435914465488043,39.9178535643267,,,,line_endpoint_cluster,derived,ENDPOINT_CLUSTER_DERIVED,
BUS:EREDES:1610S5025800:60,60,-8.68259166255419,41.9720333376684,EREDES:1610S5025800,Vila Nova de Cerveira,1610S5025800,substation,E-REDES,DIRECT_EREDES,27.971282032001614
BUS:JUNCTION:60:00563,60,-8.66729594039485,41.95820368166246,,,,line_endpoint_cluster,derived,ENDPOINT_CLUSTER_DERIVED,
BUS:JUNCTION:60:00564,60,-8.42911336816661,40.16797097743644,,,,line_endpoint_cluster,derived,ENDPOINT_CLUSTER_DERIVED,
BUS:JUNCTION:60:00565,60,-8.468101160038483,40.17113224833626,,,,line_endpoint_cluster,derived,ENDPOINT_CLUSTER_DERIVED,
BUS:JUNCTION:60:00566,60,-8.439699965513805,40.135532790276976,,,,line_endpoint_cluster,derived,ENDPOINT_CLUSTER_DERIVED,
BUS:JUNCTION:60:00567,60,-8.421525452735683,40.15972732535397,,,,line_endpoint_cluster,derived,ENDPOINT_CLUSTER_DERIVED,
BUS:JUNCTION:60:00568,60,-8.826900611416777,37.94256062042574,,,,line_endpoint_cluster,derived,ENDPOINT_CLUSTER_DERIVED,
BUS:JUNCTION:60:00569,60,-8.829270321295354,37.93961271068055,,,,line_endpoint_cluster,derived,ENDPOINT_CLUSTER_DERIVED,
BUS:JUNCTION:60:00570,60,-8.83836472638552,37.94449148281893,,,,line_endpoint_cluster,derived,ENDPOINT_CLUSTER_DERIVED,
BUS:JUNCTION:60:00571,60,-8.84620801513215,37.942660572779936,,,,line_endpoint_cluster,derived,ENDPOINT_CLUSTER_DERIVED,
BUS:JUNCTION:60:00572,60,-8.78206086075021,37.94245341867458,,,,line_endpoint_cluster,derived,ENDPOINT_CLUSTER_DERIVED,
BUS:JUNCTION:60:00573,60,-8.779045072861399,37.93508802417139,,,,line_endpoint_cluster,derived,ENDPOINT_CLUSTER_DERIVED,
BUS:EREDES:1513S5907600:60,60,-8.78649219178279,37.9456948412733,EREDES:1513S5907600,SINES,1513S5907600,substation,E-REDES,DIRECT_EREDES,58.95364691878075
BUS:JUNCTION:60:00575,60,-8.794256920421512,37.956532515289126,,,,line_endpoint_cluster,derived,ENDPOINT_CLUSTER_DERIVED,
BUS:JUNCTION:60:00576,60,-8.827385893253066,37.939938317777795,,,,line_endpoint_cluster,derived,ENDPOINT_CLUSTER_DERIVED,
BUS:JUNCTION:60:00577,60,-8.838050429751082,37.93900420570711,,,,line_endpoint_cluster,derived,ENDPOINT_CLUSTER_DERIVED,
BUS:JUNCTION:60:00578,60,-8.782676150221322,37.943721730310365,,,,line_endpoint_cluster,derived,ENDPOINT_CLUSTER_DERIVED,
BUS:JUNCTION:60:00579,60,-8.592454020628729,41.1598114289973,,,,line_endpoint_cluster,derived,ENDPOINT_CLUSTER_DERIVED,
BUS:JUNCTION:60:00580,60,-8.589853830767334,41.15974878487552,,,,line_endpoint_cluster,derived,ENDPOINT_CLUSTER_DERIVED,
BUS:EREDES:1312S5013300:60,60,-8.58675815534424,41.1607271754816,EREDES:1312S5013300,ANTAS,1312S5013300,substation,E-REDES,DIRECT_EREDES,15.406042400118453
BUS:JUNCTION:60:00582,60,-8.605668611943964,41.15096305204551,,,,line_endpoint_cluster,derived,ENDPOINT_CLUSTER_DERIVED,
BUS:JUNCTION:60:00583,60,-8.600601810987435,41.15107511902596,,,,line_endpoint_cluster,derived,ENDPOINT_CLUSTER_DERIVED,
BUS:JUNCTION:60:00584,60,-8.608097048291267,41.152852071693644,,,,line_endpoint_cluster,derived,ENDPOINT_CLUSTER_DERIVED,
BUS:JUNCTION:60:00585,60,-8.642644799216363,41.17041750574254,,,,line_endpoint_cluster,derived,ENDPOINT_CLUSTER_DERIVED,
BUS:JUNCTION:60:00586,60,-8.64675055825508,41.16826794889346,,,,line_endpoint_cluster,derived,ENDPOINT_CLUSTER_DERIVED,
BUS:JUNCTION:60:00587,60,-8.640949304232057,41.17381627254771,,,,line_endpoint_cluster,derived,ENDPOINT_CLUSTER_DERIVED,
BUS:EREDES:0813S5062400:60,60,-8.26265211307154,37.1644338506322,EREDES:0813S5062400,TUNES,0813S5062400,substation,E-REDES,DIRECT_EREDES,47.47972116579515
BUS:JUNCTION:60:00589,60,-8.275784139997132,37.16485673853101,,,,line_endpoint_cluster,derived,ENDPOINT_CLUSTER_DERIVED,
BUS:JUNCTION:60:00590,60,-8.27784508257435,37.16501661211357,,,,line_endpoint_cluster,derived,ENDPOINT_CLUSTER_DERIVED,
BUS:JUNCTION:60:00591,60,-8.299040550172657,37.169040203647626,,,,line_endpoint_cluster,derived,ENDPOINT_CLUSTER_DERIVED,
BUS:JUNCTION:60:00592,60,-8.304822074757219,37.17003251305631,,,,line_endpoint_cluster,derived,ENDPOINT_CLUSTER_DERIVED,
BUS:JUNCTION:60:00593,60,-8.615764914475266,38.99865936619378,,,,line_endpoint_cluster,derived,ENDPOINT_CLUSTER_DERIVED,
BUS:JUNCTION:60:00594,60,-8.614815871651361,38.99836352632132,,,,line_endpoint_cluster,derived,ENDPOINT_CLUSTER_DERIVED,
BUS:JUNCTION:60:00595,60,-8.563225925650423,38.92297392509162,,,,line_endpoint_cluster,derived,ENDPOINT_CLUSTER_DERIVED,
BUS:JUNCTION:60:00596,60,-8.517779485303796,38.93576223971211,,,,line_endpoint_cluster,derived,ENDPOINT_CLUSTER_DERIVED,
BUS:JUNCTION:60:00597,60,-8.9874801872585,38.63552289143362,,,,line_endpoint_cluster,derived,ENDPOINT_CLUSTER_DERIVED,
BUS:JUNCTION:60:00598,60,-8.981352956163027,38.643762332817616,,,,line_endpoint_cluster,derived,ENDPOINT_CLUSTER_DERIVED,
BUS:JUNCTION:60:00599,60,-9.049682013580831,38.57986542316305,,,,line_endpoint_cluster,derived,ENDPOINT_CLUSTER_DERIVED,
BUS:JUNCTION:60:00600,60,-9.051692653930948,38.57880235901774,,,,line_endpoint_cluster,derived,ENDPOINT_CLUSTER_DERIVED,
BUS:JUNCTION:60:00601,60,-9.05486546459509,38.569684440016516,,,,line_endpoint_cluster,derived,ENDPOINT_CLUSTER_DERIVED,
BUS:JUNCTION:60:00602,60,-8.589449517294577,40.6856108111753,,,,line_endpoint_cluster,derived,ENDPOINT_CLUSTER_DERIVED,
BUS:JUNCTION:60:00603,60,-8.63433186643739,40.638071025490305,,,,line_endpoint_cluster,derived,ENDPOINT_CLUSTER_DERIVED,
BUS:JUNCTION:60:00604,60,-8.635130989342974,40.6369921733659,,,,line_endpoint_cluster,derived,ENDPOINT_CLUSTER_DERIVED,
BUS:JUNCTION:60:00605,60,-8.619672559509363,40.654169877832935,,,,line_endpoint_cluster,derived,ENDPOINT_CLUSTER_DERIVED,
BUS:JUNCTION:60:00606,60,-8.615654568051598,40.648342570085035,,,,line_endpoint_cluster,derived,ENDPOINT_CLUSTER_DERIVED,
BUS:JUNCTION:60:00607,60,-8.612161991984724,40.65000299140365,,,,line_endpoint_cluster,derived,ENDPOINT_CLUSTER_DERIVED,
BUS:EREDES:0105S5003900:60,60,-8.61904718282078,40.64977607702,EREDES:0105S5003900,ESGUEIRA,0105S5003900,substation,E-REDES,DIRECT_EREDES,30.765521830516935
BUS:EREDES:1308S5005900:60,60,-8.6775009751506,41.212045093956,EREDES:1308S5005900,SANTA CRUZ DO BISPO,1308S5005900,substation,E-REDES,DIRECT_EREDES,5.610193684294216
BUS:JUNCTION:60:00610,60,-8.67406390988412,41.21332795873796,,,,line_endpoint_cluster,derived,ENDPOINT_CLUSTER_DERIVED,
BUS:EREDES:1105P5395500:60,60,-9.33083220202632,38.7464755085499,EREDES:1105P5395500,TRAJOUCE,1105P5395500,switching_station,E-REDES,DIRECT_EREDES,17.56400263347441
BUS:JUNCTION:60:00612,60,-9.349274119445006,38.74539998930477,,,,line_endpoint_cluster,derived,ENDPOINT_CLUSTER_DERIVED,
BUS:JUNCTION:60:00613,60,-8.773945188563303,38.967179530418335,,,,line_endpoint_cluster,derived,ENDPOINT_CLUSTER_DERIVED,
BUS:JUNCTION:60:00614,60,-7.489747718069587,37.199429531686945,,,,line_endpoint_cluster,derived,ENDPOINT_CLUSTER_DERIVED,
BUS:JUNCTION:60:00615,60,-7.488010710932161,37.20465311685863,,,,line_endpoint_cluster,derived,ENDPOINT_CLUSTER_DERIVED,
BUS:JUNCTION:60:00616,60,-7.569195476057121,37.18320697309787,,,,line_endpoint_cluster,derived,ENDPOINT_CLUSTER_DERIVED,
BUS:JUNCTION:60:00617,60,-7.520925481548805,37.19037375724154,,,,line_endpoint_cluster,derived,ENDPOINT_CLUSTER_DERIVED,
BUS:JUNCTION:60:00618,60,-7.605940144028891,38.92690236350663,,,,line_endpoint_cluster,derived,ENDPOINT_CLUSTER_DERIVED,
BUS:JUNCTION:60:00619,60,-7.609052886898348,38.928325157556344,,,,line_endpoint_cluster,derived,ENDPOINT_CLUSTER_DERIVED,
BUS:JUNCTION:60:00620,60,-7.695198080398378,38.94612719203174,,,,line_endpoint_cluster,derived,ENDPOINT_CLUSTER_DERIVED,
BUS:JUNCTION:60:00621,60,-8.557922273510519,37.1431781868467,,,,line_endpoint_cluster,derived,ENDPOINT_CLUSTER_DERIVED,
BUS:JUNCTION:60:00622,60,-8.557552289994863,37.14866133645159,,,,line_endpoint_cluster,derived,ENDPOINT_CLUSTER_DERIVED,
BUS:JUNCTION:60:00623,60,-7.620616963689749,38.06759944411413,,,,line_endpoint_cluster,derived,ENDPOINT_CLUSTER_DERIVED,
BUS:JUNCTION:60:00624,60,-7.622290259577958,38.072702365769146,,,,line_endpoint_cluster,derived,ENDPOINT_CLUSTER_DERIVED,
BUS:JUNCTION:60:00625,60,-7.533437325561524,38.15726250132714,,,,line_endpoint_cluster,derived,ENDPOINT_CLUSTER_DERIVED,
BUS:JUNCTION:60:00626,60,-7.565736995280044,38.14741167948814,,,,line_endpoint_cluster,derived,ENDPOINT_CLUSTER_DERIVED,
BUS:EREDES:0213P5906100:60,60,-7.56930127182801,38.1461288782943,EREDES:0213P5906100,ÍNSUA,0213P5906100,switching_station,E-REDES,DIRECT_EREDES,25.116465754898307
BUS:JUNCTION:60:00628,60,-7.570595666361992,38.14380474950411,,,,line_endpoint_cluster,derived,ENDPOINT_CLUSTER_DERIVED,
BUS:JUNCTION:60:00629,60,-8.319686025436889,38.26610061171753,,,,line_endpoint_cluster,derived,ENDPOINT_CLUSTER_DERIVED,
BUS:JUNCTION:60:00630,60,-8.452691814788688,38.3649797705054,,,,line_endpoint_cluster,derived,ENDPOINT_CLUSTER_DERIVED,
BUS:JUNCTION:60:00631,60,-8.316405653272808,38.26320604997424,,,,line_endpoint_cluster,derived,ENDPOINT_CLUSTER_DERIVED,
BUS:JUNCTION:60:00633,60,-8.470820276116623,37.15076758085845,,,,line_endpoint_cluster,derived,ENDPOINT_CLUSTER_DERIVED,
BUS:JUNCTION:60:00634,60,-7.908833046424292,37.042025219245325,,,,line_endpoint_cluster,derived,ENDPOINT_CLUSTER_DERIVED,
BUS:EREDES:0805S5062500:60,60,-7.90421596380011,37.038265998869,EREDES:0805S5062500,TORRE NATAL,0805S5062500,substation,E-REDES,DIRECT_EREDES,27.896786097747924
BUS:JUNCTION:60:00636,60,-7.91161522159038,37.04422894299219,,,,line_endpoint_cluster,derived,ENDPOINT_CLUSTER_DERIVED,
BUS:JUNCTION:60:00637,60,-8.620771306914484,40.36553211461072,,,,line_endpoint_cluster,derived,ENDPOINT_CLUSTER_DERIVED,
BUS:JUNCTION:60:00638,60,-8.623035043683167,40.36913803960322,,,,line_endpoint_cluster,derived,ENDPOINT_CLUSTER_DERIVED,
BUS:JUNCTION:60:00639,60,-8.615304369081437,40.36320304327228,,,,line_endpoint_cluster,derived,ENDPOINT_CLUSTER_DERIVED,
BUS:EREDES:0602P5026100:60,60,-8.61672800180151,40.3608311745312,EREDES:0602P5026100,PC CANTANHEDE,0602P5026100,switching_station,E-REDES,DIRECT_EREDES,13.632071684430867
BUS:JUNCTION:60:00641,60,-8.81579461133837,40.35607521446278,,,,line_endpoint_cluster,derived,ENDPOINT_CLUSTER_DERIVED,
BUS:EREDES:0602S5004300:60,60,-8.7280822579437,40.332546159571,EREDES:0602S5004300,TOCHA,0602S5004300,substation,E-REDES,DIRECT_EREDES,16.173005291857272
BUS:EREDES:1109S5902500:60,60,-9.21776982270913,38.924038402017,EREDES:1109S5902500,VENDA DO PINHEIRO,1109S5902500,substation,E-REDES,DIRECT_EREDES,27.1373610686334
BUS:JUNCTION:60:00644,60,-9.210665669747145,38.95225724741968,,,,line_endpoint_cluster,derived,ENDPOINT_CLUSTER_DERIVED,
BUS:EREDES:1113S5480800:60,60,-9.21140250387858,39.1018754423459,EREDES:1113S5480800,MATACÃES,1113S5480800,substation,E-REDES,DIRECT_EREDES,23.759735333201032
BUS:JUNCTION:60:00646,60,-9.236688746226076,39.089719477839125,,,,line_endpoint_cluster,derived,ENDPOINT_CLUSTER_DERIVED,
BUS:JUNCTION:60:00647,60,-7.999765773095456,41.258314871194585,,,,line_endpoint_cluster,derived,ENDPOINT_CLUSTER_DERIVED,
BUS:JUNCTION:60:00648,60,-7.995109657243021,41.25880565170443,,,,line_endpoint_cluster,derived,ENDPOINT_CLUSTER_DERIVED,
BUS:JUNCTION:60:00649,60,-8.08587957833879,40.29971108730533,,,,line_endpoint_cluster,derived,ENDPOINT_CLUSTER_DERIVED,
BUS:JUNCTION:60:00650,60,-8.091350127355154,40.29800041564103,,,,line_endpoint_cluster,derived,ENDPOINT_CLUSTER_DERIVED,
BUS:JUNCTION:60:00651,60,-8.200716922833886,38.346300873307776,,,,line_endpoint_cluster,derived,ENDPOINT_CLUSTER_DERIVED,
BUS:JUNCTION:60:00652,60,-8.19464208547742,38.351736063093256,,,,line_endpoint_cluster,derived,ENDPOINT_CLUSTER_DERIVED,
BUS:JUNCTION:60:00653,60,-8.05068695954625,38.60761968384695,,,,line_endpoint_cluster,derived,ENDPOINT_CLUSTER_DERIVED,
BUS:JUNCTION:60:00654,60,-8.16585904539849,38.640156488755416,,,,line_endpoint_cluster,derived,ENDPOINT_CLUSTER_DERIVED,
BUS:JUNCTION:60:00655,60,-8.900947968575734,38.69637450702165,,,,line_endpoint_cluster,derived,ENDPOINT_CLUSTER_DERIVED,
BUS:JUNCTION:60:00656,60,-8.90302244675808,38.7001049313141,,,,line_endpoint_cluster,derived,ENDPOINT_CLUSTER_DERIVED,
BUS:JUNCTION:60:00657,60,-8.34844017603999,41.068537355792905,,,,line_endpoint_cluster,derived,ENDPOINT_CLUSTER_DERIVED,
BUS:JUNCTION:60:00658,60,-8.352388078246722,41.06597672231873,,,,line_endpoint_cluster,derived,ENDPOINT_CLUSTER_DERIVED,
BUS:JUNCTION:60:00659,60,-8.429735197711796,41.02236107492426,,,,line_endpoint_cluster,derived,ENDPOINT_CLUSTER_DERIVED,
BUS:JUNCTION:60:00660,60,-8.428771927967894,41.02324183616776,,,,line_endpoint_cluster,derived,ENDPOINT_CLUSTER_DERIVED,
BUS:JUNCTION:60:00661,60,-8.39816282428682,41.04460497501943,,,,line_endpoint_cluster,derived,ENDPOINT_CLUSTER_DERIVED,
BUS:JUNCTION:60:00662,60,-8.389932279601037,41.04999562533732,,,,line_endpoint_cluster,derived,ENDPOINT_CLUSTER_DERIVED,
BUS:JUNCTION:60:00663,60,-8.376723421912992,41.05181432223472,,,,line_endpoint_cluster,derived,ENDPOINT_CLUSTER_DERIVED,
BUS:JUNCTION:60:00664,60,-7.499563135836038,38.18719495247098,,,,line_endpoint_cluster,derived,ENDPOINT_CLUSTER_DERIVED,
BUS:JUNCTION:60:00665,60,-8.220478613781788,37.14388772382858,,,,line_endpoint_cluster,derived,ENDPOINT_CLUSTER_DERIVED,
BUS:JUNCTION:60:00666,60,-8.225652300985004,37.14170095649265,,,,line_endpoint_cluster,derived,ENDPOINT_CLUSTER_DERIVED,
BUS:JUNCTION:60:00667,60,-8.58483077510953,40.049589257960776,,,,line_endpoint_cluster,derived,ENDPOINT_CLUSTER_DERIVED,
BUS:JUNCTION:60:00668,60,-8.61240579833093,40.051687375766654,,,,line_endpoint_cluster,derived,ENDPOINT_CLUSTER_DERIVED,
BUS:JUNCTION:60:00669,60,-7.488731336641114,39.332266143138604,,,,line_endpoint_cluster,derived,ENDPOINT_CLUSTER_DERIVED,
BUS:EREDES:1214S5681500:60,60,-7.44621770504133,39.319170621183,EREDES:1214S5681500,SÃO VICENTE,1214S5681500,substation,E-REDES,DIRECT_EREDES,6.116478927871406
BUS:JUNCTION:60:00671,60,-9.180472992922684,39.33552443154788,,,,line_endpoint_cluster,derived,ENDPOINT_CLUSTER_DERIVED,
BUS:JUNCTION:60:00672,60,-9.178488925104997,39.33603149469859,,,,line_endpoint_cluster,derived,ENDPOINT_CLUSTER_DERIVED,
BUS:JUNCTION:60:00673,60,-9.174873610173211,39.3367472198061,,,,line_endpoint_cluster,derived,ENDPOINT_CLUSTER_DERIVED,
BUS:JUNCTION:60:00674,60,-8.185798612847499,40.26333734438199,,,,line_endpoint_cluster,derived,ENDPOINT_CLUSTER_DERIVED,
BUS:JUNCTION:60:00675,60,-8.162999816110403,40.27356348058128,,,,line_endpoint_cluster,derived,ENDPOINT_CLUSTER_DERIVED,
BUS:JUNCTION:60:00676,60,-7.891683232709271,41.59325326703884,,,,line_endpoint_cluster,derived,ENDPOINT_CLUSTER_DERIVED,
BUS:JUNCTION:60:00677,60,-7.872297922773292,41.51186143234196,,,,line_endpoint_cluster,derived,ENDPOINT_CLUSTER_DERIVED,
BUS:EREDES:0810S5063600:60,60,-7.82730246825139,37.0495570232155,EREDES:0810S5063600,OLHÃO,0810S5063600,substation,E-REDES,DIRECT_EREDES,29.971284180329373
BUS:EREDES:1202S5901700:60,60,-7.28885852195264,39.1151766663362,EREDES:1202S5901700,ARRONCHES,1202S5901700,substation,E-REDES,DIRECT_EREDES,20.018668565980583
BUS:JUNCTION:60:00680,60,-7.298511827539998,39.1064267181746,,,,line_endpoint_cluster,derived,ENDPOINT_CLUSTER_DERIVED,
BUS:EREDES:0703S5040900:60,60,-7.46669169837766,38.7925168185332,EREDES:0703S5040900,BORBA,0703S5040900,substation,E-REDES,DIRECT_EREDES,43.14714559965528
BUS:JUNCTION:60:00682,60,-7.811914674337999,39.567789446994304,,,,line_endpoint_cluster,derived,ENDPOINT_CLUSTER_DERIVED,
BUS:EREDES:0814S5062600:60,60,-7.67001960292178,37.1272916474179,EREDES:0814S5062600,TAVIRA,0814S5062600,substation,E-REDES,DIRECT_EREDES,55.987606815587334
BUS:JUNCTION:60:00684,60,-8.672687697171144,39.05555354784395,,,,line_endpoint_cluster,derived,ENDPOINT_CLUSTER_DERIVED,
BUS:JUNCTION:60:00685,60,-8.67535453312997,39.07530671392765,,,,line_endpoint_cluster,derived,ENDPOINT_CLUSTER_DERIVED,
BUS:JUNCTION:60:00686,60,-8.669293502895739,39.038126434417194,,,,line_endpoint_cluster,derived,ENDPOINT_CLUSTER_DERIVED,
BUS:JUNCTION:60:00687,60,-8.663660471606876,39.027503069102586,,,,line_endpoint_cluster,derived,ENDPOINT_CLUSTER_DERIVED,
BUS:JUNCTION:60:00688,60,-8.659166921591245,39.02364283831229,,,,line_endpoint_cluster,derived,ENDPOINT_CLUSTER_DERIVED,
BUS:JUNCTION:60:00689,60,-8.620306195866926,39.000327385252824,,,,line_endpoint_cluster,derived,ENDPOINT_CLUSTER_DERIVED,
BUS:EREDES:1415P5906300:60,60,-8.68251895942363,39.0317921587999,EREDES:1415P5906300,MARINHAIS,1415P5906300,switching_station,E-REDES,DIRECT_EREDES,192.75579930905812
BUS:EREDES:1415P5907100:60,60,-8.66398685099672,39.070382662605,EREDES:1415P5907100,GRANHO,1415P5907100,switching_station,E-REDES,DIRECT_EREDES,62.80155905333207
BUS:JUNCTION:60:00693,60,-8.724041908474607,39.23912280999414,,,,line_endpoint_cluster,derived,ENDPOINT_CLUSTER_DERIVED,
BUS:JUNCTION:60:00694,60,-8.699522954858223,39.20271344223778,,,,line_endpoint_cluster,derived,ENDPOINT_CLUSTER_DERIVED,
BUS:EREDES:1001S5004200:60,60,-8.99498250683085,39.6132475776226,EREDES:1001S5004200,CASAL DA AREIA,1001S5004200,substation,E-REDES,DIRECT_EREDES,55.07766951819171
BUS:JUNCTION:60:00696,60,-8.986893175907232,39.649216274392245,,,,line_endpoint_cluster,derived,ENDPOINT_CLUSTER_DERIVED,
BUS:JUNCTION:60:00697,60,-8.991693513599717,39.34536087058018,,,,line_endpoint_cluster,derived,ENDPOINT_CLUSTER_DERIVED,
BUS:JUNCTION:60:00698,60,-8.990988717123884,39.35225271344232,,,,line_endpoint_cluster,derived,ENDPOINT_CLUSTER_DERIVED,
BUS:JUNCTION:60:00699,60,-9.041333975483656,39.27340836744487,,,,line_endpoint_cluster,derived,ENDPOINT_CLUSTER_DERIVED,
BUS:EREDES:1104S5672000:60,60,-9.05023024072345,39.281090060961,EREDES:1104S5672000,CADAVAL,1104S5672000,substation,E-REDES,DIRECT_EREDES,208.52990134032768
BUS:JUNCTION:60:00701,60,-7.520198639706867,38.63611720029242,,,,line_endpoint_cluster,derived,ENDPOINT_CLUSTER_DERIVED,
BUS:JUNCTION:60:00702,60,-7.448062792148933,38.62903502392491,,,,line_endpoint_cluster,derived,ENDPOINT_CLUSTER_DERIVED,
BUS:JUNCTION:60:00703,60,-7.453304098372023,38.70405002289936,,,,line_endpoint_cluster,derived,ENDPOINT_CLUSTER_DERIVED,
BUS:JUNCTION:60:00704,60,-7.445132720812791,38.70747061129572,,,,line_endpoint_cluster,derived,ENDPOINT_CLUSTER_DERIVED,
BUS:JUNCTION:60:00705,60,-7.426922955894501,38.71663208968593,,,,line_endpoint_cluster,derived,ENDPOINT_CLUSTER_DERIVED,
BUS:JUNCTION:60:00706,60,-7.454159200480847,38.70369222637034,,,,line_endpoint_cluster,derived,ENDPOINT_CLUSTER_DERIVED,
BUS:JUNCTION:60:00707,60,-7.408230570639319,38.732228544908345,,,,line_endpoint_cluster,derived,ENDPOINT_CLUSTER_DERIVED,
BUS:JUNCTION:60:00708,60,-7.406306154317672,38.734134596356576,,,,line_endpoint_cluster,derived,ENDPOINT_CLUSTER_DERIVED,
BUS:JUNCTION:60:00709,60,-9.383013521293112,38.83355330095397,,,,line_endpoint_cluster,derived,ENDPOINT_CLUSTER_DERIVED,
BUS:EREDES:1513P5907500:60,60,-8.77517747942776,37.9159074506787,EREDES:1513P5907500,MORGAVEL,1513P5907500,switching_station,E-REDES,DIRECT_EREDES,22.128085440240792
BUS:JUNCTION:60:00711,60,-8.830085961871827,37.941826441271246,,,,line_endpoint_cluster,derived,ENDPOINT_CLUSTER_DERIVED,
BUS:JUNCTION:60:00712,60,-8.831712818270175,37.94144529593467,,,,line_endpoint_cluster,derived,ENDPOINT_CLUSTER_DERIVED,
BUS:EREDES:1513S5054400:60,60,-8.84920330626879,37.9725364445118,EREDES:1513S5054400,MONTE FEIO,1513S5054400,substation,E-REDES,DIRECT_EREDES,232.76202596115036
BUS:JUNCTION:60:00715,60,-8.546740937758758,41.119921087758776,,,,line_endpoint_cluster,derived,ENDPOINT_CLUSTER_DERIVED,
BUS:JUNCTION:60:00716,60,-8.548574591158346,41.11791223582994,,,,line_endpoint_cluster,derived,ENDPOINT_CLUSTER_DERIVED,
BUS:JUNCTION:60:00717,60,-8.718157266740931,37.167370867763125,,,,line_endpoint_cluster,derived,ENDPOINT_CLUSTER_DERIVED,
BUS:JUNCTION:60:00718,60,-8.75900043963936,37.11370580946035,,,,line_endpoint_cluster,derived,ENDPOINT_CLUSTER_DERIVED,
BUS:JUNCTION:60:00719,60,-8.767299003338486,37.11129737304404,,,,line_endpoint_cluster,derived,ENDPOINT_CLUSTER_DERIVED,
BUS:JUNCTION:60:00720,60,-8.547743691854668,37.183269540308295,,,,line_endpoint_cluster,derived,ENDPOINT_CLUSTER_DERIVED,
BUS:JUNCTION:60:00721,60,-8.648937171813024,37.17795085432044,,,,line_endpoint_cluster,derived,ENDPOINT_CLUSTER_DERIVED,
BUS:JUNCTION:60:00723,60,-8.517429719580594,37.19845739766206,,,,line_endpoint_cluster,derived,ENDPOINT_CLUSTER_DERIVED,
BUS:JUNCTION:60:00724,60,-8.589086847988776,37.19227481860337,,,,line_endpoint_cluster,derived,ENDPOINT_CLUSTER_DERIVED,
BUS:EREDES:1312P5013500:60,60,-8.62553330221588,41.1723389805524,EREDES:1312P5013500,PRELADA,1312P5013500,switching_station,E-REDES,DIRECT_EREDES,1.0817617432017896
BUS:EREDES:1312S5013900:60,60,-8.63385927301313,41.1684540063167,EREDES:1312S5013900,MONTE DOS BURGOS,1312S5013900,substation,E-REDES,DIRECT_EREDES,124.96848383510284
BUS:JUNCTION:60:00727,60,-8.636420205777563,41.17584415567556,,,,line_endpoint_cluster,derived,ENDPOINT_CLUSTER_DERIVED,
BUS:JUNCTION:60:00728,60,-8.61205229199781,41.17418814277515,,,,line_endpoint_cluster,derived,ENDPOINT_CLUSTER_DERIVED,
BUS:JUNCTION:60:00729,60,-6.572419965826954,41.344006881249534,,,,line_endpoint_cluster,derived,ENDPOINT_CLUSTER_DERIVED,
BUS:EREDES:0408S5010300:60,60,-6.57058301245969,41.3392700834513,EREDES:0408S5010300,MOGADOURO,0408S5010300,substation,E-REDES,DIRECT_EREDES,56.099505994245156
BUS:JUNCTION:60:00731,60,-9.187900455617193,38.76776663174736,,,,line_endpoint_cluster,derived,ENDPOINT_CLUSTER_DERIVED,
BUS:JUNCTION:60:00732,60,-9.192061857710184,38.764670211434094,,,,line_endpoint_cluster,derived,ENDPOINT_CLUSTER_DERIVED,
BUS:JUNCTION:60:00733,60,-9.193981216353167,38.75908563326472,,,,line_endpoint_cluster,derived,ENDPOINT_CLUSTER_DERIVED,
BUS:JUNCTION:60:00734,60,-9.193559650823175,38.76182891355171,,,,line_endpoint_cluster,derived,ENDPOINT_CLUSTER_DERIVED,
BUS:EREDES:1106P5906600:60,60,-9.126681824566,38.777501881143,EREDES:1106P5906600,OLIVAIS,1106P5906600,switching_station,E-REDES,DIRECT_EREDES,9.66787753976161
BUS:JUNCTION:60:00737,60,-9.15120557337866,38.75502765647086,,,,line_endpoint_cluster,derived,ENDPOINT_CLUSTER_DERIVED,
BUS:EREDES:1106S5275000:60,60,-9.1258169458245,38.7749889477088,EREDES:1106S5275000,AEROPORTO,1106S5275000,substation,E-REDES,DIRECT_EREDES,23.675073709728974
BUS:JUNCTION:60:00739,60,-7.491616089734372,39.33316004593796,,,,line_endpoint_cluster,derived,ENDPOINT_CLUSTER_DERIVED,
BUS:JUNCTION:60:00740,60,-8.547951629944352,39.26462122990423,,,,line_endpoint_cluster,derived,ENDPOINT_CLUSTER_DERIVED,
BUS:EREDES:1404S5904400:60,60,-8.55268933699975,39.2670240195231,EREDES:1404S5904400,ALPIARÇA,1404S5904400,substation,E-REDES,DIRECT_EREDES,27.312668232054808
BUS:JUNCTION:60:00742,60,-8.5447835025246,39.26358057003054,,,,line_endpoint_cluster,derived,ENDPOINT_CLUSTER_DERIVED,
BUS:EREDES:0912S5008300:60,60,-7.71221414748508,40.4228817811309,EREDES:0912S5008300,SEIA,0912S5008300,substation,E-REDES,DIRECT_EREDES,19.89283719634937
BUS:JUNCTION:60:00744,60,-7.721366795706629,40.420276628060435,,,,line_endpoint_cluster,derived,ENDPOINT_CLUSTER_DERIVED,
BUS:JUNCTION:60:00745,60,-9.336328297033942,38.69740413330919,,,,line_endpoint_cluster,derived,ENDPOINT_CLUSTER_DERIVED,
BUS:JUNCTION:60:00746,60,-9.338446297833162,38.696506459550086,,,,line_endpoint_cluster,derived,ENDPOINT_CLUSTER_DERIVED,
BUS:JUNCTION:60:00747,60,-9.332735536491885,38.70138277142155,,,,line_endpoint_cluster,derived,ENDPOINT_CLUSTER_DERIVED,
BUS:JUNCTION:60:00748,60,-7.170798218171728,38.89095117611822,,,,line_endpoint_cluster,derived,ENDPOINT_CLUSTER_DERIVED,
BUS:JUNCTION:60:00749,60,-7.165613070122251,38.899141517780414,,,,line_endpoint_cluster,derived,ENDPOINT_CLUSTER_DERIVED,
BUS:JUNCTION:60:00750,60,-8.815108992678205,38.5535832528905,,,,line_endpoint_cluster,derived,ENDPOINT_CLUSTER_DERIVED,
BUS:JUNCTION:60:00751,60,-8.847122502363392,38.549135966377854,,,,line_endpoint_cluster,derived,ENDPOINT_CLUSTER_DERIVED,
BUS:EREDES:1512P5032500:60,60,-8.85100849841092,38.5502695245521,EREDES:1512P5032500,ALGERUZ,1512P5032500,switching_station,E-REDES,DIRECT_EREDES,12.823231533228926
BUS:EREDES:1709P5025700:60,60,-7.86206388314898,41.5229138926612,EREDES:1709P5025700,DAIVÕES,1709P5025700,switching_station,E-REDES,DIRECT_EREDES,16.91160573624948
BUS:JUNCTION:60:00754,60,-7.863210183190573,41.52041176256736,,,,line_endpoint_cluster,derived,ENDPOINT_CLUSTER_DERIVED,
BUS:EREDES:1609S5001100:60,60,-8.77925159305336,41.7067809083379,EREDES:1609S5001100,SANTA MARTA DE PORTUZELO,1609S5001100,substation,E-REDES,DIRECT_EREDES,20.310041740956184
BUS:JUNCTION:60:00757,60,-8.800248925983269,41.71013150517428,,,,line_endpoint_cluster,derived,ENDPOINT_CLUSTER_DERIVED,
BUS:JUNCTION:60:00758,60,-8.805218226758335,41.710238213950404,,,,line_endpoint_cluster,derived,ENDPOINT_CLUSTER_DERIVED,
BUS:JUNCTION:60:00759,60,-7.870377257071081,38.65032980294384,,,,line_endpoint_cluster,derived,ENDPOINT_CLUSTER_DERIVED,
BUS:JUNCTION:60:00760,60,-9.177988135971894,38.81719372520955,,,,line_endpoint_cluster,derived,ENDPOINT_CLUSTER_DERIVED,
BUS:JUNCTION:60:00761,60,-9.180410772974382,38.818152972185686,,,,line_endpoint_cluster,derived,ENDPOINT_CLUSTER_DERIVED,
BUS:EREDES:1107S5518000:60,60,-9.16948856414785,38.8160062429513,EREDES:1107S5518000,QUINTA DA CALDEIRA,1107S5518000,substation,E-REDES,DIRECT_EREDES,46.91003253727167
BUS:JUNCTION:60:00763,60,-9.200726406153741,38.81022014444762,,,,line_endpoint_cluster,derived,ENDPOINT_CLUSTER_DERIVED,
BUS:JUNCTION:60:00764,60,-9.196330464532783,38.81246740054944,,,,line_endpoint_cluster,derived,ENDPOINT_CLUSTER_DERIVED,
BUS:JUNCTION:60:00765,60,-9.193717416010822,38.813419732141654,,,,line_endpoint_cluster,derived,ENDPOINT_CLUSTER_DERIVED,
BUS:JUNCTION:60:00766,60,-9.192487030677725,38.8138681199616,,,,line_endpoint_cluster,derived,ENDPOINT_CLUSTER_DERIVED,
BUS:EREDES:1401S5636700:60,60,-8.17861246130161,39.48760858767,EREDES:1401S5636700,OLHO BOI,1401S5636700,substation,E-REDES,DIRECT_EREDES,107.0306040666157
BUS:JUNCTION:60:00768,60,-8.085573848295514,37.714683368331656,,,,line_endpoint_cluster,derived,ENDPOINT_CLUSTER_DERIVED,
BUS:JUNCTION:60:00769,60,-8.082949596872215,37.709866633406946,,,,line_endpoint_cluster,derived,ENDPOINT_CLUSTER_DERIVED,
BUS:EREDES:1403S5799800:60,60,-8.62247680721767,39.1967860073129,EREDES:1403S5799800,ALMEIRIM,1403S5799800,substation,E-REDES,DIRECT_EREDES,34.84057140041842
BUS:JUNCTION:60:00772,60,-8.621387491884914,39.191377027357106,,,,line_endpoint_cluster,derived,ENDPOINT_CLUSTER_DERIVED,
BUS:JUNCTION:60:00773,60,-8.616943360209442,39.176955359905165,,,,line_endpoint_cluster,derived,ENDPOINT_CLUSTER_DERIVED,
BUS:JUNCTION:60:00774,60,-8.612702974347892,39.17381010421161,,,,line_endpoint_cluster,derived,ENDPOINT_CLUSTER_DERIVED,
BUS:JUNCTION:60:00775,60,-8.609024912267254,39.17089030214503,,,,line_endpoint_cluster,derived,ENDPOINT_CLUSTER_DERIVED,
BUS:JUNCTION:60:00776,60,-8.094606621368863,40.297107091950835,,,,line_endpoint_cluster,derived,ENDPOINT_CLUSTER_DERIVED,
BUS:EREDES:0601S5025900:60,60,-8.06943333044157,40.2615333294384,EREDES:0601S5025900,ARGANIL,0601S5025900,substation,E-REDES,DIRECT_EREDES,62.476916208446184
BUS:JUNCTION:60:00778,60,-8.076453326280824,40.27574809650787,,,,line_endpoint_cluster,derived,ENDPOINT_CLUSTER_DERIVED,
BUS:JUNCTION:60:00779,60,-8.187100688655677,37.88467637304681,,,,line_endpoint_cluster,derived,ENDPOINT_CLUSTER_DERIVED,
BUS:JUNCTION:60:00780,60,-8.184460908712076,37.880972782005884,,,,line_endpoint_cluster,derived,ENDPOINT_CLUSTER_DERIVED,
BUS:JUNCTION:60:00781,60,-9.059823812824153,38.88361109874444,,,,line_endpoint_cluster,derived,ENDPOINT_CLUSTER_DERIVED,
BUS:JUNCTION:60:00782,60,-8.45886227879572,41.157769374094094,,,,line_endpoint_cluster,derived,ENDPOINT_CLUSTER_DERIVED,
BUS:JUNCTION:60:00783,60,-8.460110100850189,41.15895240848132,,,,line_endpoint_cluster,derived,ENDPOINT_CLUSTER_DERIVED,
BUS:JUNCTION:60:00784,60,-8.457508944877222,41.15653860219444,,,,line_endpoint_cluster,derived,ENDPOINT_CLUSTER_DERIVED,
BUS:EREDES:0503P5011700:60,60,-7.47152678268852,40.2621072325432,EREDES:0503P5011700,BOIDOBRA,0503P5011700,switching_station,E-REDES,DIRECT_EREDES,236.26234695046722
BUS:JUNCTION:60:00787,60,-8.351788717354843,41.368890592586276,,,,line_endpoint_cluster,derived,ENDPOINT_CLUSTER_DERIVED,
BUS:JUNCTION:60:00788,60,-8.376540833528288,41.40119776197331,,,,line_endpoint_cluster,derived,ENDPOINT_CLUSTER_DERIVED,
BUS:JUNCTION:60:00789,60,-8.619213211408406,41.2146100174576,,,,line_endpoint_cluster,derived,ENDPOINT_CLUSTER_DERIVED,
BUS:EREDES:1308P5026000:60,60,-8.62403431736907,41.2169894699779,EREDES:1308P5026000,LEÇA DO BALIO,1308P5026000,switching_station,E-REDES,DIRECT_EREDES,211.19221957595266
BUS:JUNCTION:60:00791,60,-8.594426852601508,41.00348004798185,,,,line_endpoint_cluster,derived,ENDPOINT_CLUSTER_DERIVED,
BUS:JUNCTION:60:00792,60,-8.594776966828613,41.002169220825856,,,,line_endpoint_cluster,derived,ENDPOINT_CLUSTER_DERIVED,
BUS:JUNCTION:60:00793,60,-7.853340682526603,37.047697353580304,,,,line_endpoint_cluster,derived,ENDPOINT_CLUSTER_DERIVED,
BUS:JUNCTION:60:00794,60,-7.849662068843509,37.04795849724787,,,,line_endpoint_cluster,derived,ENDPOINT_CLUSTER_DERIVED,
BUS:JUNCTION:60:00795,60,-8.643776094674404,39.92729483288328,,,,line_endpoint_cluster,derived,ENDPOINT_CLUSTER_DERIVED,
BUS:JUNCTION:60:00796,60,-8.640920049676815,39.922314580228154,,,,line_endpoint_cluster,derived,ENDPOINT_CLUSTER_DERIVED,
BUS:JUNCTION:60:00797,60,-8.555651835719674,40.785721756140795,,,,line_endpoint_cluster,derived,ENDPOINT_CLUSTER_DERIVED,
BUS:JUNCTION:60:00798,60,-8.568252655172552,40.77649271905132,,,,line_endpoint_cluster,derived,ENDPOINT_CLUSTER_DERIVED,
BUS:JUNCTION:60:00799,60,-8.41284339102339,42.06812382301629,,,,line_endpoint_cluster,derived,ENDPOINT_CLUSTER_DERIVED,
BUS:EREDES:1009S5002200:60,60,-8.79166070453163,39.7483818641892,EREDES:1009S5002200,ANDRINOS,1009S5002200,substation,E-REDES,DIRECT_EREDES,122.52506703440329
BUS:JUNCTION:60:00802,60,-8.25052304589687,41.35700365932047,,,,line_endpoint_cluster,derived,ENDPOINT_CLUSTER_DERIVED,
BUS:JUNCTION:60:00803,60,-8.260714507204113,41.35864572722307,,,,line_endpoint_cluster,derived,ENDPOINT_CLUSTER_DERIVED,
BUS:JUNCTION:60:00804,60,-8.716858003794558,41.366598176172374,,,,line_endpoint_cluster,derived,ENDPOINT_CLUSTER_DERIVED,
BUS:JUNCTION:60:00805,60,-8.421560247814707,40.162547263942834,,,,line_endpoint_cluster,derived,ENDPOINT_CLUSTER_DERIVED,
BUS:JUNCTION:60:00806,60,-8.421844977565504,40.16514730893078,,,,line_endpoint_cluster,derived,ENDPOINT_CLUSTER_DERIVED,
BUS:JUNCTION:60:00807,60,-8.914457074107323,39.31606361008507,,,,line_endpoint_cluster,derived,ENDPOINT_CLUSTER_DERIVED,
BUS:JUNCTION:60:00808,60,-8.909443922263486,39.3167645930287,,,,line_endpoint_cluster,derived,ENDPOINT_CLUSTER_DERIVED,
BUS:EREDES:1414S5001400:60,60,-8.92157933155721,39.3168198381585,EREDES:1414S5001400,RIO MAIOR,1414S5001400,substation,E-REDES,DIRECT_EREDES,41.85608049205122
BUS:JUNCTION:60:00810,60,-8.917694387528057,39.317480561696414,,,,line_endpoint_cluster,derived,ENDPOINT_CLUSTER_DERIVED,
BUS:JUNCTION:60:00811,60,-8.478480319176779,40.468704051806114,,,,line_endpoint_cluster,derived,ENDPOINT_CLUSTER_DERIVED,
BUS:JUNCTION:60:00812,60,-8.454857938259462,40.444268461901416,,,,line_endpoint_cluster,derived,ENDPOINT_CLUSTER_DERIVED,
BUS:JUNCTION:60:00813,60,-8.452009455178581,40.44292975937943,,,,line_endpoint_cluster,derived,ENDPOINT_CLUSTER_DERIVED,
BUS:JUNCTION:60:00814,60,-8.587652315703671,41.20682828635755,,,,line_endpoint_cluster,derived,ENDPOINT_CLUSTER_DERIVED,
BUS:JUNCTION:60:00815,60,-8.574611464654478,41.219094576026144,,,,line_endpoint_cluster,derived,ENDPOINT_CLUSTER_DERIVED,
BUS:JUNCTION:60:00816,60,-8.56749702930171,41.22578618387112,,,,line_endpoint_cluster,derived,ENDPOINT_CLUSTER_DERIVED,
BUS:JUNCTION:60:00817,60,-7.724661392547534,38.02827917555244,,,,line_endpoint_cluster,derived,ENDPOINT_CLUSTER_DERIVED,
BUS:JUNCTION:60:00818,60,-7.783980183771032,38.02954281372242,,,,line_endpoint_cluster,derived,ENDPOINT_CLUSTER_DERIVED,
BUS:JUNCTION:60:00819,60,-7.982438343987891,38.0480162962358,,,,line_endpoint_cluster,derived,ENDPOINT_CLUSTER_DERIVED,
BUS:JUNCTION:60:00820,60,-7.98360486702526,38.04893128004833,,,,line_endpoint_cluster,derived,ENDPOINT_CLUSTER_DERIVED,
BUS:JUNCTION:60:00821,60,-7.886701855269334,38.01817213011947,,,,line_endpoint_cluster,derived,ENDPOINT_CLUSTER_DERIVED,
BUS:JUNCTION:60:00822,60,-8.094556616194055,38.057582358967935,,,,line_endpoint_cluster,derived,ENDPOINT_CLUSTER_DERIVED,
BUS:JUNCTION:60:00823,60,-8.02277749519729,38.05956493334246,,,,line_endpoint_cluster,derived,ENDPOINT_CLUSTER_DERIVED,
BUS:JUNCTION:60:00824,60,-7.630616117159433,38.93277965651239,,,,line_endpoint_cluster,derived,ENDPOINT_CLUSTER_DERIVED,
BUS:JUNCTION:60:00825,60,-7.528395726680433,38.89045077059874,,,,line_endpoint_cluster,derived,ENDPOINT_CLUSTER_DERIVED,
BUS:JUNCTION:60:00826,60,-8.724334768725097,38.30034740215562,,,,line_endpoint_cluster,derived,ENDPOINT_CLUSTER_DERIVED,
BUS:JUNCTION:60:00827,60,-8.738287671758272,38.31002525208723,,,,line_endpoint_cluster,derived,ENDPOINT_CLUSTER_DERIVED,
BUS:JUNCTION:60:00828,60,-8.379766561331623,40.58215505420047,,,,line_endpoint_cluster,derived,ENDPOINT_CLUSTER_DERIVED,
BUS:JUNCTION:60:00829,60,-8.379286339279993,40.584650061540145,,,,line_endpoint_cluster,derived,ENDPOINT_CLUSTER_DERIVED,
BUS:JUNCTION:60:00830,60,-8.74204191646963,38.311695370213826,,,,line_endpoint_cluster,derived,ENDPOINT_CLUSTER_DERIVED,
BUS:JUNCTION:60:00831,60,-8.743225204804892,38.31338241133069,,,,line_endpoint_cluster,derived,ENDPOINT_CLUSTER_DERIVED,
BUS:EREDES:1503S5021100:60,60,-9.17478697522116,38.6718270084547,EREDES:1503S5021100,PORTAGEM,1503S5021100,substation,E-REDES,DIRECT_EREDES,12.81691041755197
BUS:EREDES:1503P5020100:60,60,-9.17461639865711,38.6651124806932,EREDES:1503P5020100,PIEDADE,1503P5020100,switching_station,E-REDES,DIRECT_EREDES,22.010052367341032
BUS:JUNCTION:60:00834,60,-9.166945357807885,38.6467174364234,,,,line_endpoint_cluster,derived,ENDPOINT_CLUSTER_DERIVED,
BUS:EREDES:1503S5020400:60,60,-9.17668132681433,38.6478295674654,EREDES:1503S5020400,SOBREDA,1503S5020400,substation,E-REDES,DIRECT_EREDES,21.59922002111232
BUS:JUNCTION:60:00836,60,-9.170799762119923,38.666134903101394,,,,line_endpoint_cluster,derived,ENDPOINT_CLUSTER_DERIVED,
BUS:JUNCTION:60:00837,60,-9.171138663028938,38.637845486123474,,,,line_endpoint_cluster,derived,ENDPOINT_CLUSTER_DERIVED,
BUS:EREDES:1510P5020500:60,60,-9.10533134278156,38.5959706475592,EREDES:1510P5020500,MATA,1510P5020500,switching_station,E-REDES,DIRECT_EREDES,19.380605502440165
BUS:JUNCTION:60:00839,60,-9.107428393840461,38.603225018171344,,,,line_endpoint_cluster,derived,ENDPOINT_CLUSTER_DERIVED,
BUS:JUNCTION:60:00840,60,-9.105305357850572,38.58740635676167,,,,line_endpoint_cluster,derived,ENDPOINT_CLUSTER_DERIVED,
BUS:JUNCTION:60:00841,60,-9.061011437009427,38.59409742660887,,,,line_endpoint_cluster,derived,ENDPOINT_CLUSTER_DERIVED,
BUS:EREDES:1510S5022300:60,60,-9.09880506834704,38.6265781654814,EREDES:1510S5022300,SEIXAL,1510S5022300,substation,E-REDES,DIRECT_EREDES,15.080820657999864
BUS:JUNCTION:60:00843,60,-9.099040792917155,38.62017501141185,,,,line_endpoint_cluster,derived,ENDPOINT_CLUSTER_DERIVED,
BUS:JUNCTION:60:00844,60,-9.10420639417732,38.601800522904355,,,,line_endpoint_cluster,derived,ENDPOINT_CLUSTER_DERIVED,
BUS:JUNCTION:60:00845,60,-9.10646294997398,38.608732585084056,,,,line_endpoint_cluster,derived,ENDPOINT_CLUSTER_DERIVED,
BUS:JUNCTION:60:00846,60,-9.103359963950423,38.61617766775035,,,,line_endpoint_cluster,derived,ENDPOINT_CLUSTER_DERIVED,
BUS:JUNCTION:60:00847,60,-9.038966855109926,38.63772968573898,,,,line_endpoint_cluster,derived,ENDPOINT_CLUSTER_DERIVED,
BUS:JUNCTION:60:00848,60,-9.047255915449693,38.652257855807584,,,,line_endpoint_cluster,derived,ENDPOINT_CLUSTER_DERIVED,
BUS:JUNCTION:60:00849,60,-9.038611025433697,38.5922193284683,,,,line_endpoint_cluster,derived,ENDPOINT_CLUSTER_DERIVED,
BUS:EREDES:1504S5020200:60,60,-9.04379210227551,38.5879552207102,EREDES:1504S5020200,COINA,1504S5020200,substation,E-REDES,DIRECT_EREDES,31.37259446269006
BUS:JUNCTION:60:00851,60,-9.050721383884476,38.661217366516674,,,,line_endpoint_cluster,derived,ENDPOINT_CLUSTER_DERIVED,
BUS:EREDES:1504S5020300:60,60,-9.06123982421673,38.6631038803351,EREDES:1504S5020300,BARREIRO,1504S5020300,substation,E-REDES,DIRECT_EREDES,28.17429759922647
BUS:JUNCTION:60:00853,60,-9.040081447864074,38.60565750988293,,,,line_endpoint_cluster,derived,ENDPOINT_CLUSTER_DERIVED,
BUS:JUNCTION:60:00854,60,-8.813274828093423,38.50391199892308,,,,line_endpoint_cluster,derived,ENDPOINT_CLUSTER_DERIVED,
BUS:JUNCTION:60:00855,60,-8.81201991990153,38.493394589297296,,,,line_endpoint_cluster,derived,ENDPOINT_CLUSTER_DERIVED,
BUS:JUNCTION:60:00856,60,-8.851218525583851,38.54686658783907,,,,line_endpoint_cluster,derived,ENDPOINT_CLUSTER_DERIVED,
BUS:EREDES:1512S5031900:60,60,-8.86139348342098,38.5236162143309,EREDES:1512S5031900,TERROA,1512S5031900,substation,E-REDES,DIRECT_EREDES,163.7357485845743
BUS:EREDES:1512S5031200:60,60,-8.8050516671651,38.5021850850802,EREDES:1512S5031200,SADO,1512S5031200,substation,E-REDES,DIRECT_EREDES,42.831947970709834
BUS:JUNCTION:60:00861,60,-8.884100162121513,38.54278558780338,,,,line_endpoint_cluster,derived,ENDPOINT_CLUSTER_DERIVED,
BUS:JUNCTION:60:00862,60,-8.884564643718726,38.53274812901419,,,,line_endpoint_cluster,derived,ENDPOINT_CLUSTER_DERIVED,
BUS:JUNCTION:60:00863,60,-8.885269017070078,38.537947863451556,,,,line_endpoint_cluster,derived,ENDPOINT_CLUSTER_DERIVED,
BUS:JUNCTION:60:00864,60,-8.861366703075397,38.53583950618698,,,,line_endpoint_cluster,derived,ENDPOINT_CLUSTER_DERIVED,
BUS:JUNCTION:60:00866,60,-8.785107981765837,38.47439414304093,,,,line_endpoint_cluster,derived,ENDPOINT_CLUSTER_DERIVED,
BUS:EREDES:1507S5030900:60,60,-8.61353563507317,38.6894674275082,EREDES:1507S5030900,PEGÕES,1507S5030900,substation,E-REDES,DIRECT_EREDES,17.014752441955448
BUS:JUNCTION:60:00868,60,-8.62542348216243,38.67470193326153,,,,line_endpoint_cluster,derived,ENDPOINT_CLUSTER_DERIVED,
BUS:JUNCTION:60:00869,60,-8.766792457477386,37.997677363527664,,,,line_endpoint_cluster,derived,ENDPOINT_CLUSTER_DERIVED,
BUS:JUNCTION:60:00870,60,-8.755166043715013,37.97337398768965,,,,line_endpoint_cluster,derived,ENDPOINT_CLUSTER_DERIVED,
BUS:JUNCTION:60:00871,60,-8.747148616344713,37.97762725418907,,,,line_endpoint_cluster,derived,ENDPOINT_CLUSTER_DERIVED,
BUS:JUNCTION:60:00872,60,-8.770346669156282,37.98372592618488,,,,line_endpoint_cluster,derived,ENDPOINT_CLUSTER_DERIVED,
BUS:JUNCTION:60:00873,60,-8.667220878661098,38.0092377598924,,,,line_endpoint_cluster,derived,ENDPOINT_CLUSTER_DERIVED,
BUS:JUNCTION:60:00874,60,-8.6381508582325,38.02032896297403,,,,line_endpoint_cluster,derived,ENDPOINT_CLUSTER_DERIVED,
BUS:JUNCTION:60:00875,60,-8.777358799550786,37.99259229550265,,,,line_endpoint_cluster,derived,ENDPOINT_CLUSTER_DERIVED,
BUS:JUNCTION:60:00876,60,-8.775053555505428,37.94493446824242,,,,line_endpoint_cluster,derived,ENDPOINT_CLUSTER_DERIVED,
BUS:JUNCTION:60:00877,60,-8.814736560412838,37.983781358941606,,,,line_endpoint_cluster,derived,ENDPOINT_CLUSTER_DERIVED,
BUS:EREDES:1501S5053900:60,60,-8.31516483707305,38.2665137489847,EREDES:1501S5053900,VALE DE GAIO,1501S5053900,substation,E-REDES,DIRECT_EREDES,49.43097855500172
BUS:EREDES:1511S5020600:60,60,-9.07337451340172,38.5439716536938,EREDES:1511S5020600,QUINTA DO CONDE,1511S5020600,substation,E-REDES,DIRECT_EREDES,241.74776524790934
BUS:JUNCTION:60:00881,60,-8.956067409568803,38.722710715206546,,,,line_endpoint_cluster,derived,ENDPOINT_CLUSTER_DERIVED,
BUS:JUNCTION:60:00882,60,-8.95695245383677,38.72290933945074,,,,line_endpoint_cluster,derived,ENDPOINT_CLUSTER_DERIVED,
BUS:JUNCTION:60:00883,60,-8.959345283405787,38.72344748234889,,,,line_endpoint_cluster,derived,ENDPOINT_CLUSTER_DERIVED,
BUS:JUNCTION:60:00884,60,-8.961048206262264,38.72383291818149,,,,line_endpoint_cluster,derived,ENDPOINT_CLUSTER_DERIVED,
BUS:EREDES:1502S5030600:60,60,-8.97229933709246,38.7266963070105,EREDES:1502S5030600,SÃO FRANCISCO,1502S5030600,substation,E-REDES,DIRECT_EREDES,101.4733292551475
BUS:JUNCTION:60:00887,60,-7.949345119411253,37.061831757656485,,,,line_endpoint_cluster,derived,ENDPOINT_CLUSTER_DERIVED,
BUS:JUNCTION:60:00888,60,-7.852823974146745,37.10087852734238,,,,line_endpoint_cluster,derived,ENDPOINT_CLUSTER_DERIVED,
BUS:JUNCTION:60:00889,60,-8.895167784708484,37.0866183081139,,,,line_endpoint_cluster,derived,ENDPOINT_CLUSTER_DERIVED,
BUS:EREDES:0815S5061600:60,60,-8.90997690391322,37.0793171812525,EREDES:0815S5061600,VILA DO BISPO,0815S5061600,substation,E-REDES,DIRECT_EREDES,46.278881846257974
BUS:JUNCTION:60:00891,60,-8.505534082469321,37.161218297184334,,,,line_endpoint_cluster,derived,ENDPOINT_CLUSTER_DERIVED,
BUS:JUNCTION:60:00892,60,-8.477130497450162,37.153174908777636,,,,line_endpoint_cluster,derived,ENDPOINT_CLUSTER_DERIVED,
BUS:JUNCTION:60:00893,60,-8.419421372400855,37.13846414626505,,,,line_endpoint_cluster,derived,ENDPOINT_CLUSTER_DERIVED,
BUS:JUNCTION:60:00894,60,-8.432375579274478,37.14106779940724,,,,line_endpoint_cluster,derived,ENDPOINT_CLUSTER_DERIVED,
BUS:EREDES:0806P5061500:60,60,-8.42640918187564,37.1335833687369,EREDES:0806P5061500,LAMEIRAS,0806P5061500,switching_station,E-REDES,DIRECT_EREDES,143.51031888897396
BUS:JUNCTION:60:00897,60,-8.11751225973023,37.14015870294528,,,,line_endpoint_cluster,derived,ENDPOINT_CLUSTER_DERIVED,
BUS:JUNCTION:60:00898,60,-8.102246778381183,37.13479862413642,,,,line_endpoint_cluster,derived,ENDPOINT_CLUSTER_DERIVED,
BUS:JUNCTION:60:00899,60,-8.112898061930794,37.13692556694835,,,,line_endpoint_cluster,derived,ENDPOINT_CLUSTER_DERIVED,
BUS:JUNCTION:60:00900,60,-8.10370126829816,37.13450834258758,,,,line_endpoint_cluster,derived,ENDPOINT_CLUSTER_DERIVED,
BUS:JUNCTION:60:00901,60,-7.681586936427705,37.143078624410855,,,,line_endpoint_cluster,derived,ENDPOINT_CLUSTER_DERIVED,
BUS:JUNCTION:60:00902,60,-7.824624282769067,37.15449763050453,,,,line_endpoint_cluster,derived,ENDPOINT_CLUSTER_DERIVED,
BUS:JUNCTION:60:00903,60,-8.760659681745118,37.75212339685617,,,,line_endpoint_cluster,derived,ENDPOINT_CLUSTER_DERIVED,
BUS:JUNCTION:60:00904,60,-8.762683280037837,37.81183996942293,,,,line_endpoint_cluster,derived,ENDPOINT_CLUSTER_DERIVED,
BUS:JUNCTION:60:00905,60,-8.101309936369958,37.86452831756105,,,,line_endpoint_cluster,derived,ENDPOINT_CLUSTER_DERIVED,
BUS:JUNCTION:60:00906,60,-8.101001468300863,37.87979602167604,,,,line_endpoint_cluster,derived,ENDPOINT_CLUSTER_DERIVED,
BUS:EREDES:0202S5050400:60,60,-8.02963783369681,37.4828475610126,EREDES:0202S5050400,ALMODÔVAR,0202S5050400,substation,E-REDES,DIRECT_EREDES,28.249399924994044
BUS:JUNCTION:60:00908,60,-8.069305632294652,37.56704937733347,,,,line_endpoint_cluster,derived,ENDPOINT_CLUSTER_DERIVED,
BUS:JUNCTION:60:00909,60,-8.106420204502932,38.01626366850048,,,,line_endpoint_cluster,derived,ENDPOINT_CLUSTER_DERIVED,
BUS:JUNCTION:60:00910,60,-8.098837898629197,37.9897452812952,,,,line_endpoint_cluster,derived,ENDPOINT_CLUSTER_DERIVED,
BUS:EREDES:1106S5099600:60,60,-9.15739850854142,38.7475541384006,EREDES:1106S5099600,NORTE,1106S5099600,substation,E-REDES,DIRECT_EREDES,20.42604040871854
BUS:JUNCTION:60:00912,60,-9.167626875440702,38.741048750076075,,,,line_endpoint_cluster,derived,ENDPOINT_CLUSTER_DERIVED,
BUS:JUNCTION:60:00913,60,-9.153195236092401,38.74538872599521,,,,line_endpoint_cluster,derived,ENDPOINT_CLUSTER_DERIVED,
BUS:JUNCTION:60:00914,60,-9.100325857692956,38.78319838514369,,,,line_endpoint_cluster,derived,ENDPOINT_CLUSTER_DERIVED,
BUS:EREDES:1106S5800800:60,60,-9.09895141997504,38.7856440141005,EREDES:1106S5800800,EXPO NORTE,1106S5800800,substation,E-REDES,DIRECT_EREDES,12.719409508749099
BUS:EREDES:1106S5045000:60,60,-9.16181312089379,38.7122270096857,EREDES:1106S5045000,SÃO CIRO,1106S5045000,substation,E-REDES,DIRECT_EREDES,12.772182645663786
BUS:JUNCTION:60:00917,60,-9.166551065952538,38.709275464601454,,,,line_endpoint_cluster,derived,ENDPOINT_CLUSTER_DERIVED,
BUS:JUNCTION:60:00918,60,-9.156192585704051,38.76190165946733,,,,line_endpoint_cluster,derived,ENDPOINT_CLUSTER_DERIVED,
BUS:JUNCTION:60:00919,60,-9.150470151926541,38.76163610504422,,,,line_endpoint_cluster,derived,ENDPOINT_CLUSTER_DERIVED,
BUS:JUNCTION:60:00920,60,-9.111111206294007,38.76131569719142,,,,line_endpoint_cluster,derived,ENDPOINT_CLUSTER_DERIVED,
BUS:JUNCTION:60:00921,60,-9.109374061088456,38.76265368554001,,,,line_endpoint_cluster,derived,ENDPOINT_CLUSTER_DERIVED,
BUS:JUNCTION:60:00922,60,-9.106424893321552,38.77253436672879,,,,line_endpoint_cluster,derived,ENDPOINT_CLUSTER_DERIVED,
BUS:JUNCTION:60:00923,60,-9.20396731755674,38.71411390332145,,,,line_endpoint_cluster,derived,ENDPOINT_CLUSTER_DERIVED,
BUS:JUNCTION:60:00924,60,-9.111654724069883,38.760238890286374,,,,line_endpoint_cluster,derived,ENDPOINT_CLUSTER_DERIVED,
BUS:JUNCTION:60:00925,60,-9.195450152813942,38.70926662404541,,,,line_endpoint_cluster,derived,ENDPOINT_CLUSTER_DERIVED,
BUS:JUNCTION:60:00926,60,-9.19401234763814,38.708868197853526,,,,line_endpoint_cluster,derived,ENDPOINT_CLUSTER_DERIVED,
BUS:JUNCTION:60:00927,60,-9.187846998467686,38.705955615099704,,,,line_endpoint_cluster,derived,ENDPOINT_CLUSTER_DERIVED,
BUS:JUNCTION:60:00928,60,-9.193205261748396,38.708308470110005,,,,line_endpoint_cluster,derived,ENDPOINT_CLUSTER_DERIVED,
BUS:JUNCTION:60:00929,60,-9.202250940959209,38.709467293001566,,,,line_endpoint_cluster,derived,ENDPOINT_CLUSTER_DERIVED,
BUS:JUNCTION:60:00930,60,-9.165773436921414,38.737839279331304,,,,line_endpoint_cluster,derived,ENDPOINT_CLUSTER_DERIVED,
BUS:JUNCTION:60:00931,60,-9.158467025372884,38.73584984498808,,,,line_endpoint_cluster,derived,ENDPOINT_CLUSTER_DERIVED,
BUS:JUNCTION:60:00932,60,-9.156664672173441,38.73553310527636,,,,line_endpoint_cluster,derived,ENDPOINT_CLUSTER_DERIVED,
BUS:JUNCTION:60:00933,60,-9.153092537198598,38.733217221902834,,,,line_endpoint_cluster,derived,ENDPOINT_CLUSTER_DERIVED,
BUS:JUNCTION:60:00934,60,-9.15433744763383,38.73468371295276,,,,line_endpoint_cluster,derived,ENDPOINT_CLUSTER_DERIVED,
BUS:JUNCTION:60:00935,60,-9.260827733896656,38.73737579332293,,,,line_endpoint_cluster,derived,ENDPOINT_CLUSTER_DERIVED,
BUS:JUNCTION:60:00936,60,-9.256425006602704,38.73506145873967,,,,line_endpoint_cluster,derived,ENDPOINT_CLUSTER_DERIVED,
BUS:JUNCTION:60:00937,60,-9.233371166312962,38.75723390880569,,,,line_endpoint_cluster,derived,ENDPOINT_CLUSTER_DERIVED,
BUS:EREDES:1115P5187100:60,60,-9.24080702133099,38.7692499925843,EREDES:1115P5187100,CARENQUE,1115P5187100,switching_station,E-REDES,DIRECT_EREDES,177.9690863136549
BUS:EREDES:1115S5480500:60,60,-9.23235979612952,38.7524282216842,EREDES:1115S5480500,REBOLEIRA,1115S5480500,substation,E-REDES,DIRECT_EREDES,45.040695644641424
BUS:JUNCTION:60:00941,60,-9.232390660845128,38.757655008206,,,,line_endpoint_cluster,derived,ENDPOINT_CLUSTER_DERIVED,
BUS:JUNCTION:60:00943,60,-9.225768735478976,38.73447979634062,,,,line_endpoint_cluster,derived,ENDPOINT_CLUSTER_DERIVED,
BUS:EREDES:1111S5903100:60,60,-9.30298072974004,38.7510208313432,EREDES:1111S5903100,SÃO MARCOS,1111S5903100,substation,E-REDES,DIRECT_EREDES,18.82792335264853
BUS:JUNCTION:60:00945,60,-9.308377594942113,38.75017268731989,,,,line_endpoint_cluster,derived,ENDPOINT_CLUSTER_DERIVED,
BUS:JUNCTION:60:00946,60,-9.306713646556311,38.706677974109354,,,,line_endpoint_cluster,derived,ENDPOINT_CLUSTER_DERIVED,
BUS:JUNCTION:60:00947,60,-9.30649518104001,38.699047209975106,,,,line_endpoint_cluster,derived,ENDPOINT_CLUSTER_DERIVED,
BUS:JUNCTION:60:00948,60,-9.223726765381288,38.732842950379606,,,,line_endpoint_cluster,derived,ENDPOINT_CLUSTER_DERIVED,
BUS:EREDES:1107S5097500:60,60,-9.10482408960698,38.784127838019,EREDES:1107S5097500,MOSCAVIDE,1107S5097500,substation,E-REDES,DIRECT_EREDES,33.831822444411976
BUS:JUNCTION:60:00950,60,-9.105751365461314,38.78068712521154,,,,line_endpoint_cluster,derived,ENDPOINT_CLUSTER_DERIVED,
BUS:JUNCTION:60:00951,60,-9.130425445992575,38.86291713155955,,,,line_endpoint_cluster,derived,ENDPOINT_CLUSTER_DERIVED,
BUS:JUNCTION:60:00952,60,-9.130573543170176,38.86387293265504,,,,line_endpoint_cluster,derived,ENDPOINT_CLUSTER_DERIVED,
BUS:JUNCTION:60:00953,60,-9.121451169894936,38.863883817615516,,,,line_endpoint_cluster,derived,ENDPOINT_CLUSTER_DERIVED,
BUS:JUNCTION:60:00954,60,-9.326341358381201,38.7490225405914,,,,line_endpoint_cluster,derived,ENDPOINT_CLUSTER_DERIVED,
BUS:JUNCTION:60:00955,60,-9.39360045251336,38.74121106645234,,,,line_endpoint_cluster,derived,ENDPOINT_CLUSTER_DERIVED,
BUS:EREDES:1105S5396000:60,60,-9.39539996453389,38.7359157581001,EREDES:1105S5396000,ALCOITÃO,1105S5396000,substation,E-REDES,DIRECT_EREDES,7.548541483560761
BUS:JUNCTION:60:00957,60,-9.359705891614182,38.73979512603363,,,,line_endpoint_cluster,derived,ENDPOINT_CLUSTER_DERIVED,
BUS:JUNCTION:60:00958,60,-9.366209728713944,38.739563400845114,,,,line_endpoint_cluster,derived,ENDPOINT_CLUSTER_DERIVED,
BUS:EREDES:1116S5340000:60,60,-9.19080965783365,38.7956554364485,EREDES:1116S5340000,ARROJA,1116S5340000,substation,E-REDES,DIRECT_EREDES,143.25842899029217
BUS:JUNCTION:60:00961,60,-9.205538922255991,38.79382125837618,,,,line_endpoint_cluster,derived,ENDPOINT_CLUSTER_DERIVED,
BUS:JUNCTION:60:00962,60,-9.200076265317511,38.78743771264617,,,,line_endpoint_cluster,derived,ENDPOINT_CLUSTER_DERIVED,
BUS:JUNCTION:60:00963,60,-8.964996522987386,39.01268315257555,,,,line_endpoint_cluster,derived,ENDPOINT_CLUSTER_DERIVED,
BUS:EREDES:1114S5140100:60,60,-9.01462395601946,38.9218955885683,EREDES:1114S5140100,ALHANDRA,1114S5140100,substation,E-REDES,DIRECT_EREDES,9.023833376160598
BUS:JUNCTION:60:00965,60,-9.0834473007461,38.85935341024437,,,,line_endpoint_cluster,derived,ENDPOINT_CLUSTER_DERIVED,
BUS:JUNCTION:60:00966,60,-9.08686405468135,38.859432425529,,,,line_endpoint_cluster,derived,ENDPOINT_CLUSTER_DERIVED,
BUS:JUNCTION:60:00967,60,-9.109632178630518,38.862521300280726,,,,line_endpoint_cluster,derived,ENDPOINT_CLUSTER_DERIVED,
BUS:JUNCTION:60:00968,60,-9.320039990583297,38.838459957099914,,,,line_endpoint_cluster,derived,ENDPOINT_CLUSTER_DERIVED,
BUS:JUNCTION:60:00969,60,-9.373515696744015,38.759580548482425,,,,line_endpoint_cluster,derived,ENDPOINT_CLUSTER_DERIVED,
BUS:EREDES:1111S5127800:60,60,-9.36324270861278,38.7604004590443,EREDES:1111S5127800,CAPA ROTA,1111S5127800,substation,E-REDES,DIRECT_EREDES,21.172846634910606
BUS:EREDES:1111S5066400:60,60,-9.32625843841308,38.8508914400789,EREDES:1111S5066400,PERO PINHEIRO,1111S5066400,substation,E-REDES,DIRECT_EREDES,9.067593436886517
BUS:JUNCTION:60:00972,60,-9.238789250143155,39.08799831033969,,,,line_endpoint_cluster,derived,ENDPOINT_CLUSTER_DERIVED,
BUS:EREDES:1406S5900900:60,60,-8.80218898529396,39.1806055170379,EREDES:1406S5900900,CARTAXO NORTE,1406S5900900,substation,E-REDES,DIRECT_EREDES,126.3127928395725
BUS:JUNCTION:60:00974,60,-8.789795219628568,39.21020793596951,,,,line_endpoint_cluster,derived,ENDPOINT_CLUSTER_DERIVED,
BUS:EREDES:1416S5106800:60,60,-8.72576194794212,39.2473941408176,EREDES:1416S5106800,FONTAINHAS,1416S5106800,substation,E-REDES,DIRECT_EREDES,26.217084597811425
BUS:JUNCTION:60:00976,60,-8.880396476076964,38.897335138351615,,,,line_endpoint_cluster,derived,ENDPOINT_CLUSTER_DERIVED,
BUS:EREDES:1405S5680800:60,60,-8.85373624625118,38.9148122335011,EREDES:1405S5680800,CARRASCAL,1405S5680800,substation,E-REDES,DIRECT_EREDES,19.59013147973804
BUS:JUNCTION:60:00978,60,-8.836056870539235,38.926096793922454,,,,line_endpoint_cluster,derived,ENDPOINT_CLUSTER_DERIVED,
BUS:JUNCTION:60:00979,60,-8.334128173309622,39.54526044551627,,,,line_endpoint_cluster,derived,ENDPOINT_CLUSTER_DERIVED,
BUS:JUNCTION:60:00980,60,-8.327894809645493,39.54539325586229,,,,line_endpoint_cluster,derived,ENDPOINT_CLUSTER_DERIVED,
BUS:JUNCTION:60:00981,60,-8.363107540691587,39.64793668576598,,,,line_endpoint_cluster,derived,ENDPOINT_CLUSTER_DERIVED,
BUS:JUNCTION:60:00982,60,-8.331548864070161,39.54540082597387,,,,line_endpoint_cluster,derived,ENDPOINT_CLUSTER_DERIVED,
BUS:EREDES:1418S5004100:60,60,-8.39320109087591,39.554756683008,EREDES:1418S5004100,SANTA CITA,1418S5004100,substation,E-REDES,DIRECT_EREDES,26.99376565478571
BUS:JUNCTION:60:00984,60,-8.329022036288968,39.5447226993965,,,,line_endpoint_cluster,derived,ENDPOINT_CLUSTER_DERIVED,
BUS:JUNCTION:60:00985,60,-8.323482126342064,39.542239689689225,,,,line_endpoint_cluster,derived,ENDPOINT_CLUSTER_DERIVED,
BUS:EREDES:1419S5627800:60,60,-8.54837270810758,39.4688281430257,EREDES:1419S5627800,SERRADA GRANDE,1419S5627800,substation,E-REDES,DIRECT_EREDES,10.474922384440452
BUS:EREDES:1419P5569100:60,60,-8.61476011140997,39.4939960575818,EREDES:1419P5569100,ALMONDA,1419P5569100,switching_station,E-REDES,DIRECT_EREDES,10.856060330510783
BUS:JUNCTION:60:00988,60,-8.6248069966077,39.48055764408041,,,,line_endpoint_cluster,derived,ENDPOINT_CLUSTER_DERIVED,
BUS:JUNCTION:60:00989,60,-8.1879667507406,39.482068475410635,,,,line_endpoint_cluster,derived,ENDPOINT_CLUSTER_DERIVED,
BUS:JUNCTION:60:00991,60,-8.063443623484863,39.488048384859326,,,,line_endpoint_cluster,derived,ENDPOINT_CLUSTER_DERIVED,
BUS:JUNCTION:60:00992,60,-7.8832482695084,39.53133611815516,,,,line_endpoint_cluster,derived,ENDPOINT_CLUSTER_DERIVED,
BUS:JUNCTION:60:00993,60,-7.81214156365873,39.564963496853615,,,,line_endpoint_cluster,derived,ENDPOINT_CLUSTER_DERIVED,
BUS:JUNCTION:60:00994,60,-8.610755273758071,39.66655713584937,,,,line_endpoint_cluster,derived,ENDPOINT_CLUSTER_DERIVED,
BUS:JUNCTION:60:00995,60,-8.64383702890222,39.67128700543143,,,,line_endpoint_cluster,derived,ENDPOINT_CLUSTER_DERIVED,
BUS:JUNCTION:60:00996,60,-8.2388280404496,39.7642025121177,,,,line_endpoint_cluster,derived,ENDPOINT_CLUSTER_DERIVED,
BUS:JUNCTION:60:00997,60,-8.235804785004262,39.76685714368033,,,,line_endpoint_cluster,derived,ENDPOINT_CLUSTER_DERIVED,
BUS:JUNCTION:60:00998,60,-8.99062520700975,39.35583057864249,,,,line_endpoint_cluster,derived,ENDPOINT_CLUSTER_DERIVED,
BUS:JUNCTION:60:00999,60,-9.000861810540256,39.34985498205809,,,,line_endpoint_cluster,derived,ENDPOINT_CLUSTER_DERIVED,
BUS:JUNCTION:60:01000,60,-8.001868509820124,39.48526908835028,,,,line_endpoint_cluster,derived,ENDPOINT_CLUSTER_DERIVED,
BUS:JUNCTION:60:01003,60,-7.999815055086423,39.46250254542502,,,,line_endpoint_cluster,derived,ENDPOINT_CLUSTER_DERIVED,
BUS:JUNCTION:60:01004,60,-7.028618333957969,38.921812221241304,,,,line_endpoint_cluster,derived,ENDPOINT_CLUSTER_DERIVED,
BUS:JUNCTION:60:01005,60,-7.357569526647657,39.165782763038415,,,,line_endpoint_cluster,derived,ENDPOINT_CLUSTER_DERIVED,
BUS:JUNCTION:60:01006,60,-7.805823234817744,39.567254849049526,,,,line_endpoint_cluster,derived,ENDPOINT_CLUSTER_DERIVED,
BUS:JUNCTION:60:01007,60,-7.794683825219116,39.56452322584881,,,,line_endpoint_cluster,derived,ENDPOINT_CLUSTER_DERIVED,
BUS:JUNCTION:60:01008,60,-7.694748797337526,39.7015942596131,,,,line_endpoint_cluster,derived,ENDPOINT_CLUSTER_DERIVED,
BUS:JUNCTION:60:01009,60,-7.609035427818895,39.77749982963921,,,,line_endpoint_cluster,derived,ENDPOINT_CLUSTER_DERIVED,
BUS:JUNCTION:60:01010,60,-7.615282169251263,39.78436038457863,,,,line_endpoint_cluster,derived,ENDPOINT_CLUSTER_DERIVED,
BUS:EREDES:0502S5006900:60,60,-7.52060359032536,39.8222848887065,EREDES:0502S5006900,TALAGUEIRA,0502S5006900,substation,E-REDES,DIRECT_EREDES,61.831558550510174
BUS:JUNCTION:60:01012,60,-7.508095673244751,39.82704930323544,,,,line_endpoint_cluster,derived,ENDPOINT_CLUSTER_DERIVED,
BUS:EREDES:0502S5007000:60,60,-7.50566311530235,39.8257827889005,EREDES:0502S5007000,CASTELO BRANCO,0502S5007000,switching_station,E-REDES,DIRECT_EREDES,28.41577014856058
BUS:JUNCTION:60:01014,60,-7.331927034877888,39.860881396618964,,,,line_endpoint_cluster,derived,ENDPOINT_CLUSTER_DERIVED,
BUS:JUNCTION:60:01015,60,-8.232522487724093,39.76973891128128,,,,line_endpoint_cluster,derived,ENDPOINT_CLUSTER_DERIVED,
BUS:JUNCTION:60:01016,60,-8.440103243719765,40.16805179010621,,,,line_endpoint_cluster,derived,ENDPOINT_CLUSTER_DERIVED,
BUS:JUNCTION:60:01017,60,-8.323882478070457,40.20929006143561,,,,line_endpoint_cluster,derived,ENDPOINT_CLUSTER_DERIVED,
BUS:JUNCTION:60:01018,60,-8.361193733740702,40.19356627218425,,,,line_endpoint_cluster,derived,ENDPOINT_CLUSTER_DERIVED,
BUS:JUNCTION:60:01019,60,-8.182133834416245,40.25962824248182,,,,line_endpoint_cluster,derived,ENDPOINT_CLUSTER_DERIVED,
BUS:EREDES:0601S5003100:60,60,-8.16086477435781,40.2480601949426,EREDES:0601S5003100,FRONHAS,0601S5003100,substation,E-REDES,DIRECT_EREDES,20.493614912350484
BUS:JUNCTION:60:01021,60,-8.248886159422618,40.23704808466552,,,,line_endpoint_cluster,derived,ENDPOINT_CLUSTER_DERIVED,
BUS:JUNCTION:60:01022,60,-7.796808780183047,40.07782354274102,,,,line_endpoint_cluster,derived,ENDPOINT_CLUSTER_DERIVED,
BUS:JUNCTION:60:01023,60,-7.798453953729839,40.07853451374818,,,,line_endpoint_cluster,derived,ENDPOINT_CLUSTER_DERIVED,
BUS:JUNCTION:60:01024,60,-7.80527283137931,40.079869666146735,,,,line_endpoint_cluster,derived,ENDPOINT_CLUSTER_DERIVED,
BUS:EREDES:0612S5003700:60,60,-7.81866963098831,40.079692690655,EREDES:0612S5003700,SANTA LUZIA,0612S5003700,substation,E-REDES,DIRECT_EREDES,32.948742482692076
BUS:JUNCTION:60:01026,60,-8.376279877087978,39.98983188445746,,,,line_endpoint_cluster,derived,ENDPOINT_CLUSTER_DERIVED,
BUS:JUNCTION:60:01027,60,-8.391358667993256,39.97410253766543,,,,line_endpoint_cluster,derived,ENDPOINT_CLUSTER_DERIVED,
BUS:JUNCTION:60:01028,60,-7.148791990431647,41.08740158393842,,,,line_endpoint_cluster,derived,ENDPOINT_CLUSTER_DERIVED,
BUS:JUNCTION:60:01029,60,-7.177532711445441,41.02897869819388,,,,line_endpoint_cluster,derived,ENDPOINT_CLUSTER_DERIVED,
BUS:JUNCTION:60:01030,60,-7.516823712564139,40.40474199600891,,,,line_endpoint_cluster,derived,ENDPOINT_CLUSTER_DERIVED,
BUS:JUNCTION:60:01031,60,-7.422963676811524,40.407397544616195,,,,line_endpoint_cluster,derived,ENDPOINT_CLUSTER_DERIVED,
BUS:EREDES:0906S5008600:60,60,-7.60191469453539,40.4962776822769,EREDES:0906S5008600,GOUVEIA,0906S5008600,substation,E-REDES,DIRECT_EREDES,12.301153241014836
BUS:JUNCTION:60:01033,60,-7.508151434378924,40.5559842201297,,,,line_endpoint_cluster,derived,ENDPOINT_CLUSTER_DERIVED,
BUS:JUNCTION:60:01035,60,-7.369923731174361,40.70212636349905,,,,line_endpoint_cluster,derived,ENDPOINT_CLUSTER_DERIVED,
BUS:JUNCTION:60:01036,60,-7.029686728670307,40.81734121340199,,,,line_endpoint_cluster,derived,ENDPOINT_CLUSTER_DERIVED,
BUS:JUNCTION:60:01037,60,-7.705125569116848,40.384821928922214,,,,line_endpoint_cluster,derived,ENDPOINT_CLUSTER_DERIVED,
BUS:JUNCTION:60:01038,60,-7.72793330651552,40.37985761557916,,,,line_endpoint_cluster,derived,ENDPOINT_CLUSTER_DERIVED,
BUS:JUNCTION:60:01039,60,-7.716270797548292,40.38385655988481,,,,line_endpoint_cluster,derived,ENDPOINT_CLUSTER_DERIVED,
BUS:JUNCTION:60:01040,60,-7.127387209401642,41.138292112395895,,,,line_endpoint_cluster,derived,ENDPOINT_CLUSTER_DERIVED,
BUS:JUNCTION:60:01041,60,-7.12851623108858,41.13605505094152,,,,line_endpoint_cluster,derived,ENDPOINT_CLUSTER_DERIVED,
BUS:EREDES:1015S5002300:60,60,-8.63490958045611,39.9189343959032,EREDES:1015S5002300,POMBAL,1015S5002300,substation,E-REDES,DIRECT_EREDES,17.290418736111256
BUS:JUNCTION:60:01043,60,-8.743593944732622,39.808376625049945,,,,line_endpoint_cluster,derived,ENDPOINT_CLUSTER_DERIVED,
BUS:JUNCTION:60:01044,60,-9.089036247684149,39.36025288928133,,,,line_endpoint_cluster,derived,ENDPOINT_CLUSTER_DERIVED,
BUS:JUNCTION:60:01045,60,-9.121236445306012,39.38505920194436,,,,line_endpoint_cluster,derived,ENDPOINT_CLUSTER_DERIVED,
BUS:EREDES:1006S5003000:60,60,-9.13168383147573,39.3972188117147,EREDES:1006S5003000,CALDAS DA RAINHA,1006S5003000,substation,E-REDES,DIRECT_EREDES,41.97934387315148
BUS:JUNCTION:60:01047,60,-9.010934925704158,39.34372342173577,,,,line_endpoint_cluster,derived,ENDPOINT_CLUSTER_DERIVED,
BUS:JUNCTION:60:01048,60,-8.546199300194173,40.176887850758185,,,,line_endpoint_cluster,derived,ENDPOINT_CLUSTER_DERIVED,
BUS:JUNCTION:60:01049,60,-8.56984278335233,41.196101523059006,,,,line_endpoint_cluster,derived,ENDPOINT_CLUSTER_DERIVED,
BUS:JUNCTION:60:01050,60,-8.571388615747908,41.195267524757575,,,,line_endpoint_cluster,derived,ENDPOINT_CLUSTER_DERIVED,
BUS:JUNCTION:60:01051,60,-8.580073126351916,41.191591775015254,,,,line_endpoint_cluster,derived,ENDPOINT_CLUSTER_DERIVED,
BUS:JUNCTION:60:01052,60,-8.51436457056687,40.61022777562501,,,,line_endpoint_cluster,derived,ENDPOINT_CLUSTER_DERIVED,
BUS:JUNCTION:60:01053,60,-7.705732360014041,40.13297832687156,,,,line_endpoint_cluster,derived,ENDPOINT_CLUSTER_DERIVED,
BUS:JUNCTION:60:01054,60,-7.69357690449692,40.1337033334568,,,,line_endpoint_cluster,derived,ENDPOINT_CLUSTER_DERIVED,
BUS:JUNCTION:60:01055,60,-7.676873605580281,40.13791265336805,,,,line_endpoint_cluster,derived,ENDPOINT_CLUSTER_DERIVED,
BUS:JUNCTION:60:01056,60,-7.672778487579607,40.13962171327006,,,,line_endpoint_cluster,derived,ENDPOINT_CLUSTER_DERIVED,
BUS:JUNCTION:60:01057,60,-7.625142018668391,40.15924793883101,,,,line_endpoint_cluster,derived,ENDPOINT_CLUSTER_DERIVED,
BUS:JUNCTION:60:01058,60,-7.571481542935912,40.16887239317738,,,,line_endpoint_cluster,derived,ENDPOINT_CLUSTER_DERIVED,
BUS:JUNCTION:60:01059,60,-7.499730442126465,40.2166805832001,,,,line_endpoint_cluster,derived,ENDPOINT_CLUSTER_DERIVED,
BUS:JUNCTION:60:01060,60,-7.500350921030042,40.21410408420131,,,,line_endpoint_cluster,derived,ENDPOINT_CLUSTER_DERIVED,
BUS:JUNCTION:60:01061,60,-7.385349575713817,40.341906037141534,,,,line_endpoint_cluster,derived,ENDPOINT_CLUSTER_DERIVED,
BUS:EREDES:0504S5008900:60,60,-7.49407281195317,40.1691692232885,EREDES:0504S5008900,FUNDÃO,0504S5008900,substation,E-REDES,DIRECT_EREDES,37.88085918874035
BUS:JUNCTION:60:01063,60,-8.60395879002663,39.836996266865135,,,,line_endpoint_cluster,derived,ENDPOINT_CLUSTER_DERIVED,
BUS:EREDES:1001S5001300:60,60,-9.05143473298618,39.5270530768576,EREDES:1001S5001300,CELA,1001S5001300,substation,E-REDES,DIRECT_EREDES,18.333275948755308
BUS:JUNCTION:60:01065,60,-9.063158738858895,39.53304004455755,,,,line_endpoint_cluster,derived,ENDPOINT_CLUSTER_DERIVED,
BUS:JUNCTION:60:01066,60,-8.984766628019818,39.656787513507346,,,,line_endpoint_cluster,derived,ENDPOINT_CLUSTER_DERIVED,
BUS:JUNCTION:60:01067,60,-8.981823609211729,39.38547350801737,,,,line_endpoint_cluster,derived,ENDPOINT_CLUSTER_DERIVED,
BUS:EREDES:1016S5000100:60,60,-8.85154248808981,39.6306972539376,EREDES:1016S5000100,SÃO JORGE,1016S5000100,substation,E-REDES,DIRECT_EREDES,18.656626286520446
BUS:JUNCTION:60:01069,60,-8.847417994504408,39.64257901660149,,,,line_endpoint_cluster,derived,ENDPOINT_CLUSTER_DERIVED,
BUS:JUNCTION:60:01070,60,-8.847070795572838,39.675206775635694,,,,line_endpoint_cluster,derived,ENDPOINT_CLUSTER_DERIVED,
BUS:JUNCTION:60:01071,60,-8.85228368580001,39.68063435705407,,,,line_endpoint_cluster,derived,ENDPOINT_CLUSTER_DERIVED,
BUS:JUNCTION:60:01072,60,-8.914524644785343,39.747078961868795,,,,line_endpoint_cluster,derived,ENDPOINT_CLUSTER_DERIVED,
BUS:EREDES:1010S5000000:60,60,-8.91890006028061,39.747685032879,EREDES:1010S5000000,MARINHA GRANDE,1010S5000000,substation,E-REDES,DIRECT_EREDES,8.717068028361675
BUS:JUNCTION:60:01074,60,-9.070383160150728,39.54187716409827,,,,line_endpoint_cluster,derived,ENDPOINT_CLUSTER_DERIVED,
BUS:JUNCTION:60:01075,60,-7.917173363609943,40.09606792176909,,,,line_endpoint_cluster,derived,ENDPOINT_CLUSTER_DERIVED,
BUS:JUNCTION:60:01076,60,-8.420112769580207,40.28729402375255,,,,line_endpoint_cluster,derived,ENDPOINT_CLUSTER_DERIVED,
BUS:JUNCTION:60:01078,60,-8.542449621132615,40.177465498390205,,,,line_endpoint_cluster,derived,ENDPOINT_CLUSTER_DERIVED,
BUS:JUNCTION:60:01079,60,-8.061795291594361,40.08604689650044,,,,line_endpoint_cluster,derived,ENDPOINT_CLUSTER_DERIVED,
BUS:EREDES:0606P5020600:60,60,-8.06667152545792,40.0870724934242,EREDES:0606P5020600,MALHADAS,0606P5020600,switching_station,E-REDES,DIRECT_EREDES,4.989024097682063
BUS:JUNCTION:60:01081,60,-7.83974055973552,40.374812589448275,,,,line_endpoint_cluster,derived,ENDPOINT_CLUSTER_DERIVED,
BUS:EREDES:0611S5000300:60,60,-7.86236107473726,40.3682071300528,EREDES:0611S5000300,OLIVEIRA DO HOSPITAL,0611S5000300,substation,E-REDES,DIRECT_EREDES,134.0513023177647
BUS:JUNCTION:60:01083,60,-8.607235114545443,40.172564023465355,,,,line_endpoint_cluster,derived,ENDPOINT_CLUSTER_DERIVED,
BUS:JUNCTION:60:01084,60,-8.619896074202632,40.17283132455384,,,,line_endpoint_cluster,derived,ENDPOINT_CLUSTER_DERIVED,
BUS:JUNCTION:60:01085,60,-8.596139927326833,40.17210077531494,,,,line_endpoint_cluster,derived,ENDPOINT_CLUSTER_DERIVED,
BUS:JUNCTION:60:01086,60,-8.560973865492505,40.17460862442735,,,,line_endpoint_cluster,derived,ENDPOINT_CLUSTER_DERIVED,
BUS:JUNCTION:60:01087,60,-8.597296374527014,40.17234515750109,,,,line_endpoint_cluster,derived,ENDPOINT_CLUSTER_DERIVED,
BUS:JUNCTION:60:01088,60,-8.506877216250727,40.41061668900381,,,,line_endpoint_cluster,derived,ENDPOINT_CLUSTER_DERIVED,
BUS:EREDES:0602S5005900:60,60,-8.58426601756492,40.3489881915674,EREDES:0602S5005900,CANTANHEDE,0602S5005900,substation,E-REDES,DIRECT_EREDES,16.73513235876642
BUS:JUNCTION:60:01090,60,-8.494103358691651,40.3960626786379,,,,line_endpoint_cluster,derived,ENDPOINT_CLUSTER_DERIVED,
BUS:JUNCTION:60:01091,60,-8.706662509595992,40.33701637653865,,,,line_endpoint_cluster,derived,ENDPOINT_CLUSTER_DERIVED,
BUS:JUNCTION:60:01092,60,-8.61518570891767,40.36865625347602,,,,line_endpoint_cluster,derived,ENDPOINT_CLUSTER_DERIVED,
BUS:JUNCTION:60:01093,60,-8.007591865980269,40.325614915564444,,,,line_endpoint_cluster,derived,ENDPOINT_CLUSTER_DERIVED,
BUS:JUNCTION:60:01094,60,-8.332673907938823,40.43574514815666,,,,line_endpoint_cluster,derived,ENDPOINT_CLUSTER_DERIVED,
BUS:EREDES:1808S5009500:60,60,-8.22331701465612,40.4026747367005,EREDES:1808S5009500,MORTÁGUA,1808S5009500,substation,E-REDES,DIRECT_EREDES,15.106102980349736
BUS:JUNCTION:60:01096,60,-8.012015757492781,40.7386696002657,,,,line_endpoint_cluster,derived,ENDPOINT_CLUSTER_DERIVED,
BUS:EREDES:1824S5009400:60,60,-8.12181985814533,40.7261529267672,EREDES:1824S5009400,VOUZELA,1824S5009400,substation,E-REDES,DIRECT_EREDES,28.92963084503495
BUS:JUNCTION:60:01098,60,-7.86325685199873,40.48614014151515,,,,line_endpoint_cluster,derived,ENDPOINT_CLUSTER_DERIVED,
BUS:JUNCTION:60:01099,60,-7.898666107681203,40.49254168442267,,,,line_endpoint_cluster,derived,ENDPOINT_CLUSTER_DERIVED,
BUS:JUNCTION:60:01100,60,-7.938676389035762,40.513307791334974,,,,line_endpoint_cluster,derived,ENDPOINT_CLUSTER_DERIVED,
BUS:JUNCTION:60:01101,60,-7.758692493053483,41.139024133669935,,,,line_endpoint_cluster,derived,ENDPOINT_CLUSTER_DERIVED,
BUS:JUNCTION:60:01102,60,-7.763942572843808,41.15239953207402,,,,line_endpoint_cluster,derived,ENDPOINT_CLUSTER_DERIVED,
BUS:EREDES:1805S5001700:60,60,-7.77572914455816,41.1406439830133,EREDES:1805S5001700,VAROSA,1805S5001700,substation,E-REDES,DIRECT_EREDES,18.915602635668222
BUS:JUNCTION:60:01104,60,-8.027536169035349,40.75382482163873,,,,line_endpoint_cluster,derived,ENDPOINT_CLUSTER_DERIVED,
BUS:JUNCTION:60:01105,60,-8.040537050674228,40.76248049517088,,,,line_endpoint_cluster,derived,ENDPOINT_CLUSTER_DERIVED,
BUS:EREDES:1816P5012500:60,60,-8.04382892827677,40.7599518588064,EREDES:1816P5012500,PC SÃO PEDRO DO SUL,1816P5012500,switching_station,E-REDES,DIRECT_EREDES,1.6324277356060377
BUS:JUNCTION:60:01107,60,-7.673136922267076,40.448018292091405,,,,line_endpoint_cluster,derived,ENDPOINT_CLUSTER_DERIVED,
BUS:JUNCTION:60:01108,60,-7.660499875327685,40.45702201481798,,,,line_endpoint_cluster,derived,ENDPOINT_CLUSTER_DERIVED,
BUS:EREDES:0912S5009000:60,60,-7.66234690427741,40.3968948769083,EREDES:0912S5009000,SABUGUEIRO,0912S5009000,substation,E-REDES,DIRECT_EREDES,19.863727178685917
BUS:EREDES:0913S5007500:60,60,-7.35180674860509,40.7812121003611,EREDES:0913S5007500,TRANCOSO,0913S5007500,substation,E-REDES,DIRECT_EREDES,15.375419361301658
BUS:JUNCTION:60:01111,60,-7.35943215999998,40.76243818534393,,,,line_endpoint_cluster,derived,ENDPOINT_CLUSTER_DERIVED,
BUS:JUNCTION:60:01112,60,-7.186802337936313,40.7573068168588,,,,line_endpoint_cluster,derived,ENDPOINT_CLUSTER_DERIVED,
BUS:EREDES:0910S5007200:60,60,-7.05819006931487,40.7740380777645,EREDES:0910S5007200,PINHEL,0910S5007200,substation,E-REDES,DIRECT_EREDES,30.016190655565985
BUS:JUNCTION:60:01114,60,-6.902667238194939,41.59794451411813,,,,line_endpoint_cluster,derived,ENDPOINT_CLUSTER_DERIVED,
BUS:EREDES:0402S5005100:60,60,-6.77086493332951,41.7920255730888,EREDES:0402S5005100,BRAGANÇA,0402S5005100,substation,E-REDES,DIRECT_EREDES,40.37264408428162
BUS:JUNCTION:60:01116,60,-7.144760593894592,41.37828494609246,,,,line_endpoint_cluster,derived,ENDPOINT_CLUSTER_DERIVED,
BUS:JUNCTION:60:01117,60,-7.145147344662512,41.379133811264076,,,,line_endpoint_cluster,derived,ENDPOINT_CLUSTER_DERIVED,
BUS:EREDES:0407S5014900:60,60,-7.18673240519681,41.4724477760407,EREDES:0407S5014900,MIRANDELA,0407S5014900,substation,E-REDES,DIRECT_EREDES,27.43769189858524
BUS:JUNCTION:60:01119,60,-8.48472072832967,40.41133971829415,,,,line_endpoint_cluster,derived,ENDPOINT_CLUSTER_DERIVED,
BUS:JUNCTION:60:01120,60,-8.448161996947597,40.43694980602424,,,,line_endpoint_cluster,derived,ENDPOINT_CLUSTER_DERIVED,
BUS:JUNCTION:60:01121,60,-8.49934384437865,40.41602229165786,,,,line_endpoint_cluster,derived,ENDPOINT_CLUSTER_DERIVED,
BUS:JUNCTION:60:01122,60,-8.600758289329727,41.02090257704468,,,,line_endpoint_cluster,derived,ENDPOINT_CLUSTER_DERIVED,
BUS:JUNCTION:60:01123,60,-8.598543853674418,41.012057517251236,,,,line_endpoint_cluster,derived,ENDPOINT_CLUSTER_DERIVED,
BUS:JUNCTION:60:01124,60,-8.50985812069126,41.008407661679655,,,,line_endpoint_cluster,derived,ENDPOINT_CLUSTER_DERIVED,
BUS:JUNCTION:60:01125,60,-8.512179194834244,41.013698629854964,,,,line_endpoint_cluster,derived,ENDPOINT_CLUSTER_DERIVED,
BUS:EREDES:0109S5020900:60,60,-8.59641419508294,41.0074571000553,EREDES:0109S5020900,NOGUEIRA DA REGEDOURA,0109S5020900,substation,E-REDES,DIRECT_EREDES,14.626959132181051
BUS:JUNCTION:60:01127,60,-8.592044985742039,41.01241812105883,,,,line_endpoint_cluster,derived,ENDPOINT_CLUSTER_DERIVED,
BUS:JUNCTION:60:01128,60,-8.588214578826813,40.99440667891151,,,,line_endpoint_cluster,derived,ENDPOINT_CLUSTER_DERIVED,
BUS:EREDES:0109S5010000:60,60,-8.50224775536531,40.9034348503888,EREDES:0109S5010000,SÃO JOÃO DA MADEIRA,0109S5010000,substation,E-REDES,DIRECT_EREDES,34.85458052065534
BUS:JUNCTION:60:01130,60,-8.513194968628994,40.89254721146739,,,,line_endpoint_cluster,derived,ENDPOINT_CLUSTER_DERIVED,
BUS:JUNCTION:60:01131,60,-8.595260815713615,40.961312368276765,,,,line_endpoint_cluster,derived,ENDPOINT_CLUSTER_DERIVED,
BUS:EREDES:0109S5009200:60,60,-8.58748322135081,40.959133792343,EREDES:0109S5009200,RIO MEÃO,0109S5009200,substation,E-REDES,DIRECT_EREDES,21.8982119917646
BUS:JUNCTION:60:01133,60,-8.439711049870215,41.02312068140613,,,,line_endpoint_cluster,derived,ENDPOINT_CLUSTER_DERIVED,
BUS:JUNCTION:60:01134,60,-8.449489550676947,41.021127607700194,,,,line_endpoint_cluster,derived,ENDPOINT_CLUSTER_DERIVED,
BUS:EREDES:0104S5000900:60,60,-8.27886319721498,40.9242205177792,EREDES:0104S5000900,AROUCA,0104S5000900,substation,E-REDES,DIRECT_EREDES,13.296625509623114
BUS:JUNCTION:60:01136,60,-8.286457136266277,40.918918141205886,,,,line_endpoint_cluster,derived,ENDPOINT_CLUSTER_DERIVED,
BUS:JUNCTION:60:01137,60,-8.181975106744554,40.853814029142626,,,,line_endpoint_cluster,derived,ENDPOINT_CLUSTER_DERIVED,
BUS:EREDES:0108S5001000:60,60,-8.56878202493117,40.8076159881582,EREDES:0108S5001000,AVANCA,0108S5001000,substation,E-REDES,DIRECT_EREDES,21.76563809200995
BUS:JUNCTION:60:01139,60,-8.579241279513687,40.821469831943276,,,,line_endpoint_cluster,derived,ENDPOINT_CLUSTER_DERIVED,
BUS:JUNCTION:60:01140,60,-8.534067927734931,40.779444998375155,,,,line_endpoint_cluster,derived,ENDPOINT_CLUSTER_DERIVED,
BUS:JUNCTION:60:01141,60,-8.522151468617016,40.76943602016054,,,,line_endpoint_cluster,derived,ENDPOINT_CLUSTER_DERIVED,
BUS:JUNCTION:60:01142,60,-8.58038658122024,40.780523654154266,,,,line_endpoint_cluster,derived,ENDPOINT_CLUSTER_DERIVED,
BUS:JUNCTION:60:01143,60,-8.570611669125325,40.78178014172151,,,,line_endpoint_cluster,derived,ENDPOINT_CLUSTER_DERIVED,
BUS:JUNCTION:60:01144,60,-8.569629829690635,40.77582051177195,,,,line_endpoint_cluster,derived,ENDPOINT_CLUSTER_DERIVED,
BUS:JUNCTION:60:01145,60,-8.569802039310554,40.776865910453424,,,,line_endpoint_cluster,derived,ENDPOINT_CLUSTER_DERIVED,
BUS:JUNCTION:60:01146,60,-8.572572740374632,40.78162327178781,,,,line_endpoint_cluster,derived,ENDPOINT_CLUSTER_DERIVED,
BUS:EREDES:0115S5000800:60,60,-8.60826604501897,40.9075920467726,EREDES:0115S5000800,ARADA,0115S5000800,substation,E-REDES,DIRECT_EREDES,56.56867418425695
BUS:JUNCTION:60:01148,60,-8.616522189866513,40.90129845033343,,,,line_endpoint_cluster,derived,ENDPOINT_CLUSTER_DERIVED,
BUS:EREDES:0115S5008100:60,60,-8.6071060883818,40.8605998239728,EREDES:0115S5008100,OVAR,0115S5008100,substation,E-REDES,DIRECT_EREDES,35.365589012531615
BUS:JUNCTION:60:01150,60,-8.534948854049594,40.82363604980735,,,,line_endpoint_cluster,derived,ENDPOINT_CLUSTER_DERIVED,
BUS:JUNCTION:60:01151,60,-8.533200882412153,40.82676272704223,,,,line_endpoint_cluster,derived,ENDPOINT_CLUSTER_DERIVED,
BUS:JUNCTION:60:01152,60,-8.53007731837901,40.83234919445081,,,,line_endpoint_cluster,derived,ENDPOINT_CLUSTER_DERIVED,
BUS:JUNCTION:60:01153,60,-8.508480542927149,40.85055752795961,,,,line_endpoint_cluster,derived,ENDPOINT_CLUSTER_DERIVED,
BUS:JUNCTION:60:01154,60,-8.583325715284678,40.68803990888819,,,,line_endpoint_cluster,derived,ENDPOINT_CLUSTER_DERIVED,
BUS:JUNCTION:60:01155,60,-8.584605975012146,40.686344044127026,,,,line_endpoint_cluster,derived,ENDPOINT_CLUSTER_DERIVED,
BUS:JUNCTION:60:01156,60,-8.604175135109086,40.66870149998115,,,,line_endpoint_cluster,derived,ENDPOINT_CLUSTER_DERIVED,
BUS:JUNCTION:60:01157,60,-8.591069305670318,40.68097427040085,,,,line_endpoint_cluster,derived,ENDPOINT_CLUSTER_DERIVED,
BUS:JUNCTION:60:01158,60,-8.61001557469465,40.66328058573875,,,,line_endpoint_cluster,derived,ENDPOINT_CLUSTER_DERIVED,
BUS:EREDES:0105S5001500:60,60,-8.6432187296746,40.636122584255,EREDES:0105S5001500,AVEIRO,0105S5001500,substation,E-REDES,DIRECT_EREDES,27.67270506622879
BUS:JUNCTION:60:01160,60,-8.639700460247003,40.63164218407149,,,,line_endpoint_cluster,derived,ENDPOINT_CLUSTER_DERIVED,
BUS:JUNCTION:60:01161,60,-8.612246825086508,40.67396270246541,,,,line_endpoint_cluster,derived,ENDPOINT_CLUSTER_DERIVED,
BUS:JUNCTION:60:01162,60,-8.582046542152353,40.68507649048549,,,,line_endpoint_cluster,derived,ENDPOINT_CLUSTER_DERIVED,
BUS:JUNCTION:60:01163,60,-8.56241570262645,40.689731589357294,,,,line_endpoint_cluster,derived,ENDPOINT_CLUSTER_DERIVED,
BUS:JUNCTION:60:01164,60,-8.500575989412463,40.57762324167471,,,,line_endpoint_cluster,derived,ENDPOINT_CLUSTER_DERIVED,
BUS:JUNCTION:60:01165,60,-8.463006801967051,40.595281245021226,,,,line_endpoint_cluster,derived,ENDPOINT_CLUSTER_DERIVED,
BUS:JUNCTION:60:01166,60,-8.500034013524008,40.60482345465413,,,,line_endpoint_cluster,derived,ENDPOINT_CLUSTER_DERIVED,
BUS:JUNCTION:60:01167,60,-8.47063783418115,40.58706077678886,,,,line_endpoint_cluster,derived,ENDPOINT_CLUSTER_DERIVED,
BUS:JUNCTION:60:01168,60,-7.400475975541056,41.66348680252837,,,,line_endpoint_cluster,derived,ENDPOINT_CLUSTER_DERIVED,
BUS:EREDES:1712S5015100:60,60,-7.3129256150095,41.6209316075406,EREDES:1712S5015100,VALPAÇOS,1712S5015100,substation,E-REDES,DIRECT_EREDES,32.22206605619225
BUS:JUNCTION:60:01170,60,-7.309437602797091,41.62028143489115,,,,line_endpoint_cluster,derived,ENDPOINT_CLUSTER_DERIVED,
BUS:JUNCTION:60:01171,60,-7.763135844341599,41.220258800362245,,,,line_endpoint_cluster,derived,ENDPOINT_CLUSTER_DERIVED,
BUS:JUNCTION:60:01172,60,-7.761496468567918,41.224908678575524,,,,line_endpoint_cluster,derived,ENDPOINT_CLUSTER_DERIVED,
BUS:JUNCTION:60:01173,60,-7.761216429752169,41.22568763012699,,,,line_endpoint_cluster,derived,ENDPOINT_CLUSTER_DERIVED,
BUS:JUNCTION:60:01174,60,-7.760557307861115,41.22760640079533,,,,line_endpoint_cluster,derived,ENDPOINT_CLUSTER_DERIVED,
BUS:JUNCTION:60:01175,60,-7.774483590075216,41.26344956370039,,,,line_endpoint_cluster,derived,ENDPOINT_CLUSTER_DERIVED,
BUS:EREDES:1714S5006100:60,60,-7.76007205306067,41.29231971665,EREDES:1714S5006100,TELHEIRA,1714S5006100,substation,E-REDES,DIRECT_EREDES,7.7138722959166754
BUS:JUNCTION:60:01177,60,-7.919438339339013,41.28739683041384,,,,line_endpoint_cluster,derived,ENDPOINT_CLUSTER_DERIVED,
BUS:JUNCTION:60:01178,60,-7.921352292927921,41.29087476036778,,,,line_endpoint_cluster,derived,ENDPOINT_CLUSTER_DERIVED,
BUS:JUNCTION:60:01179,60,-7.748235321519389,41.148636472571624,,,,line_endpoint_cluster,derived,ENDPOINT_CLUSTER_DERIVED,
BUS:JUNCTION:60:01180,60,-7.743429670218568,41.151447794942555,,,,line_endpoint_cluster,derived,ENDPOINT_CLUSTER_DERIVED,
BUS:EREDES:1706S5015000:60,60,-7.74181533082984,41.7621767127496,EREDES:1706S5015000,MORGADE,1706S5015000,substation,E-REDES,DIRECT_EREDES,5.032906741752464
BUS:JUNCTION:60:01183,60,-8.10460327494935,41.2884965298066,,,,line_endpoint_cluster,derived,ENDPOINT_CLUSTER_DERIVED,
BUS:JUNCTION:60:01184,60,-8.117391232281541,41.2786552041709,,,,line_endpoint_cluster,derived,ENDPOINT_CLUSTER_DERIVED,
BUS:EREDES:1301S5008700:60,60,-8.09756799510162,41.2934088388982,EREDES:1301S5008700,AMARANTE,1301S5008700,substation,E-REDES,DIRECT_EREDES,21.3115696205188
BUS:JUNCTION:60:01186,60,-8.188424994476133,41.298827616839795,,,,line_endpoint_cluster,derived,ENDPOINT_CLUSTER_DERIVED,
BUS:JUNCTION:60:01187,60,-8.710878434678103,41.32366716424955,,,,line_endpoint_cluster,derived,ENDPOINT_CLUSTER_DERIVED,
BUS:EREDES:1313S5010600:60,60,-8.74384692168806,41.3946880876111,EREDES:1313S5010600,BEIRIZ,1313S5010600,substation,E-REDES,DIRECT_EREDES,19.879490595368335
BUS:JUNCTION:60:01189,60,-8.735243320516222,41.364814020661775,,,,line_endpoint_cluster,derived,ENDPOINT_CLUSTER_DERIVED,
BUS:JUNCTION:60:01190,60,-8.368091493724485,41.340569321670536,,,,line_endpoint_cluster,derived,ENDPOINT_CLUSTER_DERIVED,
BUS:EREDES:1314S5003200:60,60,-8.35080120605253,41.3650787922481,EREDES:1314S5003200,SÃO MARTINHO DO CAMPO,1314S5003200,substation,E-REDES,DIRECT_EREDES,27.010047722522753
BUS:JUNCTION:60:01192,60,-8.273434725574308,41.243550713050766,,,,line_endpoint_cluster,derived,ENDPOINT_CLUSTER_DERIVED,
BUS:JUNCTION:60:01193,60,-8.274647362389956,41.24478793706546,,,,line_endpoint_cluster,derived,ENDPOINT_CLUSTER_DERIVED,
BUS:JUNCTION:60:01194,60,-8.277389495595141,41.24757909754455,,,,line_endpoint_cluster,derived,ENDPOINT_CLUSTER_DERIVED,
BUS:EREDES:1305S5014600:60,60,-8.29644065495747,41.2643829038044,EREDES:1305S5014600,LOUSADA,1305S5014600,substation,E-REDES,DIRECT_EREDES,22.283436327744518
BUS:EREDES:1311S5012400:60,60,-8.25959227336238,41.2268109571168,EREDES:1311S5012400,BUSTELO,1311S5012400,substation,E-REDES,DIRECT_EREDES,41.67258344689468
BUS:JUNCTION:60:01197,60,-8.296827609138095,41.22870785058422,,,,line_endpoint_cluster,derived,ENDPOINT_CLUSTER_DERIVED,
BUS:EREDES:1315S5021000:60,60,-8.55626032403403,41.2023188028173,EREDES:1315S5021000,PALMILHEIRA,1315S5021000,substation,E-REDES,DIRECT_EREDES,52.881920427211746
BUS:JUNCTION:60:01199,60,-8.555684824028278,41.197561370329844,,,,line_endpoint_cluster,derived,ENDPOINT_CLUSTER_DERIVED,
BUS:JUNCTION:60:01200,60,-8.598960307946715,41.22558450138557,,,,line_endpoint_cluster,derived,ENDPOINT_CLUSTER_DERIVED,
BUS:JUNCTION:60:01201,60,-8.599972653569989,41.227635221927144,,,,line_endpoint_cluster,derived,ENDPOINT_CLUSTER_DERIVED,
BUS:JUNCTION:60:01202,60,-8.5547993723876,41.234052561456856,,,,line_endpoint_cluster,derived,ENDPOINT_CLUSTER_DERIVED,
BUS:JUNCTION:60:01203,60,-8.553069070260396,41.23410832167163,,,,line_endpoint_cluster,derived,ENDPOINT_CLUSTER_DERIVED,
BUS:EREDES:1306S5008900:60,60,-8.61553338912147,41.2401945669812,EREDES:1306S5008900,MAIA,1306S5008900,substation,E-REDES,DIRECT_EREDES,24.555648323589892
BUS:JUNCTION:60:01205,60,-8.641378649719252,41.27844402864465,,,,line_endpoint_cluster,derived,ENDPOINT_CLUSTER_DERIVED,
BUS:JUNCTION:60:01206,60,-8.606207958194766,41.23005454045065,,,,line_endpoint_cluster,derived,ENDPOINT_CLUSTER_DERIVED,
BUS:EREDES:1304S5009400:60,60,-8.50965709646801,41.1044207807402,EREDES:1304S5009400,JOVIM,1304S5009400,substation,E-REDES,DIRECT_EREDES,24.698145050965
BUS:EREDES:1304S5010200:60,60,-8.52257679327536,41.1747723457058,EREDES:1304S5010200,FÂNZERES,1304S5010200,substation,E-REDES,DIRECT_EREDES,9.550658221045994
BUS:JUNCTION:60:01209,60,-8.457160980164902,41.06916037048479,,,,line_endpoint_cluster,derived,ENDPOINT_CLUSTER_DERIVED,
BUS:JUNCTION:60:01210,60,-8.49353556722754,41.14560459881474,,,,line_endpoint_cluster,derived,ENDPOINT_CLUSTER_DERIVED,
BUS:JUNCTION:60:01211,60,-8.494617486199184,41.14769697498551,,,,line_endpoint_cluster,derived,ENDPOINT_CLUSTER_DERIVED,
BUS:JUNCTION:60:01212,60,-8.528756157523597,41.20329136027461,,,,line_endpoint_cluster,derived,ENDPOINT_CLUSTER_DERIVED,
BUS:JUNCTION:60:01213,60,-8.562232357942051,41.19545838083427,,,,line_endpoint_cluster,derived,ENDPOINT_CLUSTER_DERIVED,
BUS:JUNCTION:60:01214,60,-8.563316380889036,41.17628002484557,,,,line_endpoint_cluster,derived,ENDPOINT_CLUSTER_DERIVED,
BUS:JUNCTION:60:01215,60,-8.462243222556063,41.067564795153196,,,,line_endpoint_cluster,derived,ENDPOINT_CLUSTER_DERIVED,
BUS:JUNCTION:60:01216,60,-8.458814021081992,41.068509419924034,,,,line_endpoint_cluster,derived,ENDPOINT_CLUSTER_DERIVED,
BUS:JUNCTION:60:01217,60,-8.48237582109966,41.07449037403495,,,,line_endpoint_cluster,derived,ENDPOINT_CLUSTER_DERIVED,
BUS:JUNCTION:60:01218,60,-8.508725219181606,41.18275177877625,,,,line_endpoint_cluster,derived,ENDPOINT_CLUSTER_DERIVED,
BUS:EREDES:1315S5012200:60,60,-8.48242570252184,41.1858381077185,EREDES:1315S5012200,VALONGO,1315S5012200,substation,E-REDES,DIRECT_EREDES,10.067289691773889
BUS:JUNCTION:60:01220,60,-8.610110402748298,41.06948126287117,,,,line_endpoint_cluster,derived,ENDPOINT_CLUSTER_DERIVED,
BUS:EREDES:1317S5001800:60,60,-8.62109093971481,41.0884102122766,EREDES:1317S5001800,VILAR DO PARAÍSO,1317S5001800,substation,E-REDES,DIRECT_EREDES,40.73726970175458
BUS:EREDES:1317S5005200:60,60,-8.55529669389395,41.0576119332299,EREDES:1317S5005200,PEDROSO,1317S5005200,substation,E-REDES,DIRECT_EREDES,12.237083105665953
BUS:JUNCTION:60:01223,60,-8.550278130725983,41.11153947724452,,,,line_endpoint_cluster,derived,ENDPOINT_CLUSTER_DERIVED,
BUS:JUNCTION:60:01224,60,-8.561796947108935,41.06110257883624,,,,line_endpoint_cluster,derived,ENDPOINT_CLUSTER_DERIVED,
BUS:JUNCTION:60:01225,60,-8.529722751585629,41.059438401071795,,,,line_endpoint_cluster,derived,ENDPOINT_CLUSTER_DERIVED,
BUS:JUNCTION:60:01226,60,-8.553257413864776,41.06670959905864,,,,line_endpoint_cluster,derived,ENDPOINT_CLUSTER_DERIVED,
BUS:JUNCTION:60:01227,60,-8.587270025384717,41.08200655556192,,,,line_endpoint_cluster,derived,ENDPOINT_CLUSTER_DERIVED,
BUS:JUNCTION:60:01228,60,-8.47818258262279,41.07197258712827,,,,line_endpoint_cluster,derived,ENDPOINT_CLUSTER_DERIVED,
BUS:JUNCTION:60:01229,60,-8.471609787392563,41.06947795384979,,,,line_endpoint_cluster,derived,ENDPOINT_CLUSTER_DERIVED,
BUS:JUNCTION:60:01230,60,-8.476800665611801,41.07255393438967,,,,line_endpoint_cluster,derived,ENDPOINT_CLUSTER_DERIVED,
BUS:JUNCTION:60:01231,60,-8.47129962307128,41.07150107747141,,,,line_endpoint_cluster,derived,ENDPOINT_CLUSTER_DERIVED,
BUS:JUNCTION:60:01232,60,-8.591638489373597,41.0139441159141,,,,line_endpoint_cluster,derived,ENDPOINT_CLUSTER_DERIVED,
BUS:JUNCTION:60:01233,60,-8.586247561608612,41.02436066462261,,,,line_endpoint_cluster,derived,ENDPOINT_CLUSTER_DERIVED,
BUS:JUNCTION:60:01234,60,-8.626127398808766,41.22002386967323,,,,line_endpoint_cluster,derived,ENDPOINT_CLUSTER_DERIVED,
BUS:JUNCTION:60:01235,60,-8.644269394014685,41.22034172950265,,,,line_endpoint_cluster,derived,ENDPOINT_CLUSTER_DERIVED,
BUS:JUNCTION:60:01236,60,-8.698630797455207,41.20573940757065,,,,line_endpoint_cluster,derived,ENDPOINT_CLUSTER_DERIVED,
BUS:JUNCTION:60:01237,60,-8.596817904536154,41.187065472182056,,,,line_endpoint_cluster,derived,ENDPOINT_CLUSTER_DERIVED,
BUS:JUNCTION:60:01238,60,-8.602982240363854,41.18538600146326,,,,line_endpoint_cluster,derived,ENDPOINT_CLUSTER_DERIVED,
BUS:EREDES:1308S5000500:60,60,-8.62060643483679,41.1858546039765,EREDES:1308S5000500,AMIEIRA,1308S5000500,substation,E-REDES,DIRECT_EREDES,17.488776754556692
BUS:JUNCTION:60:01240,60,-8.616198529468445,41.168084263577704,,,,line_endpoint_cluster,derived,ENDPOINT_CLUSTER_DERIVED,
BUS:EREDES:1312S5012600:60,60,-8.61267641193657,41.1601946576468,EREDES:1312S5012600,LAPA,1312S5012600,substation,E-REDES,DIRECT_EREDES,6.298031776045897
BUS:JUNCTION:60:01242,60,-8.591984947774712,41.16569905169103,,,,line_endpoint_cluster,derived,ENDPOINT_CLUSTER_DERIVED,
BUS:EREDES:1312S5014000:60,60,-8.60094116222406,41.1725903352502,EREDES:1312S5014000,PARANHOS,1312S5014000,substation,E-REDES,DIRECT_EREDES,150.91199185219165
BUS:JUNCTION:60:01246,60,-8.59781206102021,41.171559608075135,,,,line_endpoint_cluster,derived,ENDPOINT_CLUSTER_DERIVED,
BUS:JUNCTION:60:01247,60,-8.619078234755715,41.17355308725798,,,,line_endpoint_cluster,derived,ENDPOINT_CLUSTER_DERIVED,
BUS:JUNCTION:60:01248,60,-8.619826885124409,41.17287318255892,,,,line_endpoint_cluster,derived,ENDPOINT_CLUSTER_DERIVED,
BUS:JUNCTION:60:01250,60,-8.763886599963909,41.65644202917566,,,,line_endpoint_cluster,derived,ENDPOINT_CLUSTER_DERIVED,
BUS:JUNCTION:60:01251,60,-8.425193318992985,41.793604199994476,,,,line_endpoint_cluster,derived,ENDPOINT_CLUSTER_DERIVED,
BUS:EREDES:1606S5011500:60,60,-8.35441553776086,41.8120940042188,EREDES:1606S5011500,TOUVEDO,1606S5011500,substation,E-REDES,DIRECT_EREDES,30.726274478268632
BUS:JUNCTION:60:01253,60,-8.702687806250779,41.50399681458908,,,,line_endpoint_cluster,derived,ENDPOINT_CLUSTER_DERIVED,
BUS:EREDES:0306S5004700:60,60,-8.73007470527775,41.5005301080802,EREDES:0306S5004700,FONTE BOA,0306S5004700,substation,E-REDES,DIRECT_EREDES,25.87608735063699
BUS:JUNCTION:60:01255,60,-8.576623831026719,41.4234462213835,,,,line_endpoint_cluster,derived,ENDPOINT_CLUSTER_DERIVED,
BUS:EREDES:0302S5003100:60,60,-8.62213340694942,41.5091613627461,EREDES:0302S5003100,ALVELOS,0302S5003100,substation,E-REDES,DIRECT_EREDES,17.4446959676572
BUS:JUNCTION:60:01257,60,-8.51901656800848,41.581913873962314,,,,line_endpoint_cluster,derived,ENDPOINT_CLUSTER_DERIVED,
BUS:EREDES:0302S5014200:60,60,-8.53580683644725,41.5522319690779,EREDES:0302S5014200,PENIDE,0302S5014200,substation,E-REDES,DIRECT_EREDES,14.95239813938623
BUS:JUNCTION:60:01259,60,-8.544384880559043,41.545995250810456,,,,line_endpoint_cluster,derived,ENDPOINT_CLUSTER_DERIVED,
BUS:JUNCTION:60:01260,60,-8.574448039767855,41.41907607900441,,,,line_endpoint_cluster,derived,ENDPOINT_CLUSTER_DERIVED,
BUS:JUNCTION:60:01261,60,-8.513717279282131,41.35782424848775,,,,line_endpoint_cluster,derived,ENDPOINT_CLUSTER_DERIVED,
BUS:JUNCTION:60:01262,60,-8.377581815700456,41.422830106921595,,,,line_endpoint_cluster,derived,ENDPOINT_CLUSTER_DERIVED,
BUS:JUNCTION:60:01263,60,-8.4241364207972,41.41061132977314,,,,line_endpoint_cluster,derived,ENDPOINT_CLUSTER_DERIVED,
BUS:EREDES:0312S5003800:60,60,-8.49762245884862,41.4087515522692,EREDES:0312S5003800,REQUIÃO,0312S5003800,substation,E-REDES,DIRECT_EREDES,11.337268193199568
BUS:EREDES:0303S5012700:60,60,-8.40203103454658,41.5524092946379,EREDES:0303S5012700,LAMAÇÃES,0303S5012700,substation,E-REDES,DIRECT_EREDES,219.1748855853006
BUS:EREDES:0303S5006500:60,60,-8.43258896359715,41.5735348630348,EREDES:0303S5006500,SÃO MARTINHO DE DUME,0303S5006500,substation,E-REDES,DIRECT_EREDES,30.949037712159697
BUS:JUNCTION:60:01268,60,-8.355240078233582,41.616595029511686,,,,line_endpoint_cluster,derived,ENDPOINT_CLUSTER_DERIVED,
BUS:JUNCTION:60:01269,60,-8.496385520548781,41.60453134409944,,,,line_endpoint_cluster,derived,ENDPOINT_CLUSTER_DERIVED,
BUS:EREDES:0301S5009900:60,60,-8.34880764147141,41.6207863963065,EREDES:0301S5009900,AMARES,0301S5009900,substation,E-REDES,DIRECT_EREDES,12.877805904604283
BUS:JUNCTION:60:01271,60,-8.360248319208578,41.426893597790574,,,,line_endpoint_cluster,derived,ENDPOINT_CLUSTER_DERIVED,
BUS:JUNCTION:60:01272,60,-8.36834724363011,41.424846435402394,,,,line_endpoint_cluster,derived,ENDPOINT_CLUSTER_DERIVED,
BUS:JUNCTION:60:01273,60,-8.366633651860305,41.424349234504255,,,,line_endpoint_cluster,derived,ENDPOINT_CLUSTER_DERIVED,
BUS:EREDES:0308S5012800:60,60,-8.36145617438311,41.4233992794438,EREDES:0308S5012800,LAMEIRINHO,0308S5012800,substation,E-REDES,DIRECT_EREDES,8.651554012007033
BUS:EREDES:0308S5001900:60,60,-8.36083486062431,41.4297029492454,EREDES:0308S5001900,PEVIDÉM,0308S5001900,substation,E-REDES,DIRECT_EREDES,19.95960667854803
BUS:JUNCTION:60:01276,60,-7.895242090592916,41.16597423467561,,,,line_endpoint_cluster,derived,ENDPOINT_CLUSTER_DERIVED,
BUS:JUNCTION:60:01277,60,-7.898082816286766,41.16726564746449,,,,line_endpoint_cluster,derived,ENDPOINT_CLUSTER_DERIVED,
BUS:JUNCTION:60:01278,60,-8.633042484370003,41.15933198157318,,,,line_endpoint_cluster,derived,ENDPOINT_CLUSTER_DERIVED,
BUS:JUNCTION:60:01279,60,-8.634437965637352,41.16355901333209,,,,line_endpoint_cluster,derived,ENDPOINT_CLUSTER_DERIVED,
BUS:JUNCTION:60:01280,60,-8.630732764769977,41.172039150134864,,,,line_endpoint_cluster,derived,ENDPOINT_CLUSTER_DERIVED,
BUS:JUNCTION:60:01282,60,-8.655184135168785,41.17285336939001,,,,line_endpoint_cluster,derived,ENDPOINT_CLUSTER_DERIVED,
BUS:EREDES:1312P5014400:60,60,-8.65520415361693,41.1752031032209,EREDES:1312P5014400,CIRCUNVALAÇÃO,1312P5014400,switching_station,E-REDES,DIRECT_EREDES,10.812610891153405
BUS:JUNCTION:60:01284,60,-8.612001542307802,41.15521532435034,,,,line_endpoint_cluster,derived,ENDPOINT_CLUSTER_DERIVED,
BUS:JUNCTION:60:01285,60,-8.612087037671504,41.15015006246318,,,,line_endpoint_cluster,derived,ENDPOINT_CLUSTER_DERIVED,
BUS:EREDES:1312S5014100:60,60,-8.6138011046564,41.1446794305593,EREDES:1312S5014100,VITÓRIA,1312S5014100,substation,E-REDES,DIRECT_EREDES,9.004203174764294
BUS:JUNCTION:60:01287,60,-8.61391875971075,41.14702773808997,,,,line_endpoint_cluster,derived,ENDPOINT_CLUSTER_DERIVED,
BUS:JUNCTION:60:01288,60,-8.65197244327021,41.175309029230775,,,,line_endpoint_cluster,derived,ENDPOINT_CLUSTER_DERIVED,
BUS:JUNCTION:60:01289,60,-8.651093306413788,41.17460410298087,,,,line_endpoint_cluster,derived,ENDPOINT_CLUSTER_DERIVED,
BUS:JUNCTION:60:01290,60,-8.641418099710599,41.16702968705286,,,,line_endpoint_cluster,derived,ENDPOINT_CLUSTER_DERIVED,
BUS:JUNCTION:60:01291,60,-8.639552205003696,41.166067749815994,,,,line_endpoint_cluster,derived,ENDPOINT_CLUSTER_DERIVED,
BUS:JUNCTION:60:01292,60,-8.644450503886247,41.16942970655622,,,,line_endpoint_cluster,derived,ENDPOINT_CLUSTER_DERIVED,
BUS:JUNCTION:60:01293,60,-8.656248271860768,41.17172011316458,,,,line_endpoint_cluster,derived,ENDPOINT_CLUSTER_DERIVED,
BUS:JUNCTION:60:01294,60,-8.611104222573184,41.15482525240412,,,,line_endpoint_cluster,derived,ENDPOINT_CLUSTER_DERIVED,
BUS:JUNCTION:60:01295,60,-8.648664843249097,41.161309367194754,,,,line_endpoint_cluster,derived,ENDPOINT_CLUSTER_DERIVED,
BUS:JUNCTION:60:01296,60,-8.582497470986068,41.16581883079239,,,,line_endpoint_cluster,derived,ENDPOINT_CLUSTER_DERIVED,
BUS:JUNCTION:60:01297,60,-8.573054524419556,41.179561963832725,,,,line_endpoint_cluster,derived,ENDPOINT_CLUSTER_DERIVED,
BUS:EREDES:1308S5009500:60,60,-8.6751190637817,41.1759873840744,EREDES:1308S5009500,MATOSINHOS SUL,1308S5009500,substation,E-REDES,DIRECT_EREDES,32.83041127337665
BUS:JUNCTION:60:01299,60,-8.64923946076058,41.2256415309336,,,,line_endpoint_cluster,derived,ENDPOINT_CLUSTER_DERIVED,
BUS:JUNCTION:60:01300,60,-8.650845724045215,41.22706489334843,,,,line_endpoint_cluster,derived,ENDPOINT_CLUSTER_DERIVED,
BUS:EREDES:1306S5010100:60,60,-8.59941746203466,41.2071295549077,EREDES:1306S5010100,GUEIFÃES,1306S5010100,substation,E-REDES,DIRECT_EREDES,20.937380804501956
BUS:JUNCTION:60:01303,60,-8.562364196674967,41.1762850764747,,,,line_endpoint_cluster,derived,ENDPOINT_CLUSTER_DERIVED,
BUS:JUNCTION:60:01304,60,-8.55665635178573,41.15860627415379,,,,line_endpoint_cluster,derived,ENDPOINT_CLUSTER_DERIVED,
BUS:JUNCTION:60:01305,60,-8.554331591826426,41.155103540457816,,,,line_endpoint_cluster,derived,ENDPOINT_CLUSTER_DERIVED,
BUS:EREDES:1304S5015400:60,60,-8.54877701107898,41.1476524107224,EREDES:1304S5015400,GONDOMAR,1304S5015400,substation,E-REDES,DIRECT_EREDES,39.461967305006645
BUS:JUNCTION:60:01307,60,-7.975956098950477,41.210881344284594,,,,line_endpoint_cluster,derived,ENDPOINT_CLUSTER_DERIVED,
BUS:JUNCTION:60:01308,60,-7.987952843689345,41.218076703856326,,,,line_endpoint_cluster,derived,ENDPOINT_CLUSTER_DERIVED,
BUS:JUNCTION:60:01309,60,-8.055795861996174,41.252574504699645,,,,line_endpoint_cluster,derived,ENDPOINT_CLUSTER_DERIVED,
BUS:JUNCTION:60:01310,60,-7.922638361032304,41.29106820849345,,,,line_endpoint_cluster,derived,ENDPOINT_CLUSTER_DERIVED,
BUS:JUNCTION:60:01311,60,-8.481163992374013,41.07109393018543,,,,line_endpoint_cluster,derived,ENDPOINT_CLUSTER_DERIVED,
BUS:JUNCTION:60:01312,60,-8.48437983454008,41.070262228827126,,,,line_endpoint_cluster,derived,ENDPOINT_CLUSTER_DERIVED,
BUS:JUNCTION:60:01313,60,-8.479705801764469,41.071465209062055,,,,line_endpoint_cluster,derived,ENDPOINT_CLUSTER_DERIVED,
BUS:JUNCTION:60:01314,60,-8.425889446317811,41.36569967663394,,,,line_endpoint_cluster,derived,ENDPOINT_CLUSTER_DERIVED,
BUS:JUNCTION:60:01315,60,-8.392761618361996,41.334119845087706,,,,line_endpoint_cluster,derived,ENDPOINT_CLUSTER_DERIVED,
BUS:JUNCTION:60:01316,60,-8.260999284206898,41.09371802698784,,,,line_endpoint_cluster,derived,ENDPOINT_CLUSTER_DERIVED,
BUS:JUNCTION:60:01317,60,-8.98320618025891,38.62837038996569,,,,line_endpoint_cluster,derived,ENDPOINT_CLUSTER_DERIVED,
BUS:JUNCTION:60:01318,60,-9.029205906325071,38.59495536048097,,,,line_endpoint_cluster,derived,ENDPOINT_CLUSTER_DERIVED,
BUS:JUNCTION:60:01319,60,-8.80712266183222,38.50379262367936,,,,line_endpoint_cluster,derived,ENDPOINT_CLUSTER_DERIVED,
BUS:JUNCTION:60:01320,60,-8.862226376668646,38.54165968767721,,,,line_endpoint_cluster,derived,ENDPOINT_CLUSTER_DERIVED,
BUS:JUNCTION:60:01321,60,-8.864471128026263,38.542638111358066,,,,line_endpoint_cluster,derived,ENDPOINT_CLUSTER_DERIVED,
BUS:JUNCTION:60:01323,60,-8.826295067955709,37.98376842108122,,,,line_endpoint_cluster,derived,ENDPOINT_CLUSTER_DERIVED,
BUS:JUNCTION:60:01324,60,-8.839969378513675,37.97296006724512,,,,line_endpoint_cluster,derived,ENDPOINT_CLUSTER_DERIVED,
BUS:JUNCTION:60:01325,60,-8.763866086910776,37.99430516400659,,,,line_endpoint_cluster,derived,ENDPOINT_CLUSTER_DERIVED,
BUS:JUNCTION:60:01326,60,-8.748607129402055,37.97305357246025,,,,line_endpoint_cluster,derived,ENDPOINT_CLUSTER_DERIVED,
BUS:JUNCTION:60:01327,60,-8.745907959567813,37.98338575973883,,,,line_endpoint_cluster,derived,ENDPOINT_CLUSTER_DERIVED,
BUS:JUNCTION:60:01329,60,-8.554322334490115,38.680701388443424,,,,line_endpoint_cluster,derived,ENDPOINT_CLUSTER_DERIVED,
BUS:JUNCTION:60:01330,60,-8.943871224961581,38.703984455530474,,,,line_endpoint_cluster,derived,ENDPOINT_CLUSTER_DERIVED,
BUS:EREDES:1507S5900600:60,60,-8.93773058465794,38.7031082075198,EREDES:1507S5900600,MONTIJO,1507S5900600,substation,E-REDES,DIRECT_EREDES,23.59352355056801
BUS:EREDES:1503S5021300:60,60,-9.16322422660795,38.5846061028923,EREDES:1503S5021300,AROEIRA,1503S5021300,substation,E-REDES,DIRECT_EREDES,58.887960113216295
BUS:JUNCTION:60:01333,60,-9.157438185455298,38.57435034147848,,,,line_endpoint_cluster,derived,ENDPOINT_CLUSTER_DERIVED,
BUS:JUNCTION:60:01334,60,-9.151519065836098,38.57481043418237,,,,line_endpoint_cluster,derived,ENDPOINT_CLUSTER_DERIVED,
BUS:JUNCTION:60:01335,60,-9.148476766014829,38.57530725323514,,,,line_endpoint_cluster,derived,ENDPOINT_CLUSTER_DERIVED,
BUS:JUNCTION:60:01336,60,-9.145728979574177,38.57575590084194,,,,line_endpoint_cluster,derived,ENDPOINT_CLUSTER_DERIVED,
BUS:JUNCTION:60:01337,60,-9.140039663946988,38.57563418192994,,,,line_endpoint_cluster,derived,ENDPOINT_CLUSTER_DERIVED,
BUS:JUNCTION:60:01338,60,-9.1351882723869,38.57488823636805,,,,line_endpoint_cluster,derived,ENDPOINT_CLUSTER_DERIVED,
BUS:JUNCTION:60:01339,60,-9.120480243852095,38.582791771466596,,,,line_endpoint_cluster,derived,ENDPOINT_CLUSTER_DERIVED,
BUS:JUNCTION:60:01340,60,-9.18595386357519,38.660663910787996,,,,line_endpoint_cluster,derived,ENDPOINT_CLUSTER_DERIVED,
BUS:JUNCTION:60:01341,60,-9.187318340505088,38.659915477380025,,,,line_endpoint_cluster,derived,ENDPOINT_CLUSTER_DERIVED,
BUS:JUNCTION:60:01342,60,-9.197484430780307,38.657356566909435,,,,line_endpoint_cluster,derived,ENDPOINT_CLUSTER_DERIVED,
BUS:JUNCTION:60:01343,60,-9.215642909252399,38.65971464295324,,,,line_endpoint_cluster,derived,ENDPOINT_CLUSTER_DERIVED,
BUS:JUNCTION:60:01344,60,-9.209764516007654,38.65681205023624,,,,line_endpoint_cluster,derived,ENDPOINT_CLUSTER_DERIVED,
BUS:JUNCTION:60:01345,60,-9.234799195194785,38.668316053266935,,,,line_endpoint_cluster,derived,ENDPOINT_CLUSTER_DERIVED,
BUS:JUNCTION:60:01346,60,-9.233080123866728,38.667007105075264,,,,line_endpoint_cluster,derived,ENDPOINT_CLUSTER_DERIVED,
BUS:JUNCTION:60:01347,60,-9.157120170692282,38.57363623881578,,,,line_endpoint_cluster,derived,ENDPOINT_CLUSTER_DERIVED,
BUS:JUNCTION:60:01348,60,-8.189759973366874,38.204740584478685,,,,line_endpoint_cluster,derived,ENDPOINT_CLUSTER_DERIVED,
BUS:JUNCTION:60:01349,60,-8.295558494283734,38.26842532091592,,,,line_endpoint_cluster,derived,ENDPOINT_CLUSTER_DERIVED,
BUS:EREDES:1111S5900300:60,60,-9.36082840635402,38.7841653658077,EREDES:1111S5900300,RANHOLAS,1111S5900300,substation,E-REDES,DIRECT_EREDES,24.429657013429754
BUS:JUNCTION:60:01351,60,-9.306380328378179,38.761290237348334,,,,line_endpoint_cluster,derived,ENDPOINT_CLUSTER_DERIVED,
BUS:JUNCTION:60:01352,60,-9.315719723607703,38.75981168449196,,,,line_endpoint_cluster,derived,ENDPOINT_CLUSTER_DERIVED,
BUS:EREDES:1111S5850000:60,60,-9.32378266541571,38.7785956289096,EREDES:1111S5850000,RIO MOURO,1111S5850000,substation,E-REDES,DIRECT_EREDES,174.3195316621623
BUS:JUNCTION:60:01354,60,-9.24437615129429,38.791724496184735,,,,line_endpoint_cluster,derived,ENDPOINT_CLUSTER_DERIVED,
BUS:JUNCTION:60:01355,60,-9.286329582258086,38.83032571379177,,,,line_endpoint_cluster,derived,ENDPOINT_CLUSTER_DERIVED,
BUS:JUNCTION:60:01356,60,-9.147887717898618,38.72800522420161,,,,line_endpoint_cluster,derived,ENDPOINT_CLUSTER_DERIVED,
BUS:JUNCTION:60:01357,60,-9.151908023329655,38.73231872597036,,,,line_endpoint_cluster,derived,ENDPOINT_CLUSTER_DERIVED,
BUS:EREDES:1106S5478000:60,60,-9.15785956311857,38.7219701286851,EREDES:1106S5478000,AMOREIRAS,1106S5478000,substation,E-REDES,DIRECT_EREDES,11.901718261966504
BUS:JUNCTION:60:01359,60,-9.191182444264536,38.821460467990114,,,,line_endpoint_cluster,derived,ENDPOINT_CLUSTER_DERIVED,
BUS:JUNCTION:60:01360,60,-9.10919008744332,38.88311346467896,,,,line_endpoint_cluster,derived,ENDPOINT_CLUSTER_DERIVED,
BUS:JUNCTION:60:01361,60,-9.10832229187277,38.881523757553566,,,,line_endpoint_cluster,derived,ENDPOINT_CLUSTER_DERIVED,
BUS:JUNCTION:60:01362,60,-9.105443164530492,38.878444982490976,,,,line_endpoint_cluster,derived,ENDPOINT_CLUSTER_DERIVED,
BUS:EREDES:1107S5819500:60,60,-9.10198323397486,38.8680468500564,EREDES:1107S5819500,MERCADO,1107S5819500,substation,E-REDES,DIRECT_EREDES,152.87700706642514
BUS:EREDES:1107S5167800:60,60,-9.08635798887418,38.8380869645039,EREDES:1107S5167800,ANAIA,1107S5167800,substation,E-REDES,DIRECT_EREDES,26.933980137917345
BUS:JUNCTION:60:01365,60,-9.134630895362552,38.886823142726946,,,,line_endpoint_cluster,derived,ENDPOINT_CLUSTER_DERIVED,
BUS:JUNCTION:60:01366,60,-9.116322413721576,38.890036963275115,,,,line_endpoint_cluster,derived,ENDPOINT_CLUSTER_DERIVED,
BUS:JUNCTION:60:01367,60,-9.065009507965827,38.85570731015198,,,,line_endpoint_cluster,derived,ENDPOINT_CLUSTER_DERIVED,
BUS:JUNCTION:60:01370,60,-9.07967794435913,38.856206334220715,,,,line_endpoint_cluster,derived,ENDPOINT_CLUSTER_DERIVED,
BUS:JUNCTION:60:01371,60,-9.027659347373087,38.91364976433115,,,,line_endpoint_cluster,derived,ENDPOINT_CLUSTER_DERIVED,
BUS:JUNCTION:60:01372,60,-9.025961978204247,38.91542214515382,,,,line_endpoint_cluster,derived,ENDPOINT_CLUSTER_DERIVED,
BUS:JUNCTION:60:01373,60,-9.043348797663176,38.89716416483967,,,,line_endpoint_cluster,derived,ENDPOINT_CLUSTER_DERIVED,
BUS:JUNCTION:60:01374,60,-9.041847859960557,38.89848837645571,,,,line_endpoint_cluster,derived,ENDPOINT_CLUSTER_DERIVED,
BUS:JUNCTION:60:01375,60,-9.046444904796507,38.89390467926064,,,,line_endpoint_cluster,derived,ENDPOINT_CLUSTER_DERIVED,
BUS:JUNCTION:60:01376,60,-9.330547146887668,39.047628737067434,,,,line_endpoint_cluster,derived,ENDPOINT_CLUSTER_DERIVED,
BUS:EREDES:1113S5527000:60,60,-9.34368339664191,39.0945815661526,EREDES:1113S5527000,CASALINHOS DE ALFAIATA,1113S5527000,substation,E-REDES,DIRECT_EREDES,19.71940749438972
BUS:EREDES:1113S5900500:60,60,-9.26624557139885,39.0745742098773,EREDES:1113S5900500,TORRES VEDRAS SUL,1113S5900500,substation,E-REDES,DIRECT_EREDES,200.49699268121532
BUS:JUNCTION:60:01379,60,-9.317625896493064,39.083246017142976,,,,line_endpoint_cluster,derived,ENDPOINT_CLUSTER_DERIVED,
BUS:JUNCTION:60:01380,60,-9.32212371723751,38.73369619612164,,,,line_endpoint_cluster,derived,ENDPOINT_CLUSTER_DERIVED,
BUS:JUNCTION:60:01381,60,-9.236986447688054,38.777449426962576,,,,line_endpoint_cluster,derived,ENDPOINT_CLUSTER_DERIVED,
BUS:JUNCTION:60:01382,60,-9.229013033016262,38.77825315350615,,,,line_endpoint_cluster,derived,ENDPOINT_CLUSTER_DERIVED,
BUS:EREDES:1115S5528500:60,60,-9.22542383473999,38.7687333692467,EREDES:1115S5528500,CASAL SÃO BRÁS,1115S5528500,substation,E-REDES,DIRECT_EREDES,39.70712860391001
BUS:JUNCTION:60:01384,60,-9.306687103449635,38.70363670696585,,,,line_endpoint_cluster,derived,ENDPOINT_CLUSTER_DERIVED,
BUS:JUNCTION:60:01385,60,-9.307917283890639,38.70108092861348,,,,line_endpoint_cluster,derived,ENDPOINT_CLUSTER_DERIVED,
BUS:JUNCTION:60:01386,60,-9.307260403027206,38.73057411125548,,,,line_endpoint_cluster,derived,ENDPOINT_CLUSTER_DERIVED,
BUS:JUNCTION:60:01387,60,-9.306318820863423,38.72975722697098,,,,line_endpoint_cluster,derived,ENDPOINT_CLUSTER_DERIVED,
BUS:JUNCTION:60:01389,60,-9.0656109014329,39.309043730755214,,,,line_endpoint_cluster,derived,ENDPOINT_CLUSTER_DERIVED,
BUS:JUNCTION:60:01390,60,-8.132516273840597,38.06608285076838,,,,line_endpoint_cluster,derived,ENDPOINT_CLUSTER_DERIVED,
BUS:JUNCTION:60:01391,60,-8.130011233464497,38.05346601437451,,,,line_endpoint_cluster,derived,ENDPOINT_CLUSTER_DERIVED,
BUS:JUNCTION:60:01392,60,-8.104562568368479,37.86458658187989,,,,line_endpoint_cluster,derived,ENDPOINT_CLUSTER_DERIVED,
BUS:JUNCTION:60:01393,60,-8.100147207038157,37.7927249435667,,,,line_endpoint_cluster,derived,ENDPOINT_CLUSTER_DERIVED,
BUS:EREDES:0202S5052400:60,60,-8.07184529434999,37.576708146983,EREDES:0202S5052400,PORTEIRINHOS,0202S5052400,substation,E-REDES,DIRECT_EREDES,25.638251068102438
BUS:JUNCTION:60:01395,60,-7.6455594156925,38.03791143735434,,,,line_endpoint_cluster,derived,ENDPOINT_CLUSTER_DERIVED,
BUS:JUNCTION:60:01396,60,-7.546721551153593,38.19244926312794,,,,line_endpoint_cluster,derived,ENDPOINT_CLUSTER_DERIVED,
BUS:JUNCTION:60:01397,60,-7.513338508177283,38.15578699984858,,,,line_endpoint_cluster,derived,ENDPOINT_CLUSTER_DERIVED,
BUS:JUNCTION:60:01398,60,-7.123140139275562,41.14562307904737,,,,line_endpoint_cluster,derived,ENDPOINT_CLUSTER_DERIVED,
BUS:JUNCTION:60:01399,60,-7.113765195055683,41.17710225013142,,,,line_endpoint_cluster,derived,ENDPOINT_CLUSTER_DERIVED,
BUS:JUNCTION:60:01400,60,-7.418168909887348,40.632592954281996,,,,line_endpoint_cluster,derived,ENDPOINT_CLUSTER_DERIVED,
BUS:JUNCTION:60:01401,60,-8.039699227851015,40.10553920559293,,,,line_endpoint_cluster,derived,ENDPOINT_CLUSTER_DERIVED,
BUS:JUNCTION:60:01402,60,-8.0210707369883,40.11139227219984,,,,line_endpoint_cluster,derived,ENDPOINT_CLUSTER_DERIVED,
BUS:JUNCTION:60:01403,60,-8.016915636372946,40.111884468057035,,,,line_endpoint_cluster,derived,ENDPOINT_CLUSTER_DERIVED,
BUS:JUNCTION:60:01404,60,-8.014502790134783,40.112170209858945,,,,line_endpoint_cluster,derived,ENDPOINT_CLUSTER_DERIVED,
BUS:JUNCTION:60:01405,60,-8.009975017429337,40.11270626383599,,,,line_endpoint_cluster,derived,ENDPOINT_CLUSTER_DERIVED,
BUS:JUNCTION:60:01406,60,-7.995752913752758,40.111434938019514,,,,line_endpoint_cluster,derived,ENDPOINT_CLUSTER_DERIVED,
BUS:EREDES:0606P5020700:60,60,-8.04602083068256,40.1032553982211,EREDES:0606P5020700,CADAFAZ,0606P5020700,switching_station,E-REDES,DIRECT_EREDES,3.617862246315951
BUS:JUNCTION:60:01408,60,-8.158131497181838,40.13783788071139,,,,line_endpoint_cluster,derived,ENDPOINT_CLUSTER_DERIVED,
BUS:JUNCTION:60:01409,60,-8.82432878783492,40.021542622812774,,,,line_endpoint_cluster,derived,ENDPOINT_CLUSTER_DERIVED,
BUS:EREDES:0616S5003500:60,60,-7.94789334187807,40.329605384036,EREDES:0616S5003500,CANDOSA,0616S5003500,substation,E-REDES,DIRECT_EREDES,27.190074662776407
BUS:JUNCTION:60:01411,60,-7.970580201121676,40.41007663739964,,,,line_endpoint_cluster,derived,ENDPOINT_CLUSTER_DERIVED,
BUS:JUNCTION:60:01412,60,-8.438361121152194,40.41273893593704,,,,line_endpoint_cluster,derived,ENDPOINT_CLUSTER_DERIVED,
BUS:JUNCTION:60:01413,60,-8.436384354745512,40.41925029288307,,,,line_endpoint_cluster,derived,ENDPOINT_CLUSTER_DERIVED,
BUS:EREDES:0111S5006200:60,60,-8.42842412554117,40.3462380055416,EREDES:0111S5006200,PAMPILHOSA,0111S5006200,substation,E-REDES,DIRECT_EREDES,11.905750910468996
BUS:JUNCTION:60:01415,60,-8.424671464902284,40.39606438242027,,,,line_endpoint_cluster,derived,ENDPOINT_CLUSTER_DERIVED,
BUS:JUNCTION:60:01416,60,-8.596193211065707,40.996866369166604,,,,line_endpoint_cluster,derived,ENDPOINT_CLUSTER_DERIVED,
BUS:JUNCTION:60:01417,60,-8.566153892795988,40.874317839345245,,,,line_endpoint_cluster,derived,ENDPOINT_CLUSTER_DERIVED,
BUS:JUNCTION:60:01418,60,-8.566424665853535,40.87519940297189,,,,line_endpoint_cluster,derived,ENDPOINT_CLUSTER_DERIVED,
BUS:JUNCTION:60:01419,60,-8.557165972690772,40.826226074706796,,,,line_endpoint_cluster,derived,ENDPOINT_CLUSTER_DERIVED,
BUS:JUNCTION:60:01420,60,-8.507551123484753,40.75883933594028,,,,line_endpoint_cluster,derived,ENDPOINT_CLUSTER_DERIVED,
BUS:JUNCTION:60:01421,60,-8.520693161123326,40.76821085333554,,,,line_endpoint_cluster,derived,ENDPOINT_CLUSTER_DERIVED,
BUS:JUNCTION:60:01422,60,-8.514445589394423,40.89061270768991,,,,line_endpoint_cluster,derived,ENDPOINT_CLUSTER_DERIVED,
BUS:JUNCTION:60:01423,60,-8.508376690712762,40.88952631554601,,,,line_endpoint_cluster,derived,ENDPOINT_CLUSTER_DERIVED,
BUS:EREDES:0116S5002800:60,60,-8.47800912203705,40.8867215448746,EREDES:0116S5002800,DEVESA VELHA,0116S5002800,substation,E-REDES,DIRECT_EREDES,15.57628688867569
BUS:JUNCTION:60:01425,60,-8.999217807782617,39.335606702150784,,,,line_endpoint_cluster,derived,ENDPOINT_CLUSTER_DERIVED,
BUS:JUNCTION:60:01426,60,-8.98527777313905,39.6103408061128,,,,line_endpoint_cluster,derived,ENDPOINT_CLUSTER_DERIVED,
BUS:JUNCTION:60:01427,60,-8.852231192177715,39.981222013783984,,,,line_endpoint_cluster,derived,ENDPOINT_CLUSTER_DERIVED,
BUS:JUNCTION:60:01429,60,-8.497196173830446,39.469547420543684,,,,line_endpoint_cluster,derived,ENDPOINT_CLUSTER_DERIVED,
BUS:JUNCTION:60:01430,60,-8.525848175437286,39.46699395125264,,,,line_endpoint_cluster,derived,ENDPOINT_CLUSTER_DERIVED,
BUS:JUNCTION:60:01431,60,-8.333101444937496,39.543031339421624,,,,line_endpoint_cluster,derived,ENDPOINT_CLUSTER_DERIVED,
BUS:JUNCTION:60:01432,60,-8.330737636621393,39.53749752714213,,,,line_endpoint_cluster,derived,ENDPOINT_CLUSTER_DERIVED,
BUS:JUNCTION:60:01433,60,-8.808301587483356,39.16277321387656,,,,line_endpoint_cluster,derived,ENDPOINT_CLUSTER_DERIVED,
BUS:JUNCTION:60:01434,60,-8.807709794699077,39.1645879301127,,,,line_endpoint_cluster,derived,ENDPOINT_CLUSTER_DERIVED,
BUS:JUNCTION:60:01436,60,-8.283914171234226,39.502670277559574,,,,line_endpoint_cluster,derived,ENDPOINT_CLUSTER_DERIVED,
BUS:JUNCTION:60:01437,60,-8.759035620036661,38.977003818126356,,,,line_endpoint_cluster,derived,ENDPOINT_CLUSTER_DERIVED,
BUS:EREDES:1416S5901000:60,60,-8.80909546304938,39.4275804388859,EREDES:1416S5901000,ALCANEDE,1416S5901000,substation,E-REDES,DIRECT_EREDES,56.313055470924446
BUS:JUNCTION:60:01439,60,-7.734788397151625,41.14864193902612,,,,line_endpoint_cluster,derived,ENDPOINT_CLUSTER_DERIVED,
BUS:JUNCTION:60:01440,60,-7.892690459329913,41.59613173855969,,,,line_endpoint_cluster,derived,ENDPOINT_CLUSTER_DERIVED,
BUS:JUNCTION:60:01441,60,-7.718800706852833,41.52855603001118,,,,line_endpoint_cluster,derived,ENDPOINT_CLUSTER_DERIVED,
BUS:JUNCTION:60:01442,60,-7.728622822668622,41.44674129376792,,,,line_endpoint_cluster,derived,ENDPOINT_CLUSTER_DERIVED,
BUS:EREDES:1713S5014700:60,60,-7.66595698978451,41.4641880343936,EREDES:1713S5014700,SOUTELO,1713S5014700,substation,E-REDES,DIRECT_EREDES,24.818902783129335
BUS:JUNCTION:60:01444,60,-7.846152105756152,41.28363325717755,,,,line_endpoint_cluster,derived,ENDPOINT_CLUSTER_DERIVED,
BUS:JUNCTION:60:01445,60,-7.851285672364966,41.282948751485435,,,,line_endpoint_cluster,derived,ENDPOINT_CLUSTER_DERIVED,
BUS:JUNCTION:60:01446,60,-7.875016551272095,41.156750022897924,,,,line_endpoint_cluster,derived,ENDPOINT_CLUSTER_DERIVED,
BUS:JUNCTION:60:01447,60,-8.393615574848969,41.56294545243348,,,,line_endpoint_cluster,derived,ENDPOINT_CLUSTER_DERIVED,
BUS:JUNCTION:60:01448,60,-8.395330688331338,41.55752477044034,,,,line_endpoint_cluster,derived,ENDPOINT_CLUSTER_DERIVED,
BUS:JUNCTION:60:01449,60,-8.42651827368499,37.178690279471105,,,,line_endpoint_cluster,derived,ENDPOINT_CLUSTER_DERIVED,
BUS:JUNCTION:60:01450,60,-8.461290747078227,37.17604844154373,,,,line_endpoint_cluster,derived,ENDPOINT_CLUSTER_DERIVED,
BUS:JUNCTION:60:01451,60,-8.471498371510943,37.177810290867924,,,,line_endpoint_cluster,derived,ENDPOINT_CLUSTER_DERIVED,
BUS:JUNCTION:60:01452,60,-8.485317123304792,37.17925739048857,,,,line_endpoint_cluster,derived,ENDPOINT_CLUSTER_DERIVED,
BUS:JUNCTION:60:01453,60,-8.321654152876587,37.11190595683812,,,,line_endpoint_cluster,derived,ENDPOINT_CLUSTER_DERIVED,
BUS:EREDES:0813S5062800:60,60,-8.36963522848442,37.1195496155097,EREDES:0813S5062800,ARMAÇÃO DE PERA,0813S5062800,substation,E-REDES,DIRECT_EREDES,31.46769864459172
BUS:JUNCTION:60:01455,60,-8.406068599643755,37.145477509863696,,,,line_endpoint_cluster,derived,ENDPOINT_CLUSTER_DERIVED,
BUS:JUNCTION:60:01456,60,-8.41523879303021,37.14371707704831,,,,line_endpoint_cluster,derived,ENDPOINT_CLUSTER_DERIVED,
BUS:EREDES:0811S5063200:60,60,-8.5591266423204,37.1247733089331,EREDES:0811S5063200,PORTIMÃO,0811S5063200,substation,E-REDES,DIRECT_EREDES,90.50344014392142
BUS:JUNCTION:60:01458,60,-8.565174032061808,37.17569496575991,,,,line_endpoint_cluster,derived,ENDPOINT_CLUSTER_DERIVED,
BUS:JUNCTION:60:01459,60,-8.645257601842795,37.17047322996555,,,,line_endpoint_cluster,derived,ENDPOINT_CLUSTER_DERIVED,
BUS:JUNCTION:60:01460,60,-8.693551270191975,37.15090674921781,,,,line_endpoint_cluster,derived,ENDPOINT_CLUSTER_DERIVED,
BUS:JUNCTION:60:01461,60,-8.701018838070626,37.11636088834428,,,,line_endpoint_cluster,derived,ENDPOINT_CLUSTER_DERIVED,
BUS:EREDES:0807S5063100:60,60,-8.69537961713379,37.1045229233398,EREDES:0807S5063100,LAGOS,0807S5063100,substation,E-REDES,DIRECT_EREDES,43.62196074512608
BUS:JUNCTION:60:01464,60,-8.701260529243097,37.12806114286683,,,,line_endpoint_cluster,derived,ENDPOINT_CLUSTER_DERIVED,
BUS:JUNCTION:60:01465,60,-8.778782578960824,37.1079569336901,,,,line_endpoint_cluster,derived,ENDPOINT_CLUSTER_DERIVED,
BUS:JUNCTION:60:01466,60,-8.132732550842498,37.15302565582017,,,,line_endpoint_cluster,derived,ENDPOINT_CLUSTER_DERIVED,
BUS:JUNCTION:60:01467,60,-7.481273994334432,37.24471229331338,,,,line_endpoint_cluster,derived,ENDPOINT_CLUSTER_DERIVED,
BUS:JUNCTION:60:01468,60,-7.82961532217599,37.15513107149481,,,,line_endpoint_cluster,derived,ENDPOINT_CLUSTER_DERIVED,
BUS:JUNCTION:60:01469,60,-8.744189285690418,37.30462627221258,,,,line_endpoint_cluster,derived,ENDPOINT_CLUSTER_DERIVED,
BUS:JUNCTION:60:01470,60,-8.745109715677682,37.30531597027711,,,,line_endpoint_cluster,derived,ENDPOINT_CLUSTER_DERIVED,
BUS:JUNCTION:60:01471,60,-8.745873517434077,37.30588503547935,,,,line_endpoint_cluster,derived,ENDPOINT_CLUSTER_DERIVED,
BUS:JUNCTION:60:01472,60,-7.412927103598359,41.20350931468245,,,,line_endpoint_cluster,derived,ENDPOINT_CLUSTER_DERIVED,
BUS:JUNCTION:60:01473,60,-7.288730154726432,41.29441337758916,,,,line_endpoint_cluster,derived,ENDPOINT_CLUSTER_DERIVED,
BUS:EREDES:1808P5020500:60,60,-8.1854928909767,40.3776243559348,EREDES:1808P5020500,PC MORTÁGUA,1808P5020500,switching_station,E-REDES,DIRECT_EREDES,27.391714284657997
BUS:EREDES:1802S5010800:60,60,-7.98044979216946,40.4426165017856,EREDES:1802S5010800,CARREGAL DO SAL,1802S5010800,substation,E-REDES,DIRECT_EREDES,32.56232724919234
BUS:JUNCTION:60:01476,60,-7.971835771865311,40.414400685565184,,,,line_endpoint_cluster,derived,ENDPOINT_CLUSTER_DERIVED,
BUS:EREDES:1803P5015700:60,60,-8.05203795322526,40.9860135617405,EREDES:1803P5015700,CABRIL,1803P5015700,switching_station,E-REDES,DIRECT_EREDES,24.98785566847232
BUS:JUNCTION:60:01478,60,-7.879483474658852,38.565373231488266,,,,line_endpoint_cluster,derived,ENDPOINT_CLUSTER_DERIVED,
BUS:JUNCTION:60:01479,60,-7.842425878914158,38.629606664528836,,,,line_endpoint_cluster,derived,ENDPOINT_CLUSTER_DERIVED,
BUS:JUNCTION:60:01480,60,-7.759761044924572,38.72533147476192,,,,line_endpoint_cluster,derived,ENDPOINT_CLUSTER_DERIVED,
BUS:JUNCTION:60:01481,60,-7.916655884133258,38.5397172710785,,,,line_endpoint_cluster,derived,ENDPOINT_CLUSTER_DERIVED,
BUS:JUNCTION:60:01482,60,-7.884609953590619,38.55712689280404,,,,line_endpoint_cluster,derived,ENDPOINT_CLUSTER_DERIVED,
BUS:JUNCTION:60:01483,60,-8.262207462440312,40.84085389868673,,,,line_endpoint_cluster,derived,ENDPOINT_CLUSTER_DERIVED,
BUS:EREDES:0119S5010100:60,60,-8.39395410711342,40.8354449542032,EREDES:0119S5010100,VALE CAMBRA,0119S5010100,substation,E-REDES,DIRECT_EREDES,6.729977419906551
BUS:JUNCTION:60:01485,60,-8.426368411494064,40.79995615807666,,,,line_endpoint_cluster,derived,ENDPOINT_CLUSTER_DERIVED,
BUS:JUNCTION:60:01486,60,-8.42126379636189,40.805424896702405,,,,line_endpoint_cluster,derived,ENDPOINT_CLUSTER_DERIVED,
BUS:JUNCTION:60:01487,60,-8.408846091866375,40.81878802832518,,,,line_endpoint_cluster,derived,ENDPOINT_CLUSTER_DERIVED,
BUS:JUNCTION:60:01488,60,-8.73020157928928,41.87673207742659,,,,line_endpoint_cluster,derived,ENDPOINT_CLUSTER_DERIVED,
BUS:JUNCTION:60:01489,60,-8.752095576688914,41.8810087779764,,,,line_endpoint_cluster,derived,ENDPOINT_CLUSTER_DERIVED,
BUS:JUNCTION:60:01490,60,-8.752993288156185,41.88118334344378,,,,line_endpoint_cluster,derived,ENDPOINT_CLUSTER_DERIVED,
BUS:EREDES:1610S5001400:60,60,-8.76153551822525,41.8846321560451,EREDES:1610S5001400,FRANCE,1610S5001400,substation,E-REDES,DIRECT_EREDES,62.7383043991736
BUS:JUNCTION:60:01492,60,-8.772819846118495,41.80110173955305,,,,line_endpoint_cluster,derived,ENDPOINT_CLUSTER_DERIVED,
BUS:EREDES:1602P5020900:60,60,-8.76931525854164,41.8121835633929,EREDES:1602P5020900,ORBACÉM,1602P5020900,switching_station,E-REDES,DIRECT_EREDES,15.747634180020668
BUS:JUNCTION:60:01494,60,-8.624172326041682,39.194773838344744,,,,line_endpoint_cluster,derived,ENDPOINT_CLUSTER_DERIVED,
BUS:JUNCTION:60:01495,60,-8.626131662397052,39.19395707503733,,,,line_endpoint_cluster,derived,ENDPOINT_CLUSTER_DERIVED,
BUS:JUNCTION:60:01496,60,-7.99012524914211,41.685017579439744,,,,line_endpoint_cluster,derived,ENDPOINT_CLUSTER_DERIVED,
BUS:JUNCTION:60:01497,60,-7.992286939503067,41.68479987979683,,,,line_endpoint_cluster,derived,ENDPOINT_CLUSTER_DERIVED,
BUS:JUNCTION:60:01498,60,-8.550691994159674,41.11856835215616,,,,line_endpoint_cluster,derived,ENDPOINT_CLUSTER_DERIVED,
BUS:JUNCTION:60:01499,60,-7.984200798596857,40.724388927549974,,,,line_endpoint_cluster,derived,ENDPOINT_CLUSTER_DERIVED,
BUS:JUNCTION:60:01500,60,-8.033488494985628,40.68262921464068,,,,line_endpoint_cluster,derived,ENDPOINT_CLUSTER_DERIVED,
BUS:JUNCTION:60:01501,60,-9.168221379856442,39.105778458026315,,,,line_endpoint_cluster,derived,ENDPOINT_CLUSTER_DERIVED,
BUS:JUNCTION:60:01502,60,-9.340409131375731,39.15473361363698,,,,line_endpoint_cluster,derived,ENDPOINT_CLUSTER_DERIVED,
BUS:EREDES:1113S5901500:60,60,-9.34538090251774,39.1562721393967,EREDES:1113S5901500,BOMBARDEIRA,1113S5901500,substation,E-REDES,DIRECT_EREDES,30.676086227747536
BUS:JUNCTION:60:01504,60,-9.437227698207481,38.725289415210774,,,,line_endpoint_cluster,derived,ENDPOINT_CLUSTER_DERIVED,
BUS:EREDES:1105S5250000:60,60,-9.4429923291409,38.7230901514163,EREDES:1105S5250000,BIRRE,1105S5250000,substation,E-REDES,DIRECT_EREDES,21.50298860854015
BUS:JUNCTION:60:01506,60,-9.407623686812487,38.73810563185865,,,,line_endpoint_cluster,derived,ENDPOINT_CLUSTER_DERIVED,
BUS:JUNCTION:60:01507,60,-9.414800189932835,38.73427241914589,,,,line_endpoint_cluster,derived,ENDPOINT_CLUSTER_DERIVED,
BUS:JUNCTION:60:01508,60,-9.413517517046712,38.72577041142342,,,,line_endpoint_cluster,derived,ENDPOINT_CLUSTER_DERIVED,
BUS:JUNCTION:60:01509,60,-9.421873765606112,38.72741978609933,,,,line_endpoint_cluster,derived,ENDPOINT_CLUSTER_DERIVED,
BUS:JUNCTION:60:01510,60,-9.31731435924551,38.73438274197514,,,,line_endpoint_cluster,derived,ENDPOINT_CLUSTER_DERIVED,
BUS:JUNCTION:60:01511,60,-7.662678688516873,41.46674614533978,,,,line_endpoint_cluster,derived,ENDPOINT_CLUSTER_DERIVED,
BUS:JUNCTION:60:01512,60,-7.658715227267678,41.47142696295589,,,,line_endpoint_cluster,derived,ENDPOINT_CLUSTER_DERIVED,
BUS:JUNCTION:60:01513,60,-7.644182163596264,41.47676343238724,,,,line_endpoint_cluster,derived,ENDPOINT_CLUSTER_DERIVED,
BUS:JUNCTION:60:01514,60,-7.645418098378674,41.487058929816925,,,,line_endpoint_cluster,derived,ENDPOINT_CLUSTER_DERIVED,
BUS:JUNCTION:60:01515,60,-8.731037630226357,41.87571518493579,,,,line_endpoint_cluster,derived,ENDPOINT_CLUSTER_DERIVED,
BUS:JUNCTION:60:01516,60,-7.883270703667572,41.70885622223741,,,,line_endpoint_cluster,derived,ENDPOINT_CLUSTER_DERIVED,
BUS:EREDES:1106S5242000:60,60,-9.16396442716846,38.7677659648803,EREDES:1106S5242000,TELHEIRAS,1106S5242000,substation,E-REDES,DIRECT_EREDES,87.10087245647726
BUS:JUNCTION:60:01520,60,-9.101302851675293,38.74863288632382,,,,line_endpoint_cluster,derived,ENDPOINT_CLUSTER_DERIVED,
BUS:JUNCTION:60:01521,60,-9.100502010599465,38.75316326354686,,,,line_endpoint_cluster,derived,ENDPOINT_CLUSTER_DERIVED,
BUS:JUNCTION:60:01522,60,-9.108178528281016,38.728210228295204,,,,line_endpoint_cluster,derived,ENDPOINT_CLUSTER_DERIVED,
BUS:JUNCTION:60:01523,60,-9.105043209093276,38.732062870277,,,,line_endpoint_cluster,derived,ENDPOINT_CLUSTER_DERIVED,
BUS:JUNCTION:60:01524,60,-9.121783764126338,38.728787300517176,,,,line_endpoint_cluster,derived,ENDPOINT_CLUSTER_DERIVED,
BUS:JUNCTION:60:01525,60,-9.168398186050204,38.73671628124625,,,,line_endpoint_cluster,derived,ENDPOINT_CLUSTER_DERIVED,
BUS:JUNCTION:60:01526,60,-9.167374054534074,38.73894032019523,,,,line_endpoint_cluster,derived,ENDPOINT_CLUSTER_DERIVED,
BUS:EREDES:1106S5431000:60,60,-9.14614429751852,38.7451994394304,EREDES:1106S5431000,ENTRECAMPOS,1106S5431000,substation,E-REDES,DIRECT_EREDES,101.53876770561993
BUS:EREDES:1106S5200300:60,60,-9.13614092174014,38.7369142277977,EREDES:1106S5200300,ALAMEDA,1106S5200300,substation,E-REDES,DIRECT_EREDES,4.145196361279134
BUS:JUNCTION:60:01529,60,-9.264464747624421,38.811361913319864,,,,line_endpoint_cluster,derived,ENDPOINT_CLUSTER_DERIVED,
BUS:JUNCTION:60:01530,60,-9.312546013941521,38.81040228303789,,,,line_endpoint_cluster,derived,ENDPOINT_CLUSTER_DERIVED,
BUS:JUNCTION:60:01531,60,-9.320443246061615,38.80492765986834,,,,line_endpoint_cluster,derived,ENDPOINT_CLUSTER_DERIVED,
BUS:JUNCTION:60:01532,60,-9.325818310661017,38.80505323031395,,,,line_endpoint_cluster,derived,ENDPOINT_CLUSTER_DERIVED,
BUS:JUNCTION:60:01533,60,-9.314380942650054,38.80985306413127,,,,line_endpoint_cluster,derived,ENDPOINT_CLUSTER_DERIVED,
BUS:JUNCTION:60:01534,60,-9.318696373107871,38.807792151855445,,,,line_endpoint_cluster,derived,ENDPOINT_CLUSTER_DERIVED,
BUS:JUNCTION:60:01535,60,-9.38210285936777,38.75796777834448,,,,line_endpoint_cluster,derived,ENDPOINT_CLUSTER_DERIVED,
BUS:JUNCTION:60:01536,60,-9.385332515119535,38.75699645524203,,,,line_endpoint_cluster,derived,ENDPOINT_CLUSTER_DERIVED,
BUS:JUNCTION:60:01537,60,-9.248172910977413,38.7512283203634,,,,line_endpoint_cluster,derived,ENDPOINT_CLUSTER_DERIVED,
BUS:JUNCTION:60:01538,60,-9.247491951918898,38.75053136726427,,,,line_endpoint_cluster,derived,ENDPOINT_CLUSTER_DERIVED,
BUS:JUNCTION:60:01539,60,-9.291256098321114,38.76595556300662,,,,line_endpoint_cluster,derived,ENDPOINT_CLUSTER_DERIVED,
BUS:JUNCTION:60:01540,60,-9.272923458187872,38.76998567125589,,,,line_endpoint_cluster,derived,ENDPOINT_CLUSTER_DERIVED,
BUS:JUNCTION:60:01541,60,-9.258907116555038,38.77390691702387,,,,line_endpoint_cluster,derived,ENDPOINT_CLUSTER_DERIVED,
BUS:JUNCTION:60:01542,60,-9.268158649363222,38.77081600546031,,,,line_endpoint_cluster,derived,ENDPOINT_CLUSTER_DERIVED,
BUS:JUNCTION:60:01543,60,-9.240671574303704,38.776183376786484,,,,line_endpoint_cluster,derived,ENDPOINT_CLUSTER_DERIVED,
BUS:JUNCTION:60:01544,60,-9.245835144734011,38.77643934749758,,,,line_endpoint_cluster,derived,ENDPOINT_CLUSTER_DERIVED,
BUS:JUNCTION:60:01545,60,-9.24350453285888,38.79424237174636,,,,line_endpoint_cluster,derived,ENDPOINT_CLUSTER_DERIVED,
BUS:JUNCTION:60:01546,60,-9.244227029095757,38.794727814916165,,,,line_endpoint_cluster,derived,ENDPOINT_CLUSTER_DERIVED,
BUS:JUNCTION:60:01547,60,-9.24298192388202,38.783379185402495,,,,line_endpoint_cluster,derived,ENDPOINT_CLUSTER_DERIVED,
BUS:JUNCTION:60:01548,60,-9.243387516238,38.78477772955545,,,,line_endpoint_cluster,derived,ENDPOINT_CLUSTER_DERIVED,
BUS:JUNCTION:60:01549,60,-9.238681997727081,38.77708168322157,,,,line_endpoint_cluster,derived,ENDPOINT_CLUSTER_DERIVED,
BUS:JUNCTION:60:01550,60,-9.243867731619648,38.782724032936684,,,,line_endpoint_cluster,derived,ENDPOINT_CLUSTER_DERIVED,
BUS:JUNCTION:60:01551,60,-9.24378158573036,38.78411973467728,,,,line_endpoint_cluster,derived,ENDPOINT_CLUSTER_DERIVED,
BUS:JUNCTION:60:01552,60,-8.589737202334094,37.19349525933467,,,,line_endpoint_cluster,derived,ENDPOINT_CLUSTER_DERIVED,
BUS:JUNCTION:60:01553,60,-7.985672557851778,40.975958604151764,,,,line_endpoint_cluster,derived,ENDPOINT_CLUSTER_DERIVED,
BUS:JUNCTION:60:01554,60,-7.991492124882184,40.980315348283966,,,,line_endpoint_cluster,derived,ENDPOINT_CLUSTER_DERIVED,
BUS:JUNCTION:60:01555,60,-8.130279297206624,41.08206673026706,,,,line_endpoint_cluster,derived,ENDPOINT_CLUSTER_DERIVED,
BUS:JUNCTION:60:01556,60,-8.133160150613262,41.08438982487967,,,,line_endpoint_cluster,derived,ENDPOINT_CLUSTER_DERIVED,
BUS:JUNCTION:60:01557,60,-9.11320393595367,38.79193617599104,,,,line_endpoint_cluster,derived,ENDPOINT_CLUSTER_DERIVED,
BUS:JUNCTION:60:01558,60,-9.112548252308455,38.802218270745186,,,,line_endpoint_cluster,derived,ENDPOINT_CLUSTER_DERIVED,
BUS:JUNCTION:60:01559,60,-9.107260963206794,38.78737712859163,,,,line_endpoint_cluster,derived,ENDPOINT_CLUSTER_DERIVED,
BUS:JUNCTION:60:01560,60,-9.105777800573076,38.775086145246505,,,,line_endpoint_cluster,derived,ENDPOINT_CLUSTER_DERIVED,
BUS:JUNCTION:60:01561,60,-8.560789856404334,40.778753218593586,,,,line_endpoint_cluster,derived,ENDPOINT_CLUSTER_DERIVED,
BUS:JUNCTION:60:01562,60,-8.561751948991425,40.77523318221839,,,,line_endpoint_cluster,derived,ENDPOINT_CLUSTER_DERIVED,
BUS:JUNCTION:60:01563,60,-8.565044210348685,40.74038122734441,,,,line_endpoint_cluster,derived,ENDPOINT_CLUSTER_DERIVED,
BUS:JUNCTION:60:01564,60,-8.706591001906885,41.32701589194157,,,,line_endpoint_cluster,derived,ENDPOINT_CLUSTER_DERIVED,
BUS:JUNCTION:60:01565,60,-7.781190625495915,41.1322870292395,,,,line_endpoint_cluster,derived,ENDPOINT_CLUSTER_DERIVED,
BUS:EREDES:1805S5011300:60,60,-7.80566624448477,41.0906337901574,EREDES:1805S5011300,LAMEGO,1805S5011300,substation,E-REDES,DIRECT_EREDES,62.405893412170514
BUS:JUNCTION:60:01567,60,-9.045787254659116,38.5817888797399,,,,line_endpoint_cluster,derived,ENDPOINT_CLUSTER_DERIVED,
BUS:JUNCTION:60:01568,60,-9.046868114893316,38.58135307108847,,,,line_endpoint_cluster,derived,ENDPOINT_CLUSTER_DERIVED,
BUS:JUNCTION:60:01569,60,-8.002852362837178,41.61662011843728,,,,line_endpoint_cluster,derived,ENDPOINT_CLUSTER_DERIVED,
BUS:JUNCTION:60:01570,60,-8.010865978053307,41.67806507160269,,,,line_endpoint_cluster,derived,ENDPOINT_CLUSTER_DERIVED,
BUS:JUNCTION:60:01571,60,-7.997842893527831,41.68393725396205,,,,line_endpoint_cluster,derived,ENDPOINT_CLUSTER_DERIVED,
BUS:JUNCTION:60:01572,60,-8.026857588842306,41.6863125281722,,,,line_endpoint_cluster,derived,ENDPOINT_CLUSTER_DERIVED,
BUS:JUNCTION:60:01573,60,-8.875848961116029,38.54942454159022,,,,line_endpoint_cluster,derived,ENDPOINT_CLUSTER_DERIVED,
BUS:JUNCTION:60:01574,60,-8.851147284721414,38.51323211143353,,,,line_endpoint_cluster,derived,ENDPOINT_CLUSTER_DERIVED,
BUS:JUNCTION:60:01575,60,-8.792850881329326,38.487497884887176,,,,line_endpoint_cluster,derived,ENDPOINT_CLUSTER_DERIVED,
BUS:JUNCTION:60:01576,60,-8.792041811142893,38.47713451167398,,,,line_endpoint_cluster,derived,ENDPOINT_CLUSTER_DERIVED,
BUS:EREDES:1512P5903900:60,60,-8.83281521982619,38.5088478676215,EREDES:1512P5903900,SADO,1512P5903900,switching_station,E-REDES,DIRECT_EREDES,82.62786315460664
BUS:JUNCTION:60:01579,60,-8.860488100031835,38.53746331379387,,,,line_endpoint_cluster,derived,ENDPOINT_CLUSTER_DERIVED,
BUS:JUNCTION:60:01580,60,-8.85333387117765,38.552485450011694,,,,line_endpoint_cluster,derived,ENDPOINT_CLUSTER_DERIVED,
BUS:JUNCTION:60:01581,60,-8.862936107242415,38.56353361442155,,,,line_endpoint_cluster,derived,ENDPOINT_CLUSTER_DERIVED,
BUS:JUNCTION:60:01582,60,-8.811851471018302,38.57034983788437,,,,line_endpoint_cluster,derived,ENDPOINT_CLUSTER_DERIVED,
BUS:JUNCTION:60:01583,60,-8.799524525438747,38.573282642095606,,,,line_endpoint_cluster,derived,ENDPOINT_CLUSTER_DERIVED,
BUS:EREDES:1508S5031800:60,60,-8.89880155454382,38.5953798053933,EREDES:1508S5031800,CARRASCAS,1508S5031800,substation,E-REDES,DIRECT_EREDES,27.982378236910115
BUS:EREDES:1508S5902400:60,60,-8.90410495381109,38.6594173890094,EREDES:1508S5902400,PINHAL NOVO,1508S5902400,substation,E-REDES,DIRECT_EREDES,8.508189056203658
BUS:JUNCTION:60:01587,60,-8.906943063026851,38.66008165727315,,,,line_endpoint_cluster,derived,ENDPOINT_CLUSTER_DERIVED,
BUS:JUNCTION:60:01588,60,-8.196376024820728,40.25858987908938,,,,line_endpoint_cluster,derived,ENDPOINT_CLUSTER_DERIVED,
BUS:JUNCTION:60:01589,60,-8.206330061270851,40.254120135697775,,,,line_endpoint_cluster,derived,ENDPOINT_CLUSTER_DERIVED,
BUS:JUNCTION:60:01590,60,-7.869439592361226,40.27577470068125,,,,line_endpoint_cluster,derived,ENDPOINT_CLUSTER_DERIVED,
BUS:EREDES:1302P5020600:60,60,-7.89462238649366,41.2088129688806,EREDES:1302P5020600,SEIXINHOS,1302P5020600,switching_station,E-REDES,DIRECT_EREDES,14.855619348563467
BUS:EREDES:1824P5021300:60,60,-8.11372617466546,40.652901408208,EREDES:1824P5021300,FORNELO DO MONTE,1824P5021300,switching_station,E-REDES,DIRECT_EREDES,6.31347979779604
BUS:JUNCTION:60:01593,60,-8.106615710940005,40.63937315029508,,,,line_endpoint_cluster,derived,ENDPOINT_CLUSTER_DERIVED,
BUS:JUNCTION:60:01594,60,-8.100690621848555,40.593215735473564,,,,line_endpoint_cluster,derived,ENDPOINT_CLUSTER_DERIVED,
BUS:EREDES:0808P5904200:60,60,-7.97038794267107,37.3486865016334,EREDES:0808P5904200,AMEIXIAL,0808P5904200,switching_station,E-REDES,DIRECT_EREDES,10.951421844872376
BUS:JUNCTION:60:01596,60,-7.965922111726838,37.35216253746095,,,,line_endpoint_cluster,derived,ENDPOINT_CLUSTER_DERIVED,
BUS:JUNCTION:60:01597,60,-7.475236757979874,37.18618393614112,,,,line_endpoint_cluster,derived,ENDPOINT_CLUSTER_DERIVED,
BUS:EREDES:0804S5060600:60,60,-7.47281821458305,37.1844431989181,EREDES:0804S5060600,ALDEIA NOVA,0804S5060600,substation,E-REDES,DIRECT_EREDES,34.574798785413364
BUS:JUNCTION:60:01599,60,-8.237116410160327,39.483867165597076,,,,line_endpoint_cluster,derived,ENDPOINT_CLUSTER_DERIVED,
BUS:JUNCTION:60:01600,60,-8.243820236466762,39.486577717900026,,,,line_endpoint_cluster,derived,ENDPOINT_CLUSTER_DERIVED,
BUS:JUNCTION:60:01601,60,-8.781036162374832,37.123831742865356,,,,line_endpoint_cluster,derived,ENDPOINT_CLUSTER_DERIVED,
BUS:JUNCTION:60:01602,60,-8.776691307007717,37.12522272000715,,,,line_endpoint_cluster,derived,ENDPOINT_CLUSTER_DERIVED,
BUS:JUNCTION:60:01603,60,-7.820854008302462,40.55947608045912,,,,line_endpoint_cluster,derived,ENDPOINT_CLUSTER_DERIVED,
BUS:JUNCTION:60:01604,60,-7.833728862464351,40.57890079039364,,,,line_endpoint_cluster,derived,ENDPOINT_CLUSTER_DERIVED,
BUS:JUNCTION:60:01605,60,-7.857125108824198,40.61373150852592,,,,line_endpoint_cluster,derived,ENDPOINT_CLUSTER_DERIVED,
BUS:JUNCTION:60:01606,60,-7.497347965794253,38.18856773768923,,,,line_endpoint_cluster,derived,ENDPOINT_CLUSTER_DERIVED,
BUS:JUNCTION:60:01607,60,-7.501976163596934,38.189010781726225,,,,line_endpoint_cluster,derived,ENDPOINT_CLUSTER_DERIVED,
BUS:JUNCTION:60:01608,60,-7.633458213803678,38.11025540704008,,,,line_endpoint_cluster,derived,ENDPOINT_CLUSTER_DERIVED,
BUS:JUNCTION:60:01609,60,-7.629977351624195,38.109527319728116,,,,line_endpoint_cluster,derived,ENDPOINT_CLUSTER_DERIVED,
BUS:JUNCTION:60:01610,60,-7.835704664332022,40.55172270457048,,,,line_endpoint_cluster,derived,ENDPOINT_CLUSTER_DERIVED,
BUS:EREDES:1809S5004900:60,60,-7.83225000114925,40.552390003649,EREDES:1809S5004900,NELAS,1809S5004900,substation,E-REDES,DIRECT_EREDES,107.3152034029716
BUS:JUNCTION:60:01612,60,-7.88719189837942,37.04272231992084,,,,line_endpoint_cluster,derived,ENDPOINT_CLUSTER_DERIVED,
BUS:JUNCTION:60:01613,60,-7.90214250421202,37.03986199389291,,,,line_endpoint_cluster,derived,ENDPOINT_CLUSTER_DERIVED,
BUS:JUNCTION:60:01614,60,-7.865761254521386,37.046820987246804,,,,line_endpoint_cluster,derived,ENDPOINT_CLUSTER_DERIVED,
BUS:EREDES:0307S5004400:60,60,-8.1769881181641,41.4458790603869,EREDES:0307S5004400,FAFE,0307S5004400,substation,E-REDES,DIRECT_EREDES,30.278171231882798
BUS:JUNCTION:60:01616,60,-8.09982276463449,41.43217566096068,,,,line_endpoint_cluster,derived,ENDPOINT_CLUSTER_DERIVED,
BUS:EREDES:0305P5021500:60,60,-8.05762580551246,41.4287580563951,EREDES:0305P5021500,AZINHEIRA,0305P5021500,switching_station,E-REDES,DIRECT_EREDES,143.76567858709936
BUS:EREDES:1308S5007600:60,60,-8.64643359695418,41.1984650857493,EREDES:1308S5007600,CUSTÓIAS,1308S5007600,substation,E-REDES,DIRECT_EREDES,216.90216114929802
BUS:JUNCTION:60:01620,60,-8.65185117850336,41.19898863326146,,,,line_endpoint_cluster,derived,ENDPOINT_CLUSTER_DERIVED,
BUS:JUNCTION:60:01622,60,-8.67186058890943,41.209197787133775,,,,line_endpoint_cluster,derived,ENDPOINT_CLUSTER_DERIVED,
BUS:JUNCTION:60:01623,60,-8.632087945977556,41.19651732496736,,,,line_endpoint_cluster,derived,ENDPOINT_CLUSTER_DERIVED,
BUS:JUNCTION:60:01624,60,-8.631152282695211,41.198074165706146,,,,line_endpoint_cluster,derived,ENDPOINT_CLUSTER_DERIVED,
BUS:JUNCTION:60:01625,60,-8.46614345975676,40.44374078417991,,,,line_endpoint_cluster,derived,ENDPOINT_CLUSTER_DERIVED,
BUS:JUNCTION:60:01627,60,-8.574426463962691,41.176025326278584,,,,line_endpoint_cluster,derived,ENDPOINT_CLUSTER_DERIVED,
BUS:JUNCTION:60:01628,60,-8.574131448434798,41.17439608996147,,,,line_endpoint_cluster,derived,ENDPOINT_CLUSTER_DERIVED,
BUS:JUNCTION:60:01629,60,-8.579619912064311,41.16897512913863,,,,line_endpoint_cluster,derived,ENDPOINT_CLUSTER_DERIVED,
BUS:EREDES:1311S5006900:60,60,-8.29340111120722,41.1072832673245,EREDES:1311S5006900,ENTRE-OS-RIOS,1311S5006900,substation,E-REDES,DIRECT_EREDES,14.22995670253542
BUS:JUNCTION:60:01631,60,-8.268144651173285,41.09620612609253,,,,line_endpoint_cluster,derived,ENDPOINT_CLUSTER_DERIVED,
BUS:JUNCTION:60:01632,60,-8.811434461514336,40.04863910301078,,,,line_endpoint_cluster,derived,ENDPOINT_CLUSTER_DERIVED,
BUS:JUNCTION:60:01633,60,-9.031286007843821,38.90967576620777,,,,line_endpoint_cluster,derived,ENDPOINT_CLUSTER_DERIVED,
BUS:JUNCTION:60:01634,60,-9.02995778834158,38.91100378028018,,,,line_endpoint_cluster,derived,ENDPOINT_CLUSTER_DERIVED,
BUS:JUNCTION:60:01635,60,-8.665316691849524,39.23074179585741,,,,line_endpoint_cluster,derived,ENDPOINT_CLUSTER_DERIVED,
BUS:JUNCTION:60:01636,60,-8.64359999885315,39.186215153389796,,,,line_endpoint_cluster,derived,ENDPOINT_CLUSTER_DERIVED,
BUS:EREDES:0607S5003400:60,60,-8.24568592660392,40.1201515894044,EREDES:0607S5003400,LOUSÃ,0607S5003400,substation,E-REDES,DIRECT_EREDES,16.64536532137492
BUS:JUNCTION:60:01638,60,-8.180412215203079,40.09696026190892,,,,line_endpoint_cluster,derived,ENDPOINT_CLUSTER_DERIVED,
BUS:JUNCTION:60:01639,60,-8.290576888614233,38.65085244987022,,,,line_endpoint_cluster,derived,ENDPOINT_CLUSTER_DERIVED,
BUS:JUNCTION:60:01640,60,-8.380243655350602,38.66044050278096,,,,line_endpoint_cluster,derived,ENDPOINT_CLUSTER_DERIVED,
BUS:JUNCTION:60:01641,60,-8.629755424920575,39.32933817425961,,,,line_endpoint_cluster,derived,ENDPOINT_CLUSTER_DERIVED,
BUS:EREDES:1416S5901800:60,60,-8.63054685172559,39.3324486385034,EREDES:1416S5901800,VALE FIGUEIRA,1416S5901800,substation,E-REDES,DIRECT_EREDES,230.67391352931688
BUS:JUNCTION:60:01643,60,-8.590633238943179,39.56812762323811,,,,line_endpoint_cluster,derived,ENDPOINT_CLUSTER_DERIVED,
BUS:JUNCTION:60:01644,60,-8.605872712066942,39.57559606057096,,,,line_endpoint_cluster,derived,ENDPOINT_CLUSTER_DERIVED,
BUS:JUNCTION:60:01645,60,-8.391803170101824,40.89736117558668,,,,line_endpoint_cluster,derived,ENDPOINT_CLUSTER_DERIVED,
BUS:JUNCTION:60:01646,60,-8.324746567113868,40.88570790189395,,,,line_endpoint_cluster,derived,ENDPOINT_CLUSTER_DERIVED,
BUS:JUNCTION:60:01647,60,-8.927763002741916,39.74376615165663,,,,line_endpoint_cluster,derived,ENDPOINT_CLUSTER_DERIVED,
BUS:JUNCTION:60:01648,60,-8.924872984017753,39.743143794452855,,,,line_endpoint_cluster,derived,ENDPOINT_CLUSTER_DERIVED,
BUS:JUNCTION:60:01650,60,-8.920190017467192,39.742736997157635,,,,line_endpoint_cluster,derived,ENDPOINT_CLUSTER_DERIVED,
BUS:JUNCTION:60:01651,60,-8.927343373956102,39.750739350614175,,,,line_endpoint_cluster,derived,ENDPOINT_CLUSTER_DERIVED,
BUS:JUNCTION:60:01652,60,-8.929011541200543,39.7545257321176,,,,line_endpoint_cluster,derived,ENDPOINT_CLUSTER_DERIVED,
BUS:JUNCTION:60:01653,60,-8.921338019637084,39.749630310762356,,,,line_endpoint_cluster,derived,ENDPOINT_CLUSTER_DERIVED,
BUS:JUNCTION:60:01654,60,-9.121448670449631,38.5775369209517,,,,line_endpoint_cluster,derived,ENDPOINT_CLUSTER_DERIVED,
BUS:JUNCTION:60:01655,60,-9.118112061644311,38.573743307362285,,,,line_endpoint_cluster,derived,ENDPOINT_CLUSTER_DERIVED,
BUS:JUNCTION:60:01656,60,-9.101294671695289,38.55715546343049,,,,line_endpoint_cluster,derived,ENDPOINT_CLUSTER_DERIVED,
BUS:JUNCTION:60:01657,60,-9.101537827064584,38.55265542805469,,,,line_endpoint_cluster,derived,ENDPOINT_CLUSTER_DERIVED,
BUS:JUNCTION:60:01658,60,-9.06875025404743,38.58728104044092,,,,line_endpoint_cluster,derived,ENDPOINT_CLUSTER_DERIVED,
BUS:JUNCTION:60:01659,60,-9.100769607926694,38.550349192389476,,,,line_endpoint_cluster,derived,ENDPOINT_CLUSTER_DERIVED,
BUS:JUNCTION:60:01660,60,-9.124007347385309,38.57537630097293,,,,line_endpoint_cluster,derived,ENDPOINT_CLUSTER_DERIVED,
BUS:JUNCTION:60:01661,60,-8.848956095325189,39.62282485493787,,,,line_endpoint_cluster,derived,ENDPOINT_CLUSTER_DERIVED,
BUS:JUNCTION:60:01662,60,-8.849027791763733,39.62056507130702,,,,line_endpoint_cluster,derived,ENDPOINT_CLUSTER_DERIVED,
BUS:JUNCTION:60:01663,60,-8.600868357643073,40.96360181275618,,,,line_endpoint_cluster,derived,ENDPOINT_CLUSTER_DERIVED,
BUS:JUNCTION:60:01664,60,-8.523022832236622,40.58912057492746,,,,line_endpoint_cluster,derived,ENDPOINT_CLUSTER_DERIVED,
BUS:JUNCTION:60:01665,60,-8.61230215790493,40.57291889461081,,,,line_endpoint_cluster,derived,ENDPOINT_CLUSTER_DERIVED,
BUS:JUNCTION:60:01666,60,-7.439737773171683,38.18797079885172,,,,line_endpoint_cluster,derived,ENDPOINT_CLUSTER_DERIVED,
BUS:JUNCTION:60:01667,60,-7.2061212528283916,38.19573991455608,,,,line_endpoint_cluster,derived,ENDPOINT_CLUSTER_DERIVED,
BUS:JUNCTION:60:01668,60,-7.471718925082756,38.192010913055185,,,,line_endpoint_cluster,derived,ENDPOINT_CLUSTER_DERIVED,
BUS:JUNCTION:60:01669,60,-8.986882871833636,39.656373468234875,,,,line_endpoint_cluster,derived,ENDPOINT_CLUSTER_DERIVED,
BUS:JUNCTION:60:01670,60,-8.98601865778035,39.65159949482988,,,,line_endpoint_cluster,derived,ENDPOINT_CLUSTER_DERIVED,
BUS:JUNCTION:60:01671,60,-8.043021995570077,39.21204800434862,,,,line_endpoint_cluster,derived,ENDPOINT_CLUSTER_DERIVED,
BUS:EREDES:1213S5566900:60,60,-8.00056386836767,39.2345522486781,EREDES:1213S5566900,PONTE SOR,1213S5566900,substation,E-REDES,DIRECT_EREDES,11.99363158353547
BUS:JUNCTION:60:01673,60,-8.056746395836724,39.114571778408525,,,,line_endpoint_cluster,derived,ENDPOINT_CLUSTER_DERIVED,
BUS:JUNCTION:60:01674,60,-8.991986218545467,39.066739254803295,,,,line_endpoint_cluster,derived,ENDPOINT_CLUSTER_DERIVED,
BUS:EREDES:1101S5901600:60,60,-8.99460562801865,39.0643261046474,EREDES:1101S5901600,CHEGANÇAS,1101S5901600,substation,E-REDES,DIRECT_EREDES,34.131183739103065
BUS:JUNCTION:60:01676,60,-8.370656490771182,39.96806253428167,,,,line_endpoint_cluster,derived,ENDPOINT_CLUSTER_DERIVED,
BUS:JUNCTION:60:01677,60,-8.379112606564803,39.926435534941355,,,,line_endpoint_cluster,derived,ENDPOINT_CLUSTER_DERIVED,
BUS:EREDES:0106S5021300:60,60,-8.24224679886584,41.0546118372906,EREDES:0106S5021300,FORNOS,0106S5021300,substation,E-REDES,DIRECT_EREDES,21.30327349770144
BUS:JUNCTION:60:01679,60,-8.23891136076753,41.05704027235243,,,,line_endpoint_cluster,derived,ENDPOINT_CLUSTER_DERIVED,
BUS:JUNCTION:60:01680,60,-8.240980519233254,41.060051442622814,,,,line_endpoint_cluster,derived,ENDPOINT_CLUSTER_DERIVED,
BUS:JUNCTION:60:01681,60,-7.790836033189122,39.54940774183739,,,,line_endpoint_cluster,derived,ENDPOINT_CLUSTER_DERIVED,
BUS:EREDES:0803S5904000:60,60,-8.77901244728105,37.212234882542,EREDES:0803S5904000,POLDRA,0803S5904000,substation,E-REDES,DIRECT_EREDES,219.08510925823535
BUS:EREDES:1212P5339100:60,60,-7.70876575128392,39.5914897843594,EREDES:1212P5339100,VELADA,1212P5339100,switching_station,E-REDES,DIRECT_EREDES,21.59018268799661
BUS:JUNCTION:60:01684,60,-7.654560242200091,39.63038129111552,,,,line_endpoint_cluster,derived,ENDPOINT_CLUSTER_DERIVED,
BUS:JUNCTION:60:01685,60,-7.753718402472012,39.52200216556635,,,,line_endpoint_cluster,derived,ENDPOINT_CLUSTER_DERIVED,
BUS:JUNCTION:60:01686,60,-7.739558658405794,39.52803489474709,,,,line_endpoint_cluster,derived,ENDPOINT_CLUSTER_DERIVED,
BUS:EREDES:0511S5011400:60,60,-7.67264755366708,39.6738761225107,EREDES:0511S5011400,VILA VELHA DE RODÃO,0511S5011400,substation,E-REDES,DIRECT_EREDES,10.975929788189248
BUS:JUNCTION:60:01688,60,-8.099613154960558,41.01270735670436,,,,line_endpoint_cluster,derived,ENDPOINT_CLUSTER_DERIVED,
BUS:JUNCTION:60:01689,60,-8.786372511713278,38.90805564262291,,,,line_endpoint_cluster,derived,ENDPOINT_CLUSTER_DERIVED,
BUS:JUNCTION:60:01690,60,-8.772571049794301,38.90682569910865,,,,line_endpoint_cluster,derived,ENDPOINT_CLUSTER_DERIVED,
BUS:JUNCTION:60:01691,60,-8.756314322875161,38.97879172819352,,,,line_endpoint_cluster,derived,ENDPOINT_CLUSTER_DERIVED,
BUS:JUNCTION:60:01692,60,-9.367077455681343,38.754094603294604,,,,line_endpoint_cluster,derived,ENDPOINT_CLUSTER_DERIVED,
BUS:JUNCTION:60:01693,60,-9.236492649730284,38.860540739001884,,,,line_endpoint_cluster,derived,ENDPOINT_CLUSTER_DERIVED,
BUS:JUNCTION:60:01694,60,-9.328597679478843,38.75154262274933,,,,line_endpoint_cluster,derived,ENDPOINT_CLUSTER_DERIVED,
BUS:JUNCTION:60:01695,60,-9.324405403132626,38.74600798280109,,,,line_endpoint_cluster,derived,ENDPOINT_CLUSTER_DERIVED,
BUS:JUNCTION:60:01696,60,-9.195680932197927,38.784469139785166,,,,line_endpoint_cluster,derived,ENDPOINT_CLUSTER_DERIVED,
BUS:JUNCTION:60:01697,60,-9.173716872450143,38.78102454294725,,,,line_endpoint_cluster,derived,ENDPOINT_CLUSTER_DERIVED,
BUS:JUNCTION:60:01700,60,-8.960125212556479,39.03960597844553,,,,line_endpoint_cluster,derived,ENDPOINT_CLUSTER_DERIVED,
BUS:JUNCTION:60:01701,60,-8.957729189636527,39.03748106397268,,,,line_endpoint_cluster,derived,ENDPOINT_CLUSTER_DERIVED,
BUS:JUNCTION:60:01702,60,-8.960889120455771,39.02994272239008,,,,line_endpoint_cluster,derived,ENDPOINT_CLUSTER_DERIVED,
BUS:JUNCTION:60:01703,60,-8.958994237258512,39.02089192837648,,,,line_endpoint_cluster,derived,ENDPOINT_CLUSTER_DERIVED,
BUS:JUNCTION:60:01704,60,-8.95866050659242,38.99768650175759,,,,line_endpoint_cluster,derived,ENDPOINT_CLUSTER_DERIVED,
BUS:JUNCTION:60:01705,60,-8.964157438739306,38.98975606886064,,,,line_endpoint_cluster,derived,ENDPOINT_CLUSTER_DERIVED,
BUS:JUNCTION:60:01706,60,-9.167132869261685,38.73817272908174,,,,line_endpoint_cluster,derived,ENDPOINT_CLUSTER_DERIVED,
BUS:JUNCTION:60:01707,60,-9.142225439593894,38.71696173381771,,,,line_endpoint_cluster,derived,ENDPOINT_CLUSTER_DERIVED,
BUS:JUNCTION:60:01708,60,-9.141290537576289,38.71685825502409,,,,line_endpoint_cluster,derived,ENDPOINT_CLUSTER_DERIVED,
BUS:JUNCTION:60:01709,60,-9.162255328866195,38.73627228083956,,,,line_endpoint_cluster,derived,ENDPOINT_CLUSTER_DERIVED,
BUS:JUNCTION:60:01710,60,-9.163162034465916,38.735049316546835,,,,line_endpoint_cluster,derived,ENDPOINT_CLUSTER_DERIVED,
BUS:JUNCTION:60:01711,60,-9.161809067605581,38.73164204995071,,,,line_endpoint_cluster,derived,ENDPOINT_CLUSTER_DERIVED,
BUS:JUNCTION:60:01712,60,-9.155879576209024,38.728519496862184,,,,line_endpoint_cluster,derived,ENDPOINT_CLUSTER_DERIVED,
BUS:JUNCTION:60:01713,60,-9.152132335760415,38.72563649143011,,,,line_endpoint_cluster,derived,ENDPOINT_CLUSTER_DERIVED,
BUS:JUNCTION:60:01715,60,-9.145287631730955,38.72063859282617,,,,line_endpoint_cluster,derived,ENDPOINT_CLUSTER_DERIVED,
BUS:JUNCTION:60:01716,60,-9.160109683445624,38.72833776427083,,,,line_endpoint_cluster,derived,ENDPOINT_CLUSTER_DERIVED,
BUS:EREDES:1106S5025800:60,60,-9.1946937866289,38.6959355260337,EREDES:1106S5025800,CENTRAL TEJO,1106S5025800,substation,E-REDES,DIRECT_EREDES,92.91922178570803
BUS:EREDES:1106S5375000:60,60,-9.18862980701124,38.7496391479842,EREDES:1106S5375000,LUZ,1106S5375000,substation,E-REDES,DIRECT_EREDES,13.14327165981733
BUS:JUNCTION:60:01720,60,-9.172405731556141,38.779677698431485,,,,line_endpoint_cluster,derived,ENDPOINT_CLUSTER_DERIVED,
BUS:JUNCTION:60:01721,60,-9.199679369255406,38.70176144285229,,,,line_endpoint_cluster,derived,ENDPOINT_CLUSTER_DERIVED,
BUS:JUNCTION:60:01722,60,-9.19889181176233,38.697812591174255,,,,line_endpoint_cluster,derived,ENDPOINT_CLUSTER_DERIVED,
BUS:JUNCTION:60:01723,60,-9.229447708108587,38.75187280643164,,,,line_endpoint_cluster,derived,ENDPOINT_CLUSTER_DERIVED,
BUS:JUNCTION:60:01724,60,-9.224939135473045,38.75096920755324,,,,line_endpoint_cluster,derived,ENDPOINT_CLUSTER_DERIVED,
BUS:JUNCTION:60:01725,60,-9.246784911534045,38.772679500502804,,,,line_endpoint_cluster,derived,ENDPOINT_CLUSTER_DERIVED,
BUS:JUNCTION:60:01726,60,-9.252596778933109,38.773466512151366,,,,line_endpoint_cluster,derived,ENDPOINT_CLUSTER_DERIVED,
BUS:EREDES:1107S5903700:60,60,-9.12604718555837,38.8076877128498,EREDES:1107S5903700,CAMARATE,1107S5903700,substation,E-REDES,DIRECT_EREDES,17.002469378858336
BUS:JUNCTION:60:01728,60,-7.688877183975364,41.41007156755283,,,,line_endpoint_cluster,derived,ENDPOINT_CLUSTER_DERIVED,
BUS:JUNCTION:60:01729,60,-7.682848256068421,41.41595632303915,,,,line_endpoint_cluster,derived,ENDPOINT_CLUSTER_DERIVED,
BUS:JUNCTION:60:01730,60,-8.39376177156844,40.204027956585115,,,,line_endpoint_cluster,derived,ENDPOINT_CLUSTER_DERIVED,
BUS:JUNCTION:60:01731,60,-8.395571749264555,40.22502067176579,,,,line_endpoint_cluster,derived,ENDPOINT_CLUSTER_DERIVED,
BUS:JUNCTION:60:01732,60,-8.426156282388533,40.19241877463634,,,,line_endpoint_cluster,derived,ENDPOINT_CLUSTER_DERIVED,
BUS:JUNCTION:60:01733,60,-8.420620025898248,40.19295594470083,,,,line_endpoint_cluster,derived,ENDPOINT_CLUSTER_DERIVED,
BUS:JUNCTION:60:01734,60,-8.421363889479432,40.19781374870115,,,,line_endpoint_cluster,derived,ENDPOINT_CLUSTER_DERIVED,
BUS:EREDES:0603S5005100:60,60,-8.42449283627059,40.2045146919752,EREDES:0603S5005100,ALEGRIA,0603S5005100,substation,E-REDES,DIRECT_EREDES,36.5084121640868
BUS:JUNCTION:60:01736,60,-8.426635154115655,40.1718692731491,,,,line_endpoint_cluster,derived,ENDPOINT_CLUSTER_DERIVED,
BUS:JUNCTION:60:01737,60,-8.427143810876077,40.17501960828387,,,,line_endpoint_cluster,derived,ENDPOINT_CLUSTER_DERIVED,
BUS:JUNCTION:60:01738,60,-8.429371191678134,40.186354319744304,,,,line_endpoint_cluster,derived,ENDPOINT_CLUSTER_DERIVED,
BUS:JUNCTION:60:01739,60,-8.427050977818645,40.189330081711006,,,,line_endpoint_cluster,derived,ENDPOINT_CLUSTER_DERIVED,
BUS:JUNCTION:60:01740,60,-8.4261207291376,40.193302047767986,,,,line_endpoint_cluster,derived,ENDPOINT_CLUSTER_DERIVED,
BUS:JUNCTION:60:01741,60,-8.42986537271972,40.184825217182066,,,,line_endpoint_cluster,derived,ENDPOINT_CLUSTER_DERIVED,
BUS:JUNCTION:60:01742,60,-7.129064665730175,41.13672081412561,,,,line_endpoint_cluster,derived,ENDPOINT_CLUSTER_DERIVED,
BUS:JUNCTION:60:01743,60,-8.015595227693208,40.887595182327075,,,,line_endpoint_cluster,derived,ENDPOINT_CLUSTER_DERIVED,
BUS:EREDES:1803S5004800:60,60,-7.96872438588664,40.911311400566,EREDES:1803S5004800,CASTRO DAIRE,1803S5004800,substation,E-REDES,DIRECT_EREDES,12.336447256256994
BUS:JUNCTION:60:01745,60,-7.955253029697773,40.77094389556563,,,,line_endpoint_cluster,derived,ENDPOINT_CLUSTER_DERIVED,
BUS:JUNCTION:60:01746,60,-7.940631481155692,40.811732713347105,,,,line_endpoint_cluster,derived,ENDPOINT_CLUSTER_DERIVED,
BUS:JUNCTION:60:01747,60,-8.421187624747166,41.2543584259887,,,,line_endpoint_cluster,derived,ENDPOINT_CLUSTER_DERIVED,
BUS:JUNCTION:60:01748,60,-8.423690674928526,41.278203579657514,,,,line_endpoint_cluster,derived,ENDPOINT_CLUSTER_DERIVED,
BUS:JUNCTION:60:01749,60,-9.199441716484992,39.07957972828517,,,,line_endpoint_cluster,derived,ENDPOINT_CLUSTER_DERIVED,
BUS:EREDES:1113P5902200:60,60,-9.30961890819643,39.0467404516109,EREDES:1113P5902200,VALE DE GALEGOS,1113P5902200,switching_station,E-REDES,DIRECT_EREDES,6.504081743046418
BUS:JUNCTION:60:01752,60,-9.330590741352164,39.04328410042566,,,,line_endpoint_cluster,derived,ENDPOINT_CLUSTER_DERIVED,
BUS:JUNCTION:60:01753,60,-8.329740395374738,39.54616740721279,,,,line_endpoint_cluster,derived,ENDPOINT_CLUSTER_DERIVED,
BUS:JUNCTION:60:01754,60,-8.362819747173566,39.62140489273567,,,,line_endpoint_cluster,derived,ENDPOINT_CLUSTER_DERIVED,
BUS:JUNCTION:60:01755,60,-8.357572938846909,39.613095404675775,,,,line_endpoint_cluster,derived,ENDPOINT_CLUSTER_DERIVED,
BUS:JUNCTION:60:01756,60,-8.330140697458598,39.570233051136164,,,,line_endpoint_cluster,derived,ENDPOINT_CLUSTER_DERIVED,
BUS:JUNCTION:60:01757,60,-8.390675581555502,39.54184226645673,,,,line_endpoint_cluster,derived,ENDPOINT_CLUSTER_DERIVED,
BUS:JUNCTION:60:01758,60,-8.386690896927064,39.53739019311475,,,,line_endpoint_cluster,derived,ENDPOINT_CLUSTER_DERIVED,
BUS:JUNCTION:60:01759,60,-8.328020060581036,39.53878311418598,,,,line_endpoint_cluster,derived,ENDPOINT_CLUSTER_DERIVED,
BUS:EREDES:0213S5050300:60,60,-7.59820656328118,37.9502615875986,EREDES:0213S5050300,SERPA,0213S5050300,substation,E-REDES,DIRECT_EREDES,36.907044719069944
BUS:JUNCTION:60:01761,60,-7.618223387837351,38.10964049444413,,,,line_endpoint_cluster,derived,ENDPOINT_CLUSTER_DERIVED,
BUS:EREDES:0109P5021000:60,60,-8.56290081322466,40.8780561226652,EREDES:0109P5021000,ACAIL,0109P5021000,switching_station,E-REDES,DIRECT_EREDES,4.953536506316203
BUS:EREDES:1714S5022900:60,60,-7.70359922966106,41.3416253853839,EREDES:1714S5022900,JORJAIS,1714S5022900,substation,E-REDES,DIRECT_EREDES,2.3629228875674464
BUS:JUNCTION:60:01765,60,-9.057251993695566,38.5842073120382,,,,line_endpoint_cluster,derived,ENDPOINT_CLUSTER_DERIVED,
BUS:JUNCTION:60:01766,60,-9.051318864362951,38.58646267275981,,,,line_endpoint_cluster,derived,ENDPOINT_CLUSTER_DERIVED,
BUS:JUNCTION:60:01767,60,-9.10628964876408,38.59348169997438,,,,line_endpoint_cluster,derived,ENDPOINT_CLUSTER_DERIVED,
BUS:JUNCTION:60:01768,60,-9.033124686581074,38.640209484934644,,,,line_endpoint_cluster,derived,ENDPOINT_CLUSTER_DERIVED,
BUS:JUNCTION:60:01769,60,-9.049919759858199,38.60095270599112,,,,line_endpoint_cluster,derived,ENDPOINT_CLUSTER_DERIVED,
BUS:JUNCTION:60:01770,60,-9.050247736927462,38.67826994985423,,,,line_endpoint_cluster,derived,ENDPOINT_CLUSTER_DERIVED,
BUS:EREDES:1504P5022900:60,60,-9.05392122695444,38.6743991463614,EREDES:1504P5022900,PS CENTRAL BARREIRO,1504P5022900,switching_station,E-REDES,DIRECT_EREDES,32.05064564368856
BUS:JUNCTION:60:01772,60,-8.670509543786846,39.23262641134635,,,,line_endpoint_cluster,derived,ENDPOINT_CLUSTER_DERIVED,
BUS:JUNCTION:60:01773,60,-8.559649804889876,39.54572486644476,,,,line_endpoint_cluster,derived,ENDPOINT_CLUSTER_DERIVED,
BUS:JUNCTION:60:01774,60,-8.075468312590528,39.191303711741334,,,,line_endpoint_cluster,derived,ENDPOINT_CLUSTER_DERIVED,
BUS:JUNCTION:60:01775,60,-8.203176916584304,38.34406527439,,,,line_endpoint_cluster,derived,ENDPOINT_CLUSTER_DERIVED,
BUS:JUNCTION:60:01776,60,-8.237430548008414,38.31324896383374,,,,line_endpoint_cluster,derived,ENDPOINT_CLUSTER_DERIVED,
BUS:JUNCTION:60:01777,60,-8.950692658558017,38.71982713983321,,,,line_endpoint_cluster,derived,ENDPOINT_CLUSTER_DERIVED,
BUS:JUNCTION:60:01778,60,-9.223321230656131,38.66483617033148,,,,line_endpoint_cluster,derived,ENDPOINT_CLUSTER_DERIVED,
BUS:JUNCTION:60:01779,60,-9.180894075840008,38.6574045893215,,,,line_endpoint_cluster,derived,ENDPOINT_CLUSTER_DERIVED,
BUS:JUNCTION:60:01780,60,-9.223581606508228,38.6636452852626,,,,line_endpoint_cluster,derived,ENDPOINT_CLUSTER_DERIVED,
BUS:JUNCTION:60:01781,60,-9.176057770724169,38.66834543916192,,,,line_endpoint_cluster,derived,ENDPOINT_CLUSTER_DERIVED,
BUS:JUNCTION:60:01782,60,-8.128714877575364,38.05187082440426,,,,line_endpoint_cluster,derived,ENDPOINT_CLUSTER_DERIVED,
BUS:JUNCTION:60:01784,60,-8.242177252631654,37.104056935967016,,,,line_endpoint_cluster,derived,ENDPOINT_CLUSTER_DERIVED,
BUS:JUNCTION:60:01785,60,-8.303104411928723,37.11034691960444,,,,line_endpoint_cluster,derived,ENDPOINT_CLUSTER_DERIVED,
BUS:EREDES:1105S5376000:60,60,-9.39581361223918,38.7046857521998,EREDES:1105S5376000,ESTORIL,1105S5376000,substation,E-REDES,DIRECT_EREDES,7.451886757579849
BUS:JUNCTION:60:01787,60,-9.396604420085245,38.721251680777115,,,,line_endpoint_cluster,derived,ENDPOINT_CLUSTER_DERIVED,
BUS:JUNCTION:60:01788,60,-9.398583146545736,38.72312617448648,,,,line_endpoint_cluster,derived,ENDPOINT_CLUSTER_DERIVED,
BUS:JUNCTION:60:01789,60,-9.398925918281087,38.72424706704677,,,,line_endpoint_cluster,derived,ENDPOINT_CLUSTER_DERIVED,
BUS:JUNCTION:60:01790,60,-9.398524454571291,38.72583651119784,,,,line_endpoint_cluster,derived,ENDPOINT_CLUSTER_DERIVED,
BUS:JUNCTION:60:01791,60,-9.43494978768348,38.72610988465982,,,,line_endpoint_cluster,derived,ENDPOINT_CLUSTER_DERIVED,
BUS:JUNCTION:60:01793,60,-9.398629755082423,38.73041734146899,,,,line_endpoint_cluster,derived,ENDPOINT_CLUSTER_DERIVED,
BUS:JUNCTION:60:01794,60,-8.899083636575305,39.68018225023763,,,,line_endpoint_cluster,derived,ENDPOINT_CLUSTER_DERIVED,
BUS:JUNCTION:60:01795,60,-7.488176793681434,37.252222141413995,,,,line_endpoint_cluster,derived,ENDPOINT_CLUSTER_DERIVED,
BUS:EREDES:0804S5062300:60,60,-7.47888826129034,37.2604627073843,EREDES:0804S5062300,CASTRO MARIM,0804S5062300,substation,E-REDES,DIRECT_EREDES,3.6829012857164494
BUS:JUNCTION:60:01797,60,-8.752047455257092,39.010078359256774,,,,line_endpoint_cluster,derived,ENDPOINT_CLUSTER_DERIVED,
BUS:EREDES:0309P5022500:60,60,-8.21932228544993,41.5557842337344,EREDES:0309P5022500,SENHORA DO PORTO,0309P5022500,switching_station,E-REDES,DIRECT_EREDES,99.09708994020424
BUS:JUNCTION:60:01799,60,-8.230882772070894,41.545690913813694,,,,line_endpoint_cluster,derived,ENDPOINT_CLUSTER_DERIVED,
BUS:JUNCTION:60:01800,60,-8.255411264390963,41.52383324002484,,,,line_endpoint_cluster,derived,ENDPOINT_CLUSTER_DERIVED,
BUS:EREDES:0308S5013400:60,60,-8.33106095035021,41.4626635191482,EREDES:0308S5013400,SÃO JOÃO DE PONTE,0308S5013400,substation,E-REDES,DIRECT_EREDES,29.930432426228332
BUS:EREDES:0609P5021200:60,60,-8.28291089102232,40.0444686818246,EREDES:0609P5021200,VILA NOVA,0609P5021200,switching_station,E-REDES,DIRECT_EREDES,4.060787767941077
BUS:JUNCTION:60:01803,60,-8.495157182624546,40.71049586725597,,,,line_endpoint_cluster,derived,ENDPOINT_CLUSTER_DERIVED,
BUS:JUNCTION:60:01804,60,-8.490256777733785,40.71148100322512,,,,line_endpoint_cluster,derived,ENDPOINT_CLUSTER_DERIVED,
BUS:EREDES:1420S5664400:60,60,-8.38486815999545,39.4649629810333,EREDES:1420S5664400,ALMOUROL,1420S5664400,substation,E-REDES,DIRECT_EREDES,21.070621938768898
BUS:JUNCTION:60:01806,60,-8.40188162014082,39.47680015634496,,,,line_endpoint_cluster,derived,ENDPOINT_CLUSTER_DERIVED,
BUS:JUNCTION:60:01807,60,-8.387859011439785,39.46488571366576,,,,line_endpoint_cluster,derived,ENDPOINT_CLUSTER_DERIVED,
BUS:JUNCTION:60:01808,60,-8.649928835255036,41.200175639120495,,,,line_endpoint_cluster,derived,ENDPOINT_CLUSTER_DERIVED,
BUS:JUNCTION:60:01809,60,-7.747401167461778,41.11620878209408,,,,line_endpoint_cluster,derived,ENDPOINT_CLUSTER_DERIVED,
BUS:JUNCTION:60:01810,60,-7.75388365311959,41.120198205486574,,,,line_endpoint_cluster,derived,ENDPOINT_CLUSTER_DERIVED,
BUS:JUNCTION:60:01811,60,-7.760417561988687,41.140242089703804,,,,line_endpoint_cluster,derived,ENDPOINT_CLUSTER_DERIVED,
BUS:JUNCTION:60:01812,60,-8.07067604008634,40.527558751701804,,,,line_endpoint_cluster,derived,ENDPOINT_CLUSTER_DERIVED,
BUS:EREDES:1821S5009100:60,60,-8.08401318103691,40.5254778109476,EREDES:1821S5009100,TONDELA,1821S5009100,substation,E-REDES,DIRECT_EREDES,23.64560467094655
BUS:JUNCTION:60:01814,60,-7.793844302319878,39.580970686944426,,,,line_endpoint_cluster,derived,ENDPOINT_CLUSTER_DERIVED,
BUS:JUNCTION:60:01815,60,-7.893753803810768,40.28249713340458,,,,line_endpoint_cluster,derived,ENDPOINT_CLUSTER_DERIVED,
BUS:JUNCTION:60:01816,60,-7.922227064537315,40.29392071099888,,,,line_endpoint_cluster,derived,ENDPOINT_CLUSTER_DERIVED,
BUS:JUNCTION:60:01817,60,-7.967299298456688,40.304073912673495,,,,line_endpoint_cluster,derived,ENDPOINT_CLUSTER_DERIVED,
BUS:JUNCTION:60:01818,60,-8.96056705360691,39.66098166946652,,,,line_endpoint_cluster,derived,ENDPOINT_CLUSTER_DERIVED,
BUS:JUNCTION:60:01819,60,-7.556589636214486,38.845335025948486,,,,line_endpoint_cluster,derived,ENDPOINT_CLUSTER_DERIVED,
BUS:JUNCTION:60:01820,60,-8.612255021179847,39.92445329973288,,,,line_endpoint_cluster,derived,ENDPOINT_CLUSTER_DERIVED,
BUS:JUNCTION:60:01821,60,-8.62477325450903,39.9258129376904,,,,line_endpoint_cluster,derived,ENDPOINT_CLUSTER_DERIVED,
BUS:JUNCTION:60:01822,60,-8.509455425719986,39.911233784334335,,,,line_endpoint_cluster,derived,ENDPOINT_CLUSTER_DERIVED,
BUS:JUNCTION:60:01823,60,-9.07273576665844,39.35232750376559,,,,line_endpoint_cluster,derived,ENDPOINT_CLUSTER_DERIVED,
BUS:JUNCTION:60:01824,60,-9.073756208495436,39.352647682613494,,,,line_endpoint_cluster,derived,ENDPOINT_CLUSTER_DERIVED,
BUS:JUNCTION:60:01825,60,-9.076176274640861,39.35341007279226,,,,line_endpoint_cluster,derived,ENDPOINT_CLUSTER_DERIVED,
BUS:JUNCTION:60:01826,60,-7.347711564442255,40.37101900275096,,,,line_endpoint_cluster,derived,ENDPOINT_CLUSTER_DERIVED,
BUS:JUNCTION:60:01827,60,-7.354573353434603,40.37532454537661,,,,line_endpoint_cluster,derived,ENDPOINT_CLUSTER_DERIVED,
BUS:JUNCTION:60:01828,60,-8.363899098122541,39.99516682253756,,,,line_endpoint_cluster,derived,ENDPOINT_CLUSTER_DERIVED,
BUS:JUNCTION:60:01829,60,-8.567659052467704,38.95341672920948,,,,line_endpoint_cluster,derived,ENDPOINT_CLUSTER_DERIVED,
BUS:JUNCTION:60:01830,60,-9.089062354933885,38.5174981173853,,,,line_endpoint_cluster,derived,ENDPOINT_CLUSTER_DERIVED,
BUS:JUNCTION:60:01831,60,-8.606101036926056,40.17232262085403,,,,line_endpoint_cluster,derived,ENDPOINT_CLUSTER_DERIVED,
BUS:JUNCTION:60:01832,60,-7.81941040628854,40.93655868194897,,,,line_endpoint_cluster,derived,ENDPOINT_CLUSTER_DERIVED,
BUS:JUNCTION:60:01833,60,-7.781448474361982,40.934211133530894,,,,line_endpoint_cluster,derived,ENDPOINT_CLUSTER_DERIVED,
BUS:JUNCTION:60:01834,60,-9.034745081994394,38.65247099953555,,,,line_endpoint_cluster,derived,ENDPOINT_CLUSTER_DERIVED,
BUS:JUNCTION:60:01835,60,-8.972328907100865,38.657402939647966,,,,line_endpoint_cluster,derived,ENDPOINT_CLUSTER_DERIVED,
BUS:JUNCTION:60:01836,60,-9.039649067581408,38.65866865779719,,,,line_endpoint_cluster,derived,ENDPOINT_CLUSTER_DERIVED,
BUS:JUNCTION:60:01837,60,-9.04082827060314,38.65948548687471,,,,line_endpoint_cluster,derived,ENDPOINT_CLUSTER_DERIVED,
BUS:JUNCTION:60:01838,60,-7.27910751798485,39.055477072300086,,,,line_endpoint_cluster,derived,ENDPOINT_CLUSTER_DERIVED,
BUS:JUNCTION:60:01839,60,-6.900063668494242,41.51071826669519,,,,line_endpoint_cluster,derived,ENDPOINT_CLUSTER_DERIVED,
BUS:JUNCTION:60:01840,60,-6.943019723509202,41.56684911155601,,,,line_endpoint_cluster,derived,ENDPOINT_CLUSTER_DERIVED,
BUS:JUNCTION:60:01841,60,-8.77288645746541,41.52564866087897,,,,line_endpoint_cluster,derived,ENDPOINT_CLUSTER_DERIVED,
BUS:JUNCTION:60:01842,60,-9.408681897019804,38.728555059996175,,,,line_endpoint_cluster,derived,ENDPOINT_CLUSTER_DERIVED,
BUS:JUNCTION:60:01843,60,-9.412340894535845,38.726392432280825,,,,line_endpoint_cluster,derived,ENDPOINT_CLUSTER_DERIVED,
BUS:JUNCTION:60:01844,60,-9.41311511694975,38.723650509984914,,,,line_endpoint_cluster,derived,ENDPOINT_CLUSTER_DERIVED,
BUS:JUNCTION:60:01845,60,-9.413976029031854,38.71610171450015,,,,line_endpoint_cluster,derived,ENDPOINT_CLUSTER_DERIVED,
BUS:EREDES:1105S5903300:60,60,-9.41159109304684,38.7132927956168,EREDES:1105S5903300,CASCAIS,1105S5903300,substation,E-REDES,DIRECT_EREDES,12.092461819931781
BUS:JUNCTION:60:01847,60,-9.221363492124233,38.749969372592176,,,,line_endpoint_cluster,derived,ENDPOINT_CLUSTER_DERIVED,
BUS:JUNCTION:60:01848,60,-9.216963776925724,38.74791273883076,,,,line_endpoint_cluster,derived,ENDPOINT_CLUSTER_DERIVED,
BUS:JUNCTION:60:01849,60,-9.243827326859954,38.77912170707114,,,,line_endpoint_cluster,derived,ENDPOINT_CLUSTER_DERIVED,
BUS:EREDES:1106S5728000:60,60,-9.18631762165254,38.7555470676655,EREDES:1106S5728000,COLOMBO,1106S5728000,substation,E-REDES,DIRECT_EREDES,34.46800111240963
BUS:JUNCTION:60:01853,60,-9.196427174999695,38.70785161747673,,,,line_endpoint_cluster,derived,ENDPOINT_CLUSTER_DERIVED,
BUS:JUNCTION:60:01854,60,-9.19914221470096,38.706102587077275,,,,line_endpoint_cluster,derived,ENDPOINT_CLUSTER_DERIVED,
BUS:JUNCTION:60:01855,60,-9.185253917582319,38.74489229406146,,,,line_endpoint_cluster,derived,ENDPOINT_CLUSTER_DERIVED,
BUS:JUNCTION:60:01856,60,-9.189735669332798,38.7459115980369,,,,line_endpoint_cluster,derived,ENDPOINT_CLUSTER_DERIVED,
BUS:JUNCTION:60:01857,60,-9.180145449123703,38.74310771486306,,,,line_endpoint_cluster,derived,ENDPOINT_CLUSTER_DERIVED,
BUS:JUNCTION:60:01858,60,-9.153900562986323,38.75429493636165,,,,line_endpoint_cluster,derived,ENDPOINT_CLUSTER_DERIVED,
BUS:JUNCTION:60:01859,60,-8.047651254920163,41.64825777620738,,,,line_endpoint_cluster,derived,ENDPOINT_CLUSTER_DERIVED,
BUS:JUNCTION:60:01860,60,-8.070171034554026,41.661689847431305,,,,line_endpoint_cluster,derived,ENDPOINT_CLUSTER_DERIVED,
BUS:JUNCTION:60:01861,60,-8.048138004588456,41.67444608791821,,,,line_endpoint_cluster,derived,ENDPOINT_CLUSTER_DERIVED,
BUS:JUNCTION:60:01862,60,-8.177630941426013,41.64701996387878,,,,line_endpoint_cluster,derived,ENDPOINT_CLUSTER_DERIVED,
BUS:EREDES:0311S5023400:60,60,-8.17175824497719,41.6539418048327,EREDES:0311S5023400,CANIÇADA,0311S5023400,substation,E-REDES,DIRECT_EREDES,24.485358572330856
BUS:JUNCTION:60:01864,60,-8.285317939376087,40.093385521894966,,,,line_endpoint_cluster,derived,ENDPOINT_CLUSTER_DERIVED,
BUS:JUNCTION:60:01865,60,-8.287607447638372,40.09352172895956,,,,line_endpoint_cluster,derived,ENDPOINT_CLUSTER_DERIVED,
BUS:JUNCTION:60:01866,60,-8.29568063928556,40.1005116447559,,,,line_endpoint_cluster,derived,ENDPOINT_CLUSTER_DERIVED,
BUS:JUNCTION:60:01868,60,-8.446571464824085,41.199407847231555,,,,line_endpoint_cluster,derived,ENDPOINT_CLUSTER_DERIVED,
BUS:JUNCTION:60:01869,60,-8.444880262668985,41.2162937944099,,,,line_endpoint_cluster,derived,ENDPOINT_CLUSTER_DERIVED,
BUS:JUNCTION:60:01870,60,-8.440912413377575,41.23146682211011,,,,line_endpoint_cluster,derived,ENDPOINT_CLUSTER_DERIVED,
BUS:JUNCTION:60:01871,60,-8.452176341652677,41.16199473408498,,,,line_endpoint_cluster,derived,ENDPOINT_CLUSTER_DERIVED,
BUS:JUNCTION:60:01872,60,-8.449064041889176,41.182570285576475,,,,line_endpoint_cluster,derived,ENDPOINT_CLUSTER_DERIVED,
BUS:JUNCTION:60:01873,60,-7.562868969118341,38.844755433629025,,,,line_endpoint_cluster,derived,ENDPOINT_CLUSTER_DERIVED,
BUS:JUNCTION:60:01874,60,-7.600329289126443,38.851774852777595,,,,line_endpoint_cluster,derived,ENDPOINT_CLUSTER_DERIVED,
BUS:JUNCTION:60:01875,60,-7.600109371379411,38.85257247423731,,,,line_endpoint_cluster,derived,ENDPOINT_CLUSTER_DERIVED,
BUS:JUNCTION:60:01876,60,-7.494179759103329,38.89092443915999,,,,line_endpoint_cluster,derived,ENDPOINT_CLUSTER_DERIVED,
BUS:JUNCTION:60:01877,60,-7.427707790516095,38.8768793047923,,,,line_endpoint_cluster,derived,ENDPOINT_CLUSTER_DERIVED,
BUS:JUNCTION:60:01878,60,-7.410822684014469,38.86189854918736,,,,line_endpoint_cluster,derived,ENDPOINT_CLUSTER_DERIVED,
BUS:JUNCTION:60:01879,60,-7.408034979407281,38.859413287386005,,,,line_endpoint_cluster,derived,ENDPOINT_CLUSTER_DERIVED,
BUS:EREDES:1207S5767100:60,60,-7.16938433645039,38.887179926942,EREDES:1207S5767100,ALCÁÇOVA,1207S5767100,substation,E-REDES,DIRECT_EREDES,15.985840224581274
BUS:JUNCTION:60:01881,60,-8.86234679615958,38.52717733464752,,,,line_endpoint_cluster,derived,ENDPOINT_CLUSTER_DERIVED,
BUS:JUNCTION:60:01882,60,-8.866825939212744,38.528042496286766,,,,line_endpoint_cluster,derived,ENDPOINT_CLUSTER_DERIVED,
BUS:JUNCTION:60:01883,60,-8.012532118464467,40.76576324666685,,,,line_endpoint_cluster,derived,ENDPOINT_CLUSTER_DERIVED,
BUS:JUNCTION:60:01884,60,-8.59135199682541,40.36262767016926,,,,line_endpoint_cluster,derived,ENDPOINT_CLUSTER_DERIVED,
BUS:JUNCTION:60:01885,60,-9.11911409661215,38.57951256172248,,,,line_endpoint_cluster,derived,ENDPOINT_CLUSTER_DERIVED,
BUS:JUNCTION:60:01886,60,-9.10693134887724,38.615998097932476,,,,line_endpoint_cluster,derived,ENDPOINT_CLUSTER_DERIVED,
BUS:JUNCTION:60:01887,60,-9.104671852646844,38.5998583649495,,,,line_endpoint_cluster,derived,ENDPOINT_CLUSTER_DERIVED,
BUS:JUNCTION:60:01888,60,-8.845045099924398,39.671848874501926,,,,line_endpoint_cluster,derived,ENDPOINT_CLUSTER_DERIVED,
BUS:JUNCTION:60:01889,60,-8.836793125107032,39.6855568417613,,,,line_endpoint_cluster,derived,ENDPOINT_CLUSTER_DERIVED,
BUS:JUNCTION:60:01890,60,-8.790098926019652,39.65239808944585,,,,line_endpoint_cluster,derived,ENDPOINT_CLUSTER_DERIVED,
BUS:JUNCTION:60:01891,60,-8.799521303327198,39.671496407243644,,,,line_endpoint_cluster,derived,ENDPOINT_CLUSTER_DERIVED,
BUS:JUNCTION:60:01892,60,-8.445126967719393,40.235521208065805,,,,line_endpoint_cluster,derived,ENDPOINT_CLUSTER_DERIVED,
BUS:JUNCTION:60:01893,60,-8.397066326649021,40.181307265759116,,,,line_endpoint_cluster,derived,ENDPOINT_CLUSTER_DERIVED,
BUS:EREDES:0613P5020800:60,60,-8.24860600671793,40.2975403437201,EREDES:0613P5020800,PENACOVA,0613P5020800,switching_station,E-REDES,DIRECT_EREDES,8.653575372617551
BUS:JUNCTION:60:01895,60,-8.250128995031469,40.30721968940183,,,,line_endpoint_cluster,derived,ENDPOINT_CLUSTER_DERIVED,
BUS:EREDES:0706S5041300:60,60,-8.20047752401494,38.6450090764669,EREDES:0706S5041300,MONTEMOR,0706S5041300,substation,E-REDES,DIRECT_EREDES,41.65748737629831
BUS:JUNCTION:60:01897,60,-8.270644002335798,38.64667050026239,,,,line_endpoint_cluster,derived,ENDPOINT_CLUSTER_DERIVED,
BUS:JUNCTION:60:01899,60,-9.25782414357247,39.14851431163288,,,,line_endpoint_cluster,derived,ENDPOINT_CLUSTER_DERIVED,
BUS:JUNCTION:60:01900,60,-8.841449758202387,39.6863622191748,,,,line_endpoint_cluster,derived,ENDPOINT_CLUSTER_DERIVED,
BUS:JUNCTION:60:01901,60,-8.893343693312108,39.714766592392586,,,,line_endpoint_cluster,derived,ENDPOINT_CLUSTER_DERIVED,
BUS:JUNCTION:60:01902,60,-8.885898944141536,39.7365172388845,,,,line_endpoint_cluster,derived,ENDPOINT_CLUSTER_DERIVED,
BUS:JUNCTION:60:01903,60,-8.88927721411098,39.738761154528085,,,,line_endpoint_cluster,derived,ENDPOINT_CLUSTER_DERIVED,
BUS:JUNCTION:60:01904,60,-8.894664074568563,39.74233945625923,,,,line_endpoint_cluster,derived,ENDPOINT_CLUSTER_DERIVED,
BUS:JUNCTION:60:01905,60,-8.896970703415736,39.743872251154606,,,,line_endpoint_cluster,derived,ENDPOINT_CLUSTER_DERIVED,
BUS:JUNCTION:60:01906,60,-8.907775290427171,39.74616746635727,,,,line_endpoint_cluster,derived,ENDPOINT_CLUSTER_DERIVED,
BUS:EREDES:1807S5009800:60,60,-7.56732997024902,40.9445336230024,EREDES:1807S5009800,VILA DA RUA,1807S5009800,substation,E-REDES,DIRECT_EREDES,17.937952173701927
BUS:JUNCTION:60:01908,60,-7.495289306779677,38.189053425519106,,,,line_endpoint_cluster,derived,ENDPOINT_CLUSTER_DERIVED,
BUS:JUNCTION:60:01909,60,-7.497364689431045,38.18654884319465,,,,line_endpoint_cluster,derived,ENDPOINT_CLUSTER_DERIVED,
BUS:JUNCTION:60:01910,60,-7.594089748743009,38.11108525391477,,,,line_endpoint_cluster,derived,ENDPOINT_CLUSTER_DERIVED,
BUS:JUNCTION:60:01912,60,-8.617755366153984,41.22399432104237,,,,line_endpoint_cluster,derived,ENDPOINT_CLUSTER_DERIVED,
BUS:JUNCTION:60:01913,60,-8.622871646625274,41.21992087588053,,,,line_endpoint_cluster,derived,ENDPOINT_CLUSTER_DERIVED,
BUS:JUNCTION:60:01915,60,-7.491791264262584,38.1903987243561,,,,line_endpoint_cluster,derived,ENDPOINT_CLUSTER_DERIVED,
BUS:JUNCTION:60:01916,60,-9.057993363871276,38.662061681527135,,,,line_endpoint_cluster,derived,ENDPOINT_CLUSTER_DERIVED,
BUS:JUNCTION:60:01917,60,-9.055004686913168,38.66277194000922,,,,line_endpoint_cluster,derived,ENDPOINT_CLUSTER_DERIVED,
BUS:JUNCTION:60:01918,60,-9.038309523311895,38.59584844995889,,,,line_endpoint_cluster,derived,ENDPOINT_CLUSTER_DERIVED,
BUS:JUNCTION:60:01919,60,-9.038129650837456,38.59907261465679,,,,line_endpoint_cluster,derived,ENDPOINT_CLUSTER_DERIVED,
BUS:JUNCTION:60:01920,60,-9.218959526939436,38.721785432638654,,,,line_endpoint_cluster,derived,ENDPOINT_CLUSTER_DERIVED,
BUS:JUNCTION:60:01921,60,-9.30289710732335,38.72816095771326,,,,line_endpoint_cluster,derived,ENDPOINT_CLUSTER_DERIVED,
BUS:JUNCTION:60:01922,60,-9.313807742707798,38.7314167138534,,,,line_endpoint_cluster,derived,ENDPOINT_CLUSTER_DERIVED,
BUS:JUNCTION:60:01923,60,-9.317188447405567,38.73162681166888,,,,line_endpoint_cluster,derived,ENDPOINT_CLUSTER_DERIVED,
BUS:JUNCTION:60:01924,60,-9.303925954345884,38.71692468823878,,,,line_endpoint_cluster,derived,ENDPOINT_CLUSTER_DERIVED,
BUS:JUNCTION:60:01925,60,-9.304367116412388,38.71383237104314,,,,line_endpoint_cluster,derived,ENDPOINT_CLUSTER_DERIVED,
BUS:JUNCTION:60:01926,60,-9.30369211368773,38.72020985978604,,,,line_endpoint_cluster,derived,ENDPOINT_CLUSTER_DERIVED,
BUS:JUNCTION:60:01927,60,-8.40690226355622,40.83478749604543,,,,line_endpoint_cluster,derived,ENDPOINT_CLUSTER_DERIVED,
BUS:JUNCTION:60:01928,60,-8.411333446486594,40.834923240620796,,,,line_endpoint_cluster,derived,ENDPOINT_CLUSTER_DERIVED,
BUS:JUNCTION:60:01929,60,-8.39321152985543,40.89691156810889,,,,line_endpoint_cluster,derived,ENDPOINT_CLUSTER_DERIVED,
BUS:JUNCTION:60:01930,60,-8.400523637157084,40.89119220164812,,,,line_endpoint_cluster,derived,ENDPOINT_CLUSTER_DERIVED,
BUS:JUNCTION:60:01931,60,-8.415768280247791,40.83505892604194,,,,line_endpoint_cluster,derived,ENDPOINT_CLUSTER_DERIVED,
BUS:JUNCTION:60:01932,60,-8.422693399327692,40.859961070015366,,,,line_endpoint_cluster,derived,ENDPOINT_CLUSTER_DERIVED,
BUS:JUNCTION:60:01933,60,-8.42152095990554,40.86751993686181,,,,line_endpoint_cluster,derived,ENDPOINT_CLUSTER_DERIVED,
BUS:JUNCTION:60:01934,60,-8.4192216129831,40.87236845641158,,,,line_endpoint_cluster,derived,ENDPOINT_CLUSTER_DERIVED,
BUS:JUNCTION:60:01935,60,-8.23570764976652,37.10922064961077,,,,line_endpoint_cluster,derived,ENDPOINT_CLUSTER_DERIVED,
BUS:JUNCTION:60:01936,60,-8.233542766501934,37.1108881872844,,,,line_endpoint_cluster,derived,ENDPOINT_CLUSTER_DERIVED,
BUS:JUNCTION:60:01937,60,-8.224440406860147,37.113173975531,,,,line_endpoint_cluster,derived,ENDPOINT_CLUSTER_DERIVED,
BUS:EREDES:1111S5377000:60,60,-9.25632226191825,38.7557008178834,EREDES:1111S5377000,QUELUZ,1111S5377000,substation,E-REDES,DIRECT_EREDES,12.729444538918413
BUS:JUNCTION:60:01939,60,-9.255168187972563,38.77184560095421,,,,line_endpoint_cluster,derived,ENDPOINT_CLUSTER_DERIVED,
BUS:JUNCTION:60:01940,60,-9.261065652510796,38.76768749857147,,,,line_endpoint_cluster,derived,ENDPOINT_CLUSTER_DERIVED,
BUS:EREDES:1511S5021000:60,60,-9.13648414300182,38.4536707901775,EREDES:1511S5021000,SANTANA,1511S5021000,substation,E-REDES,DIRECT_EREDES,14.487227708918626
BUS:JUNCTION:60:01942,60,-7.342514399499798,40.46077413269683,,,,line_endpoint_cluster,derived,ENDPOINT_CLUSTER_DERIVED,
BUS:JUNCTION:60:01943,60,-7.479293683208642,40.21185101968029,,,,line_endpoint_cluster,derived,ENDPOINT_CLUSTER_DERIVED,
BUS:JUNCTION:60:01944,60,-8.564583463619961,41.19556283017966,,,,line_endpoint_cluster,derived,ENDPOINT_CLUSTER_DERIVED,
BUS:JUNCTION:60:01945,60,-8.528717683868145,37.19596810799184,,,,line_endpoint_cluster,derived,ENDPOINT_CLUSTER_DERIVED,
BUS:JUNCTION:60:01946,60,-8.529782176231551,37.19042480283485,,,,line_endpoint_cluster,derived,ENDPOINT_CLUSTER_DERIVED,
BUS:JUNCTION:60:01947,60,-8.53238945588323,37.18615146508997,,,,line_endpoint_cluster,derived,ENDPOINT_CLUSTER_DERIVED,
BUS:JUNCTION:60:01948,60,-9.111330368703834,38.80683822409269,,,,line_endpoint_cluster,derived,ENDPOINT_CLUSTER_DERIVED,
BUS:JUNCTION:60:01949,60,-9.10522013299086,38.8110605672304,,,,line_endpoint_cluster,derived,ENDPOINT_CLUSTER_DERIVED,
BUS:JUNCTION:60:01950,60,-8.680476800639903,40.58173469749452,,,,line_endpoint_cluster,derived,ENDPOINT_CLUSTER_DERIVED,
BUS:EREDES:0110S5007800:60,60,-8.65334783901329,40.5880066367729,EREDES:0110S5007800,ÍLHAVO,0110S5007800,substation,E-REDES,DIRECT_EREDES,25.597538144133487
BUS:EREDES:0110S5004000:60,60,-8.69717296501574,40.6303858968003,EREDES:0110S5004000,GAFANHA,0110S5004000,substation,E-REDES,DIRECT_EREDES,13.823276474092028
BUS:JUNCTION:60:01953,60,-8.689128783354423,40.58131875789355,,,,line_endpoint_cluster,derived,ENDPOINT_CLUSTER_DERIVED,
BUS:EREDES:1317S5002800:60,60,-8.59896288177663,41.1202549932389,EREDES:1317S5002800,VILA NOVA DE GAIA,1317S5002800,substation,E-REDES,DIRECT_EREDES,21.43118656228227
BUS:JUNCTION:60:01956,60,-8.607246185734006,41.120373808869644,,,,line_endpoint_cluster,derived,ENDPOINT_CLUSTER_DERIVED,
BUS:JUNCTION:60:01957,60,-8.610372551040347,41.120691972852576,,,,line_endpoint_cluster,derived,ENDPOINT_CLUSTER_DERIVED,
BUS:JUNCTION:60:01958,60,-8.612157393408237,41.122257940569106,,,,line_endpoint_cluster,derived,ENDPOINT_CLUSTER_DERIVED,
BUS:EREDES:1317S5011900:60,60,-8.61826310987027,41.1232380163232,EREDES:1317S5011900,SANTA MARINHA,1317S5011900,substation,E-REDES,DIRECT_EREDES,230.99880111960897
BUS:JUNCTION:60:01960,60,-7.963797183724017,40.99390003824109,,,,line_endpoint_cluster,derived,ENDPOINT_CLUSTER_DERIVED,
BUS:JUNCTION:60:01961,60,-8.784449361867427,37.95680455499045,,,,line_endpoint_cluster,derived,ENDPOINT_CLUSTER_DERIVED,
BUS:JUNCTION:60:01962,60,-7.775350083235741,41.15192804868653,,,,line_endpoint_cluster,derived,ENDPOINT_CLUSTER_DERIVED,
BUS:JUNCTION:60:01963,60,-7.761876171559185,41.27351343548422,,,,line_endpoint_cluster,derived,ENDPOINT_CLUSTER_DERIVED,
BUS:JUNCTION:60:01964,60,-8.741250244800396,38.90165324151852,,,,line_endpoint_cluster,derived,ENDPOINT_CLUSTER_DERIVED,
BUS:JUNCTION:60:01965,60,-7.829051690533577,37.05192678505383,,,,line_endpoint_cluster,derived,ENDPOINT_CLUSTER_DERIVED,
BUS:EREDES:0808S5063300:60,60,-8.07660062289182,37.0835052788915,EREDES:0808S5063300,QUARTEIRA,0808S5063300,substation,E-REDES,DIRECT_EREDES,3.852161628813616
BUS:JUNCTION:60:01967,60,-8.291405882105325,38.275042126875526,,,,line_endpoint_cluster,derived,ENDPOINT_CLUSTER_DERIVED,
BUS:JUNCTION:60:01968,60,-8.246712655907245,38.304906839304834,,,,line_endpoint_cluster,derived,ENDPOINT_CLUSTER_DERIVED,
BUS:JUNCTION:60:01969,60,-8.66808030556087,41.95202392459345,,,,line_endpoint_cluster,derived,ENDPOINT_CLUSTER_DERIVED,
BUS:JUNCTION:60:01970,60,-8.466005642908772,40.446267194361056,,,,line_endpoint_cluster,derived,ENDPOINT_CLUSTER_DERIVED,
BUS:JUNCTION:60:01971,60,-8.362685762315142,41.2118242285693,,,,line_endpoint_cluster,derived,ENDPOINT_CLUSTER_DERIVED,
BUS:JUNCTION:60:01972,60,-8.32256694725927,41.22815502127588,,,,line_endpoint_cluster,derived,ENDPOINT_CLUSTER_DERIVED,
BUS:JUNCTION:60:01973,60,-8.446358988336621,41.18940593405291,,,,line_endpoint_cluster,derived,ENDPOINT_CLUSTER_DERIVED,
BUS:JUNCTION:60:01974,60,-8.424017012608248,41.2534872455547,,,,line_endpoint_cluster,derived,ENDPOINT_CLUSTER_DERIVED,
BUS:EREDES:1310S5000800:60,60,-8.41674336468303,41.2531826507663,EREDES:1310S5000800,LORDELO,1310S5000800,substation,E-REDES,DIRECT_EREDES,224.14138423749102
BUS:JUNCTION:60:01977,60,-8.391786896054809,41.4019351102124,,,,line_endpoint_cluster,derived,ENDPOINT_CLUSTER_DERIVED,
BUS:JUNCTION:60:01978,60,-8.409596412329899,41.417513620827705,,,,line_endpoint_cluster,derived,ENDPOINT_CLUSTER_DERIVED,
BUS:JUNCTION:60:01979,60,-8.24401720893291,37.16001194019422,,,,line_endpoint_cluster,derived,ENDPOINT_CLUSTER_DERIVED,
BUS:EREDES:0813S5062000:60,60,-8.42400004930543,37.1776305926088,EREDES:0813S5062000,SILVES,0813S5062000,substation,E-REDES,DIRECT_EREDES,142.59808029058507
BUS:JUNCTION:60:01981,60,-8.44621985410374,37.14386251431828,,,,line_endpoint_cluster,derived,ENDPOINT_CLUSTER_DERIVED,
BUS:JUNCTION:60:01982,60,-8.441786009118841,37.14295860988375,,,,line_endpoint_cluster,derived,ENDPOINT_CLUSTER_DERIVED,
BUS:JUNCTION:60:01983,60,-8.845775490533226,38.558583549101336,,,,line_endpoint_cluster,derived,ENDPOINT_CLUSTER_DERIVED,
BUS:JUNCTION:60:01984,60,-8.837065993261234,38.560508949887925,,,,line_endpoint_cluster,derived,ENDPOINT_CLUSTER_DERIVED,
BUS:JUNCTION:60:01985,60,-8.82434004339426,38.56437482560781,,,,line_endpoint_cluster,derived,ENDPOINT_CLUSTER_DERIVED,
BUS:JUNCTION:60:01986,60,-8.821208190393504,38.56532679097554,,,,line_endpoint_cluster,derived,ENDPOINT_CLUSTER_DERIVED,
BUS:JUNCTION:60:01987,60,-8.820174479291557,38.56563996088531,,,,line_endpoint_cluster,derived,ENDPOINT_CLUSTER_DERIVED,
BUS:JUNCTION:60:01988,60,-8.75920406453585,38.59676382533079,,,,line_endpoint_cluster,derived,ENDPOINT_CLUSTER_DERIVED,
BUS:JUNCTION:60:01989,60,-8.75349298439098,38.597784292914106,,,,line_endpoint_cluster,derived,ENDPOINT_CLUSTER_DERIVED,
BUS:JUNCTION:60:01990,60,-8.745624571649646,38.59935286508018,,,,line_endpoint_cluster,derived,ENDPOINT_CLUSTER_DERIVED,
BUS:JUNCTION:60:01991,60,-8.960959992726522,39.00436281817338,,,,line_endpoint_cluster,derived,ENDPOINT_CLUSTER_DERIVED,
BUS:JUNCTION:60:01992,60,-8.960723037782111,39.00186811192486,,,,line_endpoint_cluster,derived,ENDPOINT_CLUSTER_DERIVED,
BUS:JUNCTION:60:01993,60,-8.962728727076788,39.01188385458669,,,,line_endpoint_cluster,derived,ENDPOINT_CLUSTER_DERIVED,
BUS:JUNCTION:60:01994,60,-8.967956194540207,39.01367547433664,,,,line_endpoint_cluster,derived,ENDPOINT_CLUSTER_DERIVED,
BUS:JUNCTION:60:01995,60,-8.963050297048927,39.01631656532892,,,,line_endpoint_cluster,derived,ENDPOINT_CLUSTER_DERIVED,
BUS:JUNCTION:60:01996,60,-7.409642848780402,41.67719222511641,,,,line_endpoint_cluster,derived,ENDPOINT_CLUSTER_DERIVED,
BUS:JUNCTION:60:01997,60,-7.417669669194527,41.674509633936935,,,,line_endpoint_cluster,derived,ENDPOINT_CLUSTER_DERIVED,
BUS:JUNCTION:60:01999,60,-8.567279711444856,39.54374570053515,,,,line_endpoint_cluster,derived,ENDPOINT_CLUSTER_DERIVED,
BUS:JUNCTION:60:02000,60,-7.768177567483412,39.56615663533023,,,,line_endpoint_cluster,derived,ENDPOINT_CLUSTER_DERIVED,
BUS:JUNCTION:60:02001,60,-8.432267220509223,41.53193119310395,,,,line_endpoint_cluster,derived,ENDPOINT_CLUSTER_DERIVED,
BUS:JUNCTION:60:02002,60,-7.439254283362021,38.78373732572559,,,,line_endpoint_cluster,derived,ENDPOINT_CLUSTER_DERIVED,
BUS:EREDES:0714S5042700:60,60,-7.42599714895115,38.7720136194143,EREDES:0714S5042700,VILA VIÇOSA,0714S5042700,substation,E-REDES,DIRECT_EREDES,42.1891389342593
BUS:JUNCTION:60:02004,60,-7.677285793930221,38.78836555374183,,,,line_endpoint_cluster,derived,ENDPOINT_CLUSTER_DERIVED,
BUS:JUNCTION:60:02005,60,-7.673821467958964,38.79202592498346,,,,line_endpoint_cluster,derived,ENDPOINT_CLUSTER_DERIVED,
BUS:EREDES:0503S5006700:60,60,-7.51312261195989,40.2524811085836,EREDES:0503S5006700,TORTOSENDO,0503S5006700,substation,E-REDES,DIRECT_EREDES,23.485632483765162
BUS:JUNCTION:60:02007,60,-8.016462988777834,39.762727283417604,,,,line_endpoint_cluster,derived,ENDPOINT_CLUSTER_DERIVED,
BUS:JUNCTION:60:02008,60,-8.415129424901979,39.50478505560679,,,,line_endpoint_cluster,derived,ENDPOINT_CLUSTER_DERIVED,
BUS:JUNCTION:60:02009,60,-8.116107361114146,39.466984196038325,,,,line_endpoint_cluster,derived,ENDPOINT_CLUSTER_DERIVED,
BUS:JUNCTION:60:02010,60,-8.11261855305726,39.46612987548631,,,,line_endpoint_cluster,derived,ENDPOINT_CLUSTER_DERIVED,
BUS:JUNCTION:60:02011,60,-7.841983726072343,41.87185498387776,,,,line_endpoint_cluster,derived,ENDPOINT_CLUSTER_DERIVED,
BUS:JUNCTION:60:02012,60,-8.646975305007915,41.28652848272158,,,,line_endpoint_cluster,derived,ENDPOINT_CLUSTER_DERIVED,
BUS:EREDES:1316S5005600:60,60,-8.65182942550152,41.2851318655637,EREDES:1316S5005600,MOSTEIRÔ,1316S5005600,substation,E-REDES,DIRECT_EREDES,23.736644840863917
BUS:EREDES:1504S5022700:60,60,-9.06230829350075,38.6699867695163,EREDES:1504S5022700,QUIMIPARQUE,1504S5022700,substation,E-REDES,DIRECT_EREDES,20.452902395533098
BUS:JUNCTION:60:02015,60,-8.727903180806464,39.24565692767953,,,,line_endpoint_cluster,derived,ENDPOINT_CLUSTER_DERIVED,
BUS:JUNCTION:60:02017,60,-9.132373744359297,38.8842757397889,,,,line_endpoint_cluster,derived,ENDPOINT_CLUSTER_DERIVED,
BUS:JUNCTION:60:02018,60,-9.113734571942597,38.86131347337334,,,,line_endpoint_cluster,derived,ENDPOINT_CLUSTER_DERIVED,
BUS:JUNCTION:60:02019,60,-9.090684068560757,38.85709060938689,,,,line_endpoint_cluster,derived,ENDPOINT_CLUSTER_DERIVED,
BUS:JUNCTION:60:02020,60,-9.073998483465349,38.840914638948405,,,,line_endpoint_cluster,derived,ENDPOINT_CLUSTER_DERIVED,
BUS:JUNCTION:60:02021,60,-9.150035184892136,38.940256601200595,,,,line_endpoint_cluster,derived,ENDPOINT_CLUSTER_DERIVED,
BUS:JUNCTION:60:02022,60,-9.147485737747022,38.937205268152034,,,,line_endpoint_cluster,derived,ENDPOINT_CLUSTER_DERIVED,
BUS:JUNCTION:60:02023,60,-9.111499203907318,38.861982005548214,,,,line_endpoint_cluster,derived,ENDPOINT_CLUSTER_DERIVED,
BUS:JUNCTION:60:02024,60,-9.118270201498202,38.7824757830663,,,,line_endpoint_cluster,derived,ENDPOINT_CLUSTER_DERIVED,
BUS:JUNCTION:60:02025,60,-9.11889720302579,38.78184172129358,,,,line_endpoint_cluster,derived,ENDPOINT_CLUSTER_DERIVED,
BUS:JUNCTION:60:02026,60,-8.961751509975771,39.003247843327145,,,,line_endpoint_cluster,derived,ENDPOINT_CLUSTER_DERIVED,
BUS:JUNCTION:60:02027,60,-8.962996707340082,38.99188140882535,,,,line_endpoint_cluster,derived,ENDPOINT_CLUSTER_DERIVED,
BUS:JUNCTION:60:02028,60,-7.949281102424466,38.45003466115534,,,,line_endpoint_cluster,derived,ENDPOINT_CLUSTER_DERIVED,
BUS:JUNCTION:60:02029,60,-7.887811762911017,38.55694428560914,,,,line_endpoint_cluster,derived,ENDPOINT_CLUSTER_DERIVED,
BUS:JUNCTION:60:02030,60,-7.951211673181476,38.43541748993051,,,,line_endpoint_cluster,derived,ENDPOINT_CLUSTER_DERIVED,
BUS:JUNCTION:60:02031,60,-7.93125795501548,38.51814816708449,,,,line_endpoint_cluster,derived,ENDPOINT_CLUSTER_DERIVED,
BUS:JUNCTION:60:02032,60,-7.9470787064168,38.466545267343236,,,,line_endpoint_cluster,derived,ENDPOINT_CLUSTER_DERIVED,
BUS:JUNCTION:60:02033,60,-8.017528557563509,37.146603000310144,,,,line_endpoint_cluster,derived,ENDPOINT_CLUSTER_DERIVED,
BUS:JUNCTION:60:02034,60,-8.127132159693208,37.15253317297602,,,,line_endpoint_cluster,derived,ENDPOINT_CLUSTER_DERIVED,
BUS:JUNCTION:60:02035,60,-8.170819655090506,37.15168708871114,,,,line_endpoint_cluster,derived,ENDPOINT_CLUSTER_DERIVED,
BUS:JUNCTION:60:02036,60,-8.14214729113787,37.152548590658924,,,,line_endpoint_cluster,derived,ENDPOINT_CLUSTER_DERIVED,
BUS:JUNCTION:60:02037,60,-8.461483650158705,39.45781495333837,,,,line_endpoint_cluster,derived,ENDPOINT_CLUSTER_DERIVED,
BUS:JUNCTION:60:02038,60,-8.49134240699306,39.44447273162201,,,,line_endpoint_cluster,derived,ENDPOINT_CLUSTER_DERIVED,
BUS:JUNCTION:60:02039,60,-9.10005695096162,38.76886752233138,,,,line_endpoint_cluster,derived,ENDPOINT_CLUSTER_DERIVED,
BUS:JUNCTION:60:02040,60,-9.098914643180027,38.76850005352223,,,,line_endpoint_cluster,derived,ENDPOINT_CLUSTER_DERIVED,
BUS:JUNCTION:60:02041,60,-9.094723113613096,38.777325376647084,,,,line_endpoint_cluster,derived,ENDPOINT_CLUSTER_DERIVED,
BUS:JUNCTION:60:02042,60,-9.09547265395491,38.77364232950792,,,,line_endpoint_cluster,derived,ENDPOINT_CLUSTER_DERIVED,
BUS:JUNCTION:60:02043,60,-9.095814367737038,38.76944726394365,,,,line_endpoint_cluster,derived,ENDPOINT_CLUSTER_DERIVED,
BUS:JUNCTION:60:02044,60,-9.096041517414033,38.76667251188291,,,,line_endpoint_cluster,derived,ENDPOINT_CLUSTER_DERIVED,
BUS:EREDES:1106S5900100:60,60,-9.13002633107935,38.7497497781229,EREDES:1106S5900100,GAGO COUTINHO,1106S5900100,substation,E-REDES,DIRECT_EREDES,26.9625992359705
BUS:JUNCTION:60:02047,60,-9.111336960840257,38.75843066642504,,,,line_endpoint_cluster,derived,ENDPOINT_CLUSTER_DERIVED,
BUS:JUNCTION:60:02048,60,-9.121766105123244,38.78182586471819,,,,line_endpoint_cluster,derived,ENDPOINT_CLUSTER_DERIVED,
BUS:JUNCTION:60:02049,60,-9.124821238247282,38.78011580683322,,,,line_endpoint_cluster,derived,ENDPOINT_CLUSTER_DERIVED,
BUS:JUNCTION:60:02050,60,-7.815239300697333,39.56415943760109,,,,line_endpoint_cluster,derived,ENDPOINT_CLUSTER_DERIVED,
BUS:JUNCTION:60:02051,60,-9.168860882659775,38.66648461526709,,,,line_endpoint_cluster,derived,ENDPOINT_CLUSTER_DERIVED,
BUS:EREDES:1503S5021500:60,60,-9.15365090614543,38.6743835659176,EREDES:1503S5021500,MUTELA,1503S5021500,substation,E-REDES,DIRECT_EREDES,18.982003795647014
BUS:JUNCTION:60:02053,60,-9.150856594291193,38.67771068091578,,,,line_endpoint_cluster,derived,ENDPOINT_CLUSTER_DERIVED,
BUS:JUNCTION:60:02054,60,-9.328103591453424,38.840536133110945,,,,line_endpoint_cluster,derived,ENDPOINT_CLUSTER_DERIVED,
BUS:JUNCTION:60:02055,60,-9.257271737609107,38.773801800178894,,,,line_endpoint_cluster,derived,ENDPOINT_CLUSTER_DERIVED,
BUS:EREDES:1606S6011800:60,60,-8.27029800118786,41.8593361106549,EREDES:1606S6011800,LINDOSO,1606S6011800,substation,E-REDES,DIRECT_EREDES,36.31406525207619
BUS:JUNCTION:60:02057,60,-8.907766451836222,38.56696513393155,,,,line_endpoint_cluster,derived,ENDPOINT_CLUSTER_DERIVED,
BUS:JUNCTION:60:02058,60,-8.944630394857334,38.57498227173134,,,,line_endpoint_cluster,derived,ENDPOINT_CLUSTER_DERIVED,
BUS:JUNCTION:60:02059,60,-9.01764484432335,38.58835154104717,,,,line_endpoint_cluster,derived,ENDPOINT_CLUSTER_DERIVED,
BUS:JUNCTION:60:02060,60,-9.006636348143807,38.58632648012402,,,,line_endpoint_cluster,derived,ENDPOINT_CLUSTER_DERIVED,
BUS:JUNCTION:60:02061,60,-8.944016620644174,38.5728835539677,,,,line_endpoint_cluster,derived,ENDPOINT_CLUSTER_DERIVED,
BUS:JUNCTION:60:02062,60,-8.956807537511226,38.57530979477566,,,,line_endpoint_cluster,derived,ENDPOINT_CLUSTER_DERIVED,
BUS:JUNCTION:60:02063,60,-8.885442054464137,38.55188452749476,,,,line_endpoint_cluster,derived,ENDPOINT_CLUSTER_DERIVED,
BUS:JUNCTION:60:02064,60,-7.928694962464189,41.31594342063628,,,,line_endpoint_cluster,derived,ENDPOINT_CLUSTER_DERIVED,
BUS:JUNCTION:60:02065,60,-7.966859317584793,37.069007300712975,,,,line_endpoint_cluster,derived,ENDPOINT_CLUSTER_DERIVED,
BUS:JUNCTION:60:02066,60,-8.388308075313855,38.01588002487803,,,,line_endpoint_cluster,derived,ENDPOINT_CLUSTER_DERIVED,
BUS:JUNCTION:60:02067,60,-8.40185725536016,38.015636269837906,,,,line_endpoint_cluster,derived,ENDPOINT_CLUSTER_DERIVED,
BUS:JUNCTION:60:02068,60,-8.350806872701025,38.01950956769744,,,,line_endpoint_cluster,derived,ENDPOINT_CLUSTER_DERIVED,
BUS:JUNCTION:60:02069,60,-8.353907874077173,38.01853935847054,,,,line_endpoint_cluster,derived,ENDPOINT_CLUSTER_DERIVED,
BUS:JUNCTION:60:02070,60,-8.667688144869848,38.022330170270244,,,,line_endpoint_cluster,derived,ENDPOINT_CLUSTER_DERIVED,
BUS:JUNCTION:60:02071,60,-8.669125300941324,38.023218239313216,,,,line_endpoint_cluster,derived,ENDPOINT_CLUSTER_DERIVED,
BUS:JUNCTION:60:02072,60,-8.65202206198719,38.01502599781152,,,,line_endpoint_cluster,derived,ENDPOINT_CLUSTER_DERIVED,
BUS:JUNCTION:60:02073,60,-8.658425756285283,38.01662057797642,,,,line_endpoint_cluster,derived,ENDPOINT_CLUSTER_DERIVED,
BUS:JUNCTION:60:02074,60,-8.604775333357782,38.003368541619494,,,,line_endpoint_cluster,derived,ENDPOINT_CLUSTER_DERIVED,
BUS:JUNCTION:60:02075,60,-8.606632232697521,38.00382980509109,,,,line_endpoint_cluster,derived,ENDPOINT_CLUSTER_DERIVED,
BUS:JUNCTION:60:02076,60,-8.664211886511042,38.020188000462156,,,,line_endpoint_cluster,derived,ENDPOINT_CLUSTER_DERIVED,
BUS:JUNCTION:60:02077,60,-8.295545577818968,38.03672018922803,,,,line_endpoint_cluster,derived,ENDPOINT_CLUSTER_DERIVED,
BUS:JUNCTION:60:02078,60,-8.297086195298087,38.03625311983548,,,,line_endpoint_cluster,derived,ENDPOINT_CLUSTER_DERIVED,
BUS:JUNCTION:60:02079,60,-8.30837822124069,38.03272948093291,,,,line_endpoint_cluster,derived,ENDPOINT_CLUSTER_DERIVED,
BUS:JUNCTION:60:02080,60,-8.349216901379544,38.02001041677782,,,,line_endpoint_cluster,derived,ENDPOINT_CLUSTER_DERIVED,
BUS:JUNCTION:60:02081,60,-8.212218562274689,38.048401589767295,,,,line_endpoint_cluster,derived,ENDPOINT_CLUSTER_DERIVED,
BUS:JUNCTION:60:02082,60,-8.230865124350748,38.04845842362189,,,,line_endpoint_cluster,derived,ENDPOINT_CLUSTER_DERIVED,
BUS:JUNCTION:60:02083,60,-8.303896865709927,38.03412268654718,,,,line_endpoint_cluster,derived,ENDPOINT_CLUSTER_DERIVED,
BUS:EREDES:1310S5009200:60,60,-8.38120118771066,41.2154434553088,EREDES:1310S5009200,REBORDOSA,1310S5009200,substation,E-REDES,DIRECT_EREDES,30.187781813265392
BUS:JUNCTION:60:02085,60,-7.409496650768034,38.71420799117581,,,,line_endpoint_cluster,derived,ENDPOINT_CLUSTER_DERIVED,
BUS:JUNCTION:60:02086,60,-7.409189324844945,38.716136626604836,,,,line_endpoint_cluster,derived,ENDPOINT_CLUSTER_DERIVED,
BUS:JUNCTION:60:02089,60,-8.645105454516647,39.48207347857122,,,,line_endpoint_cluster,derived,ENDPOINT_CLUSTER_DERIVED,
BUS:EREDES:1402S5568200:60,60,-8.6605199231738,39.4688669214576,EREDES:1402S5568200,VILA MOREIRA,1402S5568200,substation,E-REDES,DIRECT_EREDES,9.975020833080329
BUS:JUNCTION:60:02091,60,-8.793594793919814,38.95427099515984,,,,line_endpoint_cluster,derived,ENDPOINT_CLUSTER_DERIVED,
BUS:JUNCTION:60:02092,60,-8.773295779737241,41.79949700803115,,,,line_endpoint_cluster,derived,ENDPOINT_CLUSTER_DERIVED,
BUS:JUNCTION:60:02093,60,-7.9208079472835635,41.17768484840133,,,,line_endpoint_cluster,derived,ENDPOINT_CLUSTER_DERIVED,
BUS:EREDES:1105S5901100:60,60,-9.32468695458837,38.7320465820768,EREDES:1105S5901100,ABÓBODA,1105S5901100,substation,E-REDES,DIRECT_EREDES,14.823212380692798
BUS:JUNCTION:60:02096,60,-7.558637803806597,38.84336417208157,,,,line_endpoint_cluster,derived,ENDPOINT_CLUSTER_DERIVED,
BUS:JUNCTION:60:02097,60,-7.497226327186075,38.821507263552036,,,,line_endpoint_cluster,derived,ENDPOINT_CLUSTER_DERIVED,
BUS:JUNCTION:60:02098,60,-7.462459692935571,38.798285624785635,,,,line_endpoint_cluster,derived,ENDPOINT_CLUSTER_DERIVED,
BUS:JUNCTION:60:02099,60,-7.412040681670008,38.85170671072191,,,,line_endpoint_cluster,derived,ENDPOINT_CLUSTER_DERIVED,
BUS:JUNCTION:60:02100,60,-7.406181377650611,38.85248687638021,,,,line_endpoint_cluster,derived,ENDPOINT_CLUSTER_DERIVED,
BUS:JUNCTION:60:02101,60,-7.173950810181125,38.889011021949315,,,,line_endpoint_cluster,derived,ENDPOINT_CLUSTER_DERIVED,
BUS:JUNCTION:60:02102,60,-8.429731595541876,41.46697226133604,,,,line_endpoint_cluster,derived,ENDPOINT_CLUSTER_DERIVED,
BUS:JUNCTION:60:02103,60,-8.442246944037853,41.524749321714395,,,,line_endpoint_cluster,derived,ENDPOINT_CLUSTER_DERIVED,
BUS:JUNCTION:60:02104,60,-9.191339284727377,38.79321505237259,,,,line_endpoint_cluster,derived,ENDPOINT_CLUSTER_DERIVED,
BUS:JUNCTION:60:02105,60,-9.18780434441326,38.789024142146616,,,,line_endpoint_cluster,derived,ENDPOINT_CLUSTER_DERIVED,
BUS:JUNCTION:60:02106,60,-9.232166606381945,39.11865287758814,,,,line_endpoint_cluster,derived,ENDPOINT_CLUSTER_DERIVED,
BUS:JUNCTION:60:02107,60,-9.279796622633969,39.192250301644926,,,,line_endpoint_cluster,derived,ENDPOINT_CLUSTER_DERIVED,
BUS:JUNCTION:60:02108,60,-8.584997588063025,41.163576597595835,,,,line_endpoint_cluster,derived,ENDPOINT_CLUSTER_DERIVED,
BUS:EREDES:1312S5013100:60,60,-8.65503863858691,41.1636396963523,EREDES:1312S5013100,BOAVISTA (Porto),1312S5013100,substation,E-REDES,DIRECT_EREDES,12.366583863789362
BUS:JUNCTION:60:02110,60,-8.65864348503878,41.16885580593579,,,,line_endpoint_cluster,derived,ENDPOINT_CLUSTER_DERIVED,
BUS:JUNCTION:60:02111,60,-8.620905056181153,41.173007292220426,,,,line_endpoint_cluster,derived,ENDPOINT_CLUSTER_DERIVED,
BUS:JUNCTION:60:02112,60,-7.130030125097868,40.30822932407406,,,,line_endpoint_cluster,derived,ENDPOINT_CLUSTER_DERIVED,
BUS:JUNCTION:60:02113,60,-7.111509917811058,40.32456190602238,,,,line_endpoint_cluster,derived,ENDPOINT_CLUSTER_DERIVED,
BUS:JUNCTION:60:02115,60,-8.99781683127372,39.615076837168175,,,,line_endpoint_cluster,derived,ENDPOINT_CLUSTER_DERIVED,
BUS:JUNCTION:60:02116,60,-8.016276204875288,41.32971808939835,,,,line_endpoint_cluster,derived,ENDPOINT_CLUSTER_DERIVED,
BUS:JUNCTION:60:02117,60,-8.060880403604363,41.33656118561193,,,,line_endpoint_cluster,derived,ENDPOINT_CLUSTER_DERIVED,
BUS:JUNCTION:60:02118,60,-8.077163965655977,41.33769202716938,,,,line_endpoint_cluster,derived,ENDPOINT_CLUSTER_DERIVED,
BUS:JUNCTION:60:02119,60,-8.10717574107952,41.339770111420876,,,,line_endpoint_cluster,derived,ENDPOINT_CLUSTER_DERIVED,
BUS:JUNCTION:60:02120,60,-8.115377763893031,41.34033665372668,,,,line_endpoint_cluster,derived,ENDPOINT_CLUSTER_DERIVED,
BUS:JUNCTION:60:02121,60,-7.894851059221786,37.15777700430923,,,,line_endpoint_cluster,derived,ENDPOINT_CLUSTER_DERIVED,
BUS:JUNCTION:60:02122,60,-7.897823742177292,37.15363833489305,,,,line_endpoint_cluster,derived,ENDPOINT_CLUSTER_DERIVED,
BUS:EREDES:0812S5062100:60,60,-7.8927256705816,37.1493771641207,EREDES:0812S5062100,SÃO BRÁS DE ALPORTEL,0812S5062100,substation,E-REDES,DIRECT_EREDES,11.838250446320092
BUS:JUNCTION:60:02124,60,-7.856295019326918,37.13088280125899,,,,line_endpoint_cluster,derived,ENDPOINT_CLUSTER_DERIVED,
BUS:JUNCTION:60:02125,60,-7.859619979520991,37.15892763737982,,,,line_endpoint_cluster,derived,ENDPOINT_CLUSTER_DERIVED,
BUS:JUNCTION:60:02126,60,-8.465050749386071,40.84692697089026,,,,line_endpoint_cluster,derived,ENDPOINT_CLUSTER_DERIVED,
BUS:JUNCTION:60:02127,60,-8.507620811125761,40.029364133696866,,,,line_endpoint_cluster,derived,ENDPOINT_CLUSTER_DERIVED,
BUS:JUNCTION:60:02128,60,-8.51717325336071,40.04948019851844,,,,line_endpoint_cluster,derived,ENDPOINT_CLUSTER_DERIVED,
BUS:EREDES:0604S5005400:60,60,-8.48879773245323,40.1049177787488,EREDES:0604S5005400,CONDEIXA,0604S5005400,substation,E-REDES,DIRECT_EREDES,27.591668854398414
BUS:JUNCTION:60:02130,60,-7.205139394251174,41.71724528824813,,,,line_endpoint_cluster,derived,ENDPOINT_CLUSTER_DERIVED,
BUS:JUNCTION:60:02131,60,-7.368169716959132,41.70433655981648,,,,line_endpoint_cluster,derived,ENDPOINT_CLUSTER_DERIVED,
BUS:JUNCTION:60:02132,60,-7.390749947470976,41.70401135445719,,,,line_endpoint_cluster,derived,ENDPOINT_CLUSTER_DERIVED,
BUS:JUNCTION:60:02133,60,-7.413945147397489,41.7036726678617,,,,line_endpoint_cluster,derived,ENDPOINT_CLUSTER_DERIVED,
BUS:JUNCTION:60:02134,60,-7.233177348380362,41.138052374217736,,,,line_endpoint_cluster,derived,ENDPOINT_CLUSTER_DERIVED,
BUS:JUNCTION:60:02135,60,-7.240651932950969,41.14043220998591,,,,line_endpoint_cluster,derived,ENDPOINT_CLUSTER_DERIVED,
BUS:EREDES:1823S5004600:60,60,-7.93723999932175,40.6760200015095,EREDES:1823S5004600,ORGENS,1823S5004600,substation,E-REDES,DIRECT_EREDES,17.818582029790097
BUS:JUNCTION:60:02137,60,-7.932831731626559,40.682520276582686,,,,line_endpoint_cluster,derived,ENDPOINT_CLUSTER_DERIVED,
BUS:JUNCTION:60:02138,60,-7.985637309956402,40.72659531082031,,,,line_endpoint_cluster,derived,ENDPOINT_CLUSTER_DERIVED,
BUS:EREDES:1317S5003500:60,60,-8.63668186459967,41.1283598742994,EREDES:1317S5003500,VERDINHO,1317S5003500,substation,E-REDES,DIRECT_EREDES,40.410999380420954
BUS:JUNCTION:60:02140,60,-8.634027994455941,41.12605015763822,,,,line_endpoint_cluster,derived,ENDPOINT_CLUSTER_DERIVED,
BUS:JUNCTION:60:02141,60,-8.598441512413153,41.12436047707199,,,,line_endpoint_cluster,derived,ENDPOINT_CLUSTER_DERIVED,
BUS:JUNCTION:60:02142,60,-8.598602896444984,41.129988612200044,,,,line_endpoint_cluster,derived,ENDPOINT_CLUSTER_DERIVED,
BUS:JUNCTION:60:02143,60,-8.611207710925365,41.05950389537033,,,,line_endpoint_cluster,derived,ENDPOINT_CLUSTER_DERIVED,
BUS:JUNCTION:60:02144,60,-8.549582373922945,41.1168080975109,,,,line_endpoint_cluster,derived,ENDPOINT_CLUSTER_DERIVED,
BUS:JUNCTION:60:02145,60,-8.550073003135799,41.112502015003834,,,,line_endpoint_cluster,derived,ENDPOINT_CLUSTER_DERIVED,
BUS:JUNCTION:60:02146,60,-7.527546832942913,38.129831312348884,,,,line_endpoint_cluster,derived,ENDPOINT_CLUSTER_DERIVED,
BUS:JUNCTION:60:02147,60,-7.443120464015396,38.12845529055246,,,,line_endpoint_cluster,derived,ENDPOINT_CLUSTER_DERIVED,
BUS:EREDES:0210S5052300:60,60,-7.44275213889534,38.1307689006636,EREDES:0210S5052300,MOURA,0210S5052300,substation,E-REDES,DIRECT_EREDES,19.393828077287935
BUS:JUNCTION:60:02149,60,-8.324695230519712,41.863131105600836,,,,line_endpoint_cluster,derived,ENDPOINT_CLUSTER_DERIVED,
BUS:JUNCTION:60:02150,60,-7.956678292673303,38.39436680949592,,,,line_endpoint_cluster,derived,ENDPOINT_CLUSTER_DERIVED,
BUS:JUNCTION:60:02151,60,-7.958316550577638,38.38206475167983,,,,line_endpoint_cluster,derived,ENDPOINT_CLUSTER_DERIVED,
BUS:JUNCTION:60:02152,60,-8.286839143405553,40.09167600947141,,,,line_endpoint_cluster,derived,ENDPOINT_CLUSTER_DERIVED,
BUS:JUNCTION:60:02153,60,-8.309939185332542,40.069862767331635,,,,line_endpoint_cluster,derived,ENDPOINT_CLUSTER_DERIVED,
BUS:EREDES:1318S5020300:60,60,-8.58075260020073,41.3057104354066,EREDES:1318S5020300,MURO,1318S5020300,substation,E-REDES,DIRECT_EREDES,83.9609129129263
BUS:JUNCTION:60:02156,60,-8.602104962302768,41.281504074034814,,,,line_endpoint_cluster,derived,ENDPOINT_CLUSTER_DERIVED,
BUS:JUNCTION:60:02157,60,-8.582578438966733,41.30331582448883,,,,line_endpoint_cluster,derived,ENDPOINT_CLUSTER_DERIVED,
BUS:EREDES:1415S5636100:60,60,-8.66247544909662,39.0396472947729,EREDES:1415S5636100,GLÓRIA,1415S5636100,substation,E-REDES,DIRECT_EREDES,10.240710538241025
BUS:EREDES:0712S5042500:60,60,-8.44766656854912,38.6723031595959,EREDES:0712S5042500,VENDAS NOVAS,0712S5042500,substation,E-REDES,DIRECT_EREDES,67.0368252392201
BUS:JUNCTION:60:02160,60,-7.469112358773673,40.26384781606651,,,,line_endpoint_cluster,derived,ENDPOINT_CLUSTER_DERIVED,
BUS:EREDES:0503S5006600:60,60,-7.47915608917916,40.2897065743956,EREDES:0503S5006600,VÁRZEA,0503S5006600,substation,E-REDES,DIRECT_EREDES,12.290191643385839
BUS:JUNCTION:60:02162,60,-8.42111987286743,39.508104218318024,,,,line_endpoint_cluster,derived,ENDPOINT_CLUSTER_DERIVED,
BUS:JUNCTION:60:02163,60,-8.125939739883766,39.48617102263611,,,,line_endpoint_cluster,derived,ENDPOINT_CLUSTER_DERIVED,
BUS:JUNCTION:60:02164,60,-8.117988590460115,39.467373575762565,,,,line_endpoint_cluster,derived,ENDPOINT_CLUSTER_DERIVED,
BUS:JUNCTION:60:02165,60,-8.681261513137027,41.31306009384092,,,,line_endpoint_cluster,derived,ENDPOINT_CLUSTER_DERIVED,
BUS:JUNCTION:60:02166,60,-8.649926523792255,41.28691749626864,,,,line_endpoint_cluster,derived,ENDPOINT_CLUSTER_DERIVED,
BUS:JUNCTION:60:02167,60,-8.67860499284881,41.31138496798492,,,,line_endpoint_cluster,derived,ENDPOINT_CLUSTER_DERIVED,
BUS:JUNCTION:60:02168,60,-8.68237949726878,41.31376443278249,,,,line_endpoint_cluster,derived,ENDPOINT_CLUSTER_DERIVED,
BUS:JUNCTION:60:02169,60,-9.033701052229963,38.589740075392726,,,,line_endpoint_cluster,derived,ENDPOINT_CLUSTER_DERIVED,
BUS:JUNCTION:60:02170,60,-8.682426392160608,39.24841601020479,,,,line_endpoint_cluster,derived,ENDPOINT_CLUSTER_DERIVED,
BUS:EREDES:1416S5902600:60,60,-8.68565789885188,39.2466492408658,EREDES:1416S5902600,SÃO BENTO,1416S5902600,substation,E-REDES,DIRECT_EREDES,41.36077866918311
BUS:JUNCTION:60:02172,60,-9.083443642573613,38.829546975507235,,,,line_endpoint_cluster,derived,ENDPOINT_CLUSTER_DERIVED,
BUS:JUNCTION:60:02173,60,-9.108556541697965,38.7829876427606,,,,line_endpoint_cluster,derived,ENDPOINT_CLUSTER_DERIVED,
BUS:JUNCTION:60:02174,60,-9.11323667830967,38.783702112820734,,,,line_endpoint_cluster,derived,ENDPOINT_CLUSTER_DERIVED,
BUS:JUNCTION:60:02175,60,-8.972011357172224,38.97922493325884,,,,line_endpoint_cluster,derived,ENDPOINT_CLUSTER_DERIVED,
BUS:JUNCTION:60:02176,60,-7.922717541695066,38.52778459637363,,,,line_endpoint_cluster,derived,ENDPOINT_CLUSTER_DERIVED,
BUS:JUNCTION:60:02177,60,-7.921833595216367,38.52877291552586,,,,line_endpoint_cluster,derived,ENDPOINT_CLUSTER_DERIVED,
BUS:JUNCTION:60:02178,60,-7.98734559823731,37.148538312607066,,,,line_endpoint_cluster,derived,ENDPOINT_CLUSTER_DERIVED,
BUS:JUNCTION:60:02179,60,-8.003506580839483,37.1403376148355,,,,line_endpoint_cluster,derived,ENDPOINT_CLUSTER_DERIVED,
BUS:JUNCTION:60:02180,60,-7.945327146884734,37.153392524128286,,,,line_endpoint_cluster,derived,ENDPOINT_CLUSTER_DERIVED,
BUS:JUNCTION:60:02182,60,-9.09961392653496,38.78219572503127,,,,line_endpoint_cluster,derived,ENDPOINT_CLUSTER_DERIVED,
BUS:JUNCTION:60:02183,60,-9.149133162188855,38.67908611587569,,,,line_endpoint_cluster,derived,ENDPOINT_CLUSTER_DERIVED,
BUS:JUNCTION:60:02184,60,-8.416821878551685,41.976536657317794,,,,line_endpoint_cluster,derived,ENDPOINT_CLUSTER_DERIVED,
BUS:JUNCTION:60:02185,60,-7.661852519191337,41.46433583311122,,,,line_endpoint_cluster,derived,ENDPOINT_CLUSTER_DERIVED,
BUS:EREDES:1508S5903500:60,60,-8.96856395855957,38.5794199080201,EREDES:1508S5903500,QUINTA DO ANJO,1508S5903500,substation,E-REDES,DIRECT_EREDES,37.4569895688889
BUS:JUNCTION:60:02187,60,-8.036804819945466,40.964432419403344,,,,line_endpoint_cluster,derived,ENDPOINT_CLUSTER_DERIVED,
BUS:JUNCTION:60:02188,60,-8.079388601431162,41.00109411672541,,,,line_endpoint_cluster,derived,ENDPOINT_CLUSTER_DERIVED,
BUS:JUNCTION:60:02189,60,-8.090855709765586,41.00791266196032,,,,line_endpoint_cluster,derived,ENDPOINT_CLUSTER_DERIVED,
BUS:JUNCTION:60:02190,60,-8.08997509036262,40.99742164320986,,,,line_endpoint_cluster,derived,ENDPOINT_CLUSTER_DERIVED,
BUS:JUNCTION:60:02191,60,-8.190194043966754,40.84650819615598,,,,line_endpoint_cluster,derived,ENDPOINT_CLUSTER_DERIVED,
BUS:JUNCTION:60:02192,60,-8.19198231489581,40.8462882600779,,,,line_endpoint_cluster,derived,ENDPOINT_CLUSTER_DERIVED,
BUS:JUNCTION:60:02193,60,-8.25970956054909,37.16827506797828,,,,line_endpoint_cluster,derived,ENDPOINT_CLUSTER_DERIVED,
BUS:JUNCTION:60:02194,60,-8.259788175933677,41.09734186869503,,,,line_endpoint_cluster,derived,ENDPOINT_CLUSTER_DERIVED,
BUS:JUNCTION:60:02195,60,-8.236870344554044,41.13164922519669,,,,line_endpoint_cluster,derived,ENDPOINT_CLUSTER_DERIVED,
BUS:JUNCTION:60:02196,60,-7.907531408495388,41.46457609994929,,,,line_endpoint_cluster,derived,ENDPOINT_CLUSTER_DERIVED,
BUS:JUNCTION:60:02197,60,-7.87616319514143,41.480012465880286,,,,line_endpoint_cluster,derived,ENDPOINT_CLUSTER_DERIVED,
BUS:JUNCTION:60:02198,60,-7.943833560928434,41.4467837801906,,,,line_endpoint_cluster,derived,ENDPOINT_CLUSTER_DERIVED,
BUS:JUNCTION:60:02199,60,-7.94043467499411,41.44845053609589,,,,line_endpoint_cluster,derived,ENDPOINT_CLUSTER_DERIVED,
BUS:JUNCTION:60:02200,60,-7.754206900987668,37.094130881436726,,,,line_endpoint_cluster,derived,ENDPOINT_CLUSTER_DERIVED,
BUS:JUNCTION:60:02201,60,-7.720840971440724,37.10976452969336,,,,line_endpoint_cluster,derived,ENDPOINT_CLUSTER_DERIVED,
BUS:JUNCTION:60:02202,60,-7.940070432267793,37.051346349515875,,,,line_endpoint_cluster,derived,ENDPOINT_CLUSTER_DERIVED,
BUS:JUNCTION:60:02203,60,-8.690440039700139,39.61702035859746,,,,line_endpoint_cluster,derived,ENDPOINT_CLUSTER_DERIVED,
BUS:JUNCTION:60:02204,60,-8.697224810117023,39.62630930886349,,,,line_endpoint_cluster,derived,ENDPOINT_CLUSTER_DERIVED,
BUS:EREDES:1421S5004500:60,60,-8.69085792095743,39.6304006671614,EREDES:1421S5004500,FÁTIMA,1421S5004500,substation,E-REDES,DIRECT_EREDES,28.259502271284905
BUS:JUNCTION:60:02206,60,-8.703218060835193,39.62268087105002,,,,line_endpoint_cluster,derived,ENDPOINT_CLUSTER_DERIVED,
BUS:JUNCTION:60:02207,60,-8.529047422717213,37.999233342820986,,,,line_endpoint_cluster,derived,ENDPOINT_CLUSTER_DERIVED,
BUS:JUNCTION:60:02208,60,-8.531073122879349,37.99908897515464,,,,line_endpoint_cluster,derived,ENDPOINT_CLUSTER_DERIVED,
BUS:JUNCTION:60:02209,60,-8.386291236036072,38.015915404046034,,,,line_endpoint_cluster,derived,ENDPOINT_CLUSTER_DERIVED,
BUS:EREDES:1509S5054000:60,60,-8.67507310256394,38.024901738891,EREDES:1509S5054000,SANTIAGO,1509S5054000,substation,E-REDES,DIRECT_EREDES,32.83642973885005
BUS:JUNCTION:60:02211,60,-8.486568499712364,38.002203133179115,,,,line_endpoint_cluster,derived,ENDPOINT_CLUSTER_DERIVED,
BUS:JUNCTION:60:02212,60,-8.132364171892466,38.049390686543795,,,,line_endpoint_cluster,derived,ENDPOINT_CLUSTER_DERIVED,
BUS:JUNCTION:60:02213,60,-8.155023283492344,38.04821524949789,,,,line_endpoint_cluster,derived,ENDPOINT_CLUSTER_DERIVED,
BUS:JUNCTION:60:02214,60,-8.128167506840077,38.058807708117484,,,,line_endpoint_cluster,derived,ENDPOINT_CLUSTER_DERIVED,
BUS:JUNCTION:60:02215,60,-8.27723781519584,38.04240548581642,,,,line_endpoint_cluster,derived,ENDPOINT_CLUSTER_DERIVED,
BUS:JUNCTION:60:02216,60,-8.281473167427276,38.041091009312034,,,,line_endpoint_cluster,derived,ENDPOINT_CLUSTER_DERIVED,
BUS:JUNCTION:60:02217,60,-8.092975617469992,38.05678342045363,,,,line_endpoint_cluster,derived,ENDPOINT_CLUSTER_DERIVED,
BUS:JUNCTION:60:02218,60,-8.398254396302406,41.24278159821304,,,,line_endpoint_cluster,derived,ENDPOINT_CLUSTER_DERIVED,
BUS:JUNCTION:60:02219,60,-8.404352581356708,41.247261676852034,,,,line_endpoint_cluster,derived,ENDPOINT_CLUSTER_DERIVED,
BUS:JUNCTION:60:02220,60,-8.405156534034795,41.247778228056596,,,,line_endpoint_cluster,derived,ENDPOINT_CLUSTER_DERIVED,
BUS:JUNCTION:60:02221,60,-8.245264137385147,37.161124095615364,,,,line_endpoint_cluster,derived,ENDPOINT_CLUSTER_DERIVED,
BUS:JUNCTION:60:02222,60,-7.407956473632209,38.752720735340354,,,,line_endpoint_cluster,derived,ENDPOINT_CLUSTER_DERIVED,
BUS:JUNCTION:60:02223,60,-9.169884638377173,38.99765651563418,,,,line_endpoint_cluster,derived,ENDPOINT_CLUSTER_DERIVED,
BUS:EREDES:1112S5901400:60,60,-9.16667085768563,39.0110842558322,EREDES:1112S5901400,CABEDA,1112S5901400,substation,E-REDES,DIRECT_EREDES,35.94580136799428
BUS:JUNCTION:60:02225,60,-8.251587807822922,41.63337029568005,,,,line_endpoint_cluster,derived,ENDPOINT_CLUSTER_DERIVED,
BUS:JUNCTION:60:02226,60,-8.338135824581643,41.61841604285266,,,,line_endpoint_cluster,derived,ENDPOINT_CLUSTER_DERIVED,
BUS:JUNCTION:60:02227,60,-7.898968079988032,40.28173819425046,,,,line_endpoint_cluster,derived,ENDPOINT_CLUSTER_DERIVED,
BUS:JUNCTION:60:02228,60,-7.899911493748415,40.35068958397345,,,,line_endpoint_cluster,derived,ENDPOINT_CLUSTER_DERIVED,
BUS:JUNCTION:60:02229,60,-8.635005941952224,39.48199013988605,,,,line_endpoint_cluster,derived,ENDPOINT_CLUSTER_DERIVED,
BUS:JUNCTION:60:02230,60,-8.777405624749465,39.768857711408145,,,,line_endpoint_cluster,derived,ENDPOINT_CLUSTER_DERIVED,
BUS:JUNCTION:60:02231,60,-8.816648342805987,41.75548143550408,,,,line_endpoint_cluster,derived,ENDPOINT_CLUSTER_DERIVED,
BUS:JUNCTION:60:02232,60,-8.73167581505461,41.82407682924825,,,,line_endpoint_cluster,derived,ENDPOINT_CLUSTER_DERIVED,
BUS:JUNCTION:60:02233,60,-8.756675116690516,41.82047001149282,,,,line_endpoint_cluster,derived,ENDPOINT_CLUSTER_DERIVED,
BUS:JUNCTION:60:02234,60,-8.759206153554043,41.81875908775787,,,,line_endpoint_cluster,derived,ENDPOINT_CLUSTER_DERIVED,
BUS:JUNCTION:60:02235,60,-7.997092058450147,38.05240119051341,,,,line_endpoint_cluster,derived,ENDPOINT_CLUSTER_DERIVED,
BUS:JUNCTION:60:02236,60,-7.861874178684937,40.217302884735425,,,,line_endpoint_cluster,derived,ENDPOINT_CLUSTER_DERIVED,
BUS:JUNCTION:60:02237,60,-7.472885198735778,38.84568888210012,,,,line_endpoint_cluster,derived,ENDPOINT_CLUSTER_DERIVED,
BUS:JUNCTION:60:02238,60,-8.429495437562394,41.458475352121965,,,,line_endpoint_cluster,derived,ENDPOINT_CLUSTER_DERIVED,
BUS:JUNCTION:60:02239,60,-8.563218428062294,41.34519248918034,,,,line_endpoint_cluster,derived,ENDPOINT_CLUSTER_DERIVED,
BUS:JUNCTION:60:02240,60,-7.57349582074318,38.33838066378012,,,,line_endpoint_cluster,derived,ENDPOINT_CLUSTER_DERIVED,
BUS:JUNCTION:60:02241,60,-7.147176910038069,40.30910855885935,,,,line_endpoint_cluster,derived,ENDPOINT_CLUSTER_DERIVED,
BUS:EREDES:0911S5007700:60,60,-7.09487389328373,40.3396848511474,EREDES:0911S5007700,SABUGAL,0911S5007700,substation,E-REDES,DIRECT_EREDES,13.54940871511409
BUS:JUNCTION:60:02243,60,-8.986219186391896,39.2896742546183,,,,line_endpoint_cluster,derived,ENDPOINT_CLUSTER_DERIVED,
BUS:EREDES:1303S5009100:60,60,-8.19070061155552,41.3458050749596,EREDES:1303S5009100,FELGUEIRAS,1303S5009100,substation,E-REDES,DIRECT_EREDES,17.560540418788836
BUS:JUNCTION:60:02246,60,-7.787364959343624,40.50755860811699,,,,line_endpoint_cluster,derived,ENDPOINT_CLUSTER_DERIVED,
BUS:JUNCTION:60:02247,60,-8.45558306062553,40.846895201115416,,,,line_endpoint_cluster,derived,ENDPOINT_CLUSTER_DERIVED,
BUS:EREDES:1703S5004900:60,60,-7.47741367184995,41.7148629902354,EREDES:1703S5004900,CHAVES,1703S5004900,substation,E-REDES,DIRECT_EREDES,12.764566006050595
BUS:EREDES:1823S5009700:60,60,-7.88241967267539,40.6575955371207,EREDES:1823S5009700,VISO,1823S5009700,substation,E-REDES,DIRECT_EREDES,42.212455051405634
BUS:JUNCTION:60:02250,60,-8.629487950213692,41.127925421239375,,,,line_endpoint_cluster,derived,ENDPOINT_CLUSTER_DERIVED,
BUS:JUNCTION:60:02251,60,-8.627252651086524,41.13074872473642,,,,line_endpoint_cluster,derived,ENDPOINT_CLUSTER_DERIVED,
BUS:JUNCTION:60:02252,60,-8.624169288308662,41.13338801773106,,,,line_endpoint_cluster,derived,ENDPOINT_CLUSTER_DERIVED,
BUS:JUNCTION:60:02253,60,-8.618230037137604,41.133146151481185,,,,line_endpoint_cluster,derived,ENDPOINT_CLUSTER_DERIVED,
BUS:JUNCTION:60:02254,60,-8.615109510060742,41.13505624286403,,,,line_endpoint_cluster,derived,ENDPOINT_CLUSTER_DERIVED,
BUS:JUNCTION:60:02255,60,-8.608491735720536,41.133660323227694,,,,line_endpoint_cluster,derived,ENDPOINT_CLUSTER_DERIVED,
BUS:EREDES:1317S5009600:60,60,-8.604288928996,41.132123132031,EREDES:1317S5009600,SERRA DO PILAR,1317S5009600,substation,E-REDES,DIRECT_EREDES,4.8414126714792145
BUS:EREDES:1317S5020400:60,60,-8.60898026167858,41.0484002534432,EREDES:1317S5020400,SERZEDO,1317S5020400,substation,E-REDES,DIRECT_EREDES,15.344645171826334
BUS:JUNCTION:60:02259,60,-7.739278432904643,40.44777303872597,,,,line_endpoint_cluster,derived,ENDPOINT_CLUSTER_DERIVED,
BUS:JUNCTION:60:02260,60,-7.460539174253853,38.11974418996278,,,,line_endpoint_cluster,derived,ENDPOINT_CLUSTER_DERIVED,
BUS:JUNCTION:60:02261,60,-8.45531967248878,39.49432539348389,,,,line_endpoint_cluster,derived,ENDPOINT_CLUSTER_DERIVED,
BUS:JUNCTION:60:02262,60,-8.463605470353,39.47885886337735,,,,line_endpoint_cluster,derived,ENDPOINT_CLUSTER_DERIVED,
BUS:JUNCTION:60:02263,60,-8.463849744184857,39.47781960806265,,,,line_endpoint_cluster,derived,ENDPOINT_CLUSTER_DERIVED,
BUS:JUNCTION:60:02264,60,-8.415174777991597,41.97451066069995,,,,line_endpoint_cluster,derived,ENDPOINT_CLUSTER_DERIVED,
BUS:EREDES:1601P5020800:60,60,-8.4319850178889,41.9725793039032,EREDES:1601P5020800,ALAGOA DE CIMA,1601P5020800,switching_station,E-REDES,DIRECT_EREDES,1.7225437832139832
BUS:EREDES:0608S5006500:60,60,-8.72258216761928,40.4275322143576,EREDES:0608S5006500,MIRA,0608S5006500,substation,E-REDES,DIRECT_EREDES,147.63696729735594
BUS:JUNCTION:60:02268,60,-8.739745283459195,38.310496270281064,,,,line_endpoint_cluster,derived,ENDPOINT_CLUSTER_DERIVED,
BUS:JUNCTION:60:02269,60,-9.159418700201117,38.95149207468892,,,,line_endpoint_cluster,derived,ENDPOINT_CLUSTER_DERIVED,
BUS:JUNCTION:60:02270,60,-8.046790619543703,41.64793822134188,,,,line_endpoint_cluster,derived,ENDPOINT_CLUSTER_DERIVED,
BUS:JUNCTION:60:02271,60,-7.954315278048401,38.41203464773961,,,,line_endpoint_cluster,derived,ENDPOINT_CLUSTER_DERIVED,
BUS:JUNCTION:60:02272,60,-7.954529905610292,38.41036765329393,,,,line_endpoint_cluster,derived,ENDPOINT_CLUSTER_DERIVED,
BUS:JUNCTION:60:02273,60,-8.681136706799782,39.19967558903287,,,,line_endpoint_cluster,derived,ENDPOINT_CLUSTER_DERIVED,
BUS:JUNCTION:60:02274,60,-8.645634921778216,39.18343596790663,,,,line_endpoint_cluster,derived,ENDPOINT_CLUSTER_DERIVED,
BUS:JUNCTION:60:02275,60,-8.291935807759435,40.00346086047543,,,,line_endpoint_cluster,derived,ENDPOINT_CLUSTER_DERIVED,
BUS:JUNCTION:60:02276,60,-8.411329052895267,41.25420076472726,,,,line_endpoint_cluster,derived,ENDPOINT_CLUSTER_DERIVED,
BUS:JUNCTION:60:02277,60,-8.462101149081686,41.16072028878364,,,,line_endpoint_cluster,derived,ENDPOINT_CLUSTER_DERIVED,
BUS:JUNCTION:60:02278,60,-7.924862700638839,40.66038532666353,,,,line_endpoint_cluster,derived,ENDPOINT_CLUSTER_DERIVED,
BUS:JUNCTION:60:02279,60,-7.929106517122932,40.67209682945492,,,,line_endpoint_cluster,derived,ENDPOINT_CLUSTER_DERIVED,
BUS:JUNCTION:60:02280,60,-9.170191886354342,39.10114846824532,,,,line_endpoint_cluster,derived,ENDPOINT_CLUSTER_DERIVED,
BUS:JUNCTION:60:02281,60,-9.204302271349912,39.10064767167076,,,,line_endpoint_cluster,derived,ENDPOINT_CLUSTER_DERIVED,
BUS:JUNCTION:60:02282,60,-8.815868449481,37.979222138774304,,,,line_endpoint_cluster,derived,ENDPOINT_CLUSTER_DERIVED,
BUS:JUNCTION:60:02283,60,-9.325747074722877,38.73640918332137,,,,line_endpoint_cluster,derived,ENDPOINT_CLUSTER_DERIVED,
BUS:JUNCTION:60:02284,60,-9.39526929095731,38.73917416606362,,,,line_endpoint_cluster,derived,ENDPOINT_CLUSTER_DERIVED,
BUS:JUNCTION:60:02285,60,-9.399189697054934,38.741097796176426,,,,line_endpoint_cluster,derived,ENDPOINT_CLUSTER_DERIVED,
BUS:JUNCTION:60:02286,60,-9.387895579449022,38.75585009757129,,,,line_endpoint_cluster,derived,ENDPOINT_CLUSTER_DERIVED,
BUS:JUNCTION:60:02287,60,-7.643190365018314,41.46507537693955,,,,line_endpoint_cluster,derived,ENDPOINT_CLUSTER_DERIVED,
BUS:EREDES:1602S5021100:60,60,-8.85580356250732,41.7968373022935,EREDES:1602S5021100,ÂNCORA,1602S5021100,substation,E-REDES,DIRECT_EREDES,31.897374316894645
BUS:JUNCTION:60:02289,60,-7.988082938319185,41.60362251972354,,,,line_endpoint_cluster,derived,ENDPOINT_CLUSTER_DERIVED,
BUS:JUNCTION:60:02290,60,-7.999824432925877,41.609790824664785,,,,line_endpoint_cluster,derived,ENDPOINT_CLUSTER_DERIVED,
BUS:JUNCTION:60:02291,60,-7.897497613530553,41.69142799836963,,,,line_endpoint_cluster,derived,ENDPOINT_CLUSTER_DERIVED,
BUS:JUNCTION:60:02292,60,-9.163681612989153,38.962143610702,,,,line_endpoint_cluster,derived,ENDPOINT_CLUSTER_DERIVED,
BUS:JUNCTION:60:02293,60,-9.163982799302854,38.9628987962452,,,,line_endpoint_cluster,derived,ENDPOINT_CLUSTER_DERIVED,
BUS:JUNCTION:60:02294,60,-9.172086348745214,38.98338477391596,,,,line_endpoint_cluster,derived,ENDPOINT_CLUSTER_DERIVED,
BUS:EREDES:1106S5244000:60,60,-9.15163436792619,38.7299385595374,EREDES:1106S5244000,PARQUE,1106S5244000,substation,E-REDES,DIRECT_EREDES,21.99313329223649
BUS:JUNCTION:60:02296,60,-9.102289419002027,38.766082540342424,,,,line_endpoint_cluster,derived,ENDPOINT_CLUSTER_DERIVED,
BUS:JUNCTION:60:02297,60,-9.103622398895983,38.73638368567039,,,,line_endpoint_cluster,derived,ENDPOINT_CLUSTER_DERIVED,
BUS:JUNCTION:60:02298,60,-9.101411213428733,38.74060611024815,,,,line_endpoint_cluster,derived,ENDPOINT_CLUSTER_DERIVED,
BUS:JUNCTION:60:02299,60,-9.111905087115828,38.72522426853678,,,,line_endpoint_cluster,derived,ENDPOINT_CLUSTER_DERIVED,
BUS:EREDES:1106S5140000:60,60,-9.12799272528189,38.7275352193309,EREDES:1106S5140000,VALE ESCURO,1106S5140000,substation,E-REDES,DIRECT_EREDES,46.44663341623102
BUS:JUNCTION:60:02301,60,-9.118704445993137,38.725230221205074,,,,line_endpoint_cluster,derived,ENDPOINT_CLUSTER_DERIVED,
BUS:EREDES:1106S5200200:60,60,-9.1377033896324,38.7135885141059,EREDES:1106S5200200,PRAÇA FIGUEIRA,1106S5200200,substation,E-REDES,DIRECT_EREDES,8.085602561077666
BUS:EREDES:1111S5395000:60,60,-9.33633618183811,38.8036537652089,EREDES:1111S5395000,MEM MARTINS,1111S5395000,substation,E-REDES,DIRECT_EREDES,26.74591354644489
BUS:JUNCTION:60:02304,60,-9.259682293441939,38.810228027134805,,,,line_endpoint_cluster,derived,ENDPOINT_CLUSTER_DERIVED,
BUS:JUNCTION:60:02305,60,-9.320068292381183,38.74468480099248,,,,line_endpoint_cluster,derived,ENDPOINT_CLUSTER_DERIVED,
BUS:JUNCTION:60:02306,60,-9.288790765102677,38.760617003046974,,,,line_endpoint_cluster,derived,ENDPOINT_CLUSTER_DERIVED,
BUS:JUNCTION:60:02307,60,-9.24521192259388,38.77054054991104,,,,line_endpoint_cluster,derived,ENDPOINT_CLUSTER_DERIVED,
BUS:JUNCTION:60:02308,60,-9.244382182311234,38.784940951572935,,,,line_endpoint_cluster,derived,ENDPOINT_CLUSTER_DERIVED,
BUS:JUNCTION:60:02309,60,-8.608938816562478,37.272532802426404,,,,line_endpoint_cluster,derived,ENDPOINT_CLUSTER_DERIVED,
BUS:JUNCTION:60:02310,60,-8.597957673967992,37.19147824113382,,,,line_endpoint_cluster,derived,ENDPOINT_CLUSTER_DERIVED,
BUS:JUNCTION:60:02311,60,-8.609815680685145,37.27404304320459,,,,line_endpoint_cluster,derived,ENDPOINT_CLUSTER_DERIVED,
BUS:JUNCTION:60:02312,60,-9.110985477357874,38.80617303516648,,,,line_endpoint_cluster,derived,ENDPOINT_CLUSTER_DERIVED,
BUS:JUNCTION:60:02313,60,-9.100710628580453,38.819216172109506,,,,line_endpoint_cluster,derived,ENDPOINT_CLUSTER_DERIVED,
BUS:JUNCTION:60:02314,60,-8.560926781787789,40.77750751362171,,,,line_endpoint_cluster,derived,ENDPOINT_CLUSTER_DERIVED,
BUS:EREDES:0801S5900800:60,60,-8.22268082021932,37.1113466403544,EREDES:0801S5900800,MONTECHORO,0801S5900800,substation,E-REDES,DIRECT_EREDES,39.778368841953146
BUS:JUNCTION:60:02316,60,-8.704358784252273,41.327606052917616,,,,line_endpoint_cluster,derived,ENDPOINT_CLUSTER_DERIVED,
BUS:JUNCTION:60:02317,60,-8.727326556385346,41.35101791621631,,,,line_endpoint_cluster,derived,ENDPOINT_CLUSTER_DERIVED,
BUS:JUNCTION:60:02318,60,-8.72585893345243,41.34769665873108,,,,line_endpoint_cluster,derived,ENDPOINT_CLUSTER_DERIVED,
BUS:JUNCTION:60:02319,60,-8.853700238331676,38.56127542322199,,,,line_endpoint_cluster,derived,ENDPOINT_CLUSTER_DERIVED,
BUS:JUNCTION:60:02320,60,-8.899957860508453,38.5977151641109,,,,line_endpoint_cluster,derived,ENDPOINT_CLUSTER_DERIVED,
BUS:JUNCTION:60:02321,60,-7.791250486997121,40.20450459276552,,,,line_endpoint_cluster,derived,ENDPOINT_CLUSTER_DERIVED,
BUS:JUNCTION:60:02322,60,-7.791530490859094,40.20879708886459,,,,line_endpoint_cluster,derived,ENDPOINT_CLUSTER_DERIVED,
BUS:JUNCTION:60:02323,60,-8.016636660061263,37.35662105294115,,,,line_endpoint_cluster,derived,ENDPOINT_CLUSTER_DERIVED,
BUS:JUNCTION:60:02324,60,-8.09316463373457,37.37183760135916,,,,line_endpoint_cluster,derived,ENDPOINT_CLUSTER_DERIVED,
BUS:JUNCTION:60:02325,60,-7.479932919376747,37.18640865821529,,,,line_endpoint_cluster,derived,ENDPOINT_CLUSTER_DERIVED,
BUS:JUNCTION:60:02326,60,-7.48177651762263,37.186572831798905,,,,line_endpoint_cluster,derived,ENDPOINT_CLUSTER_DERIVED,
BUS:JUNCTION:60:02327,60,-7.504722383352163,37.27130012074662,,,,line_endpoint_cluster,derived,ENDPOINT_CLUSTER_DERIVED,
BUS:JUNCTION:60:02328,60,-7.504255098844747,37.27343578691171,,,,line_endpoint_cluster,derived,ENDPOINT_CLUSTER_DERIVED,
BUS:JUNCTION:60:02329,60,-7.503662448983446,37.27244382893759,,,,line_endpoint_cluster,derived,ENDPOINT_CLUSTER_DERIVED,
BUS:JUNCTION:60:02330,60,-7.505203389896934,37.2737561828147,,,,line_endpoint_cluster,derived,ENDPOINT_CLUSTER_DERIVED,
BUS:JUNCTION:60:02331,60,-8.139567110323947,39.282945799427125,,,,line_endpoint_cluster,derived,ENDPOINT_CLUSTER_DERIVED,
BUS:JUNCTION:60:02332,60,-8.19357869340824,39.400843230456665,,,,line_endpoint_cluster,derived,ENDPOINT_CLUSTER_DERIVED,
BUS:JUNCTION:60:02333,60,-7.779487108188948,40.610521743213994,,,,line_endpoint_cluster,derived,ENDPOINT_CLUSTER_DERIVED,
BUS:JUNCTION:60:02334,60,-7.880656651021201,38.56265422900763,,,,line_endpoint_cluster,derived,ENDPOINT_CLUSTER_DERIVED,
BUS:EREDES:1501S5053800:60,60,-8.51219026920227,38.3841695399754,EREDES:1501S5053800,ALCÁCER DO SAL,1501S5053800,substation,E-REDES,DIRECT_EREDES,27.529141280513155
BUS:JUNCTION:60:02336,60,-8.429380229019419,37.131268044945784,,,,line_endpoint_cluster,derived,ENDPOINT_CLUSTER_DERIVED,
BUS:JUNCTION:60:02337,60,-8.689902764291151,41.20818766001127,,,,line_endpoint_cluster,derived,ENDPOINT_CLUSTER_DERIVED,
BUS:JUNCTION:60:02338,60,-8.647593795648563,41.20097969498641,,,,line_endpoint_cluster,derived,ENDPOINT_CLUSTER_DERIVED,
BUS:JUNCTION:60:02339,60,-8.65806094254333,41.20300253231602,,,,line_endpoint_cluster,derived,ENDPOINT_CLUSTER_DERIVED,
BUS:JUNCTION:60:02340,60,-8.67110037464392,41.20855647143613,,,,line_endpoint_cluster,derived,ENDPOINT_CLUSTER_DERIVED,
BUS:JUNCTION:60:02341,60,-8.666042356610607,41.204124197957725,,,,line_endpoint_cluster,derived,ENDPOINT_CLUSTER_DERIVED,
BUS:JUNCTION:60:02342,60,-8.667380331096808,41.2057027010085,,,,line_endpoint_cluster,derived,ENDPOINT_CLUSTER_DERIVED,
BUS:JUNCTION:60:02343,60,-7.974735805241353,39.493643509437085,,,,line_endpoint_cluster,derived,ENDPOINT_CLUSTER_DERIVED,
BUS:JUNCTION:60:02344,60,-7.976890023896344,39.49277273097542,,,,line_endpoint_cluster,derived,ENDPOINT_CLUSTER_DERIVED,
BUS:JUNCTION:60:02345,60,-8.687983852288898,40.411703875472604,,,,line_endpoint_cluster,derived,ENDPOINT_CLUSTER_DERIVED,
BUS:JUNCTION:60:02346,60,-8.485377644637548,40.451182186857096,,,,line_endpoint_cluster,derived,ENDPOINT_CLUSTER_DERIVED,
BUS:JUNCTION:60:02347,60,-8.521426949109626,41.589832666299905,,,,line_endpoint_cluster,derived,ENDPOINT_CLUSTER_DERIVED,
BUS:JUNCTION:60:02348,60,-8.535103040814892,41.585161781195254,,,,line_endpoint_cluster,derived,ENDPOINT_CLUSTER_DERIVED,
BUS:JUNCTION:60:02349,60,-8.641629047830001,41.16012300052391,,,,line_endpoint_cluster,derived,ENDPOINT_CLUSTER_DERIVED,
BUS:JUNCTION:60:02350,60,-8.57815645040507,41.1724631967936,,,,line_endpoint_cluster,derived,ENDPOINT_CLUSTER_DERIVED,
BUS:JUNCTION:60:02351,60,-8.262975980772284,41.093057581986095,,,,line_endpoint_cluster,derived,ENDPOINT_CLUSTER_DERIVED,
BUS:JUNCTION:60:02352,60,-8.26175112371079,41.09235716819813,,,,line_endpoint_cluster,derived,ENDPOINT_CLUSTER_DERIVED,
BUS:JUNCTION:60:02353,60,-8.25962142599723,41.08723275742381,,,,line_endpoint_cluster,derived,ENDPOINT_CLUSTER_DERIVED,
BUS:JUNCTION:60:02354,60,-8.247191295643653,41.069101279200446,,,,line_endpoint_cluster,derived,ENDPOINT_CLUSTER_DERIVED,
BUS:EREDES:1307S5007700:60,60,-8.13634191532224,41.1834557118083,EREDES:1307S5007700,MARCO DE CANAVESES,1307S5007700,substation,E-REDES,DIRECT_EREDES,3.7714683982281145
BUS:JUNCTION:60:02356,60,-9.048606915488994,38.8908789392088,,,,line_endpoint_cluster,derived,ENDPOINT_CLUSTER_DERIVED,
BUS:JUNCTION:60:02357,60,-9.305238981459741,38.70430336856055,,,,line_endpoint_cluster,derived,ENDPOINT_CLUSTER_DERIVED,
BUS:JUNCTION:60:02358,60,-8.677126407608206,39.24554125389001,,,,line_endpoint_cluster,derived,ENDPOINT_CLUSTER_DERIVED,
BUS:JUNCTION:60:02359,60,-8.580833707561052,39.585324682234926,,,,line_endpoint_cluster,derived,ENDPOINT_CLUSTER_DERIVED,
BUS:EREDES:1010S5011000:60,60,-8.92725704733284,39.7215311160872,EREDES:1010S5011000,CASAL DA LEBRE,1010S5011000,substation,E-REDES,DIRECT_EREDES,11.485494728117914
BUS:JUNCTION:60:02361,60,-8.912889220432172,39.72132756553939,,,,line_endpoint_cluster,derived,ENDPOINT_CLUSTER_DERIVED,
BUS:JUNCTION:60:02362,60,-9.114718412183043,38.57107893245935,,,,line_endpoint_cluster,derived,ENDPOINT_CLUSTER_DERIVED,
BUS:JUNCTION:60:02363,60,-9.113950391681737,38.570547906490376,,,,line_endpoint_cluster,derived,ENDPOINT_CLUSTER_DERIVED,
BUS:JUNCTION:60:02364,60,-9.110101630596633,38.568471801569416,,,,line_endpoint_cluster,derived,ENDPOINT_CLUSTER_DERIVED,
BUS:JUNCTION:60:02365,60,-9.109180937096934,38.568075834994374,,,,line_endpoint_cluster,derived,ENDPOINT_CLUSTER_DERIVED,
BUS:JUNCTION:60:02366,60,-9.103905459154685,38.56700078023794,,,,line_endpoint_cluster,derived,ENDPOINT_CLUSTER_DERIVED,
BUS:JUNCTION:60:02367,60,-9.102848987013784,38.566191934285044,,,,line_endpoint_cluster,derived,ENDPOINT_CLUSTER_DERIVED,
BUS:JUNCTION:60:02368,60,-9.100962238030494,38.56503069800157,,,,line_endpoint_cluster,derived,ENDPOINT_CLUSTER_DERIVED,
BUS:JUNCTION:60:02369,60,-9.10086396857638,38.56149420021447,,,,line_endpoint_cluster,derived,ENDPOINT_CLUSTER_DERIVED,
BUS:JUNCTION:60:02370,60,-9.228176608124931,38.657247769848475,,,,line_endpoint_cluster,derived,ENDPOINT_CLUSTER_DERIVED,
BUS:EREDES:1503S5022800:60,60,-9.22469151597253,38.6559363845331,EREDES:1503S5022800,COSTA DA CAPARICA,1503S5022800,substation,E-REDES,DIRECT_EREDES,16.85307203670741
BUS:JUNCTION:60:02372,60,-9.20403526721369,38.65717996581826,,,,line_endpoint_cluster,derived,ENDPOINT_CLUSTER_DERIVED,
BUS:JUNCTION:60:02373,60,-8.845767549891153,39.6647658079262,,,,line_endpoint_cluster,derived,ENDPOINT_CLUSTER_DERIVED,
BUS:JUNCTION:60:02374,60,-8.848186768127512,39.66639846863694,,,,line_endpoint_cluster,derived,ENDPOINT_CLUSTER_DERIVED,
BUS:JUNCTION:60:02375,60,-9.259528823656401,39.32189889483826,,,,line_endpoint_cluster,derived,ENDPOINT_CLUSTER_DERIVED,
BUS:JUNCTION:60:02376,60,-9.23536291708499,39.31315622027648,,,,line_endpoint_cluster,derived,ENDPOINT_CLUSTER_DERIVED,
BUS:JUNCTION:60:02377,60,-8.479201912227325,40.5890387915814,,,,line_endpoint_cluster,derived,ENDPOINT_CLUSTER_DERIVED,
BUS:JUNCTION:60:02378,60,-8.40153396532397,40.52602321494164,,,,line_endpoint_cluster,derived,ENDPOINT_CLUSTER_DERIVED,
BUS:JUNCTION:60:02379,60,-8.622229641071558,40.5743325406832,,,,line_endpoint_cluster,derived,ENDPOINT_CLUSTER_DERIVED,
BUS:JUNCTION:60:02380,60,-8.338924079978844,39.47180784016352,,,,line_endpoint_cluster,derived,ENDPOINT_CLUSTER_DERIVED,
BUS:JUNCTION:60:02381,60,-8.333003236936245,39.47072440133445,,,,line_endpoint_cluster,derived,ENDPOINT_CLUSTER_DERIVED,
BUS:JUNCTION:60:02382,60,-8.093647494450625,39.19297194354903,,,,line_endpoint_cluster,derived,ENDPOINT_CLUSTER_DERIVED,
BUS:JUNCTION:60:02383,60,-9.26065545471246,39.321643504244356,,,,line_endpoint_cluster,derived,ENDPOINT_CLUSTER_DERIVED,
BUS:JUNCTION:60:02384,60,-9.225266729814585,39.30846147201499,,,,line_endpoint_cluster,derived,ENDPOINT_CLUSTER_DERIVED,
BUS:JUNCTION:60:02385,60,-8.949400725623725,38.724771996300554,,,,line_endpoint_cluster,derived,ENDPOINT_CLUSTER_DERIVED,
BUS:JUNCTION:60:02386,60,-8.96264921394697,38.72607256021979,,,,line_endpoint_cluster,derived,ENDPOINT_CLUSTER_DERIVED,
BUS:JUNCTION:60:02387,60,-8.966178593445376,38.726419033356635,,,,line_endpoint_cluster,derived,ENDPOINT_CLUSTER_DERIVED,
BUS:JUNCTION:60:02389,60,-7.66858966203737,39.66075056776727,,,,line_endpoint_cluster,derived,ENDPOINT_CLUSTER_DERIVED,
BUS:JUNCTION:60:02390,60,-8.116372048585934,41.072256486688694,,,,line_endpoint_cluster,derived,ENDPOINT_CLUSTER_DERIVED,
BUS:JUNCTION:60:02391,60,-8.1286638304322,41.08332911161781,,,,line_endpoint_cluster,derived,ENDPOINT_CLUSTER_DERIVED,
BUS:JUNCTION:60:02392,60,-8.826195854807585,38.91149610974127,,,,line_endpoint_cluster,derived,ENDPOINT_CLUSTER_DERIVED,
BUS:JUNCTION:60:02393,60,-9.184167050321248,38.781375035199616,,,,line_endpoint_cluster,derived,ENDPOINT_CLUSTER_DERIVED,
BUS:EREDES:1116S5903800:60,60,-9.21407372833929,38.8050685410114,EREDES:1116S5903800,CANEÇAS,1116S5903800,substation,E-REDES,DIRECT_EREDES,170.65760799236782
BUS:JUNCTION:60:02395,60,-8.966351724827572,39.01969534883065,,,,line_endpoint_cluster,derived,ENDPOINT_CLUSTER_DERIVED,
BUS:JUNCTION:60:02396,60,-8.980079227490522,39.018321533444244,,,,line_endpoint_cluster,derived,ENDPOINT_CLUSTER_DERIVED,
BUS:JUNCTION:60:02397,60,-9.15508886191874,39.09470048115494,,,,line_endpoint_cluster,derived,ENDPOINT_CLUSTER_DERIVED,
BUS:JUNCTION:60:02398,60,-8.95963807761222,38.99967547593293,,,,line_endpoint_cluster,derived,ENDPOINT_CLUSTER_DERIVED,
BUS:JUNCTION:60:02399,60,-9.173517390827074,38.77709779521028,,,,line_endpoint_cluster,derived,ENDPOINT_CLUSTER_DERIVED,
BUS:JUNCTION:60:02400,60,-9.21523652348517,38.749829082985045,,,,line_endpoint_cluster,derived,ENDPOINT_CLUSTER_DERIVED,
BUS:EREDES:1115S5191000:60,60,-9.21507070373578,38.7527028239781,EREDES:1115S5191000,VENDA NOVA (Amadora),1115S5191000,substation,E-REDES,DIRECT_EREDES,9.533715654746434
BUS:JUNCTION:60:02402,60,-9.153361715353524,38.93691481852752,,,,line_endpoint_cluster,derived,ENDPOINT_CLUSTER_DERIVED,
BUS:JUNCTION:60:02403,60,-9.235598192947435,38.86141966745006,,,,line_endpoint_cluster,derived,ENDPOINT_CLUSTER_DERIVED,
BUS:JUNCTION:60:02404,60,-8.500254265062905,40.25646389020815,,,,line_endpoint_cluster,derived,ENDPOINT_CLUSTER_DERIVED,
BUS:JUNCTION:60:02405,60,-8.499822389144967,40.258657283928926,,,,line_endpoint_cluster,derived,ENDPOINT_CLUSTER_DERIVED,
BUS:JUNCTION:60:02406,60,-8.501048318411112,40.26065700350672,,,,line_endpoint_cluster,derived,ENDPOINT_CLUSTER_DERIVED,
BUS:JUNCTION:60:02407,60,-8.505032681696763,40.26488110669337,,,,line_endpoint_cluster,derived,ENDPOINT_CLUSTER_DERIVED,
BUS:EREDES:0603S5005300:60,60,-8.40058055013199,40.1933056641091,EREDES:0603S5005300,ALTO DE SÃO JOÃO,0603S5005300,substation,E-REDES,DIRECT_EREDES,193.6684686790308
BUS:JUNCTION:60:02409,60,-8.39586054387425,40.19352326850419,,,,line_endpoint_cluster,derived,ENDPOINT_CLUSTER_DERIVED,
BUS:JUNCTION:60:02410,60,-8.500790484183295,40.162319340794184,,,,line_endpoint_cluster,derived,ENDPOINT_CLUSTER_DERIVED,
BUS:JUNCTION:60:02411,60,-8.061312293817856,39.486036394020665,,,,line_endpoint_cluster,derived,ENDPOINT_CLUSTER_DERIVED,
BUS:JUNCTION:60:02412,60,-7.969058696588161,40.90900184946012,,,,line_endpoint_cluster,derived,ENDPOINT_CLUSTER_DERIVED,
BUS:JUNCTION:60:02413,60,-9.307206768574996,38.7128229077543,,,,line_endpoint_cluster,derived,ENDPOINT_CLUSTER_DERIVED,
BUS:JUNCTION:60:02414,60,-9.306942392423878,38.70747130059483,,,,line_endpoint_cluster,derived,ENDPOINT_CLUSTER_DERIVED,
BUS:JUNCTION:60:02415,60,-9.306733057411261,38.72645841360019,,,,line_endpoint_cluster,derived,ENDPOINT_CLUSTER_DERIVED,
BUS:JUNCTION:60:02416,60,-9.336193494838025,39.02838588484794,,,,line_endpoint_cluster,derived,ENDPOINT_CLUSTER_DERIVED,
BUS:JUNCTION:60:02417,60,-9.330588947160706,39.04157866506754,,,,line_endpoint_cluster,derived,ENDPOINT_CLUSTER_DERIVED,
BUS:JUNCTION:60:02418,60,-8.370447327098107,39.63347468004544,,,,line_endpoint_cluster,derived,ENDPOINT_CLUSTER_DERIVED,
BUS:JUNCTION:60:02419,60,-8.572631927946063,40.79043602700725,,,,line_endpoint_cluster,derived,ENDPOINT_CLUSTER_DERIVED,
BUS:JUNCTION:60:02420,60,-7.629491890315869,38.10868430651944,,,,line_endpoint_cluster,derived,ENDPOINT_CLUSTER_DERIVED,
BUS:JUNCTION:60:02421,60,-8.584247347004435,40.92394760568813,,,,line_endpoint_cluster,derived,ENDPOINT_CLUSTER_DERIVED,
BUS:JUNCTION:60:02422,60,-7.727886900492305,41.21274758198222,,,,line_endpoint_cluster,derived,ENDPOINT_CLUSTER_DERIVED,
BUS:JUNCTION:60:02423,60,-9.05892228110844,38.59538779087498,,,,line_endpoint_cluster,derived,ENDPOINT_CLUSTER_DERIVED,
BUS:JUNCTION:60:02424,60,-9.048827485892119,38.58643847341426,,,,line_endpoint_cluster,derived,ENDPOINT_CLUSTER_DERIVED,
BUS:JUNCTION:60:02425,60,-8.53702254656451,37.17819509175383,,,,line_endpoint_cluster,derived,ENDPOINT_CLUSTER_DERIVED,
BUS:JUNCTION:60:02426,60,-8.075484139259737,39.198371676465406,,,,line_endpoint_cluster,derived,ENDPOINT_CLUSTER_DERIVED,
BUS:JUNCTION:60:02427,60,-8.059081759768564,39.20167798124132,,,,line_endpoint_cluster,derived,ENDPOINT_CLUSTER_DERIVED,
BUS:JUNCTION:60:02428,60,-9.226110224833981,38.66489162829444,,,,line_endpoint_cluster,derived,ENDPOINT_CLUSTER_DERIVED,
BUS:JUNCTION:60:02429,60,-8.783462485654468,37.32738888226721,,,,line_endpoint_cluster,derived,ENDPOINT_CLUSTER_DERIVED,
BUS:JUNCTION:60:02430,60,-8.750448720824153,37.43230403683977,,,,line_endpoint_cluster,derived,ENDPOINT_CLUSTER_DERIVED,
BUS:JUNCTION:60:02431,60,-7.966751912403007,37.35693819373236,,,,line_endpoint_cluster,derived,ENDPOINT_CLUSTER_DERIVED,
BUS:JUNCTION:60:02432,60,-7.967211170668478,37.360575264740035,,,,line_endpoint_cluster,derived,ENDPOINT_CLUSTER_DERIVED,
BUS:JUNCTION:60:02433,60,-9.402713768501808,38.72882792977694,,,,line_endpoint_cluster,derived,ENDPOINT_CLUSTER_DERIVED,
BUS:JUNCTION:60:02434,60,-8.47691530664041,40.466853596617064,,,,line_endpoint_cluster,derived,ENDPOINT_CLUSTER_DERIVED,
BUS:JUNCTION:60:02435,60,-8.487934606032688,40.45183078008799,,,,line_endpoint_cluster,derived,ENDPOINT_CLUSTER_DERIVED,
BUS:JUNCTION:60:02436,60,-7.445439945048769,38.12556894234623,,,,line_endpoint_cluster,derived,ENDPOINT_CLUSTER_DERIVED,
BUS:JUNCTION:60:02437,60,-8.459428022267305,40.764423142139286,,,,line_endpoint_cluster,derived,ENDPOINT_CLUSTER_DERIVED,
BUS:JUNCTION:60:02438,60,-8.463821351673053,39.470590745133215,,,,line_endpoint_cluster,derived,ENDPOINT_CLUSTER_DERIVED,
BUS:JUNCTION:60:02439,60,-7.851829690632072,40.99744988399778,,,,line_endpoint_cluster,derived,ENDPOINT_CLUSTER_DERIVED,
BUS:JUNCTION:60:02440,60,-8.662579625363678,37.19655539530975,,,,line_endpoint_cluster,derived,ENDPOINT_CLUSTER_DERIVED,
BUS:JUNCTION:60:02441,60,-7.547501233211615,38.194142152135655,,,,line_endpoint_cluster,derived,ENDPOINT_CLUSTER_DERIVED,
BUS:JUNCTION:60:02442,60,-8.391320066081141,38.002264933155246,,,,line_endpoint_cluster,derived,ENDPOINT_CLUSTER_DERIVED,
BUS:JUNCTION:60:02443,60,-8.5741371401878,40.155211385463076,,,,line_endpoint_cluster,derived,ENDPOINT_CLUSTER_DERIVED,
BUS:JUNCTION:60:02444,60,-8.576295836485173,40.1550042721492,,,,line_endpoint_cluster,derived,ENDPOINT_CLUSTER_DERIVED,
BUS:JUNCTION:60:02445,60,-8.584050453025197,40.154258080425606,,,,line_endpoint_cluster,derived,ENDPOINT_CLUSTER_DERIVED,
BUS:JUNCTION:60:02446,60,-8.63807606437123,40.14913981145384,,,,line_endpoint_cluster,derived,ENDPOINT_CLUSTER_DERIVED,
BUS:EREDES:1015P5022400:60,60,-8.57274567388133,39.9151519433709,EREDES:1015P5022400,SICÓ,1015P5022400,switching_station,E-REDES,DIRECT_EREDES,5.513792710538572
BUS:JUNCTION:60:02449,60,-8.589848208491379,39.922090395417094,,,,line_endpoint_cluster,derived,ENDPOINT_CLUSTER_DERIVED,
BUS:JUNCTION:60:02450,60,-8.60015203238801,39.92313742769384,,,,line_endpoint_cluster,derived,ENDPOINT_CLUSTER_DERIVED,
BUS:JUNCTION:60:02451,60,-7.62400782600449,40.25450465459115,,,,line_endpoint_cluster,derived,ENDPOINT_CLUSTER_DERIVED,
BUS:JUNCTION:60:02454,60,-8.497774875413898,41.25006223673899,,,,line_endpoint_cluster,derived,ENDPOINT_CLUSTER_DERIVED,
BUS:JUNCTION:60:02455,60,-8.499409122128293,41.244562281722146,,,,line_endpoint_cluster,derived,ENDPOINT_CLUSTER_DERIVED,
BUS:JUNCTION:60:02456,60,-8.800930498301039,40.42760550754785,,,,line_endpoint_cluster,derived,ENDPOINT_CLUSTER_DERIVED,
BUS:JUNCTION:60:02457,60,-7.550486730961822,39.378074403792596,,,,line_endpoint_cluster,derived,ENDPOINT_CLUSTER_DERIVED,
BUS:EREDES:0405S5002200:60,60,-6.96732990695951,41.5375093342728,EREDES:0405S5002200,MACEDO DE CAVALEIROS,0405S5002200,substation,E-REDES,DIRECT_EREDES,19.757312896042055
BUS:JUNCTION:60:02459,60,-7.722353047916807,41.080427633707274,,,,line_endpoint_cluster,derived,ENDPOINT_CLUSTER_DERIVED,
BUS:JUNCTION:60:02460,60,-7.715263263412529,41.06047121125377,,,,line_endpoint_cluster,derived,ENDPOINT_CLUSTER_DERIVED,
BUS:JUNCTION:60:02461,60,-7.698017855405877,41.03674353697631,,,,line_endpoint_cluster,derived,ENDPOINT_CLUSTER_DERIVED,
BUS:JUNCTION:60:02462,60,-7.675432760217406,41.00647144506813,,,,line_endpoint_cluster,derived,ENDPOINT_CLUSTER_DERIVED,
BUS:EREDES:1109S5430000:60,60,-9.29747757718589,38.9052957353604,EREDES:1109S5430000,MAFRA,1109S5430000,substation,E-REDES,DIRECT_EREDES,21.581813882752293
BUS:EREDES:1109S5727400:60,60,-9.34682985898176,38.980831247343,EREDES:1109S5727400,TELHEIRO,1109S5727400,substation,E-REDES,DIRECT_EREDES,25.95891607386073
BUS:JUNCTION:60:02465,60,-7.417748254755259,38.8680717208151,,,,line_endpoint_cluster,derived,ENDPOINT_CLUSTER_DERIVED,
BUS:JUNCTION:60:02466,60,-7.986306177365595,40.84427152304627,,,,line_endpoint_cluster,derived,ENDPOINT_CLUSTER_DERIVED,
BUS:JUNCTION:60:02467,60,-8.697636250147497,40.45518136738475,,,,line_endpoint_cluster,derived,ENDPOINT_CLUSTER_DERIVED,
BUS:JUNCTION:60:02468,60,-9.24503457443518,38.77843605273491,,,,line_endpoint_cluster,derived,ENDPOINT_CLUSTER_DERIVED,
BUS:JUNCTION:60:02469,60,-9.241745285089223,38.78100273937685,,,,line_endpoint_cluster,derived,ENDPOINT_CLUSTER_DERIVED,
BUS:JUNCTION:60:02472,60,-9.17530025734346,38.740629848530865,,,,line_endpoint_cluster,derived,ENDPOINT_CLUSTER_DERIVED,
BUS:JUNCTION:60:02473,60,-9.15678238237464,38.775647432256925,,,,line_endpoint_cluster,derived,ENDPOINT_CLUSTER_DERIVED,
BUS:EREDES:1106S5815000:60,60,-9.15351290389785,38.7782321851854,EREDES:1106S5815000,ALTO DO LUMIAR,1106S5815000,substation,E-REDES,DIRECT_EREDES,10.939129038292505
BUS:JUNCTION:60:02475,60,-8.027408794190812,41.685373835899206,,,,line_endpoint_cluster,derived,ENDPOINT_CLUSTER_DERIVED,
BUS:EREDES:0609S5004700:60,60,-8.31774311482509,40.0953021637976,EREDES:0609S5004700,MIRANDA DO CORVO,0609S5004700,substation,E-REDES,DIRECT_EREDES,38.47167124140999
BUS:JUNCTION:60:02477,60,-7.561405460106627,38.845792128686455,,,,line_endpoint_cluster,derived,ENDPOINT_CLUSTER_DERIVED,
BUS:JUNCTION:60:02478,60,-7.599400538662854,38.853320532765636,,,,line_endpoint_cluster,derived,ENDPOINT_CLUSTER_DERIVED,
BUS:JUNCTION:60:02479,60,-7.619084344074892,38.83735876457762,,,,line_endpoint_cluster,derived,ENDPOINT_CLUSTER_DERIVED,
BUS:JUNCTION:60:02480,60,-8.847901752432383,38.545800215333955,,,,line_endpoint_cluster,derived,ENDPOINT_CLUSTER_DERIVED,
BUS:JUNCTION:60:02481,60,-8.846975715687224,38.54523589989201,,,,line_endpoint_cluster,derived,ENDPOINT_CLUSTER_DERIVED,
BUS:JUNCTION:60:02482,60,-8.866093803162634,38.534749602144224,,,,line_endpoint_cluster,derived,ENDPOINT_CLUSTER_DERIVED,
BUS:JUNCTION:60:02483,60,-8.86531526466816,38.531729477298065,,,,line_endpoint_cluster,derived,ENDPOINT_CLUSTER_DERIVED,
BUS:JUNCTION:60:02484,60,-7.676652459562855,40.41078615240605,,,,line_endpoint_cluster,derived,ENDPOINT_CLUSTER_DERIVED,
BUS:JUNCTION:60:02485,60,-8.01349333404019,40.33324855490218,,,,line_endpoint_cluster,derived,ENDPOINT_CLUSTER_DERIVED,
BUS:JUNCTION:60:02486,60,-8.453242580706723,40.16681849678857,,,,line_endpoint_cluster,derived,ENDPOINT_CLUSTER_DERIVED,
BUS:JUNCTION:60:02487,60,-8.465024327274389,40.165711804011224,,,,line_endpoint_cluster,derived,ENDPOINT_CLUSTER_DERIVED,
BUS:JUNCTION:60:02489,60,-8.449406726759577,40.17155680475807,,,,line_endpoint_cluster,derived,ENDPOINT_CLUSTER_DERIVED,
BUS:JUNCTION:60:02490,60,-9.197010415315091,39.07658821405531,,,,line_endpoint_cluster,derived,ENDPOINT_CLUSTER_DERIVED,
BUS:JUNCTION:60:02491,60,-8.88251310594893,39.73426805391034,,,,line_endpoint_cluster,derived,ENDPOINT_CLUSTER_DERIVED,
BUS:JUNCTION:60:02492,60,-8.902604049823061,39.68518791968899,,,,line_endpoint_cluster,derived,ENDPOINT_CLUSTER_DERIVED,
BUS:JUNCTION:60:02493,60,-7.576941144510467,40.94887979128445,,,,line_endpoint_cluster,derived,ENDPOINT_CLUSTER_DERIVED,
BUS:JUNCTION:60:02494,60,-7.692115676836226,38.10294924720923,,,,line_endpoint_cluster,derived,ENDPOINT_CLUSTER_DERIVED,
BUS:JUNCTION:60:02495,60,-8.609707640666768,41.185353181269186,,,,line_endpoint_cluster,derived,ENDPOINT_CLUSTER_DERIVED,
BUS:JUNCTION:60:02496,60,-9.04170743291423,38.58407666526078,,,,line_endpoint_cluster,derived,ENDPOINT_CLUSTER_DERIVED,
BUS:JUNCTION:60:02497,60,-9.0425631393797,38.583523846912236,,,,line_endpoint_cluster,derived,ENDPOINT_CLUSTER_DERIVED,
BUS:JUNCTION:60:02498,60,-9.01956517753186,38.60072317522166,,,,line_endpoint_cluster,derived,ENDPOINT_CLUSTER_DERIVED,
BUS:JUNCTION:60:02499,60,-8.692034858209407,39.62064555263617,,,,line_endpoint_cluster,derived,ENDPOINT_CLUSTER_DERIVED,
BUS:JUNCTION:60:02500,60,-9.222322910441852,38.71941618087911,,,,line_endpoint_cluster,derived,ENDPOINT_CLUSTER_DERIVED,
BUS:JUNCTION:60:02501,60,-9.224321856541602,38.71356950450664,,,,line_endpoint_cluster,derived,ENDPOINT_CLUSTER_DERIVED,
BUS:EREDES:1110S5810700:60,60,-9.29422217174542,38.7320114203329,EREDES:1110S5810700,LEIÃO,1110S5810700,substation,E-REDES,DIRECT_EREDES,16.38479251738088
BUS:JUNCTION:60:02503,60,-8.82088039517249,41.70987792282363,,,,line_endpoint_cluster,derived,ENDPOINT_CLUSTER_DERIVED,
BUS:EREDES:0113S5011100:60,60,-8.43515982156,40.8937818311094,EREDES:0113S5011100,CARREGOSA,0113S5011100,substation,E-REDES,DIRECT_EREDES,6.391081348887813
BUS:JUNCTION:60:02505,60,-8.474754194833638,40.88863483184152,,,,line_endpoint_cluster,derived,ENDPOINT_CLUSTER_DERIVED,
BUS:EREDES:0801P5906200:60,60,-8.21041502163054,37.1488176105362,EREDES:0801P5906200,PADERNE,0801P5906200,switching_station,E-REDES,DIRECT_EREDES,16.814895185657644
BUS:JUNCTION:60:02509,60,-9.269657996945073,38.770554233023695,,,,line_endpoint_cluster,derived,ENDPOINT_CLUSTER_DERIVED,
BUS:JUNCTION:60:02510,60,-7.3106948575598,40.62104837469509,,,,line_endpoint_cluster,derived,ENDPOINT_CLUSTER_DERIVED,
BUS:JUNCTION:60:02511,60,-7.356331126399684,40.391775541700376,,,,line_endpoint_cluster,derived,ENDPOINT_CLUSTER_DERIVED,
BUS:JUNCTION:60:02512,60,-8.56118942672582,41.19623846420566,,,,line_endpoint_cluster,derived,ENDPOINT_CLUSTER_DERIVED,
BUS:JUNCTION:60:02513,60,-8.53511622368721,37.184160570698566,,,,line_endpoint_cluster,derived,ENDPOINT_CLUSTER_DERIVED,
BUS:JUNCTION:60:02514,60,-9.102390264003525,38.81430585088318,,,,line_endpoint_cluster,derived,ENDPOINT_CLUSTER_DERIVED,
BUS:JUNCTION:60:02516,60,-9.136764662979006,38.886248258548136,,,,line_endpoint_cluster,derived,ENDPOINT_CLUSTER_DERIVED,
BUS:JUNCTION:60:02517,60,-9.203830015434372,38.82052362651793,,,,line_endpoint_cluster,derived,ENDPOINT_CLUSTER_DERIVED,
BUS:JUNCTION:60:02518,60,-8.540391204137489,41.08713096968856,,,,line_endpoint_cluster,derived,ENDPOINT_CLUSTER_DERIVED,
BUS:JUNCTION:60:02519,60,-8.539358414774355,41.08445119474319,,,,line_endpoint_cluster,derived,ENDPOINT_CLUSTER_DERIVED,
BUS:JUNCTION:60:02520,60,-8.548004375115958,41.10676009566599,,,,line_endpoint_cluster,derived,ENDPOINT_CLUSTER_DERIVED,
BUS:EREDES:1317P5023200:60,60,-8.53079448189039,41.0861676111304,EREDES:1317P5023200,BARBOSA & ALMEIDA,1317P5023200,switching_station,E-REDES,DIRECT_EREDES,10.42939458177854
BUS:JUNCTION:60:02522,60,-7.455175050048714,40.80735734796799,,,,line_endpoint_cluster,derived,ENDPOINT_CLUSTER_DERIVED,
BUS:JUNCTION:60:02523,60,-8.486665542007868,40.53113218698058,,,,line_endpoint_cluster,derived,ENDPOINT_CLUSTER_DERIVED,
BUS:EREDES:1006S5005000:60,60,-9.1579814573201,39.4173613890955,EREDES:1006S5005000,SANTO ONOFRE,1006S5005000,substation,E-REDES,DIRECT_EREDES,52.53855513415882
BUS:JUNCTION:60:02525,60,-8.363733618794033,39.90829050615261,,,,line_endpoint_cluster,derived,ENDPOINT_CLUSTER_DERIVED,
BUS:JUNCTION:60:02526,60,-8.361202599571902,39.909017785733994,,,,line_endpoint_cluster,derived,ENDPOINT_CLUSTER_DERIVED,
BUS:JUNCTION:60:02527,60,-8.352557353830852,39.912605963112455,,,,line_endpoint_cluster,derived,ENDPOINT_CLUSTER_DERIVED,
BUS:JUNCTION:60:02528,60,-8.349771977006107,39.91376180779816,,,,line_endpoint_cluster,derived,ENDPOINT_CLUSTER_DERIVED,
BUS:JUNCTION:60:02529,60,-8.344402463502277,39.915567621882964,,,,line_endpoint_cluster,derived,ENDPOINT_CLUSTER_DERIVED,
BUS:JUNCTION:60:02530,60,-8.258977145744723,39.91845243858445,,,,line_endpoint_cluster,derived,ENDPOINT_CLUSTER_DERIVED,
BUS:JUNCTION:60:02531,60,-7.507095194107532,37.26885664573189,,,,line_endpoint_cluster,derived,ENDPOINT_CLUSTER_DERIVED,
BUS:JUNCTION:60:02532,60,-7.766461453161796,41.46961306299454,,,,line_endpoint_cluster,derived,ENDPOINT_CLUSTER_DERIVED,
BUS:JUNCTION:60:02533,60,-7.705073190031348,41.47466623116558,,,,line_endpoint_cluster,derived,ENDPOINT_CLUSTER_DERIVED,
BUS:JUNCTION:60:02534,60,-7.798757823542743,37.07341167425122,,,,line_endpoint_cluster,derived,ENDPOINT_CLUSTER_DERIVED,
BUS:JUNCTION:60:02536,60,-8.14478054648328,37.118390537938325,,,,line_endpoint_cluster,derived,ENDPOINT_CLUSTER_DERIVED,
BUS:JUNCTION:60:02537,60,-8.454774897890136,41.15531179921711,,,,line_endpoint_cluster,derived,ENDPOINT_CLUSTER_DERIVED,
BUS:JUNCTION:60:02538,60,-8.452073635956665,41.15848653521847,,,,line_endpoint_cluster,derived,ENDPOINT_CLUSTER_DERIVED,
BUS:JUNCTION:60:02539,60,-8.333306982511209,40.04515428896921,,,,line_endpoint_cluster,derived,ENDPOINT_CLUSTER_DERIVED,
BUS:JUNCTION:60:02540,60,-7.321930675602504,40.61876436018061,,,,line_endpoint_cluster,derived,ENDPOINT_CLUSTER_DERIVED,
BUS:JUNCTION:60:02541,60,-7.433141733397274,41.68438208904606,,,,line_endpoint_cluster,derived,ENDPOINT_CLUSTER_DERIVED,
BUS:JUNCTION:60:02542,60,-8.417217437231487,39.519785082101265,,,,line_endpoint_cluster,derived,ENDPOINT_CLUSTER_DERIVED,
BUS:JUNCTION:60:02543,60,-8.417887436489409,39.5191821980309,,,,line_endpoint_cluster,derived,ENDPOINT_CLUSTER_DERIVED,
BUS:JUNCTION:60:02544,60,-8.05440987365559,41.25300217922068,,,,line_endpoint_cluster,derived,ENDPOINT_CLUSTER_DERIVED,
BUS:JUNCTION:60:02545,60,-7.758605604764485,39.56572488328337,,,,line_endpoint_cluster,derived,ENDPOINT_CLUSTER_DERIVED,
BUS:JUNCTION:60:02546,60,-7.763998153147337,38.07758786753216,,,,line_endpoint_cluster,derived,ENDPOINT_CLUSTER_DERIVED,
BUS:JUNCTION:60:02549,60,-8.05322537749177,40.08526095502241,,,,line_endpoint_cluster,derived,ENDPOINT_CLUSTER_DERIVED,
BUS:JUNCTION:60:02550,60,-7.503984427937778,40.85680533330253,,,,line_endpoint_cluster,derived,ENDPOINT_CLUSTER_DERIVED,
BUS:JUNCTION:60:02551,60,-7.552047695269834,40.930877894198865,,,,line_endpoint_cluster,derived,ENDPOINT_CLUSTER_DERIVED,
BUS:JUNCTION:60:02552,60,-8.334963091897293,42.07629287891625,,,,line_endpoint_cluster,derived,ENDPOINT_CLUSTER_DERIVED,
BUS:EREDES:1603S5021700:60,60,-8.25117237283766,42.1103260089472,EREDES:1603S5021700,ROUSSAS,1603S5021700,substation,E-REDES,DIRECT_EREDES,35.24891213420638
BUS:EREDES:1013S5011300:60,60,-8.22209078520433,39.9117592178238,EREDES:1013S5011300,PEDROGÃO,1013S5011300,substation,E-REDES,DIRECT_EREDES,24.696256576312287
BUS:JUNCTION:60:02555,60,-7.570438725073616,37.20878747903134,,,,line_endpoint_cluster,derived,ENDPOINT_CLUSTER_DERIVED,
BUS:JUNCTION:60:02556,60,-7.534019609575361,37.25040667795553,,,,line_endpoint_cluster,derived,ENDPOINT_CLUSTER_DERIVED,
BUS:JUNCTION:60:02557,60,-8.664332368650843,41.95656171704569,,,,line_endpoint_cluster,derived,ENDPOINT_CLUSTER_DERIVED,
BUS:JUNCTION:60:02558,60,-8.108268354363993,38.022701669305135,,,,line_endpoint_cluster,derived,ENDPOINT_CLUSTER_DERIVED,
BUS:JUNCTION:60:02559,60,-8.128948431189706,38.05778021586447,,,,line_endpoint_cluster,derived,ENDPOINT_CLUSTER_DERIVED,
BUS:JUNCTION:60:02560,60,-8.109300079066399,38.018299383385866,,,,line_endpoint_cluster,derived,ENDPOINT_CLUSTER_DERIVED,
BUS:JUNCTION:60:02562,60,-8.659750979502903,39.89909944255552,,,,line_endpoint_cluster,derived,ENDPOINT_CLUSTER_DERIVED,
BUS:JUNCTION:60:02563,60,-8.264301303487496,37.14259420978436,,,,line_endpoint_cluster,derived,ENDPOINT_CLUSTER_DERIVED,
BUS:JUNCTION:60:02564,60,-7.805494895141755,39.27117415704962,,,,line_endpoint_cluster,derived,ENDPOINT_CLUSTER_DERIVED,
BUS:JUNCTION:60:02565,60,-8.513153394877923,38.93690674078194,,,,line_endpoint_cluster,derived,ENDPOINT_CLUSTER_DERIVED,
BUS:JUNCTION:60:02566,60,-8.509562180643632,38.93633447289696,,,,line_endpoint_cluster,derived,ENDPOINT_CLUSTER_DERIVED,
BUS:JUNCTION:60:02567,60,-9.07663600808221,38.85308820693181,,,,line_endpoint_cluster,derived,ENDPOINT_CLUSTER_DERIVED,
BUS:JUNCTION:60:02568,60,-8.395661889911974,40.16260286160295,,,,line_endpoint_cluster,derived,ENDPOINT_CLUSTER_DERIVED,
BUS:JUNCTION:60:02571,60,-9.21757540607885,38.75104535939483,,,,line_endpoint_cluster,derived,ENDPOINT_CLUSTER_DERIVED,
BUS:JUNCTION:60:02572,60,-9.219175261892296,38.753369590272946,,,,line_endpoint_cluster,derived,ENDPOINT_CLUSTER_DERIVED,
BUS:JUNCTION:60:02573,60,-9.261153266893022,39.32690913474002,,,,line_endpoint_cluster,derived,ENDPOINT_CLUSTER_DERIVED,
BUS:JUNCTION:60:02575,60,-7.189449006914832,40.52621741449829,,,,line_endpoint_cluster,derived,ENDPOINT_CLUSTER_DERIVED,
BUS:JUNCTION:60:02576,60,-7.18541335491777,40.52619272590113,,,,line_endpoint_cluster,derived,ENDPOINT_CLUSTER_DERIVED,
BUS:JUNCTION:60:02577,60,-7.366931101922654,40.54682017913735,,,,line_endpoint_cluster,derived,ENDPOINT_CLUSTER_DERIVED,
BUS:JUNCTION:60:02578,60,-7.304022187901491,40.49353032163041,,,,line_endpoint_cluster,derived,ENDPOINT_CLUSTER_DERIVED,
BUS:JUNCTION:60:02579,60,-8.1412352567174,39.48573419791667,,,,line_endpoint_cluster,derived,ENDPOINT_CLUSTER_DERIVED,
BUS:JUNCTION:60:02580,60,-8.418415033107312,41.54273690638476,,,,line_endpoint_cluster,derived,ENDPOINT_CLUSTER_DERIVED,
BUS:EREDES:0303S5000400:60,60,-8.4212842374996,41.5415317179847,EREDES:0303S5000400,BRAGA,0303S5000400,substation,E-REDES,DIRECT_EREDES,15.695812582081334
BUS:JUNCTION:60:02582,60,-7.581207757646344,37.202769064873365,,,,line_endpoint_cluster,derived,ENDPOINT_CLUSTER_DERIVED,
BUS:JUNCTION:60:02584,60,-7.766834835018415,37.344193007439756,,,,line_endpoint_cluster,derived,ENDPOINT_CLUSTER_DERIVED,
BUS:JUNCTION:60:02585,60,-7.570998546360264,37.19930602498151,,,,line_endpoint_cluster,derived,ENDPOINT_CLUSTER_DERIVED,
BUS:JUNCTION:60:02586,60,-8.09901035808801,37.0938360896296,,,,line_endpoint_cluster,derived,ENDPOINT_CLUSTER_DERIVED,
BUS:EREDES:0302S5022200:60,60,-8.61267500183666,41.5622992750814,EREDES:0302S5022200,LIJÓ,0302S5022200,substation,E-REDES,DIRECT_EREDES,22.031837162140086
BUS:EREDES:0409S5025200:60,60,-7.12319905626291,41.1373175004706,EREDES:0409S5025200,AÇOREIRA,0409S5025200,substation,E-REDES,DIRECT_EREDES,244.2175096504374
BUS:JUNCTION:60:02589,60,-8.8301088621548,39.73302699858595,,,,line_endpoint_cluster,derived,ENDPOINT_CLUSTER_DERIVED,
BUS:JUNCTION:60:02590,60,-8.88068734339251,39.67752250900584,,,,line_endpoint_cluster,derived,ENDPOINT_CLUSTER_DERIVED,
BUS:JUNCTION:60:02591,60,-7.878821213896388,40.66050967584516,,,,line_endpoint_cluster,derived,ENDPOINT_CLUSTER_DERIVED,
BUS:JUNCTION:60:02592,60,-8.837580727085918,40.130620196453194,,,,line_endpoint_cluster,derived,ENDPOINT_CLUSTER_DERIVED,
BUS:JUNCTION:60:02593,60,-8.841072341134307,40.140605147716805,,,,line_endpoint_cluster,derived,ENDPOINT_CLUSTER_DERIVED,
BUS:JUNCTION:60:02594,60,-8.838069797828496,40.12864736136347,,,,line_endpoint_cluster,derived,ENDPOINT_CLUSTER_DERIVED,
BUS:JUNCTION:60:02595,60,-8.615336819775447,39.190715042272075,,,,line_endpoint_cluster,derived,ENDPOINT_CLUSTER_DERIVED,
BUS:JUNCTION:60:02596,60,-8.595500187904191,39.205754956886395,,,,line_endpoint_cluster,derived,ENDPOINT_CLUSTER_DERIVED,
BUS:JUNCTION:60:02597,60,-8.618930447509358,39.19348259070607,,,,line_endpoint_cluster,derived,ENDPOINT_CLUSTER_DERIVED,
BUS:JUNCTION:60:02598,60,-8.510376144845612,40.9588246181158,,,,line_endpoint_cluster,derived,ENDPOINT_CLUSTER_DERIVED,
BUS:JUNCTION:60:02599,60,-8.695344763100636,41.29905230588777,,,,line_endpoint_cluster,derived,ENDPOINT_CLUSTER_DERIVED,
BUS:JUNCTION:60:02600,60,-7.888486880212258,38.97776387262703,,,,line_endpoint_cluster,derived,ENDPOINT_CLUSTER_DERIVED,
BUS:JUNCTION:60:02602,60,-8.301734489558198,41.22019134670671,,,,line_endpoint_cluster,derived,ENDPOINT_CLUSTER_DERIVED,
BUS:JUNCTION:60:02603,60,-8.30035368244203,41.22548530770143,,,,line_endpoint_cluster,derived,ENDPOINT_CLUSTER_DERIVED,
BUS:EREDES:1311S5023500:60,60,-8.30474173898073,41.2155747336377,EREDES:1311S5023500,SANTIAGO DE SUBARRIFANA,1311S5023500,substation,E-REDES,DIRECT_EREDES,30.22989102270739
BUS:JUNCTION:60:02606,60,-8.764005469107211,41.63803866030144,,,,line_endpoint_cluster,derived,ENDPOINT_CLUSTER_DERIVED,
BUS:JUNCTION:60:02607,60,-8.390347533982705,39.55579748008384,,,,line_endpoint_cluster,derived,ENDPOINT_CLUSTER_DERIVED,
BUS:JUNCTION:60:02608,60,-8.390832463237507,39.557182916999594,,,,line_endpoint_cluster,derived,ENDPOINT_CLUSTER_DERIVED,
BUS:JUNCTION:60:02609,60,-8.378127525470862,40.739258158581684,,,,line_endpoint_cluster,derived,ENDPOINT_CLUSTER_DERIVED,
BUS:EREDES:0117S5023700:60,60,-8.37579230546136,40.7417661451533,EREDES:0117S5023700,SEVER DO VOUGA,0117S5023700,substation,E-REDES,DIRECT_EREDES,16.05861564120434
BUS:JUNCTION:60:02611,60,-7.868733181768594,41.325989194835756,,,,line_endpoint_cluster,derived,ENDPOINT_CLUSTER_DERIVED,
BUS:JUNCTION:60:02612,60,-6.769901673586576,41.788902969298796,,,,line_endpoint_cluster,derived,ENDPOINT_CLUSTER_DERIVED,
BUS:JUNCTION:60:02613,60,-8.17160872008602,37.653375701578334,,,,line_endpoint_cluster,derived,ENDPOINT_CLUSTER_DERIVED,
BUS:JUNCTION:60:02614,60,-7.0261549427411065,38.92244378806361,,,,line_endpoint_cluster,derived,ENDPOINT_CLUSTER_DERIVED,
BUS:JUNCTION:60:02615,60,-8.442084388651875,41.35173548401799,,,,line_endpoint_cluster,derived,ENDPOINT_CLUSTER_DERIVED,
BUS:JUNCTION:60:02616,60,-8.437229065619256,41.358621453975836,,,,line_endpoint_cluster,derived,ENDPOINT_CLUSTER_DERIVED,
BUS:JUNCTION:60:02617,60,-8.417645429081462,41.3661871409146,,,,line_endpoint_cluster,derived,ENDPOINT_CLUSTER_DERIVED,
BUS:JUNCTION:60:02618,60,-8.430693065157207,41.384805785697,,,,line_endpoint_cluster,derived,ENDPOINT_CLUSTER_DERIVED,
BUS:JUNCTION:60:02619,60,-8.450262178668943,41.37441865760152,,,,line_endpoint_cluster,derived,ENDPOINT_CLUSTER_DERIVED,
BUS:JUNCTION:60:02620,60,-8.544250743155095,41.35276331130908,,,,line_endpoint_cluster,derived,ENDPOINT_CLUSTER_DERIVED,
BUS:JUNCTION:60:02622,60,-9.158760331306482,38.759239946186455,,,,line_endpoint_cluster,derived,ENDPOINT_CLUSTER_DERIVED,
BUS:JUNCTION:60:02623,60,-7.903071311984485,38.642287724134924,,,,line_endpoint_cluster,derived,ENDPOINT_CLUSTER_DERIVED,
BUS:JUNCTION:60:02624,60,-7.915974963621246,38.63322723020047,,,,line_endpoint_cluster,derived,ENDPOINT_CLUSTER_DERIVED,
BUS:JUNCTION:60:02626,60,-8.210452504503776,39.453568313140785,,,,line_endpoint_cluster,derived,ENDPOINT_CLUSTER_DERIVED,
BUS:JUNCTION:60:02627,60,-8.207704735911868,39.47742296694504,,,,line_endpoint_cluster,derived,ENDPOINT_CLUSTER_DERIVED,
BUS:JUNCTION:60:02628,60,-8.206958034438548,39.47928855044764,,,,line_endpoint_cluster,derived,ENDPOINT_CLUSTER_DERIVED,
BUS:JUNCTION:60:02629,60,-8.554893337469904,40.98647233871969,,,,line_endpoint_cluster,derived,ENDPOINT_CLUSTER_DERIVED,
BUS:JUNCTION:60:02630,60,-8.562972536113335,40.98362666533493,,,,line_endpoint_cluster,derived,ENDPOINT_CLUSTER_DERIVED,
BUS:JUNCTION:60:02631,60,-8.56357237127267,40.985242025422714,,,,line_endpoint_cluster,derived,ENDPOINT_CLUSTER_DERIVED,
BUS:JUNCTION:60:02632,60,-8.402189971823388,40.34046450468844,,,,line_endpoint_cluster,derived,ENDPOINT_CLUSTER_DERIVED,
BUS:JUNCTION:60:02633,60,-8.375682528813304,40.338280078466816,,,,line_endpoint_cluster,derived,ENDPOINT_CLUSTER_DERIVED,
BUS:JUNCTION:60:02634,60,-8.780396506443362,39.76956832138107,,,,line_endpoint_cluster,derived,ENDPOINT_CLUSTER_DERIVED,
BUS:JUNCTION:60:02635,60,-8.77777414162362,39.763037849783565,,,,line_endpoint_cluster,derived,ENDPOINT_CLUSTER_DERIVED,
BUS:JUNCTION:60:02636,60,-8.777346057697471,39.76137341709552,,,,line_endpoint_cluster,derived,ENDPOINT_CLUSTER_DERIVED,
BUS:JUNCTION:60:02637,60,-8.772082224369035,39.76642570912148,,,,line_endpoint_cluster,derived,ENDPOINT_CLUSTER_DERIVED,
BUS:JUNCTION:60:02638,60,-8.773385082332094,39.76564218024846,,,,line_endpoint_cluster,derived,ENDPOINT_CLUSTER_DERIVED,
BUS:JUNCTION:60:02639,60,-8.774287407660845,39.768162418840085,,,,line_endpoint_cluster,derived,ENDPOINT_CLUSTER_DERIVED,
BUS:JUNCTION:60:02640,60,-8.487339586683731,40.84035553284779,,,,line_endpoint_cluster,derived,ENDPOINT_CLUSTER_DERIVED,
BUS:JUNCTION:60:02641,60,-8.486001941176509,40.83880827694088,,,,line_endpoint_cluster,derived,ENDPOINT_CLUSTER_DERIVED,
BUS:JUNCTION:60:02642,60,-8.910405605658259,38.67149982515522,,,,line_endpoint_cluster,derived,ENDPOINT_CLUSTER_DERIVED,
BUS:JUNCTION:60:02643,60,-7.562998372377918,38.098569499316035,,,,line_endpoint_cluster,derived,ENDPOINT_CLUSTER_DERIVED,
BUS:JUNCTION:60:02644,60,-9.305898446055464,38.884959463389066,,,,line_endpoint_cluster,derived,ENDPOINT_CLUSTER_DERIVED,
BUS:JUNCTION:60:02645,60,-9.253414736182298,38.95981881495092,,,,line_endpoint_cluster,derived,ENDPOINT_CLUSTER_DERIVED,
BUS:JUNCTION:60:02646,60,-9.257335835375066,38.95959116702577,,,,line_endpoint_cluster,derived,ENDPOINT_CLUSTER_DERIVED,
BUS:JUNCTION:60:02647,60,-8.71555387253613,41.70539972138414,,,,line_endpoint_cluster,derived,ENDPOINT_CLUSTER_DERIVED,
BUS:JUNCTION:60:02648,60,-8.664982246744898,41.729530832864036,,,,line_endpoint_cluster,derived,ENDPOINT_CLUSTER_DERIVED,
BUS:JUNCTION:60:02649,60,-8.291512069717776,41.42994685948784,,,,line_endpoint_cluster,derived,ENDPOINT_CLUSTER_DERIVED,
BUS:JUNCTION:60:02650,60,-8.268553566111931,40.50552141319053,,,,line_endpoint_cluster,derived,ENDPOINT_CLUSTER_DERIVED,
BUS:EREDES:0101P5025000:60,60,-8.39074499346803,40.5510152482748,EREDES:0101P5025000,CASARÃO,0101P5025000,switching_station,E-REDES,DIRECT_EREDES,1.0732229425904944
BUS:JUNCTION:60:02653,60,-8.520267769898082,41.268988808446224,,,,line_endpoint_cluster,derived,ENDPOINT_CLUSTER_DERIVED,
BUS:JUNCTION:60:02654,60,-8.529740140602009,41.26066321184238,,,,line_endpoint_cluster,derived,ENDPOINT_CLUSTER_DERIVED,
BUS:JUNCTION:60:02655,60,-8.659264867483191,41.732254480885175,,,,line_endpoint_cluster,derived,ENDPOINT_CLUSTER_DERIVED,
BUS:JUNCTION:60:02656,60,-9.302177313496006,38.747430720183544,,,,line_endpoint_cluster,derived,ENDPOINT_CLUSTER_DERIVED,
BUS:JUNCTION:60:02657,60,-9.244960595596616,38.7911257846554,,,,line_endpoint_cluster,derived,ENDPOINT_CLUSTER_DERIVED,
BUS:JUNCTION:60:02658,60,-9.251312507265093,38.80522863347041,,,,line_endpoint_cluster,derived,ENDPOINT_CLUSTER_DERIVED,
BUS:JUNCTION:60:02659,60,-9.25280519344498,38.80802719884559,,,,line_endpoint_cluster,derived,ENDPOINT_CLUSTER_DERIVED,
BUS:JUNCTION:60:02660,60,-9.114246055835856,38.583557323080626,,,,line_endpoint_cluster,derived,ENDPOINT_CLUSTER_DERIVED,
BUS:JUNCTION:60:02662,60,-8.259800714791837,37.16295012100976,,,,line_endpoint_cluster,derived,ENDPOINT_CLUSTER_DERIVED,
BUS:JUNCTION:60:02663,60,-7.670271671819051,39.6722236661957,,,,line_endpoint_cluster,derived,ENDPOINT_CLUSTER_DERIVED,
BUS:JUNCTION:60:02664,60,-8.59593968301016,41.15412287539164,,,,line_endpoint_cluster,derived,ENDPOINT_CLUSTER_DERIVED,
BUS:JUNCTION:60:02665,60,-8.532748197824517,37.199137704946004,,,,line_endpoint_cluster,derived,ENDPOINT_CLUSTER_DERIVED,
BUS:JUNCTION:60:02666,60,-8.915709852370906,38.692448021528605,,,,line_endpoint_cluster,derived,ENDPOINT_CLUSTER_DERIVED,
BUS:JUNCTION:60:02667,60,-8.9114036792937,38.67479083635724,,,,line_endpoint_cluster,derived,ENDPOINT_CLUSTER_DERIVED,
BUS:JUNCTION:60:02669,60,-8.542127861903674,41.09163652175516,,,,line_endpoint_cluster,derived,ENDPOINT_CLUSTER_DERIVED,
BUS:JUNCTION:60:02670,60,-9.145606931669636,38.93494099941963,,,,line_endpoint_cluster,derived,ENDPOINT_CLUSTER_DERIVED,
BUS:JUNCTION:60:02672,60,-7.78917313650468,41.54350234941953,,,,line_endpoint_cluster,derived,ENDPOINT_CLUSTER_DERIVED,
BUS:JUNCTION:60:02673,60,-8.570670127842885,40.77413598416084,,,,line_endpoint_cluster,derived,ENDPOINT_CLUSTER_DERIVED,
BUS:JUNCTION:60:02674,60,-8.5718747937132,40.774206151985744,,,,line_endpoint_cluster,derived,ENDPOINT_CLUSTER_DERIVED,
BUS:JUNCTION:60:02675,60,-8.911304965756123,39.05350050691655,,,,line_endpoint_cluster,derived,ENDPOINT_CLUSTER_DERIVED,
BUS:JUNCTION:60:02676,60,-7.881790264572783,38.018350681097594,,,,line_endpoint_cluster,derived,ENDPOINT_CLUSTER_DERIVED,
BUS:JUNCTION:60:02677,60,-8.720540696694005,37.991709928405484,,,,line_endpoint_cluster,derived,ENDPOINT_CLUSTER_DERIVED,
BUS:JUNCTION:60:02678,60,-8.71792939715536,37.99309118649829,,,,line_endpoint_cluster,derived,ENDPOINT_CLUSTER_DERIVED,
BUS:JUNCTION:60:02679,60,-7.518738624370162,37.19017305934987,,,,line_endpoint_cluster,derived,ENDPOINT_CLUSTER_DERIVED,
BUS:JUNCTION:60:02681,60,-9.184982559878742,38.78523014288359,,,,line_endpoint_cluster,derived,ENDPOINT_CLUSTER_DERIVED,
BUS:JUNCTION:60:02683,60,-8.034577101987308,39.082399200917536,,,,line_endpoint_cluster,derived,ENDPOINT_CLUSTER_DERIVED,
BUS:JUNCTION:60:02684,60,-7.765717132720068,38.33788435546719,,,,line_endpoint_cluster,derived,ENDPOINT_CLUSTER_DERIVED,
BUS:JUNCTION:60:02685,60,-7.767937871380466,38.3420506377513,,,,line_endpoint_cluster,derived,ENDPOINT_CLUSTER_DERIVED,
BUS:EREDES:1405P5704500:60,60,-8.77403576193902,38.960877282342,EREDES:1405P5704500,MAXOQUEIRA,1405P5704500,switching_station,E-REDES,DIRECT_EREDES,69.02029221735161
BUS:JUNCTION:60:02687,60,-8.777824401321539,38.96464900857143,,,,line_endpoint_cluster,derived,ENDPOINT_CLUSTER_DERIVED,
BUS:JUNCTION:60:02688,60,-8.505359119552917,39.505072138552684,,,,line_endpoint_cluster,derived,ENDPOINT_CLUSTER_DERIVED,
BUS:JUNCTION:60:02689,60,-7.836543225262304,41.0092160133119,,,,line_endpoint_cluster,derived,ENDPOINT_CLUSTER_DERIVED,
BUS:JUNCTION:60:02690,60,-8.323364937371712,40.32449038142918,,,,line_endpoint_cluster,derived,ENDPOINT_CLUSTER_DERIVED,
BUS:JUNCTION:60:02691,60,-8.900694994345523,38.70157199157259,,,,line_endpoint_cluster,derived,ENDPOINT_CLUSTER_DERIVED,
BUS:JUNCTION:60:02692,60,-8.918313373054382,38.700944202632066,,,,line_endpoint_cluster,derived,ENDPOINT_CLUSTER_DERIVED,
BUS:JUNCTION:60:02693,60,-8.627804216956326,40.922637158523145,,,,line_endpoint_cluster,derived,ENDPOINT_CLUSTER_DERIVED,
BUS:JUNCTION:60:02694,60,-8.625166070396915,40.92298820997421,,,,line_endpoint_cluster,derived,ENDPOINT_CLUSTER_DERIVED,
BUS:JUNCTION:60:02695,60,-7.531525989705919,41.15459049705819,,,,line_endpoint_cluster,derived,ENDPOINT_CLUSTER_DERIVED,
BUS:EREDES:1817S5010700:60,60,-7.73140546001424,40.7307720256908,EREDES:1817S5010700,SÁTÃO,1817S5010700,substation,E-REDES,DIRECT_EREDES,18.304380977387563
BUS:JUNCTION:60:02697,60,-7.681043600881855,38.64625586745056,,,,line_endpoint_cluster,derived,ENDPOINT_CLUSTER_DERIVED,
BUS:JUNCTION:60:02698,60,-8.111620864791751,40.29242353362206,,,,line_endpoint_cluster,derived,ENDPOINT_CLUSTER_DERIVED,
BUS:JUNCTION:60:02699,60,-9.071636413886761,38.86792997661416,,,,line_endpoint_cluster,derived,ENDPOINT_CLUSTER_DERIVED,
BUS:JUNCTION:60:02700,60,-9.066512501087264,38.873916777232196,,,,line_endpoint_cluster,derived,ENDPOINT_CLUSTER_DERIVED,
BUS:JUNCTION:60:02701,60,-8.971327862712727,38.982576698392165,,,,line_endpoint_cluster,derived,ENDPOINT_CLUSTER_DERIVED,
BUS:JUNCTION:60:02702,60,-8.968652444389699,38.98489570572545,,,,line_endpoint_cluster,derived,ENDPOINT_CLUSTER_DERIVED,
BUS:JUNCTION:60:02703,60,-8.742112411288236,37.9803460185913,,,,line_endpoint_cluster,derived,ENDPOINT_CLUSTER_DERIVED,
BUS:JUNCTION:60:02704,60,-8.930321864416504,39.72334911515575,,,,line_endpoint_cluster,derived,ENDPOINT_CLUSTER_DERIVED,
BUS:JUNCTION:60:02705,60,-9.221168108095346,38.71709186479426,,,,line_endpoint_cluster,derived,ENDPOINT_CLUSTER_DERIVED,
BUS:JUNCTION:60:02706,60,-9.21756972048284,38.71894143430019,,,,line_endpoint_cluster,derived,ENDPOINT_CLUSTER_DERIVED,
BUS:JUNCTION:60:02707,60,-8.851964480827888,38.51468470397165,,,,line_endpoint_cluster,derived,ENDPOINT_CLUSTER_DERIVED,
BUS:JUNCTION:60:02708,60,-8.543444485821496,41.35093163669016,,,,line_endpoint_cluster,derived,ENDPOINT_CLUSTER_DERIVED,
BUS:JUNCTION:60:02709,60,-8.847975456427983,40.12301160763299,,,,line_endpoint_cluster,derived,ENDPOINT_CLUSTER_DERIVED,
BUS:EREDES:1609S5021900:60,60,-8.84281146205716,41.6927711966606,EREDES:1609S5021900,MONSERRATE,1609S5021900,substation,E-REDES,DIRECT_EREDES,37.448000184675024
BUS:JUNCTION:60:02711,60,-8.753496871613489,37.11528047215129,,,,line_endpoint_cluster,derived,ENDPOINT_CLUSTER_DERIVED,
BUS:JUNCTION:60:02712,60,-8.699579230531112,37.153132663991414,,,,line_endpoint_cluster,derived,ENDPOINT_CLUSTER_DERIVED,
BUS:JUNCTION:60:02713,60,-8.20959401690975,39.43768792624289,,,,line_endpoint_cluster,derived,ENDPOINT_CLUSTER_DERIVED,
BUS:JUNCTION:60:02714,60,-8.194862214502386,39.40243983443343,,,,line_endpoint_cluster,derived,ENDPOINT_CLUSTER_DERIVED,
BUS:JUNCTION:60:02715,60,-7.844086059806334,38.62709926418489,,,,line_endpoint_cluster,derived,ENDPOINT_CLUSTER_DERIVED,
BUS:JUNCTION:60:02716,60,-8.057786786717594,38.06172426605961,,,,line_endpoint_cluster,derived,ENDPOINT_CLUSTER_DERIVED,
BUS:JUNCTION:60:02718,60,-8.699192535490749,41.36729317341453,,,,line_endpoint_cluster,derived,ENDPOINT_CLUSTER_DERIVED,
BUS:JUNCTION:60:02719,60,-9.16968317759038,38.853863180854205,,,,line_endpoint_cluster,derived,ENDPOINT_CLUSTER_DERIVED,
BUS:JUNCTION:60:02720,60,-9.166064034292445,38.85468193059179,,,,line_endpoint_cluster,derived,ENDPOINT_CLUSTER_DERIVED,
BUS:JUNCTION:60:02721,60,-9.160265607735916,38.85599853984002,,,,line_endpoint_cluster,derived,ENDPOINT_CLUSTER_DERIVED,
BUS:JUNCTION:60:02722,60,-9.18981847435768,38.75928518545876,,,,line_endpoint_cluster,derived,ENDPOINT_CLUSTER_DERIVED,
BUS:JUNCTION:60:02723,60,-8.559004665011996,40.95859946445162,,,,line_endpoint_cluster,derived,ENDPOINT_CLUSTER_DERIVED,
BUS:JUNCTION:60:02724,60,-8.564858296031263,40.95831010243525,,,,line_endpoint_cluster,derived,ENDPOINT_CLUSTER_DERIVED,
BUS:EREDES:0109S5014500:60,60,-8.52896569062469,40.9464719158103,EREDES:0109S5014500,FEIRA,0109S5014500,substation,E-REDES,DIRECT_EREDES,9.577607403655184
BUS:JUNCTION:60:02726,60,-8.46229945949665,40.94561021652848,,,,line_endpoint_cluster,derived,ENDPOINT_CLUSTER_DERIVED,
BUS:JUNCTION:60:02727,60,-8.456097001279616,40.93149178571846,,,,line_endpoint_cluster,derived,ENDPOINT_CLUSTER_DERIVED,
BUS:JUNCTION:60:02728,60,-8.45552618469761,40.930473189699136,,,,line_endpoint_cluster,derived,ENDPOINT_CLUSTER_DERIVED,
BUS:JUNCTION:60:02729,60,-8.386899280606114,39.58035677137545,,,,line_endpoint_cluster,derived,ENDPOINT_CLUSTER_DERIVED,
BUS:JUNCTION:60:02730,60,-8.339532413323704,39.66960444995701,,,,line_endpoint_cluster,derived,ENDPOINT_CLUSTER_DERIVED,
BUS:JUNCTION:60:02731,60,-7.467084465060945,38.19061723468559,,,,line_endpoint_cluster,derived,ENDPOINT_CLUSTER_DERIVED,
BUS:JUNCTION:60:02732,60,-7.48389798009521,38.18521595677562,,,,line_endpoint_cluster,derived,ENDPOINT_CLUSTER_DERIVED,
BUS:JUNCTION:60:02733,60,-7.487728143519866,38.184787690913716,,,,line_endpoint_cluster,derived,ENDPOINT_CLUSTER_DERIVED,
BUS:JUNCTION:60:02735,60,-8.596293101673426,41.12298367604418,,,,line_endpoint_cluster,derived,ENDPOINT_CLUSTER_DERIVED,
BUS:JUNCTION:60:02736,60,-8.474658675938164,40.17093760050776,,,,line_endpoint_cluster,derived,ENDPOINT_CLUSTER_DERIVED,
BUS:JUNCTION:60:02737,60,-8.393488804175181,40.20187874439826,,,,line_endpoint_cluster,derived,ENDPOINT_CLUSTER_DERIVED,
BUS:JUNCTION:60:02738,60,-8.77936973116779,37.93240612303361,,,,line_endpoint_cluster,derived,ENDPOINT_CLUSTER_DERIVED,
BUS:JUNCTION:60:02740,60,-8.59428824335808,41.156962546564586,,,,line_endpoint_cluster,derived,ENDPOINT_CLUSTER_DERIVED,
BUS:JUNCTION:60:02741,60,-8.651598367720895,41.16595383770721,,,,line_endpoint_cluster,derived,ENDPOINT_CLUSTER_DERIVED,
BUS:JUNCTION:60:02742,60,-8.302561434826531,37.16934924305556,,,,line_endpoint_cluster,derived,ENDPOINT_CLUSTER_DERIVED,
BUS:JUNCTION:60:02743,60,-8.304815832448345,37.16900020698864,,,,line_endpoint_cluster,derived,ENDPOINT_CLUSTER_DERIVED,
BUS:JUNCTION:60:02744,60,-8.569629881474047,38.95531999113722,,,,line_endpoint_cluster,derived,ENDPOINT_CLUSTER_DERIVED,
BUS:JUNCTION:60:02745,60,-8.660694255383044,38.89981349303368,,,,line_endpoint_cluster,derived,ENDPOINT_CLUSTER_DERIVED,
BUS:JUNCTION:60:02746,60,-8.65305788745206,38.9005788125923,,,,line_endpoint_cluster,derived,ENDPOINT_CLUSTER_DERIVED,
BUS:JUNCTION:60:02747,60,-8.5743771833898,38.91983340186282,,,,line_endpoint_cluster,derived,ENDPOINT_CLUSTER_DERIVED,
BUS:JUNCTION:60:02748,60,-9.096980285179185,38.508623840137005,,,,line_endpoint_cluster,derived,ENDPOINT_CLUSTER_DERIVED,
BUS:EREDES:1506S5031400:60,60,-8.99020217413639,38.630558790395,EREDES:1506S5031400,MOITA,1506S5031400,substation,E-REDES,DIRECT_EREDES,29.33099244616403
BUS:JUNCTION:60:02750,60,-8.58697034901133,40.68509881010043,,,,line_endpoint_cluster,derived,ENDPOINT_CLUSTER_DERIVED,
BUS:JUNCTION:60:02751,60,-8.6359068981502,40.636565606201295,,,,line_endpoint_cluster,derived,ENDPOINT_CLUSTER_DERIVED,
BUS:JUNCTION:60:02752,60,-8.638586833637826,40.636647887130565,,,,line_endpoint_cluster,derived,ENDPOINT_CLUSTER_DERIVED,
BUS:JUNCTION:60:02753,60,-8.633045399610605,40.638586902252825,,,,line_endpoint_cluster,derived,ENDPOINT_CLUSTER_DERIVED,
BUS:JUNCTION:60:02755,60,-8.665958473889937,41.21447140517645,,,,line_endpoint_cluster,derived,ENDPOINT_CLUSTER_DERIVED,
BUS:JUNCTION:60:02756,60,-9.333710472585588,38.70003564464348,,,,line_endpoint_cluster,derived,ENDPOINT_CLUSTER_DERIVED,
BUS:JUNCTION:60:02757,60,-7.490545136353885,37.19703233811223,,,,line_endpoint_cluster,derived,ENDPOINT_CLUSTER_DERIVED,
BUS:JUNCTION:60:02758,60,-9.214236381116015,38.954545385715136,,,,line_endpoint_cluster,derived,ENDPOINT_CLUSTER_DERIVED,
BUS:JUNCTION:60:02759,60,-8.485046252910758,41.261705312761045,,,,line_endpoint_cluster,derived,ENDPOINT_CLUSTER_DERIVED,
BUS:JUNCTION:60:02760,60,-8.502380799027984,41.24232782212719,,,,line_endpoint_cluster,derived,ENDPOINT_CLUSTER_DERIVED,
BUS:JUNCTION:60:02761,60,-7.982561037448781,39.250089407578464,,,,line_endpoint_cluster,derived,ENDPOINT_CLUSTER_DERIVED,
BUS:JUNCTION:60:02762,60,-7.966658595478263,39.372505569809086,,,,line_endpoint_cluster,derived,ENDPOINT_CLUSTER_DERIVED,
BUS:JUNCTION:60:02763,60,-7.965326883263014,39.36716535464974,,,,line_endpoint_cluster,derived,ENDPOINT_CLUSTER_DERIVED,
BUS:JUNCTION:60:02764,60,-9.250278403340587,39.07849655541053,,,,line_endpoint_cluster,derived,ENDPOINT_CLUSTER_DERIVED,
BUS:JUNCTION:60:02765,60,-9.242341722942097,39.08504775665581,,,,line_endpoint_cluster,derived,ENDPOINT_CLUSTER_DERIVED,
BUS:JUNCTION:60:02766,60,-8.568756135772352,41.23148778218359,,,,line_endpoint_cluster,derived,ENDPOINT_CLUSTER_DERIVED,
BUS:JUNCTION:60:02767,60,-8.355329483081048,41.064077245937206,,,,line_endpoint_cluster,derived,ENDPOINT_CLUSTER_DERIVED,
BUS:JUNCTION:60:02768,60,-7.491822756372621,38.18432971191933,,,,line_endpoint_cluster,derived,ENDPOINT_CLUSTER_DERIVED,
BUS:JUNCTION:60:02769,60,-8.637766247707004,39.91990378885263,,,,line_endpoint_cluster,derived,ENDPOINT_CLUSTER_DERIVED,
BUS:JUNCTION:60:02770,60,-8.646700770261136,39.94428471447154,,,,line_endpoint_cluster,derived,ENDPOINT_CLUSTER_DERIVED,
BUS:JUNCTION:60:02771,60,-8.642414382088033,39.93398259258204,,,,line_endpoint_cluster,derived,ENDPOINT_CLUSTER_DERIVED,
BUS:JUNCTION:60:02772,60,-8.98289270336366,38.62926054442805,,,,line_endpoint_cluster,derived,ENDPOINT_CLUSTER_DERIVED,
BUS:JUNCTION:60:02773,60,-8.96299387431816,38.60731967115742,,,,line_endpoint_cluster,derived,ENDPOINT_CLUSTER_DERIVED,
BUS:JUNCTION:60:02774,60,-8.676450963802878,39.027551837307584,,,,line_endpoint_cluster,derived,ENDPOINT_CLUSTER_DERIVED,
BUS:JUNCTION:60:02775,60,-8.692773071111867,39.20127262623725,,,,line_endpoint_cluster,derived,ENDPOINT_CLUSTER_DERIVED,
BUS:JUNCTION:60:02776,60,-8.650207675557228,39.29101440554389,,,,line_endpoint_cluster,derived,ENDPOINT_CLUSTER_DERIVED,
BUS:EREDES:1416P5907200:60,60,-8.6513455863536,39.2795905503822,EREDES:1416P5907200,ALCANHÕES,1416P5907200,switching_station,E-REDES,DIRECT_EREDES,11.050961242812248
BUS:JUNCTION:60:02779,60,-8.322765818719512,41.34457496304561,,,,line_endpoint_cluster,derived,ENDPOINT_CLUSTER_DERIVED,
BUS:JUNCTION:60:02780,60,-8.306063538133463,41.34495986941871,,,,line_endpoint_cluster,derived,ENDPOINT_CLUSTER_DERIVED,
BUS:JUNCTION:60:02781,60,-8.277566546132556,41.35231072846926,,,,line_endpoint_cluster,derived,ENDPOINT_CLUSTER_DERIVED,
BUS:JUNCTION:60:02782,60,-7.918922835115585,38.63271303844856,,,,line_endpoint_cluster,derived,ENDPOINT_CLUSTER_DERIVED,
BUS:JUNCTION:60:02783,60,-7.876590170515273,38.57048475219092,,,,line_endpoint_cluster,derived,ENDPOINT_CLUSTER_DERIVED,
BUS:JUNCTION:60:02784,60,-7.874114051653498,38.57485860224749,,,,line_endpoint_cluster,derived,ENDPOINT_CLUSTER_DERIVED,
BUS:JUNCTION:60:02785,60,-7.881494022102675,38.56352206517394,,,,line_endpoint_cluster,derived,ENDPOINT_CLUSTER_DERIVED,
BUS:JUNCTION:60:02786,60,-7.872826276713738,38.577133133044285,,,,line_endpoint_cluster,derived,ENDPOINT_CLUSTER_DERIVED,
BUS:JUNCTION:60:02787,60,-7.885959094257625,38.63843696571886,,,,line_endpoint_cluster,derived,ENDPOINT_CLUSTER_DERIVED,
BUS:JUNCTION:60:02788,60,-7.890853744860301,38.63502392793318,,,,line_endpoint_cluster,derived,ENDPOINT_CLUSTER_DERIVED,
BUS:JUNCTION:60:02789,60,-7.897264085914897,38.63062532954146,,,,line_endpoint_cluster,derived,ENDPOINT_CLUSTER_DERIVED,
BUS:JUNCTION:60:02790,60,-8.81163118757084,37.936473095958775,,,,line_endpoint_cluster,derived,ENDPOINT_CLUSTER_DERIVED,
BUS:JUNCTION:60:02791,60,-8.838132598718833,37.97323062330315,,,,line_endpoint_cluster,derived,ENDPOINT_CLUSTER_DERIVED,
BUS:JUNCTION:60:02792,60,-8.780428845937347,37.93224309440881,,,,line_endpoint_cluster,derived,ENDPOINT_CLUSTER_DERIVED,
BUS:JUNCTION:60:02793,60,-8.804528994626049,37.930063442419886,,,,line_endpoint_cluster,derived,ENDPOINT_CLUSTER_DERIVED,
BUS:JUNCTION:60:02794,60,-8.820590379518052,37.95369550024495,,,,line_endpoint_cluster,derived,ENDPOINT_CLUSTER_DERIVED,
BUS:JUNCTION:60:02795,60,-8.544912490347059,41.0635663139882,,,,line_endpoint_cluster,derived,ENDPOINT_CLUSTER_DERIVED,
BUS:JUNCTION:60:02796,60,-8.714996805628756,37.16853837829952,,,,line_endpoint_cluster,derived,ENDPOINT_CLUSTER_DERIVED,
BUS:JUNCTION:60:02797,60,-8.630347057847208,41.175628756055914,,,,line_endpoint_cluster,derived,ENDPOINT_CLUSTER_DERIVED,
BUS:JUNCTION:60:02798,60,-8.627341901448522,41.174335953545636,,,,line_endpoint_cluster,derived,ENDPOINT_CLUSTER_DERIVED,
BUS:JUNCTION:60:02799,60,-8.611919068609893,41.15350326410719,,,,line_endpoint_cluster,derived,ENDPOINT_CLUSTER_DERIVED,
BUS:JUNCTION:60:02800,60,-7.865887447609488,41.52357587982127,,,,line_endpoint_cluster,derived,ENDPOINT_CLUSTER_DERIVED,
BUS:JUNCTION:60:02801,60,-8.776395986248016,41.78904089587607,,,,line_endpoint_cluster,derived,ENDPOINT_CLUSTER_DERIVED,
BUS:JUNCTION:60:02802,60,-7.908566658471522,38.76879182835405,,,,line_endpoint_cluster,derived,ENDPOINT_CLUSTER_DERIVED,
BUS:JUNCTION:60:02803,60,-8.621497457066946,40.050893687721924,,,,line_endpoint_cluster,derived,ENDPOINT_CLUSTER_DERIVED,
BUS:JUNCTION:60:02804,60,-8.111056397808708,39.46709804110275,,,,line_endpoint_cluster,derived,ENDPOINT_CLUSTER_DERIVED,
BUS:JUNCTION:60:02805,60,-8.076081453157677,37.590382748153274,,,,line_endpoint_cluster,derived,ENDPOINT_CLUSTER_DERIVED,
BUS:JUNCTION:60:02806,60,-8.075730870128451,37.6140077714531,,,,line_endpoint_cluster,derived,ENDPOINT_CLUSTER_DERIVED,
BUS:JUNCTION:60:02807,60,-8.623291310346465,39.18400671569431,,,,line_endpoint_cluster,derived,ENDPOINT_CLUSTER_DERIVED,
BUS:JUNCTION:60:02808,60,-8.621433531908888,39.17987494563324,,,,line_endpoint_cluster,derived,ENDPOINT_CLUSTER_DERIVED,
BUS:JUNCTION:60:02810,60,-8.154711929088693,37.87628742682737,,,,line_endpoint_cluster,derived,ENDPOINT_CLUSTER_DERIVED,
BUS:JUNCTION:60:02811,60,-8.154841664174185,37.87125294717896,,,,line_endpoint_cluster,derived,ENDPOINT_CLUSTER_DERIVED,
BUS:JUNCTION:60:02812,60,-8.155613227377135,37.87205467658043,,,,line_endpoint_cluster,derived,ENDPOINT_CLUSTER_DERIVED,
BUS:JUNCTION:60:02813,60,-9.054576416294198,38.89102696758461,,,,line_endpoint_cluster,derived,ENDPOINT_CLUSTER_DERIVED,
BUS:JUNCTION:60:02814,60,-9.053205841255473,38.8924502789826,,,,line_endpoint_cluster,derived,ENDPOINT_CLUSTER_DERIVED,
BUS:EREDES:1607S5006400:60,60,-8.59323454207786,41.7550620132093,EREDES:1607S5006400,FEITOSA,1607S5006400,substation,E-REDES,DIRECT_EREDES,34.19126768251089
BUS:JUNCTION:60:02816,60,-8.384836062673958,41.40134954797754,,,,line_endpoint_cluster,derived,ENDPOINT_CLUSTER_DERIVED,
BUS:JUNCTION:60:02817,60,-8.257899234985194,37.199171836912186,,,,line_endpoint_cluster,derived,ENDPOINT_CLUSTER_DERIVED,
BUS:JUNCTION:60:02818,60,-8.579750943776299,40.501173984462845,,,,line_endpoint_cluster,derived,ENDPOINT_CLUSTER_DERIVED,
BUS:JUNCTION:60:02819,60,-8.544629048224094,41.14044732334868,,,,line_endpoint_cluster,derived,ENDPOINT_CLUSTER_DERIVED,
BUS:JUNCTION:60:02820,60,-8.542952571837219,41.1276609582745,,,,line_endpoint_cluster,derived,ENDPOINT_CLUSTER_DERIVED,
BUS:JUNCTION:60:02821,60,-8.641859181209853,40.626873027117966,,,,line_endpoint_cluster,derived,ENDPOINT_CLUSTER_DERIVED,
BUS:JUNCTION:60:02822,60,-8.645195437303425,40.62202333007255,,,,line_endpoint_cluster,derived,ENDPOINT_CLUSTER_DERIVED,
BUS:JUNCTION:60:02823,60,-8.789065206461169,38.05733225692305,,,,line_endpoint_cluster,derived,ENDPOINT_CLUSTER_DERIVED,
BUS:JUNCTION:60:02824,60,-8.746587508263993,38.11767484065242,,,,line_endpoint_cluster,derived,ENDPOINT_CLUSTER_DERIVED,
BUS:JUNCTION:60:02825,60,-8.628786443615844,39.92639623835518,,,,line_endpoint_cluster,derived,ENDPOINT_CLUSTER_DERIVED,
BUS:JUNCTION:60:02826,60,-8.630840935970728,39.92647927196864,,,,line_endpoint_cluster,derived,ENDPOINT_CLUSTER_DERIVED,
BUS:JUNCTION:60:02827,60,-8.642321233832675,39.930764274605295,,,,line_endpoint_cluster,derived,ENDPOINT_CLUSTER_DERIVED,
BUS:JUNCTION:60:02829,60,-7.858055967192563,39.86067124970162,,,,line_endpoint_cluster,derived,ENDPOINT_CLUSTER_DERIVED,
BUS:JUNCTION:60:02830,60,-7.763297725304527,39.834327735095364,,,,line_endpoint_cluster,derived,ENDPOINT_CLUSTER_DERIVED,
BUS:EREDES:1303S5021400:60,60,-8.2509864716005,41.3542105563438,EREDES:1303S5021400,SOUSA,1303S5021400,substation,E-REDES,DIRECT_EREDES,5.661919527250807
BUS:JUNCTION:60:02832,60,-7.789680591088783,38.02966269592994,,,,line_endpoint_cluster,derived,ENDPOINT_CLUSTER_DERIVED,
BUS:JUNCTION:60:02833,60,-7.610605907425755,38.9290477748999,,,,line_endpoint_cluster,derived,ENDPOINT_CLUSTER_DERIVED,
BUS:EREDES:1501S5054200:60,60,-8.78486166549782,38.3744374440504,EREDES:1501S5054200,COMPORTA,1501S5054200,substation,E-REDES,DIRECT_EREDES,18.120196602242086
BUS:JUNCTION:60:02835,60,-8.297175246625608,40.575734182169946,,,,line_endpoint_cluster,derived,ENDPOINT_CLUSTER_DERIVED,
BUS:JUNCTION:60:02836,60,-8.279979520493415,40.57633255569363,,,,line_endpoint_cluster,derived,ENDPOINT_CLUSTER_DERIVED,
BUS:EREDES:0506S5011200:60,60,-7.87882188572064,39.8792239416354,EREDES:0506S5011200,OLEIROS,0506S5011200,substation,E-REDES,DIRECT_EREDES,26.59377129931789
BUS:JUNCTION:60:02838,60,-8.20330533236232,40.382173373589175,,,,line_endpoint_cluster,derived,ENDPOINT_CLUSTER_DERIVED,
BUS:JUNCTION:60:02839,60,-8.200295623420406,40.34075420864063,,,,line_endpoint_cluster,derived,ENDPOINT_CLUSTER_DERIVED,
BUS:JUNCTION:60:02840,60,-8.205805266346804,40.34062034579561,,,,line_endpoint_cluster,derived,ENDPOINT_CLUSTER_DERIVED,
BUS:JUNCTION:60:02841,60,-7.659187921622342,40.2726210074586,,,,line_endpoint_cluster,derived,ENDPOINT_CLUSTER_DERIVED,
BUS:JUNCTION:60:02842,60,-7.708196397189,40.1328997925824,,,,line_endpoint_cluster,derived,ENDPOINT_CLUSTER_DERIVED,
BUS:JUNCTION:60:02843,60,-7.713585907162773,40.13211397649804,,,,line_endpoint_cluster,derived,ENDPOINT_CLUSTER_DERIVED,
BUS:JUNCTION:60:02844,60,-7.717345484382768,40.13161659993258,,,,line_endpoint_cluster,derived,ENDPOINT_CLUSTER_DERIVED,
BUS:JUNCTION:60:02845,60,-7.735222721510125,40.12087288567029,,,,line_endpoint_cluster,derived,ENDPOINT_CLUSTER_DERIVED,
BUS:JUNCTION:60:02846,60,-7.795917996267038,40.08736321105873,,,,line_endpoint_cluster,derived,ENDPOINT_CLUSTER_DERIVED,
BUS:JUNCTION:60:02847,60,-7.801227610333165,40.08589001096873,,,,line_endpoint_cluster,derived,ENDPOINT_CLUSTER_DERIVED,
BUS:JUNCTION:60:02848,60,-8.893331643241755,39.72523651944405,,,,line_endpoint_cluster,derived,ENDPOINT_CLUSTER_DERIVED,
BUS:JUNCTION:60:02850,60,-8.925493819362108,39.66744583052449,,,,line_endpoint_cluster,derived,ENDPOINT_CLUSTER_DERIVED,
BUS:JUNCTION:60:02851,60,-8.790918193349887,39.64636946545918,,,,line_endpoint_cluster,derived,ENDPOINT_CLUSTER_DERIVED,
BUS:JUNCTION:60:02852,60,-8.825249192664481,39.637823893235385,,,,line_endpoint_cluster,derived,ENDPOINT_CLUSTER_DERIVED,
BUS:JUNCTION:60:02853,60,-8.92143804096219,39.73685062683151,,,,line_endpoint_cluster,derived,ENDPOINT_CLUSTER_DERIVED,
BUS:EREDES:0605P5020300:60,60,-8.84980635957025,40.0670470123458,EREDES:0605P5020300,CARVALHAIS,0605P5020300,switching_station,E-REDES,DIRECT_EREDES,4.413368475498659
BUS:EREDES:0605S5005800:60,60,-8.84770941860087,40.1180180418741,EREDES:0605S5005800,GALA,0605S5005800,substation,E-REDES,DIRECT_EREDES,11.534092733208121
BUS:JUNCTION:60:02856,60,-7.968922893361094,40.10474538349698,,,,line_endpoint_cluster,derived,ENDPOINT_CLUSTER_DERIVED,
BUS:JUNCTION:60:02857,60,-7.977054075160365,40.10711139633785,,,,line_endpoint_cluster,derived,ENDPOINT_CLUSTER_DERIVED,
BUS:JUNCTION:60:02858,60,-8.50665743468535,40.17559947223818,,,,line_endpoint_cluster,derived,ENDPOINT_CLUSTER_DERIVED,
BUS:JUNCTION:60:02860,60,-8.331573706963304,40.21374037650084,,,,line_endpoint_cluster,derived,ENDPOINT_CLUSTER_DERIVED,
BUS:JUNCTION:60:02861,60,-8.272246151820045,40.245549898141334,,,,line_endpoint_cluster,derived,ENDPOINT_CLUSTER_DERIVED,
BUS:JUNCTION:60:02862,60,-7.813146882625104,40.46923615334455,,,,line_endpoint_cluster,derived,ENDPOINT_CLUSTER_DERIVED,
BUS:JUNCTION:60:02863,60,-7.79875541417415,40.38861758079491,,,,line_endpoint_cluster,derived,ENDPOINT_CLUSTER_DERIVED,
BUS:JUNCTION:60:02864,60,-7.833160330758748,40.350548899149395,,,,line_endpoint_cluster,derived,ENDPOINT_CLUSTER_DERIVED,
BUS:EREDES:0615S5006300:60,60,-8.6387034538877,40.1559657797208,EREDES:0615S5006300,ALFARELOS,0615S5006300,substation,E-REDES,DIRECT_EREDES,19.10598059240795
BUS:JUNCTION:60:02866,60,-8.014083748196677,40.74491891673362,,,,line_endpoint_cluster,derived,ENDPOINT_CLUSTER_DERIVED,
BUS:JUNCTION:60:02867,60,-8.01673372647488,40.74662975557533,,,,line_endpoint_cluster,derived,ENDPOINT_CLUSTER_DERIVED,
BUS:JUNCTION:60:02868,60,-8.017892670772351,40.53541636416156,,,,line_endpoint_cluster,derived,ENDPOINT_CLUSTER_DERIVED,
BUS:JUNCTION:60:02869,60,-7.797898138914147,40.587780079648134,,,,line_endpoint_cluster,derived,ENDPOINT_CLUSTER_DERIVED,
BUS:JUNCTION:60:02870,60,-7.794714431110368,40.58399628523992,,,,line_endpoint_cluster,derived,ENDPOINT_CLUSTER_DERIVED,
BUS:JUNCTION:60:02871,60,-7.636008401195832,41.13519651562677,,,,line_endpoint_cluster,derived,ENDPOINT_CLUSTER_DERIVED,
BUS:JUNCTION:60:02872,60,-7.543961980899427,41.151916754424,,,,line_endpoint_cluster,derived,ENDPOINT_CLUSTER_DERIVED,
BUS:JUNCTION:60:02873,60,-7.550845588692772,41.17386828788537,,,,line_endpoint_cluster,derived,ENDPOINT_CLUSTER_DERIVED,
BUS:JUNCTION:60:02874,60,-7.544110869152293,41.188552267303514,,,,line_endpoint_cluster,derived,ENDPOINT_CLUSTER_DERIVED,
BUS:JUNCTION:60:02875,60,-7.687374762994264,40.398161936594384,,,,line_endpoint_cluster,derived,ENDPOINT_CLUSTER_DERIVED,
BUS:JUNCTION:60:02876,60,-7.315115369831288,40.61574534293427,,,,line_endpoint_cluster,derived,ENDPOINT_CLUSTER_DERIVED,
BUS:JUNCTION:60:02877,60,-7.062399860837697,40.520359314901974,,,,line_endpoint_cluster,derived,ENDPOINT_CLUSTER_DERIVED,
BUS:JUNCTION:60:02878,60,-7.5180166896533835,40.40550957048389,,,,line_endpoint_cluster,derived,ENDPOINT_CLUSTER_DERIVED,
BUS:JUNCTION:60:02879,60,-7.544540598287793,40.387556072932114,,,,line_endpoint_cluster,derived,ENDPOINT_CLUSTER_DERIVED,
BUS:JUNCTION:60:02880,60,-6.98348912288345,41.81873701834894,,,,line_endpoint_cluster,derived,ENDPOINT_CLUSTER_DERIVED,
BUS:JUNCTION:60:02881,60,-6.920738510736933,41.81076045386783,,,,line_endpoint_cluster,derived,ENDPOINT_CLUSTER_DERIVED,
BUS:JUNCTION:60:02882,60,-7.117691683200155,41.70648238155891,,,,line_endpoint_cluster,derived,ENDPOINT_CLUSTER_DERIVED,
BUS:JUNCTION:60:02883,60,-7.127693693523853,41.70228965076394,,,,line_endpoint_cluster,derived,ENDPOINT_CLUSTER_DERIVED,
BUS:JUNCTION:60:02884,60,-7.114072919692981,41.707887907568534,,,,line_endpoint_cluster,derived,ENDPOINT_CLUSTER_DERIVED,
BUS:JUNCTION:60:02885,60,-7.110083618294326,41.71079648787816,,,,line_endpoint_cluster,derived,ENDPOINT_CLUSTER_DERIVED,
BUS:JUNCTION:60:02886,60,-7.242906900013017,41.64114083880702,,,,line_endpoint_cluster,derived,ENDPOINT_CLUSTER_DERIVED,
BUS:JUNCTION:60:02887,60,-8.555497835869213,40.48100194013794,,,,line_endpoint_cluster,derived,ENDPOINT_CLUSTER_DERIVED,
BUS:JUNCTION:60:02888,60,-8.418264938611275,40.32365550721985,,,,line_endpoint_cluster,derived,ENDPOINT_CLUSTER_DERIVED,
BUS:JUNCTION:60:02889,60,-8.601639654532535,41.00325661437879,,,,line_endpoint_cluster,derived,ENDPOINT_CLUSTER_DERIVED,
BUS:JUNCTION:60:02890,60,-8.635299572749839,41.00084771169566,,,,line_endpoint_cluster,derived,ENDPOINT_CLUSTER_DERIVED,
BUS:JUNCTION:60:02891,60,-8.455643684586033,41.04389820683052,,,,line_endpoint_cluster,derived,ENDPOINT_CLUSTER_DERIVED,
BUS:JUNCTION:60:02892,60,-8.584183709781774,40.98809441879276,,,,line_endpoint_cluster,derived,ENDPOINT_CLUSTER_DERIVED,
BUS:JUNCTION:60:02893,60,-8.59757428428693,40.991725917664766,,,,line_endpoint_cluster,derived,ENDPOINT_CLUSTER_DERIVED,
BUS:JUNCTION:60:02894,60,-8.602116245243328,41.00465291439505,,,,line_endpoint_cluster,derived,ENDPOINT_CLUSTER_DERIVED,
BUS:JUNCTION:60:02895,60,-8.410432191536584,40.982158319663796,,,,line_endpoint_cluster,derived,ENDPOINT_CLUSTER_DERIVED,
BUS:JUNCTION:60:02896,60,-8.555028230825435,40.826521591733666,,,,line_endpoint_cluster,derived,ENDPOINT_CLUSTER_DERIVED,
BUS:JUNCTION:60:02897,60,-8.580575381422182,40.77962086488357,,,,line_endpoint_cluster,derived,ENDPOINT_CLUSTER_DERIVED,
BUS:JUNCTION:60:02898,60,-8.544666400757094,40.84289876630276,,,,line_endpoint_cluster,derived,ENDPOINT_CLUSTER_DERIVED,
BUS:JUNCTION:60:02899,60,-8.535217585404618,40.85782507325815,,,,line_endpoint_cluster,derived,ENDPOINT_CLUSTER_DERIVED,
BUS:JUNCTION:60:02900,60,-8.526802590309124,40.871111984240756,,,,line_endpoint_cluster,derived,ENDPOINT_CLUSTER_DERIVED,
BUS:JUNCTION:60:02901,60,-8.619224003841673,40.909595472359854,,,,line_endpoint_cluster,derived,ENDPOINT_CLUSTER_DERIVED,
BUS:JUNCTION:60:02902,60,-8.616219680108662,40.657141142390365,,,,line_endpoint_cluster,derived,ENDPOINT_CLUSTER_DERIVED,
BUS:JUNCTION:60:02903,60,-8.657403330222662,40.613963081140994,,,,line_endpoint_cluster,derived,ENDPOINT_CLUSTER_DERIVED,
BUS:JUNCTION:60:02904,60,-8.646813109989678,40.619864946056836,,,,line_endpoint_cluster,derived,ENDPOINT_CLUSTER_DERIVED,
BUS:JUNCTION:60:02905,60,-8.614702752007732,40.666355183701455,,,,line_endpoint_cluster,derived,ENDPOINT_CLUSTER_DERIVED,
BUS:JUNCTION:60:02906,60,-8.539181562647961,40.61985347031054,,,,line_endpoint_cluster,derived,ENDPOINT_CLUSTER_DERIVED,
BUS:EREDES:0101S5000600:60,60,-8.45671297621331,40.5931354341641,EREDES:0101S5000600,AGUEDA,0101S5000600,substation,E-REDES,DIRECT_EREDES,20.049397411097647
BUS:JUNCTION:60:02908,60,-8.46457230633022,40.55384761627808,,,,line_endpoint_cluster,derived,ENDPOINT_CLUSTER_DERIVED,
BUS:JUNCTION:60:02909,60,-7.761928717608699,41.17488268366761,,,,line_endpoint_cluster,derived,ENDPOINT_CLUSTER_DERIVED,
BUS:JUNCTION:60:02910,60,-7.798114346010988,41.28706110979275,,,,line_endpoint_cluster,derived,ENDPOINT_CLUSTER_DERIVED,
BUS:JUNCTION:60:02912,60,-7.694346290478562,41.412164004369366,,,,line_endpoint_cluster,derived,ENDPOINT_CLUSTER_DERIVED,
BUS:JUNCTION:60:02913,60,-7.631170090879655,41.51403850631915,,,,line_endpoint_cluster,derived,ENDPOINT_CLUSTER_DERIVED,
BUS:EREDES:1316S5001600:60,60,-8.73616651218241,41.3553318848863,EREDES:1316S5001600,VILA DO CONDE,1316S5001600,substation,E-REDES,DIRECT_EREDES,17.21135116548599
BUS:JUNCTION:60:02915,60,-8.736412877339372,41.36466753729816,,,,line_endpoint_cluster,derived,ENDPOINT_CLUSTER_DERIVED,
BUS:JUNCTION:60:02916,60,-8.73587802253766,41.35819499150721,,,,line_endpoint_cluster,derived,ENDPOINT_CLUSTER_DERIVED,
BUS:JUNCTION:60:02918,60,-8.71646493807418,41.32272491908222,,,,line_endpoint_cluster,derived,ENDPOINT_CLUSTER_DERIVED,
BUS:JUNCTION:60:02919,60,-8.201774931183806,41.302024071460494,,,,line_endpoint_cluster,derived,ENDPOINT_CLUSTER_DERIVED,
BUS:JUNCTION:60:02920,60,-8.335026008014946,41.27238719118658,,,,line_endpoint_cluster,derived,ENDPOINT_CLUSTER_DERIVED,
BUS:JUNCTION:60:02921,60,-8.310896749884487,41.26505084286846,,,,line_endpoint_cluster,derived,ENDPOINT_CLUSTER_DERIVED,
BUS:JUNCTION:60:02922,60,-8.2082920538322,41.21754232721405,,,,line_endpoint_cluster,derived,ENDPOINT_CLUSTER_DERIVED,
BUS:JUNCTION:60:02923,60,-8.365438200936955,41.21095991837247,,,,line_endpoint_cluster,derived,ENDPOINT_CLUSTER_DERIVED,
BUS:JUNCTION:60:02924,60,-8.548388712297344,41.243749385603564,,,,line_endpoint_cluster,derived,ENDPOINT_CLUSTER_DERIVED,
BUS:JUNCTION:60:02925,60,-8.560373730356961,41.26005817129413,,,,line_endpoint_cluster,derived,ENDPOINT_CLUSTER_DERIVED,
BUS:JUNCTION:60:02926,60,-8.565098008090608,41.228042215995934,,,,line_endpoint_cluster,derived,ENDPOINT_CLUSTER_DERIVED,
BUS:JUNCTION:60:02927,60,-8.557943510677084,41.234769066475856,,,,line_endpoint_cluster,derived,ENDPOINT_CLUSTER_DERIVED,
BUS:JUNCTION:60:02928,60,-8.556520505554065,41.23610679681466,,,,line_endpoint_cluster,derived,ENDPOINT_CLUSTER_DERIVED,
BUS:JUNCTION:60:02929,60,-8.565331110307199,41.2321768006508,,,,line_endpoint_cluster,derived,ENDPOINT_CLUSTER_DERIVED,
BUS:JUNCTION:60:02930,60,-8.551642444558835,41.23267667074566,,,,line_endpoint_cluster,derived,ENDPOINT_CLUSTER_DERIVED,
BUS:JUNCTION:60:02931,60,-8.546999129083718,41.23153058922088,,,,line_endpoint_cluster,derived,ENDPOINT_CLUSTER_DERIVED,
BUS:JUNCTION:60:02933,60,-8.562153371649652,41.19738231161928,,,,line_endpoint_cluster,derived,ENDPOINT_CLUSTER_DERIVED,
BUS:JUNCTION:60:02934,60,-8.542567566368806,41.22536353786482,,,,line_endpoint_cluster,derived,ENDPOINT_CLUSTER_DERIVED,
BUS:JUNCTION:60:02935,60,-8.589970020229995,41.124406306372585,,,,line_endpoint_cluster,derived,ENDPOINT_CLUSTER_DERIVED,
BUS:JUNCTION:60:02936,60,-8.585749787161298,41.027214909187926,,,,line_endpoint_cluster,derived,ENDPOINT_CLUSTER_DERIVED,
BUS:JUNCTION:60:02937,60,-8.605751958100232,41.102031987824766,,,,line_endpoint_cluster,derived,ENDPOINT_CLUSTER_DERIVED,
BUS:JUNCTION:60:02938,60,-8.674897688131562,41.18281468683075,,,,line_endpoint_cluster,derived,ENDPOINT_CLUSTER_DERIVED,
BUS:JUNCTION:60:02939,60,-8.657028007143293,41.177641781066484,,,,line_endpoint_cluster,derived,ENDPOINT_CLUSTER_DERIVED,
BUS:JUNCTION:60:02940,60,-8.594476336586286,41.16947053905393,,,,line_endpoint_cluster,derived,ENDPOINT_CLUSTER_DERIVED,
BUS:JUNCTION:60:02941,60,-8.608399149136396,41.17312947408236,,,,line_endpoint_cluster,derived,ENDPOINT_CLUSTER_DERIVED,
BUS:JUNCTION:60:02942,60,-8.544345075779981,42.046412377117555,,,,line_endpoint_cluster,derived,ENDPOINT_CLUSTER_DERIVED,
BUS:JUNCTION:60:02944,60,-8.76835537883689,41.613682638961,,,,line_endpoint_cluster,derived,ENDPOINT_CLUSTER_DERIVED,
BUS:EREDES:0312S5008500:60,60,-8.44523515571964,41.4052353812598,EREDES:0312S5008500,RUIVÃES,0312S5008500,substation,E-REDES,DIRECT_EREDES,37.57011683887243
BUS:JUNCTION:60:02946,60,-8.434653932680757,41.42382152973089,,,,line_endpoint_cluster,derived,ENDPOINT_CLUSTER_DERIVED,
BUS:JUNCTION:60:02947,60,-8.383835001798962,41.423272077477776,,,,line_endpoint_cluster,derived,ENDPOINT_CLUSTER_DERIVED,
BUS:JUNCTION:60:02948,60,-8.386598039323117,41.40137511643955,,,,line_endpoint_cluster,derived,ENDPOINT_CLUSTER_DERIVED,
BUS:JUNCTION:60:02949,60,-8.410255031576733,41.37620221970081,,,,line_endpoint_cluster,derived,ENDPOINT_CLUSTER_DERIVED,
BUS:JUNCTION:60:02950,60,-8.422498568124904,41.36628090885901,,,,line_endpoint_cluster,derived,ENDPOINT_CLUSTER_DERIVED,
BUS:JUNCTION:60:02951,60,-8.423535693247095,41.36611309571663,,,,line_endpoint_cluster,derived,ENDPOINT_CLUSTER_DERIVED,
BUS:JUNCTION:60:02952,60,-8.477299606188271,41.58733212146831,,,,line_endpoint_cluster,derived,ENDPOINT_CLUSTER_DERIVED,
BUS:EREDES:0305S5012300:60,60,-7.99171907597228,41.4271800153238,EREDES:0305S5012300,FERMIL DE BASTO,0305S5012300,substation,E-REDES,DIRECT_EREDES,12.27909701068102
BUS:JUNCTION:60:02954,60,-7.599096412025063,40.42080623009926,,,,line_endpoint_cluster,derived,ENDPOINT_CLUSTER_DERIVED,
BUS:EREDES:1312S5013200:60,60,-8.6350770081551,41.1541767069428,EREDES:1312S5013200,CAMPO ALEGRE,1312S5013200,substation,E-REDES,DIRECT_EREDES,19.110659127011385
BUS:JUNCTION:60:02957,60,-8.427477177087955,41.16810528771353,,,,line_endpoint_cluster,derived,ENDPOINT_CLUSTER_DERIVED,
BUS:JUNCTION:60:02958,60,-7.951294933747996,41.19604156696951,,,,line_endpoint_cluster,derived,ENDPOINT_CLUSTER_DERIVED,
BUS:JUNCTION:60:02959,60,-8.220068648825018,41.08054943071038,,,,line_endpoint_cluster,derived,ENDPOINT_CLUSTER_DERIVED,
BUS:JUNCTION:60:02960,60,-8.877690661325758,38.585275059327614,,,,line_endpoint_cluster,derived,ENDPOINT_CLUSTER_DERIVED,
BUS:JUNCTION:60:02961,60,-8.892396750379241,38.5935098621196,,,,line_endpoint_cluster,derived,ENDPOINT_CLUSTER_DERIVED,
BUS:JUNCTION:60:02962,60,-8.639054567721594,38.657354484266136,,,,line_endpoint_cluster,derived,ENDPOINT_CLUSTER_DERIVED,
BUS:JUNCTION:60:02963,60,-9.011884081459545,38.605318722221824,,,,line_endpoint_cluster,derived,ENDPOINT_CLUSTER_DERIVED,
BUS:JUNCTION:60:02964,60,-8.99523614182757,38.62512402472545,,,,line_endpoint_cluster,derived,ENDPOINT_CLUSTER_DERIVED,
BUS:JUNCTION:60:02965,60,-8.852838150801524,38.54775739098341,,,,line_endpoint_cluster,derived,ENDPOINT_CLUSTER_DERIVED,
BUS:JUNCTION:60:02966,60,-8.701250290671922,38.002015690827406,,,,line_endpoint_cluster,derived,ENDPOINT_CLUSTER_DERIVED,
BUS:JUNCTION:60:02967,60,-9.112874337210657,38.595740283435696,,,,line_endpoint_cluster,derived,ENDPOINT_CLUSTER_DERIVED,
BUS:JUNCTION:60:02968,60,-9.23946533956766,38.673840907902026,,,,line_endpoint_cluster,derived,ENDPOINT_CLUSTER_DERIVED,
BUS:JUNCTION:60:02969,60,-8.454697587075861,38.3670650014654,,,,line_endpoint_cluster,derived,ENDPOINT_CLUSTER_DERIVED,
BUS:JUNCTION:60:02970,60,-9.32566072857335,38.75644728264163,,,,line_endpoint_cluster,derived,ENDPOINT_CLUSTER_DERIVED,
BUS:JUNCTION:60:02972,60,-9.352363599278283,38.80091451546339,,,,line_endpoint_cluster,derived,ENDPOINT_CLUSTER_DERIVED,
BUS:EREDES:1106S5072500:60,60,-9.16931418314624,38.7853193952848,EREDES:1106S5072500,SENHOR ROUBADO,1106S5072500,substation,E-REDES,DIRECT_EREDES,7.752005510613741
BUS:JUNCTION:60:02974,60,-9.19786763811583,38.813587266055585,,,,line_endpoint_cluster,derived,ENDPOINT_CLUSTER_DERIVED,
BUS:JUNCTION:60:02975,60,-9.136304256463388,38.8870633086076,,,,line_endpoint_cluster,derived,ENDPOINT_CLUSTER_DERIVED,
BUS:JUNCTION:60:02976,60,-9.087099690713018,38.850111450840096,,,,line_endpoint_cluster,derived,ENDPOINT_CLUSTER_DERIVED,
BUS:JUNCTION:60:02977,60,-9.011186456813768,38.922953210683886,,,,line_endpoint_cluster,derived,ENDPOINT_CLUSTER_DERIVED,
BUS:JUNCTION:60:02978,60,-9.329677796737071,38.74968045503202,,,,line_endpoint_cluster,derived,ENDPOINT_CLUSTER_DERIVED,
BUS:JUNCTION:60:02980,60,-8.101028902267313,37.88198425280625,,,,line_endpoint_cluster,derived,ENDPOINT_CLUSTER_DERIVED,
BUS:JUNCTION:60:02981,60,-7.977965275310426,37.42181648151855,,,,line_endpoint_cluster,derived,ENDPOINT_CLUSTER_DERIVED,
BUS:JUNCTION:60:02982,60,-7.982475337511453,37.40693345332099,,,,line_endpoint_cluster,derived,ENDPOINT_CLUSTER_DERIVED,
BUS:JUNCTION:60:02983,60,-7.983577358421458,37.40331821310376,,,,line_endpoint_cluster,derived,ENDPOINT_CLUSTER_DERIVED,
BUS:JUNCTION:60:02984,60,-7.985699656618573,37.39635457653654,,,,line_endpoint_cluster,derived,ENDPOINT_CLUSTER_DERIVED,
BUS:JUNCTION:60:02985,60,-7.571477482632877,40.42343505482282,,,,line_endpoint_cluster,derived,ENDPOINT_CLUSTER_DERIVED,
BUS:JUNCTION:60:02986,60,-7.082911109580373,40.8243055572241,,,,line_endpoint_cluster,derived,ENDPOINT_CLUSTER_DERIVED,
BUS:EREDES:0603S5006100:60,60,-8.50829225612141,40.197154410492,EREDES:0603S5006100,TAVEIRO,0603S5006100,substation,E-REDES,DIRECT_EREDES,57.97868359439868
BUS:JUNCTION:60:02988,60,-8.639981211420684,40.59688374022898,,,,line_endpoint_cluster,derived,ENDPOINT_CLUSTER_DERIVED,
BUS:JUNCTION:60:02989,60,-8.579916912974426,40.915689432213455,,,,line_endpoint_cluster,derived,ENDPOINT_CLUSTER_DERIVED,
BUS:JUNCTION:60:02990,60,-8.932675426536536,39.62444481747573,,,,line_endpoint_cluster,derived,ENDPOINT_CLUSTER_DERIVED,
BUS:JUNCTION:60:02991,60,-8.838774434963174,39.66002033423451,,,,line_endpoint_cluster,derived,ENDPOINT_CLUSTER_DERIVED,
BUS:JUNCTION:60:02992,60,-8.867112324062994,39.67287486102256,,,,line_endpoint_cluster,derived,ENDPOINT_CLUSTER_DERIVED,
BUS:JUNCTION:60:02993,60,-9.074756713013405,39.33181800861835,,,,line_endpoint_cluster,derived,ENDPOINT_CLUSTER_DERIVED,
BUS:JUNCTION:60:02994,60,-8.99715967231267,39.328995657503654,,,,line_endpoint_cluster,derived,ENDPOINT_CLUSTER_DERIVED,
BUS:JUNCTION:60:02995,60,-8.996621082077654,39.32823179207316,,,,line_endpoint_cluster,derived,ENDPOINT_CLUSTER_DERIVED,
BUS:JUNCTION:60:02996,60,-8.990188963423787,39.32262755882066,,,,line_endpoint_cluster,derived,ENDPOINT_CLUSTER_DERIVED,
BUS:JUNCTION:60:02997,60,-8.986261827640602,39.322056169453575,,,,line_endpoint_cluster,derived,ENDPOINT_CLUSTER_DERIVED,
BUS:JUNCTION:60:02998,60,-8.532480434218057,39.45821264931005,,,,line_endpoint_cluster,derived,ENDPOINT_CLUSTER_DERIVED,
BUS:JUNCTION:60:02999,60,-8.488003612538407,39.49510850067429,,,,line_endpoint_cluster,derived,ENDPOINT_CLUSTER_DERIVED,
BUS:JUNCTION:60:03000,60,-8.492651174775244,39.49777694997003,,,,line_endpoint_cluster,derived,ENDPOINT_CLUSTER_DERIVED,
BUS:JUNCTION:60:03001,60,-8.812996857140202,39.14832125087028,,,,line_endpoint_cluster,derived,ENDPOINT_CLUSTER_DERIVED,
BUS:JUNCTION:60:03002,60,-8.488645560240112,39.47071999144963,,,,line_endpoint_cluster,derived,ENDPOINT_CLUSTER_DERIVED,
BUS:EREDES:1410S5625300:60,60,-8.46810688990915,39.4695363704119,EREDES:1410S5625300,ENTRONCAMENTO,1410S5625300,substation,E-REDES,DIRECT_EREDES,32.06025210056453
BUS:JUNCTION:60:03004,60,-8.182995555728674,39.44114315881742,,,,line_endpoint_cluster,derived,ENDPOINT_CLUSTER_DERIVED,
BUS:JUNCTION:60:03005,60,-8.677309706045786,39.25021761490089,,,,line_endpoint_cluster,derived,ENDPOINT_CLUSTER_DERIVED,
BUS:JUNCTION:60:03006,60,-8.667545404788243,39.26428324965203,,,,line_endpoint_cluster,derived,ENDPOINT_CLUSTER_DERIVED,
BUS:JUNCTION:60:03007,60,-8.642833454413479,39.49476038945253,,,,line_endpoint_cluster,derived,ENDPOINT_CLUSTER_DERIVED,
BUS:JUNCTION:60:03008,60,-8.648336899702077,39.48721746837182,,,,line_endpoint_cluster,derived,ENDPOINT_CLUSTER_DERIVED,
BUS:JUNCTION:60:03009,60,-7.872629145065207,41.50959640183102,,,,line_endpoint_cluster,derived,ENDPOINT_CLUSTER_DERIVED,
BUS:JUNCTION:60:03010,60,-7.709356382943722,41.532926161535144,,,,line_endpoint_cluster,derived,ENDPOINT_CLUSTER_DERIVED,
BUS:EREDES:0311S5001300:60,60,-8.15296349229658,41.5784463573401,EREDES:0311S5001300,ERMAL,0311S5001300,substation,E-REDES,DIRECT_EREDES,9.26288469247916
BUS:JUNCTION:60:03013,60,-8.307639052324454,37.16857830794409,,,,line_endpoint_cluster,derived,ENDPOINT_CLUSTER_DERIVED,
BUS:JUNCTION:60:03014,60,-8.70240873671476,37.117037201759196,,,,line_endpoint_cluster,derived,ENDPOINT_CLUSTER_DERIVED,
BUS:JUNCTION:60:03015,60,-7.839424383193148,37.35684492622334,,,,line_endpoint_cluster,derived,ENDPOINT_CLUSTER_DERIVED,
BUS:JUNCTION:60:03016,60,-7.848490235422387,37.075934443084364,,,,line_endpoint_cluster,derived,ENDPOINT_CLUSTER_DERIVED,
BUS:JUNCTION:60:03017,60,-7.849132131656518,37.07664764459351,,,,line_endpoint_cluster,derived,ENDPOINT_CLUSTER_DERIVED,
BUS:EREDES:0809S5060500:60,60,-8.5693677629858,37.2969484848498,EREDES:0809S5060500,MONCHIQUE,0809S5060500,substation,E-REDES,DIRECT_EREDES,152.17512762170693
BUS:JUNCTION:60:03020,60,-7.143566538041557,41.373670658545116,,,,line_endpoint_cluster,derived,ENDPOINT_CLUSTER_DERIVED,
BUS:JUNCTION:60:03021,60,-7.155820755534212,41.373178973715845,,,,line_endpoint_cluster,derived,ENDPOINT_CLUSTER_DERIVED,
BUS:JUNCTION:60:03022,60,-8.002606328228929,40.98773193778902,,,,line_endpoint_cluster,derived,ENDPOINT_CLUSTER_DERIVED,
BUS:EREDES:0704S5041600:60,60,-7.59424104788954,38.8507017914552,EREDES:0704S5041600,ESTREMOZ,0704S5041600,substation,E-REDES,DIRECT_EREDES,25.59045603196547
BUS:JUNCTION:60:03024,60,-9.165918935942937,38.6492804552213,,,,line_endpoint_cluster,derived,ENDPOINT_CLUSTER_DERIVED,
BUS:JUNCTION:60:03025,60,-9.165909819365309,38.65069019750586,,,,line_endpoint_cluster,derived,ENDPOINT_CLUSTER_DERIVED,
BUS:EREDES:1503S5021700:60,60,-9.15594572675852,38.6556793361888,EREDES:1503S5021700,LARANJEIRO,1503S5021700,substation,E-REDES,DIRECT_EREDES,14.812543441510972
BUS:JUNCTION:60:03027,60,-9.165827560683717,38.648548068609955,,,,line_endpoint_cluster,derived,ENDPOINT_CLUSTER_DERIVED,
BUS:JUNCTION:60:03028,60,-9.180303336256152,38.6557395767782,,,,line_endpoint_cluster,derived,ENDPOINT_CLUSTER_DERIVED,
BUS:JUNCTION:60:03029,60,-9.109649447136315,38.615276226165136,,,,line_endpoint_cluster,derived,ENDPOINT_CLUSTER_DERIVED,
BUS:EREDES:1510S5021200:60,60,-9.11331320253183,38.6146183304279,EREDES:1510S5021200,FOGUETEIRO,1510S5021200,substation,E-REDES,DIRECT_EREDES,10.293385789409049
BUS:JUNCTION:60:03031,60,-9.049117409125195,38.66617378155099,,,,line_endpoint_cluster,derived,ENDPOINT_CLUSTER_DERIVED,
BUS:JUNCTION:60:03032,60,-9.052199052575592,38.672075606385825,,,,line_endpoint_cluster,derived,ENDPOINT_CLUSTER_DERIVED,
BUS:EREDES:1512S5032400:60,60,-8.88730268220072,38.5293199641337,EREDES:1512S5032400,BRASIL,1512S5032400,substation,E-REDES,DIRECT_EREDES,11.039371399662986
BUS:JUNCTION:60:03034,60,-8.874196729819323,38.54601475603492,,,,line_endpoint_cluster,derived,ENDPOINT_CLUSTER_DERIVED,
BUS:JUNCTION:60:03035,60,-8.74918522773836,37.9173124695214,,,,line_endpoint_cluster,derived,ENDPOINT_CLUSTER_DERIVED,
BUS:JUNCTION:60:03036,60,-8.379322656221008,37.126739729105225,,,,line_endpoint_cluster,derived,ENDPOINT_CLUSTER_DERIVED,
BUS:EREDES:0806S5060700:60,60,-8.46782768859256,37.1189572567284,EREDES:0806S5060700,LAGOA,0806S5060700,substation,E-REDES,DIRECT_EREDES,30.144348097243757
BUS:EREDES:0813S5061900:60,60,-8.25932784941583,37.2562571692378,EREDES:0813S5061900,SÃO BARTOLOMEU MESSINES,0813S5061900,substation,E-REDES,DIRECT_EREDES,17.673651208013435
BUS:JUNCTION:60:03039,60,-8.013844000570726,37.146667862950096,,,,line_endpoint_cluster,derived,ENDPOINT_CLUSTER_DERIVED,
BUS:JUNCTION:60:03040,60,-7.881566987025527,38.5658066621217,,,,line_endpoint_cluster,derived,ENDPOINT_CLUSTER_DERIVED,
BUS:JUNCTION:60:03041,60,-7.90915071929057,38.58045286399902,,,,line_endpoint_cluster,derived,ENDPOINT_CLUSTER_DERIVED,
BUS:EREDES:0705S5042000:60,60,-7.90598573606607,38.5762795445438,EREDES:0705S5042000,ÉVORA,0705S5042000,substation,E-REDES,DIRECT_EREDES,14.153107851361028
BUS:EREDES:1106S5716600:60,60,-9.16654893033864,38.7225767614757,EREDES:1106S5716600,ARCO CARVALHÃO,1106S5716600,substation,E-REDES,DIRECT_EREDES,11.326481690940422
BUS:JUNCTION:60:03044,60,-9.167807024703688,38.70476037236888,,,,line_endpoint_cluster,derived,ENDPOINT_CLUSTER_DERIVED,
BUS:JUNCTION:60:03045,60,-9.11194433978758,38.7609398695525,,,,line_endpoint_cluster,derived,ENDPOINT_CLUSTER_DERIVED,
BUS:JUNCTION:60:03046,60,-9.212713706219969,38.723870954749664,,,,line_endpoint_cluster,derived,ENDPOINT_CLUSTER_DERIVED,
BUS:JUNCTION:60:03047,60,-9.213640499960995,38.72498945290667,,,,line_endpoint_cluster,derived,ENDPOINT_CLUSTER_DERIVED,
BUS:EREDES:1110S5270000:60,60,-9.23128895710694,38.7108680061072,EREDES:1110S5270000,MIRAFLORES,1110S5270000,substation,E-REDES,DIRECT_EREDES,17.301659563555845
BUS:JUNCTION:60:03049,60,-9.224249438586412,38.71671405773438,,,,line_endpoint_cluster,derived,ENDPOINT_CLUSTER_DERIVED,
BUS:EREDES:1110S5117100:60,60,-9.30622232991683,38.6959924690907,EREDES:1110S5117100,FIGUEIRINHA,1110S5117100,substation,E-REDES,DIRECT_EREDES,19.208529961553786
BUS:EREDES:1105S5413000:60,60,-9.34652026685469,38.6872269352874,EREDES:1105S5413000,PAREDE,1105S5413000,substation,E-REDES,DIRECT_EREDES,8.318279551922494
BUS:JUNCTION:60:03052,60,-8.97302371518519,38.97713191718907,,,,line_endpoint_cluster,derived,ENDPOINT_CLUSTER_DERIVED,
BUS:JUNCTION:60:03053,60,-8.955921191233537,39.011484652926036,,,,line_endpoint_cluster,derived,ENDPOINT_CLUSTER_DERIVED,
BUS:EREDES:1111S5221600:60,60,-9.28871750859266,38.7574807260228,EREDES:1111S5221600,CACÉM,1111S5221600,substation,E-REDES,DIRECT_EREDES,23.443964444009456
BUS:JUNCTION:60:03055,60,-9.278880057503843,38.82650735985835,,,,line_endpoint_cluster,derived,ENDPOINT_CLUSTER_DERIVED,
BUS:JUNCTION:60:03056,60,-9.22717174038195,38.88314334889336,,,,line_endpoint_cluster,derived,ENDPOINT_CLUSTER_DERIVED,
BUS:JUNCTION:60:03057,60,-8.40250348286693,39.63893135307546,,,,line_endpoint_cluster,derived,ENDPOINT_CLUSTER_DERIVED,
BUS:JUNCTION:60:03058,60,-8.50835931997014,39.65135826288972,,,,line_endpoint_cluster,derived,ENDPOINT_CLUSTER_DERIVED,
BUS:JUNCTION:60:03059,60,-8.564013878621735,39.65977362369658,,,,line_endpoint_cluster,derived,ENDPOINT_CLUSTER_DERIVED,
BUS:EREDES:1421S5002900:60,60,-8.59015218806743,39.6636327416483,EREDES:1421S5002900,OURÉM,1421S5002900,substation,E-REDES,DIRECT_EREDES,3.602407261682723
BUS:JUNCTION:60:03061,60,-8.948959271219218,39.32245875805296,,,,line_endpoint_cluster,derived,ENDPOINT_CLUSTER_DERIVED,
BUS:JUNCTION:60:03062,60,-8.022646238464228,39.22399953389355,,,,line_endpoint_cluster,derived,ENDPOINT_CLUSTER_DERIVED,
BUS:JUNCTION:60:03063,60,-7.740537754100727,39.529842158854215,,,,line_endpoint_cluster,derived,ENDPOINT_CLUSTER_DERIVED,
BUS:EREDES:0508S5008800:60,60,-7.89644893662105,39.721562294396,EREDES:0508S5008800,VALE SERRÃO,0508S5008800,substation,E-REDES,DIRECT_EREDES,24.071027061019677
BUS:JUNCTION:60:03065,60,-7.9091928708501,39.8116623196975,,,,line_endpoint_cluster,derived,ENDPOINT_CLUSTER_DERIVED,
BUS:JUNCTION:60:03067,60,-8.814473353364619,40.14545658549025,,,,line_endpoint_cluster,derived,ENDPOINT_CLUSTER_DERIVED,
BUS:JUNCTION:60:03068,60,-8.199629153053259,40.33881723523839,,,,line_endpoint_cluster,derived,ENDPOINT_CLUSTER_DERIVED,
BUS:EREDES:0613S5003800:60,60,-8.19708840151497,40.3364688332381,EREDES:0613S5003800,AGUIEIRA,0613S5003800,substation,E-REDES,DIRECT_EREDES,8.546861419948149
BUS:JUNCTION:60:03070,60,-7.373973951516861,40.387486647687375,,,,line_endpoint_cluster,derived,ENDPOINT_CLUSTER_DERIVED,
BUS:JUNCTION:60:03071,60,-7.335634914701219,40.54232124074268,,,,line_endpoint_cluster,derived,ENDPOINT_CLUSTER_DERIVED,
BUS:JUNCTION:60:03072,60,-8.795887008573626,39.695907219083956,,,,line_endpoint_cluster,derived,ENDPOINT_CLUSTER_DERIVED,
BUS:JUNCTION:60:03073,60,-9.074990176403237,39.352968969240806,,,,line_endpoint_cluster,derived,ENDPOINT_CLUSTER_DERIVED,
BUS:JUNCTION:60:03074,60,-8.202297360941584,40.37399713746936,,,,line_endpoint_cluster,derived,ENDPOINT_CLUSTER_DERIVED,
BUS:JUNCTION:60:03075,60,-8.87472037551012,38.54432659679586,,,,line_endpoint_cluster,derived,ENDPOINT_CLUSTER_DERIVED,
BUS:JUNCTION:60:03076,60,-8.860440042075165,38.538413172286056,,,,line_endpoint_cluster,derived,ENDPOINT_CLUSTER_DERIVED,
BUS:JUNCTION:60:03077,60,-8.750467888410817,37.90647940037085,,,,line_endpoint_cluster,derived,ENDPOINT_CLUSTER_DERIVED,
BUS:JUNCTION:60:03078,60,-8.255884556673534,37.16244343626879,,,,line_endpoint_cluster,derived,ENDPOINT_CLUSTER_DERIVED,
BUS:JUNCTION:60:03079,60,-7.866770009922819,38.57286006653581,,,,line_endpoint_cluster,derived,ENDPOINT_CLUSTER_DERIVED,
BUS:JUNCTION:60:03081,60,-9.168261475791768,38.74171629663652,,,,line_endpoint_cluster,derived,ENDPOINT_CLUSTER_DERIVED,
BUS:JUNCTION:60:03082,60,-9.159334429417921,38.735763829521325,,,,line_endpoint_cluster,derived,ENDPOINT_CLUSTER_DERIVED,
BUS:JUNCTION:60:03083,60,-9.191001843450389,38.89009501137793,,,,line_endpoint_cluster,derived,ENDPOINT_CLUSTER_DERIVED,
BUS:JUNCTION:60:03084,60,-9.373810965369247,38.74645456234566,,,,line_endpoint_cluster,derived,ENDPOINT_CLUSTER_DERIVED,
BUS:JUNCTION:60:03085,60,-9.217404496012394,38.79043255112002,,,,line_endpoint_cluster,derived,ENDPOINT_CLUSTER_DERIVED,
BUS:JUNCTION:60:03086,60,-9.223836712063312,38.78688145817618,,,,line_endpoint_cluster,derived,ENDPOINT_CLUSTER_DERIVED,
BUS:JUNCTION:60:03087,60,-8.463975933297554,39.47130916132174,,,,line_endpoint_cluster,derived,ENDPOINT_CLUSTER_DERIVED,
BUS:JUNCTION:60:03088,60,-8.413291763909923,39.50207669862649,,,,line_endpoint_cluster,derived,ENDPOINT_CLUSTER_DERIVED,
BUS:JUNCTION:60:03089,60,-8.389090240800863,39.56394595946337,,,,line_endpoint_cluster,derived,ENDPOINT_CLUSTER_DERIVED,
BUS:JUNCTION:60:03090,60,-8.643412217053031,39.18482006680386,,,,line_endpoint_cluster,derived,ENDPOINT_CLUSTER_DERIVED,
BUS:EREDES:1415S5840100:60,60,-8.76545361183645,39.0260638131249,EREDES:1415S5840100,MEXEEIRO,1415S5840100,substation,E-REDES,DIRECT_EREDES,34.418726562503764
BUS:JUNCTION:60:03092,60,-8.252986018151224,39.458429485225786,,,,line_endpoint_cluster,derived,ENDPOINT_CLUSTER_DERIVED,
BUS:EREDES:0505S5006800:60,60,-7.22563596427213,39.9127153747679,EREDES:0505S5006800,SENHORA DA GRAÇA,0505S5006800,substation,E-REDES,DIRECT_EREDES,31.48797394361275
BUS:JUNCTION:60:03094,60,-7.912495869265255,39.855586546414024,,,,line_endpoint_cluster,derived,ENDPOINT_CLUSTER_DERIVED,
BUS:JUNCTION:60:03095,60,-8.477385959704677,40.117874045193986,,,,line_endpoint_cluster,derived,ENDPOINT_CLUSTER_DERIVED,
BUS:JUNCTION:60:03096,60,-8.248731861450365,40.30903582021471,,,,line_endpoint_cluster,derived,ENDPOINT_CLUSTER_DERIVED,
BUS:EREDES:0909S5007600:60,60,-7.18287132966389,41.0189088792756,EREDES:0909S5007600,MARVÃO,0909S5007600,substation,E-REDES,DIRECT_EREDES,10.154312674576904
BUS:JUNCTION:60:03098,60,-8.664360119786902,39.896971582509615,,,,line_endpoint_cluster,derived,ENDPOINT_CLUSTER_DERIVED,
BUS:EREDES:1015S5004400:60,60,-8.6958845086966,39.8732471531011,EREDES:1015S5004400,RANHA,1015S5004400,substation,E-REDES,DIRECT_EREDES,35.85104921220111
BUS:JUNCTION:60:03100,60,-8.200887123582897,40.36196258724368,,,,line_endpoint_cluster,derived,ENDPOINT_CLUSTER_DERIVED,
BUS:JUNCTION:60:03101,60,-7.283054952214014,41.61977857212238,,,,line_endpoint_cluster,derived,ENDPOINT_CLUSTER_DERIVED,
BUS:JUNCTION:60:03102,60,-7.6209734917887015,40.25315567754166,,,,line_endpoint_cluster,derived,ENDPOINT_CLUSTER_DERIVED,
BUS:JUNCTION:60:03103,60,-8.748588475217565,40.00012266215526,,,,line_endpoint_cluster,derived,ENDPOINT_CLUSTER_DERIVED,
BUS:JUNCTION:60:03104,60,-8.725596884769146,39.837595903863004,,,,line_endpoint_cluster,derived,ENDPOINT_CLUSTER_DERIVED,
BUS:JUNCTION:60:03105,60,-8.84836527937687,40.06017807455545,,,,line_endpoint_cluster,derived,ENDPOINT_CLUSTER_DERIVED,
BUS:JUNCTION:60:03106,60,-7.734200295760751,41.13445224315607,,,,line_endpoint_cluster,derived,ENDPOINT_CLUSTER_DERIVED,
BUS:EREDES:0912S5008200:60,60,-7.68855019031979,40.3273482051255,EREDES:0912S5008200,LORIGA,0912S5008200,substation,E-REDES,DIRECT_EREDES,22.0473228697375
BUS:JUNCTION:60:03108,60,-7.672004670511836,40.29269966785169,,,,line_endpoint_cluster,derived,ENDPOINT_CLUSTER_DERIVED,
BUS:JUNCTION:60:03109,60,-7.294476417996662,40.75469486868768,,,,line_endpoint_cluster,derived,ENDPOINT_CLUSTER_DERIVED,
BUS:EREDES:0911S5007300:60,60,-7.04581549070247,40.5164712180614,EREDES:0911S5007300,CERDEIRA,0911S5007300,substation,E-REDES,DIRECT_EREDES,12.89369157583473
BUS:JUNCTION:60:03111,60,-8.477228444356772,40.42839404820618,,,,line_endpoint_cluster,derived,ENDPOINT_CLUSTER_DERIVED,
BUS:JUNCTION:60:03112,60,-8.63217531512759,40.96665341555093,,,,line_endpoint_cluster,derived,ENDPOINT_CLUSTER_DERIVED,
BUS:JUNCTION:60:03113,60,-8.536260170323203,40.821290228441605,,,,line_endpoint_cluster,derived,ENDPOINT_CLUSTER_DERIVED,
BUS:JUNCTION:60:03114,60,-8.569918070697248,40.700927528381236,,,,line_endpoint_cluster,derived,ENDPOINT_CLUSTER_DERIVED,
BUS:JUNCTION:60:03115,60,-8.561746960260846,40.77611422113189,,,,line_endpoint_cluster,derived,ENDPOINT_CLUSTER_DERIVED,
BUS:JUNCTION:60:03116,60,-8.568138948972726,40.73746851929691,,,,line_endpoint_cluster,derived,ENDPOINT_CLUSTER_DERIVED,
BUS:EREDES:1701S5003400:60,60,-7.5418410227368,41.1933313490469,EREDES:1701S5003400,PINHÃO,1701S5003400,substation,E-REDES,DIRECT_EREDES,26.8892026094476
BUS:JUNCTION:60:03118,60,-7.761072491040102,41.279551794632944,,,,line_endpoint_cluster,derived,ENDPOINT_CLUSTER_DERIVED,
BUS:JUNCTION:60:03119,60,-7.753331856722343,41.46374340600818,,,,line_endpoint_cluster,derived,ENDPOINT_CLUSTER_DERIVED,
BUS:JUNCTION:60:03121,60,-7.57677267153821,41.59652380483332,,,,line_endpoint_cluster,derived,ENDPOINT_CLUSTER_DERIVED,
BUS:JUNCTION:60:03122,60,-7.807912798804592,41.45972415629124,,,,line_endpoint_cluster,derived,ENDPOINT_CLUSTER_DERIVED,
BUS:EREDES:1703S5002100:60,60,-7.56847607584034,41.6411898790134,EREDES:1703S5002100,VIDAGO,1703S5002100,substation,E-REDES,DIRECT_EREDES,35.45607371462489
BUS:EREDES:1309S5000700:60,60,-8.36281937740724,41.2837341078485,EREDES:1309S5000700,PAÇOS DE FERREIRA,1309S5000700,substation,E-REDES,DIRECT_EREDES,7.326268585162827
BUS:JUNCTION:60:03125,60,-8.557423834432907,41.240124702257916,,,,line_endpoint_cluster,derived,ENDPOINT_CLUSTER_DERIVED,
BUS:JUNCTION:60:03126,60,-8.550151837540893,41.190681175100984,,,,line_endpoint_cluster,derived,ENDPOINT_CLUSTER_DERIVED,
BUS:JUNCTION:60:03127,60,-8.56757850976506,41.17430739615451,,,,line_endpoint_cluster,derived,ENDPOINT_CLUSTER_DERIVED,
BUS:EREDES:1315S5007300:60,60,-8.535870893396,41.2262209908111,EREDES:1315S5007300,ALFENA,1315S5007300,substation,E-REDES,DIRECT_EREDES,30.530772321235435
BUS:JUNCTION:60:03129,60,-8.559138222127213,41.233439388118384,,,,line_endpoint_cluster,derived,ENDPOINT_CLUSTER_DERIVED,
BUS:JUNCTION:60:03130,60,-8.61852012461636,41.09053083642435,,,,line_endpoint_cluster,derived,ENDPOINT_CLUSTER_DERIVED,
BUS:JUNCTION:60:03131,60,-8.674500056169107,41.18215722719467,,,,line_endpoint_cluster,derived,ENDPOINT_CLUSTER_DERIVED,
BUS:EREDES:1308S5002600:60,60,-8.67756344606841,41.187853441031,EREDES:1308S5002600,MATOSINHOS,1308S5002600,substation,E-REDES,DIRECT_EREDES,19.18306538333186
BUS:EREDES:1608S5006800:60,60,-8.63403473046996,42.025769606762,EREDES:1608S5006800,VALENÇA,1608S5006800,substation,E-REDES,DIRECT_EREDES,8.540819657713673
BUS:JUNCTION:60:03134,60,-8.771248262674273,41.67263325716685,,,,line_endpoint_cluster,derived,ENDPOINT_CLUSTER_DERIVED,
BUS:JUNCTION:60:03135,60,-8.463254602744424,41.44330567465705,,,,line_endpoint_cluster,derived,ENDPOINT_CLUSTER_DERIVED,
BUS:JUNCTION:60:03136,60,-8.23401786037573,41.4564650725048,,,,line_endpoint_cluster,derived,ENDPOINT_CLUSTER_DERIVED,
BUS:JUNCTION:60:03137,60,-8.636485981649436,41.157779663043236,,,,line_endpoint_cluster,derived,ENDPOINT_CLUSTER_DERIVED,
BUS:JUNCTION:60:03139,60,-8.737148795235033,38.60104168280986,,,,line_endpoint_cluster,derived,ENDPOINT_CLUSTER_DERIVED,
BUS:JUNCTION:60:03140,60,-8.649844297673761,38.6530445285203,,,,line_endpoint_cluster,derived,ENDPOINT_CLUSTER_DERIVED,
BUS:JUNCTION:60:03141,60,-8.860284305645449,38.55990373299033,,,,line_endpoint_cluster,derived,ENDPOINT_CLUSTER_DERIVED,
BUS:JUNCTION:60:03142,60,-9.069400184197901,38.864917200967575,,,,line_endpoint_cluster,derived,ENDPOINT_CLUSTER_DERIVED,
BUS:JUNCTION:60:03143,60,-9.067694763881,38.86825780450216,,,,line_endpoint_cluster,derived,ENDPOINT_CLUSTER_DERIVED,
BUS:JUNCTION:60:03144,60,-9.051606565813994,38.88644725355786,,,,line_endpoint_cluster,derived,ENDPOINT_CLUSTER_DERIVED,
BUS:JUNCTION:60:03145,60,-9.110377642622705,38.89070729954046,,,,line_endpoint_cluster,derived,ENDPOINT_CLUSTER_DERIVED,
BUS:JUNCTION:60:03146,60,-9.323991387183497,38.735212467394504,,,,line_endpoint_cluster,derived,ENDPOINT_CLUSTER_DERIVED,
BUS:JUNCTION:60:03147,60,-8.763071520849097,37.73748814177687,,,,line_endpoint_cluster,derived,ENDPOINT_CLUSTER_DERIVED,
BUS:JUNCTION:60:03148,60,-7.616808752073664,38.0414019189901,,,,line_endpoint_cluster,derived,ENDPOINT_CLUSTER_DERIVED,
BUS:JUNCTION:60:03149,60,-7.858593697515627,41.69819882370998,,,,line_endpoint_cluster,derived,ENDPOINT_CLUSTER_DERIVED,
BUS:JUNCTION:60:03150,60,-7.840501059457511,41.70583198138978,,,,line_endpoint_cluster,derived,ENDPOINT_CLUSTER_DERIVED,
BUS:JUNCTION:60:03151,60,-7.809507036095052,41.718897286699246,,,,line_endpoint_cluster,derived,ENDPOINT_CLUSTER_DERIVED,
BUS:JUNCTION:60:03152,60,-8.82247106625482,37.104186935784895,,,,line_endpoint_cluster,derived,ENDPOINT_CLUSTER_DERIVED,
BUS:JUNCTION:60:03153,60,-8.859336143995346,37.09815931211341,,,,line_endpoint_cluster,derived,ENDPOINT_CLUSTER_DERIVED,
BUS:JUNCTION:60:03154,60,-8.771481389946944,37.323128191570596,,,,line_endpoint_cluster,derived,ENDPOINT_CLUSTER_DERIVED,
BUS:JUNCTION:60:03155,60,-7.109235134876749,41.24072544558714,,,,line_endpoint_cluster,derived,ENDPOINT_CLUSTER_DERIVED,
BUS:JUNCTION:60:03156,60,-7.984482960726894,40.975127582781944,,,,line_endpoint_cluster,derived,ENDPOINT_CLUSTER_DERIVED,
BUS:JUNCTION:60:03157,60,-7.572541051107053,38.84640789910272,,,,line_endpoint_cluster,derived,ENDPOINT_CLUSTER_DERIVED,
BUS:JUNCTION:60:03158,60,-8.313020691771733,41.228965726402706,,,,line_endpoint_cluster,derived,ENDPOINT_CLUSTER_DERIVED,
BUS:JUNCTION:60:03159,60,-8.300846077275894,41.22877101012437,,,,line_endpoint_cluster,derived,ENDPOINT_CLUSTER_DERIVED,
BUS:JUNCTION:60:03160,60,-9.200000753717251,39.33346375543031,,,,line_endpoint_cluster,derived,ENDPOINT_CLUSTER_DERIVED,
BUS:JUNCTION:60:03161,60,-8.338248173116783,39.48842746300469,,,,line_endpoint_cluster,derived,ENDPOINT_CLUSTER_DERIVED,
BUS:JUNCTION:60:03162,60,-8.277159147321717,39.48661946889779,,,,line_endpoint_cluster,derived,ENDPOINT_CLUSTER_DERIVED,
BUS:JUNCTION:60:03163,60,-8.09198153464601,37.095823479842025,,,,line_endpoint_cluster,derived,ENDPOINT_CLUSTER_DERIVED,
BUS:JUNCTION:60:03164,60,-8.092829493264889,37.09545288279493,,,,line_endpoint_cluster,derived,ENDPOINT_CLUSTER_DERIVED,
BUS:JUNCTION:60:03165,60,-8.094323738592347,37.09759288350985,,,,line_endpoint_cluster,derived,ENDPOINT_CLUSTER_DERIVED,
BUS:JUNCTION:60:03166,60,-8.155779275762383,37.874540426690956,,,,line_endpoint_cluster,derived,ENDPOINT_CLUSTER_DERIVED,
BUS:JUNCTION:60:03167,60,-7.727293797715308,40.24612669283863,,,,line_endpoint_cluster,derived,ENDPOINT_CLUSTER_DERIVED,
BUS:JUNCTION:60:03168,60,-8.53253680608498,37.19788068478953,,,,line_endpoint_cluster,derived,ENDPOINT_CLUSTER_DERIVED,
BUS:JUNCTION:60:03169,60,-7.867555365706954,41.32442696095529,,,,line_endpoint_cluster,derived,ENDPOINT_CLUSTER_DERIVED,
BUS:JUNCTION:60:03170,60,-7.843000048585618,41.33555886202262,,,,line_endpoint_cluster,derived,ENDPOINT_CLUSTER_DERIVED,
BUS:JUNCTION:60:03171,60,-8.303882315306922,41.21861233110421,,,,line_endpoint_cluster,derived,ENDPOINT_CLUSTER_DERIVED,
BUS:JUNCTION:60:03172,60,-8.45385373458468,40.92748858048372,,,,line_endpoint_cluster,derived,ENDPOINT_CLUSTER_DERIVED,
BUS:JUNCTION:60:03173,60,-7.196777865397306,40.28329688818855,,,,line_endpoint_cluster,derived,ENDPOINT_CLUSTER_DERIVED,
BUS:EREDES:0507S5024400:60,60,-7.20101541372892,40.2430546618134,EREDES:0507S5024400,MEIMOA,0507S5024400,substation,E-REDES,DIRECT_EREDES,30.973262295519554
BUS:JUNCTION:60:03175,60,-9.171874690377601,38.78214123575839,,,,line_endpoint_cluster,derived,ENDPOINT_CLUSTER_DERIVED,
BUS:JUNCTION:60:03176,60,-8.207611981231157,39.45337416083402,,,,line_endpoint_cluster,derived,ENDPOINT_CLUSTER_DERIVED,
BUS:JUNCTION:60:03177,60,-9.298368439462983,38.73741029588345,,,,line_endpoint_cluster,derived,ENDPOINT_CLUSTER_DERIVED,
BUS:JUNCTION:60:03178,60,-8.75655051790786,38.59717451507598,,,,line_endpoint_cluster,derived,ENDPOINT_CLUSTER_DERIVED,
BUS:JUNCTION:60:03179,60,-8.98027682478226,38.98573802164529,,,,line_endpoint_cluster,derived,ENDPOINT_CLUSTER_DERIVED,
BUS:JUNCTION:60:03180,60,-8.853310876990008,38.51709802382115,,,,line_endpoint_cluster,derived,ENDPOINT_CLUSTER_DERIVED,
BUS:JUNCTION:60:03181,60,-8.221342392492812,41.421445089745944,,,,line_endpoint_cluster,derived,ENDPOINT_CLUSTER_DERIVED,
BUS:JUNCTION:60:03182,60,-8.2958003423681,41.43040031552913,,,,line_endpoint_cluster,derived,ENDPOINT_CLUSTER_DERIVED,
BUS:JUNCTION:60:03183,60,-7.036551137125495,41.478988589767916,,,,line_endpoint_cluster,derived,ENDPOINT_CLUSTER_DERIVED,
BUS:JUNCTION:60:03184,60,-6.972007203606777,41.538725276697065,,,,line_endpoint_cluster,derived,ENDPOINT_CLUSTER_DERIVED,
BUS:JUNCTION:60:03186,60,-8.533701744864116,41.25742553678008,,,,line_endpoint_cluster,derived,ENDPOINT_CLUSTER_DERIVED,
BUS:JUNCTION:60:03187,60,-8.535661402011852,41.255421375605565,,,,line_endpoint_cluster,derived,ENDPOINT_CLUSTER_DERIVED,
BUS:JUNCTION:60:03188,60,-8.190618340333254,37.66642366847583,,,,line_endpoint_cluster,derived,ENDPOINT_CLUSTER_DERIVED,
BUS:JUNCTION:60:03189,60,-8.090872915706772,37.09500625255329,,,,line_endpoint_cluster,derived,ENDPOINT_CLUSTER_DERIVED,
BUS:JUNCTION:60:03190,60,-9.32188861316003,38.84073092521699,,,,line_endpoint_cluster,derived,ENDPOINT_CLUSTER_DERIVED,
BUS:JUNCTION:60:03191,60,-8.60894543387921,41.18495927485285,,,,line_endpoint_cluster,derived,ENDPOINT_CLUSTER_DERIVED,
BUS:JUNCTION:60:03193,60,-8.92657649681308,38.70258882473433,,,,line_endpoint_cluster,derived,ENDPOINT_CLUSTER_DERIVED,
BUS:JUNCTION:60:03194,60,-7.786426172058137,41.54500601370862,,,,line_endpoint_cluster,derived,ENDPOINT_CLUSTER_DERIVED,
BUS:JUNCTION:60:03195,60,-8.573383123791583,40.77429398309275,,,,line_endpoint_cluster,derived,ENDPOINT_CLUSTER_DERIVED,
BUS:JUNCTION:60:03196,60,-8.572602571517145,40.77098749150605,,,,line_endpoint_cluster,derived,ENDPOINT_CLUSTER_DERIVED,
BUS:JUNCTION:60:03197,60,-8.58786971123193,40.7744805638373,,,,line_endpoint_cluster,derived,ENDPOINT_CLUSTER_DERIVED,
BUS:JUNCTION:60:03198,60,-7.799057268101008,40.998042912639555,,,,line_endpoint_cluster,derived,ENDPOINT_CLUSTER_DERIVED,
BUS:JUNCTION:60:03199,60,-8.266126492683794,40.50347708619846,,,,line_endpoint_cluster,derived,ENDPOINT_CLUSTER_DERIVED,
BUS:JUNCTION:60:03200,60,-8.633789811145213,40.92185093450038,,,,line_endpoint_cluster,derived,ENDPOINT_CLUSTER_DERIVED,
BUS:JUNCTION:60:03201,60,-8.841906763308069,39.11756502254639,,,,line_endpoint_cluster,derived,ENDPOINT_CLUSTER_DERIVED,
BUS:JUNCTION:60:03202,60,-8.848856887887575,41.68661855996346,,,,line_endpoint_cluster,derived,ENDPOINT_CLUSTER_DERIVED,
BUS:JUNCTION:60:03203,60,-7.587283149806096,39.42756882803064,,,,line_endpoint_cluster,derived,ENDPOINT_CLUSTER_DERIVED,
BUS:JUNCTION:60:03204,60,-7.588418729806211,39.42743575012656,,,,line_endpoint_cluster,derived,ENDPOINT_CLUSTER_DERIVED,
BUS:JUNCTION:60:03205,60,-8.848130668904252,41.69378727278001,,,,line_endpoint_cluster,derived,ENDPOINT_CLUSTER_DERIVED,
BUS:JUNCTION:60:03206,60,-7.994283994227477,39.44832741553105,,,,line_endpoint_cluster,derived,ENDPOINT_CLUSTER_DERIVED,
BUS:JUNCTION:60:03207,60,-7.966512271714314,39.38718025810518,,,,line_endpoint_cluster,derived,ENDPOINT_CLUSTER_DERIVED,
BUS:JUNCTION:60:03208,60,-7.966540622923772,39.38503289685801,,,,line_endpoint_cluster,derived,ENDPOINT_CLUSTER_DERIVED,
BUS:JUNCTION:60:03209,60,-7.867737749494266,38.586159026001525,,,,line_endpoint_cluster,derived,ENDPOINT_CLUSTER_DERIVED,
BUS:JUNCTION:60:03210,60,-7.950077486452205,38.56532428617444,,,,line_endpoint_cluster,derived,ENDPOINT_CLUSTER_DERIVED,
BUS:JUNCTION:60:03211,60,-8.10251083745913,38.41381575680205,,,,line_endpoint_cluster,derived,ENDPOINT_CLUSTER_DERIVED,
BUS:JUNCTION:60:03212,60,-8.056491037495036,38.06433785444715,,,,line_endpoint_cluster,derived,ENDPOINT_CLUSTER_DERIVED,
BUS:JUNCTION:60:03213,60,-8.13206877993837,37.976830832228416,,,,line_endpoint_cluster,derived,ENDPOINT_CLUSTER_DERIVED,
BUS:JUNCTION:60:03214,60,-8.134001460294105,37.97428406538891,,,,line_endpoint_cluster,derived,ENDPOINT_CLUSTER_DERIVED,
BUS:JUNCTION:60:03215,60,-8.134846688768693,37.972036938713565,,,,line_endpoint_cluster,derived,ENDPOINT_CLUSTER_DERIVED,
BUS:JUNCTION:60:03216,60,-8.693537663942692,41.30004203962919,,,,line_endpoint_cluster,derived,ENDPOINT_CLUSTER_DERIVED,
BUS:JUNCTION:60:03217,60,-9.164511853989932,38.776796430734066,,,,line_endpoint_cluster,derived,ENDPOINT_CLUSTER_DERIVED,
BUS:JUNCTION:60:03218,60,-8.853857388231788,39.6278513241243,,,,line_endpoint_cluster,derived,ENDPOINT_CLUSTER_DERIVED,
BUS:JUNCTION:60:03219,60,-7.449060617925555,38.19505754519281,,,,line_endpoint_cluster,derived,ENDPOINT_CLUSTER_DERIVED,
BUS:JUNCTION:60:03220,60,-7.453922957391204,38.19703200067939,,,,line_endpoint_cluster,derived,ENDPOINT_CLUSTER_DERIVED,
BUS:JUNCTION:60:03221,60,-7.454002482039879,38.19415716926324,,,,line_endpoint_cluster,derived,ENDPOINT_CLUSTER_DERIVED,
BUS:JUNCTION:60:03222,60,-7.458351393872134,38.19318744960504,,,,line_endpoint_cluster,derived,ENDPOINT_CLUSTER_DERIVED,
BUS:JUNCTION:60:03223,60,-7.463033413357878,38.192951015620515,,,,line_endpoint_cluster,derived,ENDPOINT_CLUSTER_DERIVED,
BUS:JUNCTION:60:03224,60,-8.986573993785376,39.65008611708792,,,,line_endpoint_cluster,derived,ENDPOINT_CLUSTER_DERIVED,
BUS:JUNCTION:60:03225,60,-8.593404300148482,41.124871663985644,,,,line_endpoint_cluster,derived,ENDPOINT_CLUSTER_DERIVED,
BUS:JUNCTION:60:03226,60,-8.52966679956513,41.06044768714227,,,,line_endpoint_cluster,derived,ENDPOINT_CLUSTER_DERIVED,
BUS:JUNCTION:60:03227,60,-8.473197237382907,39.485420225595675,,,,line_endpoint_cluster,derived,ENDPOINT_CLUSTER_DERIVED,
BUS:JUNCTION:60:03228,60,-8.273945889055806,37.164755265202224,,,,line_endpoint_cluster,derived,ENDPOINT_CLUSTER_DERIVED,
BUS:JUNCTION:60:03229,60,-7.574495020807315,38.16011725087148,,,,line_endpoint_cluster,derived,ENDPOINT_CLUSTER_DERIVED,
BUS:JUNCTION:60:03230,60,-8.313816660991437,38.26103889302287,,,,line_endpoint_cluster,derived,ENDPOINT_CLUSTER_DERIVED,
BUS:JUNCTION:60:03231,60,-8.47426147663865,37.152080410566334,,,,line_endpoint_cluster,derived,ENDPOINT_CLUSTER_DERIVED,
BUS:JUNCTION:60:03232,60,-7.326402658610569,41.63181562399482,,,,line_endpoint_cluster,derived,ENDPOINT_CLUSTER_DERIVED,
BUS:JUNCTION:60:03233,60,-7.989097540935375,40.32523837559164,,,,line_endpoint_cluster,derived,ENDPOINT_CLUSTER_DERIVED,
BUS:JUNCTION:60:03234,60,-8.361037154808098,41.4210451645091,,,,line_endpoint_cluster,derived,ENDPOINT_CLUSTER_DERIVED,
BUS:JUNCTION:60:03235,60,-7.428824191958147,38.8492658595495,,,,line_endpoint_cluster,derived,ENDPOINT_CLUSTER_DERIVED,
BUS:JUNCTION:60:03236,60,-8.698636584461616,39.26061396911519,,,,line_endpoint_cluster,derived,ENDPOINT_CLUSTER_DERIVED,
BUS:JUNCTION:60:03237,60,-8.696582311629356,39.25975899347658,,,,line_endpoint_cluster,derived,ENDPOINT_CLUSTER_DERIVED,
BUS:JUNCTION:60:03238,60,-7.410194846201031,38.68551452699777,,,,line_endpoint_cluster,derived,ENDPOINT_CLUSTER_DERIVED,
BUS:JUNCTION:60:03239,60,-7.410390519082702,38.687990543961035,,,,line_endpoint_cluster,derived,ENDPOINT_CLUSTER_DERIVED,
BUS:JUNCTION:60:03240,60,-7.408213426202441,38.661185222098794,,,,line_endpoint_cluster,derived,ENDPOINT_CLUSTER_DERIVED,
BUS:EREDES:0211S5053400:60,60,-8.76612596377235,37.7354913918708,EREDES:0211S5053400,VILA NOVA MILFONTES,0211S5053400,substation,E-REDES,DIRECT_EREDES,19.738414392166753
BUS:JUNCTION:60:03242,60,-8.79482800257552,37.149917641197796,,,,line_endpoint_cluster,derived,ENDPOINT_CLUSTER_DERIVED,
BUS:JUNCTION:60:03243,60,-8.626948906969346,40.03475693396936,,,,line_endpoint_cluster,derived,ENDPOINT_CLUSTER_DERIVED,
BUS:EREDES:0615S5010500:60,60,-8.63252320413105,40.0438220458298,EREDES:0615S5010500,SOURE,0615S5010500,substation,E-REDES,DIRECT_EREDES,20.664228164999724
BUS:JUNCTION:60:03245,60,-8.890316362371092,38.551964419770854,,,,line_endpoint_cluster,derived,ENDPOINT_CLUSTER_DERIVED,
BUS:JUNCTION:60:03246,60,-8.940125458381702,38.57216779651413,,,,line_endpoint_cluster,derived,ENDPOINT_CLUSTER_DERIVED,
BUS:JUNCTION:60:03247,60,-8.110754836763626,37.86645289391947,,,,line_endpoint_cluster,derived,ENDPOINT_CLUSTER_DERIVED,
BUS:JUNCTION:60:03248,60,-8.471711606947984,41.167179458373795,,,,line_endpoint_cluster,derived,ENDPOINT_CLUSTER_DERIVED,
BUS:JUNCTION:60:03249,60,-8.267600826850632,41.35634244648038,,,,line_endpoint_cluster,derived,ENDPOINT_CLUSTER_DERIVED,
BUS:JUNCTION:60:03250,60,-8.45327538897941,40.44302922867607,,,,line_endpoint_cluster,derived,ENDPOINT_CLUSTER_DERIVED,
BUS:JUNCTION:60:03251,60,-8.450972631987586,40.442547791468456,,,,line_endpoint_cluster,derived,ENDPOINT_CLUSTER_DERIVED,
BUS:JUNCTION:60:03252,60,-8.556729357667846,41.23805613073093,,,,line_endpoint_cluster,derived,ENDPOINT_CLUSTER_DERIVED,
BUS:JUNCTION:60:03253,60,-8.796487206733433,37.11695422962116,,,,line_endpoint_cluster,derived,ENDPOINT_CLUSTER_DERIVED,
BUS:JUNCTION:60:03254,60,-8.82975398629511,37.101637325635046,,,,line_endpoint_cluster,derived,ENDPOINT_CLUSTER_DERIVED,
BUS:EREDES:0701S5042100:60,60,-7.40445524934885,38.6294910943099,EREDES:0701S5042100,TERENA,0701S5042100,substation,E-REDES,DIRECT_EREDES,81.7735370716886
BUS:JUNCTION:60:03256,60,-7.987387393006673,39.75688230308118,,,,line_endpoint_cluster,derived,ENDPOINT_CLUSTER_DERIVED,
BUS:JUNCTION:60:03257,60,-8.639768948290541,41.278665761771144,,,,line_endpoint_cluster,derived,ENDPOINT_CLUSTER_DERIVED,
BUS:JUNCTION:60:03258,60,-9.026530141917878,38.58998550520789,,,,line_endpoint_cluster,derived,ENDPOINT_CLUSTER_DERIVED,
BUS:JUNCTION:60:03259,60,-9.018478403631287,38.58695106494941,,,,line_endpoint_cluster,derived,ENDPOINT_CLUSTER_DERIVED,
BUS:JUNCTION:60:03260,60,-9.050087848510039,38.675118444586744,,,,line_endpoint_cluster,derived,ENDPOINT_CLUSTER_DERIVED,
BUS:JUNCTION:60:03261,60,-7.912239250000981,38.53957195848123,,,,line_endpoint_cluster,derived,ENDPOINT_CLUSTER_DERIVED,
BUS:JUNCTION:60:03262,60,-8.458676869221586,39.49163514529425,,,,line_endpoint_cluster,derived,ENDPOINT_CLUSTER_DERIVED,
BUS:JUNCTION:60:03263,60,-8.024150741598302,39.61645649492624,,,,line_endpoint_cluster,derived,ENDPOINT_CLUSTER_DERIVED,
BUS:JUNCTION:60:03264,60,-7.71318636054439,41.53754107620167,,,,line_endpoint_cluster,derived,ENDPOINT_CLUSTER_DERIVED,
BUS:JUNCTION:60:03265,60,-7.635291473938072,41.45844126338009,,,,line_endpoint_cluster,derived,ENDPOINT_CLUSTER_DERIVED,
BUS:JUNCTION:60:03266,60,-7.985020716636589,40.98825663496167,,,,line_endpoint_cluster,derived,ENDPOINT_CLUSTER_DERIVED,
BUS:JUNCTION:60:03267,60,-8.253621104154345,37.16218051195781,,,,line_endpoint_cluster,derived,ENDPOINT_CLUSTER_DERIVED,
BUS:JUNCTION:60:03269,60,-8.490727300376564,41.61413248972431,,,,line_endpoint_cluster,derived,ENDPOINT_CLUSTER_DERIVED,
BUS:EREDES:0313S5020100:60,60,-8.46479277771887,41.6368745140645,EREDES:0313S5020100,TURIZ,0313S5020100,substation,E-REDES,DIRECT_EREDES,8.414245418290559
BUS:JUNCTION:60:03271,60,-7.940496020270558,37.03784606639494,,,,line_endpoint_cluster,derived,ENDPOINT_CLUSTER_DERIVED,
BUS:JUNCTION:60:03272,60,-8.563353086869231,37.996836846794054,,,,line_endpoint_cluster,derived,ENDPOINT_CLUSTER_DERIVED,
BUS:JUNCTION:60:03273,60,-8.601890368573395,38.002655523452916,,,,line_endpoint_cluster,derived,ENDPOINT_CLUSTER_DERIVED,
BUS:JUNCTION:60:03274,60,-8.36334644311101,38.01631835092347,,,,line_endpoint_cluster,derived,ENDPOINT_CLUSTER_DERIVED,
BUS:JUNCTION:60:03275,60,-8.384305080057633,38.015949475414736,,,,line_endpoint_cluster,derived,ENDPOINT_CLUSTER_DERIVED,
BUS:JUNCTION:60:03276,60,-8.556194511588586,37.99733958245961,,,,line_endpoint_cluster,derived,ENDPOINT_CLUSTER_DERIVED,
BUS:JUNCTION:60:03277,60,-8.122262295901223,38.075320394374394,,,,line_endpoint_cluster,derived,ENDPOINT_CLUSTER_DERIVED,
BUS:JUNCTION:60:03278,60,-7.952412852004335,39.50306420914032,,,,line_endpoint_cluster,derived,ENDPOINT_CLUSTER_DERIVED,
BUS:JUNCTION:60:03279,60,-7.890320637009569,41.20249610263741,,,,line_endpoint_cluster,derived,ENDPOINT_CLUSTER_DERIVED,
BUS:JUNCTION:60:03280,60,-7.5271649782110135,38.84251211413689,,,,line_endpoint_cluster,derived,ENDPOINT_CLUSTER_DERIVED,
BUS:JUNCTION:60:03281,60,-9.069725573135305,39.63484976714271,,,,line_endpoint_cluster,derived,ENDPOINT_CLUSTER_DERIVED,
BUS:JUNCTION:60:03282,60,-8.42125245891215,40.85012922572374,,,,line_endpoint_cluster,derived,ENDPOINT_CLUSTER_DERIVED,
BUS:JUNCTION:60:03283,60,-8.613586589466141,41.132603383893674,,,,line_endpoint_cluster,derived,ENDPOINT_CLUSTER_DERIVED,
BUS:JUNCTION:60:03284,60,-8.61286166507475,41.131937078848246,,,,line_endpoint_cluster,derived,ENDPOINT_CLUSTER_DERIVED,
BUS:JUNCTION:60:03285,60,-8.189157186543564,40.846454638230874,,,,line_endpoint_cluster,derived,ENDPOINT_CLUSTER_DERIVED,
BUS:JUNCTION:60:03286,60,-8.24801282614553,40.84444006298621,,,,line_endpoint_cluster,derived,ENDPOINT_CLUSTER_DERIVED,
BUS:JUNCTION:60:03287,60,-7.868268233823922,41.685076610821426,,,,line_endpoint_cluster,derived,ENDPOINT_CLUSTER_DERIVED,
BUS:JUNCTION:60:03288,60,-7.955148271015484,38.405925056325906,,,,line_endpoint_cluster,derived,ENDPOINT_CLUSTER_DERIVED,
BUS:JUNCTION:60:03289,60,-9.29170941480501,39.22387078829134,,,,line_endpoint_cluster,derived,ENDPOINT_CLUSTER_DERIVED,
BUS:EREDES:0711S5042400:60,60,-7.53062520171291,38.4455098373635,EREDES:0711S5042400,REGUENGOS DE MONSARAZ,0711S5042400,substation,E-REDES,DIRECT_EREDES,53.58723607988008
BUS:JUNCTION:60:03292,60,-8.665372855425879,39.117810052418335,,,,line_endpoint_cluster,derived,ENDPOINT_CLUSTER_DERIVED,
BUS:JUNCTION:60:03293,60,-8.400087059564193,40.836195681964846,,,,line_endpoint_cluster,derived,ENDPOINT_CLUSTER_DERIVED,
BUS:JUNCTION:60:03294,60,-8.25711722170477,40.84107467006815,,,,line_endpoint_cluster,derived,ENDPOINT_CLUSTER_DERIVED,
BUS:JUNCTION:60:03295,60,-8.709464422250326,41.91534991939624,,,,line_endpoint_cluster,derived,ENDPOINT_CLUSTER_DERIVED,
BUS:JUNCTION:60:03296,60,-8.713861121205797,41.82545897579853,,,,line_endpoint_cluster,derived,ENDPOINT_CLUSTER_DERIVED,
BUS:JUNCTION:60:03297,60,-8.614688882697044,41.02218149286155,,,,line_endpoint_cluster,derived,ENDPOINT_CLUSTER_DERIVED,
BUS:JUNCTION:60:03298,60,-8.617078979697867,41.02063890177927,,,,line_endpoint_cluster,derived,ENDPOINT_CLUSTER_DERIVED,
BUS:EREDES:1823S5009600:60,60,-7.91935634992506,40.6484468612114,EREDES:1823S5009600,VISEU,1823S5009600,substation,E-REDES,DIRECT_EREDES,3.703476211254153
BUS:JUNCTION:60:03301,60,-8.795533501277585,37.95664108440518,,,,line_endpoint_cluster,derived,ENDPOINT_CLUSTER_DERIVED,
BUS:JUNCTION:60:03302,60,-8.80992267133738,38.037704024835165,,,,line_endpoint_cluster,derived,ENDPOINT_CLUSTER_DERIVED,
BUS:JUNCTION:60:03303,60,-8.770357591737229,41.79997679165958,,,,line_endpoint_cluster,derived,ENDPOINT_CLUSTER_DERIVED,
BUS:JUNCTION:60:03304,60,-8.770423657830577,41.79899577655643,,,,line_endpoint_cluster,derived,ENDPOINT_CLUSTER_DERIVED,
BUS:JUNCTION:60:03305,60,-8.770595459161907,41.79644457135962,,,,line_endpoint_cluster,derived,ENDPOINT_CLUSTER_DERIVED,
BUS:EREDES:1706S5021200:60,60,-7.89517921568911,41.714016950395,EREDES:1706S5021200,VILA DA PONTE,1706S5021200,substation,E-REDES,DIRECT_EREDES,5.148183907520866
BUS:JUNCTION:60:03307,60,-9.330982617365413,38.804766504180876,,,,line_endpoint_cluster,derived,ENDPOINT_CLUSTER_DERIVED,
BUS:EREDES:1115S5440000:60,60,-9.23533506062851,38.745068326833,EREDES:1115S5440000,VENTEIRA,1115S5440000,substation,E-REDES,DIRECT_EREDES,23.510443999103106
BUS:JUNCTION:60:03309,60,-9.244166489896685,38.76227942454054,,,,line_endpoint_cluster,derived,ENDPOINT_CLUSTER_DERIVED,
BUS:JUNCTION:60:03310,60,-8.604849309491156,37.18828378725475,,,,line_endpoint_cluster,derived,ENDPOINT_CLUSTER_DERIVED,
BUS:JUNCTION:60:03311,60,-8.604596160848423,37.194571433048935,,,,line_endpoint_cluster,derived,ENDPOINT_CLUSTER_DERIVED,
BUS:JUNCTION:60:03312,60,-8.469182121436319,39.53147438588492,,,,line_endpoint_cluster,derived,ENDPOINT_CLUSTER_DERIVED,
BUS:JUNCTION:60:03313,60,-9.092966140087794,38.84243082570454,,,,line_endpoint_cluster,derived,ENDPOINT_CLUSTER_DERIVED,
BUS:JUNCTION:60:03314,60,-8.886051073441527,38.549167874756506,,,,line_endpoint_cluster,derived,ENDPOINT_CLUSTER_DERIVED,
BUS:JUNCTION:60:03315,60,-8.808750116311064,38.50247063448106,,,,line_endpoint_cluster,derived,ENDPOINT_CLUSTER_DERIVED,
BUS:JUNCTION:60:03316,60,-8.86827043595403,38.57999814473981,,,,line_endpoint_cluster,derived,ENDPOINT_CLUSTER_DERIVED,
BUS:JUNCTION:60:03317,60,-7.791830802004016,40.21219570886934,,,,line_endpoint_cluster,derived,ENDPOINT_CLUSTER_DERIVED,
BUS:JUNCTION:60:03318,60,-7.829679996955543,40.26407329548881,,,,line_endpoint_cluster,derived,ENDPOINT_CLUSTER_DERIVED,
BUS:JUNCTION:60:03319,60,-7.856147321772916,40.271251064897434,,,,line_endpoint_cluster,derived,ENDPOINT_CLUSTER_DERIVED,
BUS:JUNCTION:60:03320,60,-7.865469826827565,40.27439671536,,,,line_endpoint_cluster,derived,ENDPOINT_CLUSTER_DERIVED,
BUS:JUNCTION:60:03321,60,-7.920762018446082,41.228733133607776,,,,line_endpoint_cluster,derived,ENDPOINT_CLUSTER_DERIVED,
BUS:JUNCTION:60:03322,60,-8.790980973834722,37.1196584593602,,,,line_endpoint_cluster,derived,ENDPOINT_CLUSTER_DERIVED,
BUS:EREDES:0805S5063500:60,60,-7.94115490020157,37.0278072762541,EREDES:0805S5063500,FARO,0805S5063500,substation,E-REDES,DIRECT_EREDES,9.797365628524677
BUS:EREDES:0211S5053600:60,60,-8.70217322145864,37.4890646799158,EREDES:0211S5053600,SÃO TEOTÓNIO,0211S5053600,substation,E-REDES,DIRECT_EREDES,36.11864482724179
BUS:JUNCTION:60:03325,60,-8.658931483063853,41.20374913012264,,,,line_endpoint_cluster,derived,ENDPOINT_CLUSTER_DERIVED,
BUS:JUNCTION:60:03326,60,-8.662485712184786,41.2037147619097,,,,line_endpoint_cluster,derived,ENDPOINT_CLUSTER_DERIVED,
BUS:JUNCTION:60:03327,60,-8.121662903362596,38.07638986396558,,,,line_endpoint_cluster,derived,ENDPOINT_CLUSTER_DERIVED,
BUS:JUNCTION:60:03328,60,-7.390447880892093,40.59398138630909,,,,line_endpoint_cluster,derived,ENDPOINT_CLUSTER_DERIVED,
BUS:JUNCTION:60:03329,60,-8.737307617727847,40.04926638748165,,,,line_endpoint_cluster,derived,ENDPOINT_CLUSTER_DERIVED,
BUS:JUNCTION:60:03330,60,-8.348408768538473,40.156281892459006,,,,line_endpoint_cluster,derived,ENDPOINT_CLUSTER_DERIVED,
BUS:JUNCTION:60:03331,60,-8.293201367646247,40.136867449457064,,,,line_endpoint_cluster,derived,ENDPOINT_CLUSTER_DERIVED,
BUS:JUNCTION:60:03332,60,-8.180947076757557,40.09758431183254,,,,line_endpoint_cluster,derived,ENDPOINT_CLUSTER_DERIVED,
BUS:JUNCTION:60:03333,60,-8.035504455875907,40.962934513705605,,,,line_endpoint_cluster,derived,ENDPOINT_CLUSTER_DERIVED,
BUS:JUNCTION:60:03334,60,-8.268277912921285,40.88379136992987,,,,line_endpoint_cluster,derived,ENDPOINT_CLUSTER_DERIVED,
BUS:JUNCTION:60:03335,60,-8.994391957502168,39.242608161402906,,,,line_endpoint_cluster,derived,ENDPOINT_CLUSTER_DERIVED,
BUS:JUNCTION:60:03336,60,-8.894437700193555,39.72668840444378,,,,line_endpoint_cluster,derived,ENDPOINT_CLUSTER_DERIVED,
BUS:JUNCTION:60:03337,60,-9.10482629599341,38.56734758530721,,,,line_endpoint_cluster,derived,ENDPOINT_CLUSTER_DERIVED,
BUS:JUNCTION:60:03338,60,-9.101023908171257,38.551794720994295,,,,line_endpoint_cluster,derived,ENDPOINT_CLUSTER_DERIVED,
BUS:JUNCTION:60:03339,60,-9.224639009729161,38.6641684918844,,,,line_endpoint_cluster,derived,ENDPOINT_CLUSTER_DERIVED,
BUS:JUNCTION:60:03340,60,-8.61420963786438,40.96408717687518,,,,line_endpoint_cluster,derived,ENDPOINT_CLUSTER_DERIVED,
BUS:JUNCTION:60:03341,60,-8.93183272080179,38.71326804467978,,,,line_endpoint_cluster,derived,ENDPOINT_CLUSTER_DERIVED,
BUS:JUNCTION:60:03342,60,-7.730308516160576,41.44678425873206,,,,line_endpoint_cluster,derived,ENDPOINT_CLUSTER_DERIVED,
BUS:JUNCTION:60:03343,60,-8.991511888049471,39.07154226520275,,,,line_endpoint_cluster,derived,ENDPOINT_CLUSTER_DERIVED,
BUS:JUNCTION:60:03344,60,-8.233997693286517,40.01023826137463,,,,line_endpoint_cluster,derived,ENDPOINT_CLUSTER_DERIVED,
BUS:JUNCTION:60:03345,60,-8.266978112450143,40.883610526291925,,,,line_endpoint_cluster,derived,ENDPOINT_CLUSTER_DERIVED,
BUS:JUNCTION:60:03346,60,-8.253675459642196,40.88059690539094,,,,line_endpoint_cluster,derived,ENDPOINT_CLUSTER_DERIVED,
BUS:JUNCTION:60:03347,60,-8.989685070128255,39.239569764859525,,,,line_endpoint_cluster,derived,ENDPOINT_CLUSTER_DERIVED,
BUS:JUNCTION:60:03348,60,-8.416636840922365,40.164531588614125,,,,line_endpoint_cluster,derived,ENDPOINT_CLUSTER_DERIVED,
BUS:JUNCTION:60:03349,60,-7.967452671423471,40.913453395222966,,,,line_endpoint_cluster,derived,ENDPOINT_CLUSTER_DERIVED,
BUS:JUNCTION:60:03350,60,-8.073682506049224,40.87303868222353,,,,line_endpoint_cluster,derived,ENDPOINT_CLUSTER_DERIVED,
BUS:JUNCTION:60:03351,60,-8.548530752377111,40.79957058979017,,,,line_endpoint_cluster,derived,ENDPOINT_CLUSTER_DERIVED,
BUS:JUNCTION:60:03352,60,-8.537978281647668,40.81825000105123,,,,line_endpoint_cluster,derived,ENDPOINT_CLUSTER_DERIVED,
BUS:JUNCTION:60:03353,60,-8.431619423017311,40.79433022345165,,,,line_endpoint_cluster,derived,ENDPOINT_CLUSTER_DERIVED,
BUS:JUNCTION:60:03354,60,-8.429601118456004,40.796492776062586,,,,line_endpoint_cluster,derived,ENDPOINT_CLUSTER_DERIVED,
BUS:JUNCTION:60:03355,60,-8.44621589677595,40.7786303339409,,,,line_endpoint_cluster,derived,ENDPOINT_CLUSTER_DERIVED,
BUS:EREDES:0803S5062700:60,60,-8.7931447631277,37.3274334693086,EREDES:0803S5062700,ALJEZUR,0803S5062700,substation,E-REDES,DIRECT_EREDES,9.58730417704298
BUS:JUNCTION:60:03357,60,-8.184661328035599,37.10915405816844,,,,line_endpoint_cluster,derived,ENDPOINT_CLUSTER_DERIVED,
BUS:JUNCTION:60:03358,60,-8.193276282209094,41.56521972987727,,,,line_endpoint_cluster,derived,ENDPOINT_CLUSTER_DERIVED,
BUS:JUNCTION:60:03359,60,-8.203406778487428,41.56169651717031,,,,line_endpoint_cluster,derived,ENDPOINT_CLUSTER_DERIVED,
BUS:JUNCTION:60:03360,60,-8.209478657045183,41.55973391924687,,,,line_endpoint_cluster,derived,ENDPOINT_CLUSTER_DERIVED,
BUS:JUNCTION:60:03361,60,-8.216329998748725,41.55691333745763,,,,line_endpoint_cluster,derived,ENDPOINT_CLUSTER_DERIVED,
BUS:JUNCTION:60:03362,60,-8.3719359518059,41.44680623474774,,,,line_endpoint_cluster,derived,ENDPOINT_CLUSTER_DERIVED,
BUS:JUNCTION:60:03363,60,-8.495658272986953,40.704801467056505,,,,line_endpoint_cluster,derived,ENDPOINT_CLUSTER_DERIVED,
BUS:JUNCTION:60:03364,60,-8.453911168500856,40.770359915478785,,,,line_endpoint_cluster,derived,ENDPOINT_CLUSTER_DERIVED,
BUS:JUNCTION:60:03365,60,-7.850652296499249,40.993439431284315,,,,line_endpoint_cluster,derived,ENDPOINT_CLUSTER_DERIVED,
BUS:JUNCTION:60:03366,60,-9.185832270818226,38.95270874338044,,,,line_endpoint_cluster,derived,ENDPOINT_CLUSTER_DERIVED,
BUS:JUNCTION:60:03367,60,-9.188975935120258,38.952536857379,,,,line_endpoint_cluster,derived,ENDPOINT_CLUSTER_DERIVED,
BUS:JUNCTION:60:03368,60,-9.16228011867337,38.94178686120975,,,,line_endpoint_cluster,derived,ENDPOINT_CLUSTER_DERIVED,
BUS:JUNCTION:60:03369,60,-8.4742352302036,41.78182617618423,,,,line_endpoint_cluster,derived,ENDPOINT_CLUSTER_DERIVED,
BUS:JUNCTION:60:03370,60,-8.436573825365233,41.806058336658566,,,,line_endpoint_cluster,derived,ENDPOINT_CLUSTER_DERIVED,
BUS:JUNCTION:60:03371,60,-7.382043593661261,40.855616469332496,,,,line_endpoint_cluster,derived,ENDPOINT_CLUSTER_DERIVED,
BUS:JUNCTION:60:03372,60,-7.655733037375756,40.964098476528534,,,,line_endpoint_cluster,derived,ENDPOINT_CLUSTER_DERIVED,
BUS:JUNCTION:60:03373,60,-7.564292217561616,40.94220526791035,,,,line_endpoint_cluster,derived,ENDPOINT_CLUSTER_DERIVED,
BUS:JUNCTION:60:03374,60,-9.413832561972356,38.71899401935822,,,,line_endpoint_cluster,derived,ENDPOINT_CLUSTER_DERIVED,
BUS:JUNCTION:60:03376,60,-9.163111541367732,38.77982888279935,,,,line_endpoint_cluster,derived,ENDPOINT_CLUSTER_DERIVED,
BUS:JUNCTION:60:03377,60,-9.16178250180384,38.7759064129611,,,,line_endpoint_cluster,derived,ENDPOINT_CLUSTER_DERIVED,
BUS:JUNCTION:60:03378,60,-7.962961810525946,40.920492673998105,,,,line_endpoint_cluster,derived,ENDPOINT_CLUSTER_DERIVED,
BUS:JUNCTION:60:03379,60,-8.799710176082627,39.67547486228915,,,,line_endpoint_cluster,derived,ENDPOINT_CLUSTER_DERIVED,
BUS:JUNCTION:60:03380,60,-8.85055887092561,41.697721823988864,,,,line_endpoint_cluster,derived,ENDPOINT_CLUSTER_DERIVED,
BUS:JUNCTION:60:03381,60,-8.240059502148819,37.1057474998857,,,,line_endpoint_cluster,derived,ENDPOINT_CLUSTER_DERIVED,
BUS:JUNCTION:60:03385,60,-7.504850682119812,37.2701225162897,,,,line_endpoint_cluster,derived,ENDPOINT_CLUSTER_DERIVED,
BUS:JUNCTION:60:03386,60,-8.962835905848408,39.00538483166049,,,,line_endpoint_cluster,derived,ENDPOINT_CLUSTER_DERIVED,
BUS:JUNCTION:60:03387,60,-8.97352481283321,39.00845583816011,,,,line_endpoint_cluster,derived,ENDPOINT_CLUSTER_DERIVED,
BUS:JUNCTION:60:03388,60,-7.890474129338219,41.60101041857948,,,,line_endpoint_cluster,derived,ENDPOINT_CLUSTER_DERIVED,
BUS:JUNCTION:60:03389,60,-7.728440674610923,39.57964561933328,,,,line_endpoint_cluster,derived,ENDPOINT_CLUSTER_DERIVED,
BUS:JUNCTION:60:03390,60,-7.474991605847145,40.20468729831074,,,,line_endpoint_cluster,derived,ENDPOINT_CLUSTER_DERIVED,
BUS:JUNCTION:60:03391,60,-7.486500375865573,40.174019459061874,,,,line_endpoint_cluster,derived,ENDPOINT_CLUSTER_DERIVED,
BUS:JUNCTION:60:03392,60,-7.490278058502608,40.171605650336815,,,,line_endpoint_cluster,derived,ENDPOINT_CLUSTER_DERIVED,
BUS:EREDES:1201S5904100:60,60,-7.6637467436579,39.1892699403809,EREDES:1201S5904100,ALTER DO CHÃO,1201S5904100,substation,E-REDES,DIRECT_EREDES,23.411424057715735
BUS:JUNCTION:60:03394,60,-8.417315732338645,40.16592063615716,,,,line_endpoint_cluster,derived,ENDPOINT_CLUSTER_DERIVED,
BUS:JUNCTION:130:03395,130,-8.387401987779283,41.58874298621695,,,,line_endpoint_cluster,derived,ENDPOINT_CLUSTER_DERIVED,
BUS:OSM:way:151061884:130,130,-8.32342855,41.577576844444444,OSM:way:151061884,Subestação de Pedralva,SPDV,substation,OpenStreetMap,DIRECT_OSM,140.96923768170828
BUS:JUNCTION:130:03397,130,-8.379833610740496,41.61434082740135,,,,line_endpoint_cluster,derived,ENDPOINT_CLUSTER_DERIVED,
BUS:OSM:way:1229788829:130,130,-8.270253108333334,41.8592148,OSM:way:1229788829,Subestação do Lindoso,1606S6011800,substation,OpenStreetMap,DIRECT_OSM,42.067616898565
BUS:JUNCTION:130:03399,130,-8.353945837917625,41.69814090671166,,,,line_endpoint_cluster,derived,ENDPOINT_CLUSTER_DERIVED,
BUS:JUNCTION:130:03400,130,-8.332077210652246,41.764315768087435,,,,line_endpoint_cluster,derived,ENDPOINT_CLUSTER_DERIVED,
BUS:JUNCTION:130:03401,130,-8.357219990976805,41.68799005204378,,,,line_endpoint_cluster,derived,ENDPOINT_CLUSTER_DERIVED,
BUS:JUNCTION:130:03402,130,-8.394311380074566,41.55656111700085,,,,line_endpoint_cluster,derived,ENDPOINT_CLUSTER_DERIVED,
BUS:OSM:way:144711815:150,150,-8.263053904347826,37.164966365217396,OSM:way:144711815,Subestação de Tunes,STN,substation,OpenStreetMap,DIRECT_OSM,50.492616953582825
BUS:OSM:way:132614219:150,150,-8.88072725,38.89830130714286,OSM:way:132614219,Subestação de Porto Alto,SPA,substation,OpenStreetMap,DIRECT_OSM,50.220603887636855
BUS:JUNCTION:150:03405,150,-8.5342667,38.9323441,,,,line_endpoint_cluster,derived,ENDPOINT_CLUSTER_DERIVED,
BUS:OSM:way:129055610:150,150,-8.85822702,38.57216733333333,OSM:way:129055610,Subestação de Palmela,SPM,substation,OpenStreetMap,DIRECT_OSM,140.5946437816692
BUS:JUNCTION:150:03407,150,-8.234497,41.650278,,,,line_endpoint_cluster,derived,ENDPOINT_CLUSTER_DERIVED,
BUS:OSM:way:151061884:150,150,-8.32342855,41.577576844444444,OSM:way:151061884,Subestação de Pedralva,SPDV,substation,OpenStreetMap,DIRECT_OSM,152.8304264956765
BUS:OSM:way:151061920:150,150,-8.4251509,42.00585339230769,OSM:way:151061920,Subestação de Mendoiro,,substation,OpenStreetMap,DIRECT_OSM,23.010758762160133
BUS:JUNCTION:150:03410,150,-7.6659406,41.1373848,,,,line_endpoint_cluster,derived,ENDPOINT_CLUSTER_DERIVED,
BUS:OSM:way:144396420:150,150,-7.758245270731708,41.13854967804878,OSM:way:144396420,Subestação de Valdigem,SVG,substation,OpenStreetMap,DIRECT_OSM,99.30051021454031
BUS:OSM:way:144396432:150,150,-7.551648111764706,41.113238117647064,OSM:way:144396432,Subestação da Central Hidroelétrica de Vilar-Tabuaço,,substation,OpenStreetMap,DIRECT_OSM,4.7427740345749685
BUS:JUNCTION:150:03413,150,-7.6569289,41.1240891,,,,line_endpoint_cluster,derived,ENDPOINT_CLUSTER_DERIVED,
BUS:JUNCTION:150:03414,150,-7.6578127,41.124255,,,,line_endpoint_cluster,derived,ENDPOINT_CLUSTER_DERIVED,
BUS:JUNCTION:150:03415,150,-8.7573064,37.9904792,,,,line_endpoint_cluster,derived,ENDPOINT_CLUSTER_DERIVED,
BUS:OSM:relation:17294973:150,150,-8.803367274,37.930539832,OSM:relation:17294973,Subestação da Central Termoeléctrica de Sines,,substation,OpenStreetMap,DIRECT_OSM,189.5698182020663
BUS:OSM:way:144622215:150,150,-8.764923918181818,37.99834740909091,OSM:way:144622215,Subestação de Sines,SSN,substation,OpenStreetMap,DIRECT_OSM,118.18457502956636
BUS:OSM:way:1228551272:150,150,-8.41282673076923,38.01692833846154,OSM:way:1228551272,Posto de Corte de Ermidas-Sado,PCES,substation,OpenStreetMap,DIRECT_OSM,194.98700642207376
BUS:OSM:way:144635505:150,150,-8.126365914285714,38.05561460476191,OSM:way:144635505,Subestação de Ferreira do Alentejo,SFA,substation,OpenStreetMap,DIRECT_OSM,43.332078860665575
BUS:OSM:way:1227667765:150,150,-7.8822882624999995,38.555131625,OSM:way:1227667765,Subestação de Évora,SER,substation,OpenStreetMap,DIRECT_OSM,23.050825935159057
BUS:OSM:way:163195990:150,150,-8.5185444875,37.5055924625,OSM:way:163195990,Posto de Corte de Sabóia,PCSI,substation,OpenStreetMap,DIRECT_OSM,147.78416729284234
BUS:JUNCTION:150:03424,150,-8.3870057,41.5913105,,,,line_endpoint_cluster,derived,ENDPOINT_CLUSTER_DERIVED,
BUS:JUNCTION:150:03425,150,-8.320807199999999,41.5738201,,,,line_endpoint_cluster,derived,ENDPOINT_CLUSTER_DERIVED,
BUS:OSM:way:132865612:150,150,-8.390730913636363,41.40305520454546,OSM:way:132865612,Subestação de Riba d'Ave,SRA,substation,OpenStreetMap,DIRECT_OSM,82.81291991618448
BUS:OSM:way:151061905:150,150,-8.496399425,41.605049375,OSM:way:151061905,Subestação de Oleiros,SOR,substation,OpenStreetMap,DIRECT_OSM,37.727038512015156
BUS:OSM:way:151061928:150,150,-8.752979561538462,41.65340245384615,OSM:way:151061928,Subestação de Vila Fria,SVI,substation,OpenStreetMap,DIRECT_OSM,57.59579288705026
BUS:JUNCTION:150:03429,150,-8.3397317,41.6125487,,,,line_endpoint_cluster,derived,ENDPOINT_CLUSTER_DERIVED,
BUS:OSM:way:151069425:150,150,-8.176032979999999,41.700696,OSM:way:151069425,Subestação da Central Hidroelétrica de Vilarinho das Furnas,,substation,OpenStreetMap,DIRECT_OSM,8.808336480875587
BUS:OSM:way:1427738452:150,150,-8.2338583,41.653712260000006,OSM:way:1427738452,Subestação da Central Hidroelétrica da Caniçada,,substation,OpenStreetMap,DIRECT_OSM,37.528090466924716
BUS:JUNCTION:150:03432,150,-8.0904921,41.6873387,,,,line_endpoint_cluster,derived,ENDPOINT_CLUSTER_DERIVED,
BUS:JUNCTION:150:03433,150,-8.030856400000001,41.6917718,,,,line_endpoint_cluster,derived,ENDPOINT_CLUSTER_DERIVED,
BUS:OSM:way:397005282:150,150,-8.092213066666666,41.690021622222226,OSM:way:397005282,Subestação da Central Hidroelétrica de Salamonde I,,substation,OpenStreetMap,DIRECT_OSM,40.402105521811855
BUS:JUNCTION:150:03435,150,-8.0942443,41.6878559,,,,line_endpoint_cluster,derived,ENDPOINT_CLUSTER_DERIVED,
BUS:JUNCTION:150:03436,150,-8.235641875,41.625075075,,,,line_endpoint_cluster,derived,ENDPOINT_CLUSTER_DERIVED,
BUS:JUNCTION:150:03437,150,-8.3742557,41.3976967,,,,line_endpoint_cluster,derived,ENDPOINT_CLUSTER_DERIVED,
BUS:JUNCTION:150:03438,150,-8.285905,41.532133,,,,line_endpoint_cluster,derived,ENDPOINT_CLUSTER_DERIVED,
BUS:JUNCTION:150:03439,150,-8.2281889,41.6487029,,,,line_endpoint_cluster,derived,ENDPOINT_CLUSTER_DERIVED,
BUS:JUNCTION:150:03440,150,-8.2335158,41.6476763,,,,line_endpoint_cluster,derived,ENDPOINT_CLUSTER_DERIVED,
BUS:OSM:way:151077578:150,150,-8.027310737499999,41.6865757375,OSM:way:151077578,Subestação de Frades,SFRD,substation,OpenStreetMap,DIRECT_OSM,60.1597394134209
BUS:OSM:way:151077580:150,150,-7.85951424,41.73881628,OSM:way:151077580,Subestação da Central Hidroelétrica do Alto Rabagão,,substation,OpenStreetMap,DIRECT_OSM,26.63975879039388
BUS:JUNCTION:150:03443,150,-8.227314,41.6466488,,,,line_endpoint_cluster,derived,ENDPOINT_CLUSTER_DERIVED,
BUS:JUNCTION:150:03444,150,-8.2329459,41.6431968,,,,line_endpoint_cluster,derived,ENDPOINT_CLUSTER_DERIVED,
BUS:JUNCTION:150:03445,150,-8.227097,41.6454466,,,,line_endpoint_cluster,derived,ENDPOINT_CLUSTER_DERIVED,
BUS:OSM:way:1338738672:150,150,-7.476719966666666,41.71467786190476,OSM:way:1338738672,Subestação de Chaves,,substation,OpenStreetMap,DIRECT_OSM,10.474127479232632
BUS:OSM:way:1258323290:150,150,-8.007169766666667,41.70197543333333,OSM:way:1258323290,Subestação da Central Hidroelétrica de Vila Nova I,,substation,OpenStreetMap,DIRECT_OSM,8.791833440393228
BUS:JUNCTION:150:03448,150,-8.2353441,41.5191687,,,,line_endpoint_cluster,derived,ENDPOINT_CLUSTER_DERIVED,
BUS:JUNCTION:150:03449,150,-8.1921288,41.5220274,,,,line_endpoint_cluster,derived,ENDPOINT_CLUSTER_DERIVED,
BUS:JUNCTION:150:03450,150,-8.2004732,41.5208155,,,,line_endpoint_cluster,derived,ENDPOINT_CLUSTER_DERIVED,
BUS:OSM:way:163194137:150,150,-8.516022608333333,37.19823031666667,OSM:way:163194137,Subestação de Portimão,SPO,substation,OpenStreetMap,DIRECT_OSM,72.34608024727876
BUS:JUNCTION:150:03452,150,-8.516655,37.2296576,,,,line_endpoint_cluster,derived,ENDPOINT_CLUSTER_DERIVED,
BUS:OSM:way:163195991:150,150,-8.4875411125,37.5754926125,OSM:way:163195991,Subestação de Tração de Luzianes,,substation,OpenStreetMap,DIRECT_OSM,52.456930333859646
BUS:OSM:way:115732510:150,150,-8.190101716666666,37.66715043333333,OSM:way:115732510,Subestação de Ourique,SOQ,substation,OpenStreetMap,DIRECT_OSM,45.16394472806916
BUS:JUNCTION:150:03456,150,-8.2805398,37.2734964,,,,line_endpoint_cluster,derived,ENDPOINT_CLUSTER_DERIVED,
BUS:JUNCTION:150:03457,150,-8.2883772,37.2782527,,,,line_endpoint_cluster,derived,ENDPOINT_CLUSTER_DERIVED,
BUS:OSM:way:163204230:150,150,-7.976752707692308,37.57505343846154,OSM:way:163204230,Subestação de Neves-Corvo,,substation,OpenStreetMap,DIRECT_OSM,21.451658976287913
BUS:JUNCTION:150:03459,150,-8.683863059999998,38.59087602,,,,line_endpoint_cluster,derived,ENDPOINT_CLUSTER_DERIVED,
BUS:JUNCTION:150:03460,150,-8.6173956,38.4202835,,,,line_endpoint_cluster,derived,ENDPOINT_CLUSTER_DERIVED,
BUS:OSM:way:156176120:150,150,-8.86211582857143,38.53623055714286,OSM:way:156176120,Subestação de Setúbal,SSB,substation,OpenStreetMap,DIRECT_OSM,40.042499638637274
BUS:OSM:way:163214308:150,150,-8.795565759999999,37.95684198,OSM:way:163214308,Subestação da Refinaria de Sines,,substation,OpenStreetMap,DIRECT_OSM,3.1323680206184674
BUS:JUNCTION:150:03463,150,-8.7693778,37.996205,,,,line_endpoint_cluster,derived,ENDPOINT_CLUSTER_DERIVED,
BUS:OSM:way:1228550798:150,150,-8.5985733,38.419397555555555,OSM:way:1228550798,Posto de Corte do Monte da Pedra,PCMP,substation,OpenStreetMap,DIRECT_OSM,244.76197633098238
BUS:OSM:way:163214309:150,150,-8.81815886,37.98170624,OSM:way:163214309,Subestação Artland Sines,,substation,OpenStreetMap,DIRECT_OSM,106.19155790369683
BUS:OSM:way:171253574:150,150,-9.12038034,38.581555200000004,OSM:way:171253574,Subestação de Fernão Ferro,SFF,substation,OpenStreetMap,DIRECT_OSM,127.59028073158525
BUS:OSM:way:1495613543:150,150,-9.17664228,38.61730534,OSM:way:1495613543,,,substation,OpenStreetMap,DIRECT_OSM,1.779843719001497
BUS:JUNCTION:150:03469,150,-9.0607192,38.5855003,,,,line_endpoint_cluster,derived,ENDPOINT_CLUSTER_DERIVED,
BUS:OSM:way:163226996:150,150,-9.065850444444443,38.618913166666665,OSM:way:163226996,Subestação da Lusosider,,substation,OpenStreetMap,DIRECT_OSM,4.406176957435058
BUS:OSM:way:1495613548:150,150,-9.22401262,38.65578278,OSM:way:1495613548,,,substation,OpenStreetMap,DIRECT_OSM,1.9272496736283988
BUS:OSM:way:163226993:150,150,-9.12305662,38.61745181,OSM:way:163226993,Subestação de Tração do Fogueteiro,,substation,OpenStreetMap,DIRECT_OSM,51.8242411559446
BUS:JUNCTION:150:03473,150,-8.6818049,38.6051903,,,,line_endpoint_cluster,derived,ENDPOINT_CLUSTER_DERIVED,
BUS:OSM:way:163226982:150,150,-8.64067215,38.6561876875,OSM:way:163226982,Subestação de Tração de Pegões,,substation,OpenStreetMap,DIRECT_OSM,12.6210675466245
BUS:OSM:way:163226990:150,150,-8.986080876923078,38.58758277692307,OSM:way:163226990,Subestação da Quinta do Anjo,,substation,OpenStreetMap,DIRECT_OSM,109.84408961209888
BUS:OSM:way:163227021:150,150,-9.22289386923077,38.66511687692308,OSM:way:163227021,Subestação da Trafaria,STFR,substation,OpenStreetMap,DIRECT_OSM,21.554217977787424
BUS:OSM:way:165898049:150,150,-8.51462178,38.937806339999995,OSM:way:165898049,Subestação de Tração da Quinta Grande,,substation,OpenStreetMap,DIRECT_OSM,61.317030808168184
BUS:JUNCTION:150:03478,150,-7.5533267,39.8261385,,,,line_endpoint_cluster,derived,ENDPOINT_CLUSTER_DERIVED,
BUS:JUNCTION:150:03479,150,-7.7154941,39.6648167,,,,line_endpoint_cluster,derived,ENDPOINT_CLUSTER_DERIVED,
BUS:OSM:way:144599061:150,150,-7.74102263125,39.52799815625,OSM:way:144599061,Subestação de Falagueira,SFR,substation,OpenStreetMap,DIRECT_OSM,23.551330471143185
BUS:JUNCTION:150:03481,150,-8.132263828571428,39.9176998952381,,,,line_endpoint_cluster,derived,ENDPOINT_CLUSTER_DERIVED,
BUS:OSM:way:183788299:150,150,-8.220296266666667,39.85427257777778,OSM:way:183788299,Subestação da Central Hidroelétrica de Bouçã,,substation,OpenStreetMap,DIRECT_OSM,26.545083877345057
BUS:OSM:way:201459319:150,150,-7.766025590909091,37.34452501818182,OSM:way:201459319,Subestação de Tavira,STVR,substation,OpenStreetMap,DIRECT_OSM,75.57204374964944
BUS:JUNCTION:150:03484,150,-7.9607926,37.37917,,,,line_endpoint_cluster,derived,ENDPOINT_CLUSTER_DERIVED,
BUS:JUNCTION:150:03485,150,-7.9529511,37.3780332,,,,line_endpoint_cluster,derived,ENDPOINT_CLUSTER_DERIVED,
BUS:JUNCTION:150:03486,150,-8.7605025,37.9910409,,,,line_endpoint_cluster,derived,ENDPOINT_CLUSTER_DERIVED,
BUS:JUNCTION:150:03487,150,-7.8747994,37.1897751,,,,line_endpoint_cluster,derived,ENDPOINT_CLUSTER_DERIVED,
BUS:JUNCTION:150:03488,150,-7.7701501,37.3474382,,,,line_endpoint_cluster,derived,ENDPOINT_CLUSTER_DERIVED,
BUS:OSM:way:93512590:150,150,-7.85233439,37.08376898,OSM:way:93512590,Subestação de Estoi,SET,substation,OpenStreetMap,DIRECT_OSM,23.974180980422794
BUS:JUNCTION:150:03491,150,-7.8733455,37.1925566,,,,line_endpoint_cluster,derived,ENDPOINT_CLUSTER_DERIVED,
BUS:OSM:way:340102181:150,150,-7.883572770000001,39.80733082,OSM:way:340102181,Subestação de Corgas,,substation,OpenStreetMap,DIRECT_OSM,11.816364205405998
BUS:OSM:way:362486619:150,150,-7.679872675,39.664388575,OSM:way:362486619,Subestação de Tração de Ródão,,substation,OpenStreetMap,DIRECT_OSM,36.8847862051942
BUS:OSM:way:144552378:150,150,-7.552671191666668,39.828543525,OSM:way:144552378,Subestação de Castelo Branco,SCC,substation,OpenStreetMap,DIRECT_OSM,120.20401838799422
BUS:OSM:way:144588414:150,150,-8.327597239285714,39.544902325,OSM:way:144588414,Subestação do Zêzere,SZR,substation,OpenStreetMap,DIRECT_OSM,155.27185558086802
BUS:JUNCTION:150:03499,150,-7.8131945,39.5360555,,,,line_endpoint_cluster,derived,ENDPOINT_CLUSTER_DERIVED,
BUS:JUNCTION:150:03500,150,-7.7568479,39.53346,,,,line_endpoint_cluster,derived,ENDPOINT_CLUSTER_DERIVED,
BUS:JUNCTION:150:03501,150,-7.5527805,39.8237231,,,,line_endpoint_cluster,derived,ENDPOINT_CLUSTER_DERIVED,
BUS:JUNCTION:150:03503,150,-8.0435484,41.6866647,,,,line_endpoint_cluster,derived,ENDPOINT_CLUSTER_DERIVED,
BUS:JUNCTION:150:03504,150,-8.0329631,41.6882602,,,,line_endpoint_cluster,derived,ENDPOINT_CLUSTER_DERIVED,
BUS:JUNCTION:150:03505,150,-8.2353513,41.5179126,,,,line_endpoint_cluster,derived,ENDPOINT_CLUSTER_DERIVED,
BUS:OSM:way:541036600:150,150,-8.20188233846154,41.42513526923077,OSM:way:541036600,Subestação de Fafe,SFAF,substation,OpenStreetMap,DIRECT_OSM,174.85165285350382
BUS:JUNCTION:150:03507,150,-8.23277,41.6472694,,,,line_endpoint_cluster,derived,ENDPOINT_CLUSTER_DERIVED,
BUS:JUNCTION:150:03508,150,-8.2340062,41.6461137,,,,line_endpoint_cluster,derived,ENDPOINT_CLUSTER_DERIVED,
BUS:JUNCTION:150:03509,150,-8.3114469,41.5705487,,,,line_endpoint_cluster,derived,ENDPOINT_CLUSTER_DERIVED,
BUS:JUNCTION:150:03510,150,-8.310975,41.5698809,,,,line_endpoint_cluster,derived,ENDPOINT_CLUSTER_DERIVED,
BUS:JUNCTION:150:03511,150,-8.2303961,41.6446649,,,,line_endpoint_cluster,derived,ENDPOINT_CLUSTER_DERIVED,
BUS:JUNCTION:150:03512,150,-8.3206686,41.5746051,,,,line_endpoint_cluster,derived,ENDPOINT_CLUSTER_DERIVED,
BUS:JUNCTION:150:03513,150,-8.027760950000001,41.6931663,,,,line_endpoint_cluster,derived,ENDPOINT_CLUSTER_DERIVED,
BUS:JUNCTION:150:03515,150,-7.7467766,39.5256661,,,,line_endpoint_cluster,derived,ENDPOINT_CLUSTER_DERIVED,
BUS:OSM:way:151084399:150,150,-8.092068266666667,41.50824393333333,OSM:way:151084399,Subestação do Parque Eólico das Terras Altas de Fafe,,substation,OpenStreetMap,DIRECT_OSM,16.819507157820592
BUS:JUNCTION:150:03518,150,-8.191855,41.5206054,,,,line_endpoint_cluster,derived,ENDPOINT_CLUSTER_DERIVED,
BUS:JUNCTION:150:03521,150,-7.6567985,41.1250117,,,,line_endpoint_cluster,derived,ENDPOINT_CLUSTER_DERIVED,
BUS:OSM:way:340910721:150,150,-7.657348053846154,40.07207258461539,OSM:way:340910721,Subestação do Parque Eólico da Gardunha,,substation,OpenStreetMap,DIRECT_OSM,43.001936805280174
BUS:JUNCTION:150:03523,150,-7.678074366666666,39.538926233333335,,,,line_endpoint_cluster,derived,ENDPOINT_CLUSTER_DERIVED,
BUS:OSM:way:1154057619:150,150,-7.66603964117647,37.44749972941176,OSM:way:1154057619,Subestação da Central Fotovoltaica do Viçoso,,substation,OpenStreetMap,DIRECT_OSM,37.860629162786836
BUS:OSM:way:1251989051:150,150,-8.805906618181819,37.95855646363636,OSM:way:1251989051,Subestação da Central de Cogeração de Sines,,substation,OpenStreetMap,DIRECT_OSM,23.632508121653796
BUS:JUNCTION:150:03528,150,-8.3140739,41.5694174,,,,line_endpoint_cluster,derived,ENDPOINT_CLUSTER_DERIVED,
BUS:JUNCTION:150:03529,150,-7.8029533777777775,39.54268175185185,,,,line_endpoint_cluster,derived,ENDPOINT_CLUSTER_DERIVED,
BUS:JUNCTION:150:03530,150,-8.2337886,41.6385573,,,,line_endpoint_cluster,derived,ENDPOINT_CLUSTER_DERIVED,
BUS:JUNCTION:150:03531,150,-7.8715225,37.189555,,,,line_endpoint_cluster,derived,ENDPOINT_CLUSTER_DERIVED,
BUS:JUNCTION:150:03532,150,-7.870373699999999,37.1905913,,,,line_endpoint_cluster,derived,ENDPOINT_CLUSTER_DERIVED,
BUS:JUNCTION:150:03533,150,-8.3459904,37.7583583,,,,line_endpoint_cluster,derived,ENDPOINT_CLUSTER_DERIVED,
BUS:JUNCTION:150:03534,150,-8.2310362,37.6045304,,,,line_endpoint_cluster,derived,ENDPOINT_CLUSTER_DERIVED,
BUS:JUNCTION:150:03535,150,-8.3478748,37.7613291,,,,line_endpoint_cluster,derived,ENDPOINT_CLUSTER_DERIVED,
BUS:JUNCTION:150:03536,150,-8.1263369,38.0522858,,,,line_endpoint_cluster,derived,ENDPOINT_CLUSTER_DERIVED,
BUS:JUNCTION:150:03537,150,-8.2302779,37.6027551,,,,line_endpoint_cluster,derived,ENDPOINT_CLUSTER_DERIVED,
BUS:OSM:way:1165313067:150,150,-8.814958588888889,37.98220065555555,OSM:way:1165313067,Subestação Repsol,,substation,OpenStreetMap,DIRECT_OSM,26.04647320387723
BUS:JUNCTION:150:03540,150,-8.1943966,37.6791867,,,,line_endpoint_cluster,derived,ENDPOINT_CLUSTER_DERIVED,
BUS:JUNCTION:150:03541,150,-8.444721999999999,41.40488415,,,,line_endpoint_cluster,derived,ENDPOINT_CLUSTER_DERIVED,
BUS:JUNCTION:150:03542,150,-8.1177538,38.0148283,,,,line_endpoint_cluster,derived,ENDPOINT_CLUSTER_DERIVED,
BUS:JUNCTION:150:03543,150,-7.6570866,41.1226122,,,,line_endpoint_cluster,derived,ENDPOINT_CLUSTER_DERIVED,
BUS:JUNCTION:220:03544,220,-9.169512,38.7981311,,,,line_endpoint_cluster,derived,ENDPOINT_CLUSTER_DERIVED,
BUS:OSM:way:24636062:220,220,-9.166577130434783,38.78028031304348,OSM:way:24636062,Subestação de Carriche,SCH,substation,OpenStreetMap,DIRECT_OSM,126.27130043819069
BUS:OSM:way:151162379:220,220,-8.463050433333333,40.59560086,OSM:way:151162379,Subestação de Mourisca,SMC,substation,OpenStreetMap,DIRECT_OSM,16.121635713145388
BUS:JUNCTION:220:03548,220,-8.47495,40.605415,,,,line_endpoint_cluster,derived,ENDPOINT_CLUSTER_DERIVED,
BUS:JUNCTION:220:03549,220,-8.4912918,40.8011751,,,,line_endpoint_cluster,derived,ENDPOINT_CLUSTER_DERIVED,
BUS:JUNCTION:220:03550,220,-8.473919,40.599829,,,,line_endpoint_cluster,derived,ENDPOINT_CLUSTER_DERIVED,
BUS:OSM:way:144374442:220,220,-8.555082389473684,40.78611065789473,OSM:way:144374442,Subestação de Estarreja,SEJ,substation,OpenStreetMap,DIRECT_OSM,25.654194397843778
BUS:OSM:way:116944631:220,220,-8.61083448,41.06916835,OSM:way:116944631,Subestação de Canelas,SCN,substation,OpenStreetMap,DIRECT_OSM,116.29877000921086
BUS:JUNCTION:220:03553,220,-8.5219616,41.0446511,,,,line_endpoint_cluster,derived,ENDPOINT_CLUSTER_DERIVED,
BUS:OSM:way:127205641:220,220,-7.114325825,41.133061925,OSM:way:127205641,Subestação da Central Hidroelétrica do Pocinho,,substation,OpenStreetMap,DIRECT_OSM,16.72600707422804
BUS:OSM:way:127205502:220,220,-7.1248443148148155,41.13769643333333,OSM:way:127205502,Subestação do Pocinho,SPN,substation,OpenStreetMap,DIRECT_OSM,18.685402305888054
BUS:JUNCTION:220:03556,220,-8.126682,41.0830462,,,,line_endpoint_cluster,derived,ENDPOINT_CLUSTER_DERIVED,
BUS:JUNCTION:220:03557,220,-7.6641822,41.1381157,,,,line_endpoint_cluster,derived,ENDPOINT_CLUSTER_DERIVED,
BUS:OSM:way:144432478:220,220,-7.417944335714286,40.63309581428571,OSM:way:144432478,Subestação de Chafariz,SCF,substation,OpenStreetMap,DIRECT_OSM,16.07302900973581
BUS:JUNCTION:220:03559,220,-7.6659406,41.1373848,,,,line_endpoint_cluster,derived,ENDPOINT_CLUSTER_DERIVED,
BUS:OSM:way:144387430:220,220,-6.570263471428571,41.33817812857143,OSM:way:144387430,Subestação de Mogadouro,SMG,substation,OpenStreetMap,DIRECT_OSM,21.483056946510203
BUS:JUNCTION:220:03561,220,-7.3473292,41.1977894,,,,line_endpoint_cluster,derived,ENDPOINT_CLUSTER_DERIVED,
BUS:OSM:way:144596347:220,220,-8.728478166666667,39.245712999999995,OSM:way:144596347,Subestação de Santarém,SSR,substation,OpenStreetMap,DIRECT_OSM,158.56903024761024
BUS:OSM:way:144588414:220,220,-8.327597239285714,39.544902325,OSM:way:144588414,Subestação do Zêzere,SZR,substation,OpenStreetMap,DIRECT_OSM,24.93020804264689
BUS:OSM:relation:19645523:220,220,-8.459722456756758,41.06971907837838,OSM:relation:19645523,Subestação da Central Termoeléctrica da Tapada do Outeiro,,substation,OpenStreetMap,DIRECT_OSM,130.7905799076805
BUS:JUNCTION:220:03565,220,-8.4612342,41.0843767,,,,line_endpoint_cluster,derived,ENDPOINT_CLUSTER_DERIVED,
BUS:JUNCTION:220:03566,220,-8.4643192,41.0625979,,,,line_endpoint_cluster,derived,ENDPOINT_CLUSTER_DERIVED,
BUS:OSM:way:124722161:220,220,-8.454914942857142,41.15658723571429,OSM:way:124722161,Subestação de Recarei,SRR,substation,OpenStreetMap,DIRECT_OSM,174.95672874428374
BUS:JUNCTION:220:03568,220,-7.419240599999999,40.2256729,,,,line_endpoint_cluster,derived,ENDPOINT_CLUSTER_DERIVED,
BUS:OSM:way:1257622756:220,220,-7.220414733333333,40.23982113333333,OSM:way:1257622756,Subestação da Senhora da Póvoa,,substation,OpenStreetMap,DIRECT_OSM,233.08107983013193
BUS:OSM:way:142182853:220,220,-8.604312313580246,41.229993022222224,OSM:way:142182853,Subestação de Vermoim,SVM,substation,OpenStreetMap,DIRECT_OSM,221.86944280862068
BUS:JUNCTION:220:03572,220,-9.000579380555555,39.335992977777785,,,,line_endpoint_cluster,derived,ENDPOINT_CLUSTER_DERIVED,
BUS:JUNCTION:220:03573,220,-8.4564087,41.1585591,,,,line_endpoint_cluster,derived,ENDPOINT_CLUSTER_DERIVED,
BUS:JUNCTION:220:03574,220,-8.3355802,41.1880784,,,,line_endpoint_cluster,derived,ENDPOINT_CLUSTER_DERIVED,
BUS:OSM:way:1041283619:220,220,-8.957794808333334,39.012890991666666,OSM:way:1041283619,Subestação do Carregado,SCG,substation,OpenStreetMap,DIRECT_OSM,41.83633594805396
BUS:JUNCTION:220:03576,220,-8.9489689,39.0179444,,,,line_endpoint_cluster,derived,ENDPOINT_CLUSTER_DERIVED,
BUS:JUNCTION:220:03577,220,-8.947878,39.0146667,,,,line_endpoint_cluster,derived,ENDPOINT_CLUSTER_DERIVED,
BUS:OSM:relation:20355509:220,220,-8.19320725882353,42.15378702352941,OSM:relation:20355509,Subestación da Frieira,,substation,OpenStreetMap,DIRECT_OSM,203.07468059927956
BUS:JUNCTION:220:03579,220,-8.0771736,42.2460328,,,,line_endpoint_cluster,derived,ENDPOINT_CLUSTER_DERIVED,
BUS:JUNCTION:220:03580,220,-6.0896191,41.490956,,,,line_endpoint_cluster,derived,ENDPOINT_CLUSTER_DERIVED,
BUS:OSM:way:1435159156:220,220,-6.189501233333334,41.57409717777778,OSM:way:1435159156,Subestación de la Central Hidroeléctrica de Castro II,,substation,OpenStreetMap,DIRECT_OSM,66.34840694150725
BUS:OSM:relation:15715982:220,220,-6.806241816666667,41.043846412499995,OSM:relation:15715982,Subestación de Saucelle I,,substation,OpenStreetMap,DIRECT_OSM,179.71925103235287
BUS:JUNCTION:220:03584,220,-6.4849419,41.2496273,,,,line_endpoint_cluster,derived,ENDPOINT_CLUSTER_DERIVED,
BUS:JUNCTION:220:03585,220,-8.5978319,41.2336852,,,,line_endpoint_cluster,derived,ENDPOINT_CLUSTER_DERIVED,
BUS:OSM:way:144377301:220,220,-8.648326841666666,41.19915064166667,OSM:way:144377301,Subestação de Custóias,SCT,substation,OpenStreetMap,DIRECT_OSM,24.05476234655449
BUS:JUNCTION:220:03587,220,-8.1199071,41.1529936,,,,line_endpoint_cluster,derived,ENDPOINT_CLUSTER_DERIVED,
BUS:JUNCTION:220:03588,220,-7.8266166,41.1314299,,,,line_endpoint_cluster,derived,ENDPOINT_CLUSTER_DERIVED,
BUS:JUNCTION:220:03589,220,-8.5560559,41.2379564,,,,line_endpoint_cluster,derived,ENDPOINT_CLUSTER_DERIVED,
BUS:JUNCTION:220:03590,220,-8.6000865,41.2321326,,,,line_endpoint_cluster,derived,ENDPOINT_CLUSTER_DERIVED,
BUS:JUNCTION:220:03591,220,-8.5077556,41.2259793,,,,line_endpoint_cluster,derived,ENDPOINT_CLUSTER_DERIVED,
BUS:OSM:way:144400130:220,220,-8.261665086666666,41.09394174,OSM:way:144400130,Subestação do Torrão,STR,substation,OpenStreetMap,DIRECT_OSM,81.81699198351849
BUS:JUNCTION:220:03594,220,-8.4535561,41.0764109,,,,line_endpoint_cluster,derived,ENDPOINT_CLUSTER_DERIVED,
BUS:OSM:way:144385735:220,220,-6.353562466666666,41.382998825,OSM:way:144385735,Posto de Corte de Picote,PCPT,substation,OpenStreetMap,DIRECT_OSM,34.6919861807031
BUS:JUNCTION:220:03596,220,-6.4934824,41.331243,,,,line_endpoint_cluster,derived,ENDPOINT_CLUSTER_DERIVED,
BUS:OSM:way:144385734:220,220,-6.737839527777777,41.21976821111111,OSM:way:144385734,Subestação de Lagoaça,SLGC,substation,OpenStreetMap,DIRECT_OSM,11.954524682526735
BUS:OSM:way:144386243:220,220,-6.887154858333333,41.50119088333334,OSM:way:144386243,Subestação de Macedo de Cavaleiros,SMCC,substation,OpenStreetMap,DIRECT_OSM,40.56740302221453
BUS:JUNCTION:220:03599,220,-6.4802897,41.353275,,,,line_endpoint_cluster,derived,ENDPOINT_CLUSTER_DERIVED,
BUS:JUNCTION:220:03600,220,-6.6987357,41.2036393,,,,line_endpoint_cluster,derived,ENDPOINT_CLUSTER_DERIVED,
BUS:JUNCTION:220:03601,220,-6.6963223,41.20345075,,,,line_endpoint_cluster,derived,ENDPOINT_CLUSTER_DERIVED,
BUS:JUNCTION:220:03602,220,-6.7365197,41.2230448,,,,line_endpoint_cluster,derived,ENDPOINT_CLUSTER_DERIVED,
BUS:JUNCTION:220:03603,220,-6.4951851,41.3314101,,,,line_endpoint_cluster,derived,ENDPOINT_CLUSTER_DERIVED,
BUS:OSM:way:144385776:220,220,-6.266051892307692,41.488473815384616,OSM:way:144385776,Subestação de Miranda,CMD,substation,OpenStreetMap,DIRECT_OSM,2.2865929001319176
BUS:JUNCTION:220:03606,220,-6.7882295,41.1996667,,,,line_endpoint_cluster,derived,ENDPOINT_CLUSTER_DERIVED,
BUS:OSM:relation:17294958:220,220,-6.473089380952381,41.30098338571428,OSM:relation:17294958,Subestação da Central Hidroelétrica da Bemposta,,substation,OpenStreetMap,DIRECT_OSM,94.83263175005872
BUS:JUNCTION:220:03608,220,-6.7211746,41.221722,,,,line_endpoint_cluster,derived,ENDPOINT_CLUSTER_DERIVED,
BUS:JUNCTION:220:03609,220,-6.7274647,41.2193448,,,,line_endpoint_cluster,derived,ENDPOINT_CLUSTER_DERIVED,
BUS:JUNCTION:220:03610,220,-7.0096535,41.1893366,,,,line_endpoint_cluster,derived,ENDPOINT_CLUSTER_DERIVED,
BUS:OSM:relation:19585241:220,220,-6.352489547058823,41.38003067647059,OSM:relation:19585241,Subestação da Central Hidroelétrica do Picote,,substation,OpenStreetMap,DIRECT_OSM,138.18710768121952
BUS:JUNCTION:220:03613,220,-6.7389433,41.2124953,,,,line_endpoint_cluster,derived,ENDPOINT_CLUSTER_DERIVED,
BUS:JUNCTION:220:03614,220,-6.481693,41.3046614,,,,line_endpoint_cluster,derived,ENDPOINT_CLUSTER_DERIVED,
BUS:JUNCTION:220:03615,220,-7.65692519,41.13934131999999,,,,line_endpoint_cluster,derived,ENDPOINT_CLUSTER_DERIVED,
BUS:OSM:way:144396412:220,220,-7.662648335,41.102164655,OSM:way:144396412,Subestação de Armamar,SAMM,substation,OpenStreetMap,DIRECT_OSM,98.79071523589894
BUS:JUNCTION:220:03617,220,-7.6570866,41.1226122,,,,line_endpoint_cluster,derived,ENDPOINT_CLUSTER_DERIVED,
BUS:JUNCTION:220:03618,220,-7.7115226,41.1210077,,,,line_endpoint_cluster,derived,ENDPOINT_CLUSTER_DERIVED,
BUS:JUNCTION:220:03619,220,-7.9912518,40.7042306,,,,line_endpoint_cluster,derived,ENDPOINT_CLUSTER_DERIVED,
BUS:JUNCTION:220:03620,220,-7.7403025,41.1345576,,,,line_endpoint_cluster,derived,ENDPOINT_CLUSTER_DERIVED,
BUS:JUNCTION:220:03621,220,-7.6453618,41.1215366,,,,line_endpoint_cluster,derived,ENDPOINT_CLUSTER_DERIVED,
BUS:JUNCTION:220:03622,220,-7.716182,41.1255168,,,,line_endpoint_cluster,derived,ENDPOINT_CLUSTER_DERIVED,
BUS:JUNCTION:220:03623,220,-7.7144939,41.1240374,,,,line_endpoint_cluster,derived,ENDPOINT_CLUSTER_DERIVED,
BUS:JUNCTION:220:03624,220,-7.704812,41.1227771,,,,line_endpoint_cluster,derived,ENDPOINT_CLUSTER_DERIVED,
BUS:JUNCTION:220:03625,220,-7.6597821999999995,41.1050946,,,,line_endpoint_cluster,derived,ENDPOINT_CLUSTER_DERIVED,
BUS:JUNCTION:220:03626,220,-7.6531935,41.1400413,,,,line_endpoint_cluster,derived,ENDPOINT_CLUSTER_DERIVED,
BUS:JUNCTION:220:03627,220,-7.4516314,41.1534256,,,,line_endpoint_cluster,derived,ENDPOINT_CLUSTER_DERIVED,
BUS:OSM:way:144396420:220,220,-7.758245270731708,41.13854967804878,OSM:way:144396420,Subestação de Valdigem,SVG,substation,OpenStreetMap,DIRECT_OSM,50.410153854751755
BUS:OSM:way:144374439:220,220,-8.129553423529412,41.08215903529412,OSM:way:144374439,Subestação de Carrapatelo,SCL,substation,OpenStreetMap,DIRECT_OSM,129.60865465142072
BUS:OSM:way:144398746:220,220,-7.65579935,41.082058970000006,OSM:way:144398746,Subestação de São Martinho,,substation,OpenStreetMap,DIRECT_OSM,15.783760299262891
BUS:OSM:way:144396428:220,220,-7.73810944,41.14753182,OSM:way:144396428,Subestação da Central Hidroelétrica da Régua,,substation,OpenStreetMap,DIRECT_OSM,15.55680611958037
BUS:OSM:way:144398555:220,220,-7.62173865,41.47288295,OSM:way:144398555,Subestação de Vila Pouca de Aguiar,SVPA,substation,OpenStreetMap,DIRECT_OSM,73.71878673324959
BUS:JUNCTION:220:03634,220,-7.6810102,41.1179406,,,,line_endpoint_cluster,derived,ENDPOINT_CLUSTER_DERIVED,
BUS:OSM:way:1422828550:220,220,-8.26278495,41.0963732875,OSM:way:1422828550,Subestação da Central Hidroelétrica do Torrão,,substation,OpenStreetMap,DIRECT_OSM,4.6396916929284435
BUS:OSM:way:126366408:220,220,-8.337660055555554,41.190149544444445,OSM:way:126366408,Posto de Corte de Urrô,PCUR,substation,OpenStreetMap,DIRECT_OSM,11.934774843781263
BUS:JUNCTION:220:03640,220,-7.2574511571428575,40.62083361428572,,,,line_endpoint_cluster,derived,ENDPOINT_CLUSTER_DERIVED,
BUS:OSM:way:121159140:220,220,-7.219613071428571,40.2396383,OSM:way:121159140,Subestação de Penamacor,,substation,OpenStreetMap,DIRECT_OSM,40.01198072147757
BUS:OSM:way:144432485:220,220,-7.258872466666666,40.61410661666667,OSM:way:144432485,Subestação de Tração de Sobral,,substation,OpenStreetMap,DIRECT_OSM,114.1611446191692
BUS:OSM:way:144552378:220,220,-7.552671191666668,39.828543525,OSM:way:144552378,Subestação de Castelo Branco,SCC,substation,OpenStreetMap,DIRECT_OSM,92.95999405084294
BUS:JUNCTION:220:03644,220,-7.398675999999999,40.1378951,,,,line_endpoint_cluster,derived,ENDPOINT_CLUSTER_DERIVED,
BUS:OSM:way:144432489:220,220,-7.477320066666667,40.234639558333335,OSM:way:144432489,Subestação de Ferro,SFE,substation,OpenStreetMap,DIRECT_OSM,137.45294826598945
BUS:JUNCTION:220:03646,220,-7.6424004,40.5244514,,,,line_endpoint_cluster,derived,ENDPOINT_CLUSTER_DERIVED,
BUS:OSM:way:144433994:220,220,-7.6553103,40.57385035,OSM:way:144433994,Subestação de Tração de Gouveia,,substation,OpenStreetMap,DIRECT_OSM,39.36552863817693
BUS:JUNCTION:220:03648,220,-7.641180289999999,40.522185820000004,,,,line_endpoint_cluster,derived,ENDPOINT_CLUSTER_DERIVED,
BUS:OSM:way:137667702:220,220,-7.739233793333333,40.448291733333335,OSM:way:137667702,Subestação de Vila Chã,SVC,substation,OpenStreetMap,DIRECT_OSM,70.13433521552668
BUS:JUNCTION:220:03650,220,-8.4273,40.463722,,,,line_endpoint_cluster,derived,ENDPOINT_CLUSTER_DERIVED,
BUS:JUNCTION:220:03651,220,-8.476429450000001,40.46706535,,,,line_endpoint_cluster,derived,ENDPOINT_CLUSTER_DERIVED,
BUS:JUNCTION:220:03652,220,-7.992087,40.7019743,,,,line_endpoint_cluster,derived,ENDPOINT_CLUSTER_DERIVED,
BUS:OSM:way:144545398:220,220,-8.419440178947369,40.16535677763158,OSM:way:144545398,Subestação de Pereiros,SPR,substation,OpenStreetMap,DIRECT_OSM,223.25288098036523
BUS:JUNCTION:220:03655,220,-8.4259799,40.461208,,,,line_endpoint_cluster,derived,ENDPOINT_CLUSTER_DERIVED,
BUS:JUNCTION:220:03656,220,-8.2025395,40.335513,,,,line_endpoint_cluster,derived,ENDPOINT_CLUSTER_DERIVED,
BUS:JUNCTION:220:03657,220,-8.24061796,40.245772,,,,line_endpoint_cluster,derived,ENDPOINT_CLUSTER_DERIVED,
BUS:OSM:way:144545386:220,220,-8.170078733333332,40.391785416666664,OSM:way:144545386,Subestação de Tração de Mortágua,,substation,OpenStreetMap,DIRECT_OSM,34.400417289033754
BUS:JUNCTION:220:03659,220,-8.20220754,40.3347404,,,,line_endpoint_cluster,derived,ENDPOINT_CLUSTER_DERIVED,
BUS:OSM:relation:19651625:220,220,-8.1984078,40.34022071538462,OSM:relation:19651625,Subestação da Central Hidroelétrica da Aguieira,,substation,OpenStreetMap,DIRECT_OSM,105.50531902601453
BUS:JUNCTION:220:03662,220,-8.0144542,40.330522,,,,line_endpoint_cluster,derived,ENDPOINT_CLUSTER_DERIVED,
BUS:OSM:way:144439469:220,220,-8.47916126875,40.4689608625,OSM:way:144439469,Subestação de Paraimo,SPI,substation,OpenStreetMap,DIRECT_OSM,113.04381058527316
BUS:JUNCTION:220:03664,220,-8.468982,40.4672634,,,,line_endpoint_cluster,derived,ENDPOINT_CLUSTER_DERIVED,
BUS:JUNCTION:220:03665,220,-7.9936903,40.7000956,,,,line_endpoint_cluster,derived,ENDPOINT_CLUSTER_DERIVED,
BUS:OSM:way:131715746:220,220,-9.00090404864865,39.338966705405404,OSM:way:131715746,Subestação de Rio Maior,SRM,substation,OpenStreetMap,DIRECT_OSM,143.66052817157677
BUS:JUNCTION:220:03667,220,-8.67497346,39.92766166,,,,line_endpoint_cluster,derived,ENDPOINT_CLUSTER_DERIVED,
BUS:OSM:way:1228190772:220,220,-8.6348287,39.919422000000004,OSM:way:1228190772,Subestação de Pombal,SPB,substation,OpenStreetMap,DIRECT_OSM,5.732061751661006
BUS:JUNCTION:220:03669,220,-8.8724428,39.6860237,,,,line_endpoint_cluster,derived,ENDPOINT_CLUSTER_DERIVED,
BUS:JUNCTION:220:03670,220,-8.7893934,39.6516679,,,,line_endpoint_cluster,derived,ENDPOINT_CLUSTER_DERIVED,
BUS:JUNCTION:220:03671,220,-8.8738671,39.686397150000005,,,,line_endpoint_cluster,derived,ENDPOINT_CLUSTER_DERIVED,
BUS:JUNCTION:220:03672,220,-8.4167295,40.1634834,,,,line_endpoint_cluster,derived,ENDPOINT_CLUSTER_DERIVED,
BUS:OSM:way:144584580:220,220,-8.390685099999999,39.97365714210527,OSM:way:144584580,Subestação de Penela,SPNL,substation,OpenStreetMap,DIRECT_OSM,104.11900144136742
BUS:OSM:way:144584585:220,220,-8.01305308,40.33269668,OSM:way:144584585,Subestação de Tábua,STBA,substation,OpenStreetMap,DIRECT_OSM,228.30353863169444
BUS:OSM:way:236290371:220,220,-8.0133447875,40.227863325,OSM:way:236290371,Subestação de Folques,,substation,OpenStreetMap,DIRECT_OSM,69.95352317093851
BUS:OSM:way:144586949:220,220,-7.912666123076923,40.13284113076923,OSM:way:144586949,Subestação do Parque Eólico de Pampilhosa da Serra,,substation,OpenStreetMap,DIRECT_OSM,21.665015499990076
BUS:OSM:way:1258306512:220,220,-8.3193184,39.5426568125,OSM:way:1258306512,Subestação da Central Hidroelétrica de Castelo de Bode,,substation,OpenStreetMap,DIRECT_OSM,1.4057040181982579
BUS:JUNCTION:220:03682,220,-8.9553206,39.008794,,,,line_endpoint_cluster,derived,ENDPOINT_CLUSTER_DERIVED,
BUS:JUNCTION:220:03683,220,-9.1806438,38.8771701,,,,line_endpoint_cluster,derived,ENDPOINT_CLUSTER_DERIVED,
BUS:JUNCTION:220:03684,220,-9.248720819999999,38.79515966,,,,line_endpoint_cluster,derived,ENDPOINT_CLUSTER_DERIVED,
BUS:OSM:way:144651478:220,220,-9.329535514285714,38.74691969285714,OSM:way:144651478,Subestação de Trajouce,STJ,substation,OpenStreetMap,DIRECT_OSM,59.637849956597904
BUS:JUNCTION:220:03686,220,-9.2432172,38.7797368,,,,line_endpoint_cluster,derived,ENDPOINT_CLUSTER_DERIVED,
BUS:JUNCTION:220:03687,220,-9.2449125,38.7879423,,,,line_endpoint_cluster,derived,ENDPOINT_CLUSTER_DERIVED,
BUS:JUNCTION:220:03688,220,-9.1658174,38.89216,,,,line_endpoint_cluster,derived,ENDPOINT_CLUSTER_DERIVED,
BUS:JUNCTION:220:03689,220,-9.1648522,38.8931339,,,,line_endpoint_cluster,derived,ENDPOINT_CLUSTER_DERIVED,
BUS:JUNCTION:220:03691,220,-9.1641736,38.8938369,,,,line_endpoint_cluster,derived,ENDPOINT_CLUSTER_DERIVED,
BUS:JUNCTION:220:03692,220,-9.2397476,38.7814069,,,,line_endpoint_cluster,derived,ENDPOINT_CLUSTER_DERIVED,
BUS:JUNCTION:220:03693,220,-9.1769838,38.880862,,,,line_endpoint_cluster,derived,ENDPOINT_CLUSTER_DERIVED,
BUS:OSM:way:151168335:220,220,-9.237987287878788,38.778342336363636,OSM:way:151168335,Subestação Alto de Mira,SAM,substation,OpenStreetMap,DIRECT_OSM,47.994803196031505
BUS:JUNCTION:220:03695,220,-9.179224,39.0797891,,,,line_endpoint_cluster,derived,ENDPOINT_CLUSTER_DERIVED,
BUS:OSM:way:24636044:220,220,-9.138019118181818,38.888578631818184,OSM:way:24636044,Subestação de Fanhões,SFN,substation,OpenStreetMap,DIRECT_OSM,141.85664575154487
BUS:JUNCTION:220:03697,220,-9.1304438,38.8416293,,,,line_endpoint_cluster,derived,ENDPOINT_CLUSTER_DERIVED,
BUS:OSM:way:144762180:220,220,-9.115817,38.794147,OSM:way:144762180,Posto de Seccionamento do Prior Velho,PSPV,substation,OpenStreetMap,DIRECT_OSM,16.818287544127493
BUS:JUNCTION:220:03699,220,-9.1127457,38.8724378,,,,line_endpoint_cluster,derived,ENDPOINT_CLUSTER_DERIVED,
BUS:JUNCTION:220:03700,220,-9.2113971,38.7851858,,,,line_endpoint_cluster,derived,ENDPOINT_CLUSTER_DERIVED,
BUS:OSM:way:144654759:220,220,-9.202517992857143,38.771285507142856,OSM:way:144654759,Posto de Seccionamento da Pontinha,PSPH,substation,OpenStreetMap,DIRECT_OSM,41.43542535028967
BUS:JUNCTION:220:03702,220,-9.1118273,38.8645284,,,,line_endpoint_cluster,derived,ENDPOINT_CLUSTER_DERIVED,
BUS:JUNCTION:220:03703,220,-9.1738565,38.8009686,,,,line_endpoint_cluster,derived,ENDPOINT_CLUSTER_DERIVED,
BUS:JUNCTION:220:03704,220,-9.2037496,38.7885814,,,,line_endpoint_cluster,derived,ENDPOINT_CLUSTER_DERIVED,
BUS:JUNCTION:220:03705,220,-9.1082436,38.8725145,,,,line_endpoint_cluster,derived,ENDPOINT_CLUSTER_DERIVED,
BUS:JUNCTION:220:03706,220,-9.104257,38.8727381,,,,line_endpoint_cluster,derived,ENDPOINT_CLUSTER_DERIVED,
BUS:JUNCTION:220:03707,220,-9.1123992,38.8699148,,,,line_endpoint_cluster,derived,ENDPOINT_CLUSTER_DERIVED,
BUS:JUNCTION:220:03708,220,-9.17066294285714,38.79983637142857,,,,line_endpoint_cluster,derived,ENDPOINT_CLUSTER_DERIVED,
BUS:JUNCTION:220:03710,220,-9.118082,38.8740305,,,,line_endpoint_cluster,derived,ENDPOINT_CLUSTER_DERIVED,
BUS:JUNCTION:220:03711,220,-9.061439,38.8862575,,,,line_endpoint_cluster,derived,ENDPOINT_CLUSTER_DERIVED,
BUS:JUNCTION:220:03712,220,-9.0993146,38.8735937,,,,line_endpoint_cluster,derived,ENDPOINT_CLUSTER_DERIVED,
BUS:JUNCTION:220:03713,220,-9.0597327,38.8861447,,,,line_endpoint_cluster,derived,ENDPOINT_CLUSTER_DERIVED,
BUS:JUNCTION:220:03715,220,-9.1157505,38.7967807,,,,line_endpoint_cluster,derived,ENDPOINT_CLUSTER_DERIVED,
BUS:OSM:way:151109816:220,220,-8.558729266666667,41.255449686666665,OSM:way:151109816,Subestação da Siderurgia da Maia,SSM,substation,OpenStreetMap,DIRECT_OSM,15.679784115374215
BUS:JUNCTION:220:03717,220,-8.6197341,41.2026968,,,,line_endpoint_cluster,derived,ENDPOINT_CLUSTER_DERIVED,
BUS:OSM:way:151111218:220,220,-8.625459908333333,41.17240653333334,OSM:way:151111218,Subestação da Prelada,SPLD,substation,OpenStreetMap,DIRECT_OSM,126.73644492767674
BUS:JUNCTION:220:03719,220,-9.16583342,39.106277379999995,,,,line_endpoint_cluster,derived,ENDPOINT_CLUSTER_DERIVED,
BUS:OSM:way:151166980:220,220,-9.198327822222222,39.079493355555556,OSM:way:151166980,Subestação de Carvoeira,SCVR,substation,OpenStreetMap,DIRECT_OSM,28.39271228039607
BUS:JUNCTION:220:03721,220,-8.60114,41.2324689,,,,line_endpoint_cluster,derived,ENDPOINT_CLUSTER_DERIVED,
BUS:JUNCTION:220:03722,220,-6.48944775,41.2562525,,,,line_endpoint_cluster,derived,ENDPOINT_CLUSTER_DERIVED,
BUS:OSM:way:47895778:220,220,-6.686225826666667,41.20890779,OSM:way:47895778,Subestación de la Central Hidroeléctrica de Aldeadávila,,substation,OpenStreetMap,DIRECT_OSM,202.39572666666626
BUS:JUNCTION:220:03725,220,-6.6796029400000005,41.20839456,,,,line_endpoint_cluster,derived,ENDPOINT_CLUSTER_DERIVED,
BUS:JUNCTION:220:03727,220,-8.9988123,39.3361962,,,,line_endpoint_cluster,derived,ENDPOINT_CLUSTER_DERIVED,
BUS:JUNCTION:220:03730,220,-8.3119609,42.1241843,,,,line_endpoint_cluster,derived,ENDPOINT_CLUSTER_DERIVED,
BUS:OSM:way:144703168:220,220,-9.079260275,38.62992845,OSM:way:144703168,Subestação do Seixal,,substation,OpenStreetMap,DIRECT_OSM,34.712304220614094
BUS:OSM:way:402947133:220,220,-9.103404300000001,38.78527427037037,OSM:way:402947133,Subestação de Sacavém,SSV,substation,OpenStreetMap,DIRECT_OSM,17.543073071030335
BUS:OSM:way:1202440398:220,220,-9.170236725,38.739053775,OSM:way:1202440398,Subestação de Sete Rios,SSS,substation,OpenStreetMap,DIRECT_OSM,4.616934194373631
BUS:JUNCTION:220:03735,220,-8.506867450000001,41.22758225,,,,line_endpoint_cluster,derived,ENDPOINT_CLUSTER_DERIVED,
BUS:OSM:way:539470509:220,220,-8.5282142625,41.211444400000005,OSM:way:539470509,Posto de Transição de Valongo,PTVLG,substation,OpenStreetMap,DIRECT_OSM,5.920751837353602
BUS:JUNCTION:220:03737,220,-8.5077158,41.2270195,,,,line_endpoint_cluster,derived,ENDPOINT_CLUSTER_DERIVED,
BUS:OSM:way:754137798:220,220,-7.6242977,41.47153873333333,OSM:way:754137798,Subestação de Montenegrelo,,substation,OpenStreetMap,DIRECT_OSM,19.343050186608057
BUS:JUNCTION:220:03739,220,-7.0069793,41.5766903,,,,line_endpoint_cluster,derived,ENDPOINT_CLUSTER_DERIVED,
BUS:JUNCTION:220:03740,220,-7.4031488,41.6739195,,,,line_endpoint_cluster,derived,ENDPOINT_CLUSTER_DERIVED,
BUS:OSM:way:690953979:220,220,-7.408502824999999,41.67687684166666,OSM:way:690953979,Subestação de Valpaços,SVPC,substation,OpenStreetMap,DIRECT_OSM,160.78388143757857
BUS:JUNCTION:220:03742,220,-8.2921676,40.9578994,,,,line_endpoint_cluster,derived,ENDPOINT_CLUSTER_DERIVED,
BUS:JUNCTION:220:03743,220,-7.022388,41.1901332,,,,line_endpoint_cluster,derived,ENDPOINT_CLUSTER_DERIVED,
BUS:JUNCTION:220:03744,220,-8.1313883,41.0795429,,,,line_endpoint_cluster,derived,ENDPOINT_CLUSTER_DERIVED,
BUS:JUNCTION:220:03746,220,-7.3718638,41.1642814,,,,line_endpoint_cluster,derived,ENDPOINT_CLUSTER_DERIVED,
BUS:OSM:way:127205653:220,220,-7.372998816666667,41.1610978,OSM:way:127205653,Subestação da Central Hidroelétrica da Valeira,,substation,OpenStreetMap,DIRECT_OSM,11.762079368134593
BUS:JUNCTION:220:03748,220,-7.3791219,41.1618062,,,,line_endpoint_cluster,derived,ENDPOINT_CLUSTER_DERIVED,
BUS:JUNCTION:220:03749,220,-7.3782577,41.1614403,,,,line_endpoint_cluster,derived,ENDPOINT_CLUSTER_DERIVED,
BUS:JUNCTION:220:03750,220,-7.6646769,41.1050028,,,,line_endpoint_cluster,derived,ENDPOINT_CLUSTER_DERIVED,
BUS:JUNCTION:220:03751,220,-7.6812767,41.1165588,,,,line_endpoint_cluster,derived,ENDPOINT_CLUSTER_DERIVED,
BUS:OSM:way:771616113:220,220,-7.014709976923077,41.228044546153846,OSM:way:771616113,Subestação da Central Hidroelétrica do Baixo Sabor - Escalão de Montante,,substation,OpenStreetMap,DIRECT_OSM,11.781243841224448
BUS:JUNCTION:220:03753,220,-7.9929467,40.700852,,,,line_endpoint_cluster,derived,ENDPOINT_CLUSTER_DERIVED,
BUS:JUNCTION:220:03754,220,-7.6567985,41.1250117,,,,line_endpoint_cluster,derived,ENDPOINT_CLUSTER_DERIVED,
BUS:OSM:way:810172047:220,220,-7.418708025,40.145677475,OSM:way:810172047,Subestação de Tração de Fatela,,substation,OpenStreetMap,DIRECT_OSM,41.02761445849001
BUS:JUNCTION:220:03756,220,-7.4275685,40.1842109,,,,line_endpoint_cluster,derived,ENDPOINT_CLUSTER_DERIVED,
BUS:JUNCTION:220:03759,220,-8.4752908,41.2191722,,,,line_endpoint_cluster,derived,ENDPOINT_CLUSTER_DERIVED,
BUS:JUNCTION:220:03760,220,-8.4685696,41.2177988,,,,line_endpoint_cluster,derived,ENDPOINT_CLUSTER_DERIVED,
BUS:JUNCTION:220:03761,220,-8.4569048,41.0708232,,,,line_endpoint_cluster,derived,ENDPOINT_CLUSTER_DERIVED,
BUS:JUNCTION:220:03763,220,-8.3569865,41.1947957,,,,line_endpoint_cluster,derived,ENDPOINT_CLUSTER_DERIVED,
BUS:OSM:way:1054310285:220,220,-7.455630426086957,40.176799217391306,OSM:way:1054310285,Subestação do Fundão,SFDA,substation,OpenStreetMap,DIRECT_OSM,93.55881671410661
BUS:JUNCTION:220:03767,220,-9.058404,38.8874418,,,,line_endpoint_cluster,derived,ENDPOINT_CLUSTER_DERIVED,
BUS:OSM:way:1089441083:220,220,-8.554553464864865,41.203855186486486,OSM:way:1089441083,Subestação de Ermesinde,SED,substation,OpenStreetMap,DIRECT_OSM,14.314409013531892
BUS:OSM:way:1258290321:220,220,-8.13059362,41.0848201,OSM:way:1258290321,Subestação da Central Hidroelétrica do Carrapatelo,,substation,OpenStreetMap,DIRECT_OSM,4.775853591832664
BUS:JUNCTION:220:03771,220,-7.339022166666667,40.67154016666667,,,,line_endpoint_cluster,derived,ENDPOINT_CLUSTER_DERIVED,
BUS:OSM:way:151705478:220,220,-8.599979357142857,41.22767653571429,OSM:way:151705478,Subestação Portcast,,substation,OpenStreetMap,DIRECT_OSM,25.602605234122613
BUS:JUNCTION:220:03773,220,-9.0996157,38.7437925,,,,line_endpoint_cluster,derived,ENDPOINT_CLUSTER_DERIVED,
BUS:OSM:way:896147942:220,220,-9.1240292625,38.731764975000004,OSM:way:896147942,Subestação do Alto de São João,SASJ,substation,OpenStreetMap,DIRECT_OSM,16.56660559740448
BUS:OSM:way:1202443036:220,220,-9.212314341176471,38.72059664117647,OSM:way:1202443036,Subestação do Zambujal,SZBJ,substation,OpenStreetMap,DIRECT_OSM,10.984643534794163
BUS:JUNCTION:220:03776,220,-9.1754159,39.0963314,,,,line_endpoint_cluster,derived,ENDPOINT_CLUSTER_DERIVED,
BUS:OSM:way:1320416427:220,220,-7.45274568,40.181731119999995,OSM:way:1320416427,Subestação da Central Solar Fotovoltaica do Fundão,,substation,OpenStreetMap,DIRECT_OSM,20.83346336914178
BUS:OSM:way:1323460918:220,220,-7.266710283333333,40.13268261666666,OSM:way:1323460918,Subestação de Nave da Mata,,substation,OpenStreetMap,DIRECT_OSM,16.389220227638546
BUS:JUNCTION:220:03779,220,-8.9409319,39.0367113,,,,line_endpoint_cluster,derived,ENDPOINT_CLUSTER_DERIVED,
BUS:JUNCTION:220:03780,220,-8.9499199,39.0191545,,,,line_endpoint_cluster,derived,ENDPOINT_CLUSTER_DERIVED,
BUS:OSM:way:1320046267:220,220,-8.798454487499999,39.2050991125,OSM:way:1320046267,Subestação do Parque Solar ESCALABIS,,substation,OpenStreetMap,DIRECT_OSM,16.173504905707397
BUS:OSM:way:1412788616:220,220,-8.967865666666667,39.125445299999996,OSM:way:1412788616,Subestação da Central Solar Fotovoltaica do Carregado,,substation,OpenStreetMap,DIRECT_OSM,16.366377603579227
BUS:JUNCTION:220:03783,220,-8.1229903,41.1530996,,,,line_endpoint_cluster,derived,ENDPOINT_CLUSTER_DERIVED,
BUS:JUNCTION:220:03784,220,-8.95085655,39.01173788333333,,,,line_endpoint_cluster,derived,ENDPOINT_CLUSTER_DERIVED,
BUS:OSM:way:1435159155:220,220,-6.189126166666667,41.57550368333333,OSM:way:1435159155,Subestación de la Central Hidroeléctrica de Castro I,,substation,OpenStreetMap,DIRECT_OSM,12.319781486178533
BUS:OSM:way:1497096638:220,220,-7.67713606,41.03469898,OSM:way:1497096638,Subestação da Central Solar Fotovoltaica Douro Solar,,substation,OpenStreetMap,DIRECT_OSM,9.388928603569951
BUS:JUNCTION:220:03789,220,-9.1727496,38.8007661,,,,line_endpoint_cluster,derived,ENDPOINT_CLUSTER_DERIVED,
BUS:OSM:way:84526032:400,400,-7.533327,39.6641825,OSM:way:84526032,Subestación de Cedillo,,substation,OpenStreetMap,DIRECT_OSM,24.78700127548578
BUS:JUNCTION:400:03791,400,-6.8776842,39.7241694,,,,line_endpoint_cluster,derived,ENDPOINT_CLUSTER_DERIVED,
BUS:OSM:way:144554435:400,400,-8.837597460000001,40.05819954,OSM:way:144554435,Subestação de Lavos,SLV,substation,OpenStreetMap,DIRECT_OSM,166.09749408131768
BUS:JUNCTION:400:03793,400,-8.8070915,40.0447051,,,,line_endpoint_cluster,derived,ENDPOINT_CLUSTER_DERIVED,
BUS:OSM:way:144385734:400,400,-6.737839527777777,41.21976821111111,OSM:way:144385734,Subestação de Lagoaça,SLGC,substation,OpenStreetMap,DIRECT_OSM,34.57592168370474
BUS:JUNCTION:400:03795,400,-6.7389433,41.2124953,,,,line_endpoint_cluster,derived,ENDPOINT_CLUSTER_DERIVED,
BUS:JUNCTION:400:03796,400,-8.9098958,39.0387244,,,,line_endpoint_cluster,derived,ENDPOINT_CLUSTER_DERIVED,
BUS:OSM:relation:17290041:400,400,-8.95132087,39.01205228,OSM:relation:17290041,Subestação da Central Termoeléctrica do Ribatejo,,substation,OpenStreetMap,DIRECT_OSM,239.7292735993314
BUS:JUNCTION:400:03798,400,-8.0584617,42.2554723,,,,line_endpoint_cluster,derived,ENDPOINT_CLUSTER_DERIVED,
BUS:JUNCTION:400:03799,400,-8.1981098,41.8771415,,,,line_endpoint_cluster,derived,ENDPOINT_CLUSTER_DERIVED,
BUS:OSM:way:135457230:400,400,-8.208199133333332,41.86833513333333,OSM:way:135457230,Posto de Corte do Alto Lindoso,PCAL,substation,OpenStreetMap,DIRECT_OSM,81.56865086073367
BUS:OSM:way:135457228:400,400,-8.202644605263158,41.86964016842105,OSM:way:135457228,Subestação da Central Hidroelétrica do Alto Lindoso,,substation,OpenStreetMap,DIRECT_OSM,42.31513054138334
BUS:OSM:way:47911346:400,400,-6.678596045454546,41.20780230909091,OSM:way:47911346,Subestación de Aldeadávila II,,substation,OpenStreetMap,DIRECT_OSM,41.04424563349251
BUS:OSM:way:988035260:400,400,-8.606621123076923,38.6484944,OSM:way:988035260,Subestação de Pegões,SPGO,substation,OpenStreetMap,DIRECT_OSM,201.82991252440382
BUS:JUNCTION:400:03805,400,-9.1371435,38.8909201,,,,line_endpoint_cluster,derived,ENDPOINT_CLUSTER_DERIVED,
BUS:JUNCTION:400:03806,400,-8.374933,41.4059264,,,,line_endpoint_cluster,derived,ENDPOINT_CLUSTER_DERIVED,
BUS:JUNCTION:400:03807,400,-8.3288329,41.57341,,,,line_endpoint_cluster,derived,ENDPOINT_CLUSTER_DERIVED,
BUS:OSM:way:131715746:400,400,-9.00090404864865,39.338966705405404,OSM:way:131715746,Subestação de Rio Maior,SRM,substation,OpenStreetMap,DIRECT_OSM,170.5299164222606
BUS:OSM:way:144573746:400,400,-8.1141147625,39.4665960875,OSM:way:144573746,Posto de Corte do Pego,PCPG,substation,OpenStreetMap,DIRECT_OSM,96.84633370877822
BUS:OSM:way:124722161:400,400,-8.454914942857142,41.15658723571429,OSM:way:124722161,Subestação de Recarei,SRR,substation,OpenStreetMap,DIRECT_OSM,133.62334845470733
BUS:JUNCTION:400:03811,400,-8.4240438,40.8611307,,,,line_endpoint_cluster,derived,ENDPOINT_CLUSTER_DERIVED,
BUS:JUNCTION:400:03812,400,-8.5019937,40.4785237,,,,line_endpoint_cluster,derived,ENDPOINT_CLUSTER_DERIVED,
BUS:JUNCTION:400:03813,400,-9.1448112,38.9011272,,,,line_endpoint_cluster,derived,ENDPOINT_CLUSTER_DERIVED,
BUS:OSM:way:144608818:400,400,-8.951677966666667,39.01432420555555,OSM:way:144608818,Posto de Corte do Ribatejo,PCRJ,substation,OpenStreetMap,DIRECT_OSM,15.702882574980379
BUS:JUNCTION:400:03816,400,-6.4869059,41.2560079,,,,line_endpoint_cluster,derived,ENDPOINT_CLUSTER_DERIVED,
BUS:JUNCTION:400:03817,400,-6.68209465,41.211342849999994,,,,line_endpoint_cluster,derived,ENDPOINT_CLUSTER_DERIVED,
BUS:JUNCTION:400:03819,400,-6.6875336,41.2076771,,,,line_endpoint_cluster,derived,ENDPOINT_CLUSTER_DERIVED,
BUS:JUNCTION:400:03820,400,-6.7341647,41.0174269,,,,line_endpoint_cluster,derived,ENDPOINT_CLUSTER_DERIVED,
BUS:OSM:way:144327917:400,400,-6.8034491,41.03476043,OSM:way:144327917,Subestación de Saucelle II,,substation,OpenStreetMap,DIRECT_OSM,16.901451679724786
BUS:JUNCTION:400:03822,400,-8.1199071,41.1529936,,,,line_endpoint_cluster,derived,ENDPOINT_CLUSTER_DERIVED,
BUS:JUNCTION:400:03823,400,-7.8266166,41.1314299,,,,line_endpoint_cluster,derived,ENDPOINT_CLUSTER_DERIVED,
BUS:JUNCTION:400:03824,400,-8.6000865,41.2321326,,,,line_endpoint_cluster,derived,ENDPOINT_CLUSTER_DERIVED,
BUS:JUNCTION:400:03826,400,-6.4951851,41.3314101,,,,line_endpoint_cluster,derived,ENDPOINT_CLUSTER_DERIVED,
BUS:JUNCTION:400:03827,400,-6.4934824,41.331243,,,,line_endpoint_cluster,derived,ENDPOINT_CLUSTER_DERIVED,
BUS:JUNCTION:400:03828,400,-6.7365197,41.2230448,,,,line_endpoint_cluster,derived,ENDPOINT_CLUSTER_DERIVED,
BUS:JUNCTION:400:03829,400,-6.7882295,41.1996667,,,,line_endpoint_cluster,derived,ENDPOINT_CLUSTER_DERIVED,
BUS:JUNCTION:400:03830,400,-6.481693,41.3046614,,,,line_endpoint_cluster,derived,ENDPOINT_CLUSTER_DERIVED,
BUS:JUNCTION:400:03831,400,-6.473773666666666,41.300286766666666,,,,line_endpoint_cluster,derived,ENDPOINT_CLUSTER_DERIVED,
BUS:JUNCTION:400:03832,400,-7.7115226,41.1210077,,,,line_endpoint_cluster,derived,ENDPOINT_CLUSTER_DERIVED,
BUS:JUNCTION:400:03833,400,-7.9912518,40.7042306,,,,line_endpoint_cluster,derived,ENDPOINT_CLUSTER_DERIVED,
BUS:JUNCTION:400:03834,400,-7.664426,41.1003568,,,,line_endpoint_cluster,derived,ENDPOINT_CLUSTER_DERIVED,
BUS:JUNCTION:400:03835,400,-7.6812767,41.1165588,,,,line_endpoint_cluster,derived,ENDPOINT_CLUSTER_DERIVED,
BUS:JUNCTION:400:03836,400,-7.716182,41.1255168,,,,line_endpoint_cluster,derived,ENDPOINT_CLUSTER_DERIVED,
BUS:JUNCTION:400:03837,400,-7.7145433,41.12376486666667,,,,line_endpoint_cluster,derived,ENDPOINT_CLUSTER_DERIVED,
BUS:JUNCTION:400:03838,400,-7.704812,41.1227771,,,,line_endpoint_cluster,derived,ENDPOINT_CLUSTER_DERIVED,
BUS:OSM:way:144396412:400,400,-7.662648335,41.102164655,OSM:way:144396412,Subestação de Armamar,SAMM,substation,OpenStreetMap,DIRECT_OSM,99.18784229317484
BUS:JUNCTION:400:03840,400,-7.6597822,41.1050946,,,,line_endpoint_cluster,derived,ENDPOINT_CLUSTER_DERIVED,
BUS:JUNCTION:400:03841,400,-7.6453618,41.1215366,,,,line_endpoint_cluster,derived,ENDPOINT_CLUSTER_DERIVED,
BUS:JUNCTION:400:03842,400,-7.6810102,41.1179406,,,,line_endpoint_cluster,derived,ENDPOINT_CLUSTER_DERIVED,
BUS:JUNCTION:400:03843,400,-7.7563062,41.1377333,,,,line_endpoint_cluster,derived,ENDPOINT_CLUSTER_DERIVED,
BUS:OSM:way:144439469:400,400,-8.47916126875,40.4689608625,OSM:way:144439469,Subestação de Paraimo,SPI,substation,OpenStreetMap,DIRECT_OSM,179.7114770583608
BUS:OSM:way:144439472:400,400,-7.9927513,40.701817968181814,OSM:way:144439472,Subestação de Bodiosa,SBA,substation,OpenStreetMap,DIRECT_OSM,9.258279558134921
BUS:JUNCTION:400:03847,400,-8.468982,40.4672634,,,,line_endpoint_cluster,derived,ENDPOINT_CLUSTER_DERIVED,
BUS:JUNCTION:400:03849,400,-8.7932947,39.6554311,,,,line_endpoint_cluster,derived,ENDPOINT_CLUSTER_DERIVED,
BUS:JUNCTION:400:03850,400,-8.8070247,40.0477266,,,,line_endpoint_cluster,derived,ENDPOINT_CLUSTER_DERIVED,
BUS:JUNCTION:400:03851,400,-8.7786979,40.1213216,,,,line_endpoint_cluster,derived,ENDPOINT_CLUSTER_DERIVED,
BUS:JUNCTION:400:03852,400,-8.77683798,40.121740290000005,,,,line_endpoint_cluster,derived,ENDPOINT_CLUSTER_DERIVED,
BUS:OSM:relation:19645437:400,400,-8.775380705882354,40.12381136470589,OSM:relation:19645437,Subestação da Central de Ciclo Combinado de Lares,,substation,OpenStreetMap,DIRECT_OSM,180.42793821624397
BUS:JUNCTION:400:03854,400,-8.4711939,40.96022,,,,line_endpoint_cluster,derived,ENDPOINT_CLUSTER_DERIVED,
BUS:JUNCTION:400:03855,400,-8.7950739,39.660691,,,,line_endpoint_cluster,derived,ENDPOINT_CLUSTER_DERIVED,
BUS:JUNCTION:400:03856,400,-8.7908575,39.6566617,,,,line_endpoint_cluster,derived,ENDPOINT_CLUSTER_DERIVED,
BUS:OSM:way:144564903:400,400,-8.7900558625,39.65050340625,OSM:way:144564903,Subestação da Batalha,SBL,substation,OpenStreetMap,DIRECT_OSM,194.68223807713852
BUS:JUNCTION:400:03858,400,-8.8066497,40.0402242,,,,line_endpoint_cluster,derived,ENDPOINT_CLUSTER_DERIVED,
BUS:JUNCTION:400:03859,400,-8.8532495,38.5825165,,,,line_endpoint_cluster,derived,ENDPOINT_CLUSTER_DERIVED,
BUS:OSM:way:144599061:400,400,-7.74102263125,39.52799815625,OSM:way:144599061,Subestação de Falagueira,SFR,substation,OpenStreetMap,DIRECT_OSM,87.67977628901919
BUS:OSM:way:144601080:400,400,-7.528478869999999,38.889737860000004,OSM:way:144601080,Subestação de Estremoz,SETM,substation,OpenStreetMap,DIRECT_OSM,34.88500722833765
BUS:JUNCTION:400:03862,400,-7.7288328,39.5235832,,,,line_endpoint_cluster,derived,ENDPOINT_CLUSTER_DERIVED,
BUS:JUNCTION:400:03864,400,-9.1404976,38.9011562,,,,line_endpoint_cluster,derived,ENDPOINT_CLUSTER_DERIVED,
BUS:JUNCTION:400:03865,400,-9.14090114,38.902965939999994,,,,line_endpoint_cluster,derived,ENDPOINT_CLUSTER_DERIVED,
BUS:JUNCTION:400:03867,400,-9.1658174,38.89216,,,,line_endpoint_cluster,derived,ENDPOINT_CLUSTER_DERIVED,
BUS:JUNCTION:400:03868,400,-8.762639004093568,37.99686285146199,,,,line_endpoint_cluster,derived,ENDPOINT_CLUSTER_DERIVED,
BUS:OSM:way:129055610:400,400,-8.85822702,38.57216733333333,OSM:way:129055610,Subestação de Palmela,SPM,substation,OpenStreetMap,DIRECT_OSM,89.0458734104936
BUS:JUNCTION:400:03870,400,-8.7573064,37.9904792,,,,line_endpoint_cluster,derived,ENDPOINT_CLUSTER_DERIVED,
BUS:OSM:relation:17294973:400,400,-8.803367274,37.930539832,OSM:relation:17294973,Subestação da Central Termoeléctrica de Sines,,substation,OpenStreetMap,DIRECT_OSM,189.5698182020663
BUS:JUNCTION:400:03875,400,-8.7622013,37.9953497,,,,line_endpoint_cluster,derived,ENDPOINT_CLUSTER_DERIVED,
BUS:OSM:way:144635505:400,400,-8.126365914285714,38.05561460476191,OSM:way:144635505,Subestação de Ferreira do Alentejo,SFA,substation,OpenStreetMap,DIRECT_OSM,98.15827651715017
BUS:JUNCTION:400:03877,400,-8.521303,37.2254974,,,,line_endpoint_cluster,derived,ENDPOINT_CLUSTER_DERIVED,
BUS:JUNCTION:400:03878,400,-8.5183168,37.2017939,,,,line_endpoint_cluster,derived,ENDPOINT_CLUSTER_DERIVED,
BUS:OSM:way:144639174:400,400,-7.498002575,38.185915191666666,OSM:way:144639174,Subestação de Alqueva,SAV,substation,OpenStreetMap,DIRECT_OSM,29.75250019561382
BUS:JUNCTION:400:03882,400,-7.4974465,38.1911644,,,,line_endpoint_cluster,derived,ENDPOINT_CLUSTER_DERIVED,
BUS:JUNCTION:400:03883,400,-7.1085102,38.1957506,,,,line_endpoint_cluster,derived,ENDPOINT_CLUSTER_DERIVED,
BUS:JUNCTION:400:03884,400,-9.1681493,38.8892204,,,,line_endpoint_cluster,derived,ENDPOINT_CLUSTER_DERIVED,
BUS:JUNCTION:400:03885,400,-9.2405634,38.7809655,,,,line_endpoint_cluster,derived,ENDPOINT_CLUSTER_DERIVED,
BUS:JUNCTION:400:03886,400,-9.1806438,38.8771701,,,,line_endpoint_cluster,derived,ENDPOINT_CLUSTER_DERIVED,
BUS:JUNCTION:400:03887,400,-9.2484174,38.7953522,,,,line_endpoint_cluster,derived,ENDPOINT_CLUSTER_DERIVED,
BUS:JUNCTION:400:03888,400,-9.1465815,38.9007817,,,,line_endpoint_cluster,derived,ENDPOINT_CLUSTER_DERIVED,
BUS:JUNCTION:400:03889,400,-9.1434824,38.8992977,,,,line_endpoint_cluster,derived,ENDPOINT_CLUSTER_DERIVED,
BUS:OSM:way:151168335:400,400,-9.237987287878788,38.778342336363636,OSM:way:151168335,Subestação Alto de Mira,SAM,substation,OpenStreetMap,DIRECT_OSM,144.62537895358375
BUS:JUNCTION:400:03891,400,-9.1769838,38.880862,,,,line_endpoint_cluster,derived,ENDPOINT_CLUSTER_DERIVED,
BUS:JUNCTION:400:03892,400,-9.1558081,38.8976614,,,,line_endpoint_cluster,derived,ENDPOINT_CLUSTER_DERIVED,
BUS:OSM:way:24636044:400,400,-9.138019118181818,38.888578631818184,OSM:way:24636044,Subestação de Fanhões,SFN,substation,OpenStreetMap,DIRECT_OSM,111.04888736854885
BUS:JUNCTION:400:03897,400,-8.8465186,38.511699,,,,line_endpoint_cluster,derived,ENDPOINT_CLUSTER_DERIVED,
BUS:JUNCTION:400:03898,400,-8.8555888,38.5708731,,,,line_endpoint_cluster,derived,ENDPOINT_CLUSTER_DERIVED,
BUS:JUNCTION:400:03899,400,-8.8473288,38.5110135,,,,line_endpoint_cluster,derived,ENDPOINT_CLUSTER_DERIVED,
BUS:JUNCTION:400:03900,400,-8.3865132,41.4029386,,,,line_endpoint_cluster,derived,ENDPOINT_CLUSTER_DERIVED,
BUS:JUNCTION:400:03901,400,-8.7534186,37.9820396,,,,line_endpoint_cluster,derived,ENDPOINT_CLUSTER_DERIVED,
BUS:JUNCTION:400:03903,400,-8.7788237,40.1190508,,,,line_endpoint_cluster,derived,ENDPOINT_CLUSTER_DERIVED,
BUS:JUNCTION:400:03905,400,-8.516655,37.2296576,,,,line_endpoint_cluster,derived,ENDPOINT_CLUSTER_DERIVED,
BUS:OSM:way:163194137:400,400,-8.516022608333333,37.19823031666667,OSM:way:163194137,Subestação de Portimão,SPO,substation,OpenStreetMap,DIRECT_OSM,148.98486925033265
BUS:JUNCTION:400:03907,400,-8.2883772,37.2782527,,,,line_endpoint_cluster,derived,ENDPOINT_CLUSTER_DERIVED,
BUS:OSM:way:171253574:400,400,-9.12038034,38.581555200000004,OSM:way:171253574,Subestação de Fernão Ferro,SFF,substation,OpenStreetMap,DIRECT_OSM,21.85629229096464
BUS:OSM:way:201459319:400,400,-7.766025590909091,37.34452501818182,OSM:way:201459319,Subestação de Tavira,STVR,substation,OpenStreetMap,DIRECT_OSM,74.86944637620468
BUS:JUNCTION:400:03911,400,-7.9529511,37.3780332,,,,line_endpoint_cluster,derived,ENDPOINT_CLUSTER_DERIVED,
BUS:JUNCTION:400:03912,400,-7.772328300000001,37.3502622,,,,line_endpoint_cluster,derived,ENDPOINT_CLUSTER_DERIVED,
BUS:JUNCTION:400:03913,400,-7.5025019,37.5246465,,,,line_endpoint_cluster,derived,ENDPOINT_CLUSTER_DERIVED,
BUS:JUNCTION:400:03914,400,-8.6311233,38.5594502,,,,line_endpoint_cluster,derived,ENDPOINT_CLUSTER_DERIVED,
BUS:JUNCTION:400:03915,400,-6.729202,41.0187704,,,,line_endpoint_cluster,derived,ENDPOINT_CLUSTER_DERIVED,
BUS:OSM:way:132865612:400,400,-8.390730913636363,41.40305520454546,OSM:way:132865612,Subestação de Riba d'Ave,SRA,substation,OpenStreetMap,DIRECT_OSM,143.80706170118037
BUS:JUNCTION:400:03919,400,-7.7701501,37.3474382,,,,line_endpoint_cluster,derived,ENDPOINT_CLUSTER_DERIVED,
BUS:JUNCTION:400:03920,400,-8.8576355625,38.57491560625,,,,line_endpoint_cluster,derived,ENDPOINT_CLUSTER_DERIVED,
BUS:JUNCTION:400:03924,400,-7.7568479,39.53346,,,,line_endpoint_cluster,derived,ENDPOINT_CLUSTER_DERIVED,
BUS:JUNCTION:400:03925,400,-7.5527805,39.8237231,,,,line_endpoint_cluster,derived,ENDPOINT_CLUSTER_DERIVED,
BUS:JUNCTION:400:03926,400,-7.2420256,37.5475257,,,,line_endpoint_cluster,derived,ENDPOINT_CLUSTER_DERIVED,
BUS:JUNCTION:400:03927,400,-8.227314,41.6466488,,,,line_endpoint_cluster,derived,ENDPOINT_CLUSTER_DERIVED,
BUS:JUNCTION:400:03928,400,-8.0435484,41.6866647,,,,line_endpoint_cluster,derived,ENDPOINT_CLUSTER_DERIVED,
BUS:JUNCTION:400:03929,400,-8.227097,41.6454466,,,,line_endpoint_cluster,derived,ENDPOINT_CLUSTER_DERIVED,
BUS:OSM:way:753364578:400,400,-8.030314559999999,41.67106344,OSM:way:753364578,Posto de Corte de Vieira do Minho,PCVRM,substation,OpenStreetMap,DIRECT_OSM,103.91915183358154
BUS:OSM:relation:19040600:400,400,-8.027816975,41.69330266,OSM:relation:19040600,Subestação da Central Hidroelétrica de Frades,,substation,OpenStreetMap,DIRECT_OSM,73.4615819541356
BUS:JUNCTION:400:03934,400,-8.0346015,41.6839911,,,,line_endpoint_cluster,derived,ENDPOINT_CLUSTER_DERIVED,
BUS:JUNCTION:400:03935,400,-8.091019314285713,41.68967567142857,,,,line_endpoint_cluster,derived,ENDPOINT_CLUSTER_DERIVED,
BUS:JUNCTION:400:03936,400,-8.037207,41.6868387,,,,line_endpoint_cluster,derived,ENDPOINT_CLUSTER_DERIVED,
BUS:OSM:way:542145772:400,400,-7.688922184615384,40.97378335384615,OSM:way:542145772,Subestação do Sub-parque Eólico de Moimenta,,substation,OpenStreetMap,DIRECT_OSM,64.7405996102392
BUS:JUNCTION:400:03938,400,-7.6617967,41.0982622,,,,line_endpoint_cluster,derived,ENDPOINT_CLUSTER_DERIVED,
BUS:JUNCTION:400:03939,400,-8.4735114,41.2184162,,,,line_endpoint_cluster,derived,ENDPOINT_CLUSTER_DERIVED,
BUS:OSM:way:694016335:400,400,-8.613068700000001,41.35798188666667,OSM:way:694016335,Subestação de Vila Nova de Famalicão,SVNF,substation,OpenStreetMap,DIRECT_OSM,111.63545402693461
BUS:JUNCTION:400:03941,400,-8.4514707,41.1571676,,,,line_endpoint_cluster,derived,ENDPOINT_CLUSTER_DERIVED,
BUS:JUNCTION:400:03942,400,-8.3569865,41.1947957,,,,line_endpoint_cluster,derived,ENDPOINT_CLUSTER_DERIVED,
BUS:JUNCTION:400:03943,400,-8.2340062,41.6461137,,,,line_endpoint_cluster,derived,ENDPOINT_CLUSTER_DERIVED,
BUS:JUNCTION:400:03944,400,-8.3114469,41.5705487,,,,line_endpoint_cluster,derived,ENDPOINT_CLUSTER_DERIVED,
BUS:OSM:way:151061884:400,400,-8.32342855,41.577576844444444,OSM:way:151061884,Subestação de Pedralva,SPDV,substation,OpenStreetMap,DIRECT_OSM,161.50060431595895
BUS:JUNCTION:400:03946,400,-6.7035111,38.3195989,,,,line_endpoint_cluster,derived,ENDPOINT_CLUSTER_DERIVED,
BUS:OSM:way:1462950857:400,400,-8.593820326666666,41.67812711333333,OSM:way:1462950857,Subestação de Ponte de Lima,,substation,OpenStreetMap,DIRECT_OSM,29.402536325587718
BUS:JUNCTION:400:03948,400,-8.5976577,41.6749185,,,,line_endpoint_cluster,derived,ENDPOINT_CLUSTER_DERIVED,
BUS:JUNCTION:400:03950,400,-8.3311431,41.5745369,,,,line_endpoint_cluster,derived,ENDPOINT_CLUSTER_DERIVED,
BUS:JUNCTION:400:03951,400,-8.3269561,41.5745931,,,,line_endpoint_cluster,derived,ENDPOINT_CLUSTER_DERIVED,
BUS:JUNCTION:400:03952,400,-8.310975,41.5698809,,,,line_endpoint_cluster,derived,ENDPOINT_CLUSTER_DERIVED,
BUS:JUNCTION:400:03953,400,-8.2303961,41.6446649,,,,line_endpoint_cluster,derived,ENDPOINT_CLUSTER_DERIVED,
BUS:OSM:way:751560789:400,400,-8.460909019999999,40.95974073,OSM:way:751560789,Subestação da Feira,SFRA,substation,OpenStreetMap,DIRECT_OSM,149.83009479484298
BUS:OSM:way:1258290323:400,400,-7.4268856,41.21577004,OSM:way:1258290323,Subestação da Central Hidroelétrica de Foz Tua,,substation,OpenStreetMap,DIRECT_OSM,11.730565727286011
BUS:JUNCTION:400:03959,400,-7.3473292,41.1977894,,,,line_endpoint_cluster,derived,ENDPOINT_CLUSTER_DERIVED,
BUS:JUNCTION:400:03960,400,-7.6646769,41.1050028,,,,line_endpoint_cluster,derived,ENDPOINT_CLUSTER_DERIVED,
BUS:OSM:way:791358190:400,400,-7.6994223125,37.3825588375,OSM:way:791358190,Subestação da Central Solar de Alcoutim,,substation,OpenStreetMap,DIRECT_OSM,24.171145427791295
BUS:JUNCTION:400:03962,400,-7.9228685,38.6353439,,,,line_endpoint_cluster,derived,ENDPOINT_CLUSTER_DERIVED,
BUS:JUNCTION:400:03964,400,-7.6616266,41.0998424,,,,line_endpoint_cluster,derived,ENDPOINT_CLUSTER_DERIVED,
BUS:JUNCTION:400:03965,400,-8.1325839,41.0816034,,,,line_endpoint_cluster,derived,ENDPOINT_CLUSTER_DERIVED,
BUS:JUNCTION:400:03966,400,-8.1313883,41.0795429,,,,line_endpoint_cluster,derived,ENDPOINT_CLUSTER_DERIVED,
BUS:JUNCTION:400:03967,400,-8.2921676,40.9578994,,,,line_endpoint_cluster,derived,ENDPOINT_CLUSTER_DERIVED,
BUS:JUNCTION:400:03969,400,-8.4685696,41.2177988,,,,line_endpoint_cluster,derived,ENDPOINT_CLUSTER_DERIVED,
BUS:OSM:way:142182853:400,400,-8.604312313580246,41.229993022222224,OSM:way:142182853,Subestação de Vermoim,SVM,substation,OpenStreetMap,DIRECT_OSM,136.5801200750705
BUS:JUNCTION:400:03971,400,-8.4752908,41.2191722,,,,line_endpoint_cluster,derived,ENDPOINT_CLUSTER_DERIVED,
BUS:JUNCTION:400:03972,400,-7.3718638,41.1642814,,,,line_endpoint_cluster,derived,ENDPOINT_CLUSTER_DERIVED,
BUS:JUNCTION:400:03973,400,-7.3791219,41.1618062,,,,line_endpoint_cluster,derived,ENDPOINT_CLUSTER_DERIVED,
BUS:JUNCTION:400:03974,400,-7.4516314,41.1534256,,,,line_endpoint_cluster,derived,ENDPOINT_CLUSTER_DERIVED,
BUS:JUNCTION:400:03975,400,-8.3230019,41.5752081,,,,line_endpoint_cluster,derived,ENDPOINT_CLUSTER_DERIVED,
BUS:JUNCTION:400:03977,400,-8.8901127,38.7100798,,,,line_endpoint_cluster,derived,ENDPOINT_CLUSTER_DERIVED,
BUS:OSM:way:813954335:400,400,-8.89949458125,38.7016486625,OSM:way:813954335,Subestação de Alcochete,SACT,substation,OpenStreetMap,DIRECT_OSM,83.06000856750062
BUS:OSM:relation:17294947:400,400,-8.11184955,39.46771535909091,OSM:relation:17294947,Subestação da Central Termoelétrica do Pego,,substation,OpenStreetMap,DIRECT_OSM,98.16097712204639
BUS:OSM:way:768087809:400,400,-7.729067481818182,41.571203363636364,OSM:way:768087809,Posto de Corte do Alto Tâmega,,substation,OpenStreetMap,DIRECT_OSM,24.44133484357804
BUS:JUNCTION:400:03982,400,-7.7629205,41.5386852,,,,line_endpoint_cluster,derived,ENDPOINT_CLUSTER_DERIVED,
BUS:OSM:way:767739005:400,400,-7.7656295375,41.537671875,OSM:way:767739005,Subestação de Gouvães,,substation,OpenStreetMap,DIRECT_OSM,31.824346209310324
BUS:OSM:way:964625644:400,400,-7.811921376923077,41.55027871538462,OSM:way:964625644,Subestação de Ribeira de Pena,SRBP,substation,OpenStreetMap,DIRECT_OSM,13.220214719255406
BUS:OSM:way:1123377073:400,400,-7.8616041333333335,41.523462188888885,OSM:way:1123377073,Posto de Corte de Daivões,,substation,OpenStreetMap,DIRECT_OSM,2.090663569449176
BUS:JUNCTION:400:03986,400,-7.8093213,41.5520165,,,,line_endpoint_cluster,derived,ENDPOINT_CLUSTER_DERIVED,
BUS:OSM:way:648169311:400,400,-7.497038104347825,38.19384673478261,OSM:way:648169311,Subestação da Central Hidroelétrica de Alqueva 2,,substation,OpenStreetMap,DIRECT_OSM,9.586924295235383
BUS:OSM:way:1256744849:400,400,-7.496408963157895,38.197127989473685,OSM:way:1256744849,Subestação da Central Hidroelétrica de Alqueva 1,,substation,OpenStreetMap,DIRECT_OSM,7.6066547740064845
BUS:OSM:way:1054310285:400,400,-7.455630426086957,40.176799217391306,OSM:way:1054310285,Subestação do Fundão,SFDA,substation,OpenStreetMap,DIRECT_OSM,156.75844599528693
BUS:JUNCTION:400:03991,400,-7.5117597,39.6498746,,,,line_endpoint_cluster,derived,ENDPOINT_CLUSTER_DERIVED,
BUS:OSM:way:987944916:400,400,-7.919936746153846,38.63319073076923,OSM:way:987944916,Subestação do Divor,SDVR,substation,OpenStreetMap,DIRECT_OSM,179.9696276789702
BUS:OSM:way:1259166797:400,400,-7.865589254545455,41.52380816363637,OSM:way:1259166797,Subestação da Central Hidroelétrica de Daivões,,substation,OpenStreetMap,DIRECT_OSM,141.27086848435346
BUS:OSM:way:1322975653:400,400,-8.34692961875,37.76020051875,OSM:way:1322975653,Subestação de Panóias,SPNA,substation,OpenStreetMap,DIRECT_OSM,161.54410453425731
BUS:JUNCTION:400:04004,400,-8.2310362,37.6045304,,,,line_endpoint_cluster,derived,ENDPOINT_CLUSTER_DERIVED,
BUS:JUNCTION:400:04006,400,-8.1263369,38.0522858,,,,line_endpoint_cluster,derived,ENDPOINT_CLUSTER_DERIVED,
BUS:JUNCTION:400:04007,400,-7.9607926,37.37917,,,,line_endpoint_cluster,derived,ENDPOINT_CLUSTER_DERIVED,
BUS:JUNCTION:400:04008,400,-8.2302779,37.6027551,,,,line_endpoint_cluster,derived,ENDPOINT_CLUSTER_DERIVED,
BUS:JUNCTION:400:04009,400,-7.4789214,38.9099692,,,,line_endpoint_cluster,derived,ENDPOINT_CLUSTER_DERIVED,
BUS:OSM:way:1298167959:400,400,-8.9278507375,39.045544774999996,OSM:way:1298167959,Subestação de Vila Nova da Rainha,,substation,OpenStreetMap,DIRECT_OSM,22.686302445962355
BUS:JUNCTION:400:04011,400,-8.9409319,39.0367113,,,,line_endpoint_cluster,derived,ENDPOINT_CLUSTER_DERIVED,
BUS:JUNCTION:400:04012,400,-8.9499199,39.0191545,,,,line_endpoint_cluster,derived,ENDPOINT_CLUSTER_DERIVED,
BUS:OSM:way:1331154119:400,400,-8.9378137875,39.18318,OSM:way:1331154119,Subestação da Central Fotovoltaica de Rio Maior,,substation,OpenStreetMap,DIRECT_OSM,23.48161608136477
BUS:JUNCTION:400:04014,400,-7.4780926,38.9102462,,,,line_endpoint_cluster,derived,ENDPOINT_CLUSTER_DERIVED,
BUS:OSM:way:742612300:400,400,-7.2765825,38.73887533333333,OSM:way:742612300,Subestação de Tração do Alandroal,,substation,OpenStreetMap,DIRECT_OSM,159.41228320943904
BUS:JUNCTION:400:04017,400,-8.1229903,41.1530996,,,,line_endpoint_cluster,derived,ENDPOINT_CLUSTER_DERIVED,
BUS:JUNCTION:400:04018,400,-7.768923911111112,41.53989637777778,,,,line_endpoint_cluster,derived,ENDPOINT_CLUSTER_DERIVED,
BUS:OSM:way:1421833203:400,400,-7.73121836,41.5737958,OSM:way:1421833203,Subestação da Central Hidroelétrica do Alto Tâmega,,substation,OpenStreetMap,DIRECT_OSM,9.840685758001975
BUS:JUNCTION:400:04021,400,-8.5934159,41.68447,,,,line_endpoint_cluster,derived,ENDPOINT_CLUSTER_DERIVED,
BUS:JUNCTION:400:04023,400,-8.338797,42.086965,,,,line_endpoint_cluster,derived,ENDPOINT_CLUSTER_DERIVED,
BUS:JUNCTION:400:04024,400,-7.7676773,37.3464475,,,,line_endpoint_cluster,derived,ENDPOINT_CLUSTER_DERIVED,
BUS:JUNCTION:400:04025,400,-7.9283135,39.4254708,,,,line_endpoint_cluster,derived,ENDPOINT_CLUSTER_DERIVED,
BUS:JUNCTION:400:04026,400,-8.4572518,40.9585075,,,,line_endpoint_cluster,derived,ENDPOINT_CLUSTER_DERIVED,
BUS:JUNCTION:400:04027,400,-8.317396,42.251401,,,,line_endpoint_cluster,derived,ENDPOINT_CLUSTER_DERIVED,
BUS:OSM:way:1499389789:400,400,-7.539837744186047,39.66385114418605,OSM:way:1499389789,Subestación de la Central Hidroeléctrica de Cedillo,,substation,OpenStreetMap,DIRECT_OSM,2.7703651202433273
BUS:EREDES:1303P5015600:60,60,-8.25740110103337,41.3586150531198,EREDES:1303P5015600,REGILDE,1303P5015600,switching_station,E-REDES,DIRECT_EREDES,
BUS:OSM:way:144622215:400,400,-8.764923918181818,37.99834740909091,OSM:way:144622215,Subestação de Sines,SSN,substation,OpenStreetMap,DIRECT_OSM,
BUS:OSM:way:144635502:150,150,-8.412196911111112,38.017171233333336,OSM:way:144635502,Subestação de Tração de Ermidas-Sado,,substation,OpenStreetMap,DIRECT_OSM,
BUS:OSM:way:151077584:150,150,-8.234796922727272,41.65362290909091,OSM:way:151077584,Posto de Corte de Caniçada,PCCD,substation,OpenStreetMap,DIRECT_OSM,
BUS:OSM:way:163214310:150,150,-8.5986961375,38.4189021125,OSM:way:163214310,Subestação de Tração de Monte Novo - Palma,,substation,OpenStreetMap,DIRECT_OSM,
BUS:OSM:way:942744960:150,150,-8.7509470625,41.65401795,OSM:way:942744960,Subestação de Tração de Vila Fria,,substation,OpenStreetMap,DIRECT_OSM,
BUS:OSM:way:1037884633:150,150,-8.847193075,41.686762425,OSM:way:1037884633,Posto de Corte de Viana do Castelo,PCVNC,substation,OpenStreetMap,DIRECT_OSM,
BUS:OSM:way:1228547593:220,220,-8.338043016666667,41.1896605,OSM:way:1228547593,Subestação de Tração de Irivo,,substation,OpenStreetMap,DIRECT_OSM,
BUS:OSM:way:1462950857:150,150,-8.593820326666666,41.67812711333333,OSM:way:1462950857,Subestação de Ponte de Lima,,substation,OpenStreetMap,DIRECT_OSM,
BUS:OSM:way:1466977551:150,150,-7.559331275,39.8270978,OSM:way:1466977551,Subestação Albispark,,substation,OpenStreetMap,DIRECT_OSM,
BUS:OSM:way:1493646686:400,400,-6.803505928571428,41.034700942857135,OSM:way:1493646686,SE Saucelle II,,substation,OpenStreetMap,DIRECT_OSM,
