facility_id,source,source_status,facility_type,name,normalized_name,code,voltage_kv,lon,lat,tags_json
EREDES:1105S5901100,E-REDES,DIRECT_EREDES,substation,ABÓBODA,aboboda,1105S5901100,60,-9.32468695458837,38.7320465820768,{}
EREDES:1105S5903300,E-REDES,DIRECT_EREDES,substation,CASCAIS,cascais,1105S5903300,60,-9.41159109304684,38.7132927956168,{}
EREDES:1105S5376000,E-REDES,DIRECT_EREDES,substation,ESTORIL,estoril,1105S5376000,60,-9.39581361223918,38.7046857521998,{}
EREDES:1106S5025800,E-REDES,DIRECT_EREDES,substation,CENTRAL TEJO,central tejo,1106S5025800,60,-9.1946937866289,38.6959355260337,{}
EREDES:1106S5431000,E-REDES,DIRECT_EREDES,substation,ENTRECAMPOS,entrecampos,1106S5431000,60,-9.14614429751852,38.7451994394304,{}
EREDES:1106S5375000,E-REDES,DIRECT_EREDES,substation,LUZ,luz,1106S5375000,60,-9.18862980701124,38.7496391479842,{}
EREDES:1106S5902900,E-REDES,DIRECT_EREDES,substation,MARVILA,marvila,1106S5902900,60,-9.10334829826404,38.7440561181026,{}
EREDES:1106S5064000,E-REDES,DIRECT_EREDES,substation,SANTA MARTA,santa marta,1106S5064000,60,-9.14635167449829,38.723760377874,{}
EREDES:1106S5242000,E-REDES,DIRECT_EREDES,substation,TELHEIRAS,telheiras,1106S5242000,60,-9.16396442716846,38.7677659648803,{}
EREDES:1106S5183100,E-REDES,DIRECT_EREDES,substation,ZAMBUJAL,zambujal,1106S5183100,60,-9.21261322266986,38.7208265716968,{}
EREDES:1110S5270000,E-REDES,DIRECT_EREDES,substation,MIRAFLORES,miraflores,1110S5270000,60,-9.23128895710694,38.7108680061072,{}
EREDES:1113S5480800,E-REDES,DIRECT_EREDES,substation,MATACÃES,matacaes,1113S5480800,60,-9.21140250387858,39.1018754423459,{}
EREDES:1112S5901400,E-REDES,DIRECT_EREDES,substation,CABEDA,cabeda,1112S5901400,60,-9.16667085768563,39.0110842558322,{}
EREDES:1111S5221600,E-REDES,DIRECT_EREDES,substation,CACÉM,cacem,1111S5221600,60,-9.28871750859266,38.7574807260228,{}
EREDES:1111S5127800,E-REDES,DIRECT_EREDES,substation,CAPA ROTA,capa rota,1111S5127800,60,-9.36324270861278,38.7604004590443,{}
EREDES:1111S5395000,E-REDES,DIRECT_EREDES,substation,MEM MARTINS,mem martins,1111S5395000,60,-9.33633618183811,38.8036537652089,{}
EREDES:1111S5066400,E-REDES,DIRECT_EREDES,substation,PERO PINHEIRO,pero pinheiro,1111S5066400,60,-9.32625843841308,38.8508914400789,{}
EREDES:1111S5850000,E-REDES,DIRECT_EREDES,substation,RIO MOURO,rio mouro,1111S5850000,60,-9.32378266541571,38.7785956289096,{}
EREDES:1111S5200000,E-REDES,DIRECT_EREDES,substation,SABUGO,sabugo,1111S5200000,60,-9.30008023159825,38.834110538687,{}
EREDES:1111S5903100,E-REDES,DIRECT_EREDES,substation,SÃO MARCOS,sao marcos,1111S5903100,60,-9.30298072974004,38.7510208313432,{}
EREDES:1115S5440000,E-REDES,DIRECT_EREDES,substation,VENTEIRA,venteira,1115S5440000,60,-9.23533506062851,38.745068326833,{}
EREDES:0102S5000700,E-REDES,DIRECT_EREDES,substation,ALBERGARIA,albergaria,0102S5000700,60,-8.47754493097749,40.745339021957,{}
EREDES:0105S5001500,E-REDES,DIRECT_EREDES,substation,AVEIRO,aveiro,0105S5001500,60,-8.6432187296746,40.636122584255,{}
EREDES:0105S5003900,E-REDES,DIRECT_EREDES,substation,ESGUEIRA,esgueira,0105S5003900,60,-8.61904718282078,40.64977607702,{}
EREDES:0116S5002800,E-REDES,DIRECT_EREDES,substation,DEVESA VELHA,devesa velha,0116S5002800,60,-8.47800912203705,40.8867215448746,{}
EREDES:0109S5007900,E-REDES,DIRECT_EREDES,substation,INHA,inha,0109S5007900,60,-8.4359121848815,41.0172840975065,{}
EREDES:0109S5009900,E-REDES,DIRECT_EREDES,substation,SANGUEDO,sanguedo,0109S5009900,60,-8.53035507988992,41.0002115452873,{}
EREDES:0106S5021300,E-REDES,DIRECT_EREDES,substation,FORNOS,fornos,0106S5021300,60,-8.24224679886584,41.0546118372906,{}
EREDES:0603S5005100,E-REDES,DIRECT_EREDES,substation,ALEGRIA,alegria,0603S5005100,60,-8.42449283627059,40.2045146919752,{}
EREDES:0603S5006400,E-REDES,DIRECT_EREDES,substation,CORRENTE,corrente,0603S5006400,60,-8.39629141547915,40.2281040032568,{}
EREDES:0603S5006100,E-REDES,DIRECT_EREDES,substation,TAVEIRO,taveiro,0603S5006100,60,-8.50829225612141,40.197154410492,{}
EREDES:0615S5010500,E-REDES,DIRECT_EREDES,substation,SOURE,soure,0615S5010500,60,-8.63252320413105,40.0438220458298,{}
EREDES:0612S5003700,E-REDES,DIRECT_EREDES,substation,SANTA LUZIA,santa luzia,0612S5003700,60,-7.81866963098831,40.079692690655,{}
EREDES:0801S5063000,E-REDES,DIRECT_EREDES,substation,ALBUFEIRA,albufeira,0801S5063000,60,-8.24974575735014,37.0958818398098,{}
EREDES:0801S5900800,E-REDES,DIRECT_EREDES,substation,MONTECHORO,montechoro,0801S5900800,60,-8.22268082021932,37.1113466403544,{}
EREDES:0803S5904000,E-REDES,DIRECT_EREDES,substation,POLDRA,poldra,0803S5904000,60,-8.77901244728105,37.212234882542,{}
EREDES:0808S5903600,E-REDES,DIRECT_EREDES,substation,ALMANCIL,almancil,0808S5903600,60,-7.99178435269155,37.0722491432604,{}
EREDES:0808S5063400,E-REDES,DIRECT_EREDES,substation,VILAMOURA,vilamoura,0808S5063400,60,-8.14067813987665,37.1159490104956,{}
EREDES:0814S5413300,E-REDES,DIRECT_EREDES,substation,CONCEIÇÃO,conceicao,0814S5413300,60,-7.57249692859118,37.1859823177839,{}
EREDES:0807S5063100,E-REDES,DIRECT_EREDES,substation,LAGOS,lagos,0807S5063100,60,-8.69537961713379,37.1045229233398,{}
EREDES:1501S5053900,E-REDES,DIRECT_EREDES,substation,VALE DE GAIO,vale de gaio,1501S5053900,60,-8.31516483707305,38.2665137489847,{}
EREDES:1503S5021300,E-REDES,DIRECT_EREDES,substation,AROEIRA,aroeira,1503S5021300,60,-9.16322422660795,38.5846061028923,{}
EREDES:1512S5990700,E-REDES,DIRECT_EREDES,substation,SE MÓVEL 07,movel 07,1512S5990700,60,-8.87799617101151,38.5468625504191,{}
EREDES:1512S5031900,E-REDES,DIRECT_EREDES,substation,TERROA,terroa,1512S5031900,60,-8.86139348342098,38.5236162143309,{}
EREDES:1510S5021200,E-REDES,DIRECT_EREDES,substation,FOGUETEIRO,fogueteiro,1510S5021200,60,-9.11331320253183,38.6146183304279,{}
EREDES:1510S5022300,E-REDES,DIRECT_EREDES,substation,SEIXAL,seixal,1510S5022300,60,-9.09880506834704,38.6265781654814,{}
EREDES:1511S5020600,E-REDES,DIRECT_EREDES,substation,QUINTA DO CONDE,quinta do conde,1511S5020600,60,-9.07337451340172,38.5439716536938,{}
EREDES:1511S5021000,E-REDES,DIRECT_EREDES,substation,SANTANA,santana,1511S5021000,60,-9.13648414300182,38.4536707901775,{}
EREDES:1212S5666200,E-REDES,DIRECT_EREDES,substation,ALPALHÃO,alpalhao,1212S5666200,60,-7.61951905818462,39.4248577736793,{}
EREDES:1213S5566900,E-REDES,DIRECT_EREDES,substation,PONTE SOR,ponte sor,1213S5566900,60,-8.00056386836767,39.2345522486781,{}
EREDES:0502S5010400,E-REDES,DIRECT_EREDES,substation,ALCAINS,alcains,0502S5010400,60,-7.46779856271541,39.9200314966156,{}
EREDES:0503S5006600,E-REDES,DIRECT_EREDES,substation,VÁRZEA,varzea,0503S5006600,60,-7.47915608917916,40.2897065743956,{}
EREDES:1403S5799800,E-REDES,DIRECT_EREDES,substation,ALMEIRIM,almeirim,1403S5799800,60,-8.62247680721767,39.1967860073129,{}
EREDES:1405S5906000,E-REDES,DIRECT_EREDES,substation,BENAVENTE,benavente,1405S5906000,60,-8.79933421870287,38.9782154498673,{}
EREDES:1405S5680800,E-REDES,DIRECT_EREDES,substation,CARRASCAL,carrascal,1405S5680800,60,-8.85373624625118,38.9148122335011,{}
EREDES:1419S5627800,E-REDES,DIRECT_EREDES,substation,SERRADA GRANDE,serrada grande,1419S5627800,60,-8.54837270810758,39.4688281430257,{}
EREDES:1402S5568200,E-REDES,DIRECT_EREDES,substation,VILA MOREIRA,vila moreira,1402S5568200,60,-8.6605199231738,39.4688669214576,{}
EREDES:1001S5905000,E-REDES,DIRECT_EREDES,substation,ALCOBAÇA,alcobaca,1001S5905000,60,-8.96741327600479,39.5537364485248,{}
EREDES:1009S5002200,E-REDES,DIRECT_EREDES,substation,ANDRINOS,andrinos,1009S5002200,60,-8.79166070453163,39.7483818641892,{}
EREDES:1009S5002600,E-REDES,DIRECT_EREDES,substation,ORTIGOSA,ortigosa,1009S5002600,60,-8.83557671218514,39.8322997774389,{}
EREDES:1009S5023300,E-REDES,DIRECT_EREDES,substation,PARCEIROS,parceiros,1009S5023300,60,-8.82802680080663,39.7380331146705,{}
EREDES:1009S5002700,E-REDES,DIRECT_EREDES,substation,PINHEIROS,pinheiros,1009S5002700,60,-8.78963271855867,39.7713198428015,{}
EREDES:1315S5021000,E-REDES,DIRECT_EREDES,substation,PALMILHEIRA,palmilheira,1315S5021000,60,-8.55626032403403,41.2023188028173,{}
EREDES:1308S5007600,E-REDES,DIRECT_EREDES,substation,CUSTÓIAS,custoias,1308S5007600,60,-8.64643359695418,41.1984650857493,{}
EREDES:1308S5009500,E-REDES,DIRECT_EREDES,substation,MATOSINHOS SUL,matosinhos sul,1308S5009500,60,-8.6751190637817,41.1759873840744,{}
EREDES:1303S5009100,E-REDES,DIRECT_EREDES,substation,FELGUEIRAS,felgueiras,1303S5009100,60,-8.19070061155552,41.3458050749596,{}
EREDES:1317S5003500,E-REDES,DIRECT_EREDES,substation,VERDINHO,verdinho,1317S5003500,60,-8.63668186459967,41.1283598742994,{}
EREDES:0213S5903000,E-REDES,DIRECT_EREDES,substation,BRINCHES,brinches,0213S5903000,60,-7.61678106226816,38.0312907801246,{}
EREDES:0211S5053600,E-REDES,DIRECT_EREDES,substation,SÃO TEOTÓNIO,sao teotonio,0211S5053600,60,-8.70217322145864,37.4890646799158,{}
EREDES:0312S5001200,E-REDES,DIRECT_EREDES,substation,CANIÇOS,canicos,0312S5001200,60,-8.4356974598059,41.3635051346273,{}
EREDES:0312S5003800,E-REDES,DIRECT_EREDES,substation,REQUIÃO,requiao,0312S5003800,60,-8.49762245884862,41.4087515522692,{}
EREDES:0308S5013400,E-REDES,DIRECT_EREDES,substation,SÃO JOÃO DE PONTE,sao joao de ponte,0308S5013400,60,-8.33106095035021,41.4626635191482,{}
EREDES:1803S5004800,E-REDES,DIRECT_EREDES,substation,CASTRO DAIRE,castro daire,1803S5004800,60,-7.96872438588664,40.911311400566,{}
EREDES:1107S5167800,E-REDES,DIRECT_EREDES,substation,ANAIA,anaia,1107S5167800,60,-9.08635798887418,38.8380869645039,{}
EREDES:1107S5903700,E-REDES,DIRECT_EREDES,substation,CAMARATE,camarate,1107S5903700,60,-9.12604718555837,38.8076877128498,{}
EREDES:1116S5340000,E-REDES,DIRECT_EREDES,substation,ARROJA,arroja,1116S5340000,60,-9.19080965783365,38.7956554364485,{}
EREDES:1104S5672000,E-REDES,DIRECT_EREDES,substation,CADAVAL,cadaval,1104S5672000,60,-9.05023024072345,39.281090060961,{}
EREDES:1101S5901600,E-REDES,DIRECT_EREDES,substation,CHEGANÇAS,chegancas,1101S5901600,60,-8.99460562801865,39.0643261046474,{}
EREDES:1101S5423500,E-REDES,DIRECT_EREDES,substation,MERCEANA,merceana,1101S5423500,60,-9.11556162327268,39.0854341268528,{}
EREDES:1101S5335200,E-REDES,DIRECT_EREDES,substation,VALE TEJO,vale tejo,1101S5335200,60,-8.95910206687394,39.0138788453139,{}
EREDES:1109S5727400,E-REDES,DIRECT_EREDES,substation,TELHEIRO,telheiro,1109S5727400,60,-9.34682985898176,38.980831247343,{}
EREDES:0402S5005100,E-REDES,DIRECT_EREDES,substation,BRAGANÇA,braganca,0402S5005100,60,-6.77086493332951,41.7920255730888,{}
EREDES:0405S5002200,E-REDES,DIRECT_EREDES,substation,MACEDO DE CAVALEIROS,macedo de cavaleiros,0405S5002200,60,-6.96732990695951,41.5375093342728,{}
EREDES:0408S5010300,E-REDES,DIRECT_EREDES,substation,MOGADOURO,mogadouro,0408S5010300,60,-6.57058301245969,41.3392700834513,{}
EREDES:0108S5001000,E-REDES,DIRECT_EREDES,substation,AVANCA,avanca,0108S5001000,60,-8.56878202493117,40.8076159881582,{}
EREDES:0602S5005900,E-REDES,DIRECT_EREDES,substation,CANTANHEDE,cantanhede,0602S5005900,60,-8.58426601756492,40.3489881915674,{}
EREDES:0607S5003400,E-REDES,DIRECT_EREDES,substation,LOUSÃ,lousa,0607S5003400,60,-8.24568592660392,40.1201515894044,{}
EREDES:0611S5000300,E-REDES,DIRECT_EREDES,substation,OLIVEIRA DO HOSPITAL,oliveira do hospital,0611S5000300,60,-7.86236107473726,40.3682071300528,{}
EREDES:0806S5060700,E-REDES,DIRECT_EREDES,substation,LAGOA,lagoa,0806S5060700,60,-8.46782768859256,37.1189572567284,{}
EREDES:0811S5063200,E-REDES,DIRECT_EREDES,substation,PORTIMÃO,portimao,0811S5063200,60,-8.5591266423204,37.1247733089331,{}
EREDES:0811S5060400,E-REDES,DIRECT_EREDES,substation,PORTO DE LAGOS,porto de lagos,0811S5060400,60,-8.53221157894838,37.1772224457455,{}
EREDES:1504S5020200,E-REDES,DIRECT_EREDES,substation,COINA,coina,1504S5020200,60,-9.04379210227551,38.5879552207102,{}
EREDES:1504S5020700,E-REDES,DIRECT_EREDES,substation,VILA CHÃ,vila cha,1504S5020700,60,-9.03752042527927,38.6232485152187,{}
EREDES:1202S5901700,E-REDES,DIRECT_EREDES,substation,ARRONCHES,arronches,1202S5901700,60,-7.28885852195264,39.1151766663362,{}
EREDES:0504S5008900,E-REDES,DIRECT_EREDES,substation,FUNDÃO,fundao,0504S5008900,60,-7.49407281195317,40.1691692232885,{}
EREDES:0508S5008800,E-REDES,DIRECT_EREDES,substation,VALE SERRÃO,vale serrao,0508S5008800,60,-7.89644893662105,39.721562294396,{}
EREDES:0511S5011400,E-REDES,DIRECT_EREDES,substation,VILA VELHA DE RODÃO,vila velha de rodao,0511S5011400,60,-7.67264755366708,39.6738761225107,{}
EREDES:1410S5625300,E-REDES,DIRECT_EREDES,substation,ENTRONCAMENTO,entroncamento,1410S5625300,60,-8.46810688990915,39.4695363704119,{}
EREDES:1421S5004500,E-REDES,DIRECT_EREDES,substation,FÁTIMA,fatima,1421S5004500,60,-8.69085792095743,39.6304006671614,{}
EREDES:1421S5002900,E-REDES,DIRECT_EREDES,substation,OURÉM,ourem,1421S5002900,60,-8.59015218806743,39.6636327416483,{}
EREDES:1414S5001400,E-REDES,DIRECT_EREDES,substation,RIO MAIOR,rio maior,1414S5001400,60,-8.92157933155721,39.3168198381585,{}
EREDES:1002S5023000,E-REDES,DIRECT_EREDES,substation,ALVAIÁZERE,alvaiazere,1002S5023000,60,-8.38429925349996,39.8430336619815,{}
EREDES:1010S5011000,E-REDES,DIRECT_EREDES,substation,CASAL DA LEBRE,casal da lebre,1010S5011000,60,-8.92725704733284,39.7215311160872,{}
EREDES:1013S5011300,E-REDES,DIRECT_EREDES,substation,PEDROGÃO,pedrogao,1013S5011300,60,-8.22209078520433,39.9117592178238,{}
EREDES:1016S5000100,E-REDES,DIRECT_EREDES,substation,SÃO JORGE,sao jorge,1016S5000100,60,-8.85154248808981,39.6306972539376,{}
EREDES:1301S5008700,E-REDES,DIRECT_EREDES,substation,AMARANTE,amarante,1301S5008700,60,-8.09756799510162,41.2934088388982,{}
EREDES:1312S5013300,E-REDES,DIRECT_EREDES,substation,ANTAS,antas,1312S5013300,60,-8.58675815534424,41.1607271754816,{}
EREDES:1312S5012600,E-REDES,DIRECT_EREDES,substation,LAPA,lapa,1312S5012600,60,-8.61267641193657,41.1601946576468,{}
EREDES:1306S5010100,E-REDES,DIRECT_EREDES,substation,GUEIFÃES,gueifaes,1306S5010100,60,-8.59941746203466,41.2071295549077,{}
EREDES:1310S5000800,E-REDES,DIRECT_EREDES,substation,LORDELO,lordelo,1310S5000800,60,-8.41674336468303,41.2531826507663,{}
EREDES:1305S5014600,E-REDES,DIRECT_EREDES,substation,LOUSADA,lousada,1305S5014600,60,-8.29644065495747,41.2643829038044,{}
EREDES:1316S5005600,E-REDES,DIRECT_EREDES,substation,MOSTEIRÔ,mosteiro,1316S5005600,60,-8.65182942550152,41.2851318655637,{}
EREDES:1318S5020300,E-REDES,DIRECT_EREDES,substation,MURO,muro,1318S5020300,60,-8.58075260020073,41.3057104354066,{}
EREDES:0201S5050500,E-REDES,DIRECT_EREDES,substation,ALJUSTREL,aljustrel,0201S5050500,60,-8.1519294443239,37.8786749181258,{}
EREDES:0208S5052500,E-REDES,DIRECT_EREDES,substation,FERREIRA DO ALENTEJO,ferreira do alentejo,0208S5052500,60,-8.09983242581698,38.0592617884869,{}
EREDES:0301S5009900,E-REDES,DIRECT_EREDES,substation,AMARES,amares,0301S5009900,60,-8.34880764147141,41.6207863963065,{}
EREDES:0311S5023400,E-REDES,DIRECT_EREDES,substation,CANIÇADA,canicada,0311S5023400,60,-8.17175824497719,41.6539418048327,{}
EREDES:1610S5001400,E-REDES,DIRECT_EREDES,substation,FRANCE,france,1610S5001400,60,-8.76153551822525,41.8846321560451,{}
EREDES:1606S6011800,E-REDES,DIRECT_EREDES,substation,LINDOSO,lindoso,1606S6011800,60,-8.27029800118786,41.8593361106549,{}
EREDES:1608S5006800,E-REDES,DIRECT_EREDES,substation,VALENÇA,valenca,1608S5006800,60,-8.63403473046996,42.025769606762,{}
EREDES:0701S5042100,E-REDES,DIRECT_EREDES,substation,TERENA,terena,0701S5042100,60,-7.40445524934885,38.6294910943099,{}
EREDES:0712S5042500,E-REDES,DIRECT_EREDES,substation,VENDAS NOVAS,vendas novas,0712S5042500,60,-8.44766656854912,38.6723031595959,{}
EREDES:1802S5010800,E-REDES,DIRECT_EREDES,substation,CARREGAL DO SAL,carregal do sal,1802S5010800,60,-7.98044979216946,40.4426165017856,{}
EREDES:1823S5004600,E-REDES,DIRECT_EREDES,substation,ORGENS,orgens,1823S5004600,60,-7.93723999932175,40.6760200015095,{}
EREDES:1823S5009700,E-REDES,DIRECT_EREDES,substation,VISO,viso,1823S5009700,60,-7.88241967267539,40.6575955371207,{}
EREDES:1805S5011300,E-REDES,DIRECT_EREDES,substation,LAMEGO,lamego,1805S5011300,60,-7.80566624448477,41.0906337901574,{}
EREDES:1805S5001700,E-REDES,DIRECT_EREDES,substation,VAROSA,varosa,1805S5001700,60,-7.77572914455816,41.1406439830133,{}
EREDES:1821S5009100,E-REDES,DIRECT_EREDES,substation,TONDELA,tondela,1821S5009100,60,-8.08401318103691,40.5254778109476,{}
EREDES:1807S5009800,E-REDES,DIRECT_EREDES,substation,VILA DA RUA,vila da rua,1807S5009800,60,-7.56732997024902,40.9445336230024,{}
EREDES:0907S5024600,E-REDES,DIRECT_EREDES,substation,CASAL DE CINZA,casal de cinza,0907S5024600,60,-7.21050387588245,40.5313144839516,{}
EREDES:0911S5007300,E-REDES,DIRECT_EREDES,substation,CERDEIRA,cerdeira,0911S5007300,60,-7.04581549070247,40.5164712180614,{}
EREDES:0913S5007500,E-REDES,DIRECT_EREDES,substation,TRANCOSO,trancoso,0913S5007500,60,-7.35180674860509,40.7812121003611,{}
EREDES:1703S5004900,E-REDES,DIRECT_EREDES,substation,CHAVES,chaves,1703S5004900,60,-7.47741367184995,41.7148629902354,{}
EREDES:1703S5002100,E-REDES,DIRECT_EREDES,substation,VIDAGO,vidago,1703S5002100,60,-7.56847607584034,41.6411898790134,{}
EREDES:1714S5022900,E-REDES,DIRECT_EREDES,substation,JORJAIS,jorjais,1714S5022900,60,-7.70359922966106,41.3416253853839,{}
EREDES:1714S5006100,E-REDES,DIRECT_EREDES,substation,TELHEIRA,telheira,1714S5006100,60,-7.76007205306067,41.29231971665,{}
EREDES:1706S5015000,E-REDES,DIRECT_EREDES,substation,MORGADE,morgade,1706S5015000,60,-7.74181533082984,41.7621767127496,{}
EREDES:1701S5003400,E-REDES,DIRECT_EREDES,substation,PINHÃO,pinhao,1701S5003400,60,-7.5418410227368,41.1933313490469,{}
EREDES:1105S5396000,E-REDES,DIRECT_EREDES,substation,ALCOITÃO,alcoitao,1105S5396000,60,-9.39539996453389,38.7359157581001,{}
EREDES:1105S5250000,E-REDES,DIRECT_EREDES,substation,BIRRE,birre,1105S5250000,60,-9.4429923291409,38.7230901514163,{}
EREDES:1105S5413000,E-REDES,DIRECT_EREDES,substation,PAREDE,parede,1105S5413000,60,-9.34652026685469,38.6872269352874,{}
EREDES:1106S5275000,E-REDES,DIRECT_EREDES,substation,AEROPORTO,aeroporto,1106S5275000,60,-9.1258169458245,38.7749889477088,{}
EREDES:1106S5200300,E-REDES,DIRECT_EREDES,substation,ALAMEDA,alameda,1106S5200300,60,-9.13614092174014,38.7369142277977,{}
EREDES:1106S5815000,E-REDES,DIRECT_EREDES,substation,ALTO DO LUMIAR,alto do lumiar,1106S5815000,60,-9.15351290389785,38.7782321851854,{}
EREDES:1106S5907000,E-REDES,DIRECT_EREDES,substation,BOAVISTA (NOVA),boavista nova,1106S5907000,60,-9.14816366051656,38.7085816289309,{}
EREDES:1106S5728000,E-REDES,DIRECT_EREDES,substation,COLOMBO,colombo,1106S5728000,60,-9.18631762165254,38.7555470676655,{}
EREDES:1106S5900100,E-REDES,DIRECT_EREDES,substation,GAGO COUTINHO,gago coutinho,1106S5900100,60,-9.13002633107935,38.7497497781229,{}
EREDES:1106S5045000,E-REDES,DIRECT_EREDES,substation,SÃO CIRO,sao ciro,1106S5045000,60,-9.16181312089379,38.7122270096857,{}
EREDES:1106S5072500,E-REDES,DIRECT_EREDES,substation,SENHOR ROUBADO,senhor roubado,1106S5072500,60,-9.16931418314624,38.7853193952848,{}
EREDES:1114S5140100,E-REDES,DIRECT_EREDES,substation,ALHANDRA,alhandra,1114S5140100,60,-9.01462395601946,38.9218955885683,{}
EREDES:1114S5340500,E-REDES,DIRECT_EREDES,substation,AREIAS (VFX),areias vfx,1114S5340500,60,-8.97582615568302,38.9756466880235,{}
EREDES:1114S5192200,E-REDES,DIRECT_EREDES,substation,PÓVOA,povoa,1114S5192200,60,-9.07432559463732,38.8591289576821,{}
EREDES:1110S5117100,E-REDES,DIRECT_EREDES,substation,FIGUEIRINHA,figueirinha,1110S5117100,60,-9.30622232991683,38.6959924690907,{}
EREDES:1113S5900500,E-REDES,DIRECT_EREDES,substation,TORRES VEDRAS SUL,torres vedras sul,1113S5900500,60,-9.26624557139885,39.0745742098773,{}
EREDES:1111S5905700,E-REDES,DIRECT_EREDES,substation,GODIGANA,godigana,1111S5905700,60,-9.37319190353444,38.8626273459496,{}
EREDES:1111S5377000,E-REDES,DIRECT_EREDES,substation,QUELUZ,queluz,1111S5377000,60,-9.25632226191825,38.7557008178834,{}
EREDES:1115S5480500,E-REDES,DIRECT_EREDES,substation,REBOLEIRA,reboleira,1115S5480500,60,-9.23235979612952,38.7524282216842,{}
EREDES:1103S5191400,E-REDES,DIRECT_EREDES,substation,ESPADANAL,espadanal,1103S5191400,60,-8.90704442701386,39.0524270087923,{}
EREDES:0409S5025200,E-REDES,DIRECT_EREDES,substation,AÇOREIRA,acoreira,0409S5025200,60,-7.12319905626291,41.1373175004706,{}
EREDES:0102S5010600,E-REDES,DIRECT_EREDES,substation,VISTA ALEGRE,vista alegre,0102S5010600,60,-8.49929605416157,40.7055561247385,{}
EREDES:0113S5011100,E-REDES,DIRECT_EREDES,substation,CARREGOSA,carregosa,0113S5011100,60,-8.43515982156,40.8937818311094,{}
EREDES:0109S5009200,E-REDES,DIRECT_EREDES,substation,RIO MEÃO,rio meao,0109S5009200,60,-8.58748322135081,40.959133792343,{}
EREDES:0109S5010000,E-REDES,DIRECT_EREDES,substation,SÃO JOÃO DA MADEIRA,sao joao da madeira,0109S5010000,60,-8.50224775536531,40.9034348503888,{}
EREDES:0613S5003800,E-REDES,DIRECT_EREDES,substation,AGUIEIRA,aguieira,0613S5003800,60,-8.19708840151497,40.3364688332381,{}
EREDES:0603S5022800,E-REDES,DIRECT_EREDES,substation,ANTANHOL,antanhol,0603S5022800,60,-8.46401484344241,40.1797699302467,{}
EREDES:0804S5060600,E-REDES,DIRECT_EREDES,substation,ALDEIA NOVA,aldeia nova,0804S5060600,60,-7.47281821458305,37.1844431989181,{}
EREDES:0814S5060300,E-REDES,DIRECT_EREDES,substation,CACHOPO,cachopo,0814S5060300,60,-7.81978611458765,37.3567001843327,{}
EREDES:0814S5062600,E-REDES,DIRECT_EREDES,substation,TAVIRA,tavira,0814S5062600,60,-7.67001960292178,37.1272916474179,{}
EREDES:1501S5053800,E-REDES,DIRECT_EREDES,substation,ALCÁCER DO SAL,alcacer do sal,1501S5053800,60,-8.51219026920227,38.3841695399754,{}
EREDES:1503S5021500,E-REDES,DIRECT_EREDES,substation,MUTELA,mutela,1503S5021500,60,-9.15365090614543,38.6743835659176,{}
EREDES:1503S5021100,E-REDES,DIRECT_EREDES,substation,PORTAGEM,portagem,1503S5021100,60,-9.17478697522116,38.6718270084547,{}
EREDES:1503S5020400,E-REDES,DIRECT_EREDES,substation,SOBREDA,sobreda,1503S5020400,60,-9.17668132681433,38.6478295674654,{}
EREDES:1512S5032400,E-REDES,DIRECT_EREDES,substation,BRASIL,brasil,1512S5032400,60,-8.88730268220072,38.5293199641337,{}
EREDES:1508S5902400,E-REDES,DIRECT_EREDES,substation,PINHAL NOVO,pinhal novo,1508S5902400,60,-8.90410495381109,38.6594173890094,{}
EREDES:1508S5903500,E-REDES,DIRECT_EREDES,substation,QUINTA DO ANJO,quinta do anjo,1508S5903500,60,-8.96856395855957,38.5794199080201,{}
EREDES:1507S5900600,E-REDES,DIRECT_EREDES,substation,MONTIJO,montijo,1507S5900600,60,-8.93773058465794,38.7031082075198,{}
EREDES:1507S5030900,E-REDES,DIRECT_EREDES,substation,PEGÕES,pegoes,1507S5030900,60,-8.61353563507317,38.6894674275082,{}
EREDES:1509S5054000,E-REDES,DIRECT_EREDES,substation,SANTIAGO,santiago,1509S5054000,60,-8.67507310256394,38.024901738891,{}
EREDES:1502S5030600,E-REDES,DIRECT_EREDES,substation,SÃO FRANCISCO,sao francisco,1502S5030600,60,-8.97229933709246,38.7266963070105,{}
EREDES:1207S5767100,E-REDES,DIRECT_EREDES,substation,ALCÁÇOVA,alcacova,1207S5767100,60,-7.16938433645039,38.887179926942,{}
EREDES:1214S5681500,E-REDES,DIRECT_EREDES,substation,SÃO VICENTE,sao vicente,1214S5681500,60,-7.44621770504133,39.319170621183,{}
EREDES:0502S5006900,E-REDES,DIRECT_EREDES,substation,TALAGUEIRA,talagueira,0502S5006900,60,-7.52060359032536,39.8222848887065,{}
EREDES:0503S5006700,E-REDES,DIRECT_EREDES,substation,TORTOSENDO,tortosendo,0503S5006700,60,-7.51312261195989,40.2524811085836,{}
EREDES:1416S5106800,E-REDES,DIRECT_EREDES,substation,FONTAINHAS,fontainhas,1416S5106800,60,-8.72576194794212,39.2473941408176,{}
EREDES:1416S5901800,E-REDES,DIRECT_EREDES,substation,VALE FIGUEIRA,vale figueira,1416S5901800,60,-8.63054685172559,39.3324486385034,{}
EREDES:1406S5192700,E-REDES,DIRECT_EREDES,substation,CRUZ DO CAMPO,cruz do campo,1406S5192700,60,-8.81987793989929,39.1215882033167,{}
EREDES:1001S5004200,E-REDES,DIRECT_EREDES,substation,CASAL DA AREIA,casal da areia,1001S5004200,60,-8.99498250683085,39.6132475776226,{}
EREDES:1001S5001300,E-REDES,DIRECT_EREDES,substation,CELA,cela,1001S5001300,60,-9.05143473298618,39.5270530768576,{}
EREDES:1009S5002100,E-REDES,DIRECT_EREDES,substation,AZÓIA,azoia,1009S5002100,60,-8.81968348257506,39.7020765770667,{}
EREDES:1006S5003000,E-REDES,DIRECT_EREDES,substation,CALDAS DA RAINHA,caldas da rainha,1006S5003000,60,-9.13168383147573,39.3972188117147,{}
EREDES:1012S5000500,E-REDES,DIRECT_EREDES,substation,SANCHEIRA,sancheira,1012S5000500,60,-9.08214846324543,39.3555031658027,{}
EREDES:1315S5007300,E-REDES,DIRECT_EREDES,substation,ALFENA,alfena,1315S5007300,60,-8.535870893396,41.2262209908111,{}
EREDES:1315S5012200,E-REDES,DIRECT_EREDES,substation,VALONGO,valongo,1315S5012200,60,-8.48242570252184,41.1858381077185,{}
EREDES:1308S5000500,E-REDES,DIRECT_EREDES,substation,AMIEIRA,amieira,1308S5000500,60,-8.62060643483679,41.1858546039765,{}
EREDES:1308S5005900,E-REDES,DIRECT_EREDES,substation,SANTA CRUZ DO BISPO,santa cruz do bispo,1308S5005900,60,-8.6775009751506,41.212045093956,{}
EREDES:1311S5012400,E-REDES,DIRECT_EREDES,substation,BUSTELO,bustelo,1311S5012400,60,-8.25959227336238,41.2268109571168,{}
EREDES:1311S5006900,E-REDES,DIRECT_EREDES,substation,ENTRE-OS-RIOS,entre os rios,1311S5006900,60,-8.29340111120722,41.1072832673245,{}
EREDES:1311S5023500,E-REDES,DIRECT_EREDES,substation,SANTIAGO DE SUBARRIFANA,santiago de subarrifana,1311S5023500,60,-8.30474173898073,41.2155747336377,{}
EREDES:1304S5009400,E-REDES,DIRECT_EREDES,substation,JOVIM,jovim,1304S5009400,60,-8.50965709646801,41.1044207807402,{}
EREDES:1303S5021400,E-REDES,DIRECT_EREDES,substation,SOUSA,sousa,1303S5021400,60,-8.2509864716005,41.3542105563438,{}
EREDES:1317S5005200,E-REDES,DIRECT_EREDES,substation,PEDROSO,pedroso,1317S5005200,60,-8.55529669389395,41.0576119332299,{}
EREDES:1317S5020400,E-REDES,DIRECT_EREDES,substation,SERZEDO,serzedo,1317S5020400,60,-8.60898026167858,41.0484002534432,{}
EREDES:1317S5001800,E-REDES,DIRECT_EREDES,substation,VILAR DO PARAÍSO,vilar do paraiso,1317S5001800,60,-8.62109093971481,41.0884102122766,{}
EREDES:0213S5050300,E-REDES,DIRECT_EREDES,substation,SERPA,serpa,0213S5050300,60,-7.59820656328118,37.9502615875986,{}
EREDES:0302S5022200,E-REDES,DIRECT_EREDES,substation,LIJÓ,lijo,0302S5022200,60,-8.61267500183666,41.5622992750814,{}
EREDES:0303S5000400,E-REDES,DIRECT_EREDES,substation,BRAGA,braga,0303S5000400,60,-8.4212842374996,41.5415317179847,{}
EREDES:0303S5020700,E-REDES,DIRECT_EREDES,substation,LAMAS,lamas,0303S5020700,60,-8.43195233319339,41.4967091125347,{}
EREDES:0303S5006500,E-REDES,DIRECT_EREDES,substation,SÃO MARTINHO DE DUME,sao martinho de dume,0303S5006500,60,-8.43258896359715,41.5735348630348,{}
EREDES:0312S5002700,E-REDES,DIRECT_EREDES,substation,LOUSADO,lousado,0312S5002700,60,-8.54395851094344,41.3578995386367,{}
EREDES:0312S5008500,E-REDES,DIRECT_EREDES,substation,RUIVÃES,ruivaes,0312S5008500,60,-8.44523515571964,41.4052353812598,{}
EREDES:0307S5004400,E-REDES,DIRECT_EREDES,substation,FAFE,fafe,0307S5004400,60,-8.1769881181641,41.4458790603869,{}
EREDES:0305S5012300,E-REDES,DIRECT_EREDES,substation,FERMIL DE BASTO,fermil de basto,0305S5012300,60,-7.99171907597228,41.4271800153238,{}
EREDES:0306S5004700,E-REDES,DIRECT_EREDES,substation,FONTE BOA,fonte boa,0306S5004700,60,-8.73007470527775,41.5005301080802,{}
EREDES:0308S5008400,E-REDES,DIRECT_EREDES,substation,GUIMARÃES,guimaraes,0308S5008400,60,-8.29831204530944,41.4289328379732,{}
EREDES:0308S5001900,E-REDES,DIRECT_EREDES,substation,PEVIDÉM,pevidem,0308S5001900,60,-8.36083486062431,41.4297029492454,{}
EREDES:0313S5020100,E-REDES,DIRECT_EREDES,substation,TURIZ,turiz,0313S5020100,60,-8.46479277771887,41.6368745140645,{}
EREDES:1609S5025600,E-REDES,DIRECT_EREDES,substation,LANHESES,lanheses,1609S5025600,60,-8.68602777809609,41.7510083349637,{}
EREDES:1609S5001100,E-REDES,DIRECT_EREDES,substation,SANTA MARTA DE PORTUZELO,santa marta de portuzelo,1609S5001100,60,-8.77925159305336,41.7067809083379,{}
EREDES:1609S5011200,E-REDES,DIRECT_EREDES,substation,SÃO ROMÃO DE NEIVA,sao romao de neiva,1609S5011200,60,-8.76559653343121,41.6285587555033,{}
EREDES:1601S5024900,E-REDES,DIRECT_EREDES,substation,MOGUEIRAS,mogueiras,1601S5024900,60,-8.4412427199166,41.8236939827679,{}
EREDES:1107S5097500,E-REDES,DIRECT_EREDES,substation,MOSCAVIDE,moscavide,1107S5097500,60,-9.10482408960698,38.784127838019,{}
EREDES:1116S5903800,E-REDES,DIRECT_EREDES,substation,CANEÇAS,canecas,1116S5903800,60,-9.21407372833929,38.8050685410114,{}
EREDES:1109S5905600,E-REDES,DIRECT_EREDES,substation,GRADIL,gradil,1109S5905600,60,-9.26357491471727,38.9765202286696,{}
EREDES:1109S5430000,E-REDES,DIRECT_EREDES,substation,MAFRA,mafra,1109S5430000,60,-9.29747757718589,38.9052957353604,{}
EREDES:1109S5902500,E-REDES,DIRECT_EREDES,substation,VENDA DO PINHEIRO,venda do pinheiro,1109S5902500,60,-9.21776982270913,38.924038402017,{}
EREDES:1108S5729600,E-REDES,DIRECT_EREDES,substation,LOURINHÃ,lourinha,1108S5729600,60,-9.30652125078136,39.2457474285887,{}
EREDES:0407S5014900,E-REDES,DIRECT_EREDES,substation,MIRANDELA,mirandela,0407S5014900,60,-7.18673240519681,41.4724477760407,{}
EREDES:0115S5000800,E-REDES,DIRECT_EREDES,substation,ARADA,arada,0115S5000800,60,-8.60826604501897,40.9075920467726,{}
EREDES:0115S5008100,E-REDES,DIRECT_EREDES,substation,OVAR,ovar,0115S5008100,60,-8.6071060883818,40.8605998239728,{}
EREDES:0104S5000900,E-REDES,DIRECT_EREDES,substation,AROUCA,arouca,0104S5000900,60,-8.27886319721498,40.9242205177792,{}
EREDES:0110S5007800,E-REDES,DIRECT_EREDES,substation,ÍLHAVO,ilhavo,0110S5007800,60,-8.65334783901329,40.5880066367729,{}
EREDES:0111S5006200,E-REDES,DIRECT_EREDES,substation,PAMPILHOSA,pampilhosa,0111S5006200,60,-8.42842412554117,40.3462380055416,{}
EREDES:0117S5023700,E-REDES,DIRECT_EREDES,substation,SEVER DO VOUGA,sever do vouga,0117S5023700,60,-8.37579230546136,40.7417661451533,{}
EREDES:0601S5003100,E-REDES,DIRECT_EREDES,substation,FRONHAS,fronhas,0601S5003100,60,-8.16086477435781,40.2480601949426,{}
EREDES:0602S5004300,E-REDES,DIRECT_EREDES,substation,TOCHA,tocha,0602S5004300,60,-8.7280822579437,40.332546159571,{}
EREDES:0605S5005800,E-REDES,DIRECT_EREDES,substation,GALA,gala,0605S5005800,60,-8.84770941860087,40.1180180418741,{}
EREDES:0608S5006500,E-REDES,DIRECT_EREDES,substation,MIRA,mira,0608S5006500,60,-8.72258216761928,40.4275322143576,{}
EREDES:0813S5062400,E-REDES,DIRECT_EREDES,substation,TUNES,tunes,0813S5062400,60,-8.26265211307154,37.1644338506322,{}
EREDES:0805S5063500,E-REDES,DIRECT_EREDES,substation,FARO,faro,0805S5063500,60,-7.94115490020157,37.0278072762541,{}
EREDES:0805S5062500,E-REDES,DIRECT_EREDES,substation,TORRE NATAL,torre natal,0805S5062500,60,-7.90421596380011,37.038265998869,{}
EREDES:0812S5062100,E-REDES,DIRECT_EREDES,substation,SÃO BRÁS DE ALPORTEL,sao bras de alportel,0812S5062100,60,-7.8927256705816,37.1493771641207,{}
EREDES:0815S5061600,E-REDES,DIRECT_EREDES,substation,VILA DO BISPO,vila do bispo,0815S5061600,60,-8.90997690391322,37.0793171812525,{}
EREDES:1504S5020300,E-REDES,DIRECT_EREDES,substation,BARREIRO,barreiro,1504S5020300,60,-9.06123982421673,38.6631038803351,{}
EREDES:1504S5022700,E-REDES,DIRECT_EREDES,substation,QUIMIPARQUE,quimiparque,1504S5022700,60,-9.06230829350075,38.6699867695163,{}
EREDES:1506S5031400,E-REDES,DIRECT_EREDES,substation,MOITA,moita,1506S5031400,60,-8.99020217413639,38.630558790395,{}
EREDES:1513S5907600,E-REDES,DIRECT_EREDES,substation,SINES,sines,1513S5907600,60,-8.78649219178279,37.9456948412733,{}
EREDES:1201S5904100,E-REDES,DIRECT_EREDES,substation,ALTER DO CHÃO,alter do chao,1201S5904100,60,-7.6637467436579,39.1892699403809,{}
EREDES:0509S5003300,E-REDES,DIRECT_EREDES,substation,SERTÃ,serta,0509S5003300,60,-8.09078263269088,39.8012759989275,{}
EREDES:1404S5904400,E-REDES,DIRECT_EREDES,substation,ALPIARÇA,alpiarca,1404S5904400,60,-8.55268933699975,39.2670240195231,{}
EREDES:1415S5636100,E-REDES,DIRECT_EREDES,substation,GLÓRIA,gloria,1415S5636100,60,-8.66247544909662,39.0396472947729,{}
EREDES:1418S5004100,E-REDES,DIRECT_EREDES,substation,SANTA CITA,santa cita,1418S5004100,60,-8.39320109087591,39.554756683008,{}
EREDES:1418S5003600,E-REDES,DIRECT_EREDES,substation,VENDA NOVA (Tomar),venda nova tomar,1418S5003600,60,-8.3760481199526,39.6363211535193,{}
EREDES:1010S5000000,E-REDES,DIRECT_EREDES,substation,MARINHA GRANDE,marinha grande,1010S5000000,60,-8.91890006028061,39.747685032879,{}
EREDES:1015S5904900,E-REDES,DIRECT_EREDES,substation,LOURIÇAL,lourical,1015S5904900,60,-8.7894300087948,40.0274769072192,{}
EREDES:1015S5002300,E-REDES,DIRECT_EREDES,substation,POMBAL,pombal,1015S5002300,60,-8.63490958045611,39.9189343959032,{}
EREDES:1015S5004400,E-REDES,DIRECT_EREDES,substation,RANHA,ranha,1015S5004400,60,-8.6958845086966,39.8732471531011,{}
EREDES:1301S5020200,E-REDES,DIRECT_EREDES,substation,CARNEIRO,carneiro,1301S5020200,60,-7.96898998176557,41.2072486501849,{}
EREDES:1312S5013100,E-REDES,DIRECT_EREDES,substation,BOAVISTA (Porto),boavista porto,1312S5013100,60,-8.65503863858691,41.1636396963523,{}
EREDES:1312S5013200,E-REDES,DIRECT_EREDES,substation,CAMPO ALEGRE,campo alegre,1312S5013200,60,-8.6350770081551,41.1541767069428,{}
EREDES:1312S5013900,E-REDES,DIRECT_EREDES,substation,MONTE DOS BURGOS,monte dos burgos,1312S5013900,60,-8.63385927301313,41.1684540063167,{}
EREDES:1312S5014000,E-REDES,DIRECT_EREDES,substation,PARANHOS,paranhos,1312S5014000,60,-8.60094116222406,41.1725903352502,{}
EREDES:1312S5014100,E-REDES,DIRECT_EREDES,substation,VITÓRIA,vitoria,1312S5014100,60,-8.6138011046564,41.1446794305593,{}
EREDES:1314S5004600,E-REDES,DIRECT_EREDES,substation,AREIAS NORTE,areias norte,1314S5004600,60,-8.48135280435004,41.358263168095,{}
EREDES:1306S5008900,E-REDES,DIRECT_EREDES,substation,MAIA,maia,1306S5008900,60,-8.61553338912147,41.2401945669812,{}
EREDES:1310S5009200,E-REDES,DIRECT_EREDES,substation,REBORDOSA,rebordosa,1310S5009200,60,-8.38120118771066,41.2154434553088,{}
EREDES:1309S5000700,E-REDES,DIRECT_EREDES,substation,PAÇOS DE FERREIRA,pacos de ferreira,1309S5000700,60,-8.36281937740724,41.2837341078485,{}
EREDES:0202S5050400,E-REDES,DIRECT_EREDES,substation,ALMODÔVAR,almodovar,0202S5050400,60,-8.02963783369681,37.4828475610126,{}
EREDES:0202S5052400,E-REDES,DIRECT_EREDES,substation,PORTEIRINHOS,porteirinhos,0202S5052400,60,-8.07184529434999,37.576708146983,{}
EREDES:0210S5052300,E-REDES,DIRECT_EREDES,substation,MOURA,moura,0210S5052300,60,-7.44275213889534,38.1307689006636,{}
EREDES:1610S5025800,E-REDES,DIRECT_EREDES,substation,Vila Nova de Cerveira,vila nova de cerveira,1610S5025800,60,-8.68259166255419,41.9720333376684,{}
EREDES:1603S5021700,E-REDES,DIRECT_EREDES,substation,ROUSSAS,roussas,1603S5021700,60,-8.25117237283766,42.1103260089472,{}
EREDES:1604S5007400,E-REDES,DIRECT_EREDES,substation,TROVISCOSO,troviscoso,1604S5007400,60,-8.45881726001989,42.0707441521895,{}
EREDES:0703S5040900,E-REDES,DIRECT_EREDES,substation,BORBA,borba,0703S5040900,60,-7.46669169837766,38.7925168185332,{}
EREDES:0702S5040700,E-REDES,DIRECT_EREDES,substation,CERÂMICA,ceramica,0702S5040700,60,-7.95003702249888,38.741573531386,{}
EREDES:1823S5009300,E-REDES,DIRECT_EREDES,substation,GUMIEI,gumiei,1823S5009300,60,-8.00552000002215,40.740008176043,{}
EREDES:1823S5009600,E-REDES,DIRECT_EREDES,substation,VISEU,viseu,1823S5009600,60,-7.91935634992506,40.6484468612114,{}
EREDES:1806S5008500,E-REDES,DIRECT_EREDES,substation,MANGUALDE,mangualde,1806S5008500,60,-7.77570391245423,40.6065585957211,{}
EREDES:0907S5007100,E-REDES,DIRECT_EREDES,substation,GUARDA,guarda,0907S5007100,60,-7.28757151518777,40.5385384299677,{}
EREDES:0912S5009000,E-REDES,DIRECT_EREDES,substation,SABUGUEIRO,sabugueiro,0912S5009000,60,-7.66234690427741,40.3968948769083,{}
EREDES:1713S5014700,E-REDES,DIRECT_EREDES,substation,SOUTELO,soutelo,1713S5014700,60,-7.66595698978451,41.4641880343936,{}
EREDES:1712S5015100,E-REDES,DIRECT_EREDES,substation,VALPAÇOS,valpacos,1712S5015100,60,-7.3129256150095,41.6209316075406,{}
EREDES:1106S5478000,E-REDES,DIRECT_EREDES,substation,AMOREIRAS,amoreiras,1106S5478000,60,-9.15785956311857,38.7219701286851,{}
EREDES:1106S5716600,E-REDES,DIRECT_EREDES,substation,ARCO CARVALHÃO,arco carvalhao,1106S5716600,60,-9.16654893033864,38.7225767614757,{}
EREDES:1106S5800800,E-REDES,DIRECT_EREDES,substation,EXPO NORTE,expo norte,1106S5800800,60,-9.09895141997504,38.7856440141005,{}
EREDES:1106S5800000,E-REDES,DIRECT_EREDES,substation,EXPO SUL,expo sul,1106S5800000,60,-9.09992068636528,38.7571332216051,{}
EREDES:1106S5099600,E-REDES,DIRECT_EREDES,substation,NORTE,norte,1106S5099600,60,-9.15739850854142,38.7475541384006,{}
EREDES:1106S5244000,E-REDES,DIRECT_EREDES,substation,PARQUE,parque,1106S5244000,60,-9.15163436792619,38.7299385595374,{}
EREDES:1106S5200200,E-REDES,DIRECT_EREDES,substation,PRAÇA FIGUEIRA,praca figueira,1106S5200200,60,-9.1377033896324,38.7135885141059,{}
EREDES:1106S5140000,E-REDES,DIRECT_EREDES,substation,VALE ESCURO,vale escuro,1106S5140000,60,-9.12799272528189,38.7275352193309,{}
EREDES:1110S5900200,E-REDES,DIRECT_EREDES,substation,BARCARENA,barcarena,1110S5900200,60,-9.26669622815294,38.737082806951,{}
EREDES:1110S5810700,E-REDES,DIRECT_EREDES,substation,LEIÃO,leiao,1110S5810700,60,-9.29422217174542,38.7320114203329,{}
EREDES:1113S5901500,E-REDES,DIRECT_EREDES,substation,BOMBARDEIRA,bombardeira,1113S5901500,60,-9.34538090251774,39.1562721393967,{}
EREDES:1113S5527000,E-REDES,DIRECT_EREDES,substation,CASALINHOS DE ALFAIATA,casalinhos de alfaiata,1113S5527000,60,-9.34368339664191,39.0945815661526,{}
EREDES:1111S5749400,E-REDES,DIRECT_EREDES,substation,JANAS,janas,1111S5749400,60,-9.40591268480081,38.8259035746782,{}
EREDES:1111S5900300,E-REDES,DIRECT_EREDES,substation,RANHOLAS,ranholas,1111S5900300,60,-9.36082840635402,38.7841653658077,{}
EREDES:1115S5528500,E-REDES,DIRECT_EREDES,substation,CASAL SÃO BRÁS,casal sao bras,1115S5528500,60,-9.22542383473999,38.7687333692467,{}
EREDES:1115S5191000,E-REDES,DIRECT_EREDES,substation,VENDA NOVA (Amadora),venda nova amadora,1115S5191000,60,-9.21507070373578,38.7527028239781,{}
EREDES:0101S5000600,E-REDES,DIRECT_EREDES,substation,AGUEDA,agueda,0101S5000600,60,-8.45671297621331,40.5931354341641,{}
EREDES:0101S5001600,E-REDES,DIRECT_EREDES,substation,BARRÔ,barro,0101S5001600,60,-8.45500794583358,40.5339021723744,{}
EREDES:0113S5008000,E-REDES,DIRECT_EREDES,substation,OLIVEIRA DE AZEMÉIS,oliveira de azemeis,0113S5008000,60,-8.49014193723323,40.8427939616871,{}
EREDES:0109S5014500,E-REDES,DIRECT_EREDES,substation,FEIRA,feira,0109S5014500,60,-8.52896569062469,40.9464719158103,{}
EREDES:0109S5020900,E-REDES,DIRECT_EREDES,substation,NOGUEIRA DA REGEDOURA,nogueira da regedoura,0109S5020900,60,-8.59641419508294,41.0074571000553,{}
EREDES:0603S5005300,E-REDES,DIRECT_EREDES,substation,ALTO DE SÃO JOÃO,alto de sao joao,0603S5005300,60,-8.40058055013199,40.1933056641091,{}
EREDES:0603S5005200,E-REDES,DIRECT_EREDES,substation,RELVINHA,relvinha,0603S5005200,60,-8.43925500646498,40.2340158626633,{}
EREDES:0615S5006300,E-REDES,DIRECT_EREDES,substation,ALFARELOS,alfarelos,0615S5006300,60,-8.6387034538877,40.1559657797208,{}
EREDES:0804S5062300,E-REDES,DIRECT_EREDES,substation,CASTRO MARIM,castro marim,0804S5062300,60,-7.47888826129034,37.2604627073843,{}
EREDES:0803S5062700,E-REDES,DIRECT_EREDES,substation,ALJEZUR,aljezur,0803S5062700,60,-8.7931447631277,37.3274334693086,{}
EREDES:0808S5060200,E-REDES,DIRECT_EREDES,substation,LOULÉ,loule,0808S5060200,60,-8.00580866273788,37.1366749617201,{}
EREDES:0808S5063300,E-REDES,DIRECT_EREDES,substation,QUARTEIRA,quarteira,0808S5063300,60,-8.07660062289182,37.0835052788915,{}
EREDES:0808S5904800,E-REDES,DIRECT_EREDES,substation,VILAMOURA B,vilamoura b,0808S5904800,60,-8.10168136858979,37.0874291393989,{}
EREDES:1501S5054200,E-REDES,DIRECT_EREDES,substation,COMPORTA,comporta,1501S5054200,60,-8.78486166549782,38.3744374440504,{}
EREDES:1503S5022800,E-REDES,DIRECT_EREDES,substation,COSTA DA CAPARICA,costa da caparica,1503S5022800,60,-9.22469151597253,38.6559363845331,{}
EREDES:1503S5021700,E-REDES,DIRECT_EREDES,substation,LARANJEIRO,laranjeiro,1503S5021700,60,-9.15594572675852,38.6556793361888,{}
EREDES:1512S5031200,E-REDES,DIRECT_EREDES,substation,SADO,sado,1512S5031200,60,-8.8050516671651,38.5021850850802,{}
EREDES:1512S5030700,E-REDES,DIRECT_EREDES,substation,SÃO SEBASTIÃO,sao sebastiao,1512S5030700,60,-8.8783709720027,38.5445621343099,{}
EREDES:1508S5031800,E-REDES,DIRECT_EREDES,substation,CARRASCAS,carrascas,1508S5031800,60,-8.89880155454382,38.5953798053933,{}
EREDES:1203S5650400,E-REDES,DIRECT_EREDES,substation,MARANHÃO,maranhao,1203S5650400,60,-7.97699504060313,39.0154827030867,{}
EREDES:0507S5024400,E-REDES,DIRECT_EREDES,substation,MEIMOA,meimoa,0507S5024400,60,-7.20101541372892,40.2430546618134,{}
EREDES:1416S5901000,E-REDES,DIRECT_EREDES,substation,ALCANEDE,alcanede,1416S5901000,60,-8.80909546304938,39.4275804388859,{}
EREDES:1416S5902600,E-REDES,DIRECT_EREDES,substation,SÃO BENTO,sao bento,1416S5902600,60,-8.68565789885188,39.2466492408658,{}
EREDES:1413S5585200,E-REDES,DIRECT_EREDES,substation,BELVER,belver,1413S5585200,60,-7.99796319556978,39.4813953564591,{}
EREDES:1413S5632800,E-REDES,DIRECT_EREDES,substation,PRACANA,pracana,1413S5632800,60,-7.81469393331499,39.5669331634235,{}
EREDES:1406S5900900,E-REDES,DIRECT_EREDES,substation,CARTAXO NORTE,cartaxo norte,1406S5900900,60,-8.80218898529396,39.1806055170379,{}
EREDES:1409S5568300,E-REDES,DIRECT_EREDES,substation,CORUCHE,coruche,1409S5568300,60,-8.49257616698326,38.9417636367369,{}
EREDES:1401S5636700,E-REDES,DIRECT_EREDES,substation,OLHO BOI,olho boi,1401S5636700,60,-8.17861246130161,39.48760858767,{}
EREDES:1001S5000400,E-REDES,DIRECT_EREDES,substation,TURQUEL,turquel,1001S5000400,60,-8.96552024272801,39.4571392829564,{}
EREDES:1006S5005000,E-REDES,DIRECT_EREDES,substation,SANTO ONOFRE,santo onofre,1006S5005000,60,-9.1579814573201,39.4173613890955,{}
EREDES:1308S5002600,E-REDES,DIRECT_EREDES,substation,MATOSINHOS,matosinhos,1308S5002600,60,-8.67756344606841,41.187853441031,{}
EREDES:1304S5010200,E-REDES,DIRECT_EREDES,substation,FÂNZERES,fanzeres,1304S5010200,60,-8.52257679327536,41.1747723457058,{}
EREDES:1304S5015400,E-REDES,DIRECT_EREDES,substation,GONDOMAR,gondomar,1304S5015400,60,-8.54877701107898,41.1476524107224,{}
EREDES:1307S5007700,E-REDES,DIRECT_EREDES,substation,MARCO DE CANAVESES,marco de canaveses,1307S5007700,60,-8.13634191532224,41.1834557118083,{}
EREDES:1317S5011900,E-REDES,DIRECT_EREDES,substation,SANTA MARINHA,santa marinha,1317S5011900,60,-8.61826310987027,41.1232380163232,{}
EREDES:1317S5009600,E-REDES,DIRECT_EREDES,substation,SERRA DO PILAR,serra do pilar,1317S5009600,60,-8.604288928996,41.132123132031,{}
EREDES:1317S5002800,E-REDES,DIRECT_EREDES,substation,VILA NOVA DE GAIA,vila nova de gaia,1317S5002800,60,-8.59896288177663,41.1202549932389,{}
EREDES:0205S5050100,E-REDES,DIRECT_EREDES,substation,BEJA,beja,0205S5050100,60,-7.87237439066746,38.0114871410258,{}
EREDES:0211S5053400,E-REDES,DIRECT_EREDES,substation,VILA NOVA MILFONTES,vila nova milfontes,0211S5053400,60,-8.76612596377235,37.7354913918708,{}
EREDES:0302S5003100,E-REDES,DIRECT_EREDES,substation,ALVELOS,alvelos,0302S5003100,60,-8.62213340694942,41.5091613627461,{}
EREDES:0302S5014200,E-REDES,DIRECT_EREDES,substation,PENIDE,penide,0302S5014200,60,-8.53580683644725,41.5522319690779,{}
EREDES:0303S5012700,E-REDES,DIRECT_EREDES,substation,LAMAÇÃES,lamacaes,0303S5012700,60,-8.40203103454658,41.5524092946379,{}
EREDES:0308S5012800,E-REDES,DIRECT_EREDES,substation,LAMEIRINHO,lameirinho,0308S5012800,60,-8.36145617438311,41.4233992794438,{}
EREDES:1609S5021900,E-REDES,DIRECT_EREDES,substation,MONSERRATE,monserrate,1609S5021900,60,-8.84281146205716,41.6927711966606,{}
EREDES:0711S5042400,E-REDES,DIRECT_EREDES,substation,REGUENGOS DE MONSARAZ,reguengos de monsaraz,0711S5042400,60,-7.53062520171291,38.4455098373635,{}
EREDES:0909S5007600,E-REDES,DIRECT_EREDES,substation,MARVÃO,marvao,0909S5007600,60,-7.18287132966389,41.0189088792756,{}
EREDES:1107S5901900,E-REDES,DIRECT_EREDES,substation,FANHÕES,fanhoes,1107S5901900,60,-9.13962026311079,38.8876480230836,{}
EREDES:1107S5221400,E-REDES,DIRECT_EREDES,substation,LOURES,loures,1107S5221400,60,-9.17053289395442,38.8354662116201,{}
EREDES:1107S5819500,E-REDES,DIRECT_EREDES,substation,MERCADO,mercado,1107S5819500,60,-9.10198323397486,38.8680468500564,{}
EREDES:1107S5518000,E-REDES,DIRECT_EREDES,substation,QUINTA DA CALDEIRA,quinta da caldeira,1107S5518000,60,-9.16948856414785,38.8160062429513,{}
EREDES:0114S5001700,E-REDES,DIRECT_EREDES,substation,BUSTOS,bustos,0114S5001700,60,-8.60604013704436,40.4874150701647,{}
EREDES:0114S5022700,E-REDES,DIRECT_EREDES,substation,OLIVEIRA DO BAIRRO,oliveira do bairro,0114S5022700,60,-8.52022755743856,40.5228889710551,{}
EREDES:0107S5002500,E-REDES,DIRECT_EREDES,substation,ESPINHO,espinho,0107S5002500,60,-8.63112602755307,41.0114943572135,{}
EREDES:0110S5004000,E-REDES,DIRECT_EREDES,substation,GAFANHA,gafanha,0110S5004000,60,-8.69717296501574,40.6303858968003,{}
EREDES:0103S5006000,E-REDES,DIRECT_EREDES,substation,MOGOFORES,mogofores,0103S5006000,60,-8.44888386990319,40.4400911087426,{}
EREDES:0119S5010100,E-REDES,DIRECT_EREDES,substation,VALE CAMBRA,vale cambra,0119S5010100,60,-8.39395410711342,40.8354449542032,{}
EREDES:0601S5025900,E-REDES,DIRECT_EREDES,substation,ARGANIL,arganil,0601S5025900,60,-8.06943333044157,40.2615333294384,{}
EREDES:0616S5003500,E-REDES,DIRECT_EREDES,substation,CANDOSA,candosa,0616S5003500,60,-7.94789334187807,40.329605384036,{}
EREDES:0604S5005400,E-REDES,DIRECT_EREDES,substation,CONDEIXA,condeixa,0604S5005400,60,-8.48879773245323,40.1049177787488,{}
EREDES:0605S5005600,E-REDES,DIRECT_EREDES,substation,VILA ROBIM,vila robim,0605S5005600,60,-8.84120491345567,40.1605833220172,{}
EREDES:0609S5004700,E-REDES,DIRECT_EREDES,substation,MIRANDA DO CORVO,miranda do corvo,0609S5004700,60,-8.31774311482509,40.0953021637976,{}
EREDES:0813S5062800,E-REDES,DIRECT_EREDES,substation,ARMAÇÃO DE PERA,armacao de pera,0813S5062800,60,-8.36963522848442,37.1195496155097,{}
EREDES:0813S5061900,E-REDES,DIRECT_EREDES,substation,SÃO BARTOLOMEU MESSINES,sao bartolomeu messines,0813S5061900,60,-8.25932784941583,37.2562571692378,{}
EREDES:0813S5062000,E-REDES,DIRECT_EREDES,substation,SILVES,silves,0813S5062000,60,-8.42400004930543,37.1776305926088,{}
EREDES:0805S5060100,E-REDES,DIRECT_EREDES,substation,BRACIAIS,braciais,0805S5060100,60,-7.94586956747978,37.0600097383888,{}
EREDES:0809S5060500,E-REDES,DIRECT_EREDES,substation,MONCHIQUE,monchique,0809S5060500,60,-8.5693677629858,37.2969484848498,{}
EREDES:0810S5063600,E-REDES,DIRECT_EREDES,substation,OLHÃO,olhao,0810S5063600,60,-7.82730246825139,37.0495570232155,{}
EREDES:1513S5054400,E-REDES,DIRECT_EREDES,substation,MONTE FEIO,monte feio,1513S5054400,60,-8.84920330626879,37.9725364445118,{}
EREDES:0501S5007400,E-REDES,DIRECT_EREDES,substation,BELMONTE,belmonte,0501S5007400,60,-7.34393321797397,40.3694572788678,{}
EREDES:0506S5011200,E-REDES,DIRECT_EREDES,substation,OLEIROS,oleiros,0506S5011200,60,-7.87882188572064,39.8792239416354,{}
EREDES:0505S5006800,E-REDES,DIRECT_EREDES,substation,SENHORA DA GRAÇA,senhora da graca,0505S5006800,60,-7.22563596427213,39.9127153747679,{}
EREDES:1420S5664400,E-REDES,DIRECT_EREDES,substation,ALMOUROL,almourol,1420S5664400,60,-8.38486815999545,39.4649629810333,{}
EREDES:1415S5840100,E-REDES,DIRECT_EREDES,substation,MEXEEIRO,mexeeiro,1415S5840100,60,-8.76545361183645,39.0260638131249,{}
EREDES:1014S5001200,E-REDES,DIRECT_EREDES,substation,ATOUGUIA,atouguia,1014S5001200,60,-9.31879214309638,39.3273657925581,{}
EREDES:1003S5003200,E-REDES,DIRECT_EREDES,substation,PONTÃO,pontao,1003S5003200,60,-8.38333477055899,39.9124146493352,{}
EREDES:1312S5013800,E-REDES,DIRECT_EREDES,substation,CAMPO 24 DE AGOSTO,campo 24 de agosto,1312S5013800,60,-8.59744917657919,41.1500733184242,{}
EREDES:1314S5003200,E-REDES,DIRECT_EREDES,substation,SÃO MARTINHO DO CAMPO,sao martinho do campo,1314S5003200,60,-8.35080120605253,41.3650787922481,{}
EREDES:1313S5010600,E-REDES,DIRECT_EREDES,substation,BEIRIZ,beiriz,1313S5010600,60,-8.74384692168806,41.3946880876111,{}
EREDES:1316S5022100,E-REDES,DIRECT_EREDES,substation,MINDELO,mindelo,1316S5022100,60,-8.708065428478,41.3033343521263,{}
EREDES:1316S5001600,E-REDES,DIRECT_EREDES,substation,VILA DO CONDE,vila do conde,1316S5001600,60,-8.73616651218241,41.3553318848863,{}
EREDES:0210S5050700,E-REDES,DIRECT_EREDES,substation,AMARELEJA,amareleja,0210S5050700,60,-7.22560421176997,38.2144761561575,{}
EREDES:0311S5001300,E-REDES,DIRECT_EREDES,substation,ERMAL,ermal,0311S5001300,60,-8.15296349229658,41.5784463573401,{}
EREDES:1602S5021100,E-REDES,DIRECT_EREDES,substation,ÂNCORA,ancora,1602S5021100,60,-8.85580356250732,41.7968373022935,{}
EREDES:1607S5006400,E-REDES,DIRECT_EREDES,substation,FEITOSA,feitosa,1607S5006400,60,-8.59323454207786,41.7550620132093,{}
EREDES:1606S5011500,E-REDES,DIRECT_EREDES,substation,TOUVEDO,touvedo,1606S5011500,60,-8.35441553776086,41.8120940042188,{}
EREDES:0705S5042200,E-REDES,DIRECT_EREDES,substation,CAEIRA,caeira,0705S5042200,60,-7.88229623639541,38.5550850952521,{}
EREDES:0705S5042000,E-REDES,DIRECT_EREDES,substation,ÉVORA,evora,0705S5042000,60,-7.90598573606607,38.5762795445438,{}
EREDES:0704S5041600,E-REDES,DIRECT_EREDES,substation,ESTREMOZ,estremoz,0704S5041600,60,-7.59424104788954,38.8507017914552,{}
EREDES:0706S5041300,E-REDES,DIRECT_EREDES,substation,MONTEMOR,montemor,0706S5041300,60,-8.20047752401494,38.6450090764669,{}
EREDES:0713S5900400,E-REDES,DIRECT_EREDES,substation,VIANA DO ALENTEJO,viana do alentejo,0713S5900400,60,-7.97698525610707,38.3300482672205,{}
EREDES:0714S5042700,E-REDES,DIRECT_EREDES,substation,VILA VIÇOSA,vila vicosa,0714S5042700,60,-7.42599714895115,38.7720136194143,{}
EREDES:1808S5009500,E-REDES,DIRECT_EREDES,substation,MORTÁGUA,mortagua,1808S5009500,60,-8.22331701465612,40.4026747367005,{}
EREDES:1809S5004900,E-REDES,DIRECT_EREDES,substation,NELAS,nelas,1809S5004900,60,-7.83225000114925,40.552390003649,{}
EREDES:1817S5010700,E-REDES,DIRECT_EREDES,substation,SÁTÃO,satao,1817S5010700,60,-7.73140546001424,40.7307720256908,{}
EREDES:1824S5009400,E-REDES,DIRECT_EREDES,substation,VOUZELA,vouzela,1824S5009400,60,-8.12181985814533,40.7261529267672,{}
EREDES:0903S5008700,E-REDES,DIRECT_EREDES,substation,CELORICO,celorico,0903S5008700,60,-7.38887422603366,40.6431026741739,{}
EREDES:0911S5007700,E-REDES,DIRECT_EREDES,substation,SABUGAL,sabugal,0911S5007700,60,-7.09487389328373,40.3396848511474,{}
EREDES:0906S5008600,E-REDES,DIRECT_EREDES,substation,GOUVEIA,gouveia,0906S5008600,60,-7.60191469453539,40.4962776822769,{}
EREDES:0912S5008200,E-REDES,DIRECT_EREDES,substation,LORIGA,loriga,0912S5008200,60,-7.68855019031979,40.3273482051255,{}
EREDES:0912S5008300,E-REDES,DIRECT_EREDES,substation,SEIA,seia,0912S5008300,60,-7.71221414748508,40.4228817811309,{}
EREDES:0910S5007200,E-REDES,DIRECT_EREDES,substation,PINHEL,pinhel,0910S5007200,60,-7.05819006931487,40.7740380777645,{}
EREDES:1706S5021200,E-REDES,DIRECT_EREDES,substation,VILA DA PONTE,vila da ponte,1706S5021200,60,-7.89517921568911,41.714016950395,{}
EREDES:1113P5904600,E-REDES,DIRECT_EREDES,switching_station,A-DOS-CUNHADOS,a dos cunhados,1113P5904600,60,-9.27786734600834,39.1406886844636,{}
EREDES:1111P5906900,E-REDES,DIRECT_EREDES,switching_station,ALBARRAQUE,albarraque,1111P5906900,60,-9.35321922963648,38.7467619117233,{}
EREDES:1115P5187100,E-REDES,DIRECT_EREDES,switching_station,CARENQUE,carenque,1115P5187100,60,-9.24080702133099,38.7692499925843,{}
EREDES:1106P5906500,E-REDES,DIRECT_EREDES,switching_station,PS ALTO S.JOÃO,ps alto s joao,1106P5906500,60,-9.12487979443753,38.7320258520846,{}
EREDES:1114P5329500,E-REDES,DIRECT_EREDES,switching_station,EPAL,epal,1114P5329500,60,-8.97765061059676,38.9829287450124,{}
EREDES:1601P5020800,E-REDES,DIRECT_EREDES,switching_station,ALAGOA DE CIMA,alagoa de cima,1601P5020800,60,-8.4319850178889,41.9725793039032,{}
EREDES:1609P5024200,E-REDES,DIRECT_EREDES,switching_station,DEOCRISTE,deocriste,1609P5024200,60,-8.7173408285119,41.7035699816404,{}
EREDES:1602P5020900,E-REDES,DIRECT_EREDES,switching_station,ORBACÉM,orbacem,1602P5020900,60,-8.76931525854164,41.8121835633929,{}
EREDES:0709P5902800,E-REDES,DIRECT_EREDES,switching_station,ÁLAMOS,alamos,0709P5902800,60,-7.57427345538523,38.3354835718763,{}
EREDES:0705P5906700,E-REDES,DIRECT_EREDES,switching_station,ÉVORA SUL,evora sul,0705P5906700,60,-7.9179995035669,38.5323587568042,{}
EREDES:1415P5906300,E-REDES,DIRECT_EREDES,switching_station,MARINHAIS,marinhais,1415P5906300,60,-8.68251895942363,39.0317921587999,{}
EREDES:1510P5020500,E-REDES,DIRECT_EREDES,switching_station,MATA,mata,1510P5020500,60,-9.10533134278156,38.5959706475592,{}
EREDES:1513P5907500,E-REDES,DIRECT_EREDES,switching_station,MORGAVEL,morgavel,1513P5907500,60,-8.77517747942776,37.9159074506787,{}
EREDES:0807P5907400,E-REDES,DIRECT_EREDES,switching_station,BENSAFRIM,bensafrim,0807P5907400,60,-8.71180098011826,37.1574799413709,{}
EREDES:0806P5061500,E-REDES,DIRECT_EREDES,switching_station,LAMEIRAS,lameiras,0806P5061500,60,-8.42640918187564,37.1335833687369,{}
EREDES:0305P5021500,E-REDES,DIRECT_EREDES,switching_station,AZINHEIRA,azinheira,0305P5021500,60,-8.05762580551246,41.4287580563951,{}
EREDES:1312P5014400,E-REDES,DIRECT_EREDES,switching_station,CIRCUNVALAÇÃO,circunvalacao,1312P5014400,60,-8.65520415361693,41.1752031032209,{}
EREDES:1308P5026000,E-REDES,DIRECT_EREDES,switching_station,LEÇA DO BALIO,leca do balio,1308P5026000,60,-8.62403431736907,41.2169894699779,{}
EREDES:1705P5024500,E-REDES,DIRECT_EREDES,switching_station,CAMPANHÓ,campanho,1705P5024500,60,-7.91473097330232,41.3157498454329,{}
EREDES:1706P5024300,E-REDES,DIRECT_EREDES,switching_station,LEIRANCO,leiranco,1706P5024300,60,-7.65110508614967,41.7450764032286,{}
EREDES:0502S5007000,E-REDES,DIRECT_EREDES,switching_station,CASTELO BRANCO,castelo branco,0502S5007000,60,-7.50566311530235,39.8257827889005,{}
EREDES:1803P5015700,E-REDES,DIRECT_EREDES,switching_station,CABRIL,cabril,1803P5015700,60,-8.05203795322526,40.9860135617405,{}
EREDES:1823P5025500,E-REDES,DIRECT_EREDES,switching_station,MUNDÃO,mundao,1823P5025500,60,-7.84756427918143,40.6878512890476,{}
EREDES:0613P5020800,E-REDES,DIRECT_EREDES,switching_station,PENACOVA,penacova,0613P5020800,60,-8.24860600671793,40.2975403437201,{}
EREDES:0609P5021200,E-REDES,DIRECT_EREDES,switching_station,VILA NOVA,vila nova,0609P5021200,60,-8.28291089102232,40.0444686818246,{}
EREDES:1015P5022400,E-REDES,DIRECT_EREDES,switching_station,SICÓ,sico,1015P5022400,60,-8.57274567388133,39.9151519433709,{}
EREDES:0913P5021500,E-REDES,DIRECT_EREDES,switching_station,TRANCOSO,trancoso,0913P5021500,60,-7.35587254560055,40.7616248628585,{}
EREDES:1302P5020600,E-REDES,DIRECT_EREDES,switching_station,SEIXINHOS,seixinhos,1302P5020600,60,-7.89462238649366,41.2088129688806,{}
EREDES:0213P5902300,E-REDES,DIRECT_EREDES,switching_station,9023 PIAS,9023 pias,0213P5902300,60,-7.6267147551348,38.1094242710501,{}
EREDES:0213P5906100,E-REDES,DIRECT_EREDES,switching_station,ÍNSUA,insua,0213P5906100,60,-7.56930127182801,38.1461288782943,{}
EREDES:1113P5902200,E-REDES,DIRECT_EREDES,switching_station,VALE DE GALEGOS,vale de galegos,1113P5902200,60,-9.30961890819643,39.0467404516109,{}
EREDES:1106P5906600,E-REDES,DIRECT_EREDES,switching_station,OLIVAIS,olivais,1106P5906600,60,-9.126681824566,38.777501881143,{}
EREDES:1106P5470000,E-REDES,DIRECT_EREDES,switching_station,PALHAVÃ,palhava,1106P5470000,60,-9.17049899830762,38.7392022479136,{}
EREDES:1114P5340100,E-REDES,DIRECT_EREDES,switching_station,SOBRALINHO,sobralinho,1114P5340100,60,-9.02181941515131,38.9208634101618,{}
EREDES:1105P5395500,E-REDES,DIRECT_EREDES,switching_station,TRAJOUCE,trajouce,1105P5395500,60,-9.33083220202632,38.7464755085499,{}
EREDES:0705P5906800,E-REDES,DIRECT_EREDES,switching_station,VALE DE MOURA,vale de moura,0705P5906800,60,-7.82791724158564,38.5177747194272,{}
EREDES:1419P5023100,E-REDES,DIRECT_EREDES,switching_station,CHANCELARIA,chancelaria,1419P5023100,60,-8.56432810506583,39.545566707998,{}
EREDES:1415P5907100,E-REDES,DIRECT_EREDES,switching_station,GRANHO,granho,1415P5907100,60,-8.66398685099672,39.070382662605,{}
EREDES:1512P5032500,E-REDES,DIRECT_EREDES,switching_station,ALGERUZ,algeruz,1512P5032500,60,-8.85100849841092,38.5502695245521,{}
EREDES:1503P5020100,E-REDES,DIRECT_EREDES,switching_station,PIEDADE,piedade,1503P5020100,60,-9.17461639865711,38.6651124806932,{}
EREDES:1504P5022900,E-REDES,DIRECT_EREDES,switching_station,PS CENTRAL BARREIRO,ps central barreiro,1504P5022900,60,-9.05392122695444,38.6743991463614,{}
EREDES:0808P5904200,E-REDES,DIRECT_EREDES,switching_station,AMEIXIAL,ameixial,0808P5904200,60,-7.97038794267107,37.3486865016334,{}
EREDES:0801P5906200,E-REDES,DIRECT_EREDES,switching_station,PADERNE,paderne,0801P5906200,60,-8.21041502163054,37.1488176105362,{}
EREDES:1317P5023200,E-REDES,DIRECT_EREDES,switching_station,BARBOSA & ALMEIDA,barbosa almeida,1317P5023200,60,-8.53079448189039,41.0861676111304,{}
EREDES:1303P5015600,E-REDES,DIRECT_EREDES,switching_station,REGILDE,regilde,1303P5015600,60,-8.25740110103337,41.3586150531198,{}
EREDES:0503P5011700,E-REDES,DIRECT_EREDES,switching_station,BOIDOBRA,boidobra,0503P5011700,60,-7.47152678268852,40.2621072325432,{}
EREDES:1824P5021300,E-REDES,DIRECT_EREDES,switching_station,FORNELO DO MONTE,fornelo do monte,1824P5021300,60,-8.11372617466546,40.652901408208,{}
EREDES:1808P5020500,E-REDES,DIRECT_EREDES,switching_station,PC MORTÁGUA,pc mortagua,1808P5020500,60,-8.1854928909767,40.3776243559348,{}
EREDES:0605P5020300,E-REDES,DIRECT_EREDES,switching_station,CARVALHAIS,carvalhais,0605P5020300,60,-8.84980635957025,40.0670470123458,{}
EREDES:0602P5026100,E-REDES,DIRECT_EREDES,switching_station,PC CANTANHEDE,pc cantanhede,0602P5026100,60,-8.61672800180151,40.3608311745312,{}
EREDES:1009P5020200,E-REDES,DIRECT_EREDES,switching_station,MACEIRA,maceira,1009P5020200,60,-8.89636473728396,39.6830885965817,{}
EREDES:1709P5025700,E-REDES,DIRECT_EREDES,switching_station,DAIVÕES,daivoes,1709P5025700,60,-7.86206388314898,41.5229138926612,{}
EREDES:1816P5012500,E-REDES,DIRECT_EREDES,switching_station,PC SÃO PEDRO DO SUL,pc sao pedro do sul,1816P5012500,60,-8.04382892827677,40.7599518588064,{}
EREDES:0109P5021000,E-REDES,DIRECT_EREDES,switching_station,ACAIL,acail,0109P5021000,60,-8.56290081322466,40.8780561226652,{}
EREDES:0101P5025000,E-REDES,DIRECT_EREDES,switching_station,CASARÃO,casarao,0101P5025000,60,-8.39074499346803,40.5510152482748,{}
EREDES:0115P5025100,E-REDES,DIRECT_EREDES,switching_station,CORTEGAÇA,cortegaca,0115P5025100,60,-8.62209315816326,40.9360868720743,{}
EREDES:0105P5023800,E-REDES,DIRECT_EREDES,switching_station,PC CACIA,pc cacia,0105P5023800,60,-8.5868591459076,40.6812131007942,{}
EREDES:1106P5397000,E-REDES,DIRECT_EREDES,switching_station,CARRICHE,carriche,1106P5397000,60,-9.16607815036123,38.7803154100622,{}
EREDES:1416P5907200,E-REDES,DIRECT_EREDES,switching_station,ALCANHÕES,alcanhoes,1416P5907200,60,-8.6513455863536,39.2795905503822,{}
EREDES:1419P5569100,E-REDES,DIRECT_EREDES,switching_station,ALMONDA,almonda,1419P5569100,60,-8.61476011140997,39.4939960575818,{}
EREDES:1405P5704500,E-REDES,DIRECT_EREDES,switching_station,MAXOQUEIRA,maxoqueira,1405P5704500,60,-8.77403576193902,38.960877282342,{}
EREDES:1512P5903900,E-REDES,DIRECT_EREDES,switching_station,SADO,sado,1512P5903900,60,-8.83281521982619,38.5088478676215,{}
EREDES:0309P5022500,E-REDES,DIRECT_EREDES,switching_station,SENHORA DO PORTO,senhora do porto,0309P5022500,60,-8.21932228544993,41.5557842337344,{}
EREDES:1312P5013500,E-REDES,DIRECT_EREDES,switching_station,PRELADA,prelada,1312P5013500,60,-8.62553330221588,41.1723389805524,{}
EREDES:1702P5022300,E-REDES,DIRECT_EREDES,switching_station,BARROSO,barroso,1702P5022300,60,-7.85185471235094,41.6906670297431,{}
EREDES:1805P5021600,E-REDES,DIRECT_EREDES,switching_station,RIBABELIDE,ribabelide,1805P5021600,60,-7.86772400100884,41.0175761180243,{}
EREDES:0606P5020700,E-REDES,DIRECT_EREDES,switching_station,CADAFAZ,cadafaz,0606P5020700,60,-8.04602083068256,40.1032553982211,{}
EREDES:0606P5020600,E-REDES,DIRECT_EREDES,switching_station,MALHADAS,malhadas,0606P5020600,60,-8.06667152545792,40.0870724934242,{}
EREDES:1016P5500000,E-REDES,DIRECT_EREDES,switching_station,PORTO DE MÓS,porto de mos,1016P5500000,60,-8.84808994678109,39.6043339835848,{}
EREDES:1212P5339100,E-REDES,DIRECT_EREDES,switching_station,VELADA,velada,1212P5339100,60,-7.70876575128392,39.5914897843594,{}
EREDES:1709P5023900,E-REDES,DIRECT_EREDES,switching_station,FONTE DO MOURO,fonte do mouro,1709P5023900,60,-7.7652329447818,41.53679062096,{}
EREDES:1004P5907300,E-REDES,DIRECT_EREDES,switching_station,SÃO MAMEDE,sao mamede,1004P5907300,60,-8.69385086350904,39.6018556412628,{}
OSM:relation:15715982,OpenStreetMap,DIRECT_OSM,substation,Subestación de Saucelle I,subestacion de saucelle i,,220,-6.806241816666667,41.043846412499995,"{""frequency"": ""50"", ""location"": ""outdoor"", ""name"": ""Subestación de Saucelle I"", ""operator"": ""Iberdrola"", ""operator:wikidata"": ""Q1437502"", ""power"": ""substation"", ""ref_name"": ""Saucelle"", ""substation"": ""transmission"", ""type"": ""multipolygon"", ""voltage"": ""220000;45000""}"
OSM:relation:17290041,OpenStreetMap,DIRECT_OSM,substation,Subestação da Central Termoeléctrica do Ribatejo,da central termoelectrica do ribatejo,,400,-8.95132087,39.01205228,"{""landuse"": ""industrial"", ""name"": ""Subestação da Central Termoeléctrica do Ribatejo"", ""operator"": ""Energias de Portugal"", ""operator:short"": ""EDP"", ""operator:wikidata"": ""Q1341222"", ""power"": ""substation"", ""substation"": ""generation"", ""type"": ""multipolygon"", ""voltage"": ""400000""}"
OSM:relation:17294947,OpenStreetMap,DIRECT_OSM,substation,Subestação da Central Termoelétrica do Pego,da central termoeletrica do pego,,400,-8.11184955,39.46771535909091,"{""landuse"": ""industrial"", ""name"": ""Subestação da Central Termoelétrica do Pego"", ""operator"": ""Engie"", ""power"": ""substation"", ""substation"": ""generation"", ""type"": ""multipolygon"", ""voltage"": ""400000;20000;18000""}"
OSM:relation:17294958,OpenStreetMap,DIRECT_OSM,substation,Subestação da Central Hidroelétrica da Bemposta,da central hidroeletrica da bemposta,,220,-6.473089380952381,41.30098338571428,"{""name"": ""Subestação da Central Hidroelétrica da Bemposta"", ""operator"": ""Movhera"", ""power"": ""substation"", ""ref_name"": ""Bemposta"", ""substation"": ""generation"", ""type"": ""multipolygon"", ""voltage"": ""220000""}"
OSM:relation:17294973,OpenStreetMap,DIRECT_OSM,substation,Subestação da Central Termoeléctrica de Sines,da central termoelectrica de sines,,150,-8.803367274,37.930539832,"{""landuse"": ""industrial"", ""name"": ""Subestação da Central Termoeléctrica de Sines"", ""operator"": ""Energias de Portugal"", ""operator:short"": ""EDP"", ""operator:wikidata"": ""Q1341222"", ""power"": ""substation"", ""substation"": ""generation"", ""type"": ""multipolygon"", ""voltage"": ""400000;150000;60000""}"
OSM:relation:17294973,OpenStreetMap,DIRECT_OSM,substation,Subestação da Central Termoeléctrica de Sines,da central termoelectrica de sines,,400,-8.803367274,37.930539832,"{""landuse"": ""industrial"", ""name"": ""Subestação da Central Termoeléctrica de Sines"", ""operator"": ""Energias de Portugal"", ""operator:short"": ""EDP"", ""operator:wikidata"": ""Q1341222"", ""power"": ""substation"", ""substation"": ""generation"", ""type"": ""multipolygon"", ""voltage"": ""400000;150000;60000""}"
OSM:relation:19040600,OpenStreetMap,DIRECT_OSM,substation,Subestação da Central Hidroelétrica de Frades,da central hidroeletrica de frades,,400,-8.027816975,41.69330266,"{""alt_name"": ""Subestação de Frades II"", ""location"": ""outdoor"", ""name"": ""Subestação da Central Hidroelétrica de Frades"", ""operator"": ""Energias de Portugal"", ""operator:short"": ""EDP"", ""operator:wikidata"": ""Q1341222"", ""power"": ""substation"", ""ref_name"": ""Central de Frades"", ""substation"": ""generation"", ""type"": ""multipolygon"", ""voltage"": ""400000""}"
OSM:relation:19585241,OpenStreetMap,DIRECT_OSM,substation,Subestação da Central Hidroelétrica do Picote,da central hidroeletrica do picote,,220,-6.352489547058823,41.38003067647059,"{""name"": ""Subestação da Central Hidroelétrica do Picote"", ""operator"": ""Movhera"", ""power"": ""substation"", ""ref_name"": ""Central do Picote"", ""substation"": ""generation"", ""type"": ""multipolygon"", ""voltage"": ""220000""}"
OSM:relation:19645437,OpenStreetMap,DIRECT_OSM,substation,Subestação da Central de Ciclo Combinado de Lares,da central de ciclo combinado de lares,,400,-8.775380705882354,40.12381136470589,"{""frequency"": ""50"", ""location"": ""outdoor"", ""name"": ""Subestação da Central de Ciclo Combinado de Lares"", ""operator"": ""Energias de Portugal"", ""operator:short"": ""EDP"", ""operator:wikidata"": ""Q1341222"", ""power"": ""substation"", ""substation"": ""generation"", ""type"": ""multipolygon"", ""voltage"": ""400000""}"
OSM:relation:19645523,OpenStreetMap,DIRECT_OSM,substation,Subestação da Central Termoeléctrica da Tapada do Outeiro,da central termoelectrica da tapada do outeiro,,220,-8.459722456756758,41.06971907837838,"{""frequency"": ""50"", ""location"": ""outdoor"", ""name"": ""Subestação da Central Termoeléctrica da Tapada do Outeiro"", ""operator"": ""Portugen"", ""owner"": ""Turbogás"", ""power"": ""substation"", ""substation"": ""generation"", ""type"": ""multipolygon"", ""voltage"": ""220000""}"
OSM:relation:19651625,OpenStreetMap,DIRECT_OSM,substation,Subestação da Central Hidroelétrica da Aguieira,da central hidroeletrica da aguieira,,220,-8.1984078,40.34022071538462,"{""frequency"": ""50"", ""location"": ""outdoor"", ""name"": ""Subestação da Central Hidroelétrica da Aguieira"", ""operator"": ""Energias de Portugal"", ""operator:short"": ""EDP"", ""operator:wikidata"": ""Q1341222"", ""power"": ""substation"", ""ref_name"": ""Aguieira"", ""substation"": ""generation"", ""type"": ""multipolygon"", ""voltage"": ""220000""}"
OSM:relation:20355509,OpenStreetMap,DIRECT_OSM,substation,Subestación da Frieira,subestacion da frieira,,220,-8.19320725882353,42.15378702352941,"{""frequency"": ""50"", ""location"": ""outdoor"", ""name"": ""Subestación da Frieira"", ""power"": ""substation"", ""substation"": ""transmission"", ""type"": ""multipolygon"", ""voltage"": ""220000;132000""}"
OSM:way:24636044,OpenStreetMap,DIRECT_OSM,substation,Subestação de Fanhões,de fanhoes,SFN,220,-9.138019118181818,38.888578631818184,"{""frequency"": ""50"", ""landuse"": ""industrial"", ""location"": ""outdoor"", ""name"": ""Subestação de Fanhões"", ""operator"": ""REN"", ""operator:wikidata"": ""Q1862842"", ""power"": ""substation"", ""ref"": ""SFN"", ""ref_name"": ""Fanhões"", ""start_date"": ""1986"", ""substation"": ""transmission"", ""voltage"": ""400000;220000;60000""}"
OSM:way:24636044,OpenStreetMap,DIRECT_OSM,substation,Subestação de Fanhões,de fanhoes,SFN,400,-9.138019118181818,38.888578631818184,"{""frequency"": ""50"", ""landuse"": ""industrial"", ""location"": ""outdoor"", ""name"": ""Subestação de Fanhões"", ""operator"": ""REN"", ""operator:wikidata"": ""Q1862842"", ""power"": ""substation"", ""ref"": ""SFN"", ""ref_name"": ""Fanhões"", ""start_date"": ""1986"", ""substation"": ""transmission"", ""voltage"": ""400000;220000;60000""}"
OSM:way:24636062,OpenStreetMap,DIRECT_OSM,substation,Subestação de Carriche,de carriche,SCH,220,-9.166577130434783,38.78028031304348,"{""barrier"": ""fence"", ""fence_type"": ""chain_link"", ""frequency"": ""50"", ""landuse"": ""industrial"", ""location"": ""outdoor"", ""name"": ""Subestação de Carriche"", ""operator"": ""REN"", ""operator:wikidata"": ""Q1862842"", ""power"": ""substation"", ""ref"": ""SCH"", ""ref_name"": ""Carriche"", ""start_date"": ""1983"", ""substation"": ""transmission"", ""voltage"": ""220000;60000""}"
OSM:way:47895778,OpenStreetMap,DIRECT_OSM,substation,Subestación de la Central Hidroeléctrica de Aldeadávila,subestacion de la central hidroelectrica de aldeadavila,,220,-6.686225826666667,41.20890779,"{""frequency"": ""50"", ""location"": ""outdoor"", ""name"": ""Subestación de la Central Hidroeléctrica de Aldeadávila"", ""name:pt"": ""Subestação da Central Hidroelétrica de Aldeadávila"", ""operator"": ""Red Eléctrica de España"", ""operator:short"": ""REE"", ""operator:wikidata"": ""Q1551220"", ""operator:wikipedia"": ""es:Red Eléctrica de España"", ""power"": ""substation"", ""substation"": ""generation"", ""voltage"": ""220000""}"
OSM:way:47911346,OpenStreetMap,DIRECT_OSM,substation,Subestación de Aldeadávila II,subestacion de aldeadavila ii,,400,-6.678596045454546,41.20780230909091,"{""barrier"": ""fence"", ""frequency"": ""50"", ""location"": ""outdoor"", ""name"": ""Subestación de Aldeadávila II"", ""operator"": ""Red Eléctrica de España"", ""operator:short"": ""REE"", ""operator:wikidata"": ""Q1551220"", ""operator:wikipedia"": ""es:Red Eléctrica de España"", ""power"": ""substation"", ""substation"": ""transmission"", ""voltage"": ""400000""}"
OSM:way:84526032,OpenStreetMap,DIRECT_OSM,substation,Subestación de Cedillo,subestacion de cedillo,,400,-7.533327,39.6641825,"{""frequency"": ""50"", ""location"": ""outdoor"", ""name"": ""Subestación de Cedillo"", ""name:pt"": ""Subestação de Cedillo"", ""operator"": ""Red Eléctrica de España"", ""operator:short"": ""REE"", ""operator:wikidata"": ""Q1551220"", ""power"": ""substation"", ""substation"": ""transmission"", ""voltage"": ""400000""}"
OSM:way:93512590,OpenStreetMap,DIRECT_OSM,substation,Subestação de Estoi,de estoi,SET,150,-7.85233439,37.08376898,"{""barrier"": ""fence"", ""frequency"": ""50"", ""landuse"": ""industrial"", ""location"": ""outdoor"", ""name"": ""Subestação de Estoi"", ""operator"": ""REN"", ""operator:wikidata"": ""Q1862842"", ""power"": ""substation"", ""ref"": ""SET"", ""ref_name"": ""Estoi"", ""start_date"": ""1992"", ""substation"": ""transmission"", ""voltage"": ""150000;60000""}"
OSM:way:115732510,OpenStreetMap,DIRECT_OSM,substation,Subestação de Ourique,de ourique,SOQ,150,-8.190101716666666,37.66715043333333,"{""barrier"": ""fence"", ""fence_type"": ""wire"", ""frequency"": ""50"", ""landuse"": ""industrial"", ""location"": ""outdoor"", ""name"": ""Subestação de Ourique"", ""operator"": ""REN"", ""operator:wikidata"": ""Q1862842"", ""power"": ""substation"", ""ref"": ""SOQ"", ""ref_name"": ""Ourique"", ""source"": ""Maxar"", ""start_date"": ""1990"", ""substation"": ""transmission"", ""voltage"": ""150000;60000""}"
OSM:way:116944631,OpenStreetMap,DIRECT_OSM,substation,Subestação de Canelas,de canelas,SCN,220,-8.61083448,41.06916835,"{""barrier"": ""fence"", ""frequency"": ""50"", ""landuse"": ""industrial"", ""location"": ""outdoor"", ""name"": ""Subestação de Canelas"", ""operator"": ""REN"", ""operator:wikidata"": ""Q1862842"", ""power"": ""substation"", ""ref"": ""SCN"", ""ref_name"": ""Canelas"", ""start_date"": ""1981"", ""substation"": ""transmission"", ""voltage"": ""220000;60000""}"
OSM:way:121159140,OpenStreetMap,DIRECT_OSM,substation,Subestação de Penamacor,de penamacor,,220,-7.219613071428571,40.2396383,"{""barrier"": ""fence"", ""frequency"": ""50"", ""location"": ""outdoor"", ""name"": ""Subestação de Penamacor"", ""operator"": ""Lestenergia"", ""power"": ""substation"", ""ref_name"": ""Penamacor"", ""substation"": ""transmission"", ""voltage"": ""220000;60000""}"
OSM:way:124722161,OpenStreetMap,DIRECT_OSM,substation,Subestação de Recarei,de recarei,SRR,220,-8.454914942857142,41.15658723571429,"{""frequency"": ""50"", ""location"": ""outdoor"", ""name"": ""Subestação de Recarei"", ""operator"": ""REN"", ""operator:wikidata"": ""Q1862842"", ""power"": ""substation"", ""ref"": ""SRR"", ""ref_name"": ""Recarei"", ""source"": ""bing"", ""start_date"": ""1990"", ""substation"": ""transmission"", ""voltage"": ""400000;220000;60000""}"
OSM:way:124722161,OpenStreetMap,DIRECT_OSM,substation,Subestação de Recarei,de recarei,SRR,400,-8.454914942857142,41.15658723571429,"{""frequency"": ""50"", ""location"": ""outdoor"", ""name"": ""Subestação de Recarei"", ""operator"": ""REN"", ""operator:wikidata"": ""Q1862842"", ""power"": ""substation"", ""ref"": ""SRR"", ""ref_name"": ""Recarei"", ""source"": ""bing"", ""start_date"": ""1990"", ""substation"": ""transmission"", ""voltage"": ""400000;220000;60000""}"
OSM:way:126366408,OpenStreetMap,DIRECT_OSM,substation,Posto de Corte de Urrô,de urro,PCUR,220,-8.337660055555554,41.190149544444445,"{""access"": ""private"", ""barrier"": ""fence"", ""fence_type"": ""chain_link"", ""frequency"": ""50"", ""landuse"": ""industrial"", ""location"": ""outdoor"", ""name"": ""Posto de Corte de Urrô"", ""operator"": ""REN"", ""operator:wikidata"": ""Q1862842"", ""power"": ""substation"", ""ref"": ""PCUR"", ""ref_name"": ""Urrô"", ""start_date"": ""2002"", ""substation"": ""switching"", ""voltage"": ""220000""}"
OSM:way:127205502,OpenStreetMap,DIRECT_OSM,substation,Subestação do Pocinho,do pocinho,SPN,220,-7.1248443148148155,41.13769643333333,"{""barrier"": ""fence"", ""frequency"": ""50"", ""landuse"": ""industrial"", ""location"": ""outdoor"", ""name"": ""Subestação do Pocinho"", ""operator"": ""REN"", ""operator:wikidata"": ""Q1862842"", ""power"": ""substation"", ""ref"": ""SPN"", ""ref_name"": ""Pocinho"", ""start_date"": ""1974"", ""substation"": ""transmission"", ""voltage"": ""220000;60000""}"
OSM:way:127205641,OpenStreetMap,DIRECT_OSM,substation,Subestação da Central Hidroelétrica do Pocinho,da central hidroeletrica do pocinho,,220,-7.114325825,41.133061925,"{""alt_name"": ""Subestação da Central do Pocinho"", ""barrier"": ""fence"", ""frequency"": ""50"", ""landuse"": ""industrial"", ""location"": ""outdoor"", ""name"": ""Subestação da Central Hidroelétrica do Pocinho"", ""operator"": ""Energias de Portugal"", ""operator:short"": ""EDP"", ""operator:wikidata"": ""Q1341222"", ""power"": ""substation"", ""ref_name"": ""Central do Pocinho"", ""source"": ""bing"", ""substation"": ""generation"", ""voltage"": ""220000""}"
OSM:way:127205653,OpenStreetMap,DIRECT_OSM,substation,Subestação da Central Hidroelétrica da Valeira,da central hidroeletrica da valeira,,220,-7.372998816666667,41.1610978,"{""barrier"": ""fence"", ""frequency"": ""50"", ""location"": ""outdoor"", ""name"": ""Subestação da Central Hidroelétrica da Valeira"", ""operator"": ""Energias de Portugal"", ""operator:short"": ""EDP"", ""operator:wikidata"": ""Q1341222"", ""power"": ""substation"", ""substation"": ""generation"", ""voltage"": ""220000""}"
OSM:way:129055610,OpenStreetMap,DIRECT_OSM,substation,Subestação de Palmela,de palmela,SPM,150,-8.85822702,38.57216733333333,"{""access"": ""no"", ""barrier"": ""fence"", ""frequency"": ""50"", ""location"": ""outdoor"", ""name"": ""Subestação de Palmela"", ""operator"": ""REN"", ""operator:wikidata"": ""Q1862842"", ""power"": ""substation"", ""ref"": ""SPM"", ""ref_name"": ""Palmela"", ""source"": ""Bing"", ""start_date"": ""1979"", ""substation"": ""transmission"", ""voltage"": ""400000;150000""}"
OSM:way:129055610,OpenStreetMap,DIRECT_OSM,substation,Subestação de Palmela,de palmela,SPM,400,-8.85822702,38.57216733333333,"{""access"": ""no"", ""barrier"": ""fence"", ""frequency"": ""50"", ""location"": ""outdoor"", ""name"": ""Subestação de Palmela"", ""operator"": ""REN"", ""operator:wikidata"": ""Q1862842"", ""power"": ""substation"", ""ref"": ""SPM"", ""ref_name"": ""Palmela"", ""source"": ""Bing"", ""start_date"": ""1979"", ""substation"": ""transmission"", ""voltage"": ""400000;150000""}"
OSM:way:131715746,OpenStreetMap,DIRECT_OSM,substation,Subestação de Rio Maior,de rio maior,SRM,220,-9.00090404864865,39.338966705405404,"{""frequency"": ""50"", ""landuse"": ""industrial"", ""location"": ""outdoor"", ""name"": ""Subestação de Rio Maior"", ""operator"": ""REN"", ""operator:wikidata"": ""Q1862842"", ""power"": ""substation"", ""ref"": ""SRM"", ""ref_name"": ""Rio Maior"", ""start_date"": ""1979"", ""substation"": ""transmission"", ""voltage"": ""400000;220000;60000""}"
OSM:way:131715746,OpenStreetMap,DIRECT_OSM,substation,Subestação de Rio Maior,de rio maior,SRM,400,-9.00090404864865,39.338966705405404,"{""frequency"": ""50"", ""landuse"": ""industrial"", ""location"": ""outdoor"", ""name"": ""Subestação de Rio Maior"", ""operator"": ""REN"", ""operator:wikidata"": ""Q1862842"", ""power"": ""substation"", ""ref"": ""SRM"", ""ref_name"": ""Rio Maior"", ""start_date"": ""1979"", ""substation"": ""transmission"", ""voltage"": ""400000;220000;60000""}"
OSM:way:132614219,OpenStreetMap,DIRECT_OSM,substation,Subestação de Porto Alto,de porto alto,SPA,150,-8.88072725,38.89830130714286,"{""access"": ""no"", ""barrier"": ""fence"", ""frequency"": ""50"", ""landuse"": ""industrial"", ""location"": ""outdoor"", ""name"": ""Subestação de Porto Alto"", ""operator"": ""REN"", ""operator:wikidata"": ""Q1862842"", ""power"": ""substation"", ""ref"": ""SPA"", ""ref_name"": ""Porto Alto"", ""source"": ""Bing"", ""start_date"": ""1961"", ""substation"": ""transmission"", ""voltage"": ""150000;60000""}"
OSM:way:132865612,OpenStreetMap,DIRECT_OSM,substation,Subestação de Riba d'Ave,de riba d ave,SRA,150,-8.390730913636363,41.40305520454546,"{""alt_name"": ""Subestação de Riba de Ave"", ""barrier"": ""fence"", ""landuse"": ""industrial"", ""location"": ""outdoor"", ""name"": ""Subestação de Riba d'Ave"", ""operator"": ""REN"", ""operator:wikidata"": ""Q1862842"", ""power"": ""substation"", ""rating"": ""1476 MVA"", ""ref"": ""SRA"", ""ref_name"": ""Riba d'Ave"", ""source"": ""http://www.centrodeinformacao.ren.pt/PT/InformacaoTecnica/Paginas/Subestacoes.aspx"", ""start_date"": ""1984"", ""substation"": ""transmission"", ""voltage"": ""400000;150000;60000""}"
OSM:way:132865612,OpenStreetMap,DIRECT_OSM,substation,Subestação de Riba d'Ave,de riba d ave,SRA,400,-8.390730913636363,41.40305520454546,"{""alt_name"": ""Subestação de Riba de Ave"", ""barrier"": ""fence"", ""landuse"": ""industrial"", ""location"": ""outdoor"", ""name"": ""Subestação de Riba d'Ave"", ""operator"": ""REN"", ""operator:wikidata"": ""Q1862842"", ""power"": ""substation"", ""rating"": ""1476 MVA"", ""ref"": ""SRA"", ""ref_name"": ""Riba d'Ave"", ""source"": ""http://www.centrodeinformacao.ren.pt/PT/InformacaoTecnica/Paginas/Subestacoes.aspx"", ""start_date"": ""1984"", ""substation"": ""transmission"", ""voltage"": ""400000;150000;60000""}"
OSM:way:135457228,OpenStreetMap,DIRECT_OSM,substation,Subestação da Central Hidroelétrica do Alto Lindoso,da central hidroeletrica do alto lindoso,,400,-8.202644605263158,41.86964016842105,"{""barrier"": ""fence"", ""frequency"": ""50"", ""location"": ""outdoor"", ""name"": ""Subestação da Central Hidroelétrica do Alto Lindoso"", ""operator"": ""Energias de Portugal"", ""operator:short"": ""EDP"", ""operator:wikidata"": ""Q1341222"", ""power"": ""substation"", ""ref_name"": ""Central do Alto Lindoso"", ""substation"": ""generation"", ""voltage"": ""400000""}"
OSM:way:135457230,OpenStreetMap,DIRECT_OSM,substation,Posto de Corte do Alto Lindoso,do alto lindoso,PCAL,400,-8.208199133333332,41.86833513333333,"{""barrier"": ""fence"", ""frequency"": ""50"", ""landuse"": ""industrial"", ""location"": ""outdoor"", ""name"": ""Posto de Corte do Alto Lindoso"", ""operator"": ""REN"", ""operator:wikidata"": ""Q1862842"", ""power"": ""substation"", ""ref"": ""PCAL"", ""ref_name"": ""Alto Lindoso"", ""source"": ""PNOA"", ""source:date"": ""2010"", ""start_date"": ""1992"", ""substation"": ""switching"", ""voltage"": ""400000""}"
OSM:way:137667702,OpenStreetMap,DIRECT_OSM,substation,Subestação de Vila Chã,de vila cha,SVC,220,-7.739233793333333,40.448291733333335,"{""barrier"": ""fence"", ""frequency"": ""50"", ""landuse"": ""industrial"", ""location"": ""outdoor"", ""name"": ""Subestação de Vila Chã"", ""operator"": ""REN"", ""operator:wikidata"": ""Q1862842"", ""power"": ""substation"", ""ref"": ""SVC"", ""ref_name"": ""Vila Chã"", ""start_date"": ""1961"", ""substation"": ""transmission"", ""voltage"": ""220000;60000""}"
OSM:way:142182853,OpenStreetMap,DIRECT_OSM,substation,Subestação de Vermoim,de vermoim,SVM,220,-8.604312313580246,41.229993022222224,"{""frequency"": ""50"", ""landuse"": ""industrial"", ""location"": ""outdoor"", ""name"": ""Subestação de Vermoim"", ""operator"": ""REN"", ""operator:wikidata"": ""Q1862842"", ""power"": ""substation"", ""ref"": ""SVM"", ""ref_name"": ""Vermoim"", ""start_date"": ""1959"", ""substation"": ""transmission"", ""voltage"": ""400000;220000;60000""}"
OSM:way:142182853,OpenStreetMap,DIRECT_OSM,substation,Subestação de Vermoim,de vermoim,SVM,400,-8.604312313580246,41.229993022222224,"{""frequency"": ""50"", ""landuse"": ""industrial"", ""location"": ""outdoor"", ""name"": ""Subestação de Vermoim"", ""operator"": ""REN"", ""operator:wikidata"": ""Q1862842"", ""power"": ""substation"", ""ref"": ""SVM"", ""ref_name"": ""Vermoim"", ""start_date"": ""1959"", ""substation"": ""transmission"", ""voltage"": ""400000;220000;60000""}"
OSM:way:144327917,OpenStreetMap,DIRECT_OSM,substation,Subestación de Saucelle II,subestacion de saucelle ii,,400,-6.8034491,41.03476043,"{""frequency"": ""50"", ""location"": ""outdoor"", ""name"": ""Subestación de Saucelle II"", ""operator"": ""Red Eléctrica de España"", ""operator:short"": ""REE"", ""operator:wikidata"": ""Q1551220"", ""operator:wikipedia"": ""es:Red Eléctrica de España"", ""power"": ""substation"", ""substation"": ""transmission"", ""voltage"": ""400000""}"
OSM:way:144374439,OpenStreetMap,DIRECT_OSM,substation,Subestação de Carrapatelo,de carrapatelo,SCL,220,-8.129553423529412,41.08215903529412,"{""frequency"": ""50"", ""location"": ""outdoor"", ""name"": ""Subestação de Carrapatelo"", ""operator"": ""REN"", ""operator:wikidata"": ""Q1862842"", ""power"": ""substation"", ""ref"": ""SCL"", ""ref_name"": ""Carrapatelo"", ""start_date"": ""1969"", ""substation"": ""transmission"", ""voltage"": ""220000;60000""}"
OSM:way:144374442,OpenStreetMap,DIRECT_OSM,substation,Subestação de Estarreja,de estarreja,SEJ,220,-8.555082389473684,40.78611065789473,"{""barrier"": ""fence"", ""frequency"": ""50"", ""landuse"": ""industrial"", ""location"": ""outdoor"", ""name"": ""Subestação de Estarreja"", ""operator"": ""REN"", ""operator:wikidata"": ""Q1862842"", ""power"": ""substation"", ""ref"": ""SEJ"", ""ref_name"": ""Estarreja"", ""start_date"": ""1968"", ""substation"": ""transmission"", ""voltage"": ""220000;60000""}"
OSM:way:144377301,OpenStreetMap,DIRECT_OSM,substation,Subestação de Custóias,de custoias,SCT,220,-8.648326841666666,41.19915064166667,"{""barrier"": ""fence"", ""frequency"": ""50"", ""location"": ""outdoor"", ""name"": ""Subestação de Custóias"", ""operator"": ""REN"", ""operator:wikidata"": ""Q1862842"", ""power"": ""substation"", ""ref"": ""SCT"", ""ref_name"": ""Custóias"", ""start_date"": ""1993"", ""substation"": ""transmission"", ""voltage"": ""220000;60000""}"
OSM:way:144385734,OpenStreetMap,DIRECT_OSM,substation,Subestação de Lagoaça,de lagoaca,SLGC,220,-6.737839527777777,41.21976821111111,"{""barrier"": ""fence"", ""frequency"": ""50"", ""location"": ""outdoor"", ""name"": ""Subestação de Lagoaça"", ""operator"": ""REN"", ""operator:wikidata"": ""Q1862842"", ""power"": ""substation"", ""ref"": ""SLGC"", ""ref_name"": ""Lagoaça"", ""start_date"": ""2009"", ""substation"": ""transmission"", ""voltage"": ""400000;220000""}"
OSM:way:144385734,OpenStreetMap,DIRECT_OSM,substation,Subestação de Lagoaça,de lagoaca,SLGC,400,-6.737839527777777,41.21976821111111,"{""barrier"": ""fence"", ""frequency"": ""50"", ""location"": ""outdoor"", ""name"": ""Subestação de Lagoaça"", ""operator"": ""REN"", ""operator:wikidata"": ""Q1862842"", ""power"": ""substation"", ""ref"": ""SLGC"", ""ref_name"": ""Lagoaça"", ""start_date"": ""2009"", ""substation"": ""transmission"", ""voltage"": ""400000;220000""}"
OSM:way:144385735,OpenStreetMap,DIRECT_OSM,substation,Posto de Corte de Picote,de picote,PCPT,220,-6.353562466666666,41.382998825,"{""frequency"": ""50"", ""gas_insulated"": ""yes"", ""landuse"": ""industrial"", ""location"": ""indoor"", ""name"": ""Posto de Corte de Picote"", ""operator"": ""REN"", ""operator:wikidata"": ""Q1862842"", ""power"": ""substation"", ""ref"": ""PCPT"", ""ref_name"": ""Picote"", ""start_date"": ""1958"", ""substation"": ""switching"", ""voltage"": ""220000""}"
OSM:way:144385776,OpenStreetMap,DIRECT_OSM,substation,Subestação de Miranda,de miranda,CMD,220,-6.266051892307692,41.488473815384616,"{""frequency"": ""50"", ""location"": ""outdoor"", ""name"": ""Subestação de Miranda"", ""operator"": ""Movhera"", ""power"": ""substation"", ""ref"": ""CMD"", ""ref_name"": ""Miranda"", ""substation"": ""generation"", ""voltage"": ""220000""}"
OSM:way:144386243,OpenStreetMap,DIRECT_OSM,substation,Subestação de Macedo de Cavaleiros,de macedo de cavaleiros,SMCC,220,-6.887154858333333,41.50119088333334,"{""barrier"": ""fence"", ""frequency"": ""50"", ""location"": ""outdoor"", ""name"": ""Subestação de Macedo de Cavaleiros"", ""operator"": ""REN"", ""operator:wikidata"": ""Q1862842"", ""power"": ""substation"", ""ref"": ""SMCC"", ""ref_name"": ""Macedo de Cavaleiros"", ""start_date"": ""2008"", ""substation"": ""transmission"", ""voltage"": ""220000;60000""}"
OSM:way:144387430,OpenStreetMap,DIRECT_OSM,substation,Subestação de Mogadouro,de mogadouro,SMG,220,-6.570263471428571,41.33817812857143,"{""barrier"": ""fence"", ""frequency"": ""50"", ""location"": ""outdoor"", ""name"": ""Subestação de Mogadouro"", ""operator"": ""REN"", ""operator:wikidata"": ""Q1862842"", ""power"": ""substation"", ""ref"": ""SMG"", ""ref_name"": ""Mogadouro"", ""start_date"": ""1993"", ""substation"": ""transmission"", ""voltage"": ""220000;60000""}"
OSM:way:144396412,OpenStreetMap,DIRECT_OSM,substation,Subestação de Armamar,de armamar,SAMM,220,-7.662648335,41.102164655,"{""barrier"": ""fence"", ""frequency"": ""50"", ""location"": ""outdoor"", ""name"": ""Subestação de Armamar"", ""operator"": ""REN"", ""operator:wikidata"": ""Q1862842"", ""power"": ""substation"", ""ref"": ""SAMM"", ""ref_name"": ""Armamar"", ""start_date"": ""2010"", ""substation"": ""transmission"", ""voltage"": ""400000;220000""}"
OSM:way:144396412,OpenStreetMap,DIRECT_OSM,substation,Subestação de Armamar,de armamar,SAMM,400,-7.662648335,41.102164655,"{""barrier"": ""fence"", ""frequency"": ""50"", ""location"": ""outdoor"", ""name"": ""Subestação de Armamar"", ""operator"": ""REN"", ""operator:wikidata"": ""Q1862842"", ""power"": ""substation"", ""ref"": ""SAMM"", ""ref_name"": ""Armamar"", ""start_date"": ""2010"", ""substation"": ""transmission"", ""voltage"": ""400000;220000""}"
OSM:way:144396420,OpenStreetMap,DIRECT_OSM,substation,Subestação de Valdigem,de valdigem,SVG,150,-7.758245270731708,41.13854967804878,"{""barrier"": ""fence"", ""frequency"": ""50"", ""landuse"": ""industrial"", ""location"": ""outdoor"", ""name"": ""Subestação de Valdigem"", ""operator"": ""REN"", ""operator:wikidata"": ""Q1862842"", ""power"": ""substation"", ""ref"": ""SVG"", ""ref_name"": ""Valdigem"", ""start_date"": ""1976"", ""substation"": ""transmission"", ""voltage"": ""220000;150000;60000""}"
OSM:way:144396420,OpenStreetMap,DIRECT_OSM,substation,Subestação de Valdigem,de valdigem,SVG,220,-7.758245270731708,41.13854967804878,"{""barrier"": ""fence"", ""frequency"": ""50"", ""landuse"": ""industrial"", ""location"": ""outdoor"", ""name"": ""Subestação de Valdigem"", ""operator"": ""REN"", ""operator:wikidata"": ""Q1862842"", ""power"": ""substation"", ""ref"": ""SVG"", ""ref_name"": ""Valdigem"", ""start_date"": ""1976"", ""substation"": ""transmission"", ""voltage"": ""220000;150000;60000""}"
OSM:way:144396428,OpenStreetMap,DIRECT_OSM,substation,Subestação da Central Hidroelétrica da Régua,da central hidroeletrica da regua,,220,-7.73810944,41.14753182,"{""barrier"": ""fence"", ""frequency"": ""50"", ""location"": ""outdoor"", ""name"": ""Subestação da Central Hidroelétrica da Régua"", ""operator"": ""Energias de Portugal"", ""operator:short"": ""EDP"", ""operator:wikidata"": ""Q1341222"", ""power"": ""substation"", ""ref_name"": ""Régua"", ""substation"": ""generation"", ""voltage"": ""220000""}"
OSM:way:144396432,OpenStreetMap,DIRECT_OSM,substation,Subestação da Central Hidroelétrica de Vilar-Tabuaço,da central hidroeletrica de vilar tabuaco,,150,-7.551648111764706,41.113238117647064,"{""location"": ""outdoor"", ""name"": ""Subestação da Central Hidroelétrica de Vilar-Tabuaço"", ""operator"": ""Energias de Portugal"", ""operator:short"": ""EDP"", ""operator:wikidata"": ""Q1341222"", ""power"": ""substation"", ""substation"": ""generation"", ""voltage"": ""150000;30000;11000""}"
OSM:way:144398555,OpenStreetMap,DIRECT_OSM,substation,Subestação de Vila Pouca de Aguiar,de vila pouca de aguiar,SVPA,220,-7.62173865,41.47288295,"{""barrier"": ""fence"", ""fence_type"": ""chain_link"", ""frequency"": ""50"", ""location"": ""outdoor"", ""name"": ""Subestação de Vila Pouca de Aguiar"", ""operator"": ""REN"", ""operator:wikidata"": ""Q1862842"", ""power"": ""substation"", ""ref"": ""SVPA"", ""ref_name"": ""Vila Pouca de Aguiar"", ""source"": ""Bing"", ""start_date"": ""2008"", ""substation"": ""transmission"", ""voltage"": ""220000;60000""}"
OSM:way:144398746,OpenStreetMap,DIRECT_OSM,substation,Subestação de São Martinho,de sao martinho,,220,-7.65579935,41.082058970000006,"{""frequency"": ""50"", ""location"": ""outdoor"", ""name"": ""Subestação de São Martinho"", ""operator"": ""Finerge"", ""power"": ""substation"", ""ref_name"": ""S. Martinho"", ""substation"": ""transmission"", ""voltage"": ""220000;60000""}"
OSM:way:144400130,OpenStreetMap,DIRECT_OSM,substation,Subestação do Torrão,do torrao,STR,220,-8.261665086666666,41.09394174,"{""barrier"": ""fence"", ""frequency"": ""50"", ""location"": ""outdoor"", ""name"": ""Subestação do Torrão"", ""operator"": ""REN"", ""operator:wikidata"": ""Q1862842"", ""power"": ""substation"", ""ref"": ""STR"", ""ref_name"": ""Torrão"", ""start_date"": ""1988"", ""substation"": ""transmission"", ""voltage"": ""220000;60000""}"
OSM:way:144432478,OpenStreetMap,DIRECT_OSM,substation,Subestação de Chafariz,de chafariz,SCF,220,-7.417944335714286,40.63309581428571,"{""barrier"": ""fence"", ""frequency"": ""50"", ""landuse"": ""industrial"", ""location"": ""outdoor"", ""name"": ""Subestação de Chafariz"", ""operator"": ""REN"", ""operator:wikidata"": ""Q1862842"", ""power"": ""substation"", ""ref"": ""SCF"", ""ref_name"": ""Chafariz"", ""start_date"": ""1997"", ""substation"": ""transmission"", ""voltage"": ""220000;60000""}"
OSM:way:144432485,OpenStreetMap,DIRECT_OSM,substation,Subestação de Tração de Sobral,de tracao de sobral,,220,-7.258872466666666,40.61410661666667,"{""barrier"": ""fence"", ""frequency"": ""50"", ""landuse"": ""industrial"", ""location"": ""outdoor"", ""name"": ""Subestação de Tração de Sobral"", ""operator"": ""Infraestruturas de Portugal"", ""operator:short"": ""IP"", ""operator:wikidata"": ""Q20730106"", ""operator:wikipedia"": ""pt:Infraestruturas de Portugal"", ""power"": ""substation"", ""ref_name"": ""Sobral"", ""substation"": ""traction"", ""voltage"": ""220000;25000""}"
OSM:way:144432489,OpenStreetMap,DIRECT_OSM,substation,Subestação de Ferro,de ferro,SFE,220,-7.477320066666667,40.234639558333335,"{""barrier"": ""fence"", ""frequency"": ""50"", ""location"": ""outdoor"", ""name"": ""Subestação de Ferro"", ""operator"": ""REN"", ""operator:wikidata"": ""Q1862842"", ""power"": ""substation"", ""ref"": ""SFE"", ""ref_name"": ""Ferro"", ""start_date"": ""2001"", ""substation"": ""transmission"", ""voltage"": ""220000;60000""}"
OSM:way:144433994,OpenStreetMap,DIRECT_OSM,substation,Subestação de Tração de Gouveia,de tracao de gouveia,,220,-7.6553103,40.57385035,"{""barrier"": ""fence"", ""frequency"": ""50"", ""landuse"": ""industrial"", ""location"": ""outdoor"", ""name"": ""Subestação de Tração de Gouveia"", ""operator"": ""Infraestruturas de Portugal"", ""operator:short"": ""IP"", ""operator:wikidata"": ""Q20730106"", ""operator:wikipedia"": ""pt:Infraestruturas de Portugal"", ""power"": ""substation"", ""substation"": ""traction"", ""voltage"": ""220000;25000""}"
OSM:way:144439469,OpenStreetMap,DIRECT_OSM,substation,Subestação de Paraimo,de paraimo,SPI,220,-8.47916126875,40.4689608625,"{""barrier"": ""fence"", ""frequency"": ""50"", ""landuse"": ""industrial"", ""location"": ""outdoor"", ""name"": ""Subestação de Paraimo"", ""operator"": ""REN"", ""operator:wikidata"": ""Q1862842"", ""power"": ""substation"", ""ref"": ""SPI"", ""ref_name"": ""Paraimo"", ""start_date"": ""2006"", ""substation"": ""transmission"", ""voltage"": ""400000;220000;60000""}"
OSM:way:144439469,OpenStreetMap,DIRECT_OSM,substation,Subestação de Paraimo,de paraimo,SPI,400,-8.47916126875,40.4689608625,"{""barrier"": ""fence"", ""frequency"": ""50"", ""landuse"": ""industrial"", ""location"": ""outdoor"", ""name"": ""Subestação de Paraimo"", ""operator"": ""REN"", ""operator:wikidata"": ""Q1862842"", ""power"": ""substation"", ""ref"": ""SPI"", ""ref_name"": ""Paraimo"", ""start_date"": ""2006"", ""substation"": ""transmission"", ""voltage"": ""400000;220000;60000""}"
OSM:way:144439472,OpenStreetMap,DIRECT_OSM,substation,Subestação de Bodiosa,de bodiosa,SBA,400,-7.9927513,40.701817968181814,"{""barrier"": ""fence"", ""frequency"": ""50"", ""landuse"": ""industrial"", ""location"": ""outdoor"", ""name"": ""Subestação de Bodiosa"", ""operator"": ""REN"", ""operator:wikidata"": ""Q1862842"", ""power"": ""substation"", ""ref"": ""SBA"", ""ref_name"": ""Bodiosa"", ""start_date"": ""2006"", ""substation"": ""transmission"", ""voltage"": ""400000;60000""}"
OSM:way:144545386,OpenStreetMap,DIRECT_OSM,substation,Subestação de Tração de Mortágua,de tracao de mortagua,,220,-8.170078733333332,40.391785416666664,"{""barrier"": ""fence"", ""frequency"": ""50"", ""landuse"": ""industrial"", ""location"": ""outdoor"", ""name"": ""Subestação de Tração de Mortágua"", ""operator"": ""Infraestruturas de Portugal"", ""operator:short"": ""IP"", ""operator:wikidata"": ""Q20730106"", ""operator:wikipedia"": ""pt:Infraestruturas de Portugal"", ""power"": ""substation"", ""substation"": ""traction"", ""voltage"": ""220000;25000""}"
OSM:way:144545398,OpenStreetMap,DIRECT_OSM,substation,Subestação de Pereiros,de pereiros,SPR,220,-8.419440178947369,40.16535677763158,"{""barrier"": ""fence"", ""frequency"": ""50"", ""landuse"": ""industrial"", ""location"": ""outdoor"", ""name"": ""Subestação de Pereiros"", ""operator"": ""REN"", ""operator:wikidata"": ""Q1862842"", ""power"": ""substation"", ""ref"": ""SPR"", ""ref_name"": ""Pereiros"", ""start_date"": ""1957"", ""substation"": ""transmission"", ""voltage"": ""220000;60000""}"
OSM:way:144552378,OpenStreetMap,DIRECT_OSM,substation,Subestação de Castelo Branco,de castelo branco,SCC,150,-7.552671191666668,39.828543525,"{""barrier"": ""fence"", ""frequency"": ""50"", ""landuse"": ""industrial"", ""location"": ""outdoor"", ""name"": ""Subestação de Castelo Branco"", ""operator"": ""REN"", ""operator:wikidata"": ""Q1862842"", ""power"": ""substation"", ""ref"": ""SCC"", ""ref_name"": ""Castelo Branco"", ""start_date"": ""2007"", ""substation"": ""transmission"", ""voltage"": ""220000;150000;60000""}"
OSM:way:144552378,OpenStreetMap,DIRECT_OSM,substation,Subestação de Castelo Branco,de castelo branco,SCC,220,-7.552671191666668,39.828543525,"{""barrier"": ""fence"", ""frequency"": ""50"", ""landuse"": ""industrial"", ""location"": ""outdoor"", ""name"": ""Subestação de Castelo Branco"", ""operator"": ""REN"", ""operator:wikidata"": ""Q1862842"", ""power"": ""substation"", ""ref"": ""SCC"", ""ref_name"": ""Castelo Branco"", ""start_date"": ""2007"", ""substation"": ""transmission"", ""voltage"": ""220000;150000;60000""}"
OSM:way:144554435,OpenStreetMap,DIRECT_OSM,substation,Subestação de Lavos,de lavos,SLV,400,-8.837597460000001,40.05819954,"{""barrier"": ""fence"", ""frequency"": ""50"", ""landuse"": ""industrial"", ""location"": ""outdoor"", ""name"": ""Subestação de Lavos"", ""operator"": ""REN"", ""operator:wikidata"": ""Q1862842"", ""power"": ""substation"", ""ref"": ""SLV"", ""ref_name"": ""Lavos"", ""start_date"": ""2002"", ""substation"": ""transmission"", ""voltage"": ""400000;60000""}"
OSM:way:144564903,OpenStreetMap,DIRECT_OSM,substation,Subestação da Batalha,da batalha,SBL,400,-8.7900558625,39.65050340625,"{""barrier"": ""fence"", ""frequency"": ""50"", ""landuse"": ""industrial"", ""location"": ""outdoor"", ""name"": ""Subestação da Batalha"", ""operator"": ""REN"", ""operator:wikidata"": ""Q1862842"", ""power"": ""substation"", ""ref"": ""SBL"", ""ref_name"": ""Batalha"", ""start_date"": ""1973"", ""substation"": ""transmission"", ""voltage"": ""400000;60000""}"
OSM:way:144573746,OpenStreetMap,DIRECT_OSM,substation,Posto de Corte do Pego,do pego,PCPG,400,-8.1141147625,39.4665960875,"{""barrier"": ""fence"", ""frequency"": ""50"", ""landuse"": ""industrial"", ""location"": ""outdoor"", ""name"": ""Posto de Corte do Pego"", ""operator"": ""REN"", ""operator:wikidata"": ""Q1862842"", ""power"": ""substation"", ""ref"": ""PCPG"", ""ref_name"": ""Pego"", ""start_date"": ""1992"", ""substation"": ""switching"", ""voltage"": ""400000""}"
OSM:way:144584580,OpenStreetMap,DIRECT_OSM,substation,Subestação de Penela,de penela,SPNL,220,-8.390685099999999,39.97365714210527,"{""barrier"": ""fence"", ""frequency"": ""50"", ""gas_insulated"": ""no"", ""landuse"": ""industrial"", ""location"": ""outdoor"", ""name"": ""Subestação de Penela"", ""operator"": ""REN"", ""operator:wikidata"": ""Q1862842"", ""power"": ""substation"", ""ref"": ""SPNL"", ""ref_name"": ""Penela"", ""start_date"": ""2007"", ""substation"": ""transmission"", ""voltage"": ""220000;60000""}"
OSM:way:144584585,OpenStreetMap,DIRECT_OSM,substation,Subestação de Tábua,de tabua,STBA,220,-8.01305308,40.33269668,"{""barrier"": ""fence"", ""frequency"": ""50"", ""location"": ""outdoor"", ""name"": ""Subestação de Tábua"", ""operator"": ""REN"", ""operator:wikidata"": ""Q1862842"", ""power"": ""substation"", ""ref"": ""STBA"", ""ref_name"": ""Tábua"", ""start_date"": ""2009"", ""substation"": ""transmission"", ""voltage"": ""220000;60000""}"
OSM:way:144586949,OpenStreetMap,DIRECT_OSM,substation,Subestação do Parque Eólico de Pampilhosa da Serra,do parque eolico de pampilhosa da serra,,220,-7.912666123076923,40.13284113076923,"{""alt_name"": ""Subestação de Pampilhosa da Serra"", ""frequency"": ""50"", ""location"": ""outdoor"", ""name"": ""Subestação do Parque Eólico de Pampilhosa da Serra"", ""operator"": ""Parque de Pampilhosa da Serra - Energia Eólica S.A."", ""owner"": ""Finerge"", ""power"": ""substation"", ""ref_name"": ""Pampilhosa da Serra"", ""substation"": ""generation"", ""voltage"": ""220000""}"
OSM:way:144588414,OpenStreetMap,DIRECT_OSM,substation,Subestação do Zêzere,do zezere,SZR,150,-8.327597239285714,39.544902325,"{""frequency"": ""50"", ""landuse"": ""industrial"", ""location"": ""outdoor"", ""name"": ""Subestação do Zêzere"", ""operator"": ""REN"", ""operator:wikidata"": ""Q1862842"", ""power"": ""substation"", ""ref"": ""SZR"", ""ref_name"": ""Zêzere"", ""start_date"": ""1951"", ""substation"": ""transmission"", ""voltage"": ""220000;150000;60000""}"
OSM:way:144588414,OpenStreetMap,DIRECT_OSM,substation,Subestação do Zêzere,do zezere,SZR,220,-8.327597239285714,39.544902325,"{""frequency"": ""50"", ""landuse"": ""industrial"", ""location"": ""outdoor"", ""name"": ""Subestação do Zêzere"", ""operator"": ""REN"", ""operator:wikidata"": ""Q1862842"", ""power"": ""substation"", ""ref"": ""SZR"", ""ref_name"": ""Zêzere"", ""start_date"": ""1951"", ""substation"": ""transmission"", ""voltage"": ""220000;150000;60000""}"
OSM:way:144596347,OpenStreetMap,DIRECT_OSM,substation,Subestação de Santarém,de santarem,SSR,220,-8.728478166666667,39.245712999999995,"{""barrier"": ""fence"", ""frequency"": ""50"", ""landuse"": ""industrial"", ""location"": ""outdoor"", ""name"": ""Subestação de Santarém"", ""operator"": ""REN"", ""operator:wikidata"": ""Q1862842"", ""power"": ""substation"", ""ref"": ""SSR"", ""ref_name"": ""Santarém"", ""start_date"": ""2002"", ""substation"": ""transmission"", ""voltage"": ""220000;60000""}"
OSM:way:144599061,OpenStreetMap,DIRECT_OSM,substation,Subestação de Falagueira,de falagueira,SFR,150,-7.74102263125,39.52799815625,"{""barrier"": ""fence"", ""frequency"": ""50"", ""landuse"": ""industrial"", ""location"": ""outdoor"", ""name"": ""Subestação de Falagueira"", ""operator"": ""REN"", ""operator:wikidata"": ""Q1862842"", ""power"": ""substation"", ""ref"": ""SFR"", ""ref_name"": ""Falagueira"", ""start_date"": ""1992"", ""substation"": ""transmission"", ""voltage"": ""400000;150000;60000""}"
OSM:way:144599061,OpenStreetMap,DIRECT_OSM,substation,Subestação de Falagueira,de falagueira,SFR,400,-7.74102263125,39.52799815625,"{""barrier"": ""fence"", ""frequency"": ""50"", ""landuse"": ""industrial"", ""location"": ""outdoor"", ""name"": ""Subestação de Falagueira"", ""operator"": ""REN"", ""operator:wikidata"": ""Q1862842"", ""power"": ""substation"", ""ref"": ""SFR"", ""ref_name"": ""Falagueira"", ""start_date"": ""1992"", ""substation"": ""transmission"", ""voltage"": ""400000;150000;60000""}"
OSM:way:144601080,OpenStreetMap,DIRECT_OSM,substation,Subestação de Estremoz,de estremoz,SETM,400,-7.528478869999999,38.889737860000004,"{""barrier"": ""fence"", ""landuse"": ""industrial"", ""location"": ""outdoor"", ""name"": ""Subestação de Estremoz"", ""operator"": ""REN"", ""operator:wikidata"": ""Q1862842"", ""power"": ""substation"", ""ref"": ""SETM"", ""ref_name"": ""Estremoz"", ""start_date"": ""2009"", ""substation"": ""transmission"", ""voltage"": ""400000;60000""}"
OSM:way:144608818,OpenStreetMap,DIRECT_OSM,substation,Posto de Corte do Ribatejo,do ribatejo,PCRJ,400,-8.951677966666667,39.01432420555555,"{""frequency"": ""50"", ""location"": ""outdoor"", ""name"": ""Posto de Corte do Ribatejo"", ""operator"": ""REN"", ""operator:wikidata"": ""Q1862842"", ""power"": ""substation"", ""ref"": ""PCRJ"", ""ref_name"": ""Ribatejo"", ""start_date"": ""2004"", ""substation"": ""switching"", ""voltage"": ""400000""}"
OSM:way:144622215,OpenStreetMap,DIRECT_OSM,substation,Subestação de Sines,de sines,SSN,150,-8.764923918181818,37.99834740909091,"{""barrier"": ""fence"", ""frequency"": ""50"", ""landuse"": ""industrial"", ""location"": ""outdoor"", ""name"": ""Subestação de Sines"", ""operator"": ""REN"", ""operator:wikidata"": ""Q1862842"", ""power"": ""substation"", ""ref"": ""SSN"", ""ref_name"": ""Sines"", ""source"": ""Bing"", ""start_date"": ""1978"", ""substation"": ""transmission"", ""voltage"": ""400000;150000;60000""}"
OSM:way:144622215,OpenStreetMap,DIRECT_OSM,substation,Subestação de Sines,de sines,SSN,400,-8.764923918181818,37.99834740909091,"{""barrier"": ""fence"", ""frequency"": ""50"", ""landuse"": ""industrial"", ""location"": ""outdoor"", ""name"": ""Subestação de Sines"", ""operator"": ""REN"", ""operator:wikidata"": ""Q1862842"", ""power"": ""substation"", ""ref"": ""SSN"", ""ref_name"": ""Sines"", ""source"": ""Bing"", ""start_date"": ""1978"", ""substation"": ""transmission"", ""voltage"": ""400000;150000;60000""}"
OSM:way:144635502,OpenStreetMap,DIRECT_OSM,substation,Subestação de Tração de Ermidas-Sado,de tracao de ermidas sado,,150,-8.412196911111112,38.017171233333336,"{""barrier"": ""fence"", ""frequency"": ""50"", ""landuse"": ""industrial"", ""location"": ""outdoor"", ""name"": ""Subestação de Tração de Ermidas-Sado"", ""operator"": ""Infraestruturas de Portugal"", ""operator:short"": ""IP"", ""operator:wikidata"": ""Q20730106"", ""operator:wikipedia"": ""pt:Infraestruturas de Portugal"", ""power"": ""substation"", ""substation"": ""traction"", ""voltage"": ""150000;25000""}"
OSM:way:144635505,OpenStreetMap,DIRECT_OSM,substation,Subestação de Ferreira do Alentejo,de ferreira do alentejo,SFA,150,-8.126365914285714,38.05561460476191,"{""landuse"": ""industrial"", ""location"": ""outdoor"", ""name"": ""Subestação de Ferreira do Alentejo"", ""operator"": ""REN"", ""operator:wikidata"": ""Q1862842"", ""power"": ""substation"", ""rating"": ""413 MVA"", ""ref"": ""SFA"", ""ref_name"": ""Ferreira do Alentejo"", ""source"": ""http://www.centrodeinformacao.ren.pt/PT/InformacaoTecnica/Paginas/Subestacoes.aspx"", ""start_date"": ""1963"", ""substation"": ""transmission"", ""voltage"": ""400000;150000;60000""}"
OSM:way:144635505,OpenStreetMap,DIRECT_OSM,substation,Subestação de Ferreira do Alentejo,de ferreira do alentejo,SFA,400,-8.126365914285714,38.05561460476191,"{""landuse"": ""industrial"", ""location"": ""outdoor"", ""name"": ""Subestação de Ferreira do Alentejo"", ""operator"": ""REN"", ""operator:wikidata"": ""Q1862842"", ""power"": ""substation"", ""rating"": ""413 MVA"", ""ref"": ""SFA"", ""ref_name"": ""Ferreira do Alentejo"", ""source"": ""http://www.centrodeinformacao.ren.pt/PT/InformacaoTecnica/Paginas/Subestacoes.aspx"", ""start_date"": ""1963"", ""substation"": ""transmission"", ""voltage"": ""400000;150000;60000""}"
OSM:way:144639174,OpenStreetMap,DIRECT_OSM,substation,Subestação de Alqueva,de alqueva,SAV,400,-7.498002575,38.185915191666666,"{""barrier"": ""fence"", ""frequency"": ""50"", ""landuse"": ""industrial"", ""location"": ""outdoor"", ""name"": ""Subestação de Alqueva"", ""operator"": ""REN"", ""operator:wikidata"": ""Q1862842"", ""power"": ""substation"", ""ref"": ""SAV"", ""ref:PT:apa:aia"": ""1477"", ""ref_name"": ""Alqueva"", ""start_date"": ""2007"", ""substation"": ""transmission"", ""voltage"": ""400000;60000""}"
OSM:way:144651478,OpenStreetMap,DIRECT_OSM,substation,Subestação de Trajouce,de trajouce,STJ,220,-9.329535514285714,38.74691969285714,"{""barrier"": ""fence"", ""frequency"": ""50"", ""landuse"": ""industrial"", ""location"": ""outdoor"", ""name"": ""Subestação de Trajouce"", ""operator"": ""REN"", ""operator:wikidata"": ""Q1862842"", ""power"": ""substation"", ""ref"": ""STJ"", ""ref_name"": ""Trajouce"", ""start_date"": ""1990"", ""substation"": ""transmission"", ""voltage"": ""220000;60000""}"
OSM:way:144654759,OpenStreetMap,DIRECT_OSM,substation,Posto de Seccionamento da Pontinha,de seccionamento da pontinha,PSPH,220,-9.202517992857143,38.771285507142856,"{""frequency"": ""50"", ""landuse"": ""industrial"", ""location"": ""outdoor"", ""name"": ""Posto de Seccionamento da Pontinha"", ""operator"": ""REN"", ""operator:wikidata"": ""Q1862842"", ""power"": ""substation"", ""ref"": ""PSPH"", ""ref_name"": ""Pontinha"", ""start_date"": ""2004"", ""substation"": ""switching"", ""voltage"": ""220000""}"
OSM:way:144703168,OpenStreetMap,DIRECT_OSM,substation,Subestação do Seixal,do seixal,,220,-9.079260275,38.62992845,"{""barrier"": ""fence"", ""frequency"": ""50"", ""location"": ""outdoor"", ""name"": ""Subestação do Seixal"", ""operator"": ""SN Seixal - Siderurgia Nacional, S.A."", ""power"": ""substation"", ""substation"": ""industrial"", ""voltage"": ""220000""}"
OSM:way:144711815,OpenStreetMap,DIRECT_OSM,substation,Subestação de Tunes,de tunes,STN,150,-8.263053904347826,37.164966365217396,"{""frequency"": ""50"", ""landuse"": ""industrial"", ""location"": ""outdoor"", ""name"": ""Subestação de Tunes"", ""operator"": ""REN"", ""operator:wikidata"": ""Q1862842"", ""power"": ""substation"", ""ref"": ""STN"", ""ref_name"": ""Tunes"", ""start_date"": ""1969"", ""substation"": ""transmission"", ""voltage"": ""150000;60000""}"
OSM:way:144762180,OpenStreetMap,DIRECT_OSM,substation,Posto de Seccionamento do Prior Velho,de seccionamento do prior velho,PSPV,220,-9.115817,38.794147,"{""barrier"": ""fence"", ""frequency"": ""50"", ""location"": ""outdoor"", ""name"": ""Posto de Seccionamento do Prior Velho"", ""operator"": ""REN"", ""operator:wikidata"": ""Q1862842"", ""power"": ""substation"", ""ref"": ""PSPV"", ""ref_name"": ""Prior Velho"", ""start_date"": ""1996"", ""substation"": ""switching"", ""voltage"": ""220000""}"
OSM:way:151061884,OpenStreetMap,DIRECT_OSM,substation,Subestação de Pedralva,de pedralva,SPDV,130,-8.32342855,41.577576844444444,"{""barrier"": ""fence"", ""frequency"": ""50"", ""landuse"": ""industrial"", ""location"": ""outdoor"", ""name"": ""Subestação de Pedralva"", ""operator"": ""REN"", ""operator:wikidata"": ""Q1862842"", ""power"": ""substation"", ""rating"": ""900 MVA"", ""ref"": ""SPDV"", ""ref_name"": ""Pedralva"", ""start_date"": ""2007"", ""substation"": ""transmission"", ""voltage"": ""400000;150000;130000""}"
OSM:way:151061884,OpenStreetMap,DIRECT_OSM,substation,Subestação de Pedralva,de pedralva,SPDV,150,-8.32342855,41.577576844444444,"{""barrier"": ""fence"", ""frequency"": ""50"", ""landuse"": ""industrial"", ""location"": ""outdoor"", ""name"": ""Subestação de Pedralva"", ""operator"": ""REN"", ""operator:wikidata"": ""Q1862842"", ""power"": ""substation"", ""rating"": ""900 MVA"", ""ref"": ""SPDV"", ""ref_name"": ""Pedralva"", ""start_date"": ""2007"", ""substation"": ""transmission"", ""voltage"": ""400000;150000;130000""}"
OSM:way:151061884,OpenStreetMap,DIRECT_OSM,substation,Subestação de Pedralva,de pedralva,SPDV,400,-8.32342855,41.577576844444444,"{""barrier"": ""fence"", ""frequency"": ""50"", ""landuse"": ""industrial"", ""location"": ""outdoor"", ""name"": ""Subestação de Pedralva"", ""operator"": ""REN"", ""operator:wikidata"": ""Q1862842"", ""power"": ""substation"", ""rating"": ""900 MVA"", ""ref"": ""SPDV"", ""ref_name"": ""Pedralva"", ""start_date"": ""2007"", ""substation"": ""transmission"", ""voltage"": ""400000;150000;130000""}"
OSM:way:151061905,OpenStreetMap,DIRECT_OSM,substation,Subestação de Oleiros,de oleiros,SOR,150,-8.496399425,41.605049375,"{""barrier"": ""fence"", ""frequency"": ""50"", ""landuse"": ""industrial"", ""location"": ""outdoor"", ""name"": ""Subestação de Oleiros"", ""operator"": ""REN"", ""operator:wikidata"": ""Q1862842"", ""power"": ""substation"", ""ref"": ""SOR"", ""ref_name"": ""Oleiros"", ""start_date"": ""1996"", ""substation"": ""transmission"", ""voltage"": ""150000;60000""}"
OSM:way:151061920,OpenStreetMap,DIRECT_OSM,substation,Subestação de Mendoiro,de mendoiro,,150,-8.4251509,42.00585339230769,"{""location"": ""outdoor"", ""name"": ""Subestação de Mendoiro"", ""operator"": ""Finerge"", ""power"": ""substation"", ""ref_name"": ""SE Mendoiro"", ""substation"": ""transmission"", ""voltage"": ""150000""}"
OSM:way:151061928,OpenStreetMap,DIRECT_OSM,substation,Subestação de Vila Fria,de vila fria,SVI,150,-8.752979561538462,41.65340245384615,"{""barrier"": ""fence"", ""frequency"": ""50"", ""landuse"": ""industrial"", ""location"": ""outdoor"", ""name"": ""Subestação de Vila Fria"", ""operator"": ""REN"", ""operator:wikidata"": ""Q1862842"", ""power"": ""substation"", ""ref"": ""SVI"", ""ref_name"": ""Vila Fria"", ""start_date"": ""1987"", ""substation"": ""transmission"", ""voltage"": ""150000;60000""}"
OSM:way:151069425,OpenStreetMap,DIRECT_OSM,substation,Subestação da Central Hidroelétrica de Vilarinho das Furnas,da central hidroeletrica de vilarinho das furnas,,150,-8.176032979999999,41.700696,"{""barrier"": ""fence"", ""frequency"": ""50"", ""location"": ""outdoor"", ""name"": ""Subestação da Central Hidroelétrica de Vilarinho das Furnas"", ""operator"": ""Energias de Portugal"", ""operator:short"": ""EDP"", ""operator:wikidata"": ""Q1341222"", ""power"": ""substation"", ""substation"": ""generation"", ""voltage"": ""150000""}"
OSM:way:151077578,OpenStreetMap,DIRECT_OSM,substation,Subestação de Frades,de frades,SFRD,150,-8.027310737499999,41.6865757375,"{""barrier"": ""fence"", ""frequency"": ""50"", ""landuse"": ""industrial"", ""location"": ""outdoor"", ""name"": ""Subestação de Frades"", ""operator"": ""REN"", ""operator:wikidata"": ""Q1862842"", ""power"": ""substation"", ""ref"": ""SFRD"", ""ref_name"": ""Frades"", ""start_date"": ""2008"", ""substation"": ""transmission"", ""voltage"": ""150000;60000""}"
OSM:way:151077580,OpenStreetMap,DIRECT_OSM,substation,Subestação da Central Hidroelétrica do Alto Rabagão,da central hidroeletrica do alto rabagao,,150,-7.85951424,41.73881628,"{""barrier"": ""fence"", ""frequency"": ""50"", ""location"": ""outdoor"", ""name"": ""Subestação da Central Hidroelétrica do Alto Rabagão"", ""operator"": ""Energias de Portugal"", ""operator:short"": ""EDP"", ""operator:wikidata"": ""Q1341222"", ""power"": ""substation"", ""substation"": ""generation"", ""voltage"": ""150000""}"
OSM:way:151077584,OpenStreetMap,DIRECT_OSM,substation,Posto de Corte de Caniçada,de canicada,PCCD,150,-8.234796922727272,41.65362290909091,"{""frequency"": ""50"", ""landuse"": ""industrial"", ""location"": ""outdoor"", ""name"": ""Posto de Corte de Caniçada"", ""operator"": ""REN"", ""operator:wikidata"": ""Q1862842"", ""power"": ""substation"", ""ref"": ""PCCD"", ""ref_name"": ""Caniçada"", ""start_date"": ""1955"", ""substation"": ""switching"", ""voltage"": ""150000""}"
OSM:way:151084399,OpenStreetMap,DIRECT_OSM,substation,Subestação do Parque Eólico das Terras Altas de Fafe,do parque eolico das terras altas de fafe,,150,-8.092068266666667,41.50824393333333,"{""frequency"": ""50"", ""location"": ""outdoor"", ""name"": ""Subestação do Parque Eólico das Terras Altas de Fafe"", ""operator"": ""Engie"", ""operator:wikidata"": ""Q13416787"", ""power"": ""substation"", ""ref:PT:apa:aia"": ""928"", ""ref_name"": ""Terras Altas de Fafe"", ""substation"": ""generation"", ""voltage"": ""150000""}"
OSM:way:151109816,OpenStreetMap,DIRECT_OSM,substation,Subestação da Siderurgia da Maia,da siderurgia da maia,SSM,220,-8.558729266666667,41.255449686666665,"{""barrier"": ""fence"", ""frequency"": ""50"", ""name"": ""Subestação da Siderurgia da Maia"", ""operator"": ""SN MAIA - Siderurgia Nacional, S.A."", ""owner"": ""REN"", ""owner:wikidata"": ""Q1862842"", ""power"": ""substation"", ""ref"": ""SSM"", ""ref_name"": ""Siderurgia da Maia"", ""start_date"": ""2013"", ""substation"": ""industrial"", ""voltage"": ""220000;30000""}"
OSM:way:151111218,OpenStreetMap,DIRECT_OSM,substation,Subestação da Prelada,da prelada,SPLD,220,-8.625459908333333,41.17240653333334,"{""barrier"": ""fence"", ""frequency"": ""50"", ""landuse"": ""industrial"", ""location"": ""outdoor"", ""name"": ""Subestação da Prelada"", ""operator"": ""REN"", ""operator:wikidata"": ""Q1862842"", ""power"": ""substation"", ""ref"": ""SPLD"", ""ref_name"": ""Prelada"", ""start_date"": ""2011"", ""substation"": ""transmission"", ""voltage"": ""220000;60000""}"
OSM:way:151162379,OpenStreetMap,DIRECT_OSM,substation,Subestação de Mourisca,de mourisca,SMC,220,-8.463050433333333,40.59560086,"{""barrier"": ""fence"", ""frequency"": ""50"", ""landuse"": ""industrial"", ""location"": ""outdoor"", ""name"": ""Subestação de Mourisca"", ""operator"": ""REN"", ""operator:wikidata"": ""Q1862842"", ""power"": ""substation"", ""ref"": ""SMC"", ""ref_name"": ""Mourisca"", ""start_date"": ""1983"", ""substation"": ""transmission"", ""voltage"": ""220000;60000""}"
OSM:way:151166980,OpenStreetMap,DIRECT_OSM,substation,Subestação de Carvoeira,de carvoeira,SCVR,220,-9.198327822222222,39.079493355555556,"{""frequency"": ""50"", ""location"": ""outdoor"", ""name"": ""Subestação de Carvoeira"", ""operator"": ""REN"", ""operator:wikidata"": ""Q1862842"", ""power"": ""substation"", ""ref"": ""SCVR"", ""ref_name"": ""Carvoeira"", ""start_date"": ""2008"", ""substation"": ""transmission"", ""voltage"": ""220000;60000""}"
OSM:way:151168335,OpenStreetMap,DIRECT_OSM,substation,Subestação Alto de Mira,alto de mira,SAM,220,-9.237987287878788,38.778342336363636,"{""alt_name"": ""Subestação Alto da Mira"", ""barrier"": ""fence"", ""frequency"": ""50"", ""location"": ""outdoor"", ""name"": ""Subestação Alto de Mira"", ""operator"": ""REN"", ""operator:wikidata"": ""Q1862842"", ""power"": ""substation"", ""ref"": ""SAM"", ""ref_name"": ""Alto de Mira"", ""start_date"": ""1963"", ""substation"": ""transmission"", ""voltage"": ""400000;220000;60000""}"
OSM:way:151168335,OpenStreetMap,DIRECT_OSM,substation,Subestação Alto de Mira,alto de mira,SAM,400,-9.237987287878788,38.778342336363636,"{""alt_name"": ""Subestação Alto da Mira"", ""barrier"": ""fence"", ""frequency"": ""50"", ""location"": ""outdoor"", ""name"": ""Subestação Alto de Mira"", ""operator"": ""REN"", ""operator:wikidata"": ""Q1862842"", ""power"": ""substation"", ""ref"": ""SAM"", ""ref_name"": ""Alto de Mira"", ""start_date"": ""1963"", ""substation"": ""transmission"", ""voltage"": ""400000;220000;60000""}"
OSM:way:151705478,OpenStreetMap,DIRECT_OSM,substation,Subestação Portcast,portcast,,220,-8.599979357142857,41.22767653571429,"{""alt_name"": ""Subestação Sakthi"", ""name"": ""Subestação Portcast"", ""operator"": ""AAPICO Maia, S. A."", ""power"": ""substation"", ""ref_name"": ""Sakthi"", ""substation"": ""industrial"", ""voltage"": ""220000;60000""}"
OSM:way:156176120,OpenStreetMap,DIRECT_OSM,substation,Subestação de Setúbal,de setubal,SSB,150,-8.86211582857143,38.53623055714286,"{""barrier"": ""fence"", ""frequency"": ""50"", ""location"": ""outdoor"", ""name"": ""Subestação de Setúbal"", ""operator"": ""REN"", ""operator:wikidata"": ""Q1862842"", ""power"": ""substation"", ""ref"": ""SSB"", ""ref_name"": ""Setúbal"", ""start_date"": ""1952"", ""substation"": ""transmission"", ""voltage"": ""150000;60000""}"
OSM:way:163194137,OpenStreetMap,DIRECT_OSM,substation,Subestação de Portimão,de portimao,SPO,150,-8.516022608333333,37.19823031666667,"{""barrier"": ""fence"", ""frequency"": ""50"", ""landuse"": ""industrial"", ""location"": ""outdoor"", ""name"": ""Subestação de Portimão"", ""operator"": ""REN"", ""operator:wikidata"": ""Q1862842"", ""power"": ""substation"", ""ref"": ""SPO"", ""ref_name"": ""Portimão"", ""start_date"": ""2006"", ""substation"": ""transmission"", ""voltage"": ""400000;150000;60000""}"
OSM:way:163194137,OpenStreetMap,DIRECT_OSM,substation,Subestação de Portimão,de portimao,SPO,400,-8.516022608333333,37.19823031666667,"{""barrier"": ""fence"", ""frequency"": ""50"", ""landuse"": ""industrial"", ""location"": ""outdoor"", ""name"": ""Subestação de Portimão"", ""operator"": ""REN"", ""operator:wikidata"": ""Q1862842"", ""power"": ""substation"", ""ref"": ""SPO"", ""ref_name"": ""Portimão"", ""start_date"": ""2006"", ""substation"": ""transmission"", ""voltage"": ""400000;150000;60000""}"
OSM:way:163195990,OpenStreetMap,DIRECT_OSM,substation,Posto de Corte de Sabóia,de saboia,PCSI,150,-8.5185444875,37.5055924625,"{""barrier"": ""fence"", ""frequency"": ""50"", ""landuse"": ""industrial"", ""location"": ""outdoor"", ""name"": ""Posto de Corte de Sabóia"", ""operator"": ""REN"", ""operator:wikidata"": ""Q1862842"", ""power"": ""substation"", ""ref"": ""PCSI"", ""ref_name"": ""Sabóia"", ""start_date"": ""2003"", ""substation"": ""switching"", ""voltage"": ""150000""}"
OSM:way:163195991,OpenStreetMap,DIRECT_OSM,substation,Subestação de Tração de Luzianes,de tracao de luzianes,,150,-8.4875411125,37.5754926125,"{""barrier"": ""fence"", ""frequency"": ""50"", ""landuse"": ""industrial"", ""location"": ""outdoor"", ""name"": ""Subestação de Tração de Luzianes"", ""operator"": ""Infraestruturas de Portugal"", ""operator:short"": ""IP"", ""operator:wikidata"": ""Q20730106"", ""operator:wikipedia"": ""pt:Infraestruturas de Portugal"", ""power"": ""substation"", ""substation"": ""traction"", ""voltage"": ""150000;25000""}"
OSM:way:163204230,OpenStreetMap,DIRECT_OSM,substation,Subestação de Neves-Corvo,de neves corvo,,150,-7.976752707692308,37.57505343846154,"{""frequency"": ""50"", ""location"": ""outdoor"", ""name"": ""Subestação de Neves-Corvo"", ""operator"": ""Somincor - Sociedade Mineira de Neves-Corvo, S.A."", ""power"": ""substation"", ""ref_name"": ""Neves Corvo (Somincor)"", ""substation"": ""industrial"", ""voltage"": ""150000""}"
OSM:way:163214308,OpenStreetMap,DIRECT_OSM,substation,Subestação da Refinaria de Sines,da refinaria de sines,,150,-8.795565759999999,37.95684198,"{""barrier"": ""fence"", ""location"": ""outdoor"", ""name"": ""Subestação da Refinaria de Sines"", ""operator"": ""Galp"", ""power"": ""substation"", ""ref_name"": ""Central de Sines (Cogeração)"", ""substation"": ""transition"", ""voltage"": ""150000""}"
OSM:way:163214309,OpenStreetMap,DIRECT_OSM,substation,Subestação Artland Sines,artland sines,,150,-8.81815886,37.98170624,"{""barrier"": ""fence"", ""frequency"": ""50"", ""name"": ""Subestação Artland Sines"", ""operator"": ""Indorama"", ""power"": ""substation"", ""substation"": ""generation"", ""voltage"": ""150000""}"
OSM:way:163214310,OpenStreetMap,DIRECT_OSM,substation,Subestação de Tração de Monte Novo - Palma,de tracao de monte novo palma,,150,-8.5986961375,38.4189021125,"{""barrier"": ""fence"", ""frequency"": ""50"", ""landuse"": ""industrial"", ""location"": ""outdoor"", ""name"": ""Subestação de Tração de Monte Novo - Palma"", ""operator"": ""Infraestruturas de Portugal"", ""operator:short"": ""IP"", ""operator:wikidata"": ""Q20730106"", ""operator:wikipedia"": ""pt:Infraestruturas de Portugal"", ""power"": ""substation"", ""substation"": ""traction"", ""voltage"": ""150000;25000""}"
OSM:way:163226982,OpenStreetMap,DIRECT_OSM,substation,Subestação de Tração de Pegões,de tracao de pegoes,,150,-8.64067215,38.6561876875,"{""barrier"": ""fence"", ""frequency"": ""50"", ""landuse"": ""industrial"", ""location"": ""outdoor"", ""name"": ""Subestação de Tração de Pegões"", ""operator"": ""Infraestruturas de Portugal"", ""operator:short"": ""IP"", ""operator:wikidata"": ""Q20730106"", ""operator:wikipedia"": ""pt:Infraestruturas de Portugal"", ""power"": ""substation"", ""ref_name"": ""Pegões (RFN)"", ""substation"": ""traction"", ""voltage"": ""150000;25000""}"
OSM:way:163226990,OpenStreetMap,DIRECT_OSM,substation,Subestação da Quinta do Anjo,da quinta do anjo,,150,-8.986080876923078,38.58758277692307,"{""alt_name"": ""Subestação da Autoeuropa"", ""frequency"": ""50"", ""location"": ""outdoor"", ""name"": ""Subestação da Quinta do Anjo"", ""operator"": ""Autoeuropa"", ""power"": ""substation"", ""ref_name"": ""Quinta do Anjo (Autoeuropa)"", ""substation"": ""industrial"", ""voltage"": ""150000""}"
OSM:way:163226993,OpenStreetMap,DIRECT_OSM,substation,Subestação de Tração do Fogueteiro,de tracao do fogueteiro,,150,-9.12305662,38.61745181,"{""barrier"": ""fence"", ""frequency"": ""50"", ""landuse"": ""industrial"", ""location"": ""outdoor"", ""name"": ""Subestação de Tração do Fogueteiro"", ""operator"": ""Infraestruturas de Portugal"", ""operator:short"": ""IP"", ""operator:wikidata"": ""Q20730106"", ""operator:wikipedia"": ""pt:Infraestruturas de Portugal"", ""power"": ""substation"", ""ref_name"": ""Fogueteiro"", ""substation"": ""traction"", ""voltage"": ""150000;25000""}"
OSM:way:163226996,OpenStreetMap,DIRECT_OSM,substation,Subestação da Lusosider,da lusosider,,150,-9.065850444444443,38.618913166666665,"{""barrier"": ""fence"", ""frequency"": ""50"", ""location"": ""outdoor"", ""name"": ""Subestação da Lusosider"", ""operator"": ""Lusosider"", ""power"": ""substation"", ""substation"": ""industrial"", ""voltage"": ""150000""}"
OSM:way:163227021,OpenStreetMap,DIRECT_OSM,substation,Subestação da Trafaria,da trafaria,STFR,150,-9.22289386923077,38.66511687692308,"{""barrier"": ""fence"", ""frequency"": ""50"", ""location"": ""outdoor"", ""name"": ""Subestação da Trafaria"", ""operator"": ""REN"", ""operator:wikidata"": ""Q1862842"", ""power"": ""substation"", ""ref"": ""STFR"", ""ref_name"": ""Trafaria"", ""start_date"": ""2007"", ""substation"": ""transmission"", ""voltage"": ""150000;60000""}"
OSM:way:165898049,OpenStreetMap,DIRECT_OSM,substation,Subestação de Tração da Quinta Grande,de tracao da quinta grande,,150,-8.51462178,38.937806339999995,"{""barrier"": ""fence"", ""frequency"": ""50"", ""landuse"": ""industrial"", ""location"": ""outdoor"", ""name"": ""Subestação de Tração da Quinta Grande"", ""operator"": ""Infraestruturas de Portugal"", ""operator:short"": ""IP"", ""operator:wikidata"": ""Q20730106"", ""operator:wikipedia"": ""pt:Infraestruturas de Portugal"", ""power"": ""substation"", ""ref_name"": ""Quinta Grande"", ""substation"": ""traction"", ""voltage"": ""150000;25000""}"
OSM:way:171253574,OpenStreetMap,DIRECT_OSM,substation,Subestação de Fernão Ferro,de fernao ferro,SFF,150,-9.12038034,38.581555200000004,"{""barrier"": ""fence"", ""frequency"": ""50"", ""location"": ""indoor"", ""name"": ""Subestação de Fernão Ferro"", ""operator"": ""REN"", ""operator:wikidata"": ""Q1862842"", ""power"": ""substation"", ""ref"": ""SFF"", ""ref_name"": ""Fernão Ferro"", ""source"": ""Bing"", ""start_date"": ""1980"", ""substation"": ""transmission"", ""voltage"": ""400000;150000;60000""}"
OSM:way:171253574,OpenStreetMap,DIRECT_OSM,substation,Subestação de Fernão Ferro,de fernao ferro,SFF,400,-9.12038034,38.581555200000004,"{""barrier"": ""fence"", ""frequency"": ""50"", ""location"": ""indoor"", ""name"": ""Subestação de Fernão Ferro"", ""operator"": ""REN"", ""operator:wikidata"": ""Q1862842"", ""power"": ""substation"", ""ref"": ""SFF"", ""ref_name"": ""Fernão Ferro"", ""source"": ""Bing"", ""start_date"": ""1980"", ""substation"": ""transmission"", ""voltage"": ""400000;150000;60000""}"
OSM:way:183788299,OpenStreetMap,DIRECT_OSM,substation,Subestação da Central Hidroelétrica de Bouçã,da central hidroeletrica de bouca,,150,-8.220296266666667,39.85427257777778,"{""frequency"": ""50"", ""location"": ""outdoor"", ""name"": ""Subestação da Central Hidroelétrica de Bouçã"", ""operator"": ""Energias de Portugal"", ""operator:short"": ""EDP"", ""operator:wikidata"": ""Q1341222"", ""power"": ""substation"", ""ref_name"": ""Bouçã"", ""substation"": ""generation"", ""voltage"": ""150000;6000""}"
OSM:way:201459319,OpenStreetMap,DIRECT_OSM,substation,Subestação de Tavira,de tavira,STVR,150,-7.766025590909091,37.34452501818182,"{""barrier"": ""fence"", ""frequency"": ""50"", ""location"": ""outdoor"", ""name"": ""Subestação de Tavira"", ""operator"": ""REN"", ""operator:wikidata"": ""Q1862842"", ""power"": ""substation"", ""ref"": ""STVR"", ""ref_name"": ""Tavira"", ""start_date"": ""2011"", ""substation"": ""transmission"", ""voltage"": ""400000;150000;60000""}"
OSM:way:201459319,OpenStreetMap,DIRECT_OSM,substation,Subestação de Tavira,de tavira,STVR,400,-7.766025590909091,37.34452501818182,"{""barrier"": ""fence"", ""frequency"": ""50"", ""location"": ""outdoor"", ""name"": ""Subestação de Tavira"", ""operator"": ""REN"", ""operator:wikidata"": ""Q1862842"", ""power"": ""substation"", ""ref"": ""STVR"", ""ref_name"": ""Tavira"", ""start_date"": ""2011"", ""substation"": ""transmission"", ""voltage"": ""400000;150000;60000""}"
OSM:way:236290371,OpenStreetMap,DIRECT_OSM,substation,Subestação de Folques,de folques,,220,-8.0133447875,40.227863325,"{""barrier"": ""fence"", ""frequency"": ""50"", ""location"": ""outdoor"", ""name"": ""Subestação de Folques"", ""operator"": ""EDP Renováveis"", ""operator:en"": ""EDP Renewables"", ""operator:pt"": ""EDP Renováveis"", ""operator:short"": ""EDPR"", ""operator:wikidata"": ""Q1274362"", ""power"": ""substation"", ""ref_name"": ""Folques"", ""substation"": ""transmission"", ""voltage"": ""220000;60000""}"
OSM:way:340102181,OpenStreetMap,DIRECT_OSM,substation,Subestação de Corgas,de corgas,,150,-7.883572770000001,39.80733082,"{""alt_name"": ""Subestação do Pinhal Interior"", ""barrier"": ""fence"", ""frequency"": ""50"", ""inscription"": ""Parque Eólico do Pinhal Interior, Proença"", ""location"": ""outdoor"", ""name"": ""Subestação de Corgas"", ""operator"": ""Generventos do Pinhal Interior - Energias Renováveis, S. A."", ""operator:wikidata"": ""Q137840244"", ""power"": ""substation"", ""ref_name"": ""Corgas"", ""substation"": ""generation"", ""voltage"": ""150000;60000;30000""}"
OSM:way:340910721,OpenStreetMap,DIRECT_OSM,substation,Subestação do Parque Eólico da Gardunha,do parque eolico da gardunha,,150,-7.657348053846154,40.07207258461539,"{""frequency"": ""50"", ""location"": ""outdoor"", ""name"": ""Subestação do Parque Eólico da Gardunha"", ""operator"": ""Generg Ventos da Gardunha - Energias Renováveis, S. A."", ""operator:wikidata"": ""Q137840146"", ""power"": ""substation"", ""ref_name"": ""Gardunha"", ""substation"": ""generation"", ""voltage"": ""150000;30000""}"
OSM:way:362486619,OpenStreetMap,DIRECT_OSM,substation,Subestação de Tração de Ródão,de tracao de rodao,,150,-7.679872675,39.664388575,"{""barrier"": ""fence"", ""frequency"": ""50"", ""landuse"": ""industrial"", ""location"": ""outdoor"", ""name"": ""Subestação de Tração de Ródão"", ""operator"": ""Infraestruturas de Portugal"", ""operator:short"": ""IP"", ""operator:wikidata"": ""Q20730106"", ""operator:wikipedia"": ""pt:Infraestruturas de Portugal"", ""power"": ""substation"", ""ref_name"": ""Rodão (RFN)"", ""substation"": ""traction"", ""voltage"": ""150000;25000""}"
OSM:way:397005282,OpenStreetMap,DIRECT_OSM,substation,Subestação da Central Hidroelétrica de Salamonde I,da central hidroeletrica de salamonde i,,150,-8.092213066666666,41.690021622222226,"{""name"": ""Subestação da Central Hidroelétrica de Salamonde I"", ""operator"": ""Energias de Portugal"", ""operator:short"": ""EDP"", ""operator:wikidata"": ""Q1341222"", ""power"": ""substation"", ""ref_name"": ""Salamonde"", ""substation"": ""generation"", ""voltage"": ""150000""}"
OSM:way:402947133,OpenStreetMap,DIRECT_OSM,substation,Subestação de Sacavém,de sacavem,SSV,220,-9.103404300000001,38.78527427037037,"{""barrier"": ""fence"", ""frequency"": ""50"", ""landuse"": ""industrial"", ""location"": ""outdoor"", ""name"": ""Subestação de Sacavém"", ""operator"": ""REN"", ""operator:wikidata"": ""Q1862842"", ""power"": ""substation"", ""ref"": ""SSV"", ""ref_name"": ""Sacavém"", ""start_date"": ""1951"", ""substation"": ""transmission"", ""voltage"": ""220000;60000""}"
OSM:way:539470509,OpenStreetMap,DIRECT_OSM,substation,Posto de Transição de Valongo,de transicao de valongo,PTVLG,220,-8.5282142625,41.211444400000005,"{""barrier"": ""fence"", ""landuse"": ""industrial"", ""name"": ""Posto de Transição de Valongo"", ""operator"": ""REN"", ""operator:wikidata"": ""Q1862842"", ""power"": ""substation"", ""ref"": ""PTVLG"", ""ref_name"": ""Valongo"", ""start_date"": ""2011"", ""substation"": ""transition"", ""voltage"": ""220000""}"
OSM:way:541036600,OpenStreetMap,DIRECT_OSM,substation,Subestação de Fafe,de fafe,SFAF,150,-8.20188233846154,41.42513526923077,"{""barrier"": ""fence"", ""landuse"": ""industrial"", ""location"": ""outdoor"", ""name"": ""Subestação de Fafe"", ""operator"": ""REN"", ""operator:wikidata"": ""Q1862842"", ""power"": ""substation"", ""ref"": ""SFAF"", ""ref_name"": ""Fafe"", ""start_date"": ""2014"", ""substation"": ""transmission"", ""voltage"": ""150000;60000""}"
OSM:way:542145772,OpenStreetMap,DIRECT_OSM,substation,Subestação do Sub-parque Eólico de Moimenta,do sub parque eolico de moimenta,,400,-7.688922184615384,40.97378335384615,"{""barrier"": ""fence"", ""location"": ""outdoor"", ""name"": ""Subestação do Sub-parque Eólico de Moimenta"", ""operator"": ""Finerge"", ""power"": ""substation"", ""substation"": ""transmission"", ""voltage"": ""400000;60000""}"
OSM:way:648169311,OpenStreetMap,DIRECT_OSM,substation,Subestação da Central Hidroelétrica de Alqueva 2,da central hidroeletrica de alqueva 2,,400,-7.497038104347825,38.19384673478261,"{""location"": ""overground"", ""name"": ""Subestação da Central Hidroelétrica de Alqueva 2"", ""power"": ""substation"", ""substation"": ""generation"", ""voltage"": ""400000;15000""}"
OSM:way:690953979,OpenStreetMap,DIRECT_OSM,substation,Subestação de Valpaços,de valpacos,SVPC,220,-7.408502824999999,41.67687684166666,"{""barrier"": ""fence"", ""ele"": ""800"", ""landuse"": ""industrial"", ""name"": ""Subestação de Valpaços"", ""note"": ""220/60kV Sources: http://siaia.apambiente.pt/AIADOC/AIA2101/RNT2101.pdf http://siaia.apambiente.pt/AIADOC/AIA1942/RNT1942.pdf"", ""operator"": ""REN"", ""operator:wikidata"": ""Q1862842"", ""power"": ""substation"", ""ref"": ""SVPC"", ""ref_name"": ""Valpaços"", ""source"": ""aerial imagery"", ""start_date"": ""2012"", ""substation"": ""transmission"", ""voltage"": ""220000;60000""}"
OSM:way:694016335,OpenStreetMap,DIRECT_OSM,substation,Subestação de Vila Nova de Famalicão,de vila nova de famalicao,SVNF,400,-8.613068700000001,41.35798188666667,"{""landuse"": ""industrial"", ""name"": ""Subestação de Vila Nova de Famalicão"", ""operator"": ""REN"", ""operator:wikidata"": ""Q1862842"", ""power"": ""substation"", ""ref"": ""SVNF"", ""ref_name"": ""Vila Nova de Famalicão"", ""start_date"": ""2015"", ""substation"": ""transmission"", ""voltage"": ""400000;60000""}"
OSM:way:742612300,OpenStreetMap,DIRECT_OSM,substation,Subestação de Tração do Alandroal,de tracao do alandroal,,400,-7.2765825,38.73887533333333,"{""barrier"": ""fence"", ""landuse"": ""industrial"", ""name"": ""Subestação de Tração do Alandroal"", ""operator"": ""Infraestruturas de Portugal"", ""operator:short"": ""IP"", ""operator:wikidata"": ""Q20730106"", ""operator:wikipedia"": ""pt:Infraestruturas de Portugal"", ""power"": ""substation"", ""substation"": ""traction"", ""voltage"": ""400000;25000""}"
OSM:way:751560789,OpenStreetMap,DIRECT_OSM,substation,Subestação da Feira,da feira,SFRA,400,-8.460909019999999,40.95974073,"{""barrier"": ""fence"", ""location"": ""outdoor"", ""name"": ""Subestação da Feira"", ""operator"": ""REN"", ""operator:wikidata"": ""Q1862842"", ""power"": ""substation"", ""ref"": ""SFRA"", ""ref_name"": ""Feira"", ""start_date"": ""2013"", ""substation"": ""transmission"", ""voltage"": ""400000;60000""}"
OSM:way:753364578,OpenStreetMap,DIRECT_OSM,substation,Posto de Corte de Vieira do Minho,de vieira do minho,PCVRM,400,-8.030314559999999,41.67106344,"{""barrier"": ""fence"", ""landuse"": ""industrial"", ""name"": ""Posto de Corte de Vieira do Minho"", ""operator"": ""REN"", ""operator:wikidata"": ""Q1862842"", ""power"": ""substation"", ""ref"": ""PCVRM"", ""ref_name"": ""Vieira do Minho"", ""start_date"": ""2014"", ""substation"": ""switching"", ""voltage"": ""400000""}"
OSM:way:754137798,OpenStreetMap,DIRECT_OSM,substation,Subestação de Montenegrelo,de montenegrelo,,220,-7.6242977,41.47153873333333,"{""barrier"": ""fence"", ""name"": ""Subestação de Montenegrelo"", ""operator"": ""EDP Renováveis"", ""operator:en"": ""EDP Renewables"", ""operator:pt"": ""EDP Renováveis"", ""operator:short"": ""EDPR"", ""operator:wikidata"": ""Q1274362"", ""power"": ""substation"", ""ref_name"": ""Montenegrelo"", ""substation"": ""transmission"", ""voltage"": ""220000;60000""}"
OSM:way:767739005,OpenStreetMap,DIRECT_OSM,substation,Subestação de Gouvães,de gouvaes,,400,-7.7656295375,41.537671875,"{""alt_name"": ""Posto de Corte de Gouvães"", ""barrier"": ""fence"", ""landuse"": ""industrial"", ""name"": ""Subestação de Gouvães"", ""operator"": ""Iberdrola"", ""operator:wikidata"": ""Q1437502"", ""power"": ""substation"", ""ref:PT:apa:aia"": ""2148"", ""ref_name"": ""Gouvães"", ""substation"": ""transmission"", ""voltage"": ""400000""}"
OSM:way:768087809,OpenStreetMap,DIRECT_OSM,substation,Posto de Corte do Alto Tâmega,do alto tamega,,400,-7.729067481818182,41.571203363636364,"{""barrier"": ""fence"", ""name"": ""Posto de Corte do Alto Tâmega"", ""operator"": ""Iberdrola"", ""operator:wikidata"": ""Q1437502"", ""power"": ""substation"", ""ref_name"": ""Alto Tâmega"", ""substation"": ""switching"", ""voltage"": ""400000""}"
OSM:way:771616113,OpenStreetMap,DIRECT_OSM,substation,Subestação da Central Hidroelétrica do Baixo Sabor - Escalão de Montante,da central hidroeletrica do baixo sabor escalao de montante,,220,-7.014709976923077,41.228044546153846,"{""landuse"": ""industrial"", ""location"": ""outdoor"", ""name"": ""Subestação da Central Hidroelétrica do Baixo Sabor - Escalão de Montante"", ""operator"": ""Movhera"", ""power"": ""substation"", ""ref_name"": ""Central do Baixo Sabor"", ""substation"": ""generation"", ""voltage"": ""220000""}"
OSM:way:791358190,OpenStreetMap,DIRECT_OSM,substation,Subestação da Central Solar de Alcoutim,da central solar de alcoutim,,400,-7.6994223125,37.3825588375,"{""location"": ""outdoor"", ""name"": ""Subestação da Central Solar de Alcoutim"", ""operator"": ""WElink Energy/Solara4"", ""power"": ""substation"", ""ref_name"": ""Alcoutim"", ""substation"": ""generation"", ""voltage"": ""400000""}"
OSM:way:810172047,OpenStreetMap,DIRECT_OSM,substation,Subestação de Tração de Fatela,de tracao de fatela,,220,-7.418708025,40.145677475,"{""barrier"": ""fence"", ""landuse"": ""industrial"", ""location"": ""outdoor"", ""name"": ""Subestação de Tração de Fatela"", ""operator"": ""Infraestruturas de Portugal"", ""operator:short"": ""IP"", ""operator:wikidata"": ""Q20730106"", ""operator:wikipedia"": ""pt:Infraestruturas de Portugal"", ""power"": ""substation"", ""substation"": ""traction"", ""voltage"": ""220000;25000""}"
OSM:way:813954335,OpenStreetMap,DIRECT_OSM,substation,Subestação de Alcochete,de alcochete,SACT,400,-8.89949458125,38.7016486625,"{""location"": ""outdoor"", ""name"": ""Subestação de Alcochete"", ""operator"": ""REN"", ""operator:wikidata"": ""Q1862842"", ""power"": ""substation"", ""ref"": ""SACT"", ""ref_name"": ""Alcochete"", ""start_date"": ""2017"", ""substation"": ""transmission"", ""voltage"": ""400000;60000""}"
OSM:way:896147942,OpenStreetMap,DIRECT_OSM,substation,Subestação do Alto de São João,do alto de sao joao,SASJ,220,-9.1240292625,38.731764975000004,"{""barrier"": ""fence"", ""name"": ""Subestação do Alto de São João"", ""operator"": ""REN"", ""operator:wikidata"": ""Q1862842"", ""power"": ""substation"", ""ref"": ""SASJ"", ""ref_name"": ""Alto de São João"", ""start_date"": ""2015"", ""substation"": ""transmission"", ""voltage"": ""220000;60000""}"
OSM:way:942744960,OpenStreetMap,DIRECT_OSM,substation,Subestação de Tração de Vila Fria,de tracao de vila fria,,150,-8.7509470625,41.65401795,"{""barrier"": ""fence"", ""landuse"": ""industrial"", ""name"": ""Subestação de Tração de Vila Fria"", ""operator"": ""Infraestruturas de Portugal"", ""operator:short"": ""IP"", ""operator:wikidata"": ""Q20730106"", ""operator:wikipedia"": ""pt:Infraestruturas de Portugal"", ""power"": ""substation"", ""ref_name"": ""Vila Fria (RFN)"", ""substation"": ""traction"", ""voltage"": ""150000;25000""}"
OSM:way:964625644,OpenStreetMap,DIRECT_OSM,substation,Subestação de Ribeira de Pena,de ribeira de pena,SRBP,400,-7.811921376923077,41.55027871538462,"{""barrier"": ""fence"", ""landuse"": ""industrial"", ""location"": ""outdoor"", ""name"": ""Subestação de Ribeira de Pena"", ""operator"": ""REN"", ""operator:wikidata"": ""Q1862842"", ""power"": ""substation"", ""ref"": ""SRBP"", ""ref_name"": ""Ribeira de Pena"", ""start_date"": ""2021"", ""substation"": ""switching"", ""voltage"": ""400000""}"
OSM:way:987944916,OpenStreetMap,DIRECT_OSM,substation,Subestação do Divor,do divor,SDVR,400,-7.919936746153846,38.63319073076923,"{""barrier"": ""fence"", ""landuse"": ""industrial"", ""name"": ""Subestação do Divor"", ""operator"": ""REN"", ""operator:wikidata"": ""Q1862842"", ""power"": ""substation"", ""ref"": ""SDVR"", ""ref_name"": ""Divor"", ""start_date"": ""2021"", ""substation"": ""transmission"", ""voltage"": ""400000;60000""}"
OSM:way:988035260,OpenStreetMap,DIRECT_OSM,substation,Subestação de Pegões,de pegoes,SPGO,400,-8.606621123076923,38.6484944,"{""alt_name"": ""Posto de Corte de Pegões"", ""barrier"": ""fence"", ""name"": ""Subestação de Pegões"", ""operator"": ""REN"", ""operator:wikidata"": ""Q1862842"", ""power"": ""substation"", ""ref"": ""SPGO"", ""ref_name"": ""Pegões"", ""start_date"": ""2021"", ""substation"": ""switching"", ""voltage"": ""400000""}"
OSM:way:1037884633,OpenStreetMap,DIRECT_OSM,substation,Posto de Corte de Viana do Castelo,de viana do castelo,PCVNC,150,-8.847193075,41.686762425,"{""barrier"": ""fence"", ""name"": ""Posto de Corte de Viana do Castelo"", ""operator"": ""REN"", ""operator:wikidata"": ""Q1862842"", ""power"": ""substation"", ""ref"": ""PCVNC"", ""ref_name"": ""Viana do Castelo"", ""start_date"": ""2021"", ""substation"": ""switching"", ""voltage"": ""150000""}"
OSM:way:1041283619,OpenStreetMap,DIRECT_OSM,substation,Subestação do Carregado,do carregado,SCG,220,-8.957794808333334,39.012890991666666,"{""barrier"": ""fence"", ""frequency"": ""50"", ""landuse"": ""industrial"", ""location"": ""outdoor"", ""name"": ""Subestação do Carregado"", ""operator"": ""REN"", ""operator:wikidata"": ""Q1862842"", ""power"": ""substation"", ""ref"": ""SCG"", ""ref_name"": ""Carregado"", ""start_date"": ""1967"", ""substation"": ""transmission"", ""voltage"": ""220000;60000""}"
OSM:way:1054310285,OpenStreetMap,DIRECT_OSM,substation,Subestação do Fundão,do fundao,SFDA,220,-7.455630426086957,40.176799217391306,"{""barrier"": ""fence"", ""landuse"": ""industrial"", ""location"": ""outdoor"", ""name"": ""Subestação do Fundão"", ""operator"": ""REN"", ""operator:wikidata"": ""Q1862842"", ""power"": ""substation"", ""ref"": ""SFDA"", ""ref_name"": ""Fundão"", ""start_date"": ""2021"", ""substation"": ""transmission"", ""voltage"": ""400000;220000""}"
OSM:way:1054310285,OpenStreetMap,DIRECT_OSM,substation,Subestação do Fundão,do fundao,SFDA,400,-7.455630426086957,40.176799217391306,"{""barrier"": ""fence"", ""landuse"": ""industrial"", ""location"": ""outdoor"", ""name"": ""Subestação do Fundão"", ""operator"": ""REN"", ""operator:wikidata"": ""Q1862842"", ""power"": ""substation"", ""ref"": ""SFDA"", ""ref_name"": ""Fundão"", ""start_date"": ""2021"", ""substation"": ""transmission"", ""voltage"": ""400000;220000""}"
OSM:way:1089441083,OpenStreetMap,DIRECT_OSM,substation,Subestação de Ermesinde,de ermesinde,SED,220,-8.554553464864865,41.203855186486486,"{""alt_name"": ""Complexo de Ermesinde"", ""frequency"": ""50"", ""location"": ""outdoor"", ""name"": ""Subestação de Ermesinde"", ""operator"": ""REN"", ""operator:wikidata"": ""Q1862842"", ""power"": ""substation"", ""ref"": ""SED"", ""ref_name"": ""Ermesinde"", ""source"": ""Bing"", ""start_date"": ""1951"", ""substation"": ""transmission"", ""voltage"": ""220000;60000""}"
OSM:way:1123377073,OpenStreetMap,DIRECT_OSM,substation,Posto de Corte de Daivões,de daivoes,,400,-7.8616041333333335,41.523462188888885,"{""barrier"": ""fence"", ""landuse"": ""industrial"", ""name"": ""Posto de Corte de Daivões"", ""operator"": ""Iberdrola"", ""operator:wikidata"": ""Q1437502"", ""power"": ""substation"", ""substation"": ""switching"", ""voltage"": ""400000""}"
OSM:way:1154057619,OpenStreetMap,DIRECT_OSM,substation,Subestação da Central Fotovoltaica do Viçoso,da central fotovoltaica do vicoso,,150,-7.66603964117647,37.44749972941176,"{""barrier"": ""fence"", ""name"": ""Subestação da Central Fotovoltaica do Viçoso"", ""operator"": ""Galp"", ""power"": ""substation"", ""ref_name"": ""Viçoso"", ""substation"": ""generation"", ""voltage"": ""150000""}"
OSM:way:1165313067,OpenStreetMap,DIRECT_OSM,substation,Subestação Repsol,repsol,,150,-8.814958588888889,37.98220065555555,"{""barrier"": ""fence"", ""landuse"": ""industrial"", ""name"": ""Subestação Repsol"", ""operator"": ""Repsol"", ""power"": ""substation"", ""ref:PT:apa:aia"": ""3569"", ""substation"": ""industrial"", ""voltage"": ""150000;30000""}"
OSM:way:1202440398,OpenStreetMap,DIRECT_OSM,substation,Subestação de Sete Rios,de sete rios,SSS,220,-9.170236725,38.739053775,"{""frequency"": ""50"", ""location"": ""indoor"", ""name"": ""Subestação de Sete Rios"", ""operator"": ""REN"", ""operator:wikidata"": ""Q1862842"", ""power"": ""substation"", ""ref"": ""SSS"", ""ref_name"": ""Sete Rios"", ""start_date"": ""1999"", ""substation"": ""transmission"", ""voltage"": ""220000;60000""}"
OSM:way:1202443036,OpenStreetMap,DIRECT_OSM,substation,Subestação do Zambujal,do zambujal,SZBJ,220,-9.212314341176471,38.72059664117647,"{""barrier"": ""fence"", ""landuse"": ""industrial"", ""name"": ""Subestação do Zambujal"", ""operator"": ""REN"", ""operator:wikidata"": ""Q1862842"", ""power"": ""substation"", ""ref"": ""SZBJ"", ""ref_name"": ""Zambujal"", ""start_date"": ""2011"", ""substation"": ""transmission"", ""voltage"": ""220000;60000""}"
OSM:way:1227667765,OpenStreetMap,DIRECT_OSM,substation,Subestação de Évora,de evora,SER,150,-7.8822882624999995,38.555131625,"{""barrier"": ""fence"", ""frequency"": ""50"", ""landuse"": ""industrial"", ""location"": ""outdoor"", ""name"": ""Subestação de Évora"", ""operator"": ""REN"", ""operator:wikidata"": ""Q1862842"", ""power"": ""substation"", ""ref"": ""SER"", ""ref_name"": ""Évora"", ""source"": ""Bing"", ""start_date"": ""1986"", ""substation"": ""transmission"", ""voltage"": ""150000;60000""}"
OSM:way:1228190772,OpenStreetMap,DIRECT_OSM,substation,Subestação de Pombal,de pombal,SPB,220,-8.6348287,39.919422000000004,"{""barrier"": ""fence"", ""landuse"": ""industrial"", ""location"": ""outdoor"", ""name"": ""Subestação de Pombal"", ""operator"": ""REN"", ""operator:wikidata"": ""Q1862842"", ""power"": ""substation"", ""ref"": ""SPB"", ""ref_name"": ""Pombal"", ""start_date"": ""1983"", ""substation"": ""transmission"", ""voltage"": ""220000;60000""}"
OSM:way:1228547593,OpenStreetMap,DIRECT_OSM,substation,Subestação de Tração de Irivo,de tracao de irivo,,220,-8.338043016666667,41.1896605,"{""barrier"": ""fence"", ""fence_type"": ""chain_link"", ""frequency"": ""50"", ""landuse"": ""industrial"", ""location"": ""outdoor"", ""name"": ""Subestação de Tração de Irivo"", ""operator"": ""Infraestruturas de Portugal"", ""operator:short"": ""IP"", ""operator:wikidata"": ""Q20730106"", ""operator:wikipedia"": ""pt:Infraestruturas de Portugal"", ""power"": ""substation"", ""substation"": ""traction"", ""voltage"": ""220000;25000""}"
OSM:way:1228550798,OpenStreetMap,DIRECT_OSM,substation,Posto de Corte do Monte da Pedra,do monte da pedra,PCMP,150,-8.5985733,38.419397555555555,"{""barrier"": ""fence"", ""frequency"": ""50"", ""landuse"": ""industrial"", ""location"": ""outdoor"", ""name"": ""Posto de Corte do Monte da Pedra"", ""operator"": ""REN"", ""operator:wikidata"": ""Q1862842"", ""power"": ""substation"", ""ref"": ""PCMP"", ""ref_name"": ""Monte da Pedra"", ""start_date"": ""2002"", ""substation"": ""switching"", ""voltage"": ""150000""}"
OSM:way:1228551272,OpenStreetMap,DIRECT_OSM,substation,Posto de Corte de Ermidas-Sado,de ermidas sado,PCES,150,-8.41282673076923,38.01692833846154,"{""frequency"": ""50"", ""landuse"": ""industrial"", ""location"": ""outdoor"", ""name"": ""Posto de Corte de Ermidas-Sado"", ""operator"": ""REN"", ""operator:wikidata"": ""Q1862842"", ""power"": ""substation"", ""ref"": ""PCES"", ""ref_name"": ""Ermidas Sado"", ""start_date"": ""2002"", ""substation"": ""switching"", ""voltage"": ""150000""}"
OSM:way:1229788829,OpenStreetMap,DIRECT_OSM,substation,Subestação do Lindoso,do lindoso,1606S6011800,130,-8.270253108333334,41.8592148,"{""location"": ""outdoor"", ""name"": ""Subestação do Lindoso"", ""operator"": ""E-REDES"", ""operator:wikidata"": ""Q111843687"", ""operator:wikipedia"": ""pt:Energias de Portugal"", ""power"": ""substation"", ""ref"": ""1606S6011800"", ""ref_name"": ""Lindoso"", ""substation"": ""distribution"", ""voltage"": ""130000;60000""}"
OSM:way:1251989051,OpenStreetMap,DIRECT_OSM,substation,Subestação da Central de Cogeração de Sines,da central de cogeracao de sines,,150,-8.805906618181819,37.95855646363636,"{""barrier"": ""fence"", ""landuse"": ""industrial"", ""name"": ""Subestação da Central de Cogeração de Sines"", ""operator"": ""Galp"", ""power"": ""substation"", ""substation"": ""generation"", ""voltage"": ""150000""}"
OSM:way:1256744849,OpenStreetMap,DIRECT_OSM,substation,Subestação da Central Hidroelétrica de Alqueva 1,da central hidroeletrica de alqueva 1,,400,-7.496408963157895,38.197127989473685,"{""name"": ""Subestação da Central Hidroelétrica de Alqueva 1"", ""operator"": ""Energias de Portugal"", ""operator:short"": ""EDP"", ""operator:wikidata"": ""Q1341222"", ""power"": ""substation"", ""substation"": ""generation"", ""voltage"": ""400000""}"
OSM:way:1257622756,OpenStreetMap,DIRECT_OSM,substation,Subestação da Senhora da Póvoa,da senhora da povoa,,220,-7.220414733333333,40.23982113333333,"{""barrier"": ""fence"", ""name"": ""Subestação da Senhora da Póvoa"", ""operator"": ""Finerge"", ""power"": ""substation"", ""ref_name"": ""Sra. da Póvoa"", ""substation"": ""transmission"", ""voltage"": ""220000;60000""}"
OSM:way:1258290321,OpenStreetMap,DIRECT_OSM,substation,Subestação da Central Hidroelétrica do Carrapatelo,da central hidroeletrica do carrapatelo,,220,-8.13059362,41.0848201,"{""layer"": ""1"", ""location"": ""roof"", ""name"": ""Subestação da Central Hidroelétrica do Carrapatelo"", ""operator"": ""Energias de Portugal"", ""operator:short"": ""EDP"", ""operator:wikidata"": ""Q1341222"", ""power"": ""substation"", ""ref_name"": ""Central do Carrapatelo"", ""substation"": ""generation"", ""voltage"": ""220000""}"
OSM:way:1258290323,OpenStreetMap,DIRECT_OSM,substation,Subestação da Central Hidroelétrica de Foz Tua,da central hidroeletrica de foz tua,,400,-7.4268856,41.21577004,"{""name"": ""Subestação da Central Hidroelétrica de Foz Tua"", ""operator"": ""Movhera"", ""power"": ""substation"", ""ref:PT:apa:aia"": ""1916"", ""ref_name"": ""Foz Tua"", ""substation"": ""generation"", ""voltage"": ""400000""}"
OSM:way:1258306512,OpenStreetMap,DIRECT_OSM,substation,Subestação da Central Hidroelétrica de Castelo de Bode,da central hidroeletrica de castelo de bode,,220,-8.3193184,39.5426568125,"{""name"": ""Subestação da Central Hidroelétrica de Castelo de Bode"", ""operator:short"": ""EDP"", ""operator:wikidata"": ""Q1341222"", ""power"": ""substation"", ""ref_name"": ""Castelo de Bode"", ""substation"": ""generation"", ""voltage"": ""220000""}"
OSM:way:1258323290,OpenStreetMap,DIRECT_OSM,substation,Subestação da Central Hidroelétrica de Vila Nova I,da central hidroeletrica de vila nova i,,150,-8.007169766666667,41.70197543333333,"{""level"": ""2"", ""location"": ""roof"", ""name"": ""Subestação da Central Hidroelétrica de Vila Nova I"", ""operator"": ""Energias de Portugal"", ""operator:short"": ""EDP"", ""operator:wikidata"": ""Q1341222"", ""power"": ""substation"", ""ref_name"": ""Vila Nova"", ""substation"": ""generation"", ""voltage"": ""150000""}"
OSM:way:1259166797,OpenStreetMap,DIRECT_OSM,substation,Subestação da Central Hidroelétrica de Daivões,da central hidroeletrica de daivoes,,400,-7.865589254545455,41.52380816363637,"{""name"": ""Subestação da Central Hidroelétrica de Daivões"", ""operator"": ""Iberdrola"", ""operator:wikidata"": ""Q1437502"", ""operator:wikipedia"": ""en:Iberdrola"", ""power"": ""substation"", ""ref:PT:apa:aia"": ""2148"", ""ref_name"": ""CH Daivões"", ""substation"": ""generation"", ""voltage"": ""400000""}"
OSM:way:1298167959,OpenStreetMap,DIRECT_OSM,substation,Subestação de Vila Nova da Rainha,de vila nova da rainha,,400,-8.9278507375,39.045544774999996,"{""barrier"": ""fence"", ""name"": ""Subestação de Vila Nova da Rainha"", ""operator"": ""EDP Renováveis"", ""operator:en"": ""EDP Renewables"", ""operator:pt"": ""EDP Renováveis"", ""operator:short"": ""EDPR"", ""operator:wikidata"": ""Q1274362"", ""power"": ""substation"", ""substation"": ""transmission"", ""voltage"": ""400000;60000""}"
OSM:way:1320046267,OpenStreetMap,DIRECT_OSM,substation,Subestação do Parque Solar ESCALABIS,do parque solar escalabis,,220,-8.798454487499999,39.2050991125,"{""name"": ""Subestação do Parque Solar ESCALABIS"", ""operator"": ""Escalabis Solar"", ""operator:official_name"": ""Escalabis Solar, S. A."", ""power"": ""substation"", ""substation"": ""generation"", ""voltage"": ""220000""}"
OSM:way:1320416427,OpenStreetMap,DIRECT_OSM,substation,Subestação da Central Solar Fotovoltaica do Fundão,da central solar fotovoltaica do fundao,,220,-7.45274568,40.181731119999995,"{""name"": ""Subestação da Central Solar Fotovoltaica do Fundão"", ""operator"": ""Days of Luck, Unipessoal Lda."", ""power"": ""substation"", ""substation"": ""generation"", ""voltage"": ""220000;30000""}"
OSM:way:1322975653,OpenStreetMap,DIRECT_OSM,substation,Subestação de Panóias,de panoias,SPNA,400,-8.34692961875,37.76020051875,"{""barrier"": ""fence"", ""frequency"": ""50"", ""landuse"": ""industrial"", ""location"": ""outdoor"", ""name"": ""Subestação de Panóias"", ""operator"": ""REN"", ""operator:wikidata"": ""Q1862842"", ""power"": ""substation"", ""ref"": ""SPNA"", ""ref_name"": ""Panóias"", ""start_date"": ""2024-12"", ""substation"": ""switching"", ""voltage"": ""400000""}"
OSM:way:1323460918,OpenStreetMap,DIRECT_OSM,substation,Subestação de Nave da Mata,de nave da mata,,220,-7.266710283333333,40.13268261666666,"{""alt_name"": ""Subestação Coletora da Pentagab"", ""barrier"": ""fence"", ""landuse"": ""industrial"", ""location"": ""outdoor"", ""name"": ""Subestação de Nave da Mata"", ""operator"": ""Pentagab"", ""power"": ""substation"", ""substation"": ""transmission"", ""voltage"": ""220000""}"
OSM:way:1331154119,OpenStreetMap,DIRECT_OSM,substation,Subestação da Central Fotovoltaica de Rio Maior,da central fotovoltaica de rio maior,,400,-8.9378137875,39.18318,"{""alt_name"": ""Subestação da Central Fotovoltaica de Torre Bela"", ""barrier"": ""fence"", ""name"": ""Subestação da Central Fotovoltaica de Rio Maior"", ""operator"": ""Neoen"", ""power"": ""substation"", ""ref_name"": ""Torre Bela"", ""substation"": ""generation"", ""voltage"": ""400000""}"
OSM:way:1338738672,OpenStreetMap,DIRECT_OSM,substation,Subestação de Chaves,de chaves,,150,-7.476719966666666,41.71467786190476,"{""contact:phone"": ""+351 800 207 470"", ""name"": ""Subestação de Chaves"", ""operator"": ""REN"", ""operator:wikidata"": ""Q1862842"", ""power"": ""substation"", ""substation"": ""transmission"", ""voltage"": ""150000;60000""}"
OSM:way:1412788616,OpenStreetMap,DIRECT_OSM,substation,Subestação da Central Solar Fotovoltaica do Carregado,da central solar fotovoltaica do carregado,,220,-8.967865666666667,39.125445299999996,"{""barrier"": ""fence"", ""landuse"": ""industrial"", ""name"": ""Subestação da Central Solar Fotovoltaica do Carregado"", ""operator"": ""Iberdrola"", ""operator:wikidata"": ""Q1437502"", ""power"": ""substation"", ""ref_name"": ""CF Carregado"", ""substation"": ""generation"", ""voltage"": ""220000""}"
OSM:way:1421833203,OpenStreetMap,DIRECT_OSM,substation,Subestação da Central Hidroelétrica do Alto Tâmega,da central hidroeletrica do alto tamega,,400,-7.73121836,41.5737958,"{""name"": ""Subestação da Central Hidroelétrica do Alto Tâmega"", ""operator"": ""Iberdrola"", ""operator:wikidata"": ""Q1437502"", ""power"": ""substation"", ""substation"": ""generation"", ""voltage"": ""400000""}"
OSM:way:1422828550,OpenStreetMap,DIRECT_OSM,substation,Subestação da Central Hidroelétrica do Torrão,da central hidroeletrica do torrao,,220,-8.26278495,41.0963732875,"{""location"": ""outdoor"", ""name"": ""Subestação da Central Hidroelétrica do Torrão"", ""operator"": ""Energias de Portugal"", ""operator:short"": ""EDP"", ""operator:wikidata"": ""Q1341222"", ""power"": ""substation"", ""substation"": ""generation"", ""voltage"": ""10000;220000""}"
OSM:way:1427738452,OpenStreetMap,DIRECT_OSM,substation,Subestação da Central Hidroelétrica da Caniçada,da central hidroeletrica da canicada,,150,-8.2338583,41.653712260000006,"{""barrier"": ""fence"", ""name"": ""Subestação da Central Hidroelétrica da Caniçada"", ""operator"": ""Energias de Portugal"", ""operator:short"": ""EDP"", ""operator:wikidata"": ""Q1341222"", ""power"": ""substation"", ""substation"": ""generation"", ""voltage"": ""150000;10000""}"
OSM:way:1435159155,OpenStreetMap,DIRECT_OSM,substation,Subestación de la Central Hidroeléctrica de Castro I,subestacion de la central hidroelectrica de castro i,,220,-6.189126166666667,41.57550368333333,"{""location"": ""overground"", ""name"": ""Subestación de la Central Hidroeléctrica de Castro I"", ""name:pt"": ""Subestação da Central Hidroelétrica de Castro I"", ""power"": ""substation"", ""substation"": ""generation"", ""voltage"": ""220000""}"
OSM:way:1435159156,OpenStreetMap,DIRECT_OSM,substation,Subestación de la Central Hidroeléctrica de Castro II,subestacion de la central hidroelectrica de castro ii,,220,-6.189501233333334,41.57409717777778,"{""name"": ""Subestación de la Central Hidroeléctrica de Castro II"", ""name:pt"": ""Subestação da Central Hidroelétrica de Castro II"", ""power"": ""substation"", ""substation"": ""generation"", ""voltage"": ""220000""}"
OSM:way:1462950857,OpenStreetMap,DIRECT_OSM,substation,Subestação de Ponte de Lima,de ponte de lima,,150,-8.593820326666666,41.67812711333333,"{""fixme"": ""Adicionar linhas elétricas novas com recurso a imagens aéreas mais recentes."", ""landuse"": ""industrial"", ""name"": ""Subestação de Ponte de Lima"", ""operator"": ""REN"", ""operator:wikidata"": ""Q1862842"", ""power"": ""substation"", ""ref_name"": ""Ponte de Lima"", ""start_date"": ""2025-11"", ""substation"": ""transmission"", ""voltage"": ""400000;150000""}"
OSM:way:1462950857,OpenStreetMap,DIRECT_OSM,substation,Subestação de Ponte de Lima,de ponte de lima,,400,-8.593820326666666,41.67812711333333,"{""fixme"": ""Adicionar linhas elétricas novas com recurso a imagens aéreas mais recentes."", ""landuse"": ""industrial"", ""name"": ""Subestação de Ponte de Lima"", ""operator"": ""REN"", ""operator:wikidata"": ""Q1862842"", ""power"": ""substation"", ""ref_name"": ""Ponte de Lima"", ""start_date"": ""2025-11"", ""substation"": ""transmission"", ""voltage"": ""400000;150000""}"
OSM:way:1466977551,OpenStreetMap,DIRECT_OSM,substation,Subestação Albispark,albispark,,150,-7.559331275,39.8270978,"{""barrier"": ""fence"", ""landuse"": ""industrial"", ""name"": ""Subestação Albispark"", ""power"": ""substation"", ""substation"": ""generation"", ""voltage"": ""150000;30000""}"
OSM:way:1493646686,OpenStreetMap,DIRECT_OSM,substation,SE Saucelle II,saucelle ii,,400,-6.803505928571428,41.034700942857135,"{""name"": ""SE Saucelle II"", ""operator"": ""Iberdrola"", ""operator:wikidata"": ""Q1437502"", ""power"": ""substation"", ""substation"": ""transmission"", ""voltage"": ""400000;45000""}"
OSM:way:1495613543,OpenStreetMap,DIRECT_OSM,substation,,,,150,-9.17664228,38.61730534,"{""barrier"": ""fence"", ""landuse"": ""industrial"", ""operator"": ""REN"", ""operator:wikidata"": ""Q1862842"", ""power"": ""substation"", ""substation"": ""transition"", ""voltage"": ""150000""}"
OSM:way:1495613548,OpenStreetMap,DIRECT_OSM,substation,,,,150,-9.22401262,38.65578278,"{""barrier"": ""fence"", ""landuse"": ""industrial"", ""operator"": ""REN"", ""operator:wikidata"": ""Q1862842"", ""power"": ""substation"", ""substation"": ""transition"", ""voltage"": ""150000""}"
OSM:way:1497096638,OpenStreetMap,DIRECT_OSM,substation,Subestação da Central Solar Fotovoltaica Douro Solar,da central solar fotovoltaica douro solar,,220,-7.67713606,41.03469898,"{""alt_name"": ""Subestação Elevatória da Central Solar Fotovoltaica Douro Solar"", ""barrier"": ""fence"", ""name"": ""Subestação da Central Solar Fotovoltaica Douro Solar"", ""operator"": ""Sonnedix"", ""power"": ""substation"", ""ref_name"": ""Douro Solar"", ""substation"": ""generation"", ""voltage"": ""220000""}"
OSM:way:1499389789,OpenStreetMap,DIRECT_OSM,substation,Subestación de la Central Hidroeléctrica de Cedillo,subestacion de la central hidroelectrica de cedillo,,400,-7.539837744186047,39.66385114418605,"{""name"": ""Subestación de la Central Hidroeléctrica de Cedillo"", ""power"": ""substation"", ""substation"": ""generation"", ""voltage"": ""400000;15000""}"
