transformer_id,hv_bus,lv_bus,hv_kv,lv_kv,sn_mva,vk_percent,vkr_percent,pfe_kw,i0_percent,shift_degree,tap_side,tap_neutral,tap_min,tap_max,tap_step_percent,tap_pos,source_status,source_id,evidence,match_distance_m,parameter_status,pre_calibration_sn_mva,capacity_calibration_factor
TRAFO:00000,BUS:OSM:way:116944631:220,BUS:JUNCTION:60:01220,220,60,120.0,12.0,0.4,0.0,0.0,0.0,hv,0,-8,8,1.25,0,DIRECT_OSM_TRANSFORMER_TAG,OSM:node:1320279099,"{""frequency"": ""50"", ""operator"": ""REN"", ""operator:wikidata"": ""Q1862842"", ""power"": ""transformer"", ""rating"": ""120 MVA"", ""transformer"": ""main"", ""voltage:primary"": ""220000"", ""voltage:secondary"": ""60000""}",63.550035390600854,OSM_NAMEPLATE_MVA_WITH_PROXY_IMPEDANCE+REN_VOLTAGE_PAIR_AGGREGATE_CALIBRATION,120.0,1.0
TRAFO:00001,BUS:OSM:way:131715746:220,BUS:JUNCTION:60:00091,220,60,126.0,12.0,0.4,0.0,0.0,0.0,hv,0,-8,8,1.25,0,DIRECT_OSM_TRANSFORMER_TAG,OSM:node:3430128046,"{""frequency"": ""50"", ""operator"": ""REN"", ""operator:wikidata"": ""Q1862842"", ""power"": ""transformer"", ""rating"": ""126 MVA"", ""transformer"": ""main"", ""voltage:primary"": ""220000"", ""voltage:secondary"": ""60000""}",399.78111042886974,OSM_NAMEPLATE_MVA_WITH_PROXY_IMPEDANCE+REN_VOLTAGE_PAIR_AGGREGATE_CALIBRATION,126.0,1.0
TRAFO:00002,BUS:OSM:way:131715746:400,BUS:OSM:way:131715746:220,400,220,476.47058823529414,12.0,0.3,0.0,0.0,0.0,hv,0,-8,8,1.25,0,DIRECT_OSM_TRANSFORMER_TAG,OSM:node:3430128063,"{""devices"": ""3"", ""frequency"": ""50"", ""operator"": ""REN"", ""operator:wikidata"": ""Q1862842"", ""phases"": ""1"", ""power"": ""transformer"", ""rating"": ""450 MVA"", ""transformer"": ""main"", ""voltage:primary"": ""400000"", ""voltage:secondary"": ""220000"", ""windings:auto"": ""yes""}",262.5235219485305,OSM_NAMEPLATE_MVA_WITH_PROXY_IMPEDANCE+REN_VOLTAGE_PAIR_AGGREGATE_CALIBRATION,450.0,1.0588235294117647
TRAFO:00003,BUS:OSM:way:131715746:400,BUS:OSM:way:131715746:220,400,220,476.47058823529414,12.0,0.3,0.0,0.0,0.0,hv,0,-8,8,1.25,0,DIRECT_OSM_TRANSFORMER_TAG,OSM:node:3430128066,"{""devices"": ""3"", ""frequency"": ""50"", ""operator"": ""REN"", ""operator:wikidata"": ""Q1862842"", ""phases"": ""1"", ""power"": ""transformer"", ""rating"": ""450 MVA"", ""transformer"": ""main"", ""voltage:primary"": ""400000"", ""voltage:secondary"": ""220000"", ""windings:auto"": ""yes""}",65.23481076784329,OSM_NAMEPLATE_MVA_WITH_PROXY_IMPEDANCE+REN_VOLTAGE_PAIR_AGGREGATE_CALIBRATION,450.0,1.0588235294117647
TRAFO:00004,BUS:OSM:way:131715746:220,BUS:JUNCTION:60:00091,220,60,126.0,12.0,0.4,0.0,0.0,0.0,hv,0,-8,8,1.25,0,DIRECT_OSM_TRANSFORMER_TAG,OSM:node:3430128070,"{""frequency"": ""50"", ""operator"": ""REN"", ""operator:wikidata"": ""Q1862842"", ""power"": ""transformer"", ""rating"": ""126 MVA"", ""transformer"": ""main"", ""voltage:primary"": ""220000"", ""voltage:secondary"": ""60000""}",356.26249889592157,OSM_NAMEPLATE_MVA_WITH_PROXY_IMPEDANCE+REN_VOLTAGE_PAIR_AGGREGATE_CALIBRATION,126.0,1.0
TRAFO:00005,BUS:OSM:way:132865612:400,BUS:JUNCTION:60:01977,400,60,170.0,12.0,0.35,0.0,0.0,0.0,hv,0,-8,8,1.25,0,DIRECT_OSM_TRANSFORMER_TAG,OSM:node:3452186571,"{""frequency"": ""50"", ""location"": ""outdoor"", ""operator"": ""REN"", ""operator:wikidata"": ""Q1862842"", ""power"": ""transformer"", ""rating"": ""170 MVA"", ""transformer"": ""main"", ""voltage:primary"": ""400000"", ""voltage:secondary"": ""60000""}",242.54419001023143,OSM_NAMEPLATE_MVA_WITH_PROXY_IMPEDANCE+REN_VOLTAGE_PAIR_AGGREGATE_CALIBRATION,170.0,1.0
TRAFO:00006,BUS:OSM:way:132865612:400,BUS:JUNCTION:60:01977,400,60,170.0,12.0,0.35,0.0,0.0,0.0,hv,0,-8,8,1.25,0,DIRECT_OSM_TRANSFORMER_TAG,OSM:node:3452186590,"{""frequency"": ""50"", ""location"": ""outdoor"", ""operator"": ""REN"", ""operator:wikidata"": ""Q1862842"", ""power"": ""transformer"", ""rating"": ""170 MVA"", ""transformer"": ""main"", ""voltage:primary"": ""400000"", ""voltage:secondary"": ""60000""}",277.31064952200137,OSM_NAMEPLATE_MVA_WITH_PROXY_IMPEDANCE+REN_VOLTAGE_PAIR_AGGREGATE_CALIBRATION,170.0,1.0
TRAFO:00007,BUS:OSM:way:132865612:400,BUS:OSM:way:132865612:150,400,150,360.0,12.0,0.3,0.0,0.0,0.0,hv,0,-8,8,1.25,0,DIRECT_OSM_TRANSFORMER_TAG,OSM:node:3452187778,"{""frequency"": ""50"", ""location"": ""outdoor"", ""operator"": ""REN"", ""operator:wikidata"": ""Q1862842"", ""power"": ""transformer"", ""rating"": ""360 MVA"", ""transformer"": ""main"", ""voltage:primary"": ""400000"", ""voltage:secondary"": ""150000"", ""windings:auto"": ""yes""}",115.52565223928855,OSM_NAMEPLATE_MVA_WITH_PROXY_IMPEDANCE+REN_VOLTAGE_PAIR_AGGREGATE_CALIBRATION,360.0,1.0
TRAFO:00008,BUS:OSM:way:132865612:400,BUS:OSM:way:132865612:150,400,150,360.0,12.0,0.3,0.0,0.0,0.0,hv,0,-8,8,1.25,0,DIRECT_OSM_TRANSFORMER_TAG,OSM:node:3452188053,"{""frequency"": ""50"", ""location"": ""outdoor"", ""operator"": ""REN"", ""operator:wikidata"": ""Q1862842"", ""power"": ""transformer"", ""rating"": ""360 MVA"", ""transformer"": ""main"", ""voltage:primary"": ""400000"", ""voltage:secondary"": ""150000"", ""windings:auto"": ""yes""}",68.97529125451732,OSM_NAMEPLATE_MVA_WITH_PROXY_IMPEDANCE+REN_VOLTAGE_PAIR_AGGREGATE_CALIBRATION,360.0,1.0
TRAFO:00009,BUS:OSM:way:144711815:150,BUS:EREDES:0813S5062400:60,150,60,170.0,12.0,0.45,0.0,0.0,0.0,hv,0,-8,8,1.25,0,DIRECT_OSM_TRANSFORMER_TAG,OSM:node:3459220884,"{""frequency"": ""50"", ""operator"": ""REN"", ""operator:wikidata"": ""Q1862842"", ""power"": ""transformer"", ""transformer"": ""main"", ""voltage:primary"": ""150000"", ""voltage:secondary"": ""60000""}",92.11107468753828,VOLTAGE_PAIR_PROXY+REN_VOLTAGE_PAIR_AGGREGATE_CALIBRATION,170.0,1.0
TRAFO:00010,BUS:OSM:way:201459319:150,BUS:JUNCTION:60:02584,150,60,126.0,12.0,0.45,0.0,0.0,0.0,hv,0,-8,8,1.25,0,DIRECT_OSM_TRANSFORMER_TAG,OSM:node:3459221199,"{""frequency"": ""50"", ""operator"": ""REN"", ""operator:wikidata"": ""Q1862842"", ""power"": ""transformer"", ""rating"": ""126 MVA"", ""transformer"": ""main"", ""voltage:primary"": ""150000"", ""voltage:secondary"": ""60000""}",54.068730295475476,OSM_NAMEPLATE_MVA_WITH_PROXY_IMPEDANCE+REN_VOLTAGE_PAIR_AGGREGATE_CALIBRATION,126.0,1.0
TRAFO:00011,BUS:OSM:way:201459319:400,BUS:OSM:way:201459319:150,400,150,450.0,12.0,0.3,0.0,0.0,0.0,hv,0,-8,8,1.25,0,DIRECT_OSM_TRANSFORMER_TAG,OSM:node:3459221249,"{""frequency"": ""50"", ""operator"": ""REN"", ""operator:wikidata"": ""Q1862842"", ""power"": ""transformer"", ""rating"": ""450 MVA"", ""transformer"": ""main"", ""voltage:primary"": ""400000"", ""voltage:secondary"": ""150000"", ""windings:auto"": ""yes""}",25.51205095559694,OSM_NAMEPLATE_MVA_WITH_PROXY_IMPEDANCE+REN_VOLTAGE_PAIR_AGGREGATE_CALIBRATION,450.0,1.0
TRAFO:00012,BUS:OSM:way:144711815:150,BUS:EREDES:0813S5062400:60,150,60,170.0,12.0,0.45,0.0,0.0,0.0,hv,0,-8,8,1.25,0,DIRECT_OSM_TRANSFORMER_TAG,OSM:node:3459221251,"{""frequency"": ""50"", ""operator"": ""REN"", ""operator:wikidata"": ""Q1862842"", ""power"": ""transformer"", ""transformer"": ""main"", ""voltage:primary"": ""150000"", ""voltage:secondary"": ""60000""}",71.85853718319375,VOLTAGE_PAIR_PROXY+REN_VOLTAGE_PAIR_AGGREGATE_CALIBRATION,170.0,1.0
TRAFO:00013,BUS:OSM:way:144711815:150,BUS:EREDES:0813S5062400:60,150,60,170.0,12.0,0.45,0.0,0.0,0.0,hv,0,-8,8,1.25,0,DIRECT_OSM_TRANSFORMER_TAG,OSM:node:3459221252,"{""frequency"": ""50"", ""operator"": ""REN"", ""operator:wikidata"": ""Q1862842"", ""power"": ""transformer"", ""transformer"": ""main"", ""voltage:primary"": ""150000"", ""voltage:secondary"": ""60000""}",79.27681852682817,VOLTAGE_PAIR_PROXY+REN_VOLTAGE_PAIR_AGGREGATE_CALIBRATION,170.0,1.0
TRAFO:00014,BUS:OSM:way:201459319:150,BUS:JUNCTION:60:02584,150,60,126.0,12.0,0.45,0.0,0.0,0.0,hv,0,-8,8,1.25,0,DIRECT_OSM_TRANSFORMER_TAG,OSM:node:3459221258,"{""frequency"": ""50"", ""operator"": ""REN"", ""operator:wikidata"": ""Q1862842"", ""power"": ""transformer"", ""rating"": ""126 MVA"", ""transformer"": ""main"", ""voltage:primary"": ""150000"", ""voltage:secondary"": ""60000""}",62.749992879914444,OSM_NAMEPLATE_MVA_WITH_PROXY_IMPEDANCE+REN_VOLTAGE_PAIR_AGGREGATE_CALIBRATION,126.0,1.0
TRAFO:00015,BUS:OSM:way:144622215:400,BUS:OSM:way:144622215:150,400,150,360.0,12.0,0.3,0.0,0.0,0.0,hv,0,-8,8,1.25,0,DIRECT_OSM_TRANSFORMER_TAG,OSM:node:3459280713,"{""frequency"": ""50"", ""operator"": ""REN"", ""operator:wikidata"": ""Q1862842"", ""power"": ""transformer"", ""rating"": ""360 MVA"", ""transformer"": ""main"", ""voltage:primary"": ""400000"", ""voltage:secondary"": ""150000"", ""windings:auto"": ""yes""}",172.03241945506429,OSM_NAMEPLATE_MVA_WITH_PROXY_IMPEDANCE+REN_VOLTAGE_PAIR_AGGREGATE_CALIBRATION,360.0,1.0
TRAFO:00016,BUS:OSM:way:144622215:150,BUS:JUNCTION:60:00869,150,60,126.0,12.0,0.45,0.0,0.0,0.0,hv,0,-8,8,1.25,0,DIRECT_OSM_TRANSFORMER_TAG,OSM:node:3459280736,"{""frequency"": ""50"", ""operator"": ""REN"", ""operator:wikidata"": ""Q1862842"", ""power"": ""transformer"", ""rating"": ""126 MVA"", ""transformer"": ""main"", ""voltage:primary"": ""150000"", ""voltage:secondary"": ""60000""}",148.2080711605148,OSM_NAMEPLATE_MVA_WITH_PROXY_IMPEDANCE+REN_VOLTAGE_PAIR_AGGREGATE_CALIBRATION,126.0,1.0
TRAFO:00017,BUS:OSM:way:144622215:400,BUS:OSM:way:144622215:150,400,150,360.0,12.0,0.3,0.0,0.0,0.0,hv,0,-8,8,1.25,0,DIRECT_OSM_TRANSFORMER_TAG,OSM:node:3459280738,"{""frequency"": ""50"", ""operator"": ""REN"", ""operator:wikidata"": ""Q1862842"", ""power"": ""transformer"", ""rating"": ""360 MVA"", ""transformer"": ""main"", ""voltage:primary"": ""400000"", ""voltage:secondary"": ""150000"", ""windings:auto"": ""yes""}",151.1499304845282,OSM_NAMEPLATE_MVA_WITH_PROXY_IMPEDANCE+REN_VOLTAGE_PAIR_AGGREGATE_CALIBRATION,360.0,1.0
TRAFO:00018,BUS:OSM:way:144622215:150,BUS:JUNCTION:60:00869,150,60,120.0,12.0,0.45,0.0,0.0,0.0,hv,0,-8,8,1.25,0,DIRECT_OSM_TRANSFORMER_TAG,OSM:node:3459280759,"{""frequency"": ""50"", ""operator"": ""REN"", ""operator:wikidata"": ""Q1862842"", ""power"": ""transformer"", ""rating"": ""120 MVA"", ""transformer"": ""main"", ""voltage:primary"": ""150000"", ""voltage:secondary"": ""60000""}",124.98101054240468,OSM_NAMEPLATE_MVA_WITH_PROXY_IMPEDANCE+REN_VOLTAGE_PAIR_AGGREGATE_CALIBRATION,120.0,1.0
TRAFO:00019,BUS:OSM:way:129055610:400,BUS:OSM:way:129055610:150,400,150,450.0,12.0,0.3,0.0,0.0,0.0,hv,0,-8,8,1.25,0,DIRECT_OSM_TRANSFORMER_TAG,OSM:node:4022403231,"{""devices"": ""3"", ""frequency"": ""50"", ""operator"": ""REN"", ""operator:wikidata"": ""Q1862842"", ""phases"": ""1"", ""power"": ""transformer"", ""rating"": ""450 MVA"", ""transformer"": ""main"", ""voltage:primary"": ""400000"", ""voltage:secondary"": ""150000"", ""windings:auto"": ""yes""}",178.23513561982023,OSM_NAMEPLATE_MVA_WITH_PROXY_IMPEDANCE+REN_VOLTAGE_PAIR_AGGREGATE_CALIBRATION,450.0,1.0
TRAFO:00020,BUS:OSM:way:116944631:220,BUS:JUNCTION:60:01220,220,60,126.0,12.0,0.4,0.0,0.0,0.0,hv,0,-8,8,1.25,0,DIRECT_OSM_TRANSFORMER_TAG,OSM:node:4022403267,"{""frequency"": ""50"", ""operator"": ""REN"", ""operator:wikidata"": ""Q1862842"", ""power"": ""transformer"", ""rating"": ""126 MVA"", ""transformer"": ""main"", ""voltage:primary"": ""220000"", ""voltage:secondary"": ""60000""}",63.90194643282628,OSM_NAMEPLATE_MVA_WITH_PROXY_IMPEDANCE+REN_VOLTAGE_PAIR_AGGREGATE_CALIBRATION,126.0,1.0
TRAFO:00021,BUS:OSM:way:116944631:220,BUS:JUNCTION:60:01220,220,60,120.0,12.0,0.4,0.0,0.0,0.0,hv,0,-8,8,1.25,0,DIRECT_OSM_TRANSFORMER_TAG,OSM:node:4022403268,"{""frequency"": ""50"", ""operator"": ""REN"", ""operator:wikidata"": ""Q1862842"", ""power"": ""transformer"", ""rating"": ""120 MVA"", ""transformer"": ""main"", ""voltage:primary"": ""220000"", ""voltage:secondary"": ""60000""}",92.57501306635926,OSM_NAMEPLATE_MVA_WITH_PROXY_IMPEDANCE+REN_VOLTAGE_PAIR_AGGREGATE_CALIBRATION,120.0,1.0
TRAFO:00022,BUS:OSM:way:116944631:220,BUS:JUNCTION:60:01220,220,60,120.0,12.0,0.4,0.0,0.0,0.0,hv,0,-8,8,1.25,0,DIRECT_OSM_TRANSFORMER_TAG,OSM:node:4022403272,"{""frequency"": ""50"", ""operator"": ""REN"", ""operator:wikidata"": ""Q1862842"", ""power"": ""transformer"", ""rating"": ""120 MVA"", ""transformer"": ""main"", ""voltage:primary"": ""220000"", ""voltage:secondary"": ""60000""}",122.33370774785412,OSM_NAMEPLATE_MVA_WITH_PROXY_IMPEDANCE+REN_VOLTAGE_PAIR_AGGREGATE_CALIBRATION,120.0,1.0
TRAFO:00023,BUS:OSM:way:151061928:150,BUS:JUNCTION:60:00482,150,60,170.0,12.0,0.45,0.0,0.0,0.0,hv,0,-8,8,1.25,0,DIRECT_OSM_TRANSFORMER_TAG,OSM:node:4025364880,"{""frequency"": ""50"", ""power"": ""transformer"", ""transformer"": ""main"", ""voltage:primary"": ""150000"", ""voltage:secondary"": ""60000""}",84.59227750436492,VOLTAGE_PAIR_PROXY+REN_VOLTAGE_PAIR_AGGREGATE_CALIBRATION,170.0,1.0
TRAFO:00024,BUS:OSM:way:151061928:150,BUS:JUNCTION:60:00482,150,60,170.0,12.0,0.45,0.0,0.0,0.0,hv,0,-8,8,1.25,0,DIRECT_OSM_TRANSFORMER_TAG,OSM:node:4025381390,"{""frequency"": ""50"", ""power"": ""transformer"", ""transformer"": ""main"", ""voltage:primary"": ""150000"", ""voltage:secondary"": ""60000""}",54.072401069576905,VOLTAGE_PAIR_PROXY+REN_VOLTAGE_PAIR_AGGREGATE_CALIBRATION,170.0,1.0
TRAFO:00025,BUS:OSM:way:144396420:220,BUS:JUNCTION:60:01101,220,60,170.0,12.0,0.4,0.0,0.0,0.0,hv,0,-8,8,1.25,0,DIRECT_OSM_TRANSFORMER_TAG,OSM:node:4026532753,"{""frequency"": ""50"", ""operator"": ""REN"", ""operator:wikidata"": ""Q1862842"", ""power"": ""transformer"", ""transformer"": ""main"", ""voltage:primary"": ""220000"", ""voltage:secondary"": ""60000""}",47.31691058131448,VOLTAGE_PAIR_PROXY+REN_VOLTAGE_PAIR_AGGREGATE_CALIBRATION,170.0,1.0
TRAFO:00026,BUS:OSM:way:144396420:220,BUS:JUNCTION:60:01101,220,60,170.0,12.0,0.4,0.0,0.0,0.0,hv,0,-8,8,1.25,0,DIRECT_OSM_TRANSFORMER_TAG,OSM:node:4026532756,"{""frequency"": ""50"", ""operator"": ""REN"", ""operator:wikidata"": ""Q1862842"", ""power"": ""transformer"", ""transformer"": ""main"", ""voltage:primary"": ""220000"", ""voltage:secondary"": ""60000""}",58.555745886440945,VOLTAGE_PAIR_PROXY+REN_VOLTAGE_PAIR_AGGREGATE_CALIBRATION,170.0,1.0
TRAFO:00027,BUS:OSM:way:144398555:220,BUS:JUNCTION:60:00459,220,60,120.0,12.0,0.4,0.0,0.0,0.0,hv,0,-8,8,1.25,0,DIRECT_OSM_TRANSFORMER_TAG,OSM:node:4026532895,"{""devices"": ""3"", ""frequency"": ""50"", ""operator"": ""REN"", ""operator:wikidata"": ""Q1862842"", ""phases"": ""1"", ""power"": ""transformer"", ""rating"": ""120 MVA"", ""transformer"": ""main"", ""voltage:primary"": ""220000"", ""voltage:secondary"": ""60000""}",76.3106073199743,OSM_NAMEPLATE_MVA_WITH_PROXY_IMPEDANCE+REN_VOLTAGE_PAIR_AGGREGATE_CALIBRATION,120.0,1.0
TRAFO:00028,BUS:OSM:way:144554435:400,BUS:JUNCTION:60:00475,400,60,170.0,12.0,0.35,0.0,0.0,0.0,hv,0,-8,8,1.25,0,DIRECT_OSM_TRANSFORMER_TAG,OSM:node:4047446604,"{""frequency"": ""50"", ""operator"": ""REN"", ""operator:wikidata"": ""Q1862842"", ""power"": ""transformer"", ""rating"": ""170 MVA"", ""transformer"": ""main"", ""voltage:primary"": ""400000"", ""voltage:secondary"": ""60000""}",56.38340496368121,OSM_NAMEPLATE_MVA_WITH_PROXY_IMPEDANCE+REN_VOLTAGE_PAIR_AGGREGATE_CALIBRATION,170.0,1.0
TRAFO:00029,BUS:OSM:way:144554435:400,BUS:JUNCTION:60:00475,400,60,170.0,12.0,0.35,0.0,0.0,0.0,hv,0,-8,8,1.25,0,DIRECT_OSM_TRANSFORMER_TAG,OSM:node:4047446605,"{""frequency"": ""50"", ""operator"": ""REN"", ""operator:wikidata"": ""Q1862842"", ""power"": ""transformer"", ""rating"": ""170 MVA"", ""transformer"": ""main"", ""voltage:primary"": ""400000"", ""voltage:secondary"": ""60000""}",73.41092730803376,OSM_NAMEPLATE_MVA_WITH_PROXY_IMPEDANCE+REN_VOLTAGE_PAIR_AGGREGATE_CALIBRATION,170.0,1.0
TRAFO:00030,BUS:OSM:way:144564903:400,BUS:JUNCTION:60:00055,400,60,170.0,12.0,0.35,0.0,0.0,0.0,hv,0,-8,8,1.25,0,DIRECT_OSM_TRANSFORMER_TAG,OSM:node:4048988153,"{""frequency"": ""50"", ""power"": ""transformer"", ""rating"": ""170 MVA"", ""transformer"": ""main"", ""voltage:primary"": ""400000"", ""voltage:secondary"": ""60000""}",88.08439018093203,OSM_NAMEPLATE_MVA_WITH_PROXY_IMPEDANCE+REN_VOLTAGE_PAIR_AGGREGATE_CALIBRATION,170.0,1.0
TRAFO:00031,BUS:OSM:way:144564903:400,BUS:JUNCTION:60:00055,400,60,170.0,12.0,0.35,0.0,0.0,0.0,hv,0,-8,8,1.25,0,DIRECT_OSM_TRANSFORMER_TAG,OSM:node:4048988154,"{""frequency"": ""50"", ""power"": ""transformer"", ""rating"": ""170 MVA"", ""transformer"": ""main"", ""voltage:primary"": ""400000"", ""voltage:secondary"": ""60000""}",97.54555936127991,OSM_NAMEPLATE_MVA_WITH_PROXY_IMPEDANCE+REN_VOLTAGE_PAIR_AGGREGATE_CALIBRATION,170.0,1.0
TRAFO:00032,BUS:OSM:way:156176120:150,BUS:JUNCTION:60:00864,150,60,126.0,12.0,0.45,0.0,0.0,0.0,hv,0,-8,8,1.25,0,DIRECT_OSM_TRANSFORMER_TAG,OSM:node:4049873743,"{""frequency"": ""50"", ""operator"": ""REN"", ""operator:wikidata"": ""Q1862842"", ""power"": ""transformer"", ""rating"": ""126 MVA"", ""transformer"": ""main"", ""voltage:primary"": ""150000"", ""voltage:secondary"": ""60000""}",91.85175451681312,OSM_NAMEPLATE_MVA_WITH_PROXY_IMPEDANCE+REN_VOLTAGE_PAIR_AGGREGATE_CALIBRATION,126.0,1.0
TRAFO:00033,BUS:OSM:way:156176120:150,BUS:JUNCTION:60:00864,150,60,126.0,12.0,0.45,0.0,0.0,0.0,hv,0,-8,8,1.25,0,DIRECT_OSM_TRANSFORMER_TAG,OSM:node:4049873747,"{""frequency"": ""50"", ""operator"": ""REN"", ""operator:wikidata"": ""Q1862842"", ""power"": ""transformer"", ""rating"": ""126 MVA"", ""transformer"": ""main"", ""voltage:primary"": ""150000"", ""voltage:secondary"": ""60000""}",79.58261695386511,OSM_NAMEPLATE_MVA_WITH_PROXY_IMPEDANCE+REN_VOLTAGE_PAIR_AGGREGATE_CALIBRATION,126.0,1.0
TRAFO:00034,BUS:OSM:way:124722161:220,BUS:JUNCTION:60:02537,220,60,170.0,12.0,0.4,0.0,0.0,0.0,hv,0,-8,8,1.25,0,DIRECT_OSM_TRANSFORMER_TAG,OSM:node:4049873775,"{""frequency"": ""50"", ""operator"": ""REN"", ""operator:wikidata"": ""Q1862842"", ""power"": ""transformer"", ""rating"": ""170 MVA"", ""transformer"": ""main"", ""voltage:primary"": ""220000"", ""voltage:secondary"": ""60000""}",84.32696489230926,OSM_NAMEPLATE_MVA_WITH_PROXY_IMPEDANCE+REN_VOLTAGE_PAIR_AGGREGATE_CALIBRATION,170.0,1.0
TRAFO:00035,BUS:OSM:way:124722161:220,BUS:JUNCTION:60:02537,220,60,170.0,12.0,0.4,0.0,0.0,0.0,hv,0,-8,8,1.25,0,DIRECT_OSM_TRANSFORMER_TAG,OSM:node:4049873780,"{""frequency"": ""50"", ""operator"": ""REN"", ""operator:wikidata"": ""Q1862842"", ""power"": ""transformer"", ""rating"": ""170 MVA"", ""transformer"": ""main"", ""voltage:primary"": ""220000"", ""voltage:secondary"": ""60000""}",72.06574337752,OSM_NAMEPLATE_MVA_WITH_PROXY_IMPEDANCE+REN_VOLTAGE_PAIR_AGGREGATE_CALIBRATION,170.0,1.0
TRAFO:00036,BUS:OSM:way:124722161:400,BUS:OSM:way:124722161:220,400,220,476.47058823529414,12.0,0.3,0.0,0.0,0.0,hv,0,-8,8,1.25,0,DIRECT_OSM_TRANSFORMER_TAG,OSM:node:4049874398,"{""frequency"": ""50"", ""operator"": ""REN"", ""operator:wikidata"": ""Q1862842"", ""power"": ""transformer"", ""rating"": ""450 MVA"", ""transformer"": ""main"", ""voltage:primary"": ""400000"", ""voltage:secondary"": ""220000"", ""windings:auto"": ""yes""}",119.4984086435958,OSM_NAMEPLATE_MVA_WITH_PROXY_IMPEDANCE+REN_VOLTAGE_PAIR_AGGREGATE_CALIBRATION,450.0,1.0588235294117647
TRAFO:00037,BUS:OSM:way:124722161:400,BUS:OSM:way:124722161:220,400,220,476.47058823529414,12.0,0.3,0.0,0.0,0.0,hv,0,-8,8,1.25,0,DIRECT_OSM_TRANSFORMER_TAG,OSM:node:4049874403,"{""frequency"": ""50"", ""operator"": ""REN"", ""operator:wikidata"": ""Q1862842"", ""power"": ""transformer"", ""rating"": ""450 MVA"", ""transformer"": ""main"", ""voltage:primary"": ""400000"", ""voltage:secondary"": ""220000"", ""windings:auto"": ""yes""}",180.85662949763704,OSM_NAMEPLATE_MVA_WITH_PROXY_IMPEDANCE+REN_VOLTAGE_PAIR_AGGREGATE_CALIBRATION,450.0,1.0588235294117647
TRAFO:00038,BUS:OSM:way:127205502:220,BUS:EREDES:0409S5025200:60,220,60,170.0,12.0,0.4,0.0,0.0,0.0,hv,0,-8,8,1.25,0,DIRECT_OSM_TRANSFORMER_TAG,OSM:node:4052760842,"{""devices"": ""3"", ""frequency"": ""50"", ""operator"": ""REN"", ""operator:wikidata"": ""Q1862842"", ""phases"": ""3"", ""power"": ""transformer"", ""transformer"": ""main"", ""voltage:primary"": ""220000"", ""voltage:secondary"": ""60000""}",227.31628651148517,VOLTAGE_PAIR_PROXY+REN_VOLTAGE_PAIR_AGGREGATE_CALIBRATION,170.0,1.0
TRAFO:00039,BUS:OSM:way:151166980:220,BUS:JUNCTION:60:01749,220,60,170.0,12.0,0.4,0.0,0.0,0.0,hv,0,-8,8,1.25,0,DIRECT_OSM_TRANSFORMER_TAG,OSM:node:4053041262,"{""frequency"": ""50"", ""power"": ""transformer"", ""rating"": ""170 MVA"", ""transformer"": ""main"", ""voltage:primary"": ""220000"", ""voltage:secondary"": ""60000""}",92.30285075890839,OSM_NAMEPLATE_MVA_WITH_PROXY_IMPEDANCE+REN_VOLTAGE_PAIR_AGGREGATE_CALIBRATION,170.0,1.0
TRAFO:00040,BUS:OSM:way:151166980:220,BUS:JUNCTION:60:01749,220,60,170.0,12.0,0.4,0.0,0.0,0.0,hv,0,-8,8,1.25,0,DIRECT_OSM_TRANSFORMER_TAG,OSM:node:4053041272,"{""frequency"": ""50"", ""power"": ""transformer"", ""rating"": ""170 MVA"", ""transformer"": ""main"", ""voltage:primary"": ""220000"", ""voltage:secondary"": ""60000""}",78.9769501652334,OSM_NAMEPLATE_MVA_WITH_PROXY_IMPEDANCE+REN_VOLTAGE_PAIR_AGGREGATE_CALIBRATION,170.0,1.0
TRAFO:00041,BUS:OSM:way:24636044:400,BUS:EREDES:1107S5901900:60,400,60,170.0,12.0,0.35,0.0,0.0,0.0,hv,0,-8,8,1.25,0,DIRECT_OSM_TRANSFORMER_TAG,OSM:node:4053115879,"{""frequency"": ""50"", ""operator"": ""REN"", ""operator:wikidata"": ""Q1862842"", ""power"": ""transformer"", ""rating"": ""170 MVA"", ""transformer"": ""main"", ""voltage:primary"": ""400000"", ""voltage:secondary"": ""60000""}",152.5530837523289,OSM_NAMEPLATE_MVA_WITH_PROXY_IMPEDANCE+REN_VOLTAGE_PAIR_AGGREGATE_CALIBRATION,170.0,1.0
TRAFO:00042,BUS:OSM:way:24636044:400,BUS:OSM:way:24636044:220,400,220,476.47058823529414,12.0,0.3,0.0,0.0,0.0,hv,0,-8,8,1.25,0,DIRECT_OSM_TRANSFORMER_TAG,OSM:node:4053115880,"{""frequency"": ""50"", ""operator"": ""REN"", ""operator:wikidata"": ""Q1862842"", ""power"": ""transformer"", ""rating"": ""450 MVA"", ""transformer"": ""main"", ""voltage:primary"": ""400000"", ""voltage:secondary"": ""220000""}",106.19626524493584,OSM_NAMEPLATE_MVA_WITH_PROXY_IMPEDANCE+REN_VOLTAGE_PAIR_AGGREGATE_CALIBRATION,450.0,1.0588235294117647
TRAFO:00043,BUS:OSM:way:24636044:400,BUS:OSM:way:24636044:220,400,220,476.47058823529414,12.0,0.3,0.0,0.0,0.0,hv,0,-8,8,1.25,0,DIRECT_OSM_TRANSFORMER_TAG,OSM:node:4053115881,"{""frequency"": ""50"", ""operator"": ""REN"", ""operator:wikidata"": ""Q1862842"", ""power"": ""transformer"", ""rating"": ""450 MVA"", ""transformer"": ""main"", ""voltage:primary"": ""400000"", ""voltage:secondary"": ""220000""}",184.00026242787098,OSM_NAMEPLATE_MVA_WITH_PROXY_IMPEDANCE+REN_VOLTAGE_PAIR_AGGREGATE_CALIBRATION,450.0,1.0588235294117647
TRAFO:00044,BUS:OSM:way:144584585:220,BUS:JUNCTION:60:02485,220,60,126.0,12.0,0.4,0.0,0.0,0.0,hv,0,-8,8,1.25,0,DIRECT_OSM_TRANSFORMER_TAG,OSM:node:4056201687,"{""devices"": ""3"", ""frequency"": ""50"", ""operator"": ""REN"", ""operator:wikidata"": ""Q1862842"", ""phases"": ""1"", ""power"": ""transformer"", ""rating"": ""126 MVA"", ""transformer"": ""main"", ""voltage:primary"": ""220000"", ""voltage:secondary"": ""60000""}",70.17570143672344,OSM_NAMEPLATE_MVA_WITH_PROXY_IMPEDANCE+REN_VOLTAGE_PAIR_AGGREGATE_CALIBRATION,126.0,1.0
TRAFO:00045,BUS:OSM:way:151168335:400,BUS:OSM:way:151168335:220,400,220,476.47058823529414,12.0,0.3,0.0,0.0,0.0,hv,0,-8,8,1.25,0,DIRECT_OSM_TRANSFORMER_TAG,OSM:node:4056920886,"{""frequency"": ""50"", ""operator"": ""REN"", ""operator:wikidata"": ""Q1862842"", ""power"": ""transformer"", ""rating"": ""450 MVA"", ""transformer"": ""main"", ""voltage:primary"": ""400000"", ""voltage:secondary"": ""220000"", ""windings:auto"": ""yes""}",135.78759703182013,OSM_NAMEPLATE_MVA_WITH_PROXY_IMPEDANCE+REN_VOLTAGE_PAIR_AGGREGATE_CALIBRATION,450.0,1.0588235294117647
TRAFO:00046,BUS:OSM:way:151168335:400,BUS:OSM:way:151168335:220,400,220,476.47058823529414,12.0,0.3,0.0,0.0,0.0,hv,0,-8,8,1.25,0,DIRECT_OSM_TRANSFORMER_TAG,OSM:node:4056920887,"{""frequency"": ""50"", ""operator"": ""REN"", ""operator:wikidata"": ""Q1862842"", ""power"": ""transformer"", ""rating"": ""450 MVA"", ""transformer"": ""main"", ""voltage:primary"": ""400000"", ""voltage:secondary"": ""220000"", ""windings:auto"": ""yes""}",116.07600600651467,OSM_NAMEPLATE_MVA_WITH_PROXY_IMPEDANCE+REN_VOLTAGE_PAIR_AGGREGATE_CALIBRATION,450.0,1.0588235294117647
TRAFO:00047,BUS:OSM:way:1227667765:150,BUS:EREDES:0705S5042200:60,150,60,63.0,12.0,0.45,0.0,0.0,0.0,hv,0,-8,8,1.25,0,DIRECT_OSM_TRANSFORMER_TAG,OSM:node:4057903343,"{""frequency"": ""50"", ""power"": ""transformer"", ""rating"": ""63 MVA"", ""transformer"": ""main"", ""voltage:primary"": ""150000"", ""voltage:secondary"": ""60000""}",17.576240473664324,OSM_NAMEPLATE_MVA_WITH_PROXY_IMPEDANCE+REN_VOLTAGE_PAIR_AGGREGATE_CALIBRATION,63.0,1.0
TRAFO:00048,BUS:OSM:way:1227667765:150,BUS:EREDES:0705S5042200:60,150,60,63.0,12.0,0.45,0.0,0.0,0.0,hv,0,-8,8,1.25,0,DIRECT_OSM_TRANSFORMER_TAG,OSM:node:4057903346,"{""frequency"": ""50"", ""power"": ""transformer"", ""rating"": ""63 MVA"", ""transformer"": ""main"", ""voltage:primary"": ""150000"", ""voltage:secondary"": ""60000""}",31.32769915408172,OSM_NAMEPLATE_MVA_WITH_PROXY_IMPEDANCE+REN_VOLTAGE_PAIR_AGGREGATE_CALIBRATION,63.0,1.0
TRAFO:00049,BUS:OSM:way:1227667765:150,BUS:EREDES:0705S5042200:60,150,60,63.0,12.0,0.45,0.0,0.0,0.0,hv,0,-8,8,1.25,0,DIRECT_OSM_TRANSFORMER_TAG,OSM:node:4057903349,"{""frequency"": ""50"", ""power"": ""transformer"", ""rating"": ""63 MVA"", ""transformer"": ""main"", ""voltage:primary"": ""150000"", ""voltage:secondary"": ""60000""}",51.31960715894672,OSM_NAMEPLATE_MVA_WITH_PROXY_IMPEDANCE+REN_VOLTAGE_PAIR_AGGREGATE_CALIBRATION,63.0,1.0
TRAFO:00050,BUS:OSM:way:144439469:400,BUS:OSM:way:144439469:220,400,220,476.47058823529414,12.0,0.3,0.0,0.0,0.0,hv,0,-8,8,1.25,0,DIRECT_OSM_TRANSFORMER_TAG,OSM:node:4058046773,"{""frequency"": ""50"", ""operator"": ""REN"", ""operator:wikidata"": ""Q1862842"", ""power"": ""transformer"", ""rating"": ""450 MVA"", ""transformer"": ""main"", ""voltage:primary"": ""400000"", ""voltage:secondary"": ""220000"", ""windings:auto"": ""yes""}",51.458054941866024,OSM_NAMEPLATE_MVA_WITH_PROXY_IMPEDANCE+REN_VOLTAGE_PAIR_AGGREGATE_CALIBRATION,450.0,1.0588235294117647
TRAFO:00051,BUS:OSM:way:144439469:400,BUS:JUNCTION:60:00811,400,60,170.0,12.0,0.35,0.0,0.0,0.0,hv,0,-8,8,1.25,0,DIRECT_OSM_TRANSFORMER_TAG,OSM:node:4058046776,"{""frequency"": ""50"", ""operator"": ""REN"", ""operator:wikidata"": ""Q1862842"", ""power"": ""transformer"", ""rating"": ""170 MVA"", ""transformer"": ""main"", ""voltage:primary"": ""400000"", ""voltage:secondary"": ""60000""}",68.74242905485934,OSM_NAMEPLATE_MVA_WITH_PROXY_IMPEDANCE+REN_VOLTAGE_PAIR_AGGREGATE_CALIBRATION,170.0,1.0
TRAFO:00052,BUS:OSM:way:144439469:400,BUS:JUNCTION:60:00811,400,60,170.0,12.0,0.35,0.0,0.0,0.0,hv,0,-8,8,1.25,0,DIRECT_OSM_TRANSFORMER_TAG,OSM:node:4058046780,"{""frequency"": ""50"", ""operator"": ""REN"", ""operator:wikidata"": ""Q1862842"", ""power"": ""transformer"", ""rating"": ""170 MVA"", ""transformer"": ""main"", ""voltage:primary"": ""400000"", ""voltage:secondary"": ""60000""}",74.21854993482526,OSM_NAMEPLATE_MVA_WITH_PROXY_IMPEDANCE+REN_VOLTAGE_PAIR_AGGREGATE_CALIBRATION,170.0,1.0
TRAFO:00053,BUS:OSM:way:1338738672:150,BUS:EREDES:1703S5004900:60,150,60,170.0,12.0,0.45,0.0,0.0,0.0,hv,0,-8,8,1.25,0,DIRECT_OSM_TRANSFORMER_TAG,OSM:node:4058958203,"{""frequency"": ""50"", ""operator"": ""REN"", ""operator:wikidata"": ""Q1862842"", ""power"": ""transformer"", ""transformer"": ""main"", ""voltage:primary"": ""150000"", ""voltage:secondary"": ""60000""}",57.14131315678393,VOLTAGE_PAIR_PROXY+REN_VOLTAGE_PAIR_AGGREGATE_CALIBRATION,170.0,1.0
TRAFO:00054,BUS:OSM:way:151168335:220,BUS:EREDES:1115P5187100:60,220,60,170.0,12.0,0.4,0.0,0.0,0.0,hv,0,-8,8,1.25,0,DIRECT_OSM_TRANSFORMER_TAG,OSM:node:4060601363,"{""frequency"": ""50"", ""operator"": ""REN"", ""operator:wikidata"": ""Q1862842"", ""power"": ""transformer"", ""rating"": ""170 MVA"", ""transformer"": ""main"", ""voltage:primary"": ""220000"", ""voltage:secondary"": ""60000""}",972.385695025201,OSM_NAMEPLATE_MVA_WITH_PROXY_IMPEDANCE+REN_VOLTAGE_PAIR_AGGREGATE_CALIBRATION,170.0,1.0
TRAFO:00055,BUS:OSM:way:151061905:150,BUS:JUNCTION:60:01269,150,60,170.0,12.0,0.45,0.0,0.0,0.0,hv,0,-8,8,1.25,0,DIRECT_OSM_TRANSFORMER_TAG,OSM:node:4061449011,"{""frequency"": ""50"", ""operator"": ""REN"", ""operator:wikidata"": ""Q1862842"", ""power"": ""transformer"", ""transformer"": ""main"", ""voltage:primary"": ""150000"", ""voltage:secondary"": ""60000""}",43.848097222681716,VOLTAGE_PAIR_PROXY+REN_VOLTAGE_PAIR_AGGREGATE_CALIBRATION,170.0,1.0
TRAFO:00056,BUS:OSM:way:151061905:150,BUS:JUNCTION:60:01269,150,60,170.0,12.0,0.45,0.0,0.0,0.0,hv,0,-8,8,1.25,0,DIRECT_OSM_TRANSFORMER_TAG,OSM:node:4061449019,"{""frequency"": ""50"", ""operator"": ""REN"", ""operator:wikidata"": ""Q1862842"", ""power"": ""transformer"", ""transformer"": ""main"", ""voltage:primary"": ""150000"", ""voltage:secondary"": ""60000""}",43.82601856164426,VOLTAGE_PAIR_PROXY+REN_VOLTAGE_PAIR_AGGREGATE_CALIBRATION,170.0,1.0
TRAFO:00057,BUS:OSM:way:151061905:150,BUS:JUNCTION:60:01269,150,60,170.0,12.0,0.45,0.0,0.0,0.0,hv,0,-8,8,1.25,0,DIRECT_OSM_TRANSFORMER_TAG,OSM:node:4061449033,"{""frequency"": ""50"", ""operator"": ""REN"", ""operator:wikidata"": ""Q1862842"", ""power"": ""transformer"", ""transformer"": ""main"", ""voltage:primary"": ""150000"", ""voltage:secondary"": ""60000""}",70.95108191789166,VOLTAGE_PAIR_PROXY+REN_VOLTAGE_PAIR_AGGREGATE_CALIBRATION,170.0,1.0
TRAFO:00058,BUS:OSM:way:163226990:150,BUS:JUNCTION:60:00053,150,60,170.0,12.0,0.45,0.0,0.0,0.0,hv,0,-8,8,1.25,0,DIRECT_OSM_TRANSFORMER_TAG,OSM:node:5086912037,"{""frequency"": ""50"", ""location"": ""outdoor"", ""power"": ""transformer"", ""transformer"": ""main"", ""voltage:primary"": ""150000"", ""voltage:secondary"": ""60000"", ""windings:auto"": ""yes""}",260.16695588066614,VOLTAGE_PAIR_PROXY+REN_VOLTAGE_PAIR_AGGREGATE_CALIBRATION,170.0,1.0
TRAFO:00059,BUS:OSM:way:163226990:150,BUS:JUNCTION:60:00053,150,60,170.0,12.0,0.45,0.0,0.0,0.0,hv,0,-8,8,1.25,0,DIRECT_OSM_TRANSFORMER_TAG,OSM:node:5086912040,"{""frequency"": ""50"", ""location"": ""outdoor"", ""power"": ""transformer"", ""transformer"": ""main"", ""voltage:primary"": ""150000"", ""voltage:secondary"": ""60000"", ""windings:auto"": ""yes""}",279.9497333054342,VOLTAGE_PAIR_PROXY+REN_VOLTAGE_PAIR_AGGREGATE_CALIBRATION,170.0,1.0
TRAFO:00060,BUS:OSM:way:142182853:220,BUS:JUNCTION:60:01206,220,60,170.0,12.0,0.4,0.0,0.0,0.0,hv,0,-8,8,1.25,0,DIRECT_OSM_TRANSFORMER_TAG,OSM:node:6482980943,"{""frequency"": ""50"", ""operator"": ""REN"", ""operator:wikidata"": ""Q1862842"", ""phases"": ""3"", ""power"": ""transformer"", ""rating"": ""170 MVA"", ""transformer"": ""main"", ""voltage:primary"": ""220000"", ""voltage:secondary"": ""60000""}",111.04497118572597,OSM_NAMEPLATE_MVA_WITH_PROXY_IMPEDANCE+REN_VOLTAGE_PAIR_AGGREGATE_CALIBRATION,170.0,1.0
TRAFO:00061,BUS:OSM:way:142182853:220,BUS:JUNCTION:60:01206,220,60,170.0,12.0,0.4,0.0,0.0,0.0,hv,0,-8,8,1.25,0,DIRECT_OSM_TRANSFORMER_TAG,OSM:node:6482980944,"{""frequency"": ""50"", ""operator"": ""REN"", ""operator:wikidata"": ""Q1862842"", ""phases"": ""3"", ""power"": ""transformer"", ""rating"": ""170 MVA"", ""transformer"": ""main"", ""voltage:primary"": ""220000"", ""voltage:secondary"": ""60000""}",99.12502238930604,OSM_NAMEPLATE_MVA_WITH_PROXY_IMPEDANCE+REN_VOLTAGE_PAIR_AGGREGATE_CALIBRATION,170.0,1.0
TRAFO:00062,BUS:OSM:way:144396420:220,BUS:JUNCTION:60:01101,220,60,170.0,12.0,0.4,0.0,0.0,0.0,hv,0,-8,8,1.25,0,DIRECT_OSM_TRANSFORMER_TAG,OSM:node:6482981154,"{""frequency"": ""50"", ""operator"": ""REN"", ""operator:wikidata"": ""Q1862842"", ""power"": ""transformer"", ""transformer"": ""main"", ""voltage:primary"": ""220000"", ""voltage:secondary"": ""60000""}",57.196669252286036,VOLTAGE_PAIR_PROXY+REN_VOLTAGE_PAIR_AGGREGATE_CALIBRATION,170.0,1.0
TRAFO:00063,BUS:OSM:way:690953979:220,BUS:JUNCTION:60:01996,220,60,126.0,12.0,0.4,0.0,0.0,0.0,hv,0,-8,8,1.25,0,DIRECT_OSM_TRANSFORMER_TAG,OSM:node:6482981262,"{""frequency"": ""50"", ""operator"": ""REN"", ""operator:wikidata"": ""Q1862842"", ""power"": ""transformer"", ""rating"": ""126 MVA"", ""transformer"": ""main"", ""voltage:primary"": ""220000"", ""voltage:secondary"": ""60000""}",78.35093516268584,OSM_NAMEPLATE_MVA_WITH_PROXY_IMPEDANCE+REN_VOLTAGE_PAIR_AGGREGATE_CALIBRATION,126.0,1.0
TRAFO:00064,BUS:OSM:way:690953979:220,BUS:JUNCTION:60:01996,220,60,126.0,12.0,0.4,0.0,0.0,0.0,hv,0,-8,8,1.25,0,DIRECT_OSM_TRANSFORMER_TAG,OSM:node:6482981263,"{""frequency"": ""50"", ""operator"": ""REN"", ""operator:wikidata"": ""Q1862842"", ""power"": ""transformer"", ""rating"": ""126 MVA"", ""transformer"": ""main"", ""voltage:primary"": ""220000"", ""voltage:secondary"": ""60000""}",76.96279063647638,OSM_NAMEPLATE_MVA_WITH_PROXY_IMPEDANCE+REN_VOLTAGE_PAIR_AGGREGATE_CALIBRATION,126.0,1.0
TRAFO:00065,BUS:OSM:way:144386243:220,BUS:JUNCTION:60:00177,220,60,126.0,12.0,0.4,0.0,0.0,0.0,hv,0,-8,8,1.25,0,DIRECT_OSM_TRANSFORMER_TAG,OSM:node:6483211064,"{""frequency"": ""50"", ""operator"": ""REN"", ""operator:wikidata"": ""Q1862842"", ""power"": ""transformer"", ""rating"": ""126 MVA"", ""transformer"": ""main"", ""voltage:primary"": ""220000"", ""voltage:secondary"": ""60000""}",94.79988069847896,OSM_NAMEPLATE_MVA_WITH_PROXY_IMPEDANCE+REN_VOLTAGE_PAIR_AGGREGATE_CALIBRATION,126.0,1.0
TRAFO:00066,BUS:OSM:way:144386243:220,BUS:JUNCTION:60:00177,220,60,126.0,12.0,0.4,0.0,0.0,0.0,hv,0,-8,8,1.25,0,DIRECT_OSM_TRANSFORMER_TAG,OSM:node:6483211065,"{""frequency"": ""50"", ""operator"": ""REN"", ""operator:wikidata"": ""Q1862842"", ""power"": ""transformer"", ""rating"": ""126 MVA"", ""transformer"": ""main"", ""voltage:primary"": ""220000"", ""voltage:secondary"": ""60000""}",81.00554651718463,OSM_NAMEPLATE_MVA_WITH_PROXY_IMPEDANCE+REN_VOLTAGE_PAIR_AGGREGATE_CALIBRATION,126.0,1.0
TRAFO:00067,BUS:OSM:way:144385734:400,BUS:OSM:way:144385734:220,400,220,476.47058823529414,12.0,0.3,0.0,0.0,0.0,hv,0,-8,8,1.25,0,DIRECT_OSM_TRANSFORMER_TAG,OSM:node:6484604251,"{""frequency"": ""50"", ""operator"": ""REN"", ""operator:wikidata"": ""Q1862842"", ""power"": ""transformer"", ""rating"": ""450 MVA"", ""transformer"": ""main"", ""voltage:primary"": ""400000"", ""voltage:secondary"": ""220000"", ""windings:auto"": ""yes""}",41.50954248354978,OSM_NAMEPLATE_MVA_WITH_PROXY_IMPEDANCE+REN_VOLTAGE_PAIR_AGGREGATE_CALIBRATION,450.0,1.0588235294117647
TRAFO:00068,BUS:OSM:way:144385734:400,BUS:OSM:way:144385734:220,400,220,476.47058823529414,12.0,0.3,0.0,0.0,0.0,hv,0,-8,8,1.25,0,DIRECT_OSM_TRANSFORMER_TAG,OSM:node:6484604252,"{""frequency"": ""50"", ""operator"": ""REN"", ""operator:wikidata"": ""Q1862842"", ""power"": ""transformer"", ""rating"": ""450 MVA"", ""transformer"": ""main"", ""voltage:primary"": ""400000"", ""voltage:secondary"": ""220000"", ""windings:auto"": ""yes""}",21.494727074047386,OSM_NAMEPLATE_MVA_WITH_PROXY_IMPEDANCE+REN_VOLTAGE_PAIR_AGGREGATE_CALIBRATION,450.0,1.0588235294117647
TRAFO:00069,BUS:OSM:way:144385734:400,BUS:OSM:way:144385734:220,400,220,476.47058823529414,12.0,0.3,0.0,0.0,0.0,hv,0,-8,8,1.25,0,DIRECT_OSM_TRANSFORMER_TAG,OSM:node:6484604253,"{""frequency"": ""50"", ""operator"": ""REN"", ""operator:wikidata"": ""Q1862842"", ""power"": ""transformer"", ""rating"": ""450 MVA"", ""transformer"": ""main"", ""voltage:primary"": ""400000"", ""voltage:secondary"": ""220000"", ""windings:auto"": ""yes""}",7.94770601324039,OSM_NAMEPLATE_MVA_WITH_PROXY_IMPEDANCE+REN_VOLTAGE_PAIR_AGGREGATE_CALIBRATION,450.0,1.0588235294117647
TRAFO:00070,BUS:OSM:way:144377301:220,BUS:EREDES:1308S5007600:60,220,60,170.0,12.0,0.4,0.0,0.0,0.0,hv,0,-8,8,1.25,0,DIRECT_OSM_TRANSFORMER_TAG,OSM:node:6501160243,"{""frequency"": ""50"", ""operator"": ""REN"", ""power"": ""transformer"", ""rating"": ""170 MVA"", ""transformer"": ""main"", ""voltage:primary"": ""220000"", ""voltage:secondary"": ""60000""}",142.3172351446702,OSM_NAMEPLATE_MVA_WITH_PROXY_IMPEDANCE+REN_VOLTAGE_PAIR_AGGREGATE_CALIBRATION,170.0,1.0
TRAFO:00071,BUS:OSM:way:144377301:220,BUS:EREDES:1308S5007600:60,220,60,120.0,12.0,0.4,0.0,0.0,0.0,hv,0,-8,8,1.25,0,DIRECT_OSM_TRANSFORMER_TAG,OSM:node:6501160244,"{""frequency"": ""50"", ""operator"": ""REN"", ""power"": ""transformer"", ""rating"": ""120 MVA"", ""transformer"": ""main"", ""voltage:primary"": ""220000"", ""voltage:secondary"": ""60000""}",148.54490421824954,OSM_NAMEPLATE_MVA_WITH_PROXY_IMPEDANCE+REN_VOLTAGE_PAIR_AGGREGATE_CALIBRATION,120.0,1.0
TRAFO:00072,BUS:OSM:way:144377301:220,BUS:EREDES:1308S5007600:60,220,60,170.0,12.0,0.4,0.0,0.0,0.0,hv,0,-8,8,1.25,0,DIRECT_OSM_TRANSFORMER_TAG,OSM:node:6501160245,"{""frequency"": ""50"", ""operator"": ""REN"", ""power"": ""transformer"", ""rating"": ""170 MVA"", ""transformer"": ""main"", ""voltage:primary"": ""220000"", ""voltage:secondary"": ""60000""}",156.33556545343887,OSM_NAMEPLATE_MVA_WITH_PROXY_IMPEDANCE+REN_VOLTAGE_PAIR_AGGREGATE_CALIBRATION,170.0,1.0
TRAFO:00073,BUS:OSM:way:151061884:400,BUS:OSM:way:151061884:150,400,150,450.0,12.0,0.3,0.0,0.0,0.0,hv,0,-8,8,1.25,0,DIRECT_OSM_TRANSFORMER_TAG,OSM:node:6501416203,"{""frequency"": ""50"", ""operator"": ""REN"", ""operator:wikidata"": ""Q1862842"", ""phases"": ""3"", ""power"": ""transformer"", ""rating"": ""450 MVA"", ""transformer"": ""main"", ""voltage:primary"": ""400000"", ""voltage:secondary"": ""150000"", ""windings:auto"": ""yes""}",108.51818742480312,OSM_NAMEPLATE_MVA_WITH_PROXY_IMPEDANCE+REN_VOLTAGE_PAIR_AGGREGATE_CALIBRATION,450.0,1.0
TRAFO:00074,BUS:OSM:way:151061884:400,BUS:OSM:way:151061884:150,400,150,450.0,12.0,0.3,0.0,0.0,0.0,hv,0,-8,8,1.25,0,DIRECT_OSM_TRANSFORMER_TAG,OSM:node:6501416204,"{""frequency"": ""50"", ""operator"": ""REN"", ""operator:wikidata"": ""Q1862842"", ""phases"": ""3"", ""power"": ""transformer"", ""rating"": ""450 MVA"", ""transformer"": ""main"", ""voltage:primary"": ""400000"", ""voltage:secondary"": ""150000"", ""windings:auto"": ""yes""}",87.79038395887223,OSM_NAMEPLATE_MVA_WITH_PROXY_IMPEDANCE+REN_VOLTAGE_PAIR_AGGREGATE_CALIBRATION,450.0,1.0
TRAFO:00075,BUS:OSM:way:151061928:150,BUS:JUNCTION:60:00482,150,60,170.0,12.0,0.45,0.0,0.0,0.0,hv,0,-8,8,1.25,0,DIRECT_OSM_TRANSFORMER_TAG,OSM:node:6501429713,"{""frequency"": ""50"", ""power"": ""transformer"", ""transformer"": ""main"", ""voltage:primary"": ""150000"", ""voltage:secondary"": ""60000""}",60.46978970940533,VOLTAGE_PAIR_PROXY+REN_VOLTAGE_PAIR_AGGREGATE_CALIBRATION,170.0,1.0
TRAFO:00076,BUS:OSM:way:144564903:400,BUS:JUNCTION:60:00055,400,60,170.0,12.0,0.35,0.0,0.0,0.0,hv,0,-8,8,1.25,0,DIRECT_OSM_TRANSFORMER_TAG,OSM:node:7005288421,"{""frequency"": ""50"", ""power"": ""transformer"", ""rating"": ""170 MVA"", ""transformer"": ""main"", ""voltage:primary"": ""400000"", ""voltage:secondary"": ""60000""}",82.873044699276,OSM_NAMEPLATE_MVA_WITH_PROXY_IMPEDANCE+REN_VOLTAGE_PAIR_AGGREGATE_CALIBRATION,170.0,1.0
TRAFO:00077,BUS:OSM:way:132865612:150,BUS:JUNCTION:60:01977,150,60,170.0,12.0,0.45,0.0,0.0,0.0,hv,0,-8,8,1.25,0,DIRECT_OSM_TRANSFORMER_TAG,OSM:node:7016082316,"{""frequency"": ""50"", ""operator"": ""REN"", ""operator:wikidata"": ""Q1862842"", ""power"": ""transformer"", ""transformer"": ""main"", ""voltage:primary"": ""150000"", ""voltage:secondary"": ""60000""}",108.50863793262685,VOLTAGE_PAIR_PROXY+REN_VOLTAGE_PAIR_AGGREGATE_CALIBRATION,170.0,1.0
TRAFO:00078,BUS:OSM:way:132865612:150,BUS:JUNCTION:60:01977,150,60,170.0,12.0,0.45,0.0,0.0,0.0,hv,0,-8,8,1.25,0,DIRECT_OSM_TRANSFORMER_TAG,OSM:node:7016082317,"{""frequency"": ""50"", ""operator"": ""REN"", ""operator:wikidata"": ""Q1862842"", ""power"": ""transformer"", ""transformer"": ""main"", ""voltage:primary"": ""150000"", ""voltage:secondary"": ""60000""}",120.7252963680995,VOLTAGE_PAIR_PROXY+REN_VOLTAGE_PAIR_AGGREGATE_CALIBRATION,170.0,1.0
TRAFO:00079,BUS:OSM:way:151111218:220,BUS:EREDES:1312P5013500:60,220,60,170.0,12.0,0.4,0.0,0.0,0.0,hv,0,-8,8,1.25,0,DIRECT_OSM_TRANSFORMER_TAG,OSM:node:7018245528,"{""frequency"": ""50"", ""operator"": ""REN"", ""operator:wikidata"": ""Q1862842"", ""power"": ""transformer"", ""rating"": ""170 MVA"", ""transformer"": ""main"", ""voltage:primary"": ""220000"", ""voltage:secondary"": ""60000""}",14.506184310553124,OSM_NAMEPLATE_MVA_WITH_PROXY_IMPEDANCE+REN_VOLTAGE_PAIR_AGGREGATE_CALIBRATION,170.0,1.0
TRAFO:00080,BUS:OSM:way:151111218:220,BUS:EREDES:1312P5013500:60,220,60,170.0,12.0,0.4,0.0,0.0,0.0,hv,0,-8,8,1.25,0,DIRECT_OSM_TRANSFORMER_TAG,OSM:node:7018245529,"{""frequency"": ""50"", ""operator"": ""REN"", ""operator:wikidata"": ""Q1862842"", ""power"": ""transformer"", ""rating"": ""170 MVA"", ""transformer"": ""main"", ""voltage:primary"": ""220000"", ""voltage:secondary"": ""60000""}",14.892444027921782,OSM_NAMEPLATE_MVA_WITH_PROXY_IMPEDANCE+REN_VOLTAGE_PAIR_AGGREGATE_CALIBRATION,170.0,1.0
TRAFO:00081,BUS:OSM:way:813954335:400,BUS:JUNCTION:60:02691,400,60,170.0,12.0,0.35,0.0,0.0,0.0,hv,0,-8,8,1.25,0,DIRECT_OSM_TRANSFORMER_TAG,OSM:node:8738632458,"{""frequency"": ""50"", ""operator"": ""REN"", ""operator:wikidata"": ""Q1862842"", ""power"": ""transformer"", ""transformer"": ""main"", ""voltage:primary"": ""400000"", ""voltage:secondary"": ""60000""}",76.42672112215304,VOLTAGE_PAIR_PROXY+REN_VOLTAGE_PAIR_AGGREGATE_CALIBRATION,170.0,1.0
TRAFO:00082,BUS:OSM:way:151061884:150,BUS:OSM:way:151061884:130,150,130,140.0,12.0,0.45,0.0,0.0,0.0,hv,0,-8,8,1.25,0,DIRECT_OSM_TRANSFORMER_TAG,OSM:node:8804964560,"{""frequency"": ""50"", ""operator"": ""REN"", ""operator:wikidata"": ""Q1862842"", ""phases"": ""3"", ""power"": ""transformer"", ""rating"": ""140 MVA"", ""transformer"": ""main"", ""voltage:primary"": ""130000"", ""voltage:secondary"": ""150000""}",143.46589921817483,OSM_NAMEPLATE_MVA_WITH_PROXY_IMPEDANCE+REN_VOLTAGE_PAIR_AGGREGATE_CALIBRATION,140.0,1.0
TRAFO:00083,BUS:OSM:way:142182853:400,BUS:OSM:way:142182853:220,400,220,476.47058823529414,12.0,0.3,0.0,0.0,0.0,hv,0,-8,8,1.25,0,DIRECT_OSM_TRANSFORMER_TAG,OSM:node:9983434102,"{""frequency"": ""50"", ""operator"": ""REN"", ""operator:wikidata"": ""Q1862842"", ""power"": ""transformer"", ""rating"": ""450 MVA"", ""transformer"": ""main"", ""voltage:primary"": ""400000"", ""voltage:secondary"": ""220000"", ""windings:auto"": ""yes""}",123.97200365208084,OSM_NAMEPLATE_MVA_WITH_PROXY_IMPEDANCE+REN_VOLTAGE_PAIR_AGGREGATE_CALIBRATION,450.0,1.0588235294117647
TRAFO:00084,BUS:OSM:way:142182853:400,BUS:OSM:way:142182853:220,400,220,476.47058823529414,12.0,0.3,0.0,0.0,0.0,hv,0,-8,8,1.25,0,DIRECT_OSM_TRANSFORMER_TAG,OSM:node:9983434103,"{""frequency"": ""50"", ""operator"": ""REN"", ""operator:wikidata"": ""Q1862842"", ""power"": ""transformer"", ""rating"": ""450 MVA"", ""transformer"": ""main"", ""voltage:primary"": ""400000"", ""voltage:secondary"": ""220000"", ""windings:auto"": ""yes""}",110.81977305484212,OSM_NAMEPLATE_MVA_WITH_PROXY_IMPEDANCE+REN_VOLTAGE_PAIR_AGGREGATE_CALIBRATION,450.0,1.0588235294117647
TRAFO:00085,BUS:OSM:way:142182853:400,BUS:JUNCTION:60:01206,400,60,170.0,12.0,0.35,0.0,0.0,0.0,hv,0,-8,8,1.25,0,DIRECT_OSM_TRANSFORMER_TAG,OSM:node:9983434104,"{""frequency"": ""50"", ""operator"": ""REN"", ""operator:wikidata"": ""Q1862842"", ""power"": ""transformer"", ""rating"": ""170 MVA"", ""transformer"": ""main"", ""voltage:primary"": ""400000"", ""voltage:secondary"": ""60000""}",219.7859608017507,OSM_NAMEPLATE_MVA_WITH_PROXY_IMPEDANCE+REN_VOLTAGE_PAIR_AGGREGATE_CALIBRATION,170.0,1.0
TRAFO:00086,BUS:OSM:way:142182853:400,BUS:JUNCTION:60:01206,400,60,170.0,12.0,0.35,0.0,0.0,0.0,hv,0,-8,8,1.25,0,DIRECT_OSM_TRANSFORMER_TAG,OSM:node:9983434105,"{""frequency"": ""50"", ""operator"": ""REN"", ""operator:wikidata"": ""Q1862842"", ""power"": ""transformer"", ""rating"": ""170 MVA"", ""transformer"": ""main"", ""voltage:primary"": ""400000"", ""voltage:secondary"": ""60000""}",226.56757596846202,OSM_NAMEPLATE_MVA_WITH_PROXY_IMPEDANCE+REN_VOLTAGE_PAIR_AGGREGATE_CALIBRATION,170.0,1.0
TRAFO:00087,BUS:OSM:way:171253574:400,BUS:OSM:way:171253574:150,400,150,450.0,12.0,0.3,0.0,0.0,0.0,hv,0,-8,8,1.25,0,DIRECT_OSM_TRANSFORMER_TAG,OSM:node:10270022350,"{""frequency"": ""50"", ""operator"": ""REN"", ""operator:wikidata"": ""Q1862842"", ""power"": ""transformer"", ""rating"": ""450"", ""transformer"": ""main"", ""voltage:primary"": ""400000"", ""voltage:secondary"": ""150000"", ""windings:auto"": ""yes""}",48.884030566890885,VOLTAGE_PAIR_PROXY+REN_VOLTAGE_PAIR_AGGREGATE_CALIBRATION,450.0,1.0
TRAFO:00088,BUS:OSM:way:171253574:150,BUS:JUNCTION:60:01339,150,60,126.0,12.0,0.45,0.0,0.0,0.0,hv,0,-8,8,1.25,0,DIRECT_OSM_TRANSFORMER_TAG,OSM:node:10270022391,"{""frequency"": ""50"", ""operator"": ""REN"", ""operator:wikidata"": ""Q1862842"", ""power"": ""transformer"", ""rating"": ""126 MVA"", ""transformer"": ""main"", ""voltage:primary"": ""150000"", ""voltage:secondary"": ""60000""}",163.78836015772222,OSM_NAMEPLATE_MVA_WITH_PROXY_IMPEDANCE+REN_VOLTAGE_PAIR_AGGREGATE_CALIBRATION,126.0,1.0
TRAFO:00089,BUS:OSM:way:171253574:150,BUS:JUNCTION:60:01339,150,60,126.0,12.0,0.45,0.0,0.0,0.0,hv,0,-8,8,1.25,0,DIRECT_OSM_TRANSFORMER_TAG,OSM:node:10270022392,"{""frequency"": ""50"", ""operator"": ""REN"", ""operator:wikidata"": ""Q1862842"", ""power"": ""transformer"", ""rating"": ""126 MVA"", ""transformer"": ""main"", ""voltage:primary"": ""150000"", ""voltage:secondary"": ""60000""}",141.29410047892537,OSM_NAMEPLATE_MVA_WITH_PROXY_IMPEDANCE+REN_VOLTAGE_PAIR_AGGREGATE_CALIBRATION,126.0,1.0
TRAFO:00090,BUS:OSM:way:171253574:150,BUS:JUNCTION:60:01339,150,60,126.0,12.0,0.45,0.0,0.0,0.0,hv,0,-8,8,1.25,0,DIRECT_OSM_TRANSFORMER_TAG,OSM:node:10270022393,"{""frequency"": ""50"", ""operator"": ""REN"", ""operator:wikidata"": ""Q1862842"", ""power"": ""transformer"", ""rating"": ""126 MVA"", ""transformer"": ""main"", ""voltage:primary"": ""150000"", ""voltage:secondary"": ""60000""}",118.33748914498821,OSM_NAMEPLATE_MVA_WITH_PROXY_IMPEDANCE+REN_VOLTAGE_PAIR_AGGREGATE_CALIBRATION,126.0,1.0
TRAFO:00091,BUS:OSM:way:171253574:150,BUS:JUNCTION:60:01339,150,60,126.0,12.0,0.45,0.0,0.0,0.0,hv,0,-8,8,1.25,0,DIRECT_OSM_TRANSFORMER_TAG,OSM:node:10270022394,"{""frequency"": ""50"", ""operator"": ""REN"", ""operator:wikidata"": ""Q1862842"", ""power"": ""transformer"", ""rating"": ""126 MVA"", ""transformer"": ""main"", ""voltage:primary"": ""150000"", ""voltage:secondary"": ""60000""}",95.21427011389915,OSM_NAMEPLATE_MVA_WITH_PROXY_IMPEDANCE+REN_VOLTAGE_PAIR_AGGREGATE_CALIBRATION,126.0,1.0
TRAFO:00092,BUS:OSM:way:24636044:400,BUS:OSM:way:24636044:220,400,220,476.47058823529414,12.0,0.3,0.0,0.0,0.0,hv,0,-8,8,1.25,0,DIRECT_OSM_TRANSFORMER_TAG,OSM:node:11418029382,"{""frequency"": ""50"", ""operator"": ""REN"", ""operator:wikidata"": ""Q1862842"", ""power"": ""transformer"", ""rating"": ""450 MVA"", ""transformer"": ""main"", ""voltage:primary"": ""400000"", ""voltage:secondary"": ""220000""}",22.747613189135137,OSM_NAMEPLATE_MVA_WITH_PROXY_IMPEDANCE+REN_VOLTAGE_PAIR_AGGREGATE_CALIBRATION,450.0,1.0588235294117647
TRAFO:00093,BUS:OSM:way:24636044:400,BUS:EREDES:1107S5901900:60,400,60,170.0,12.0,0.35,0.0,0.0,0.0,hv,0,-8,8,1.25,0,DIRECT_OSM_TRANSFORMER_TAG,OSM:node:11418029413,"{""frequency"": ""50"", ""operator"": ""REN"", ""operator:wikidata"": ""Q1862842"", ""power"": ""transformer"", ""rating"": ""170 MVA"", ""transformer"": ""main"", ""voltage:primary"": ""400000"", ""voltage:secondary"": ""60000""}",116.37140540484629,OSM_NAMEPLATE_MVA_WITH_PROXY_IMPEDANCE+REN_VOLTAGE_PAIR_AGGREGATE_CALIBRATION,170.0,1.0
TRAFO:00094,BUS:OSM:way:24636044:400,BUS:EREDES:1107S5901900:60,400,60,170.0,12.0,0.35,0.0,0.0,0.0,hv,0,-8,8,1.25,0,DIRECT_OSM_TRANSFORMER_TAG,OSM:node:11418029414,"{""frequency"": ""50"", ""operator"": ""REN"", ""operator:wikidata"": ""Q1862842"", ""power"": ""transformer"", ""rating"": ""170 MVA"", ""transformer"": ""main"", ""voltage:primary"": ""400000"", ""voltage:secondary"": ""60000""}",133.60084785839626,OSM_NAMEPLATE_MVA_WITH_PROXY_IMPEDANCE+REN_VOLTAGE_PAIR_AGGREGATE_CALIBRATION,170.0,1.0
TRAFO:00095,BUS:OSM:way:127205502:220,BUS:EREDES:0409S5025200:60,220,60,170.0,12.0,0.4,0.0,0.0,0.0,hv,0,-8,8,1.25,0,DIRECT_OSM_TRANSFORMER_TAG,OSM:node:11458215622,"{""frequency"": ""50"", ""operator"": ""REN"", ""operator:wikidata"": ""Q1862842"", ""phases"": ""3"", ""power"": ""transformer"", ""transformer"": ""main"", ""voltage:primary"": ""220000"", ""voltage:secondary"": ""60000""}",259.1343295517438,VOLTAGE_PAIR_PROXY+REN_VOLTAGE_PAIR_AGGREGATE_CALIBRATION,170.0,1.0
TRAFO:00096,BUS:OSM:way:813954335:400,BUS:JUNCTION:60:02691,400,60,170.0,12.0,0.35,0.0,0.0,0.0,hv,0,-8,8,1.25,0,DIRECT_OSM_TRANSFORMER_TAG,OSM:node:11459934344,"{""frequency"": ""50"", ""operator"": ""REN"", ""operator:wikidata"": ""Q1862842"", ""power"": ""transformer"", ""transformer"": ""main"", ""voltage:primary"": ""400000"", ""voltage:secondary"": ""60000""}",81.71944940514649,VOLTAGE_PAIR_PROXY+REN_VOLTAGE_PAIR_AGGREGATE_CALIBRATION,170.0,1.0
TRAFO:00097,BUS:OSM:way:144639174:400,BUS:JUNCTION:60:01909,400,60,170.0,12.0,0.35,0.0,0.0,0.0,hv,0,-8,8,1.25,0,DIRECT_OSM_TRANSFORMER_TAG,OSM:node:11460258849,"{""devices"": ""3"", ""frequency"": ""50"", ""operator"": ""REN"", ""operator:wikidata"": ""Q1862842"", ""phases"": ""1"", ""power"": ""transformer"", ""transformer"": ""main"", ""voltage:primary"": ""400000"", ""voltage:secondary"": ""60000""}",52.66306920793452,VOLTAGE_PAIR_PROXY+REN_VOLTAGE_PAIR_AGGREGATE_CALIBRATION,170.0,1.0
TRAFO:00098,BUS:OSM:way:144639174:400,BUS:JUNCTION:60:01909,400,60,170.0,12.0,0.35,0.0,0.0,0.0,hv,0,-8,8,1.25,0,DIRECT_OSM_TRANSFORMER_TAG,OSM:node:11460258852,"{""devices"": ""3"", ""frequency"": ""50"", ""operator"": ""REN"", ""operator:wikidata"": ""Q1862842"", ""phases"": ""1"", ""power"": ""transformer"", ""transformer"": ""main"", ""voltage:primary"": ""400000"", ""voltage:secondary"": ""60000""}",62.13719965800579,VOLTAGE_PAIR_PROXY+REN_VOLTAGE_PAIR_AGGREGATE_CALIBRATION,170.0,1.0
TRAFO:00099,BUS:OSM:way:151168335:400,BUS:EREDES:1115P5187100:60,400,60,170.0,12.0,0.35,0.0,0.0,0.0,hv,0,-8,8,1.25,0,DIRECT_OSM_TRANSFORMER_TAG,OSM:node:11460283638,"{""frequency"": ""50"", ""operator"": ""REN"", ""operator:wikidata"": ""Q1862842"", ""power"": ""transformer"", ""rating"": ""170 MVA"", ""transformer"": ""main"", ""voltage:primary"": ""400000"", ""voltage:secondary"": ""60000""}",890.7231576742702,OSM_NAMEPLATE_MVA_WITH_PROXY_IMPEDANCE+REN_VOLTAGE_PAIR_AGGREGATE_CALIBRATION,170.0,1.0
TRAFO:00100,BUS:OSM:way:151168335:400,BUS:EREDES:1115P5187100:60,400,60,170.0,12.0,0.35,0.0,0.0,0.0,hv,0,-8,8,1.25,0,DIRECT_OSM_TRANSFORMER_TAG,OSM:node:11460283639,"{""frequency"": ""50"", ""operator"": ""REN"", ""operator:wikidata"": ""Q1862842"", ""power"": ""transformer"", ""rating"": ""170 MVA"", ""transformer"": ""main"", ""voltage:primary"": ""400000"", ""voltage:secondary"": ""60000""}",900.1097081968369,OSM_NAMEPLATE_MVA_WITH_PROXY_IMPEDANCE+REN_VOLTAGE_PAIR_AGGREGATE_CALIBRATION,170.0,1.0
TRAFO:00101,BUS:OSM:way:151168335:400,BUS:EREDES:1115P5187100:60,400,60,170.0,12.0,0.35,0.0,0.0,0.0,hv,0,-8,8,1.25,0,DIRECT_OSM_TRANSFORMER_TAG,OSM:node:11460283640,"{""frequency"": ""50"", ""operator"": ""REN"", ""operator:wikidata"": ""Q1862842"", ""power"": ""transformer"", ""rating"": ""170 MVA"", ""transformer"": ""main"", ""voltage:primary"": ""400000"", ""voltage:secondary"": ""60000""}",913.3310358899658,OSM_NAMEPLATE_MVA_WITH_PROXY_IMPEDANCE+REN_VOLTAGE_PAIR_AGGREGATE_CALIBRATION,170.0,1.0
TRAFO:00102,BUS:OSM:way:144400130:220,BUS:JUNCTION:60:01316,220,60,170.0,12.0,0.4,0.0,0.0,0.0,hv,0,-8,8,1.25,0,DIRECT_OSM_TRANSFORMER_TAG,OSM:node:11638385182,"{""frequency"": ""50"", ""operator"": ""REN"", ""operator:wikidata"": ""Q1862842"", ""power"": ""transformer"", ""transformer"": ""main"", ""voltage:primary"": ""220000"", ""voltage:secondary"": ""60000""}",64.98345287996693,VOLTAGE_PAIR_PROXY+REN_VOLTAGE_PAIR_AGGREGATE_CALIBRATION,170.0,1.0
TRAFO:00103,BUS:OSM:way:144400130:220,BUS:JUNCTION:60:01316,220,60,170.0,12.0,0.4,0.0,0.0,0.0,hv,0,-8,8,1.25,0,DIRECT_OSM_TRANSFORMER_TAG,OSM:node:11638385183,"{""frequency"": ""50"", ""operator"": ""REN"", ""operator:wikidata"": ""Q1862842"", ""power"": ""transformer"", ""transformer"": ""main"", ""voltage:primary"": ""220000"", ""voltage:secondary"": ""60000""}",82.86881011385562,VOLTAGE_PAIR_PROXY+REN_VOLTAGE_PAIR_AGGREGATE_CALIBRATION,170.0,1.0
TRAFO:00104,BUS:OSM:way:144374439:220,BUS:JUNCTION:60:01555,220,60,170.0,12.0,0.4,0.0,0.0,0.0,hv,0,-8,8,1.25,0,DIRECT_OSM_TRANSFORMER_TAG,OSM:node:11638385196,"{""frequency"": ""50"", ""operator"": ""REN"", ""operator:wikidata"": ""Q1862842"", ""power"": ""transformer"", ""rating"": ""170 MVA"", ""transformer"": ""main"", ""voltage:primary"": ""220000"", ""voltage:secondary"": ""60000""}",85.90835073326862,OSM_NAMEPLATE_MVA_WITH_PROXY_IMPEDANCE+REN_VOLTAGE_PAIR_AGGREGATE_CALIBRATION,170.0,1.0
TRAFO:00105,BUS:OSM:way:144374439:220,BUS:JUNCTION:60:01555,220,60,170.0,12.0,0.4,0.0,0.0,0.0,hv,0,-8,8,1.25,0,DIRECT_OSM_TRANSFORMER_TAG,OSM:node:11638385200,"{""frequency"": ""50"", ""operator"": ""REN"", ""operator:wikidata"": ""Q1862842"", ""power"": ""transformer"", ""rating"": ""170 MVA"", ""transformer"": ""main"", ""voltage:primary"": ""220000"", ""voltage:secondary"": ""60000""}",80.33909584248705,OSM_NAMEPLATE_MVA_WITH_PROXY_IMPEDANCE+REN_VOLTAGE_PAIR_AGGREGATE_CALIBRATION,170.0,1.0
TRAFO:00106,BUS:OSM:way:144554435:400,BUS:JUNCTION:60:00475,400,60,170.0,12.0,0.35,0.0,0.0,0.0,hv,0,-8,8,1.25,0,DIRECT_OSM_TRANSFORMER_TAG,OSM:node:11639104730,"{""frequency"": ""50"", ""operator"": ""REN"", ""operator:wikidata"": ""Q1862842"", ""power"": ""transformer"", ""rating"": ""170 MVA"", ""transformer"": ""main"", ""voltage:primary"": ""400000"", ""voltage:secondary"": ""60000""}",93.61588902326045,OSM_NAMEPLATE_MVA_WITH_PROXY_IMPEDANCE+REN_VOLTAGE_PAIR_AGGREGATE_CALIBRATION,170.0,1.0
TRAFO:00107,BUS:OSM:way:144439472:400,BUS:JUNCTION:60:00148,400,60,170.0,12.0,0.35,0.0,0.0,0.0,hv,0,-8,8,1.25,0,DIRECT_OSM_TRANSFORMER_TAG,OSM:node:11639104790,"{""frequency"": ""50"", ""operator"": ""REN"", ""operator:wikidata"": ""Q1862842"", ""power"": ""transformer"", ""rating"": ""170 MVA"", ""transformer"": ""main"", ""voltage:primary"": ""400000"", ""voltage:secondary"": ""60000""}",53.503434070050204,OSM_NAMEPLATE_MVA_WITH_PROXY_IMPEDANCE+REN_VOLTAGE_PAIR_AGGREGATE_CALIBRATION,170.0,1.0
TRAFO:00108,BUS:OSM:way:144439472:400,BUS:JUNCTION:60:00148,400,60,170.0,12.0,0.35,0.0,0.0,0.0,hv,0,-8,8,1.25,0,DIRECT_OSM_TRANSFORMER_TAG,OSM:node:11639104791,"{""frequency"": ""50"", ""operator"": ""REN"", ""operator:wikidata"": ""Q1862842"", ""power"": ""transformer"", ""rating"": ""170 MVA"", ""transformer"": ""main"", ""voltage:primary"": ""400000"", ""voltage:secondary"": ""60000""}",60.462499976677094,OSM_NAMEPLATE_MVA_WITH_PROXY_IMPEDANCE+REN_VOLTAGE_PAIR_AGGREGATE_CALIBRATION,170.0,1.0
TRAFO:00109,BUS:OSM:way:144584580:220,BUS:JUNCTION:60:01027,220,60,170.0,12.0,0.4,0.0,0.0,0.0,hv,0,-8,8,1.25,0,DIRECT_OSM_TRANSFORMER_TAG,OSM:node:11639104954,"{""frequency"": ""50"", ""operator"": ""REN"", ""operator:wikidata"": ""Q1862842"", ""power"": ""transformer"", ""rating"": ""170 MVA"", ""transformer"": ""main"", ""voltage:primary"": ""220000"", ""voltage:secondary"": ""60000""}",50.354012156954646,OSM_NAMEPLATE_MVA_WITH_PROXY_IMPEDANCE+REN_VOLTAGE_PAIR_AGGREGATE_CALIBRATION,170.0,1.0
TRAFO:00110,BUS:OSM:way:144584580:220,BUS:JUNCTION:60:01027,220,60,170.0,12.0,0.4,0.0,0.0,0.0,hv,0,-8,8,1.25,0,DIRECT_OSM_TRANSFORMER_TAG,OSM:node:11639104955,"{""frequency"": ""50"", ""operator"": ""REN"", ""operator:wikidata"": ""Q1862842"", ""power"": ""transformer"", ""rating"": ""170 MVA"", ""transformer"": ""main"", ""voltage:primary"": ""220000"", ""voltage:secondary"": ""60000""}",58.36332527526499,OSM_NAMEPLATE_MVA_WITH_PROXY_IMPEDANCE+REN_VOLTAGE_PAIR_AGGREGATE_CALIBRATION,170.0,1.0
TRAFO:00111,BUS:OSM:way:151162379:220,BUS:EREDES:0101S5000600:60,220,60,170.0,12.0,0.4,0.0,0.0,0.0,hv,0,-8,8,1.25,0,DIRECT_OSM_TRANSFORMER_TAG,OSM:node:11639105021,"{""frequency"": ""50"", ""operator"": ""REN"", ""operator:wikidata"": ""Q1862842"", ""power"": ""transformer"", ""transformer"": ""main"", ""voltage:primary"": ""220000"", ""voltage:secondary"": ""60000""}",587.631296867085,VOLTAGE_PAIR_PROXY+REN_VOLTAGE_PAIR_AGGREGATE_CALIBRATION,170.0,1.0
TRAFO:00112,BUS:OSM:way:151162379:220,BUS:EREDES:0101S5000600:60,220,60,170.0,12.0,0.4,0.0,0.0,0.0,hv,0,-8,8,1.25,0,DIRECT_OSM_TRANSFORMER_TAG,OSM:node:11639105022,"{""frequency"": ""50"", ""operator"": ""REN"", ""operator:wikidata"": ""Q1862842"", ""power"": ""transformer"", ""transformer"": ""main"", ""voltage:primary"": ""220000"", ""voltage:secondary"": ""60000""}",605.6872294785476,VOLTAGE_PAIR_PROXY+REN_VOLTAGE_PAIR_AGGREGATE_CALIBRATION,170.0,1.0
TRAFO:00113,BUS:OSM:way:151162379:220,BUS:EREDES:0101S5000600:60,220,60,170.0,12.0,0.4,0.0,0.0,0.0,hv,0,-8,8,1.25,0,DIRECT_OSM_TRANSFORMER_TAG,OSM:node:11639105023,"{""frequency"": ""50"", ""operator"": ""REN"", ""operator:wikidata"": ""Q1862842"", ""power"": ""transformer"", ""transformer"": ""main"", ""voltage:primary"": ""220000"", ""voltage:secondary"": ""60000""}",577.9750427642166,VOLTAGE_PAIR_PROXY+REN_VOLTAGE_PAIR_AGGREGATE_CALIBRATION,170.0,1.0
TRAFO:00114,BUS:OSM:way:144584585:220,BUS:JUNCTION:60:02485,220,60,126.0,12.0,0.4,0.0,0.0,0.0,hv,0,-8,8,1.25,0,DIRECT_OSM_TRANSFORMER_TAG,OSM:node:11639105081,"{""devices"": ""3"", ""frequency"": ""50"", ""operator"": ""REN"", ""operator:wikidata"": ""Q1862842"", ""phases"": ""1"", ""power"": ""transformer"", ""rating"": ""126 MVA"", ""transformer"": ""main"", ""voltage:primary"": ""220000"", ""voltage:secondary"": ""60000""}",75.11409051895737,OSM_NAMEPLATE_MVA_WITH_PROXY_IMPEDANCE+REN_VOLTAGE_PAIR_AGGREGATE_CALIBRATION,126.0,1.0
TRAFO:00115,BUS:OSM:way:144588414:220,BUS:JUNCTION:60:00980,220,60,170.0,12.0,0.4,0.0,0.0,0.0,hv,0,-8,8,1.25,0,DIRECT_OSM_TRANSFORMER_TAG,OSM:node:11643251136,"{""frequency"": ""50"", ""operator"": ""REN"", ""operator:wikidata"": ""Q1862842"", ""power"": ""transformer"", ""rating"": ""170 MVA"", ""transformer"": ""main"", ""voltage:primary"": ""220000"", ""voltage:secondary"": ""60000""}",66.88873326840546,OSM_NAMEPLATE_MVA_WITH_PROXY_IMPEDANCE+REN_VOLTAGE_PAIR_AGGREGATE_CALIBRATION,170.0,1.0
TRAFO:00116,BUS:OSM:way:144588414:220,BUS:JUNCTION:60:00980,220,60,170.0,12.0,0.4,0.0,0.0,0.0,hv,0,-8,8,1.25,0,DIRECT_OSM_TRANSFORMER_TAG,OSM:node:11643251137,"{""frequency"": ""50"", ""operator"": ""REN"", ""operator:wikidata"": ""Q1862842"", ""power"": ""transformer"", ""rating"": ""170 MVA"", ""transformer"": ""main"", ""voltage:primary"": ""220000"", ""voltage:secondary"": ""60000""}",50.877134957832105,OSM_NAMEPLATE_MVA_WITH_PROXY_IMPEDANCE+REN_VOLTAGE_PAIR_AGGREGATE_CALIBRATION,170.0,1.0
TRAFO:00117,BUS:OSM:way:144622215:150,BUS:JUNCTION:60:00869,150,60,120.0,12.0,0.45,0.0,0.0,0.0,hv,0,-8,8,1.25,0,DIRECT_OSM_TRANSFORMER_TAG,OSM:node:11649173351,"{""frequency"": ""50"", ""operator"": ""REN"", ""operator:wikidata"": ""Q1862842"", ""power"": ""transformer"", ""rating"": ""120 MVA"", ""transformer"": ""main"", ""voltage:primary"": ""150000"", ""voltage:secondary"": ""60000""}",110.61708568672826,OSM_NAMEPLATE_MVA_WITH_PROXY_IMPEDANCE+REN_VOLTAGE_PAIR_AGGREGATE_CALIBRATION,120.0,1.0
TRAFO:00118,BUS:OSM:way:163194137:400,BUS:OSM:way:163194137:150,400,150,450.0,12.0,0.3,0.0,0.0,0.0,hv,0,-8,8,1.25,0,DIRECT_OSM_TRANSFORMER_TAG,OSM:node:11650607137,"{""frequency"": ""50"", ""operator"": ""REN"", ""operator:wikidata"": ""Q1862842"", ""power"": ""transformer"", ""rating"": ""450 MVA"", ""transformer"": ""main"", ""voltage:primary"": ""400000"", ""voltage:secondary"": ""150000"", ""windings:auto"": ""yes""}",20.894793488618074,OSM_NAMEPLATE_MVA_WITH_PROXY_IMPEDANCE+REN_VOLTAGE_PAIR_AGGREGATE_CALIBRATION,450.0,1.0
TRAFO:00119,BUS:OSM:way:163194137:150,BUS:JUNCTION:60:00723,150,60,170.0,12.0,0.45,0.0,0.0,0.0,hv,0,-8,8,1.25,0,DIRECT_OSM_TRANSFORMER_TAG,OSM:node:11650607138,"{""frequency"": ""50"", ""operator"": ""REN"", ""operator:wikidata"": ""Q1862842"", ""power"": ""transformer"", ""rating"": ""170 MVA"", ""transformer"": ""main"", ""voltage:primary"": ""150000"", ""voltage:secondary"": ""60000""}",119.70874739144087,OSM_NAMEPLATE_MVA_WITH_PROXY_IMPEDANCE+REN_VOLTAGE_PAIR_AGGREGATE_CALIBRATION,170.0,1.0
TRAFO:00120,BUS:OSM:way:163194137:150,BUS:JUNCTION:60:00723,150,60,170.0,12.0,0.45,0.0,0.0,0.0,hv,0,-8,8,1.25,0,DIRECT_OSM_TRANSFORMER_TAG,OSM:node:11650607139,"{""frequency"": ""50"", ""operator"": ""REN"", ""operator:wikidata"": ""Q1862842"", ""power"": ""transformer"", ""rating"": ""170 MVA"", ""transformer"": ""main"", ""voltage:primary"": ""150000"", ""voltage:secondary"": ""60000""}",112.78242753103753,OSM_NAMEPLATE_MVA_WITH_PROXY_IMPEDANCE+REN_VOLTAGE_PAIR_AGGREGATE_CALIBRATION,170.0,1.0
TRAFO:00121,BUS:OSM:way:144398555:220,BUS:JUNCTION:60:00459,220,60,120.0,12.0,0.4,0.0,0.0,0.0,hv,0,-8,8,1.25,0,DIRECT_OSM_TRANSFORMER_TAG,OSM:node:11668920140,"{""devices"": ""3"", ""frequency"": ""50"", ""operator"": ""REN"", ""operator:wikidata"": ""Q1862842"", ""phases"": ""1"", ""power"": ""transformer"", ""rating"": ""120 MVA"", ""transformer"": ""main"", ""voltage:primary"": ""220000"", ""voltage:secondary"": ""60000""}",71.04244940445459,OSM_NAMEPLATE_MVA_WITH_PROXY_IMPEDANCE+REN_VOLTAGE_PAIR_AGGREGATE_CALIBRATION,120.0,1.0
TRAFO:00122,BUS:OSM:way:754137798:220,BUS:JUNCTION:60:00459,220,60,170.0,12.0,0.4,0.0,0.0,0.0,hv,0,-8,8,1.25,0,DIRECT_OSM_TRANSFORMER_TAG,OSM:node:11668921974,"{""frequency"": ""50"", ""operator"": ""EDP Renováveis"", ""operator:en"": ""EDP Renewables"", ""operator:pt"": ""EDP Renováveis"", ""operator:short"": ""EDPR"", ""operator:wikidata"": ""Q1274362"", ""power"": ""transformer"", ""transformer"": ""main"", ""voltage:primary"": ""60000"", ""voltage:secondary"": ""220000""}",185.11492281133337,VOLTAGE_PAIR_PROXY+REN_VOLTAGE_PAIR_AGGREGATE_CALIBRATION,170.0,1.0
TRAFO:00123,BUS:OSM:way:144398555:220,BUS:JUNCTION:60:00459,220,60,170.0,12.0,0.4,0.0,0.0,0.0,hv,0,-8,8,1.25,0,DIRECT_OSM_TRANSFORMER_TAG,OSM:node:11668922021,"{""frequency"": ""50"", ""operator"": ""REN"", ""operator:wikidata"": ""Q1862842"", ""power"": ""transformer"", ""rating"": ""170 MVA"", ""transformer"": ""main"", ""voltage:primary"": ""220000"", ""voltage:secondary"": ""60000""}",90.11778081649445,OSM_NAMEPLATE_MVA_WITH_PROXY_IMPEDANCE+REN_VOLTAGE_PAIR_AGGREGATE_CALIBRATION,170.0,1.0
TRAFO:00124,BUS:OSM:way:144432489:220,BUS:JUNCTION:60:00163,220,60,170.0,12.0,0.4,0.0,0.0,0.0,hv,0,-8,8,1.25,0,DIRECT_OSM_TRANSFORMER_TAG,OSM:node:11670033726,"{""frequency"": ""50"", ""power"": ""transformer"", ""transformer"": ""main"", ""voltage:primary"": ""220000"", ""voltage:secondary"": ""60000""}",56.721883078837934,VOLTAGE_PAIR_PROXY+REN_VOLTAGE_PAIR_AGGREGATE_CALIBRATION,170.0,1.0
TRAFO:00125,BUS:OSM:way:144432489:220,BUS:JUNCTION:60:00163,220,60,170.0,12.0,0.4,0.0,0.0,0.0,hv,0,-8,8,1.25,0,DIRECT_OSM_TRANSFORMER_TAG,OSM:node:11670033727,"{""frequency"": ""50"", ""power"": ""transformer"", ""transformer"": ""main"", ""voltage:primary"": ""220000"", ""voltage:secondary"": ""60000""}",43.68899759145715,VOLTAGE_PAIR_PROXY+REN_VOLTAGE_PAIR_AGGREGATE_CALIBRATION,170.0,1.0
TRAFO:00126,BUS:OSM:way:144432489:220,BUS:JUNCTION:60:00163,220,60,170.0,12.0,0.4,0.0,0.0,0.0,hv,0,-8,8,1.25,0,DIRECT_OSM_TRANSFORMER_TAG,OSM:node:11670033728,"{""frequency"": ""50"", ""power"": ""transformer"", ""transformer"": ""main"", ""voltage:primary"": ""220000"", ""voltage:secondary"": ""60000""}",49.76160907666674,VOLTAGE_PAIR_PROXY+REN_VOLTAGE_PAIR_AGGREGATE_CALIBRATION,170.0,1.0
TRAFO:00127,BUS:OSM:way:1228190772:220,BUS:EREDES:1015S5002300:60,220,60,126.0,12.0,0.4,0.0,0.0,0.0,hv,0,-8,8,1.25,0,DIRECT_OSM_TRANSFORMER_TAG,OSM:node:11673188846,"{""frequency"": ""50"", ""operator"": ""REN"", ""operator:wikidata"": ""Q1862842"", ""power"": ""transformer"", ""rating"": ""126 MVA"", ""transformer"": ""main"", ""voltage:primary"": ""220000"", ""voltage:secondary"": ""60000""}",50.83828202969694,OSM_NAMEPLATE_MVA_WITH_PROXY_IMPEDANCE+REN_VOLTAGE_PAIR_AGGREGATE_CALIBRATION,126.0,1.0
TRAFO:00128,BUS:OSM:way:144552378:150,BUS:JUNCTION:60:00333,150,60,170.0,12.0,0.45,0.0,0.0,0.0,hv,0,-8,8,1.25,0,DIRECT_OSM_TRANSFORMER_TAG,OSM:node:11673325171,"{""frequency"": ""50"", ""power"": ""transformer"", ""transformer"": ""main"", ""voltage:primary"": ""150000"", ""voltage:secondary"": ""60000"", ""windings:auto"": ""yes""}",95.60812681235531,VOLTAGE_PAIR_PROXY+REN_VOLTAGE_PAIR_AGGREGATE_CALIBRATION,170.0,1.0
TRAFO:00129,BUS:OSM:way:144552378:150,BUS:JUNCTION:60:00333,150,60,170.0,12.0,0.45,0.0,0.0,0.0,hv,0,-8,8,1.25,0,DIRECT_OSM_TRANSFORMER_TAG,OSM:node:11673325172,"{""frequency"": ""50"", ""power"": ""transformer"", ""transformer"": ""main"", ""voltage:primary"": ""150000"", ""voltage:secondary"": ""60000"", ""windings:auto"": ""yes""}",105.58683061981671,VOLTAGE_PAIR_PROXY+REN_VOLTAGE_PAIR_AGGREGATE_CALIBRATION,170.0,1.0
TRAFO:00130,BUS:OSM:way:144552378:220,BUS:OSM:way:144552378:150,220,150,250.0,12.0,0.35,0.0,0.0,0.0,hv,0,-8,8,1.25,0,DIRECT_OSM_TRANSFORMER_TAG,OSM:node:11673325173,"{""frequency"": ""50"", ""operator"": ""REN"", ""operator:wikidata"": ""Q1862842"", ""power"": ""transformer"", ""rating"": ""250 MVA"", ""transformer"": ""main"", ""voltage:primary"": ""220000"", ""voltage:secondary"": ""150000""}",100.26497782917274,OSM_NAMEPLATE_MVA_WITH_PROXY_IMPEDANCE+REN_VOLTAGE_PAIR_AGGREGATE_CALIBRATION,250.0,1.0
TRAFO:00131,BUS:OSM:way:144552378:220,BUS:OSM:way:144552378:150,220,150,250.0,12.0,0.35,0.0,0.0,0.0,hv,0,-8,8,1.25,0,DIRECT_OSM_TRANSFORMER_TAG,OSM:node:11673325174,"{""frequency"": ""50"", ""operator"": ""REN"", ""operator:wikidata"": ""Q1862842"", ""power"": ""transformer"", ""rating"": ""250 MVA"", ""transformer"": ""main"", ""voltage:primary"": ""220000"", ""voltage:secondary"": ""150000""}",126.57556788586527,OSM_NAMEPLATE_MVA_WITH_PROXY_IMPEDANCE+REN_VOLTAGE_PAIR_AGGREGATE_CALIBRATION,250.0,1.0
TRAFO:00132,BUS:OSM:way:131715746:220,BUS:JUNCTION:60:00091,220,60,126.0,12.0,0.4,0.0,0.0,0.0,hv,0,-8,8,1.25,0,DIRECT_OSM_TRANSFORMER_TAG,OSM:node:11705722932,"{""frequency"": ""50"", ""operator"": ""REN"", ""operator:wikidata"": ""Q1862842"", ""power"": ""transformer"", ""rating"": ""126 MVA"", ""transformer"": ""main"", ""voltage:primary"": ""220000"", ""voltage:secondary"": ""60000""}",326.0201303955164,OSM_NAMEPLATE_MVA_WITH_PROXY_IMPEDANCE+REN_VOLTAGE_PAIR_AGGREGATE_CALIBRATION,126.0,1.0
TRAFO:00133,BUS:OSM:way:201459319:400,BUS:OSM:way:201459319:150,400,150,450.0,12.0,0.3,0.0,0.0,0.0,hv,0,-8,8,1.25,0,DIRECT_OSM_TRANSFORMER_TAG,OSM:node:11705723027,"{""frequency"": ""50"", ""operator"": ""REN"", ""operator:wikidata"": ""Q1862842"", ""power"": ""transformer"", ""rating"": ""450 MVA"", ""transformer"": ""main"", ""voltage:primary"": ""400000"", ""voltage:secondary"": ""150000"", ""windings:auto"": ""yes""}",62.00147698809104,OSM_NAMEPLATE_MVA_WITH_PROXY_IMPEDANCE+REN_VOLTAGE_PAIR_AGGREGATE_CALIBRATION,450.0,1.0
TRAFO:00134,BUS:OSM:way:144396412:400,BUS:OSM:way:144396412:220,400,220,476.47058823529414,12.0,0.3,0.0,0.0,0.0,hv,0,-8,8,1.25,0,DIRECT_OSM_TRANSFORMER_TAG,OSM:node:12214803843,"{""frequency"": ""50"", ""operator"": ""REN"", ""operator:wikidata"": ""Q1862842"", ""power"": ""transformer"", ""rating"": ""450 MVA"", ""transformer"": ""main"", ""voltage:primary"": ""400000"", ""voltage:secondary"": ""220000"", ""windings:auto"": ""yes""}",30.635578769622327,OSM_NAMEPLATE_MVA_WITH_PROXY_IMPEDANCE+REN_VOLTAGE_PAIR_AGGREGATE_CALIBRATION,450.0,1.0588235294117647
TRAFO:00135,BUS:OSM:way:1041283619:220,BUS:EREDES:1101S5335200:60,220,60,120.0,12.0,0.4,0.0,0.0,0.0,hv,0,-8,8,1.25,0,DIRECT_OSM_TRANSFORMER_TAG,OSM:node:12215961666,"{""frequency"": ""50"", ""operator"": ""REN"", ""operator:wikidata"": ""Q1862842"", ""power"": ""transformer"", ""rating"": ""120 MVA"", ""transformer"": ""main"", ""voltage:primary"": ""220000"", ""voltage:secondary"": ""60000""}",156.29317237868855,OSM_NAMEPLATE_MVA_WITH_PROXY_IMPEDANCE+REN_VOLTAGE_PAIR_AGGREGATE_CALIBRATION,120.0,1.0
TRAFO:00136,BUS:OSM:way:1041283619:220,BUS:EREDES:1101S5335200:60,220,60,170.0,12.0,0.4,0.0,0.0,0.0,hv,0,-8,8,1.25,0,DIRECT_OSM_TRANSFORMER_TAG,OSM:node:12215961667,"{""frequency"": ""50"", ""operator"": ""REN"", ""operator:wikidata"": ""Q1862842"", ""power"": ""transformer"", ""rating"": ""170 MVA"", ""transformer"": ""main"", ""voltage:primary"": ""220000"", ""voltage:secondary"": ""60000""}",140.82875569609251,OSM_NAMEPLATE_MVA_WITH_PROXY_IMPEDANCE+REN_VOLTAGE_PAIR_AGGREGATE_CALIBRATION,170.0,1.0
TRAFO:00137,BUS:OSM:way:1041283619:220,BUS:EREDES:1101S5335200:60,220,60,120.0,12.0,0.4,0.0,0.0,0.0,hv,0,-8,8,1.25,0,DIRECT_OSM_TRANSFORMER_TAG,OSM:node:12215961668,"{""frequency"": ""50"", ""operator"": ""REN"", ""operator:wikidata"": ""Q1862842"", ""power"": ""transformer"", ""rating"": ""120 MVA"", ""transformer"": ""main"", ""voltage:primary"": ""220000"", ""voltage:secondary"": ""60000""}",125.71468371959944,OSM_NAMEPLATE_MVA_WITH_PROXY_IMPEDANCE+REN_VOLTAGE_PAIR_AGGREGATE_CALIBRATION,120.0,1.0
TRAFO:00138,BUS:OSM:way:24636062:220,BUS:EREDES:1106P5397000:60,220,60,170.0,12.0,0.4,0.0,0.0,0.0,hv,0,-8,8,1.25,0,DIRECT_OSM_TRANSFORMER_TAG,OSM:node:12216119487,"{""frequency"": ""50"", ""operator"": ""REN"", ""operator:wikidata"": ""Q1862842"", ""power"": ""transformer"", ""transformer"": ""main"", ""voltage:primary"": ""220000"", ""voltage:secondary"": ""60000""}",28.997884491098603,VOLTAGE_PAIR_PROXY+REN_VOLTAGE_PAIR_AGGREGATE_CALIBRATION,170.0,1.0
TRAFO:00139,BUS:OSM:way:24636062:220,BUS:EREDES:1106P5397000:60,220,60,170.0,12.0,0.4,0.0,0.0,0.0,hv,0,-8,8,1.25,0,DIRECT_OSM_TRANSFORMER_TAG,OSM:node:12216119488,"{""frequency"": ""50"", ""operator"": ""REN"", ""operator:wikidata"": ""Q1862842"", ""power"": ""transformer"", ""transformer"": ""main"", ""voltage:primary"": ""220000"", ""voltage:secondary"": ""60000""}",23.695194935244498,VOLTAGE_PAIR_PROXY+REN_VOLTAGE_PAIR_AGGREGATE_CALIBRATION,170.0,1.0
TRAFO:00140,BUS:OSM:way:24636062:220,BUS:EREDES:1106P5397000:60,220,60,170.0,12.0,0.4,0.0,0.0,0.0,hv,0,-8,8,1.25,0,DIRECT_OSM_TRANSFORMER_TAG,OSM:node:12216119489,"{""frequency"": ""50"", ""operator"": ""REN"", ""operator:wikidata"": ""Q1862842"", ""power"": ""transformer"", ""transformer"": ""main"", ""voltage:primary"": ""220000"", ""voltage:secondary"": ""60000""}",29.54047211215865,VOLTAGE_PAIR_PROXY+REN_VOLTAGE_PAIR_AGGREGATE_CALIBRATION,170.0,1.0
TRAFO:00141,BUS:OSM:way:24636062:220,BUS:EREDES:1106P5397000:60,220,60,170.0,12.0,0.4,0.0,0.0,0.0,hv,0,-8,8,1.25,0,DIRECT_OSM_TRANSFORMER_TAG,OSM:node:12216119490,"{""frequency"": ""50"", ""operator"": ""REN"", ""operator:wikidata"": ""Q1862842"", ""power"": ""transformer"", ""transformer"": ""main"", ""voltage:primary"": ""220000"", ""voltage:secondary"": ""60000""}",42.94470199930652,VOLTAGE_PAIR_PROXY+REN_VOLTAGE_PAIR_AGGREGATE_CALIBRATION,170.0,1.0
TRAFO:00142,BUS:OSM:way:144432478:220,BUS:JUNCTION:60:01400,220,60,126.0,12.0,0.4,0.0,0.0,0.0,hv,0,-8,8,1.25,0,DIRECT_OSM_TRANSFORMER_TAG,OSM:node:12216273726,"{""frequency"": ""50"", ""operator"": ""REN"", ""operator:wikidata"": ""Q1862842"", ""power"": ""transformer"", ""rating"": ""126 MVA"", ""transformer"": ""main"", ""voltage:primary"": ""220000"", ""voltage:secondary"": ""60000""}",44.43329543255181,OSM_NAMEPLATE_MVA_WITH_PROXY_IMPEDANCE+REN_VOLTAGE_PAIR_AGGREGATE_CALIBRATION,126.0,1.0
TRAFO:00143,BUS:OSM:way:144432478:220,BUS:JUNCTION:60:01400,220,60,126.0,12.0,0.4,0.0,0.0,0.0,hv,0,-8,8,1.25,0,DIRECT_OSM_TRANSFORMER_TAG,OSM:node:12216273727,"{""frequency"": ""50"", ""operator"": ""REN"", ""operator:wikidata"": ""Q1862842"", ""power"": ""transformer"", ""rating"": ""126 MVA"", ""transformer"": ""main"", ""voltage:primary"": ""220000"", ""voltage:secondary"": ""60000""}",36.182307320843314,OSM_NAMEPLATE_MVA_WITH_PROXY_IMPEDANCE+REN_VOLTAGE_PAIR_AGGREGATE_CALIBRATION,126.0,1.0
TRAFO:00144,BUS:OSM:way:144432478:220,BUS:JUNCTION:60:01400,220,60,126.0,12.0,0.4,0.0,0.0,0.0,hv,0,-8,8,1.25,0,DIRECT_OSM_TRANSFORMER_TAG,OSM:node:12216273728,"{""frequency"": ""50"", ""operator"": ""REN"", ""operator:wikidata"": ""Q1862842"", ""power"": ""transformer"", ""rating"": ""126 MVA"", ""transformer"": ""main"", ""voltage:primary"": ""220000"", ""voltage:secondary"": ""60000""}",53.38161512735206,OSM_NAMEPLATE_MVA_WITH_PROXY_IMPEDANCE+REN_VOLTAGE_PAIR_AGGREGATE_CALIBRATION,126.0,1.0
TRAFO:00145,BUS:OSM:way:987944916:400,BUS:JUNCTION:60:02782,400,60,170.0,12.0,0.35,0.0,0.0,0.0,hv,0,-8,8,1.25,0,DIRECT_OSM_TRANSFORMER_TAG,OSM:node:12216293061,"{""frequency"": ""50"", ""operator"": ""REN"", ""operator:wikidata"": ""Q1862842"", ""power"": ""transformer"", ""rating"": ""170 MVA"", ""transformer"": ""main"", ""voltage:primary"": ""400000"", ""voltage:secondary"": ""60000""}",104.84721524602979,OSM_NAMEPLATE_MVA_WITH_PROXY_IMPEDANCE+REN_VOLTAGE_PAIR_AGGREGATE_CALIBRATION,170.0,1.0
TRAFO:00146,BUS:OSM:way:144599061:150,BUS:JUNCTION:60:01686,150,60,170.0,12.0,0.45,0.0,0.0,0.0,hv,0,-8,8,1.25,0,DIRECT_OSM_TRANSFORMER_TAG,OSM:node:12216582617,"{""frequency"": ""50"", ""operator"": ""REN"", ""operator:wikidata"": ""Q1862842"", ""power"": ""transformer"", ""transformer"": ""main"", ""voltage:primary"": ""150000"", ""voltage:secondary"": ""60000"", ""windings:auto"": ""yes""}",112.54108295199038,VOLTAGE_PAIR_PROXY+REN_VOLTAGE_PAIR_AGGREGATE_CALIBRATION,170.0,1.0
TRAFO:00147,BUS:OSM:way:144599061:150,BUS:JUNCTION:60:01686,150,60,170.0,12.0,0.45,0.0,0.0,0.0,hv,0,-8,8,1.25,0,DIRECT_OSM_TRANSFORMER_TAG,OSM:node:12216582618,"{""frequency"": ""50"", ""operator"": ""REN"", ""operator:wikidata"": ""Q1862842"", ""power"": ""transformer"", ""transformer"": ""main"", ""voltage:primary"": ""150000"", ""voltage:secondary"": ""60000"", ""windings:auto"": ""yes""}",86.63232135037951,VOLTAGE_PAIR_PROXY+REN_VOLTAGE_PAIR_AGGREGATE_CALIBRATION,170.0,1.0
TRAFO:00148,BUS:OSM:way:144599061:150,BUS:JUNCTION:60:01686,150,60,170.0,12.0,0.45,0.0,0.0,0.0,hv,0,-8,8,1.25,0,DIRECT_OSM_TRANSFORMER_TAG,OSM:node:12216582619,"{""frequency"": ""50"", ""operator"": ""REN"", ""operator:wikidata"": ""Q1862842"", ""power"": ""transformer"", ""transformer"": ""main"", ""voltage:primary"": ""150000"", ""voltage:secondary"": ""60000"", ""windings:auto"": ""yes""}",67.46410093405787,VOLTAGE_PAIR_PROXY+REN_VOLTAGE_PAIR_AGGREGATE_CALIBRATION,170.0,1.0
TRAFO:00149,BUS:OSM:way:144599061:400,BUS:OSM:way:144599061:150,400,150,450.0,12.0,0.3,0.0,0.0,0.0,hv,0,-8,8,1.25,0,DIRECT_OSM_TRANSFORMER_TAG,OSM:node:12216582620,"{""frequency"": ""50"", ""operator"": ""REN"", ""operator:wikidata"": ""Q1862842"", ""power"": ""transformer"", ""rating"": ""450 MVA"", ""transformer"": ""main"", ""voltage:primary"": ""400000"", ""voltage:secondary"": ""150000"", ""windings:auto"": ""yes""}",80.18955864847283,OSM_NAMEPLATE_MVA_WITH_PROXY_IMPEDANCE+REN_VOLTAGE_PAIR_AGGREGATE_CALIBRATION,450.0,1.0
TRAFO:00150,BUS:OSM:way:144599061:400,BUS:OSM:way:144599061:150,400,150,450.0,12.0,0.3,0.0,0.0,0.0,hv,0,-8,8,1.25,0,DIRECT_OSM_TRANSFORMER_TAG,OSM:node:12216582621,"{""frequency"": ""50"", ""operator"": ""REN"", ""operator:wikidata"": ""Q1862842"", ""power"": ""transformer"", ""rating"": ""450 MVA"", ""transformer"": ""main"", ""voltage:primary"": ""400000"", ""voltage:secondary"": ""150000"", ""windings:auto"": ""yes""}",95.59120577256357,OSM_NAMEPLATE_MVA_WITH_PROXY_IMPEDANCE+REN_VOLTAGE_PAIR_AGGREGATE_CALIBRATION,450.0,1.0
TRAFO:00151,BUS:OSM:way:751560789:400,BUS:JUNCTION:60:00165,400,60,170.0,12.0,0.35,0.0,0.0,0.0,hv,0,-8,8,1.25,0,DIRECT_OSM_TRANSFORMER_TAG,OSM:node:12216703842,"{""frequency"": ""50"", ""operator"": ""REN"", ""operator:wikidata"": ""Q1862842"", ""power"": ""transformer"", ""rating"": ""170 MVA"", ""transformer"": ""main"", ""voltage:primary"": ""400000"", ""voltage:secondary"": ""60000""}",75.94788773768138,OSM_NAMEPLATE_MVA_WITH_PROXY_IMPEDANCE+REN_VOLTAGE_PAIR_AGGREGATE_CALIBRATION,170.0,1.0
TRAFO:00152,BUS:OSM:way:751560789:400,BUS:JUNCTION:60:00165,400,60,170.0,12.0,0.35,0.0,0.0,0.0,hv,0,-8,8,1.25,0,DIRECT_OSM_TRANSFORMER_TAG,OSM:node:12216703843,"{""frequency"": ""50"", ""operator"": ""REN"", ""operator:wikidata"": ""Q1862842"", ""power"": ""transformer"", ""rating"": ""170 MVA"", ""transformer"": ""main"", ""voltage:primary"": ""400000"", ""voltage:secondary"": ""60000""}",80.5560073327168,OSM_NAMEPLATE_MVA_WITH_PROXY_IMPEDANCE+REN_VOLTAGE_PAIR_AGGREGATE_CALIBRATION,170.0,1.0
TRAFO:00153,BUS:OSM:way:144635505:150,BUS:JUNCTION:60:00024,150,60,170.0,12.0,0.45,0.0,0.0,0.0,hv,0,-8,8,1.25,0,DIRECT_OSM_TRANSFORMER_TAG,OSM:node:12218806367,"{""frequency"": ""50"", ""operator"": ""REN"", ""operator:wikidata"": ""Q1862842"", ""power"": ""transformer"", ""transformer"": ""main"", ""voltage:primary"": ""150000"", ""voltage:secondary"": ""60000""}",74.88444654967864,VOLTAGE_PAIR_PROXY+REN_VOLTAGE_PAIR_AGGREGATE_CALIBRATION,170.0,1.0
TRAFO:00154,BUS:OSM:way:144635505:150,BUS:JUNCTION:60:00024,150,60,170.0,12.0,0.45,0.0,0.0,0.0,hv,0,-8,8,1.25,0,DIRECT_OSM_TRANSFORMER_TAG,OSM:node:12218806368,"{""frequency"": ""50"", ""operator"": ""REN"", ""operator:wikidata"": ""Q1862842"", ""power"": ""transformer"", ""transformer"": ""main"", ""voltage:primary"": ""150000"", ""voltage:secondary"": ""60000""}",66.53808811963653,VOLTAGE_PAIR_PROXY+REN_VOLTAGE_PAIR_AGGREGATE_CALIBRATION,170.0,1.0
TRAFO:00155,BUS:OSM:way:144635505:150,BUS:JUNCTION:60:00024,150,60,170.0,12.0,0.45,0.0,0.0,0.0,hv,0,-8,8,1.25,0,DIRECT_OSM_TRANSFORMER_TAG,OSM:node:12218806369,"{""frequency"": ""50"", ""operator"": ""REN"", ""operator:wikidata"": ""Q1862842"", ""power"": ""transformer"", ""transformer"": ""main"", ""voltage:primary"": ""150000"", ""voltage:secondary"": ""60000""}",60.094239897893154,VOLTAGE_PAIR_PROXY+REN_VOLTAGE_PAIR_AGGREGATE_CALIBRATION,170.0,1.0
TRAFO:00156,BUS:OSM:way:144635505:400,BUS:OSM:way:144635505:150,400,150,250.0,12.0,0.3,0.0,0.0,0.0,hv,0,-8,8,1.25,0,DIRECT_OSM_TRANSFORMER_TAG,OSM:node:12218806370,"{""frequency"": ""50"", ""operator"": ""REN"", ""operator:wikidata"": ""Q1862842"", ""power"": ""transformer"", ""rating"": ""250 MVA"", ""transformer"": ""main"", ""voltage:primary"": ""400000"", ""voltage:secondary"": ""150000"", ""windings:auto"": ""yes""}",69.09295919783688,OSM_NAMEPLATE_MVA_WITH_PROXY_IMPEDANCE+REN_VOLTAGE_PAIR_AGGREGATE_CALIBRATION,250.0,1.0
TRAFO:00157,BUS:OSM:way:144635505:400,BUS:OSM:way:144635505:150,400,150,250.0,12.0,0.3,0.0,0.0,0.0,hv,0,-8,8,1.25,0,DIRECT_OSM_TRANSFORMER_TAG,OSM:node:12218806371,"{""frequency"": ""50"", ""operator"": ""REN"", ""operator:wikidata"": ""Q1862842"", ""power"": ""transformer"", ""rating"": ""250 MVA"", ""transformer"": ""main"", ""voltage:primary"": ""400000"", ""voltage:secondary"": ""150000"", ""windings:auto"": ""yes""}",88.51800560478071,OSM_NAMEPLATE_MVA_WITH_PROXY_IMPEDANCE+REN_VOLTAGE_PAIR_AGGREGATE_CALIBRATION,250.0,1.0
TRAFO:00158,BUS:OSM:way:151077578:150,BUS:JUNCTION:60:01572,150,60,170.0,12.0,0.45,0.0,0.0,0.0,hv,0,-8,8,1.25,0,DIRECT_OSM_TRANSFORMER_TAG,OSM:node:12218861805,"{""devices"": ""3"", ""frequency"": ""50"", ""operator"": ""REN"", ""operator:wikidata"": ""Q1862842"", ""phases"": ""1"", ""power"": ""transformer"", ""rating"": ""170 MVA"", ""transformer"": ""main"", ""voltage:primary"": ""150000"", ""voltage:secondary"": ""60000""}",90.79347192862775,OSM_NAMEPLATE_MVA_WITH_PROXY_IMPEDANCE+REN_VOLTAGE_PAIR_AGGREGATE_CALIBRATION,170.0,1.0
TRAFO:00159,BUS:OSM:way:151077578:150,BUS:JUNCTION:60:01572,150,60,170.0,12.0,0.45,0.0,0.0,0.0,hv,0,-8,8,1.25,0,DIRECT_OSM_TRANSFORMER_TAG,OSM:node:12218861806,"{""devices"": ""3"", ""frequency"": ""50"", ""operator"": ""REN"", ""operator:wikidata"": ""Q1862842"", ""phases"": ""1"", ""power"": ""transformer"", ""rating"": ""170 MVA"", ""transformer"": ""main"", ""voltage:primary"": ""150000"", ""voltage:secondary"": ""60000""}",54.83767804382546,OSM_NAMEPLATE_MVA_WITH_PROXY_IMPEDANCE+REN_VOLTAGE_PAIR_AGGREGATE_CALIBRATION,170.0,1.0
TRAFO:00160,BUS:OSM:way:1054310285:400,BUS:OSM:way:1054310285:220,400,220,476.47058823529414,12.0,0.3,0.0,0.0,0.0,hv,0,-8,8,1.25,0,DIRECT_OSM_TRANSFORMER_TAG,OSM:node:12218897987,"{""frequency"": ""50"", ""operator"": ""REN"", ""operator:wikidata"": ""Q1862842"", ""power"": ""transformer"", ""rating"": ""450 MVA"", ""transformer"": ""main"", ""voltage:primary"": ""400000"", ""voltage:secondary"": ""220000"", ""windings:auto"": ""yes""}",15.749457288391337,OSM_NAMEPLATE_MVA_WITH_PROXY_IMPEDANCE+REN_VOLTAGE_PAIR_AGGREGATE_CALIBRATION,450.0,1.0588235294117647
TRAFO:00161,BUS:OSM:way:144387430:220,BUS:EREDES:0408S5010300:60,220,60,63.0,12.0,0.4,0.0,0.0,0.0,hv,0,-8,8,1.25,0,DIRECT_OSM_TRANSFORMER_TAG,OSM:node:12219077060,"{""frequency"": ""50"", ""operator"": ""REN"", ""operator:wikidata"": ""Q1862842"", ""power"": ""transformer"", ""rating"": ""63 MVA"", ""transformer"": ""main"", ""voltage:primary"": ""220000"", ""voltage:secondary"": ""60000""}",112.50208131067352,OSM_NAMEPLATE_MVA_WITH_PROXY_IMPEDANCE+REN_VOLTAGE_PAIR_AGGREGATE_CALIBRATION,63.0,1.0
TRAFO:00162,BUS:OSM:way:144387430:220,BUS:EREDES:0408S5010300:60,220,60,63.0,12.0,0.4,0.0,0.0,0.0,hv,0,-8,8,1.25,0,DIRECT_OSM_TRANSFORMER_TAG,OSM:node:12219077061,"{""frequency"": ""50"", ""operator"": ""REN"", ""operator:wikidata"": ""Q1862842"", ""power"": ""transformer"", ""rating"": ""63 MVA"", ""transformer"": ""main"", ""voltage:primary"": ""220000"", ""voltage:secondary"": ""60000""}",111.34022260736354,OSM_NAMEPLATE_MVA_WITH_PROXY_IMPEDANCE+REN_VOLTAGE_PAIR_AGGREGATE_CALIBRATION,63.0,1.0
TRAFO:00163,BUS:OSM:way:115732510:150,BUS:JUNCTION:60:03188,150,60,126.0,12.0,0.45,0.0,0.0,0.0,hv,0,-8,8,1.25,0,DIRECT_OSM_TRANSFORMER_TAG,OSM:node:12222822821,"{""frequency"": ""50"", ""operator"": ""REN"", ""operator:wikidata"": ""Q1862842"", ""power"": ""transformer"", ""rating"": ""126 MVA"", ""transformer"": ""main"", ""voltage:primary"": ""150000"", ""voltage:secondary"": ""60000""}",103.45470905141903,OSM_NAMEPLATE_MVA_WITH_PROXY_IMPEDANCE+REN_VOLTAGE_PAIR_AGGREGATE_CALIBRATION,126.0,1.0
TRAFO:00164,BUS:OSM:way:115732510:150,BUS:JUNCTION:60:03188,150,60,126.0,12.0,0.45,0.0,0.0,0.0,hv,0,-8,8,1.25,0,DIRECT_OSM_TRANSFORMER_TAG,OSM:node:12222822822,"{""frequency"": ""50"", ""operator"": ""REN"", ""operator:wikidata"": ""Q1862842"", ""power"": ""transformer"", ""rating"": ""126 MVA"", ""transformer"": ""main"", ""voltage:primary"": ""150000"", ""voltage:secondary"": ""60000""}",89.76570499376265,OSM_NAMEPLATE_MVA_WITH_PROXY_IMPEDANCE+REN_VOLTAGE_PAIR_AGGREGATE_CALIBRATION,126.0,1.0
TRAFO:00165,BUS:OSM:way:129055610:400,BUS:OSM:way:129055610:150,400,150,450.0,12.0,0.3,0.0,0.0,0.0,hv,0,-8,8,1.25,0,DIRECT_OSM_TRANSFORMER_TAG,OSM:node:12231736902,"{""devices"": ""3"", ""frequency"": ""50"", ""operator"": ""REN"", ""operator:wikidata"": ""Q1862842"", ""phases"": ""1"", ""power"": ""transformer"", ""rating"": ""450 MVA"", ""transformer"": ""main"", ""voltage:primary"": ""400000"", ""voltage:secondary"": ""150000"", ""windings:auto"": ""yes""}",38.39794872707305,OSM_NAMEPLATE_MVA_WITH_PROXY_IMPEDANCE+REN_VOLTAGE_PAIR_AGGREGATE_CALIBRATION,450.0,1.0
TRAFO:00166,BUS:OSM:way:144545398:220,BUS:JUNCTION:60:00078,220,60,170.0,12.0,0.4,0.0,0.0,0.0,hv,0,-8,8,1.25,0,DIRECT_OSM_TRANSFORMER_TAG,OSM:node:12232449000,"{""frequency"": ""50"", ""operator"": ""REN"", ""operator:wikidata"": ""Q1862842"", ""power"": ""transformer"", ""transformer"": ""main"", ""voltage:primary"": ""220000"", ""voltage:secondary"": ""60000""}",140.22853168780824,VOLTAGE_PAIR_PROXY+REN_VOLTAGE_PAIR_AGGREGATE_CALIBRATION,170.0,1.0
TRAFO:00167,BUS:OSM:way:144545398:220,BUS:JUNCTION:60:00078,220,60,170.0,12.0,0.4,0.0,0.0,0.0,hv,0,-8,8,1.25,0,DIRECT_OSM_TRANSFORMER_TAG,OSM:node:12232451301,"{""frequency"": ""50"", ""operator"": ""REN"", ""operator:wikidata"": ""Q1862842"", ""power"": ""transformer"", ""transformer"": ""main"", ""voltage:primary"": ""220000"", ""voltage:secondary"": ""60000""}",84.97884791831463,VOLTAGE_PAIR_PROXY+REN_VOLTAGE_PAIR_AGGREGATE_CALIBRATION,170.0,1.0
TRAFO:00168,BUS:OSM:way:144545398:220,BUS:JUNCTION:60:00078,220,60,170.0,12.0,0.4,0.0,0.0,0.0,hv,0,-8,8,1.25,0,DIRECT_OSM_TRANSFORMER_TAG,OSM:node:12232451302,"{""frequency"": ""50"", ""operator"": ""REN"", ""operator:wikidata"": ""Q1862842"", ""power"": ""transformer"", ""transformer"": ""main"", ""voltage:primary"": ""220000"", ""voltage:secondary"": ""60000""}",66.97492335200644,VOLTAGE_PAIR_PROXY+REN_VOLTAGE_PAIR_AGGREGATE_CALIBRATION,170.0,1.0
TRAFO:00169,BUS:OSM:way:132614219:150,BUS:JUNCTION:60:00976,150,60,126.0,12.0,0.45,0.0,0.0,0.0,hv,0,-8,8,1.25,0,DIRECT_OSM_TRANSFORMER_TAG,OSM:node:12330844129,"{""frequency"": ""50"", ""operator"": ""REN"", ""operator:wikidata"": ""Q1862842"", ""power"": ""transformer"", ""rating"": ""126 MVA"", ""transformer"": ""main"", ""voltage:primary"": ""150000"", ""voltage:secondary"": ""60000""}",79.99957944327154,OSM_NAMEPLATE_MVA_WITH_PROXY_IMPEDANCE+REN_VOLTAGE_PAIR_AGGREGATE_CALIBRATION,126.0,1.0
TRAFO:00170,BUS:OSM:way:132614219:150,BUS:JUNCTION:60:00976,150,60,126.0,12.0,0.45,0.0,0.0,0.0,hv,0,-8,8,1.25,0,DIRECT_OSM_TRANSFORMER_TAG,OSM:node:12330844130,"{""frequency"": ""50"", ""operator"": ""REN"", ""operator:wikidata"": ""Q1862842"", ""power"": ""transformer"", ""rating"": ""126 MVA"", ""transformer"": ""main"", ""voltage:primary"": ""150000"", ""voltage:secondary"": ""60000""}",67.53623141113361,OSM_NAMEPLATE_MVA_WITH_PROXY_IMPEDANCE+REN_VOLTAGE_PAIR_AGGREGATE_CALIBRATION,126.0,1.0
TRAFO:00171,BUS:OSM:way:124722161:220,BUS:JUNCTION:60:02537,220,60,126.0,12.0,0.4,0.0,0.0,0.0,hv,0,-8,8,1.25,0,DIRECT_OSM_TRANSFORMER_TAG,OSM:node:12331033340,"{""frequency"": ""50"", ""operator"": ""REN"", ""operator:wikidata"": ""Q1862842"", ""power"": ""transformer"", ""rating"": ""126 MVA"", ""transformer"": ""main"", ""voltage:primary"": ""220000"", ""voltage:secondary"": ""60000""}",93.38704732336522,OSM_NAMEPLATE_MVA_WITH_PROXY_IMPEDANCE+REN_VOLTAGE_PAIR_AGGREGATE_CALIBRATION,126.0,1.0
TRAFO:00172,BUS:OSM:way:402947133:220,BUS:EREDES:1107S5097500:60,220,60,170.0,12.0,0.4,0.0,0.0,0.0,hv,0,-8,8,1.25,0,DIRECT_OSM_TRANSFORMER_TAG,OSM:node:12334494667,"{""frequency"": ""50"", ""operator"": ""REN"", ""operator:wikidata"": ""Q1862842"", ""power"": ""transformer"", ""rating"": ""170 MVA"", ""transformer"": ""main"", ""voltage:primary"": ""220000"", ""voltage:secondary"": ""60000""}",182.89984215173317,OSM_NAMEPLATE_MVA_WITH_PROXY_IMPEDANCE+REN_VOLTAGE_PAIR_AGGREGATE_CALIBRATION,170.0,1.0
TRAFO:00173,BUS:OSM:way:402947133:220,BUS:EREDES:1107S5097500:60,220,60,170.0,12.0,0.4,0.0,0.0,0.0,hv,0,-8,8,1.25,0,DIRECT_OSM_TRANSFORMER_TAG,OSM:node:12334494668,"{""frequency"": ""50"", ""operator"": ""REN"", ""operator:wikidata"": ""Q1862842"", ""power"": ""transformer"", ""rating"": ""170 MVA"", ""transformer"": ""main"", ""voltage:primary"": ""220000"", ""voltage:secondary"": ""60000""}",192.11594593047863,OSM_NAMEPLATE_MVA_WITH_PROXY_IMPEDANCE+REN_VOLTAGE_PAIR_AGGREGATE_CALIBRATION,170.0,1.0
TRAFO:00174,BUS:OSM:way:402947133:220,BUS:EREDES:1107S5097500:60,220,60,170.0,12.0,0.4,0.0,0.0,0.0,hv,0,-8,8,1.25,0,DIRECT_OSM_TRANSFORMER_TAG,OSM:node:12334494669,"{""frequency"": ""50"", ""operator"": ""REN"", ""operator:wikidata"": ""Q1862842"", ""power"": ""transformer"", ""rating"": ""170 MVA"", ""transformer"": ""main"", ""voltage:primary"": ""220000"", ""voltage:secondary"": ""60000""}",201.90777259383006,OSM_NAMEPLATE_MVA_WITH_PROXY_IMPEDANCE+REN_VOLTAGE_PAIR_AGGREGATE_CALIBRATION,170.0,1.0
TRAFO:00175,BUS:OSM:way:144596347:220,BUS:EREDES:1416S5106800:60,220,60,126.0,12.0,0.4,0.0,0.0,0.0,hv,0,-8,8,1.25,0,DIRECT_OSM_TRANSFORMER_TAG,OSM:node:12334515841,"{""frequency"": ""50"", ""operator"": ""REN"", ""operator:wikidata"": ""Q1862842"", ""power"": ""transformer"", ""rating"": ""126 MVA"", ""transformer"": ""main"", ""voltage:primary"": ""220000"", ""voltage:secondary"": ""60000""}",286.45221152647434,OSM_NAMEPLATE_MVA_WITH_PROXY_IMPEDANCE+REN_VOLTAGE_PAIR_AGGREGATE_CALIBRATION,126.0,1.0
TRAFO:00176,BUS:OSM:way:144596347:220,BUS:EREDES:1416S5106800:60,220,60,126.0,12.0,0.4,0.0,0.0,0.0,hv,0,-8,8,1.25,0,DIRECT_OSM_TRANSFORMER_TAG,OSM:node:12334515842,"{""frequency"": ""50"", ""operator"": ""REN"", ""operator:wikidata"": ""Q1862842"", ""power"": ""transformer"", ""rating"": ""126 MVA"", ""transformer"": ""main"", ""voltage:primary"": ""220000"", ""voltage:secondary"": ""60000""}",280.9815869566028,OSM_NAMEPLATE_MVA_WITH_PROXY_IMPEDANCE+REN_VOLTAGE_PAIR_AGGREGATE_CALIBRATION,126.0,1.0
TRAFO:00177,BUS:OSM:way:1202440398:220,BUS:EREDES:1106P5470000:60,220,60,170.0,12.0,0.4,0.0,0.0,0.0,hv,0,-8,8,1.25,0,DIRECT_OSM_TRANSFORMER_TAG,OSM:node:12334544174,"{""frequency"": ""50"", ""operator"": ""REN"", ""operator:wikidata"": ""Q1862842"", ""power"": ""transformer"", ""rating"": ""170 MVA"", ""transformer"": ""main"", ""voltage:primary"": ""220000"", ""voltage:secondary"": ""60000""}",36.540486598573686,OSM_NAMEPLATE_MVA_WITH_PROXY_IMPEDANCE+REN_VOLTAGE_PAIR_AGGREGATE_CALIBRATION,170.0,1.0
TRAFO:00178,BUS:OSM:way:1202440398:220,BUS:EREDES:1106P5470000:60,220,60,170.0,12.0,0.4,0.0,0.0,0.0,hv,0,-8,8,1.25,0,DIRECT_OSM_TRANSFORMER_TAG,OSM:node:12334544175,"{""frequency"": ""50"", ""operator"": ""REN"", ""operator:wikidata"": ""Q1862842"", ""power"": ""transformer"", ""rating"": ""170 MVA"", ""transformer"": ""main"", ""voltage:primary"": ""220000"", ""voltage:secondary"": ""60000""}",26.18656730344325,OSM_NAMEPLATE_MVA_WITH_PROXY_IMPEDANCE+REN_VOLTAGE_PAIR_AGGREGATE_CALIBRATION,170.0,1.0
TRAFO:00179,BUS:OSM:way:1202440398:220,BUS:EREDES:1106P5470000:60,220,60,170.0,12.0,0.4,0.0,0.0,0.0,hv,0,-8,8,1.25,0,DIRECT_OSM_TRANSFORMER_TAG,OSM:node:12334544176,"{""frequency"": ""50"", ""operator"": ""REN"", ""operator:wikidata"": ""Q1862842"", ""power"": ""transformer"", ""rating"": ""170 MVA"", ""transformer"": ""main"", ""voltage:primary"": ""220000"", ""voltage:secondary"": ""60000""}",20.52614762657831,OSM_NAMEPLATE_MVA_WITH_PROXY_IMPEDANCE+REN_VOLTAGE_PAIR_AGGREGATE_CALIBRATION,170.0,1.0
TRAFO:00180,BUS:OSM:way:156176120:150,BUS:JUNCTION:60:00864,150,60,126.0,12.0,0.45,0.0,0.0,0.0,hv,0,-8,8,1.25,0,DIRECT_OSM_TRANSFORMER_TAG,OSM:node:12335004582,"{""frequency"": ""50"", ""operator"": ""REN"", ""operator:wikidata"": ""Q1862842"", ""power"": ""transformer"", ""rating"": ""126 MVA"", ""transformer"": ""main"", ""voltage:primary"": ""150000"", ""voltage:secondary"": ""60000""}",73.24591516927728,OSM_NAMEPLATE_MVA_WITH_PROXY_IMPEDANCE+REN_VOLTAGE_PAIR_AGGREGATE_CALIBRATION,126.0,1.0
TRAFO:00181,BUS:OSM:way:156176120:150,BUS:JUNCTION:60:00864,150,60,120.0,12.0,0.45,0.0,0.0,0.0,hv,0,-8,8,1.25,0,DIRECT_OSM_TRANSFORMER_TAG,OSM:node:12335004583,"{""frequency"": ""50"", ""operator"": ""REN"", ""operator:wikidata"": ""Q1862842"", ""power"": ""transformer"", ""rating"": ""120 MVA"", ""transformer"": ""main"", ""voltage:primary"": ""150000"", ""voltage:secondary"": ""60000""}",74.56349800718043,OSM_NAMEPLATE_MVA_WITH_PROXY_IMPEDANCE+REN_VOLTAGE_PAIR_AGGREGATE_CALIBRATION,120.0,1.0
TRAFO:00182,BUS:OSM:way:163227021:150,BUS:JUNCTION:60:01778,150,60,170.0,12.0,0.45,0.0,0.0,0.0,hv,0,-8,8,1.25,0,DIRECT_OSM_TRANSFORMER_TAG,OSM:node:12337081615,"{""frequency"": ""50"", ""operator"": ""REN"", ""operator:wikidata"": ""Q1862842"", ""power"": ""transformer"", ""rating"": ""170 MVA"", ""transformer"": ""main"", ""voltage:primary"": ""150000"", ""voltage:secondary"": ""60000""}",49.72662160879003,OSM_NAMEPLATE_MVA_WITH_PROXY_IMPEDANCE+REN_VOLTAGE_PAIR_AGGREGATE_CALIBRATION,170.0,1.0
TRAFO:00183,BUS:OSM:way:163227021:150,BUS:JUNCTION:60:01778,150,60,170.0,12.0,0.45,0.0,0.0,0.0,hv,0,-8,8,1.25,0,DIRECT_OSM_TRANSFORMER_TAG,OSM:node:12337081616,"{""frequency"": ""50"", ""operator"": ""REN"", ""operator:wikidata"": ""Q1862842"", ""power"": ""transformer"", ""rating"": ""170 MVA"", ""transformer"": ""main"", ""voltage:primary"": ""150000"", ""voltage:secondary"": ""60000""}",62.02434692552993,OSM_NAMEPLATE_MVA_WITH_PROXY_IMPEDANCE+REN_VOLTAGE_PAIR_AGGREGATE_CALIBRATION,170.0,1.0
TRAFO:00184,BUS:OSM:way:144651478:220,BUS:EREDES:1105P5395500:60,220,60,170.0,12.0,0.4,0.0,0.0,0.0,hv,0,-8,8,1.25,0,DIRECT_OSM_TRANSFORMER_TAG,OSM:node:12337448580,"{""frequency"": ""50"", ""operator"": ""REN"", ""operator:wikidata"": ""Q1862842"", ""power"": ""transformer"", ""rating"": ""170 MVA"", ""transformer"": ""main"", ""voltage:primary"": ""220000"", ""voltage:secondary"": ""60000""}",115.25284617966713,OSM_NAMEPLATE_MVA_WITH_PROXY_IMPEDANCE+REN_VOLTAGE_PAIR_AGGREGATE_CALIBRATION,170.0,1.0
TRAFO:00185,BUS:OSM:way:144651478:220,BUS:EREDES:1105P5395500:60,220,60,170.0,12.0,0.4,0.0,0.0,0.0,hv,0,-8,8,1.25,0,DIRECT_OSM_TRANSFORMER_TAG,OSM:node:12337448581,"{""frequency"": ""50"", ""operator"": ""REN"", ""operator:wikidata"": ""Q1862842"", ""power"": ""transformer"", ""rating"": ""170 MVA"", ""transformer"": ""main"", ""voltage:primary"": ""220000"", ""voltage:secondary"": ""60000""}",87.71398441720034,OSM_NAMEPLATE_MVA_WITH_PROXY_IMPEDANCE+REN_VOLTAGE_PAIR_AGGREGATE_CALIBRATION,170.0,1.0
TRAFO:00186,BUS:OSM:way:144651478:220,BUS:EREDES:1105P5395500:60,220,60,170.0,12.0,0.4,0.0,0.0,0.0,hv,0,-8,8,1.25,0,DIRECT_OSM_TRANSFORMER_TAG,OSM:node:12337448582,"{""frequency"": ""50"", ""operator"": ""REN"", ""operator:wikidata"": ""Q1862842"", ""power"": ""transformer"", ""rating"": ""170 MVA"", ""transformer"": ""main"", ""voltage:primary"": ""220000"", ""voltage:secondary"": ""60000""}",78.81735937720781,OSM_NAMEPLATE_MVA_WITH_PROXY_IMPEDANCE+REN_VOLTAGE_PAIR_AGGREGATE_CALIBRATION,170.0,1.0
TRAFO:00187,BUS:OSM:way:144711815:150,BUS:EREDES:0813S5062400:60,150,60,170.0,12.0,0.45,0.0,0.0,0.0,hv,0,-8,8,1.25,0,DIRECT_OSM_TRANSFORMER_TAG,OSM:node:12339164300,"{""frequency"": ""50"", ""operator"": ""REN"", ""operator:wikidata"": ""Q1862842"", ""power"": ""transformer"", ""transformer"": ""main"", ""voltage:primary"": ""150000"", ""voltage:secondary"": ""60000""}",108.80399537619455,VOLTAGE_PAIR_PROXY+REN_VOLTAGE_PAIR_AGGREGATE_CALIBRATION,170.0,1.0
TRAFO:00188,BUS:OSM:way:144396420:220,BUS:OSM:way:144396420:150,220,150,80.0,12.0,0.35,0.0,0.0,0.0,hv,0,-8,8,1.25,0,DIRECT_OSM_TRANSFORMER_TAG,OSM:node:12339419564,"{""frequency"": ""50"", ""operator"": ""REN"", ""operator:wikidata"": ""Q1862842"", ""power"": ""transformer"", ""rating"": ""80 MVA"", ""transformer"": ""main"", ""voltage:primary"": ""220000"", ""voltage:secondary"": ""150000"", ""windings:auto"": ""yes""}",6.741333341644577,OSM_NAMEPLATE_MVA_WITH_PROXY_IMPEDANCE+REN_VOLTAGE_PAIR_AGGREGATE_CALIBRATION,80.0,1.0
TRAFO:00189,BUS:OSM:way:137667702:220,BUS:JUNCTION:60:02259,220,60,170.0,12.0,0.4,0.0,0.0,0.0,hv,0,-8,8,1.25,0,DIRECT_OSM_TRANSFORMER_TAG,OSM:node:12339592205,"{""frequency"": ""50"", ""operator"": ""REN"", ""operator:wikidata"": ""Q1862842"", ""power"": ""transformer"", ""transformer"": ""main"", ""voltage:primary"": ""220000"", ""voltage:secondary"": ""60000""}",77.53110111045707,VOLTAGE_PAIR_PROXY+REN_VOLTAGE_PAIR_AGGREGATE_CALIBRATION,170.0,1.0
TRAFO:00190,BUS:OSM:way:137667702:220,BUS:JUNCTION:60:02259,220,60,170.0,12.0,0.4,0.0,0.0,0.0,hv,0,-8,8,1.25,0,DIRECT_OSM_TRANSFORMER_TAG,OSM:node:12339592206,"{""frequency"": ""50"", ""operator"": ""REN"", ""operator:wikidata"": ""Q1862842"", ""power"": ""transformer"", ""transformer"": ""main"", ""voltage:primary"": ""220000"", ""voltage:secondary"": ""60000""}",61.43118888621061,VOLTAGE_PAIR_PROXY+REN_VOLTAGE_PAIR_AGGREGATE_CALIBRATION,170.0,1.0
TRAFO:00191,BUS:OSM:way:137667702:220,BUS:JUNCTION:60:02259,220,60,170.0,12.0,0.4,0.0,0.0,0.0,hv,0,-8,8,1.25,0,DIRECT_OSM_TRANSFORMER_TAG,OSM:node:12339592207,"{""frequency"": ""50"", ""operator"": ""REN"", ""operator:wikidata"": ""Q1862842"", ""power"": ""transformer"", ""transformer"": ""main"", ""voltage:primary"": ""220000"", ""voltage:secondary"": ""60000""}",55.14910579650114,VOLTAGE_PAIR_PROXY+REN_VOLTAGE_PAIR_AGGREGATE_CALIBRATION,170.0,1.0
TRAFO:00192,BUS:OSM:way:137667702:220,BUS:JUNCTION:60:02259,220,60,170.0,12.0,0.4,0.0,0.0,0.0,hv,0,-8,8,1.25,0,DIRECT_OSM_TRANSFORMER_TAG,OSM:node:12339592208,"{""frequency"": ""50"", ""operator"": ""REN"", ""operator:wikidata"": ""Q1862842"", ""power"": ""transformer"", ""transformer"": ""main"", ""voltage:primary"": ""220000"", ""voltage:secondary"": ""60000""}",57.30258812981454,VOLTAGE_PAIR_PROXY+REN_VOLTAGE_PAIR_AGGREGATE_CALIBRATION,170.0,1.0
TRAFO:00193,BUS:OSM:way:1202443036:220,BUS:EREDES:1106S5183100:60,220,60,170.0,12.0,0.4,0.0,0.0,0.0,hv,0,-8,8,1.25,0,DIRECT_OSM_TRANSFORMER_TAG,OSM:node:12339805645,"{""frequency"": ""50"", ""operator"": ""REN"", ""operator:wikidata"": ""Q1862842"", ""power"": ""transformer"", ""rating"": ""170 MVA"", ""transformer"": ""main"", ""voltage:primary"": ""220000"", ""voltage:secondary"": ""60000""}",34.925593095182684,OSM_NAMEPLATE_MVA_WITH_PROXY_IMPEDANCE+REN_VOLTAGE_PAIR_AGGREGATE_CALIBRATION,170.0,1.0
TRAFO:00194,BUS:OSM:way:1202443036:220,BUS:EREDES:1106S5183100:60,220,60,170.0,12.0,0.4,0.0,0.0,0.0,hv,0,-8,8,1.25,0,DIRECT_OSM_TRANSFORMER_TAG,OSM:node:12339805646,"{""frequency"": ""50"", ""operator"": ""REN"", ""operator:wikidata"": ""Q1862842"", ""power"": ""transformer"", ""rating"": ""170 MVA"", ""transformer"": ""main"", ""voltage:primary"": ""220000"", ""voltage:secondary"": ""60000""}",34.508745982404626,OSM_NAMEPLATE_MVA_WITH_PROXY_IMPEDANCE+REN_VOLTAGE_PAIR_AGGREGATE_CALIBRATION,170.0,1.0
TRAFO:00195,BUS:OSM:way:1202443036:220,BUS:EREDES:1106S5183100:60,220,60,170.0,12.0,0.4,0.0,0.0,0.0,hv,0,-8,8,1.25,0,DIRECT_OSM_TRANSFORMER_TAG,OSM:node:12339805647,"{""frequency"": ""50"", ""operator"": ""REN"", ""operator:wikidata"": ""Q1862842"", ""power"": ""transformer"", ""rating"": ""170 MVA"", ""transformer"": ""main"", ""voltage:primary"": ""220000"", ""voltage:secondary"": ""60000""}",40.04838401948766,OSM_NAMEPLATE_MVA_WITH_PROXY_IMPEDANCE+REN_VOLTAGE_PAIR_AGGREGATE_CALIBRATION,170.0,1.0
TRAFO:00196,BUS:OSM:way:694016335:400,BUS:JUNCTION:60:00469,400,60,170.0,12.0,0.35,0.0,0.0,0.0,hv,0,-8,8,1.25,0,DIRECT_OSM_TRANSFORMER_TAG,OSM:node:12351060696,"{""frequency"": ""50"", ""operator"": ""REN"", ""operator:wikidata"": ""Q1862842"", ""power"": ""transformer"", ""rating"": ""170 MVA"", ""transformer"": ""main"", ""voltage:primary"": ""400000"", ""voltage:secondary"": ""60000""}",85.44594261245625,OSM_NAMEPLATE_MVA_WITH_PROXY_IMPEDANCE+REN_VOLTAGE_PAIR_AGGREGATE_CALIBRATION,170.0,1.0
TRAFO:00197,BUS:OSM:way:694016335:400,BUS:JUNCTION:60:00469,400,60,170.0,12.0,0.35,0.0,0.0,0.0,hv,0,-8,8,1.25,0,DIRECT_OSM_TRANSFORMER_TAG,OSM:node:12351060697,"{""frequency"": ""50"", ""operator"": ""REN"", ""operator:wikidata"": ""Q1862842"", ""power"": ""transformer"", ""rating"": ""170 MVA"", ""transformer"": ""main"", ""voltage:primary"": ""400000"", ""voltage:secondary"": ""60000""}",86.58729678536889,OSM_NAMEPLATE_MVA_WITH_PROXY_IMPEDANCE+REN_VOLTAGE_PAIR_AGGREGATE_CALIBRATION,170.0,1.0
TRAFO:00198,BUS:OSM:way:115732510:150,BUS:JUNCTION:60:03188,150,60,126.0,12.0,0.45,0.0,0.0,0.0,hv,0,-8,8,1.25,0,DIRECT_OSM_TRANSFORMER_TAG,OSM:node:13734423465,"{""frequency"": ""50"", ""operator"": ""REN"", ""operator:wikidata"": ""Q1862842"", ""power"": ""transformer"", ""rating"": ""126 MVA"", ""transformer"": ""main"", ""voltage:primary"": ""150000"", ""voltage:secondary"": ""60000""}",92.4285899934207,OSM_NAMEPLATE_MVA_WITH_PROXY_IMPEDANCE+REN_VOLTAGE_PAIR_AGGREGATE_CALIBRATION,126.0,1.0
TRAFO:00199,BUS:OSM:relation:17294973:400,BUS:OSM:relation:17294973:150,400,150,450.0,12.0,0.3,0.0,0.0,0.0,hv,0,-8,8,1.25,0,OSM_SUBSTATION_COLOCATION_INFERRED,OSM:relation:17294973,Multiple configured voltage levels are co-located in the same OSM substation feature.,0.0,VOLTAGE_PAIR_PROXY+REN_VOLTAGE_PAIR_AGGREGATE_CALIBRATION,450.0,1.0
TRAFO:00200,BUS:OSM:way:144588414:220,BUS:OSM:way:144588414:150,220,150,250.0,12.0,0.35,0.0,0.0,0.0,hv,0,-8,8,1.25,0,OSM_SUBSTATION_COLOCATION_INFERRED,OSM:way:144588414,Multiple configured voltage levels are co-located in the same OSM substation feature.,0.0,VOLTAGE_PAIR_PROXY+REN_VOLTAGE_PAIR_AGGREGATE_CALIBRATION,250.0,1.0
TRAFO:00201,BUS:OSM:way:1462950857:400,BUS:OSM:way:1462950857:150,400,150,450.0,12.0,0.3,0.0,0.0,0.0,hv,0,-8,8,1.25,0,OSM_SUBSTATION_COLOCATION_INFERRED,OSM:way:1462950857,Multiple configured voltage levels are co-located in the same OSM substation feature.,0.0,VOLTAGE_PAIR_PROXY+REN_VOLTAGE_PAIR_AGGREGATE_CALIBRATION,450.0,1.0
TRAFO:00202,BUS:OSM:way:813954335:400,BUS:EREDES:1507S5900600:60,400,60,170.0,12.0,0.35,0.0,0.0,0.0,hv,0,-8,8,1.25,0,RARI_BOUNDARY_NAME_AND_SPATIAL_INFERRED,RARI:Alcochete,E-REDES RARI boundary name matches an OSM high-voltage substation; the closest associated E-REDES 60 kV facility is used.,3321.9776162000153,VOLTAGE_PAIR_PROXY+REN_VOLTAGE_PAIR_AGGREGATE_CALIBRATION,170.0,1.0
TRAFO:00203,BUS:OSM:way:144439472:400,BUS:EREDES:1823S5009300:60,400,60,170.0,12.0,0.35,0.0,0.0,0.0,hv,0,-8,8,1.25,0,RARI_BOUNDARY_NAME_AND_SPATIAL_INFERRED,RARI:Bodiosa,E-REDES RARI boundary name matches an OSM high-voltage substation; the closest associated E-REDES 60 kV facility is used.,4380.780039632814,VOLTAGE_PAIR_PROXY+REN_VOLTAGE_PAIR_AGGREGATE_CALIBRATION,170.0,1.0
TRAFO:00204,BUS:OSM:way:116944631:220,BUS:EREDES:1317S5001800:60,220,60,170.0,12.0,0.4,0.0,0.0,0.0,hv,0,-8,8,1.25,0,RARI_BOUNDARY_NAME_AND_SPATIAL_INFERRED,RARI:Canelas,E-REDES RARI boundary name matches an OSM high-voltage substation; the closest associated E-REDES 60 kV facility is used.,2305.8535959845076,VOLTAGE_PAIR_PROXY+REN_VOLTAGE_PAIR_AGGREGATE_CALIBRATION,170.0,1.0
TRAFO:00205,BUS:OSM:way:151166980:220,BUS:EREDES:1113S5480800:60,220,60,170.0,12.0,0.4,0.0,0.0,0.0,hv,0,-8,8,1.25,0,RARI_BOUNDARY_NAME_AND_SPATIAL_INFERRED,RARI:Carvoeira,E-REDES RARI boundary name matches an OSM high-voltage substation; the closest associated E-REDES 60 kV facility is used.,2732.635068746898,VOLTAGE_PAIR_PROXY+REN_VOLTAGE_PAIR_AGGREGATE_CALIBRATION,170.0,1.0
TRAFO:00206,BUS:OSM:way:144432478:220,BUS:EREDES:0903S5008700:60,220,60,170.0,12.0,0.4,0.0,0.0,0.0,hv,0,-8,8,1.25,0,RARI_BOUNDARY_NAME_AND_SPATIAL_INFERRED,RARI:Chafariz,E-REDES RARI boundary name matches an OSM high-voltage substation; the closest associated E-REDES 60 kV facility is used.,2693.491592733918,VOLTAGE_PAIR_PROXY+REN_VOLTAGE_PAIR_AGGREGATE_CALIBRATION,170.0,1.0
TRAFO:00207,BUS:OSM:way:1089441083:220,BUS:EREDES:1315S5021000:60,220,60,170.0,12.0,0.4,0.0,0.0,0.0,hv,0,-8,8,1.25,0,RARI_BOUNDARY_NAME_AND_SPATIAL_INFERRED,RARI:Ermesinde,E-REDES RARI boundary name matches an OSM high-voltage substation; the closest associated E-REDES 60 kV facility is used.,222.65850919876902,VOLTAGE_PAIR_PROXY+REN_VOLTAGE_PAIR_AGGREGATE_CALIBRATION,170.0,1.0
TRAFO:00208,BUS:OSM:way:144374442:220,BUS:EREDES:0108S5001000:60,220,60,170.0,12.0,0.4,0.0,0.0,0.0,hv,0,-8,8,1.25,0,RARI_BOUNDARY_NAME_AND_SPATIAL_INFERRED,RARI:Estarreja,E-REDES RARI boundary name matches an OSM high-voltage substation; the closest associated E-REDES 60 kV facility is used.,2654.8342436310745,VOLTAGE_PAIR_PROXY+REN_VOLTAGE_PAIR_AGGREGATE_CALIBRATION,170.0,1.0
TRAFO:00209,BUS:OSM:way:93512590:150,BUS:EREDES:0810S5063600:60,150,60,170.0,12.0,0.45,0.0,0.0,0.0,hv,0,-8,8,1.25,0,RARI_BOUNDARY_NAME_AND_SPATIAL_INFERRED,RARI:Estoi,E-REDES RARI boundary name matches an OSM high-voltage substation; the closest associated E-REDES 60 kV facility is used.,4405.082972768643,VOLTAGE_PAIR_PROXY+REN_VOLTAGE_PAIR_AGGREGATE_CALIBRATION,170.0,1.0
TRAFO:00210,BUS:OSM:way:144601080:400,BUS:JUNCTION:60:00825,400,60,170.0,12.0,0.35,0.0,0.0,0.0,hv,0,-8,8,1.25,0,RARI_BOUNDARY_NAME_AND_COLOCATED_60KV_ENDPOINT_INFERRED,RARI:Estremoz,E-REDES RARI names the RNT boundary; the closest 60 kV topology endpoint co-located with the matched OSM high-voltage substation is used.,79.59808928392528,VOLTAGE_PAIR_PROXY+REN_VOLTAGE_PAIR_AGGREGATE_CALIBRATION,170.0,1.0
TRAFO:00211,BUS:OSM:way:541036600:150,BUS:EREDES:0307S5004400:60,150,60,170.0,12.0,0.45,0.0,0.0,0.0,hv,0,-8,8,1.25,0,RARI_BOUNDARY_NAME_AND_SPATIAL_INFERRED,RARI:Fafe,E-REDES RARI boundary name matches an OSM high-voltage substation; the closest associated E-REDES 60 kV facility is used.,3102.7627778195088,VOLTAGE_PAIR_PROXY+REN_VOLTAGE_PAIR_AGGREGATE_CALIBRATION,170.0,1.0
TRAFO:00212,BUS:OSM:way:24636044:220,BUS:EREDES:1107S5901900:60,220,60,170.0,12.0,0.4,0.0,0.0,0.0,hv,0,-8,8,1.25,0,RARI_BOUNDARY_NAME_AND_SPATIAL_INFERRED,RARI:Fanhões,E-REDES RARI boundary name matches an OSM high-voltage substation; the closest associated E-REDES 60 kV facility is used.,172.95278585036104,VOLTAGE_PAIR_PROXY+REN_VOLTAGE_PAIR_AGGREGATE_CALIBRATION,170.0,1.0
TRAFO:00213,BUS:OSM:way:144432489:220,BUS:EREDES:0503P5011700:60,220,60,170.0,12.0,0.4,0.0,0.0,0.0,hv,0,-8,8,1.25,0,RARI_BOUNDARY_NAME_AND_SPATIAL_INFERRED,RARI:Ferro,E-REDES RARI boundary name matches an OSM high-voltage substation; the closest associated E-REDES 60 kV facility is used.,3093.591838294231,VOLTAGE_PAIR_PROXY+REN_VOLTAGE_PAIR_AGGREGATE_CALIBRATION,170.0,1.0
TRAFO:00214,BUS:OSM:way:144554435:400,BUS:EREDES:0605P5020300:60,400,60,170.0,12.0,0.35,0.0,0.0,0.0,hv,0,-8,8,1.25,0,RARI_BOUNDARY_NAME_AND_SPATIAL_INFERRED,RARI:Lavos,E-REDES RARI boundary name matches an OSM high-voltage substation; the closest associated E-REDES 60 kV facility is used.,1430.8679792805774,VOLTAGE_PAIR_PROXY+REN_VOLTAGE_PAIR_AGGREGATE_CALIBRATION,170.0,1.0
TRAFO:00215,BUS:OSM:way:151061905:150,BUS:EREDES:0313S5020100:60,150,60,170.0,12.0,0.45,0.0,0.0,0.0,hv,0,-8,8,1.25,0,RARI_BOUNDARY_NAME_AND_SPATIAL_INFERRED,RARI:Oleiros,E-REDES RARI boundary name matches an OSM high-voltage substation; the closest associated E-REDES 60 kV facility is used.,4407.46241230862,VOLTAGE_PAIR_PROXY+REN_VOLTAGE_PAIR_AGGREGATE_CALIBRATION,170.0,1.0
TRAFO:00216,BUS:OSM:way:144439469:220,BUS:EREDES:0103S5006000:60,220,60,170.0,12.0,0.4,0.0,0.0,0.0,hv,0,-8,8,1.25,0,RARI_BOUNDARY_NAME_AND_SPATIAL_INFERRED,RARI:Paraímo,E-REDES RARI boundary name matches an OSM high-voltage substation; the closest associated E-REDES 60 kV facility is used.,4107.066686110217,VOLTAGE_PAIR_PROXY+REN_VOLTAGE_PAIR_AGGREGATE_CALIBRATION,170.0,1.0
TRAFO:00217,BUS:OSM:way:144545398:220,BUS:EREDES:0603S5005300:60,220,60,170.0,12.0,0.4,0.0,0.0,0.0,hv,0,-8,8,1.25,0,RARI_BOUNDARY_NAME_AND_SPATIAL_INFERRED,RARI:Pereiros,E-REDES RARI boundary name matches an OSM high-voltage substation; the closest associated E-REDES 60 kV facility is used.,3496.494186669293,VOLTAGE_PAIR_PROXY+REN_VOLTAGE_PAIR_AGGREGATE_CALIBRATION,170.0,1.0
TRAFO:00218,BUS:OSM:way:163194137:150,BUS:EREDES:0811S5060400:60,150,60,170.0,12.0,0.45,0.0,0.0,0.0,hv,0,-8,8,1.25,0,RARI_BOUNDARY_NAME_AND_SPATIAL_INFERRED,RARI:Portimão,E-REDES RARI boundary name matches an OSM high-voltage substation; the closest associated E-REDES 60 kV facility is used.,2741.056199546056,VOLTAGE_PAIR_PROXY+REN_VOLTAGE_PAIR_AGGREGATE_CALIBRATION,170.0,1.0
TRAFO:00219,BUS:OSM:way:124722161:220,BUS:EREDES:1315S5012200:60,220,60,170.0,12.0,0.4,0.0,0.0,0.0,hv,0,-8,8,1.25,0,RARI_BOUNDARY_NAME_AND_SPATIAL_INFERRED,RARI:Recarei,E-REDES RARI boundary name matches an OSM high-voltage substation; the closest associated E-REDES 60 kV facility is used.,3985.160802336152,VOLTAGE_PAIR_PROXY+REN_VOLTAGE_PAIR_AGGREGATE_CALIBRATION,170.0,1.0
TRAFO:00220,BUS:OSM:way:156176120:150,BUS:EREDES:1512S5031900:60,150,60,170.0,12.0,0.45,0.0,0.0,0.0,hv,0,-8,8,1.25,0,RARI_BOUNDARY_NAME_AND_SPATIAL_INFERRED,RARI:Setúbal,E-REDES RARI boundary name matches an OSM high-voltage substation; the closest associated E-REDES 60 kV facility is used.,1404.059525364476,VOLTAGE_PAIR_PROXY+REN_VOLTAGE_PAIR_AGGREGATE_CALIBRATION,170.0,1.0
TRAFO:00221,BUS:OSM:way:163214308:150,BUS:EREDES:1513S5907600:60,150,60,170.0,12.0,0.45,0.0,0.0,0.0,hv,0,-8,8,1.25,0,RARI_BOUNDARY_NAME_AND_SPATIAL_INFERRED,RARI:Sines,E-REDES RARI boundary name matches an OSM high-voltage substation; the closest associated E-REDES 60 kV facility is used.,1472.8631941774986,VOLTAGE_PAIR_PROXY+REN_VOLTAGE_PAIR_AGGREGATE_CALIBRATION,170.0,1.0
TRAFO:00222,BUS:OSM:way:201459319:150,BUS:EREDES:0814S5060300:60,150,60,170.0,12.0,0.45,0.0,0.0,0.0,hv,0,-8,8,1.25,0,RARI_BOUNDARY_NAME_AND_SPATIAL_INFERRED,RARI:Tavira,E-REDES RARI boundary name matches an OSM high-voltage substation; the closest associated E-REDES 60 kV facility is used.,4941.146904443714,VOLTAGE_PAIR_PROXY+REN_VOLTAGE_PAIR_AGGREGATE_CALIBRATION,170.0,1.0
TRAFO:00223,BUS:OSM:way:1422828550:220,BUS:EREDES:1311S5006900:60,220,60,170.0,12.0,0.4,0.0,0.0,0.0,hv,0,-8,8,1.25,0,RARI_BOUNDARY_NAME_AND_SPATIAL_INFERRED,RARI:Torrão,E-REDES RARI boundary name matches an OSM high-voltage substation; the closest associated E-REDES 60 kV facility is used.,2837.717464581503,VOLTAGE_PAIR_PROXY+REN_VOLTAGE_PAIR_AGGREGATE_CALIBRATION,170.0,1.0
TRAFO:00224,BUS:OSM:way:163227021:150,BUS:EREDES:1503S5022800:60,150,60,170.0,12.0,0.45,0.0,0.0,0.0,hv,0,-8,8,1.25,0,RARI_BOUNDARY_NAME_AND_SPATIAL_INFERRED,RARI:Trafaria,E-REDES RARI boundary name matches an OSM high-voltage substation; the closest associated E-REDES 60 kV facility is used.,1032.689539839835,VOLTAGE_PAIR_PROXY+REN_VOLTAGE_PAIR_AGGREGATE_CALIBRATION,170.0,1.0
TRAFO:00225,BUS:OSM:way:144396420:150,BUS:EREDES:1805S5001700:60,150,60,170.0,12.0,0.45,0.0,0.0,0.0,hv,0,-8,8,1.25,0,RARI_BOUNDARY_NAME_AND_SPATIAL_INFERRED,RARI:Valdigem,E-REDES RARI boundary name matches an OSM high-voltage substation; the closest associated E-REDES 60 kV facility is used.,1482.5389314180986,VOLTAGE_PAIR_PROXY+REN_VOLTAGE_PAIR_AGGREGATE_CALIBRATION,170.0,1.0
TRAFO:00226,BUS:OSM:way:142182853:220,BUS:EREDES:1306S5008900:60,220,60,170.0,12.0,0.4,0.0,0.0,0.0,hv,0,-8,8,1.25,0,RARI_BOUNDARY_NAME_AND_SPATIAL_INFERRED,RARI:Vermoim,E-REDES RARI boundary name matches an OSM high-voltage substation; the closest associated E-REDES 60 kV facility is used.,1472.1393006822275,VOLTAGE_PAIR_PROXY+REN_VOLTAGE_PAIR_AGGREGATE_CALIBRATION,170.0,1.0
TRAFO:00227,BUS:OSM:way:144588414:150,BUS:JUNCTION:60:00980,150,60,170.0,12.0,0.45,0.0,0.0,0.0,hv,0,-8,8,1.25,0,RARI_BOUNDARY_NAME_AND_COLOCATED_60KV_ENDPOINT_INFERRED,RARI:Zêzere,E-REDES RARI names the RNT boundary; the closest 60 kV topology endpoint co-located with the matched OSM high-voltage substation is used.,60.257737144928264,VOLTAGE_PAIR_PROXY+REN_VOLTAGE_PAIR_AGGREGATE_CALIBRATION,170.0,1.0
