table,id,field,core,working,change
buses,BUS:JUNCTION:60:00479:PI_FEITOSA,model_id,,PT60-v2.0.0,ADDED
buses,BUS:JUNCTION:60:00479:PI_FEITOSA,voltage_kv,,60,ADDED
buses,BUS:JUNCTION:60:00479:PI_FEITOSA,lon,,-8.67338044550424,ADDED
buses,BUS:JUNCTION:60:00479:PI_FEITOSA,lat,,41.74453582837873,ADDED
buses,BUS:JUNCTION:60:00479:PI_FEITOSA,facility_id,,,ADDED
buses,BUS:JUNCTION:60:00479:PI_FEITOSA,facility_name,,,ADDED
buses,BUS:JUNCTION:60:00479:PI_FEITOSA,facility_code,,,ADDED
buses,BUS:JUNCTION:60:00479:PI_FEITOSA,facility_type,,line_endpoint_cluster,ADDED
buses,BUS:JUNCTION:60:00479:PI_FEITOSA,source,,derived,ADDED
buses,BUS:JUNCTION:60:00479:PI_FEITOSA,source_status,,PUBLIC_LANHESES_PI_TOPOLOGY_SPLIT,ADDED
buses,BUS:JUNCTION:60:00479:PI_FEITOSA,endpoint_match_distance_m,,,ADDED
buses,BUS:JUNCTION:60:00480:PI_FEITOSA,model_id,,PT60-v2.0.0,ADDED
buses,BUS:JUNCTION:60:00480:PI_FEITOSA,voltage_kv,,60,ADDED
buses,BUS:JUNCTION:60:00480:PI_FEITOSA,lon,,-8.672394147529364,ADDED
buses,BUS:JUNCTION:60:00480:PI_FEITOSA,lat,,41.74385880464347,ADDED
buses,BUS:JUNCTION:60:00480:PI_FEITOSA,facility_id,,,ADDED
buses,BUS:JUNCTION:60:00480:PI_FEITOSA,facility_name,,,ADDED
buses,BUS:JUNCTION:60:00480:PI_FEITOSA,facility_code,,,ADDED
buses,BUS:JUNCTION:60:00480:PI_FEITOSA,facility_type,,line_endpoint_cluster,ADDED
buses,BUS:JUNCTION:60:00480:PI_FEITOSA,source,,derived,ADDED
buses,BUS:JUNCTION:60:00480:PI_FEITOSA,source_status,,PUBLIC_LANHESES_PI_TOPOLOGY_SPLIT,ADDED
buses,BUS:JUNCTION:60:00480:PI_FEITOSA,endpoint_match_distance_m,,,ADDED
buses,BUS:JUNCTION:60:00481:PI_FEITOSA,model_id,,PT60-v2.0.0,ADDED
buses,BUS:JUNCTION:60:00481:PI_FEITOSA,voltage_kv,,60,ADDED
buses,BUS:JUNCTION:60:00481:PI_FEITOSA,lon,,-8.670960826588098,ADDED
buses,BUS:JUNCTION:60:00481:PI_FEITOSA,lat,,41.74287489048723,ADDED
buses,BUS:JUNCTION:60:00481:PI_FEITOSA,facility_id,,,ADDED
buses,BUS:JUNCTION:60:00481:PI_FEITOSA,facility_name,,,ADDED
buses,BUS:JUNCTION:60:00481:PI_FEITOSA,facility_code,,,ADDED
buses,BUS:JUNCTION:60:00481:PI_FEITOSA,facility_type,,line_endpoint_cluster,ADDED
buses,BUS:JUNCTION:60:00481:PI_FEITOSA,source,,derived,ADDED
buses,BUS:JUNCTION:60:00481:PI_FEITOSA,source_status,,PUBLIC_LANHESES_PI_TOPOLOGY_SPLIT,ADDED
buses,BUS:JUNCTION:60:00481:PI_FEITOSA,endpoint_match_distance_m,,,ADDED
buses,BUS:JUNCTION:60:02655:PI_FEITOSA,model_id,,PT60-v2.0.0,ADDED
buses,BUS:JUNCTION:60:02655:PI_FEITOSA,voltage_kv,,60,ADDED
buses,BUS:JUNCTION:60:02655:PI_FEITOSA,lon,,-8.659264867483191,ADDED
buses,BUS:JUNCTION:60:02655:PI_FEITOSA,lat,,41.732254480885175,ADDED
buses,BUS:JUNCTION:60:02655:PI_FEITOSA,facility_id,,,ADDED
buses,BUS:JUNCTION:60:02655:PI_FEITOSA,facility_name,,,ADDED
buses,BUS:JUNCTION:60:02655:PI_FEITOSA,facility_code,,,ADDED
buses,BUS:JUNCTION:60:02655:PI_FEITOSA,facility_type,,line_endpoint_cluster,ADDED
buses,BUS:JUNCTION:60:02655:PI_FEITOSA,source,,derived,ADDED
buses,BUS:JUNCTION:60:02655:PI_FEITOSA,source_status,,PUBLIC_LANHESES_PI_TOPOLOGY_SPLIT,ADDED
buses,BUS:JUNCTION:60:02655:PI_FEITOSA,endpoint_match_distance_m,,,ADDED
lines,LINE:000003,parameter_source,"E-REDES PDIRD-E 2020 Annex B, 31-12-2025 planning table",https://www.e-redes.pt/sites/eredes/files/2022-07/PDIRD-E%202020%20proposta%20final.pdf,CHANGED
lines,LINE:000003,max_i_status,DIRECT_PDIRD_MINIMUM_SUMMER_NOMINAL_CURRENT,DIRECT_PDIRD_MINIMUM_WINTER_NOMINAL_CURRENT,CHANGED
lines,LINE:000003,max_i_ka,1.3938,1.372,CHANGED
lines,LINE:000003,seasonal_rating_status,WINTER_DYNAMIC_AMBIENT_TEMPERATURE_RATING_APPLIED,DIRECT_PDIRD_WINTER_NOMINAL_CURRENT_APPLIED,CHANGED
lines,LINE:000004,parameter_source,"E-REDES PDIRD-E 2020 Annex B, 31-12-2025 planning table",https://www.e-redes.pt/sites/eredes/files/2022-07/PDIRD-E%202020%20proposta%20final.pdf,CHANGED
lines,LINE:000004,max_i_status,DIRECT_PDIRD_MINIMUM_SUMMER_NOMINAL_CURRENT,DIRECT_PDIRD_MINIMUM_WINTER_NOMINAL_CURRENT,CHANGED
lines,LINE:000004,max_i_ka,0.4416,0.544,CHANGED
lines,LINE:000004,seasonal_rating_status,WINTER_DYNAMIC_AMBIENT_TEMPERATURE_RATING_APPLIED,DIRECT_PDIRD_WINTER_NOMINAL_CURRENT_APPLIED,CHANGED
lines,LINE:000007,parameter_source,"E-REDES PDIRD-E 2020 Annex B, 31-12-2025 planning table",https://www.e-redes.pt/sites/eredes/files/2022-07/PDIRD-E%202020%20proposta%20final.pdf,CHANGED
lines,LINE:000007,max_i_status,DIRECT_PDIRD_MINIMUM_SUMMER_NOMINAL_CURRENT,DIRECT_PDIRD_MINIMUM_WINTER_NOMINAL_CURRENT,CHANGED
lines,LINE:000007,max_i_ka,0.4416,0.544,CHANGED
lines,LINE:000007,seasonal_rating_status,WINTER_DYNAMIC_AMBIENT_TEMPERATURE_RATING_APPLIED,DIRECT_PDIRD_WINTER_NOMINAL_CURRENT_APPLIED,CHANGED
lines,LINE:000009,parameter_source,"E-REDES PDIRD-E 2020 Annex B, 31-12-2025 planning table",https://www.e-redes.pt/sites/eredes/files/2022-07/PDIRD-E%202020%20proposta%20final.pdf,CHANGED
lines,LINE:000009,max_i_status,DIRECT_PDIRD_MINIMUM_SUMMER_NOMINAL_CURRENT,DIRECT_PDIRD_MINIMUM_WINTER_NOMINAL_CURRENT,CHANGED
lines,LINE:000009,max_i_ka,0.4416,0.544,CHANGED
lines,LINE:000009,seasonal_rating_status,WINTER_DYNAMIC_AMBIENT_TEMPERATURE_RATING_APPLIED,DIRECT_PDIRD_WINTER_NOMINAL_CURRENT_APPLIED,CHANGED
lines,LINE:000010,parameter_source,"E-REDES PDIRD-E 2020 Annex B, 31-12-2025 planning table",https://www.e-redes.pt/sites/eredes/files/2022-07/PDIRD-E%202020%20proposta%20final.pdf,CHANGED
lines,LINE:000010,max_i_status,DIRECT_PDIRD_MINIMUM_SUMMER_NOMINAL_CURRENT,DIRECT_PDIRD_MINIMUM_WINTER_NOMINAL_CURRENT,CHANGED
lines,LINE:000010,max_i_ka,0.4416,0.544,CHANGED
lines,LINE:000010,seasonal_rating_status,WINTER_DYNAMIC_AMBIENT_TEMPERATURE_RATING_APPLIED,DIRECT_PDIRD_WINTER_NOMINAL_CURRENT_APPLIED,CHANGED
lines,LINE:000014,parameter_source,"E-REDES PDIRD-E 2020 Annex B, 31-12-2025 planning table",https://www.e-redes.pt/sites/eredes/files/2022-07/PDIRD-E%202020%20proposta%20final.pdf,CHANGED
lines,LINE:000014,max_i_status,DIRECT_PDIRD_MINIMUM_SUMMER_NOMINAL_CURRENT,DIRECT_PDIRD_MINIMUM_WINTER_NOMINAL_CURRENT,CHANGED
lines,LINE:000014,max_i_ka,0.32085,0.387,CHANGED
lines,LINE:000014,seasonal_rating_status,WINTER_DYNAMIC_AMBIENT_TEMPERATURE_RATING_APPLIED,DIRECT_PDIRD_WINTER_NOMINAL_CURRENT_APPLIED,CHANGED
lines,LINE:000015,parameter_source,"E-REDES PDIRD-E 2020 Annex B, 31-12-2025 planning table",https://www.e-redes.pt/sites/eredes/files/2022-07/PDIRD-E%202020%20proposta%20final.pdf,CHANGED
lines,LINE:000015,max_i_status,DIRECT_PDIRD_MINIMUM_SUMMER_NOMINAL_CURRENT,DIRECT_PDIRD_MINIMUM_WINTER_NOMINAL_CURRENT,CHANGED
lines,LINE:000015,max_i_ka,0.32085,0.387,CHANGED
lines,LINE:000015,seasonal_rating_status,WINTER_DYNAMIC_AMBIENT_TEMPERATURE_RATING_APPLIED,DIRECT_PDIRD_WINTER_NOMINAL_CURRENT_APPLIED,CHANGED
lines,LINE:000017,parameter_source,"E-REDES PDIRD-E 2020 Annex B, 31-12-2025 planning table",https://www.e-redes.pt/sites/eredes/files/2022-07/PDIRD-E%202020%20proposta%20final.pdf,CHANGED
lines,LINE:000017,max_i_status,DIRECT_PDIRD_MINIMUM_SUMMER_NOMINAL_CURRENT,DIRECT_PDIRD_MINIMUM_WINTER_NOMINAL_CURRENT,CHANGED
lines,LINE:000017,max_i_ka,0.32085,0.387,CHANGED
lines,LINE:000017,seasonal_rating_status,WINTER_DYNAMIC_AMBIENT_TEMPERATURE_RATING_APPLIED,DIRECT_PDIRD_WINTER_NOMINAL_CURRENT_APPLIED,CHANGED
lines,LINE:000020,parameter_source,"E-REDES PDIRD-E 2020 Annex B, 31-12-2025 planning table",https://www.e-redes.pt/sites/eredes/files/2022-07/PDIRD-E%202020%20proposta%20final.pdf,CHANGED
lines,LINE:000020,max_i_status,DIRECT_PDIRD_MINIMUM_SUMMER_NOMINAL_CURRENT,DIRECT_PDIRD_MINIMUM_WINTER_NOMINAL_CURRENT,CHANGED
lines,LINE:000020,max_i_ka,0.88435,1.089,CHANGED
lines,LINE:000020,seasonal_rating_status,WINTER_DYNAMIC_AMBIENT_TEMPERATURE_RATING_APPLIED,DIRECT_PDIRD_WINTER_NOMINAL_CURRENT_APPLIED,CHANGED
lines,LINE:000022,parameter_source,"E-REDES PDIRD-E 2020 Annex B, 31-12-2025 planning table",https://www.e-redes.pt/sites/eredes/files/2022-07/PDIRD-E%202020%20proposta%20final.pdf,CHANGED
lines,LINE:000022,max_i_status,DIRECT_PDIRD_MINIMUM_SUMMER_NOMINAL_CURRENT,DIRECT_PDIRD_MINIMUM_WINTER_NOMINAL_CURRENT,CHANGED
lines,LINE:000022,max_i_ka,0.88435,1.089,CHANGED
lines,LINE:000022,seasonal_rating_status,WINTER_DYNAMIC_AMBIENT_TEMPERATURE_RATING_APPLIED,DIRECT_PDIRD_WINTER_NOMINAL_CURRENT_APPLIED,CHANGED
lines,LINE:000024,parameter_source,"E-REDES PDIRD-E 2020 Annex B, 31-12-2025 planning table",https://www.e-redes.pt/sites/eredes/files/2022-07/PDIRD-E%202020%20proposta%20final.pdf,CHANGED
lines,LINE:000024,max_i_status,DIRECT_PDIRD_MINIMUM_SUMMER_NOMINAL_CURRENT,DIRECT_PDIRD_MINIMUM_WINTER_NOMINAL_CURRENT,CHANGED
lines,LINE:000024,max_i_ka,0.6014499999999999,0.723,CHANGED
lines,LINE:000024,seasonal_rating_status,WINTER_DYNAMIC_AMBIENT_TEMPERATURE_RATING_APPLIED,DIRECT_PDIRD_WINTER_NOMINAL_CURRENT_APPLIED,CHANGED
lines,LINE:000026,parameter_source,"E-REDES PDIRD-E 2020 Annex B, 31-12-2025 planning table",https://www.e-redes.pt/sites/eredes/files/2022-07/PDIRD-E%202020%20proposta%20final.pdf,CHANGED
lines,LINE:000026,max_i_status,DIRECT_PDIRD_MINIMUM_SUMMER_NOMINAL_CURRENT,DIRECT_PDIRD_MINIMUM_WINTER_NOMINAL_CURRENT,CHANGED
lines,LINE:000026,max_i_ka,0.4416,0.544,CHANGED
lines,LINE:000026,seasonal_rating_status,WINTER_DYNAMIC_AMBIENT_TEMPERATURE_RATING_APPLIED,DIRECT_PDIRD_WINTER_NOMINAL_CURRENT_APPLIED,CHANGED
lines,LINE:000027,parameter_source,"E-REDES PDIRD-E 2020 Annex B, 31-12-2025 planning table",https://www.e-redes.pt/sites/eredes/files/2022-07/PDIRD-E%202020%20proposta%20final.pdf,CHANGED
lines,LINE:000027,max_i_status,DIRECT_PDIRD_MINIMUM_SUMMER_NOMINAL_CURRENT,DIRECT_PDIRD_MINIMUM_WINTER_NOMINAL_CURRENT,CHANGED
lines,LINE:000027,max_i_ka,0.4416,0.544,CHANGED
lines,LINE:000027,seasonal_rating_status,WINTER_DYNAMIC_AMBIENT_TEMPERATURE_RATING_APPLIED,DIRECT_PDIRD_WINTER_NOMINAL_CURRENT_APPLIED,CHANGED
lines,LINE:000034,parameter_source,"E-REDES PDIRD-E 2020 Annex B, 31-12-2025 planning table",https://www.e-redes.pt/sites/eredes/files/2022-07/PDIRD-E%202020%20proposta%20final.pdf,CHANGED
lines,LINE:000034,max_i_status,DIRECT_PDIRD_MINIMUM_SUMMER_NOMINAL_CURRENT,DIRECT_PDIRD_MINIMUM_WINTER_NOMINAL_CURRENT,CHANGED
lines,LINE:000034,max_i_ka,0.5450999999999999,0.582,CHANGED
lines,LINE:000034,seasonal_rating_status,WINTER_DYNAMIC_AMBIENT_TEMPERATURE_RATING_APPLIED,DIRECT_PDIRD_WINTER_NOMINAL_CURRENT_APPLIED,CHANGED
lines,LINE:000039,parameter_source,"E-REDES PDIRD-E 2020 Annex B, 31-12-2025 planning table",https://www.e-redes.pt/sites/eredes/files/2022-07/PDIRD-E%202020%20proposta%20final.pdf,CHANGED
lines,LINE:000039,max_i_status,DIRECT_PDIRD_MINIMUM_SUMMER_NOMINAL_CURRENT,DIRECT_PDIRD_MINIMUM_WINTER_NOMINAL_CURRENT,CHANGED
lines,LINE:000039,max_i_ka,0.5450999999999999,0.582,CHANGED
lines,LINE:000039,seasonal_rating_status,WINTER_DYNAMIC_AMBIENT_TEMPERATURE_RATING_APPLIED,DIRECT_PDIRD_WINTER_NOMINAL_CURRENT_APPLIED,CHANGED
lines,LINE:000052,parameter_source,"E-REDES PDIRD-E 2020 Annex B, 31-12-2025 planning table",https://www.e-redes.pt/sites/eredes/files/2022-07/PDIRD-E%202020%20proposta%20final.pdf,CHANGED
lines,LINE:000052,max_i_status,DIRECT_PDIRD_MINIMUM_SUMMER_NOMINAL_CURRENT,DIRECT_PDIRD_MINIMUM_WINTER_NOMINAL_CURRENT,CHANGED
lines,LINE:000052,max_i_ka,0.4416,0.544,CHANGED
lines,LINE:000052,seasonal_rating_status,WINTER_DYNAMIC_AMBIENT_TEMPERATURE_RATING_APPLIED,DIRECT_PDIRD_WINTER_NOMINAL_CURRENT_APPLIED,CHANGED
lines,LINE:000054,parameter_source,"E-REDES PDIRD-E 2020 Annex B, 31-12-2025 planning table",https://www.e-redes.pt/sites/eredes/files/2022-07/PDIRD-E%202020%20proposta%20final.pdf,CHANGED
lines,LINE:000054,max_i_status,DIRECT_PDIRD_MINIMUM_SUMMER_NOMINAL_CURRENT,DIRECT_PDIRD_MINIMUM_WINTER_NOMINAL_CURRENT,CHANGED
lines,LINE:000054,max_i_ka,0.68885,0.686,CHANGED
lines,LINE:000054,seasonal_rating_status,WINTER_DYNAMIC_AMBIENT_TEMPERATURE_RATING_APPLIED,DIRECT_PDIRD_WINTER_NOMINAL_CURRENT_APPLIED,CHANGED
lines,LINE:000055,parameter_source,"E-REDES PDIRD-E 2020 Annex B, 31-12-2025 planning table",https://www.e-redes.pt/sites/eredes/files/2022-07/PDIRD-E%202020%20proposta%20final.pdf,CHANGED
lines,LINE:000055,max_i_status,DIRECT_PDIRD_MINIMUM_SUMMER_NOMINAL_CURRENT,DIRECT_PDIRD_MINIMUM_WINTER_NOMINAL_CURRENT,CHANGED
lines,LINE:000055,max_i_ka,0.68885,0.686,CHANGED
lines,LINE:000055,seasonal_rating_status,WINTER_DYNAMIC_AMBIENT_TEMPERATURE_RATING_APPLIED,DIRECT_PDIRD_WINTER_NOMINAL_CURRENT_APPLIED,CHANGED
lines,LINE:000056,parameter_source,"E-REDES PDIRD-E 2020 Annex B, 31-12-2025 planning table",https://www.e-redes.pt/sites/eredes/files/2022-07/PDIRD-E%202020%20proposta%20final.pdf,CHANGED
lines,LINE:000056,max_i_status,DIRECT_PDIRD_MINIMUM_SUMMER_NOMINAL_CURRENT,DIRECT_PDIRD_MINIMUM_WINTER_NOMINAL_CURRENT,CHANGED
lines,LINE:000056,max_i_ka,0.68885,0.686,CHANGED
lines,LINE:000056,seasonal_rating_status,WINTER_DYNAMIC_AMBIENT_TEMPERATURE_RATING_APPLIED,DIRECT_PDIRD_WINTER_NOMINAL_CURRENT_APPLIED,CHANGED
lines,LINE:000066,parameter_source,"E-REDES PDIRD-E 2020 Annex B, 31-12-2025 planning table",https://www.e-redes.pt/sites/eredes/files/2022-07/PDIRD-E%202020%20proposta%20final.pdf,CHANGED
lines,LINE:000066,max_i_status,DIRECT_PDIRD_MINIMUM_SUMMER_NOMINAL_CURRENT,DIRECT_PDIRD_MINIMUM_WINTER_NOMINAL_CURRENT,CHANGED
lines,LINE:000066,max_i_ka,0.29095,0.35,CHANGED
lines,LINE:000066,seasonal_rating_status,WINTER_DYNAMIC_AMBIENT_TEMPERATURE_RATING_APPLIED,DIRECT_PDIRD_WINTER_NOMINAL_CURRENT_APPLIED,CHANGED
lines,LINE:000067,parameter_source,"E-REDES PDIRD-E 2020 Annex B, 31-12-2025 planning table",https://www.e-redes.pt/sites/eredes/files/2022-07/PDIRD-E%202020%20proposta%20final.pdf,CHANGED
lines,LINE:000067,max_i_status,DIRECT_PDIRD_MINIMUM_SUMMER_NOMINAL_CURRENT,DIRECT_PDIRD_MINIMUM_WINTER_NOMINAL_CURRENT,CHANGED
lines,LINE:000067,max_i_ka,0.6704499999999999,0.659,CHANGED
lines,LINE:000067,seasonal_rating_status,WINTER_DYNAMIC_AMBIENT_TEMPERATURE_RATING_APPLIED,DIRECT_PDIRD_WINTER_NOMINAL_CURRENT_APPLIED,CHANGED
lines,LINE:000069,parameter_source,"E-REDES PDIRD-E 2020 Annex B, 31-12-2025 planning table",https://www.e-redes.pt/sites/eredes/files/2022-07/PDIRD-E%202020%20proposta%20final.pdf,CHANGED
lines,LINE:000069,max_i_status,DIRECT_PDIRD_MINIMUM_SUMMER_NOMINAL_CURRENT,DIRECT_PDIRD_MINIMUM_WINTER_NOMINAL_CURRENT,CHANGED
lines,LINE:000069,max_i_ka,0.6969,0.686,CHANGED
lines,LINE:000069,seasonal_rating_status,WINTER_DYNAMIC_AMBIENT_TEMPERATURE_RATING_APPLIED,DIRECT_PDIRD_WINTER_NOMINAL_CURRENT_APPLIED,CHANGED
lines,LINE:000070,parameter_source,"E-REDES PDIRD-E 2020 Annex B, 31-12-2025 planning table",https://www.e-redes.pt/sites/eredes/files/2022-07/PDIRD-E%202020%20proposta%20final.pdf,CHANGED
lines,LINE:000070,max_i_status,DIRECT_PDIRD_MINIMUM_SUMMER_NOMINAL_CURRENT,DIRECT_PDIRD_MINIMUM_WINTER_NOMINAL_CURRENT,CHANGED
lines,LINE:000070,max_i_ka,0.6704499999999999,0.659,CHANGED
lines,LINE:000070,seasonal_rating_status,WINTER_DYNAMIC_AMBIENT_TEMPERATURE_RATING_APPLIED,DIRECT_PDIRD_WINTER_NOMINAL_CURRENT_APPLIED,CHANGED
lines,LINE:000071,parameter_source,"E-REDES PDIRD-E 2020 Annex B, 31-12-2025 planning table",https://www.e-redes.pt/sites/eredes/files/2022-07/PDIRD-E%202020%20proposta%20final.pdf,CHANGED
lines,LINE:000071,max_i_status,DIRECT_PDIRD_MINIMUM_SUMMER_NOMINAL_CURRENT,DIRECT_PDIRD_MINIMUM_WINTER_NOMINAL_CURRENT,CHANGED
lines,LINE:000071,max_i_ka,0.6704499999999999,0.659,CHANGED
lines,LINE:000071,seasonal_rating_status,WINTER_DYNAMIC_AMBIENT_TEMPERATURE_RATING_APPLIED,DIRECT_PDIRD_WINTER_NOMINAL_CURRENT_APPLIED,CHANGED
lines,LINE:000074,parameter_source,"E-REDES PDIRD-E 2020 Annex B, 31-12-2025 planning table",https://www.e-redes.pt/sites/eredes/files/2022-07/PDIRD-E%202020%20proposta%20final.pdf,CHANGED
lines,LINE:000074,max_i_status,DIRECT_PDIRD_MINIMUM_SUMMER_NOMINAL_CURRENT,DIRECT_PDIRD_MINIMUM_WINTER_NOMINAL_CURRENT,CHANGED
lines,LINE:000074,max_i_ka,0.6704499999999999,0.659,CHANGED
lines,LINE:000074,seasonal_rating_status,WINTER_DYNAMIC_AMBIENT_TEMPERATURE_RATING_APPLIED,DIRECT_PDIRD_WINTER_NOMINAL_CURRENT_APPLIED,CHANGED
lines,LINE:000075,parameter_source,"E-REDES PDIRD-E 2020 Annex B, 31-12-2025 planning table",https://www.e-redes.pt/sites/eredes/files/2022-07/PDIRD-E%202020%20proposta%20final.pdf,CHANGED
lines,LINE:000075,max_i_status,DIRECT_PDIRD_MINIMUM_SUMMER_NOMINAL_CURRENT,DIRECT_PDIRD_MINIMUM_WINTER_NOMINAL_CURRENT,CHANGED
lines,LINE:000075,max_i_ka,0.6704499999999999,0.659,CHANGED
lines,LINE:000075,seasonal_rating_status,WINTER_DYNAMIC_AMBIENT_TEMPERATURE_RATING_APPLIED,DIRECT_PDIRD_WINTER_NOMINAL_CURRENT_APPLIED,CHANGED
lines,LINE:000084,parameter_source,"E-REDES PDIRD-E 2020 Annex B, 31-12-2025 planning table",https://www.e-redes.pt/sites/eredes/files/2022-07/PDIRD-E%202020%20proposta%20final.pdf,CHANGED
lines,LINE:000084,max_i_status,DIRECT_PDIRD_MINIMUM_SUMMER_NOMINAL_CURRENT,DIRECT_PDIRD_MINIMUM_WINTER_NOMINAL_CURRENT,CHANGED
lines,LINE:000084,max_i_ka,0.49565,0.615,CHANGED
lines,LINE:000084,seasonal_rating_status,WINTER_DYNAMIC_AMBIENT_TEMPERATURE_RATING_APPLIED,DIRECT_PDIRD_WINTER_NOMINAL_CURRENT_APPLIED,CHANGED
lines,LINE:000086,parameter_source,"E-REDES PDIRD-E 2020 Annex B, 31-12-2025 planning table",https://www.e-redes.pt/sites/eredes/files/2022-07/PDIRD-E%202020%20proposta%20final.pdf,CHANGED
lines,LINE:000086,max_i_status,DIRECT_PDIRD_MINIMUM_SUMMER_NOMINAL_CURRENT,DIRECT_PDIRD_MINIMUM_WINTER_NOMINAL_CURRENT,CHANGED
lines,LINE:000086,max_i_ka,1.3938,1.372,CHANGED
lines,LINE:000086,seasonal_rating_status,WINTER_DYNAMIC_AMBIENT_TEMPERATURE_RATING_APPLIED,DIRECT_PDIRD_WINTER_NOMINAL_CURRENT_APPLIED,CHANGED
lines,LINE:000087,parameter_source,"E-REDES PDIRD-E 2020 Annex B, 31-12-2025 planning table",https://www.e-redes.pt/sites/eredes/files/2022-07/PDIRD-E%202020%20proposta%20final.pdf,CHANGED
lines,LINE:000087,max_i_status,DIRECT_PDIRD_MINIMUM_SUMMER_NOMINAL_CURRENT,DIRECT_PDIRD_MINIMUM_WINTER_NOMINAL_CURRENT,CHANGED
lines,LINE:000087,max_i_ka,0.5450999999999999,0.582,CHANGED
lines,LINE:000087,seasonal_rating_status,WINTER_DYNAMIC_AMBIENT_TEMPERATURE_RATING_APPLIED,DIRECT_PDIRD_WINTER_NOMINAL_CURRENT_APPLIED,CHANGED
lines,LINE:000088,parameter_source,"E-REDES PDIRD-E 2020 Annex B, 31-12-2025 planning table",https://www.e-redes.pt/sites/eredes/files/2022-07/PDIRD-E%202020%20proposta%20final.pdf,CHANGED
lines,LINE:000088,max_i_status,DIRECT_PDIRD_MINIMUM_SUMMER_NOMINAL_CURRENT,DIRECT_PDIRD_MINIMUM_WINTER_NOMINAL_CURRENT,CHANGED
lines,LINE:000088,max_i_ka,0.5450999999999999,0.582,CHANGED
lines,LINE:000088,seasonal_rating_status,WINTER_DYNAMIC_AMBIENT_TEMPERATURE_RATING_APPLIED,DIRECT_PDIRD_WINTER_NOMINAL_CURRENT_APPLIED,CHANGED
lines,LINE:000089,parameter_source,"E-REDES PDIRD-E 2020 Annex B, 31-12-2025 planning table",https://www.e-redes.pt/sites/eredes/files/2022-07/PDIRD-E%202020%20proposta%20final.pdf,CHANGED
lines,LINE:000089,max_i_status,DIRECT_PDIRD_MINIMUM_SUMMER_NOMINAL_CURRENT,DIRECT_PDIRD_MINIMUM_WINTER_NOMINAL_CURRENT,CHANGED
lines,LINE:000089,max_i_ka,0.5450999999999999,0.582,CHANGED
lines,LINE:000089,seasonal_rating_status,WINTER_DYNAMIC_AMBIENT_TEMPERATURE_RATING_APPLIED,DIRECT_PDIRD_WINTER_NOMINAL_CURRENT_APPLIED,CHANGED
lines,LINE:000096,parameter_source,"E-REDES PDIRD-E 2020 Annex B, 31-12-2025 planning table",https://www.e-redes.pt/sites/eredes/files/2022-07/PDIRD-E%202020%20proposta%20final.pdf,CHANGED
lines,LINE:000096,max_i_status,DIRECT_PDIRD_MINIMUM_SUMMER_NOMINAL_CURRENT,DIRECT_PDIRD_MINIMUM_WINTER_NOMINAL_CURRENT,CHANGED
lines,LINE:000096,max_i_ka,0.6014499999999999,0.723,CHANGED
lines,LINE:000096,seasonal_rating_status,WINTER_DYNAMIC_AMBIENT_TEMPERATURE_RATING_APPLIED,DIRECT_PDIRD_WINTER_NOMINAL_CURRENT_APPLIED,CHANGED
lines,LINE:000098,parameter_source,"E-REDES PDIRD-E 2020 Annex B, 31-12-2025 planning table",https://www.e-redes.pt/sites/eredes/files/2022-07/PDIRD-E%202020%20proposta%20final.pdf,CHANGED
lines,LINE:000098,max_i_status,DIRECT_PDIRD_MINIMUM_SUMMER_NOMINAL_CURRENT,DIRECT_PDIRD_MINIMUM_WINTER_NOMINAL_CURRENT,CHANGED
lines,LINE:000098,max_i_ka,0.4416,0.544,CHANGED
lines,LINE:000098,seasonal_rating_status,WINTER_DYNAMIC_AMBIENT_TEMPERATURE_RATING_APPLIED,DIRECT_PDIRD_WINTER_NOMINAL_CURRENT_APPLIED,CHANGED
lines,LINE:000113,parameter_source,"E-REDES PDIRD-E 2020 Annex B, 31-12-2025 planning table",https://www.e-redes.pt/sites/eredes/files/2022-07/PDIRD-E%202020%20proposta%20final.pdf,CHANGED
lines,LINE:000113,max_i_status,DIRECT_PDIRD_MINIMUM_SUMMER_NOMINAL_CURRENT,DIRECT_PDIRD_MINIMUM_WINTER_NOMINAL_CURRENT,CHANGED
lines,LINE:000113,max_i_ka,0.6969,0.686,CHANGED
lines,LINE:000113,seasonal_rating_status,WINTER_DYNAMIC_AMBIENT_TEMPERATURE_RATING_APPLIED,DIRECT_PDIRD_WINTER_NOMINAL_CURRENT_APPLIED,CHANGED
lines,LINE:000117,parameter_source,"E-REDES PDIRD-E 2020 Annex B, 31-12-2025 planning table",https://www.e-redes.pt/sites/eredes/files/2022-07/PDIRD-E%202020%20proposta%20final.pdf,CHANGED
lines,LINE:000117,max_i_status,DIRECT_PDIRD_MINIMUM_SUMMER_NOMINAL_CURRENT,DIRECT_PDIRD_MINIMUM_WINTER_NOMINAL_CURRENT,CHANGED
lines,LINE:000117,max_i_ka,1.3938,1.372,CHANGED
lines,LINE:000117,seasonal_rating_status,WINTER_DYNAMIC_AMBIENT_TEMPERATURE_RATING_APPLIED,DIRECT_PDIRD_WINTER_NOMINAL_CURRENT_APPLIED,CHANGED
lines,LINE:000125,parameter_source,"E-REDES PDIRD-E 2020 Annex B, 31-12-2025 planning table",https://www.e-redes.pt/sites/eredes/files/2022-07/PDIRD-E%202020%20proposta%20final.pdf,CHANGED
lines,LINE:000125,max_i_status,DIRECT_PDIRD_MINIMUM_SUMMER_NOMINAL_CURRENT,DIRECT_PDIRD_MINIMUM_WINTER_NOMINAL_CURRENT,CHANGED
lines,LINE:000125,max_i_ka,1.1592,1.137,CHANGED
lines,LINE:000125,seasonal_rating_status,WINTER_DYNAMIC_AMBIENT_TEMPERATURE_RATING_APPLIED,DIRECT_PDIRD_WINTER_NOMINAL_CURRENT_APPLIED,CHANGED
lines,LINE:000128,parameter_source,"E-REDES PDIRD-E 2020 Annex B, 31-12-2025 planning table",https://www.e-redes.pt/sites/eredes/files/2022-07/PDIRD-E%202020%20proposta%20final.pdf,CHANGED
lines,LINE:000128,max_i_status,DIRECT_PDIRD_MINIMUM_SUMMER_NOMINAL_CURRENT,DIRECT_PDIRD_MINIMUM_WINTER_NOMINAL_CURRENT,CHANGED
lines,LINE:000128,max_i_ka,0.30015,0.362,CHANGED
lines,LINE:000128,seasonal_rating_status,WINTER_DYNAMIC_AMBIENT_TEMPERATURE_RATING_APPLIED,DIRECT_PDIRD_WINTER_NOMINAL_CURRENT_APPLIED,CHANGED
lines,LINE:000132,parameter_source,"E-REDES PDIRD-E 2020 Annex B, 31-12-2025 planning table",https://www.e-redes.pt/sites/eredes/files/2022-07/PDIRD-E%202020%20proposta%20final.pdf,CHANGED
lines,LINE:000132,max_i_status,DIRECT_PDIRD_MINIMUM_SUMMER_NOMINAL_CURRENT,DIRECT_PDIRD_MINIMUM_WINTER_NOMINAL_CURRENT,CHANGED
lines,LINE:000132,max_i_ka,1.1592,1.137,CHANGED
lines,LINE:000132,seasonal_rating_status,WINTER_DYNAMIC_AMBIENT_TEMPERATURE_RATING_APPLIED,DIRECT_PDIRD_WINTER_NOMINAL_CURRENT_APPLIED,CHANGED
lines,LINE:000133,parameter_source,"E-REDES PDIRD-E 2020 Annex B, 31-12-2025 planning table",https://www.e-redes.pt/sites/eredes/files/2022-07/PDIRD-E%202020%20proposta%20final.pdf,CHANGED
lines,LINE:000133,max_i_status,DIRECT_PDIRD_MINIMUM_SUMMER_NOMINAL_CURRENT,DIRECT_PDIRD_MINIMUM_WINTER_NOMINAL_CURRENT,CHANGED
lines,LINE:000133,max_i_ka,0.6969,0.686,CHANGED
lines,LINE:000133,seasonal_rating_status,WINTER_DYNAMIC_AMBIENT_TEMPERATURE_RATING_APPLIED,DIRECT_PDIRD_WINTER_NOMINAL_CURRENT_APPLIED,CHANGED
lines,LINE:000151,parameter_source,"E-REDES PDIRD-E 2020 Annex B, 31-12-2025 planning table",https://www.e-redes.pt/sites/eredes/files/2022-07/PDIRD-E%202020%20proposta%20final.pdf,CHANGED
lines,LINE:000151,max_i_status,DIRECT_PDIRD_MINIMUM_SUMMER_NOMINAL_CURRENT,DIRECT_PDIRD_MINIMUM_WINTER_NOMINAL_CURRENT,CHANGED
lines,LINE:000151,max_i_ka,0.6969,0.686,CHANGED
lines,LINE:000151,seasonal_rating_status,WINTER_DYNAMIC_AMBIENT_TEMPERATURE_RATING_APPLIED,DIRECT_PDIRD_WINTER_NOMINAL_CURRENT_APPLIED,CHANGED
lines,LINE:000152,parameter_source,"E-REDES PDIRD-E 2020 Annex B, 31-12-2025 planning table",https://www.e-redes.pt/sites/eredes/files/2022-07/PDIRD-E%202020%20proposta%20final.pdf,CHANGED
lines,LINE:000152,max_i_status,DIRECT_PDIRD_MINIMUM_SUMMER_NOMINAL_CURRENT,DIRECT_PDIRD_MINIMUM_WINTER_NOMINAL_CURRENT,CHANGED
lines,LINE:000152,max_i_ka,0.30015,0.362,CHANGED
lines,LINE:000152,seasonal_rating_status,WINTER_DYNAMIC_AMBIENT_TEMPERATURE_RATING_APPLIED,DIRECT_PDIRD_WINTER_NOMINAL_CURRENT_APPLIED,CHANGED
lines,LINE:000153,parameter_source,"E-REDES PDIRD-E 2020 Annex B, 31-12-2025 planning table",https://www.e-redes.pt/sites/eredes/files/2022-07/PDIRD-E%202020%20proposta%20final.pdf,CHANGED
lines,LINE:000153,max_i_status,DIRECT_PDIRD_MINIMUM_SUMMER_NOMINAL_CURRENT,DIRECT_PDIRD_MINIMUM_WINTER_NOMINAL_CURRENT,CHANGED
lines,LINE:000153,max_i_ka,0.30015,0.362,CHANGED
lines,LINE:000153,seasonal_rating_status,WINTER_DYNAMIC_AMBIENT_TEMPERATURE_RATING_APPLIED,DIRECT_PDIRD_WINTER_NOMINAL_CURRENT_APPLIED,CHANGED
lines,LINE:000159,parameter_source,"E-REDES PDIRD-E 2020 Annex B, 31-12-2025 planning table",https://www.e-redes.pt/sites/eredes/files/2022-07/PDIRD-E%202020%20proposta%20final.pdf,CHANGED
lines,LINE:000159,max_i_status,DIRECT_PDIRD_MINIMUM_SUMMER_NOMINAL_CURRENT,DIRECT_PDIRD_MINIMUM_WINTER_NOMINAL_CURRENT,CHANGED
lines,LINE:000159,max_i_ka,1.3938,1.372,CHANGED
lines,LINE:000159,seasonal_rating_status,WINTER_DYNAMIC_AMBIENT_TEMPERATURE_RATING_APPLIED,DIRECT_PDIRD_WINTER_NOMINAL_CURRENT_APPLIED,CHANGED
lines,LINE:000160,parameter_source,"E-REDES PDIRD-E 2020 Annex B, 31-12-2025 planning table",https://www.e-redes.pt/sites/eredes/files/2022-07/PDIRD-E%202020%20proposta%20final.pdf,CHANGED
lines,LINE:000160,max_i_status,DIRECT_PDIRD_MINIMUM_SUMMER_NOMINAL_CURRENT,DIRECT_PDIRD_MINIMUM_WINTER_NOMINAL_CURRENT,CHANGED
lines,LINE:000160,max_i_ka,1.3938,1.372,CHANGED
lines,LINE:000160,seasonal_rating_status,WINTER_DYNAMIC_AMBIENT_TEMPERATURE_RATING_APPLIED,DIRECT_PDIRD_WINTER_NOMINAL_CURRENT_APPLIED,CHANGED
lines,LINE:000168,parameter_source,"E-REDES PDIRD-E 2020 Annex B, 31-12-2025 planning table",https://www.e-redes.pt/sites/eredes/files/2022-07/PDIRD-E%202020%20proposta%20final.pdf,CHANGED
lines,LINE:000168,max_i_status,DIRECT_PDIRD_MINIMUM_SUMMER_NOMINAL_CURRENT,DIRECT_PDIRD_MINIMUM_WINTER_NOMINAL_CURRENT,CHANGED
lines,LINE:000168,max_i_ka,1.3938,1.372,CHANGED
lines,LINE:000168,seasonal_rating_status,WINTER_DYNAMIC_AMBIENT_TEMPERATURE_RATING_APPLIED,DIRECT_PDIRD_WINTER_NOMINAL_CURRENT_APPLIED,CHANGED
lines,LINE:000169,parameter_source,"E-REDES PDIRD-E 2020 Annex B, 31-12-2025 planning table",https://www.e-redes.pt/sites/eredes/files/2022-07/PDIRD-E%202020%20proposta%20final.pdf,CHANGED
lines,LINE:000169,max_i_status,DIRECT_PDIRD_MINIMUM_SUMMER_NOMINAL_CURRENT,DIRECT_PDIRD_MINIMUM_WINTER_NOMINAL_CURRENT,CHANGED
lines,LINE:000169,max_i_ka,1.3938,1.372,CHANGED
lines,LINE:000169,seasonal_rating_status,WINTER_DYNAMIC_AMBIENT_TEMPERATURE_RATING_APPLIED,DIRECT_PDIRD_WINTER_NOMINAL_CURRENT_APPLIED,CHANGED
lines,LINE:000172,parameter_source,"E-REDES PDIRD-E 2020 Annex B, 31-12-2025 planning table",https://www.e-redes.pt/sites/eredes/files/2022-07/PDIRD-E%202020%20proposta%20final.pdf,CHANGED
lines,LINE:000172,max_i_status,DIRECT_PDIRD_MINIMUM_SUMMER_NOMINAL_CURRENT,DIRECT_PDIRD_MINIMUM_WINTER_NOMINAL_CURRENT,CHANGED
lines,LINE:000172,max_i_ka,0.30015,0.362,CHANGED
lines,LINE:000172,seasonal_rating_status,WINTER_DYNAMIC_AMBIENT_TEMPERATURE_RATING_APPLIED,DIRECT_PDIRD_WINTER_NOMINAL_CURRENT_APPLIED,CHANGED
lines,LINE:000173,parameter_source,"E-REDES PDIRD-E 2020 Annex B, 31-12-2025 planning table",https://www.e-redes.pt/sites/eredes/files/2022-07/PDIRD-E%202020%20proposta%20final.pdf,CHANGED
lines,LINE:000173,max_i_status,DIRECT_PDIRD_MINIMUM_SUMMER_NOMINAL_CURRENT,DIRECT_PDIRD_MINIMUM_WINTER_NOMINAL_CURRENT,CHANGED
lines,LINE:000173,max_i_ka,0.30015,0.362,CHANGED
lines,LINE:000173,seasonal_rating_status,WINTER_DYNAMIC_AMBIENT_TEMPERATURE_RATING_APPLIED,DIRECT_PDIRD_WINTER_NOMINAL_CURRENT_APPLIED,CHANGED
lines,LINE:000174,parameter_source,"E-REDES PDIRD-E 2020 Annex B, 31-12-2025 planning table",https://www.e-redes.pt/sites/eredes/files/2022-07/PDIRD-E%202020%20proposta%20final.pdf,CHANGED
lines,LINE:000174,max_i_status,DIRECT_PDIRD_MINIMUM_SUMMER_NOMINAL_CURRENT,DIRECT_PDIRD_MINIMUM_WINTER_NOMINAL_CURRENT,CHANGED
lines,LINE:000174,max_i_ka,0.49565,0.615,CHANGED
lines,LINE:000174,seasonal_rating_status,WINTER_DYNAMIC_AMBIENT_TEMPERATURE_RATING_APPLIED,DIRECT_PDIRD_WINTER_NOMINAL_CURRENT_APPLIED,CHANGED
lines,LINE:000178,parameter_source,"E-REDES PDIRD-E 2020 Annex B, 31-12-2025 planning table",https://www.e-redes.pt/sites/eredes/files/2022-07/PDIRD-E%202020%20proposta%20final.pdf,CHANGED
lines,LINE:000178,max_i_status,DIRECT_PDIRD_MINIMUM_SUMMER_NOMINAL_CURRENT,DIRECT_PDIRD_MINIMUM_WINTER_NOMINAL_CURRENT,CHANGED
lines,LINE:000178,max_i_ka,0.49565,0.615,CHANGED
lines,LINE:000178,seasonal_rating_status,WINTER_DYNAMIC_AMBIENT_TEMPERATURE_RATING_APPLIED,DIRECT_PDIRD_WINTER_NOMINAL_CURRENT_APPLIED,CHANGED
lines,LINE:000179,parameter_source,"E-REDES PDIRD-E 2020 Annex B, 31-12-2025 planning table",https://www.e-redes.pt/sites/eredes/files/2022-07/PDIRD-E%202020%20proposta%20final.pdf,CHANGED
lines,LINE:000179,max_i_status,DIRECT_PDIRD_MINIMUM_SUMMER_NOMINAL_CURRENT,DIRECT_PDIRD_MINIMUM_WINTER_NOMINAL_CURRENT,CHANGED
lines,LINE:000179,max_i_ka,0.29095,0.35,CHANGED
lines,LINE:000179,seasonal_rating_status,WINTER_DYNAMIC_AMBIENT_TEMPERATURE_RATING_APPLIED,DIRECT_PDIRD_WINTER_NOMINAL_CURRENT_APPLIED,CHANGED
lines,LINE:000181,parameter_source,"E-REDES PDIRD-E 2020 Annex B, 31-12-2025 planning table",https://www.e-redes.pt/sites/eredes/files/2022-07/PDIRD-E%202020%20proposta%20final.pdf,CHANGED
lines,LINE:000181,max_i_status,DIRECT_PDIRD_MINIMUM_SUMMER_NOMINAL_CURRENT,DIRECT_PDIRD_MINIMUM_WINTER_NOMINAL_CURRENT,CHANGED
lines,LINE:000181,max_i_ka,0.6969,0.686,CHANGED
lines,LINE:000181,seasonal_rating_status,WINTER_DYNAMIC_AMBIENT_TEMPERATURE_RATING_APPLIED,DIRECT_PDIRD_WINTER_NOMINAL_CURRENT_APPLIED,CHANGED
lines,LINE:000182,parameter_source,"E-REDES PDIRD-E 2020 Annex B, 31-12-2025 planning table",https://www.e-redes.pt/sites/eredes/files/2022-07/PDIRD-E%202020%20proposta%20final.pdf,CHANGED
lines,LINE:000182,max_i_status,DIRECT_PDIRD_MINIMUM_SUMMER_NOMINAL_CURRENT,DIRECT_PDIRD_MINIMUM_WINTER_NOMINAL_CURRENT,CHANGED
lines,LINE:000182,max_i_ka,0.46115,0.451,CHANGED
lines,LINE:000182,seasonal_rating_status,WINTER_DYNAMIC_AMBIENT_TEMPERATURE_RATING_APPLIED,DIRECT_PDIRD_WINTER_NOMINAL_CURRENT_APPLIED,CHANGED
lines,LINE:000185,parameter_source,"E-REDES PDIRD-E 2020 Annex B, 31-12-2025 planning table",https://www.e-redes.pt/sites/eredes/files/2022-07/PDIRD-E%202020%20proposta%20final.pdf,CHANGED
lines,LINE:000185,max_i_status,DIRECT_PDIRD_MINIMUM_SUMMER_NOMINAL_CURRENT,DIRECT_PDIRD_MINIMUM_WINTER_NOMINAL_CURRENT,CHANGED
lines,LINE:000185,max_i_ka,0.37834999999999996,0.46,CHANGED
lines,LINE:000185,seasonal_rating_status,WINTER_DYNAMIC_AMBIENT_TEMPERATURE_RATING_APPLIED,DIRECT_PDIRD_WINTER_NOMINAL_CURRENT_APPLIED,CHANGED
lines,LINE:000232,parameter_source,"E-REDES PDIRD-E 2020 Annex B, 31-12-2025 planning table",https://www.e-redes.pt/sites/eredes/files/2022-07/PDIRD-E%202020%20proposta%20final.pdf,CHANGED
lines,LINE:000232,max_i_status,DIRECT_PDIRD_MINIMUM_SUMMER_NOMINAL_CURRENT,DIRECT_PDIRD_MINIMUM_WINTER_NOMINAL_CURRENT,CHANGED
lines,LINE:000232,max_i_ka,0.4416,0.544,CHANGED
lines,LINE:000232,seasonal_rating_status,WINTER_DYNAMIC_AMBIENT_TEMPERATURE_RATING_APPLIED,DIRECT_PDIRD_WINTER_NOMINAL_CURRENT_APPLIED,CHANGED
lines,LINE:000233,parameter_source,"E-REDES PDIRD-E 2020 Annex B, 31-12-2025 planning table",https://www.e-redes.pt/sites/eredes/files/2022-07/PDIRD-E%202020%20proposta%20final.pdf,CHANGED
lines,LINE:000233,max_i_status,DIRECT_PDIRD_MINIMUM_SUMMER_NOMINAL_CURRENT,DIRECT_PDIRD_MINIMUM_WINTER_NOMINAL_CURRENT,CHANGED
lines,LINE:000233,max_i_ka,0.4416,0.544,CHANGED
lines,LINE:000233,seasonal_rating_status,WINTER_DYNAMIC_AMBIENT_TEMPERATURE_RATING_APPLIED,DIRECT_PDIRD_WINTER_NOMINAL_CURRENT_APPLIED,CHANGED
lines,LINE:000235,parameter_source,"E-REDES PDIRD-E 2020 Annex B, 31-12-2025 planning table",https://www.e-redes.pt/sites/eredes/files/2022-07/PDIRD-E%202020%20proposta%20final.pdf,CHANGED
lines,LINE:000235,max_i_status,DIRECT_PDIRD_MINIMUM_SUMMER_NOMINAL_CURRENT,DIRECT_PDIRD_MINIMUM_WINTER_NOMINAL_CURRENT,CHANGED
lines,LINE:000235,max_i_ka,0.6969,0.686,CHANGED
lines,LINE:000235,seasonal_rating_status,WINTER_DYNAMIC_AMBIENT_TEMPERATURE_RATING_APPLIED,DIRECT_PDIRD_WINTER_NOMINAL_CURRENT_APPLIED,CHANGED
lines,LINE:000236,parameter_source,"E-REDES PDIRD-E 2020 Annex B, 31-12-2025 planning table",https://www.e-redes.pt/sites/eredes/files/2022-07/PDIRD-E%202020%20proposta%20final.pdf,CHANGED
lines,LINE:000236,max_i_status,DIRECT_PDIRD_MINIMUM_SUMMER_NOMINAL_CURRENT,DIRECT_PDIRD_MINIMUM_WINTER_NOMINAL_CURRENT,CHANGED
lines,LINE:000236,max_i_ka,0.6014499999999999,0.723,CHANGED
lines,LINE:000236,seasonal_rating_status,WINTER_DYNAMIC_AMBIENT_TEMPERATURE_RATING_APPLIED,DIRECT_PDIRD_WINTER_NOMINAL_CURRENT_APPLIED,CHANGED
lines,LINE:000244,parameter_source,"E-REDES PDIRD-E 2020 Annex B, 31-12-2025 planning table",https://www.e-redes.pt/sites/eredes/files/2022-07/PDIRD-E%202020%20proposta%20final.pdf,CHANGED
lines,LINE:000244,max_i_status,DIRECT_PDIRD_MINIMUM_SUMMER_NOMINAL_CURRENT,DIRECT_PDIRD_MINIMUM_WINTER_NOMINAL_CURRENT,CHANGED
lines,LINE:000244,max_i_ka,0.30015,0.362,CHANGED
lines,LINE:000244,seasonal_rating_status,WINTER_DYNAMIC_AMBIENT_TEMPERATURE_RATING_APPLIED,DIRECT_PDIRD_WINTER_NOMINAL_CURRENT_APPLIED,CHANGED
lines,LINE:000251,parameter_source,"E-REDES PDIRD-E 2020 Annex B, 31-12-2025 planning table",https://www.e-redes.pt/sites/eredes/files/2022-07/PDIRD-E%202020%20proposta%20final.pdf,CHANGED
lines,LINE:000251,max_i_status,DIRECT_PDIRD_MINIMUM_SUMMER_NOMINAL_CURRENT,DIRECT_PDIRD_MINIMUM_WINTER_NOMINAL_CURRENT,CHANGED
lines,LINE:000251,max_i_ka,1.3938,1.372,CHANGED
lines,LINE:000251,seasonal_rating_status,WINTER_DYNAMIC_AMBIENT_TEMPERATURE_RATING_APPLIED,DIRECT_PDIRD_WINTER_NOMINAL_CURRENT_APPLIED,CHANGED
lines,LINE:000257,parameter_source,"E-REDES PDIRD-E 2020 Annex B, 31-12-2025 planning table",https://www.e-redes.pt/sites/eredes/files/2022-07/PDIRD-E%202020%20proposta%20final.pdf,CHANGED
lines,LINE:000257,max_i_status,DIRECT_PDIRD_MINIMUM_SUMMER_NOMINAL_CURRENT,DIRECT_PDIRD_MINIMUM_WINTER_NOMINAL_CURRENT,CHANGED
lines,LINE:000257,max_i_ka,0.6969,0.686,CHANGED
lines,LINE:000257,seasonal_rating_status,WINTER_DYNAMIC_AMBIENT_TEMPERATURE_RATING_APPLIED,DIRECT_PDIRD_WINTER_NOMINAL_CURRENT_APPLIED,CHANGED
lines,LINE:000260,parameter_source,"E-REDES PDIRD-E 2020 Annex B, 31-12-2025 planning table",https://www.e-redes.pt/sites/eredes/files/2022-07/PDIRD-E%202020%20proposta%20final.pdf,CHANGED
lines,LINE:000260,max_i_status,DIRECT_PDIRD_MINIMUM_SUMMER_NOMINAL_CURRENT,DIRECT_PDIRD_MINIMUM_WINTER_NOMINAL_CURRENT,CHANGED
lines,LINE:000260,max_i_ka,1.3938,1.372,CHANGED
lines,LINE:000260,seasonal_rating_status,WINTER_DYNAMIC_AMBIENT_TEMPERATURE_RATING_APPLIED,DIRECT_PDIRD_WINTER_NOMINAL_CURRENT_APPLIED,CHANGED
lines,LINE:000262,parameter_source,"E-REDES PDIRD-E 2020 Annex B, 31-12-2025 planning table",https://www.e-redes.pt/sites/eredes/files/2022-07/PDIRD-E%202020%20proposta%20final.pdf,CHANGED
lines,LINE:000262,max_i_status,DIRECT_PDIRD_MINIMUM_SUMMER_NOMINAL_CURRENT,DIRECT_PDIRD_MINIMUM_WINTER_NOMINAL_CURRENT,CHANGED
lines,LINE:000262,max_i_ka,1.3938,1.372,CHANGED
lines,LINE:000262,seasonal_rating_status,WINTER_DYNAMIC_AMBIENT_TEMPERATURE_RATING_APPLIED,DIRECT_PDIRD_WINTER_NOMINAL_CURRENT_APPLIED,CHANGED
lines,LINE:000263,parameter_source,"E-REDES PDIRD-E 2020 Annex B, 31-12-2025 planning table",https://www.e-redes.pt/sites/eredes/files/2022-07/PDIRD-E%202020%20proposta%20final.pdf,CHANGED
lines,LINE:000263,max_i_status,DIRECT_PDIRD_MINIMUM_SUMMER_NOMINAL_CURRENT,DIRECT_PDIRD_MINIMUM_WINTER_NOMINAL_CURRENT,CHANGED
lines,LINE:000263,max_i_ka,0.30015,0.362,CHANGED
lines,LINE:000263,seasonal_rating_status,WINTER_DYNAMIC_AMBIENT_TEMPERATURE_RATING_APPLIED,DIRECT_PDIRD_WINTER_NOMINAL_CURRENT_APPLIED,CHANGED
lines,LINE:000267,parameter_source,"E-REDES PDIRD-E 2020 Annex B, 31-12-2025 planning table",https://www.e-redes.pt/sites/eredes/files/2022-07/PDIRD-E%202020%20proposta%20final.pdf,CHANGED
lines,LINE:000267,max_i_status,DIRECT_PDIRD_MINIMUM_SUMMER_NOMINAL_CURRENT,DIRECT_PDIRD_MINIMUM_WINTER_NOMINAL_CURRENT,CHANGED
lines,LINE:000267,max_i_ka,0.4416,0.544,CHANGED
lines,LINE:000267,seasonal_rating_status,WINTER_DYNAMIC_AMBIENT_TEMPERATURE_RATING_APPLIED,DIRECT_PDIRD_WINTER_NOMINAL_CURRENT_APPLIED,CHANGED
lines,LINE:000286,parameter_source,"E-REDES PDIRD-E 2020 Annex B, 31-12-2025 planning table",https://www.e-redes.pt/sites/eredes/files/2022-07/PDIRD-E%202020%20proposta%20final.pdf,CHANGED
lines,LINE:000286,max_i_status,DIRECT_PDIRD_MINIMUM_SUMMER_NOMINAL_CURRENT,DIRECT_PDIRD_MINIMUM_WINTER_NOMINAL_CURRENT,CHANGED
lines,LINE:000286,max_i_ka,0.6969,0.686,CHANGED
lines,LINE:000286,seasonal_rating_status,WINTER_DYNAMIC_AMBIENT_TEMPERATURE_RATING_APPLIED,DIRECT_PDIRD_WINTER_NOMINAL_CURRENT_APPLIED,CHANGED
lines,LINE:000294,parameter_source,"E-REDES PDIRD-E 2020 Annex B, 31-12-2025 planning table",https://www.e-redes.pt/sites/eredes/files/2022-07/PDIRD-E%202020%20proposta%20final.pdf,CHANGED
lines,LINE:000294,max_i_status,DIRECT_PDIRD_MINIMUM_SUMMER_NOMINAL_CURRENT,DIRECT_PDIRD_MINIMUM_WINTER_NOMINAL_CURRENT,CHANGED
lines,LINE:000294,max_i_ka,1.3938,1.372,CHANGED
lines,LINE:000294,seasonal_rating_status,WINTER_DYNAMIC_AMBIENT_TEMPERATURE_RATING_APPLIED,DIRECT_PDIRD_WINTER_NOMINAL_CURRENT_APPLIED,CHANGED
lines,LINE:000302,parameter_source,"E-REDES PDIRD-E 2020 Annex B, 31-12-2025 planning table",https://www.e-redes.pt/sites/eredes/files/2022-07/PDIRD-E%202020%20proposta%20final.pdf,CHANGED
lines,LINE:000302,max_i_status,DIRECT_PDIRD_MINIMUM_SUMMER_NOMINAL_CURRENT,DIRECT_PDIRD_MINIMUM_WINTER_NOMINAL_CURRENT,CHANGED
lines,LINE:000302,max_i_ka,0.7566999999999999,0.921,CHANGED
lines,LINE:000302,seasonal_rating_status,WINTER_DYNAMIC_AMBIENT_TEMPERATURE_RATING_APPLIED,DIRECT_PDIRD_WINTER_NOMINAL_CURRENT_APPLIED,CHANGED
lines,LINE:000303,parameter_source,"E-REDES PDIRD-E 2020 Annex B, 31-12-2025 planning table",https://www.e-redes.pt/sites/eredes/files/2022-07/PDIRD-E%202020%20proposta%20final.pdf,CHANGED
lines,LINE:000303,max_i_status,DIRECT_PDIRD_MINIMUM_SUMMER_NOMINAL_CURRENT,DIRECT_PDIRD_MINIMUM_WINTER_NOMINAL_CURRENT,CHANGED
lines,LINE:000303,max_i_ka,0.6014499999999999,0.686,CHANGED
lines,LINE:000303,seasonal_rating_status,WINTER_DYNAMIC_AMBIENT_TEMPERATURE_RATING_APPLIED,DIRECT_PDIRD_WINTER_NOMINAL_CURRENT_APPLIED,CHANGED
lines,LINE:000304,parameter_source,"E-REDES PDIRD-E 2020 Annex B, 31-12-2025 planning table",https://www.e-redes.pt/sites/eredes/files/2022-07/PDIRD-E%202020%20proposta%20final.pdf,CHANGED
lines,LINE:000304,max_i_status,DIRECT_PDIRD_MINIMUM_SUMMER_NOMINAL_CURRENT,DIRECT_PDIRD_MINIMUM_WINTER_NOMINAL_CURRENT,CHANGED
lines,LINE:000304,max_i_ka,0.6014499999999999,0.686,CHANGED
lines,LINE:000304,seasonal_rating_status,WINTER_DYNAMIC_AMBIENT_TEMPERATURE_RATING_APPLIED,DIRECT_PDIRD_WINTER_NOMINAL_CURRENT_APPLIED,CHANGED
lines,LINE:000310,parameter_source,"E-REDES PDIRD-E 2020 Annex B, 31-12-2025 planning table",https://www.e-redes.pt/sites/eredes/files/2022-07/PDIRD-E%202020%20proposta%20final.pdf,CHANGED
lines,LINE:000310,max_i_status,DIRECT_PDIRD_MINIMUM_SUMMER_NOMINAL_CURRENT,DIRECT_PDIRD_MINIMUM_WINTER_NOMINAL_CURRENT,CHANGED
lines,LINE:000310,max_i_ka,0.4416,0.544,CHANGED
lines,LINE:000310,seasonal_rating_status,WINTER_DYNAMIC_AMBIENT_TEMPERATURE_RATING_APPLIED,DIRECT_PDIRD_WINTER_NOMINAL_CURRENT_APPLIED,CHANGED
lines,LINE:000314,parameter_source,"E-REDES PDIRD-E 2020 Annex B, 31-12-2025 planning table",https://www.e-redes.pt/sites/eredes/files/2022-07/PDIRD-E%202020%20proposta%20final.pdf,CHANGED
lines,LINE:000314,max_i_status,DIRECT_PDIRD_MINIMUM_SUMMER_NOMINAL_CURRENT,DIRECT_PDIRD_MINIMUM_WINTER_NOMINAL_CURRENT,CHANGED
lines,LINE:000314,max_i_ka,0.26335,0.315,CHANGED
lines,LINE:000314,seasonal_rating_status,WINTER_DYNAMIC_AMBIENT_TEMPERATURE_RATING_APPLIED,DIRECT_PDIRD_WINTER_NOMINAL_CURRENT_APPLIED,CHANGED
lines,LINE:000318,parameter_source,"E-REDES PDIRD-E 2020 Annex B, 31-12-2025 planning table",https://www.e-redes.pt/sites/eredes/files/2022-07/PDIRD-E%202020%20proposta%20final.pdf,CHANGED
lines,LINE:000318,max_i_status,DIRECT_PDIRD_MINIMUM_SUMMER_NOMINAL_CURRENT,DIRECT_PDIRD_MINIMUM_WINTER_NOMINAL_CURRENT,CHANGED
lines,LINE:000318,max_i_ka,0.6969,0.686,CHANGED
lines,LINE:000318,seasonal_rating_status,WINTER_DYNAMIC_AMBIENT_TEMPERATURE_RATING_APPLIED,DIRECT_PDIRD_WINTER_NOMINAL_CURRENT_APPLIED,CHANGED
lines,LINE:000327,parameter_source,"E-REDES PDIRD-E 2020 Annex B, 31-12-2025 planning table",https://www.e-redes.pt/sites/eredes/files/2022-07/PDIRD-E%202020%20proposta%20final.pdf,CHANGED
lines,LINE:000327,max_i_status,DIRECT_PDIRD_MINIMUM_SUMMER_NOMINAL_CURRENT,DIRECT_PDIRD_MINIMUM_WINTER_NOMINAL_CURRENT,CHANGED
lines,LINE:000327,max_i_ka,0.6014499999999999,0.686,CHANGED
lines,LINE:000327,seasonal_rating_status,WINTER_DYNAMIC_AMBIENT_TEMPERATURE_RATING_APPLIED,DIRECT_PDIRD_WINTER_NOMINAL_CURRENT_APPLIED,CHANGED
lines,LINE:000348,parameter_source,"E-REDES PDIRD-E 2020 Annex B, 31-12-2025 planning table",https://www.e-redes.pt/sites/eredes/files/2022-07/PDIRD-E%202020%20proposta%20final.pdf,CHANGED
lines,LINE:000348,max_i_status,DIRECT_PDIRD_MINIMUM_SUMMER_NOMINAL_CURRENT,DIRECT_PDIRD_MINIMUM_WINTER_NOMINAL_CURRENT,CHANGED
lines,LINE:000348,max_i_ka,0.46115,0.451,CHANGED
lines,LINE:000348,seasonal_rating_status,WINTER_DYNAMIC_AMBIENT_TEMPERATURE_RATING_APPLIED,DIRECT_PDIRD_WINTER_NOMINAL_CURRENT_APPLIED,CHANGED
lines,LINE:000360,parameter_source,"E-REDES PDIRD-E 2020 Annex B, 31-12-2025 planning table",https://www.e-redes.pt/sites/eredes/files/2022-07/PDIRD-E%202020%20proposta%20final.pdf,CHANGED
lines,LINE:000360,max_i_status,DIRECT_PDIRD_MINIMUM_SUMMER_NOMINAL_CURRENT,DIRECT_PDIRD_MINIMUM_WINTER_NOMINAL_CURRENT,CHANGED
lines,LINE:000360,max_i_ka,0.6969,0.686,CHANGED
lines,LINE:000360,seasonal_rating_status,WINTER_DYNAMIC_AMBIENT_TEMPERATURE_RATING_APPLIED,DIRECT_PDIRD_WINTER_NOMINAL_CURRENT_APPLIED,CHANGED
lines,LINE:000367,parameter_source,"E-REDES PDIRD-E 2020 Annex B, 31-12-2025 planning table",https://www.e-redes.pt/sites/eredes/files/2022-07/PDIRD-E%202020%20proposta%20final.pdf,CHANGED
lines,LINE:000367,max_i_status,DIRECT_PDIRD_MINIMUM_SUMMER_NOMINAL_CURRENT,DIRECT_PDIRD_MINIMUM_WINTER_NOMINAL_CURRENT,CHANGED
lines,LINE:000367,max_i_ka,0.6969,0.686,CHANGED
lines,LINE:000367,seasonal_rating_status,WINTER_DYNAMIC_AMBIENT_TEMPERATURE_RATING_APPLIED,DIRECT_PDIRD_WINTER_NOMINAL_CURRENT_APPLIED,CHANGED
lines,LINE:000368,parameter_source,"E-REDES PDIRD-E 2020 Annex B, 31-12-2025 planning table",https://www.e-redes.pt/sites/eredes/files/2022-07/PDIRD-E%202020%20proposta%20final.pdf,CHANGED
lines,LINE:000368,max_i_status,DIRECT_PDIRD_MINIMUM_SUMMER_NOMINAL_CURRENT,DIRECT_PDIRD_MINIMUM_WINTER_NOMINAL_CURRENT,CHANGED
lines,LINE:000368,max_i_ka,0.46115,0.451,CHANGED
lines,LINE:000368,seasonal_rating_status,WINTER_DYNAMIC_AMBIENT_TEMPERATURE_RATING_APPLIED,DIRECT_PDIRD_WINTER_NOMINAL_CURRENT_APPLIED,CHANGED
lines,LINE:000373,parameter_source,"E-REDES PDIRD-E 2020 Annex B, 31-12-2025 planning table",https://www.e-redes.pt/sites/eredes/files/2022-07/PDIRD-E%202020%20proposta%20final.pdf,CHANGED
lines,LINE:000373,max_i_status,DIRECT_PDIRD_MINIMUM_SUMMER_NOMINAL_CURRENT,DIRECT_PDIRD_MINIMUM_WINTER_NOMINAL_CURRENT,CHANGED
lines,LINE:000373,max_i_ka,0.4416,0.544,CHANGED
lines,LINE:000373,seasonal_rating_status,WINTER_DYNAMIC_AMBIENT_TEMPERATURE_RATING_APPLIED,DIRECT_PDIRD_WINTER_NOMINAL_CURRENT_APPLIED,CHANGED
lines,LINE:000377,parameter_source,"E-REDES PDIRD-E 2020 Annex B, 31-12-2025 planning table",https://www.e-redes.pt/sites/eredes/files/2022-07/PDIRD-E%202020%20proposta%20final.pdf,CHANGED
lines,LINE:000377,max_i_status,DIRECT_PDIRD_MINIMUM_SUMMER_NOMINAL_CURRENT,DIRECT_PDIRD_MINIMUM_WINTER_NOMINAL_CURRENT,CHANGED
lines,LINE:000377,max_i_ka,0.6842499999999999,0.686,CHANGED
lines,LINE:000377,seasonal_rating_status,WINTER_DYNAMIC_AMBIENT_TEMPERATURE_RATING_APPLIED,DIRECT_PDIRD_WINTER_NOMINAL_CURRENT_APPLIED,CHANGED
lines,LINE:000378,parameter_source,"E-REDES PDIRD-E 2020 Annex B, 31-12-2025 planning table",https://www.e-redes.pt/sites/eredes/files/2022-07/PDIRD-E%202020%20proposta%20final.pdf,CHANGED
lines,LINE:000378,max_i_status,DIRECT_PDIRD_MINIMUM_SUMMER_NOMINAL_CURRENT,DIRECT_PDIRD_MINIMUM_WINTER_NOMINAL_CURRENT,CHANGED
lines,LINE:000378,max_i_ka,0.34384999999999993,0.417,CHANGED
lines,LINE:000378,seasonal_rating_status,WINTER_DYNAMIC_AMBIENT_TEMPERATURE_RATING_APPLIED,DIRECT_PDIRD_WINTER_NOMINAL_CURRENT_APPLIED,CHANGED
lines,LINE:000379,parameter_source,"E-REDES PDIRD-E 2020 Annex B, 31-12-2025 planning table",https://www.e-redes.pt/sites/eredes/files/2022-07/PDIRD-E%202020%20proposta%20final.pdf,CHANGED
lines,LINE:000379,max_i_status,DIRECT_PDIRD_MINIMUM_SUMMER_NOMINAL_CURRENT,DIRECT_PDIRD_MINIMUM_WINTER_NOMINAL_CURRENT,CHANGED
lines,LINE:000379,max_i_ka,0.6969,0.686,CHANGED
lines,LINE:000379,seasonal_rating_status,WINTER_DYNAMIC_AMBIENT_TEMPERATURE_RATING_APPLIED,DIRECT_PDIRD_WINTER_NOMINAL_CURRENT_APPLIED,CHANGED
lines,LINE:000381,parameter_status,PDIRD_CIRCUIT_PATH_MATCH_PARTIAL_SOURCE_BACKING,DIRECT_PDIRD_MINIMUM_WINTER_NOMINAL_CURRENT,CHANGED
lines,LINE:000381,parameter_source,"E-REDES PDIRD-E 2020 Annex B, 31-12-2025 planning table",https://www.e-redes.pt/sites/eredes/files/2022-07/PDIRD-E%202020%20proposta%20final.pdf,CHANGED
lines,LINE:000381,max_i_status,DIRECT_PDIRD_MINIMUM_SUMMER_NOMINAL_CURRENT,DIRECT_PDIRD_MINIMUM_WINTER_NOMINAL_CURRENT,CHANGED
lines,LINE:000381,max_i_ka,0.37834999999999996,0.46,CHANGED
lines,LINE:000381,parallel_status,SOURCE_CIRCUIT_FIELD_OR_SINGLE_CIRCUIT_DEFAULT,PUBLIC_SINGLE_CIRCUIT_INVENTORY,CHANGED
lines,LINE:000381,rating_override_status,NO_CORRIDOR_OVERRIDE,EXPLICIT_PUBLIC_INVENTORY_CORRECTION,CHANGED
lines,LINE:000381,seasonal_rating_status,WINTER_DYNAMIC_AMBIENT_TEMPERATURE_RATING_APPLIED,DIRECT_PDIRD_WINTER_NOMINAL_CURRENT_APPLIED,CHANGED
lines,LINE:000382,parameter_status,PDIRD_CIRCUIT_PATH_MATCH_PARTIAL_SOURCE_BACKING,DIRECT_PDIRD_MINIMUM_WINTER_NOMINAL_CURRENT,CHANGED
lines,LINE:000382,parameter_source,"E-REDES PDIRD-E 2020 Annex B, 31-12-2025 planning table",https://www.e-redes.pt/sites/eredes/files/2022-07/PDIRD-E%202020%20proposta%20final.pdf,CHANGED
lines,LINE:000382,max_i_status,DIRECT_PDIRD_MINIMUM_SUMMER_NOMINAL_CURRENT,DIRECT_PDIRD_MINIMUM_WINTER_NOMINAL_CURRENT,CHANGED
lines,LINE:000382,max_i_ka,0.37834999999999996,0.46,CHANGED
lines,LINE:000382,parallel_status,SOURCE_CIRCUIT_FIELD_OR_SINGLE_CIRCUIT_DEFAULT,PUBLIC_SINGLE_CIRCUIT_INVENTORY,CHANGED
lines,LINE:000382,rating_override_status,NO_CORRIDOR_OVERRIDE,EXPLICIT_PUBLIC_INVENTORY_CORRECTION,CHANGED
lines,LINE:000382,seasonal_rating_status,WINTER_DYNAMIC_AMBIENT_TEMPERATURE_RATING_APPLIED,DIRECT_PDIRD_WINTER_NOMINAL_CURRENT_APPLIED,CHANGED
lines,LINE:000388,parameter_source,"E-REDES PDIRD-E 2020 Annex B, 31-12-2025 planning table",https://www.e-redes.pt/sites/eredes/files/2022-07/PDIRD-E%202020%20proposta%20final.pdf,CHANGED
lines,LINE:000388,max_i_status,DIRECT_PDIRD_MINIMUM_SUMMER_NOMINAL_CURRENT,DIRECT_PDIRD_MINIMUM_WINTER_NOMINAL_CURRENT,CHANGED
lines,LINE:000388,max_i_ka,0.6969,0.686,CHANGED
lines,LINE:000388,seasonal_rating_status,WINTER_DYNAMIC_AMBIENT_TEMPERATURE_RATING_APPLIED,DIRECT_PDIRD_WINTER_NOMINAL_CURRENT_APPLIED,CHANGED
lines,LINE:000389,parameter_source,"E-REDES PDIRD-E 2020 Annex B, 31-12-2025 planning table",https://www.e-redes.pt/sites/eredes/files/2022-07/PDIRD-E%202020%20proposta%20final.pdf,CHANGED
lines,LINE:000389,max_i_status,DIRECT_PDIRD_MINIMUM_SUMMER_NOMINAL_CURRENT,DIRECT_PDIRD_MINIMUM_WINTER_NOMINAL_CURRENT,CHANGED
lines,LINE:000389,max_i_ka,0.6969,0.686,CHANGED
lines,LINE:000389,seasonal_rating_status,WINTER_DYNAMIC_AMBIENT_TEMPERATURE_RATING_APPLIED,DIRECT_PDIRD_WINTER_NOMINAL_CURRENT_APPLIED,CHANGED
lines,LINE:000390,parameter_source,"E-REDES PDIRD-E 2020 Annex B, 31-12-2025 planning table",https://www.e-redes.pt/sites/eredes/files/2022-07/PDIRD-E%202020%20proposta%20final.pdf,CHANGED
lines,LINE:000390,max_i_status,DIRECT_PDIRD_MINIMUM_SUMMER_NOMINAL_CURRENT,DIRECT_PDIRD_MINIMUM_WINTER_NOMINAL_CURRENT,CHANGED
lines,LINE:000390,max_i_ka,0.6969,0.686,CHANGED
lines,LINE:000390,seasonal_rating_status,WINTER_DYNAMIC_AMBIENT_TEMPERATURE_RATING_APPLIED,DIRECT_PDIRD_WINTER_NOMINAL_CURRENT_APPLIED,CHANGED
lines,LINE:000393,parameter_status,VOLTAGE_CLASS_ENGINEERING_PROXY,DIRECT_PUBLIC_CORRIDOR_WINTER_NOMINAL_CURRENT,CHANGED
lines,LINE:000393,parameter_source,config/model_config.json,https://www.e-redes.pt/sites/eredes/files/2022-07/PDIRD-E%202020%20proposta%20final.pdf,CHANGED
lines,LINE:000393,parameter_match_designation,,LN60 1085 VILA NOVA DE FAMALICÃO (REN)-BEIRIZ-MOSTEIRÔ,CHANGED
lines,LINE:000393,max_i_status,ENGINEERING_PROXY,DIRECT_PUBLIC_CORRIDOR_WINTER_NOMINAL_CURRENT,CHANGED
lines,LINE:000393,max_i_ka,0.6969,1.089,CHANGED
lines,LINE:000393,parallel_status,SOURCE_CIRCUIT_FIELD_OR_SINGLE_CIRCUIT_DEFAULT,PUBLIC_SINGLE_CIRCUIT_INVENTORY,CHANGED
lines,LINE:000393,rating_override_status,NO_CORRIDOR_OVERRIDE,EXPLICIT_PUBLIC_INVENTORY_CORRECTION,CHANGED
lines,LINE:000393,seasonal_rating_status,WINTER_DYNAMIC_AMBIENT_TEMPERATURE_RATING_APPLIED,DIRECT_PDIRD_WINTER_NOMINAL_CURRENT_APPLIED,CHANGED
lines,LINE:000399,length_km,1.4521685323639308,1.083239828506066,CHANGED
lines,LINE:000399,parameter_status,PDIRD_CIRCUIT_PATH_MATCH_PARTIAL_SOURCE_BACKING,PDIRD_CIRCUIT_PATH_MATCH_PARTIAL_SOURCE_BACKING+PUBLIC_PDIRD_SECTION_LENGTH,CHANGED
lines,LINE:000399,parameter_source,"E-REDES PDIRD-E 2020 Annex B, 31-12-2025 planning table",https://www.e-redes.pt/sites/eredes/files/2022-07/PDIRD-E%202020%20proposta%20final.pdf,CHANGED
lines,LINE:000399,max_i_status,DIRECT_PDIRD_MINIMUM_SUMMER_NOMINAL_CURRENT,DIRECT_PDIRD_MINIMUM_WINTER_NOMINAL_CURRENT,CHANGED
lines,LINE:000399,max_i_ka,0.6969,0.686,CHANGED
lines,LINE:000399,seasonal_rating_status,WINTER_DYNAMIC_AMBIENT_TEMPERATURE_RATING_APPLIED,DIRECT_PDIRD_WINTER_NOMINAL_CURRENT_APPLIED,CHANGED
lines,LINE:000400,length_km,0.172022617201508,0.12831964486462696,CHANGED
lines,LINE:000400,parameter_status,PDIRD_CIRCUIT_PATH_MATCH_PARTIAL_SOURCE_BACKING,PDIRD_CIRCUIT_PATH_MATCH_PARTIAL_SOURCE_BACKING+PUBLIC_PDIRD_SECTION_LENGTH,CHANGED
lines,LINE:000400,parameter_source,"E-REDES PDIRD-E 2020 Annex B, 31-12-2025 planning table",https://www.e-redes.pt/sites/eredes/files/2022-07/PDIRD-E%202020%20proposta%20final.pdf,CHANGED
lines,LINE:000400,max_i_status,DIRECT_PDIRD_MINIMUM_SUMMER_NOMINAL_CURRENT,DIRECT_PDIRD_MINIMUM_WINTER_NOMINAL_CURRENT,CHANGED
lines,LINE:000400,max_i_ka,0.6969,0.686,CHANGED
lines,LINE:000400,seasonal_rating_status,WINTER_DYNAMIC_AMBIENT_TEMPERATURE_RATING_APPLIED,DIRECT_PDIRD_WINTER_NOMINAL_CURRENT_APPLIED,CHANGED
lines,LINE:000403,parameter_source,"E-REDES PDIRD-E 2020 Annex B, 31-12-2025 planning table",https://www.e-redes.pt/sites/eredes/files/2022-07/PDIRD-E%202020%20proposta%20final.pdf,CHANGED
lines,LINE:000403,max_i_status,DIRECT_PDIRD_MINIMUM_SUMMER_NOMINAL_CURRENT,DIRECT_PDIRD_MINIMUM_WINTER_NOMINAL_CURRENT,CHANGED
lines,LINE:000403,max_i_ka,0.46115,0.451,CHANGED
lines,LINE:000403,seasonal_rating_status,WINTER_DYNAMIC_AMBIENT_TEMPERATURE_RATING_APPLIED,DIRECT_PDIRD_WINTER_NOMINAL_CURRENT_APPLIED,CHANGED
lines,LINE:000404,parameter_source,"E-REDES PDIRD-E 2020 Annex B, 31-12-2025 planning table",https://www.e-redes.pt/sites/eredes/files/2022-07/PDIRD-E%202020%20proposta%20final.pdf,CHANGED
lines,LINE:000404,max_i_status,DIRECT_PDIRD_MINIMUM_SUMMER_NOMINAL_CURRENT,DIRECT_PDIRD_MINIMUM_WINTER_NOMINAL_CURRENT,CHANGED
lines,LINE:000404,max_i_ka,0.6969,0.686,CHANGED
lines,LINE:000404,seasonal_rating_status,WINTER_DYNAMIC_AMBIENT_TEMPERATURE_RATING_APPLIED,DIRECT_PDIRD_WINTER_NOMINAL_CURRENT_APPLIED,CHANGED
lines,LINE:000413,parameter_source,"E-REDES PDIRD-E 2020 Annex B, 31-12-2025 planning table",https://www.e-redes.pt/sites/eredes/files/2022-07/PDIRD-E%202020%20proposta%20final.pdf,CHANGED
lines,LINE:000413,max_i_status,DIRECT_PDIRD_MINIMUM_SUMMER_NOMINAL_CURRENT,DIRECT_PDIRD_MINIMUM_WINTER_NOMINAL_CURRENT,CHANGED
lines,LINE:000413,max_i_ka,0.4416,0.544,CHANGED
lines,LINE:000413,seasonal_rating_status,WINTER_DYNAMIC_AMBIENT_TEMPERATURE_RATING_APPLIED,DIRECT_PDIRD_WINTER_NOMINAL_CURRENT_APPLIED,CHANGED
lines,LINE:000415,parameter_source,"E-REDES PDIRD-E 2020 Annex B, 31-12-2025 planning table",https://www.e-redes.pt/sites/eredes/files/2022-07/PDIRD-E%202020%20proposta%20final.pdf,CHANGED
lines,LINE:000415,max_i_status,DIRECT_PDIRD_MINIMUM_SUMMER_NOMINAL_CURRENT,DIRECT_PDIRD_MINIMUM_WINTER_NOMINAL_CURRENT,CHANGED
lines,LINE:000415,max_i_ka,0.30015,0.362,CHANGED
lines,LINE:000415,seasonal_rating_status,WINTER_DYNAMIC_AMBIENT_TEMPERATURE_RATING_APPLIED,DIRECT_PDIRD_WINTER_NOMINAL_CURRENT_APPLIED,CHANGED
lines,LINE:000425,parameter_status,VOLTAGE_CLASS_ENGINEERING_PROXY,DIRECT_PUBLIC_CORRIDOR_WINTER_NOMINAL_CURRENT,CHANGED
lines,LINE:000425,parameter_source,config/model_config.json,https://www.e-redes.pt/sites/eredes/files/2022-07/PDIRD-E%202020%20proposta%20final.pdf,CHANGED
lines,LINE:000425,parameter_match_designation,,LN60 1085 VILA NOVA DE FAMALICÃO (REN)-BEIRIZ-MOSTEIRÔ,CHANGED
lines,LINE:000425,max_i_status,ENGINEERING_PROXY,DIRECT_PUBLIC_CORRIDOR_WINTER_NOMINAL_CURRENT,CHANGED
lines,LINE:000425,max_i_ka,0.6969,1.089,CHANGED
lines,LINE:000425,parallel_status,SOURCE_CIRCUIT_FIELD_OR_SINGLE_CIRCUIT_DEFAULT,PUBLIC_SINGLE_CIRCUIT_INVENTORY,CHANGED
lines,LINE:000425,rating_override_status,NO_CORRIDOR_OVERRIDE,EXPLICIT_PUBLIC_INVENTORY_CORRECTION,CHANGED
lines,LINE:000425,seasonal_rating_status,WINTER_DYNAMIC_AMBIENT_TEMPERATURE_RATING_APPLIED,DIRECT_PDIRD_WINTER_NOMINAL_CURRENT_APPLIED,CHANGED
lines,LINE:000426,parameter_status,VOLTAGE_CLASS_ENGINEERING_PROXY,DIRECT_PUBLIC_CORRIDOR_WINTER_NOMINAL_CURRENT,CHANGED
lines,LINE:000426,parameter_source,config/model_config.json,https://www.e-redes.pt/sites/eredes/files/2022-07/PDIRD-E%202020%20proposta%20final.pdf,CHANGED
lines,LINE:000426,parameter_match_designation,,LN60 1085 VILA NOVA DE FAMALICÃO (REN)-BEIRIZ-MOSTEIRÔ,CHANGED
lines,LINE:000426,max_i_status,ENGINEERING_PROXY,DIRECT_PUBLIC_CORRIDOR_WINTER_NOMINAL_CURRENT,CHANGED
lines,LINE:000426,max_i_ka,0.6969,1.089,CHANGED
lines,LINE:000426,parallel_status,SOURCE_CIRCUIT_FIELD_OR_SINGLE_CIRCUIT_DEFAULT,PUBLIC_SINGLE_CIRCUIT_INVENTORY,CHANGED
lines,LINE:000426,rating_override_status,NO_CORRIDOR_OVERRIDE,EXPLICIT_PUBLIC_INVENTORY_CORRECTION,CHANGED
lines,LINE:000426,seasonal_rating_status,WINTER_DYNAMIC_AMBIENT_TEMPERATURE_RATING_APPLIED,DIRECT_PDIRD_WINTER_NOMINAL_CURRENT_APPLIED,CHANGED
lines,LINE:000432,parameter_source,"E-REDES PDIRD-E 2020 Annex B, 31-12-2025 planning table",https://www.e-redes.pt/sites/eredes/files/2022-07/PDIRD-E%202020%20proposta%20final.pdf,CHANGED
lines,LINE:000432,max_i_status,DIRECT_PDIRD_MINIMUM_SUMMER_NOMINAL_CURRENT,DIRECT_PDIRD_MINIMUM_WINTER_NOMINAL_CURRENT,CHANGED
lines,LINE:000432,max_i_ka,0.5450999999999999,0.582,CHANGED
lines,LINE:000432,seasonal_rating_status,WINTER_DYNAMIC_AMBIENT_TEMPERATURE_RATING_APPLIED,DIRECT_PDIRD_WINTER_NOMINAL_CURRENT_APPLIED,CHANGED
lines,LINE:000442,parameter_source,"E-REDES PDIRD-E 2020 Annex B, 31-12-2025 planning table",https://www.e-redes.pt/sites/eredes/files/2022-07/PDIRD-E%202020%20proposta%20final.pdf,CHANGED
lines,LINE:000442,max_i_status,DIRECT_PDIRD_MINIMUM_SUMMER_NOMINAL_CURRENT,DIRECT_PDIRD_MINIMUM_WINTER_NOMINAL_CURRENT,CHANGED
lines,LINE:000442,max_i_ka,0.46115,0.451,CHANGED
lines,LINE:000442,seasonal_rating_status,WINTER_DYNAMIC_AMBIENT_TEMPERATURE_RATING_APPLIED,DIRECT_PDIRD_WINTER_NOMINAL_CURRENT_APPLIED,CHANGED
lines,LINE:000446,parameter_source,"E-REDES PDIRD-E 2020 Annex B, 31-12-2025 planning table",https://www.e-redes.pt/sites/eredes/files/2022-07/PDIRD-E%202020%20proposta%20final.pdf,CHANGED
lines,LINE:000446,max_i_status,DIRECT_PDIRD_MINIMUM_SUMMER_NOMINAL_CURRENT,DIRECT_PDIRD_MINIMUM_WINTER_NOMINAL_CURRENT,CHANGED
lines,LINE:000446,max_i_ka,1.3938,1.372,CHANGED
lines,LINE:000446,seasonal_rating_status,WINTER_DYNAMIC_AMBIENT_TEMPERATURE_RATING_APPLIED,DIRECT_PDIRD_WINTER_NOMINAL_CURRENT_APPLIED,CHANGED
lines,LINE:000447,parameter_source,"E-REDES PDIRD-E 2020 Annex B, 31-12-2025 planning table",https://www.e-redes.pt/sites/eredes/files/2022-07/PDIRD-E%202020%20proposta%20final.pdf,CHANGED
lines,LINE:000447,max_i_status,DIRECT_PDIRD_MINIMUM_SUMMER_NOMINAL_CURRENT,DIRECT_PDIRD_MINIMUM_WINTER_NOMINAL_CURRENT,CHANGED
lines,LINE:000447,max_i_ka,1.3938,1.372,CHANGED
lines,LINE:000447,seasonal_rating_status,WINTER_DYNAMIC_AMBIENT_TEMPERATURE_RATING_APPLIED,DIRECT_PDIRD_WINTER_NOMINAL_CURRENT_APPLIED,CHANGED
lines,LINE:000448,parameter_source,"E-REDES PDIRD-E 2020 Annex B, 31-12-2025 planning table",https://www.e-redes.pt/sites/eredes/files/2022-07/PDIRD-E%202020%20proposta%20final.pdf,CHANGED
lines,LINE:000448,max_i_status,DIRECT_PDIRD_MINIMUM_SUMMER_NOMINAL_CURRENT,DIRECT_PDIRD_MINIMUM_WINTER_NOMINAL_CURRENT,CHANGED
lines,LINE:000448,max_i_ka,1.3938,1.372,CHANGED
lines,LINE:000448,seasonal_rating_status,WINTER_DYNAMIC_AMBIENT_TEMPERATURE_RATING_APPLIED,DIRECT_PDIRD_WINTER_NOMINAL_CURRENT_APPLIED,CHANGED
lines,LINE:000450,parameter_source,"E-REDES PDIRD-E 2020 Annex B, 31-12-2025 planning table",https://www.e-redes.pt/sites/eredes/files/2022-07/PDIRD-E%202020%20proposta%20final.pdf,CHANGED
lines,LINE:000450,max_i_status,DIRECT_PDIRD_MINIMUM_SUMMER_NOMINAL_CURRENT,DIRECT_PDIRD_MINIMUM_WINTER_NOMINAL_CURRENT,CHANGED
lines,LINE:000450,max_i_ka,0.4416,0.544,CHANGED
lines,LINE:000450,seasonal_rating_status,WINTER_DYNAMIC_AMBIENT_TEMPERATURE_RATING_APPLIED,DIRECT_PDIRD_WINTER_NOMINAL_CURRENT_APPLIED,CHANGED
lines,LINE:000453,parameter_source,"E-REDES PDIRD-E 2020 Annex B, 31-12-2025 planning table",https://www.e-redes.pt/sites/eredes/files/2022-07/PDIRD-E%202020%20proposta%20final.pdf,CHANGED
lines,LINE:000453,max_i_status,DIRECT_PDIRD_MINIMUM_SUMMER_NOMINAL_CURRENT,DIRECT_PDIRD_MINIMUM_WINTER_NOMINAL_CURRENT,CHANGED
lines,LINE:000453,max_i_ka,0.6014499999999999,0.723,CHANGED
lines,LINE:000453,seasonal_rating_status,WINTER_DYNAMIC_AMBIENT_TEMPERATURE_RATING_APPLIED,DIRECT_PDIRD_WINTER_NOMINAL_CURRENT_APPLIED,CHANGED
lines,LINE:000462,parameter_source,"E-REDES PDIRD-E 2020 Annex B, 31-12-2025 planning table",https://www.e-redes.pt/sites/eredes/files/2022-07/PDIRD-E%202020%20proposta%20final.pdf,CHANGED
lines,LINE:000462,max_i_status,DIRECT_PDIRD_MINIMUM_SUMMER_NOMINAL_CURRENT,DIRECT_PDIRD_MINIMUM_WINTER_NOMINAL_CURRENT,CHANGED
lines,LINE:000462,max_i_ka,0.46115,0.451,CHANGED
lines,LINE:000462,seasonal_rating_status,WINTER_DYNAMIC_AMBIENT_TEMPERATURE_RATING_APPLIED,DIRECT_PDIRD_WINTER_NOMINAL_CURRENT_APPLIED,CHANGED
lines,LINE:000465,parameter_status,VOLTAGE_CLASS_ENGINEERING_PROXY,DIRECT_PUBLIC_TWO_CIRCUIT_WINTER_BOTTLENECK,CHANGED
lines,LINE:000465,parameter_source,config/model_config.json,https://www.e-redes.pt/sites/eredes/files/2022-07/PDIRD-E%202020%20proposta%20final.pdf,CHANGED
lines,LINE:000465,parameter_match_designation,,LN60 01/02 PC ORBACÉM-VILA NOVA DE CERVEIRA,CHANGED
lines,LINE:000465,max_i_status,ENGINEERING_PROXY,DIRECT_PUBLIC_TWO_CIRCUIT_WINTER_BOTTLENECK,CHANGED
lines,LINE:000465,max_i_ka,0.6969,0.544,CHANGED
lines,LINE:000465,parallel,1,2,CHANGED
lines,LINE:000465,parallel_status,SOURCE_CIRCUIT_FIELD_OR_SINGLE_CIRCUIT_DEFAULT,PUBLIC_TWO_CIRCUIT_INVENTORY,CHANGED
lines,LINE:000465,rating_override_status,NO_CORRIDOR_OVERRIDE,EXPLICIT_PUBLIC_INVENTORY_CORRECTION,CHANGED
lines,LINE:000465,seasonal_rating_status,WINTER_DYNAMIC_AMBIENT_TEMPERATURE_RATING_APPLIED,DIRECT_PDIRD_WINTER_NOMINAL_CURRENT_APPLIED,CHANGED
lines,LINE:000469,parameter_source,"E-REDES PDIRD-E 2020 Annex B, 31-12-2025 planning table",https://www.e-redes.pt/sites/eredes/files/2022-07/PDIRD-E%202020%20proposta%20final.pdf,CHANGED
lines,LINE:000469,max_i_status,DIRECT_PDIRD_MINIMUM_SUMMER_NOMINAL_CURRENT,DIRECT_PDIRD_MINIMUM_WINTER_NOMINAL_CURRENT,CHANGED
lines,LINE:000469,max_i_ka,0.88435,1.089,CHANGED
lines,LINE:000469,seasonal_rating_status,WINTER_DYNAMIC_AMBIENT_TEMPERATURE_RATING_APPLIED,DIRECT_PDIRD_WINTER_NOMINAL_CURRENT_APPLIED,CHANGED
lines,LINE:000479,parameter_source,"E-REDES PDIRD-E 2020 Annex B, 31-12-2025 planning table",https://www.e-redes.pt/sites/eredes/files/2022-07/PDIRD-E%202020%20proposta%20final.pdf,CHANGED
lines,LINE:000479,max_i_status,DIRECT_PDIRD_MINIMUM_SUMMER_NOMINAL_CURRENT,DIRECT_PDIRD_MINIMUM_WINTER_NOMINAL_CURRENT,CHANGED
lines,LINE:000479,max_i_ka,0.68885,0.74,CHANGED
lines,LINE:000479,seasonal_rating_status,WINTER_DYNAMIC_AMBIENT_TEMPERATURE_RATING_APPLIED,DIRECT_PDIRD_WINTER_NOMINAL_CURRENT_APPLIED,CHANGED
lines,LINE:000480,parameter_source,"E-REDES PDIRD-E 2020 Annex B, 31-12-2025 planning table",https://www.e-redes.pt/sites/eredes/files/2022-07/PDIRD-E%202020%20proposta%20final.pdf,CHANGED
lines,LINE:000480,max_i_status,DIRECT_PDIRD_MINIMUM_SUMMER_NOMINAL_CURRENT,DIRECT_PDIRD_MINIMUM_WINTER_NOMINAL_CURRENT,CHANGED
lines,LINE:000480,max_i_ka,0.68885,0.74,CHANGED
lines,LINE:000480,seasonal_rating_status,WINTER_DYNAMIC_AMBIENT_TEMPERATURE_RATING_APPLIED,DIRECT_PDIRD_WINTER_NOMINAL_CURRENT_APPLIED,CHANGED
lines,LINE:000481,parameter_source,"E-REDES PDIRD-E 2020 Annex B, 31-12-2025 planning table",https://www.e-redes.pt/sites/eredes/files/2022-07/PDIRD-E%202020%20proposta%20final.pdf,CHANGED
lines,LINE:000481,max_i_status,DIRECT_PDIRD_MINIMUM_SUMMER_NOMINAL_CURRENT,DIRECT_PDIRD_MINIMUM_WINTER_NOMINAL_CURRENT,CHANGED
lines,LINE:000481,max_i_ka,0.68885,0.74,CHANGED
lines,LINE:000481,seasonal_rating_status,WINTER_DYNAMIC_AMBIENT_TEMPERATURE_RATING_APPLIED,DIRECT_PDIRD_WINTER_NOMINAL_CURRENT_APPLIED,CHANGED
lines,LINE:000482,parameter_source,"E-REDES PDIRD-E 2020 Annex B, 31-12-2025 planning table",https://www.e-redes.pt/sites/eredes/files/2022-07/PDIRD-E%202020%20proposta%20final.pdf,CHANGED
lines,LINE:000482,max_i_status,DIRECT_PDIRD_MINIMUM_SUMMER_NOMINAL_CURRENT,DIRECT_PDIRD_MINIMUM_WINTER_NOMINAL_CURRENT,CHANGED
lines,LINE:000482,max_i_ka,0.68885,0.74,CHANGED
lines,LINE:000482,seasonal_rating_status,WINTER_DYNAMIC_AMBIENT_TEMPERATURE_RATING_APPLIED,DIRECT_PDIRD_WINTER_NOMINAL_CURRENT_APPLIED,CHANGED
lines,LINE:000483,parameter_source,"E-REDES PDIRD-E 2020 Annex B, 31-12-2025 planning table",https://www.e-redes.pt/sites/eredes/files/2022-07/PDIRD-E%202020%20proposta%20final.pdf,CHANGED
lines,LINE:000483,max_i_status,DIRECT_PDIRD_MINIMUM_SUMMER_NOMINAL_CURRENT,DIRECT_PDIRD_MINIMUM_WINTER_NOMINAL_CURRENT,CHANGED
lines,LINE:000483,max_i_ka,0.68885,0.74,CHANGED
lines,LINE:000483,seasonal_rating_status,WINTER_DYNAMIC_AMBIENT_TEMPERATURE_RATING_APPLIED,DIRECT_PDIRD_WINTER_NOMINAL_CURRENT_APPLIED,CHANGED
lines,LINE:000487,parameter_source,"E-REDES PDIRD-E 2020 Annex B, 31-12-2025 planning table",https://www.e-redes.pt/sites/eredes/files/2022-07/PDIRD-E%202020%20proposta%20final.pdf,CHANGED
lines,LINE:000487,max_i_status,DIRECT_PDIRD_MINIMUM_SUMMER_NOMINAL_CURRENT,DIRECT_PDIRD_MINIMUM_WINTER_NOMINAL_CURRENT,CHANGED
lines,LINE:000487,max_i_ka,0.88435,1.089,CHANGED
lines,LINE:000487,seasonal_rating_status,WINTER_DYNAMIC_AMBIENT_TEMPERATURE_RATING_APPLIED,DIRECT_PDIRD_WINTER_NOMINAL_CURRENT_APPLIED,CHANGED
lines,LINE:000488,parameter_source,"E-REDES PDIRD-E 2020 Annex B, 31-12-2025 planning table",https://www.e-redes.pt/sites/eredes/files/2022-07/PDIRD-E%202020%20proposta%20final.pdf,CHANGED
lines,LINE:000488,max_i_status,DIRECT_PDIRD_MINIMUM_SUMMER_NOMINAL_CURRENT,DIRECT_PDIRD_MINIMUM_WINTER_NOMINAL_CURRENT,CHANGED
lines,LINE:000488,max_i_ka,0.88435,1.089,CHANGED
lines,LINE:000488,seasonal_rating_status,WINTER_DYNAMIC_AMBIENT_TEMPERATURE_RATING_APPLIED,DIRECT_PDIRD_WINTER_NOMINAL_CURRENT_APPLIED,CHANGED
lines,LINE:000489,parameter_source,"E-REDES PDIRD-E 2020 Annex B, 31-12-2025 planning table",https://www.e-redes.pt/sites/eredes/files/2022-07/PDIRD-E%202020%20proposta%20final.pdf,CHANGED
lines,LINE:000489,max_i_status,DIRECT_PDIRD_MINIMUM_SUMMER_NOMINAL_CURRENT,DIRECT_PDIRD_MINIMUM_WINTER_NOMINAL_CURRENT,CHANGED
lines,LINE:000489,max_i_ka,0.6969,0.686,CHANGED
lines,LINE:000489,seasonal_rating_status,WINTER_DYNAMIC_AMBIENT_TEMPERATURE_RATING_APPLIED,DIRECT_PDIRD_WINTER_NOMINAL_CURRENT_APPLIED,CHANGED
lines,LINE:000492,parameter_source,"E-REDES PDIRD-E 2020 Annex B, 31-12-2025 planning table",https://www.e-redes.pt/sites/eredes/files/2022-07/PDIRD-E%202020%20proposta%20final.pdf,CHANGED
lines,LINE:000492,max_i_status,DIRECT_PDIRD_MINIMUM_SUMMER_NOMINAL_CURRENT,DIRECT_PDIRD_MINIMUM_WINTER_NOMINAL_CURRENT,CHANGED
lines,LINE:000492,max_i_ka,0.4416,0.544,CHANGED
lines,LINE:000492,seasonal_rating_status,WINTER_DYNAMIC_AMBIENT_TEMPERATURE_RATING_APPLIED,DIRECT_PDIRD_WINTER_NOMINAL_CURRENT_APPLIED,CHANGED
lines,LINE:000493,parameter_source,"E-REDES PDIRD-E 2020 Annex B, 31-12-2025 planning table",https://www.e-redes.pt/sites/eredes/files/2022-07/PDIRD-E%202020%20proposta%20final.pdf,CHANGED
lines,LINE:000493,max_i_status,DIRECT_PDIRD_MINIMUM_SUMMER_NOMINAL_CURRENT,DIRECT_PDIRD_MINIMUM_WINTER_NOMINAL_CURRENT,CHANGED
lines,LINE:000493,max_i_ka,0.4416,0.544,CHANGED
lines,LINE:000493,seasonal_rating_status,WINTER_DYNAMIC_AMBIENT_TEMPERATURE_RATING_APPLIED,DIRECT_PDIRD_WINTER_NOMINAL_CURRENT_APPLIED,CHANGED
lines,LINE:000501,parameter_source,"E-REDES PDIRD-E 2020 Annex B, 31-12-2025 planning table",https://www.e-redes.pt/sites/eredes/files/2022-07/PDIRD-E%202020%20proposta%20final.pdf,CHANGED
lines,LINE:000501,max_i_status,DIRECT_PDIRD_MINIMUM_SUMMER_NOMINAL_CURRENT,DIRECT_PDIRD_MINIMUM_WINTER_NOMINAL_CURRENT,CHANGED
lines,LINE:000501,max_i_ka,0.6969,0.686,CHANGED
lines,LINE:000501,seasonal_rating_status,WINTER_DYNAMIC_AMBIENT_TEMPERATURE_RATING_APPLIED,DIRECT_PDIRD_WINTER_NOMINAL_CURRENT_APPLIED,CHANGED
lines,LINE:000502,parameter_source,"E-REDES PDIRD-E 2020 Annex B, 31-12-2025 planning table",https://www.e-redes.pt/sites/eredes/files/2022-07/PDIRD-E%202020%20proposta%20final.pdf,CHANGED
lines,LINE:000502,max_i_status,DIRECT_PDIRD_MINIMUM_SUMMER_NOMINAL_CURRENT,DIRECT_PDIRD_MINIMUM_WINTER_NOMINAL_CURRENT,CHANGED
lines,LINE:000502,max_i_ka,0.4416,0.544,CHANGED
lines,LINE:000502,seasonal_rating_status,WINTER_DYNAMIC_AMBIENT_TEMPERATURE_RATING_APPLIED,DIRECT_PDIRD_WINTER_NOMINAL_CURRENT_APPLIED,CHANGED
lines,LINE:000503,parameter_source,"E-REDES PDIRD-E 2020 Annex B, 31-12-2025 planning table",https://www.e-redes.pt/sites/eredes/files/2022-07/PDIRD-E%202020%20proposta%20final.pdf,CHANGED
lines,LINE:000503,max_i_status,DIRECT_PDIRD_MINIMUM_SUMMER_NOMINAL_CURRENT,DIRECT_PDIRD_MINIMUM_WINTER_NOMINAL_CURRENT,CHANGED
lines,LINE:000503,max_i_ka,0.30015,0.362,CHANGED
lines,LINE:000503,seasonal_rating_status,WINTER_DYNAMIC_AMBIENT_TEMPERATURE_RATING_APPLIED,DIRECT_PDIRD_WINTER_NOMINAL_CURRENT_APPLIED,CHANGED
lines,LINE:000504,parameter_source,"E-REDES PDIRD-E 2020 Annex B, 31-12-2025 planning table",https://www.e-redes.pt/sites/eredes/files/2022-07/PDIRD-E%202020%20proposta%20final.pdf,CHANGED
lines,LINE:000504,max_i_status,DIRECT_PDIRD_MINIMUM_SUMMER_NOMINAL_CURRENT,DIRECT_PDIRD_MINIMUM_WINTER_NOMINAL_CURRENT,CHANGED
lines,LINE:000504,max_i_ka,0.6014499999999999,0.686,CHANGED
lines,LINE:000504,seasonal_rating_status,WINTER_DYNAMIC_AMBIENT_TEMPERATURE_RATING_APPLIED,DIRECT_PDIRD_WINTER_NOMINAL_CURRENT_APPLIED,CHANGED
lines,LINE:000507,parameter_source,"E-REDES PDIRD-E 2020 Annex B, 31-12-2025 planning table",https://www.e-redes.pt/sites/eredes/files/2022-07/PDIRD-E%202020%20proposta%20final.pdf,CHANGED
lines,LINE:000507,max_i_status,DIRECT_PDIRD_MINIMUM_SUMMER_NOMINAL_CURRENT,DIRECT_PDIRD_MINIMUM_WINTER_NOMINAL_CURRENT,CHANGED
lines,LINE:000507,max_i_ka,0.30015,0.362,CHANGED
lines,LINE:000507,seasonal_rating_status,WINTER_DYNAMIC_AMBIENT_TEMPERATURE_RATING_APPLIED,DIRECT_PDIRD_WINTER_NOMINAL_CURRENT_APPLIED,CHANGED
lines,LINE:000515,parameter_source,"E-REDES PDIRD-E 2020 Annex B, 31-12-2025 planning table",https://www.e-redes.pt/sites/eredes/files/2022-07/PDIRD-E%202020%20proposta%20final.pdf,CHANGED
lines,LINE:000515,max_i_status,DIRECT_PDIRD_MINIMUM_SUMMER_NOMINAL_CURRENT,DIRECT_PDIRD_MINIMUM_WINTER_NOMINAL_CURRENT,CHANGED
lines,LINE:000515,max_i_ka,0.6014499999999999,0.723,CHANGED
lines,LINE:000515,seasonal_rating_status,WINTER_DYNAMIC_AMBIENT_TEMPERATURE_RATING_APPLIED,DIRECT_PDIRD_WINTER_NOMINAL_CURRENT_APPLIED,CHANGED
lines,LINE:000516,parameter_source,"E-REDES PDIRD-E 2020 Annex B, 31-12-2025 planning table",https://www.e-redes.pt/sites/eredes/files/2022-07/PDIRD-E%202020%20proposta%20final.pdf,CHANGED
lines,LINE:000516,max_i_status,DIRECT_PDIRD_MINIMUM_SUMMER_NOMINAL_CURRENT,DIRECT_PDIRD_MINIMUM_WINTER_NOMINAL_CURRENT,CHANGED
lines,LINE:000516,max_i_ka,0.88435,1.089,CHANGED
lines,LINE:000516,seasonal_rating_status,WINTER_DYNAMIC_AMBIENT_TEMPERATURE_RATING_APPLIED,DIRECT_PDIRD_WINTER_NOMINAL_CURRENT_APPLIED,CHANGED
lines,LINE:000517,parameter_source,"E-REDES PDIRD-E 2020 Annex B, 31-12-2025 planning table",https://www.e-redes.pt/sites/eredes/files/2022-07/PDIRD-E%202020%20proposta%20final.pdf,CHANGED
lines,LINE:000517,max_i_status,DIRECT_PDIRD_MINIMUM_SUMMER_NOMINAL_CURRENT,DIRECT_PDIRD_MINIMUM_WINTER_NOMINAL_CURRENT,CHANGED
lines,LINE:000517,max_i_ka,0.88435,1.089,CHANGED
lines,LINE:000517,seasonal_rating_status,WINTER_DYNAMIC_AMBIENT_TEMPERATURE_RATING_APPLIED,DIRECT_PDIRD_WINTER_NOMINAL_CURRENT_APPLIED,CHANGED
lines,LINE:000518,parameter_source,"E-REDES PDIRD-E 2020 Annex B, 31-12-2025 planning table",https://www.e-redes.pt/sites/eredes/files/2022-07/PDIRD-E%202020%20proposta%20final.pdf,CHANGED
lines,LINE:000518,max_i_status,DIRECT_PDIRD_MINIMUM_SUMMER_NOMINAL_CURRENT,DIRECT_PDIRD_MINIMUM_WINTER_NOMINAL_CURRENT,CHANGED
lines,LINE:000518,max_i_ka,0.6969,0.686,CHANGED
lines,LINE:000518,seasonal_rating_status,WINTER_DYNAMIC_AMBIENT_TEMPERATURE_RATING_APPLIED,DIRECT_PDIRD_WINTER_NOMINAL_CURRENT_APPLIED,CHANGED
lines,LINE:000519,parameter_source,"E-REDES PDIRD-E 2020 Annex B, 31-12-2025 planning table",https://www.e-redes.pt/sites/eredes/files/2022-07/PDIRD-E%202020%20proposta%20final.pdf,CHANGED
lines,LINE:000519,max_i_status,DIRECT_PDIRD_MINIMUM_SUMMER_NOMINAL_CURRENT,DIRECT_PDIRD_MINIMUM_WINTER_NOMINAL_CURRENT,CHANGED
lines,LINE:000519,max_i_ka,0.6969,0.686,CHANGED
lines,LINE:000519,seasonal_rating_status,WINTER_DYNAMIC_AMBIENT_TEMPERATURE_RATING_APPLIED,DIRECT_PDIRD_WINTER_NOMINAL_CURRENT_APPLIED,CHANGED
lines,LINE:000520,parameter_source,"E-REDES PDIRD-E 2020 Annex B, 31-12-2025 planning table",https://www.e-redes.pt/sites/eredes/files/2022-07/PDIRD-E%202020%20proposta%20final.pdf,CHANGED
lines,LINE:000520,max_i_status,DIRECT_PDIRD_MINIMUM_SUMMER_NOMINAL_CURRENT,DIRECT_PDIRD_MINIMUM_WINTER_NOMINAL_CURRENT,CHANGED
lines,LINE:000520,max_i_ka,0.6969,0.686,CHANGED
lines,LINE:000520,seasonal_rating_status,WINTER_DYNAMIC_AMBIENT_TEMPERATURE_RATING_APPLIED,DIRECT_PDIRD_WINTER_NOMINAL_CURRENT_APPLIED,CHANGED
lines,LINE:000521,parameter_source,"E-REDES PDIRD-E 2020 Annex B, 31-12-2025 planning table",https://www.e-redes.pt/sites/eredes/files/2022-07/PDIRD-E%202020%20proposta%20final.pdf,CHANGED
lines,LINE:000521,max_i_status,DIRECT_PDIRD_MINIMUM_SUMMER_NOMINAL_CURRENT,DIRECT_PDIRD_MINIMUM_WINTER_NOMINAL_CURRENT,CHANGED
lines,LINE:000521,max_i_ka,0.6969,0.686,CHANGED
lines,LINE:000521,seasonal_rating_status,WINTER_DYNAMIC_AMBIENT_TEMPERATURE_RATING_APPLIED,DIRECT_PDIRD_WINTER_NOMINAL_CURRENT_APPLIED,CHANGED
lines,LINE:000523,parameter_source,"E-REDES PDIRD-E 2020 Annex B, 31-12-2025 planning table",https://www.e-redes.pt/sites/eredes/files/2022-07/PDIRD-E%202020%20proposta%20final.pdf,CHANGED
lines,LINE:000523,max_i_status,DIRECT_PDIRD_MINIMUM_SUMMER_NOMINAL_CURRENT,DIRECT_PDIRD_MINIMUM_WINTER_NOMINAL_CURRENT,CHANGED
lines,LINE:000523,max_i_ka,0.6969,0.686,CHANGED
lines,LINE:000523,seasonal_rating_status,WINTER_DYNAMIC_AMBIENT_TEMPERATURE_RATING_APPLIED,DIRECT_PDIRD_WINTER_NOMINAL_CURRENT_APPLIED,CHANGED
lines,LINE:000524,parameter_source,"E-REDES PDIRD-E 2020 Annex B, 31-12-2025 planning table",https://www.e-redes.pt/sites/eredes/files/2022-07/PDIRD-E%202020%20proposta%20final.pdf,CHANGED
lines,LINE:000524,max_i_status,DIRECT_PDIRD_MINIMUM_SUMMER_NOMINAL_CURRENT,DIRECT_PDIRD_MINIMUM_WINTER_NOMINAL_CURRENT,CHANGED
lines,LINE:000524,max_i_ka,0.6969,0.686,CHANGED
lines,LINE:000524,seasonal_rating_status,WINTER_DYNAMIC_AMBIENT_TEMPERATURE_RATING_APPLIED,DIRECT_PDIRD_WINTER_NOMINAL_CURRENT_APPLIED,CHANGED
lines,LINE:000527,parameter_source,"E-REDES PDIRD-E 2020 Annex B, 31-12-2025 planning table",https://www.e-redes.pt/sites/eredes/files/2022-07/PDIRD-E%202020%20proposta%20final.pdf,CHANGED
lines,LINE:000527,max_i_status,DIRECT_PDIRD_MINIMUM_SUMMER_NOMINAL_CURRENT,DIRECT_PDIRD_MINIMUM_WINTER_NOMINAL_CURRENT,CHANGED
lines,LINE:000527,max_i_ka,0.30015,0.362,CHANGED
lines,LINE:000527,seasonal_rating_status,WINTER_DYNAMIC_AMBIENT_TEMPERATURE_RATING_APPLIED,DIRECT_PDIRD_WINTER_NOMINAL_CURRENT_APPLIED,CHANGED
lines,LINE:000532,parameter_source,"E-REDES PDIRD-E 2020 Annex B, 31-12-2025 planning table",https://www.e-redes.pt/sites/eredes/files/2022-07/PDIRD-E%202020%20proposta%20final.pdf,CHANGED
lines,LINE:000532,max_i_status,DIRECT_PDIRD_MINIMUM_SUMMER_NOMINAL_CURRENT,DIRECT_PDIRD_MINIMUM_WINTER_NOMINAL_CURRENT,CHANGED
lines,LINE:000532,max_i_ka,0.6014499999999999,0.723,CHANGED
lines,LINE:000532,seasonal_rating_status,WINTER_DYNAMIC_AMBIENT_TEMPERATURE_RATING_APPLIED,DIRECT_PDIRD_WINTER_NOMINAL_CURRENT_APPLIED,CHANGED
lines,LINE:000533,parameter_source,"E-REDES PDIRD-E 2020 Annex B, 31-12-2025 planning table",https://www.e-redes.pt/sites/eredes/files/2022-07/PDIRD-E%202020%20proposta%20final.pdf,CHANGED
lines,LINE:000533,max_i_status,DIRECT_PDIRD_MINIMUM_SUMMER_NOMINAL_CURRENT,DIRECT_PDIRD_MINIMUM_WINTER_NOMINAL_CURRENT,CHANGED
lines,LINE:000533,max_i_ka,0.6014499999999999,0.723,CHANGED
lines,LINE:000533,seasonal_rating_status,WINTER_DYNAMIC_AMBIENT_TEMPERATURE_RATING_APPLIED,DIRECT_PDIRD_WINTER_NOMINAL_CURRENT_APPLIED,CHANGED
lines,LINE:000534,parameter_source,"E-REDES PDIRD-E 2020 Annex B, 31-12-2025 planning table",https://www.e-redes.pt/sites/eredes/files/2022-07/PDIRD-E%202020%20proposta%20final.pdf,CHANGED
lines,LINE:000534,max_i_status,DIRECT_PDIRD_MINIMUM_SUMMER_NOMINAL_CURRENT,DIRECT_PDIRD_MINIMUM_WINTER_NOMINAL_CURRENT,CHANGED
lines,LINE:000534,max_i_ka,0.6014499999999999,0.723,CHANGED
lines,LINE:000534,seasonal_rating_status,WINTER_DYNAMIC_AMBIENT_TEMPERATURE_RATING_APPLIED,DIRECT_PDIRD_WINTER_NOMINAL_CURRENT_APPLIED,CHANGED
lines,LINE:000535,parameter_source,"E-REDES PDIRD-E 2020 Annex B, 31-12-2025 planning table",https://www.e-redes.pt/sites/eredes/files/2022-07/PDIRD-E%202020%20proposta%20final.pdf,CHANGED
lines,LINE:000535,max_i_status,DIRECT_PDIRD_MINIMUM_SUMMER_NOMINAL_CURRENT,DIRECT_PDIRD_MINIMUM_WINTER_NOMINAL_CURRENT,CHANGED
lines,LINE:000535,max_i_ka,0.6014499999999999,0.723,CHANGED
lines,LINE:000535,seasonal_rating_status,WINTER_DYNAMIC_AMBIENT_TEMPERATURE_RATING_APPLIED,DIRECT_PDIRD_WINTER_NOMINAL_CURRENT_APPLIED,CHANGED
lines,LINE:000540,parameter_source,"E-REDES PDIRD-E 2020 Annex B, 31-12-2025 planning table",https://www.e-redes.pt/sites/eredes/files/2022-07/PDIRD-E%202020%20proposta%20final.pdf,CHANGED
lines,LINE:000540,max_i_status,DIRECT_PDIRD_MINIMUM_SUMMER_NOMINAL_CURRENT,DIRECT_PDIRD_MINIMUM_WINTER_NOMINAL_CURRENT,CHANGED
lines,LINE:000540,max_i_ka,0.6704499999999999,0.659,CHANGED
lines,LINE:000540,seasonal_rating_status,WINTER_DYNAMIC_AMBIENT_TEMPERATURE_RATING_APPLIED,DIRECT_PDIRD_WINTER_NOMINAL_CURRENT_APPLIED,CHANGED
lines,LINE:000541,parameter_source,"E-REDES PDIRD-E 2020 Annex B, 31-12-2025 planning table",https://www.e-redes.pt/sites/eredes/files/2022-07/PDIRD-E%202020%20proposta%20final.pdf,CHANGED
lines,LINE:000541,max_i_status,DIRECT_PDIRD_MINIMUM_SUMMER_NOMINAL_CURRENT,DIRECT_PDIRD_MINIMUM_WINTER_NOMINAL_CURRENT,CHANGED
lines,LINE:000541,max_i_ka,0.6704499999999999,0.659,CHANGED
lines,LINE:000541,seasonal_rating_status,WINTER_DYNAMIC_AMBIENT_TEMPERATURE_RATING_APPLIED,DIRECT_PDIRD_WINTER_NOMINAL_CURRENT_APPLIED,CHANGED
lines,LINE:000542,parameter_source,"E-REDES PDIRD-E 2020 Annex B, 31-12-2025 planning table",https://www.e-redes.pt/sites/eredes/files/2022-07/PDIRD-E%202020%20proposta%20final.pdf,CHANGED
lines,LINE:000542,max_i_status,DIRECT_PDIRD_MINIMUM_SUMMER_NOMINAL_CURRENT,DIRECT_PDIRD_MINIMUM_WINTER_NOMINAL_CURRENT,CHANGED
lines,LINE:000542,max_i_ka,0.6704499999999999,0.659,CHANGED
lines,LINE:000542,seasonal_rating_status,WINTER_DYNAMIC_AMBIENT_TEMPERATURE_RATING_APPLIED,DIRECT_PDIRD_WINTER_NOMINAL_CURRENT_APPLIED,CHANGED
lines,LINE:000547,parameter_source,"E-REDES PDIRD-E 2020 Annex B, 31-12-2025 planning table",https://www.e-redes.pt/sites/eredes/files/2022-07/PDIRD-E%202020%20proposta%20final.pdf,CHANGED
lines,LINE:000547,max_i_status,DIRECT_PDIRD_MINIMUM_SUMMER_NOMINAL_CURRENT,DIRECT_PDIRD_MINIMUM_WINTER_NOMINAL_CURRENT,CHANGED
lines,LINE:000547,max_i_ka,0.4416,0.544,CHANGED
lines,LINE:000547,seasonal_rating_status,WINTER_DYNAMIC_AMBIENT_TEMPERATURE_RATING_APPLIED,DIRECT_PDIRD_WINTER_NOMINAL_CURRENT_APPLIED,CHANGED
lines,LINE:000549,parameter_source,"E-REDES PDIRD-E 2020 Annex B, 31-12-2025 planning table",https://www.e-redes.pt/sites/eredes/files/2022-07/PDIRD-E%202020%20proposta%20final.pdf,CHANGED
lines,LINE:000549,max_i_status,DIRECT_PDIRD_MINIMUM_SUMMER_NOMINAL_CURRENT,DIRECT_PDIRD_MINIMUM_WINTER_NOMINAL_CURRENT,CHANGED
lines,LINE:000549,max_i_ka,0.4416,0.544,CHANGED
lines,LINE:000549,seasonal_rating_status,WINTER_DYNAMIC_AMBIENT_TEMPERATURE_RATING_APPLIED,DIRECT_PDIRD_WINTER_NOMINAL_CURRENT_APPLIED,CHANGED
lines,LINE:000551,parameter_source,"E-REDES PDIRD-E 2020 Annex B, 31-12-2025 planning table",https://www.e-redes.pt/sites/eredes/files/2022-07/PDIRD-E%202020%20proposta%20final.pdf,CHANGED
lines,LINE:000551,max_i_status,DIRECT_PDIRD_MINIMUM_SUMMER_NOMINAL_CURRENT,DIRECT_PDIRD_MINIMUM_WINTER_NOMINAL_CURRENT,CHANGED
lines,LINE:000551,max_i_ka,0.6969,0.686,CHANGED
lines,LINE:000551,seasonal_rating_status,WINTER_DYNAMIC_AMBIENT_TEMPERATURE_RATING_APPLIED,DIRECT_PDIRD_WINTER_NOMINAL_CURRENT_APPLIED,CHANGED
lines,LINE:000552,parameter_source,"E-REDES PDIRD-E 2020 Annex B, 31-12-2025 planning table",https://www.e-redes.pt/sites/eredes/files/2022-07/PDIRD-E%202020%20proposta%20final.pdf,CHANGED
lines,LINE:000552,max_i_status,DIRECT_PDIRD_MINIMUM_SUMMER_NOMINAL_CURRENT,DIRECT_PDIRD_MINIMUM_WINTER_NOMINAL_CURRENT,CHANGED
lines,LINE:000552,max_i_ka,0.6969,0.686,CHANGED
lines,LINE:000552,seasonal_rating_status,WINTER_DYNAMIC_AMBIENT_TEMPERATURE_RATING_APPLIED,DIRECT_PDIRD_WINTER_NOMINAL_CURRENT_APPLIED,CHANGED
lines,LINE:000553,parameter_source,"E-REDES PDIRD-E 2020 Annex B, 31-12-2025 planning table",https://www.e-redes.pt/sites/eredes/files/2022-07/PDIRD-E%202020%20proposta%20final.pdf,CHANGED
lines,LINE:000553,max_i_status,DIRECT_PDIRD_MINIMUM_SUMMER_NOMINAL_CURRENT,DIRECT_PDIRD_MINIMUM_WINTER_NOMINAL_CURRENT,CHANGED
lines,LINE:000553,max_i_ka,0.6969,0.686,CHANGED
lines,LINE:000553,seasonal_rating_status,WINTER_DYNAMIC_AMBIENT_TEMPERATURE_RATING_APPLIED,DIRECT_PDIRD_WINTER_NOMINAL_CURRENT_APPLIED,CHANGED
lines,LINE:000554,parameter_source,"E-REDES PDIRD-E 2020 Annex B, 31-12-2025 planning table",https://www.e-redes.pt/sites/eredes/files/2022-07/PDIRD-E%202020%20proposta%20final.pdf,CHANGED
lines,LINE:000554,max_i_status,DIRECT_PDIRD_MINIMUM_SUMMER_NOMINAL_CURRENT,DIRECT_PDIRD_MINIMUM_WINTER_NOMINAL_CURRENT,CHANGED
lines,LINE:000554,max_i_ka,0.6969,0.686,CHANGED
lines,LINE:000554,seasonal_rating_status,WINTER_DYNAMIC_AMBIENT_TEMPERATURE_RATING_APPLIED,DIRECT_PDIRD_WINTER_NOMINAL_CURRENT_APPLIED,CHANGED
lines,LINE:000555,parameter_source,"E-REDES PDIRD-E 2020 Annex B, 31-12-2025 planning table",https://www.e-redes.pt/sites/eredes/files/2022-07/PDIRD-E%202020%20proposta%20final.pdf,CHANGED
lines,LINE:000555,max_i_status,DIRECT_PDIRD_MINIMUM_SUMMER_NOMINAL_CURRENT,DIRECT_PDIRD_MINIMUM_WINTER_NOMINAL_CURRENT,CHANGED
lines,LINE:000555,max_i_ka,0.6969,0.686,CHANGED
lines,LINE:000555,seasonal_rating_status,WINTER_DYNAMIC_AMBIENT_TEMPERATURE_RATING_APPLIED,DIRECT_PDIRD_WINTER_NOMINAL_CURRENT_APPLIED,CHANGED
lines,LINE:000558,parameter_source,"E-REDES PDIRD-E 2020 Annex B, 31-12-2025 planning table",https://www.e-redes.pt/sites/eredes/files/2022-07/PDIRD-E%202020%20proposta%20final.pdf,CHANGED
lines,LINE:000558,max_i_status,DIRECT_PDIRD_MINIMUM_SUMMER_NOMINAL_CURRENT,DIRECT_PDIRD_MINIMUM_WINTER_NOMINAL_CURRENT,CHANGED
lines,LINE:000558,max_i_ka,0.6969,0.686,CHANGED
lines,LINE:000558,seasonal_rating_status,WINTER_DYNAMIC_AMBIENT_TEMPERATURE_RATING_APPLIED,DIRECT_PDIRD_WINTER_NOMINAL_CURRENT_APPLIED,CHANGED
lines,LINE:000559,parameter_source,"E-REDES PDIRD-E 2020 Annex B, 31-12-2025 planning table",https://www.e-redes.pt/sites/eredes/files/2022-07/PDIRD-E%202020%20proposta%20final.pdf,CHANGED
lines,LINE:000559,max_i_status,DIRECT_PDIRD_MINIMUM_SUMMER_NOMINAL_CURRENT,DIRECT_PDIRD_MINIMUM_WINTER_NOMINAL_CURRENT,CHANGED
lines,LINE:000559,max_i_ka,0.6969,0.686,CHANGED
lines,LINE:000559,seasonal_rating_status,WINTER_DYNAMIC_AMBIENT_TEMPERATURE_RATING_APPLIED,DIRECT_PDIRD_WINTER_NOMINAL_CURRENT_APPLIED,CHANGED
lines,LINE:000563,parameter_source,"E-REDES PDIRD-E 2020 Annex B, 31-12-2025 planning table",https://www.e-redes.pt/sites/eredes/files/2022-07/PDIRD-E%202020%20proposta%20final.pdf,CHANGED
lines,LINE:000563,max_i_status,DIRECT_PDIRD_MINIMUM_SUMMER_NOMINAL_CURRENT,DIRECT_PDIRD_MINIMUM_WINTER_NOMINAL_CURRENT,CHANGED
lines,LINE:000563,max_i_ka,0.4416,0.544,CHANGED
lines,LINE:000563,seasonal_rating_status,WINTER_DYNAMIC_AMBIENT_TEMPERATURE_RATING_APPLIED,DIRECT_PDIRD_WINTER_NOMINAL_CURRENT_APPLIED,CHANGED
lines,LINE:000568,parameter_source,"E-REDES PDIRD-E 2020 Annex B, 31-12-2025 planning table",https://www.e-redes.pt/sites/eredes/files/2022-07/PDIRD-E%202020%20proposta%20final.pdf,CHANGED
lines,LINE:000568,max_i_status,DIRECT_PDIRD_MINIMUM_SUMMER_NOMINAL_CURRENT,DIRECT_PDIRD_MINIMUM_WINTER_NOMINAL_CURRENT,CHANGED
lines,LINE:000568,max_i_ka,0.46115,0.451,CHANGED
lines,LINE:000568,seasonal_rating_status,WINTER_DYNAMIC_AMBIENT_TEMPERATURE_RATING_APPLIED,DIRECT_PDIRD_WINTER_NOMINAL_CURRENT_APPLIED,CHANGED
lines,LINE:000572,parameter_source,"E-REDES PDIRD-E 2020 Annex B, 31-12-2025 planning table",https://www.e-redes.pt/sites/eredes/files/2022-07/PDIRD-E%202020%20proposta%20final.pdf,CHANGED
lines,LINE:000572,max_i_status,DIRECT_PDIRD_MINIMUM_SUMMER_NOMINAL_CURRENT,DIRECT_PDIRD_MINIMUM_WINTER_NOMINAL_CURRENT,CHANGED
lines,LINE:000572,max_i_ka,0.6014499999999999,0.686,CHANGED
lines,LINE:000572,seasonal_rating_status,WINTER_DYNAMIC_AMBIENT_TEMPERATURE_RATING_APPLIED,DIRECT_PDIRD_WINTER_NOMINAL_CURRENT_APPLIED,CHANGED
lines,LINE:000574,parameter_source,"E-REDES PDIRD-E 2020 Annex B, 31-12-2025 planning table",https://www.e-redes.pt/sites/eredes/files/2022-07/PDIRD-E%202020%20proposta%20final.pdf,CHANGED
lines,LINE:000574,max_i_status,DIRECT_PDIRD_MINIMUM_SUMMER_NOMINAL_CURRENT,DIRECT_PDIRD_MINIMUM_WINTER_NOMINAL_CURRENT,CHANGED
lines,LINE:000574,max_i_ka,0.46115,0.451,CHANGED
lines,LINE:000574,seasonal_rating_status,WINTER_DYNAMIC_AMBIENT_TEMPERATURE_RATING_APPLIED,DIRECT_PDIRD_WINTER_NOMINAL_CURRENT_APPLIED,CHANGED
lines,LINE:000583,parameter_source,"E-REDES PDIRD-E 2020 Annex B, 31-12-2025 planning table",https://www.e-redes.pt/sites/eredes/files/2022-07/PDIRD-E%202020%20proposta%20final.pdf,CHANGED
lines,LINE:000583,max_i_status,DIRECT_PDIRD_MINIMUM_SUMMER_NOMINAL_CURRENT,DIRECT_PDIRD_MINIMUM_WINTER_NOMINAL_CURRENT,CHANGED
lines,LINE:000583,max_i_ka,0.68885,0.74,CHANGED
lines,LINE:000583,seasonal_rating_status,WINTER_DYNAMIC_AMBIENT_TEMPERATURE_RATING_APPLIED,DIRECT_PDIRD_WINTER_NOMINAL_CURRENT_APPLIED,CHANGED
lines,LINE:000585,parameter_source,"E-REDES PDIRD-E 2020 Annex B, 31-12-2025 planning table",https://www.e-redes.pt/sites/eredes/files/2022-07/PDIRD-E%202020%20proposta%20final.pdf,CHANGED
lines,LINE:000585,max_i_status,DIRECT_PDIRD_MINIMUM_SUMMER_NOMINAL_CURRENT,DIRECT_PDIRD_MINIMUM_WINTER_NOMINAL_CURRENT,CHANGED
lines,LINE:000585,max_i_ka,0.5450999999999999,0.582,CHANGED
lines,LINE:000585,seasonal_rating_status,WINTER_DYNAMIC_AMBIENT_TEMPERATURE_RATING_APPLIED,DIRECT_PDIRD_WINTER_NOMINAL_CURRENT_APPLIED,CHANGED
lines,LINE:000586,parameter_source,"E-REDES PDIRD-E 2020 Annex B, 31-12-2025 planning table",https://www.e-redes.pt/sites/eredes/files/2022-07/PDIRD-E%202020%20proposta%20final.pdf,CHANGED
lines,LINE:000586,max_i_status,DIRECT_PDIRD_MINIMUM_SUMMER_NOMINAL_CURRENT,DIRECT_PDIRD_MINIMUM_WINTER_NOMINAL_CURRENT,CHANGED
lines,LINE:000586,max_i_ka,0.5450999999999999,0.582,CHANGED
lines,LINE:000586,seasonal_rating_status,WINTER_DYNAMIC_AMBIENT_TEMPERATURE_RATING_APPLIED,DIRECT_PDIRD_WINTER_NOMINAL_CURRENT_APPLIED,CHANGED
lines,LINE:000587,parameter_source,"E-REDES PDIRD-E 2020 Annex B, 31-12-2025 planning table",https://www.e-redes.pt/sites/eredes/files/2022-07/PDIRD-E%202020%20proposta%20final.pdf,CHANGED
lines,LINE:000587,max_i_status,DIRECT_PDIRD_MINIMUM_SUMMER_NOMINAL_CURRENT,DIRECT_PDIRD_MINIMUM_WINTER_NOMINAL_CURRENT,CHANGED
lines,LINE:000587,max_i_ka,0.5450999999999999,0.582,CHANGED
lines,LINE:000587,seasonal_rating_status,WINTER_DYNAMIC_AMBIENT_TEMPERATURE_RATING_APPLIED,DIRECT_PDIRD_WINTER_NOMINAL_CURRENT_APPLIED,CHANGED
lines,LINE:000590,parameter_source,"E-REDES PDIRD-E 2020 Annex B, 31-12-2025 planning table",https://www.e-redes.pt/sites/eredes/files/2022-07/PDIRD-E%202020%20proposta%20final.pdf,CHANGED
lines,LINE:000590,max_i_status,DIRECT_PDIRD_MINIMUM_SUMMER_NOMINAL_CURRENT,DIRECT_PDIRD_MINIMUM_WINTER_NOMINAL_CURRENT,CHANGED
lines,LINE:000590,max_i_ka,0.5450999999999999,0.582,CHANGED
lines,LINE:000590,seasonal_rating_status,WINTER_DYNAMIC_AMBIENT_TEMPERATURE_RATING_APPLIED,DIRECT_PDIRD_WINTER_NOMINAL_CURRENT_APPLIED,CHANGED
lines,LINE:000591,parameter_source,"E-REDES PDIRD-E 2020 Annex B, 31-12-2025 planning table",https://www.e-redes.pt/sites/eredes/files/2022-07/PDIRD-E%202020%20proposta%20final.pdf,CHANGED
lines,LINE:000591,max_i_status,DIRECT_PDIRD_MINIMUM_SUMMER_NOMINAL_CURRENT,DIRECT_PDIRD_MINIMUM_WINTER_NOMINAL_CURRENT,CHANGED
lines,LINE:000591,max_i_ka,0.5450999999999999,0.582,CHANGED
lines,LINE:000591,seasonal_rating_status,WINTER_DYNAMIC_AMBIENT_TEMPERATURE_RATING_APPLIED,DIRECT_PDIRD_WINTER_NOMINAL_CURRENT_APPLIED,CHANGED
lines,LINE:000595,parameter_source,"E-REDES PDIRD-E 2020 Annex B, 31-12-2025 planning table",https://www.e-redes.pt/sites/eredes/files/2022-07/PDIRD-E%202020%20proposta%20final.pdf,CHANGED
lines,LINE:000595,max_i_status,DIRECT_PDIRD_MINIMUM_SUMMER_NOMINAL_CURRENT,DIRECT_PDIRD_MINIMUM_WINTER_NOMINAL_CURRENT,CHANGED
lines,LINE:000595,max_i_ka,0.6969,0.686,CHANGED
lines,LINE:000595,seasonal_rating_status,WINTER_DYNAMIC_AMBIENT_TEMPERATURE_RATING_APPLIED,DIRECT_PDIRD_WINTER_NOMINAL_CURRENT_APPLIED,CHANGED
lines,LINE:000596,parameter_source,"E-REDES PDIRD-E 2020 Annex B, 31-12-2025 planning table",https://www.e-redes.pt/sites/eredes/files/2022-07/PDIRD-E%202020%20proposta%20final.pdf,CHANGED
lines,LINE:000596,max_i_status,DIRECT_PDIRD_MINIMUM_SUMMER_NOMINAL_CURRENT,DIRECT_PDIRD_MINIMUM_WINTER_NOMINAL_CURRENT,CHANGED
lines,LINE:000596,max_i_ka,0.6969,0.686,CHANGED
lines,LINE:000596,seasonal_rating_status,WINTER_DYNAMIC_AMBIENT_TEMPERATURE_RATING_APPLIED,DIRECT_PDIRD_WINTER_NOMINAL_CURRENT_APPLIED,CHANGED
lines,LINE:000597,parameter_source,"E-REDES PDIRD-E 2020 Annex B, 31-12-2025 planning table",https://www.e-redes.pt/sites/eredes/files/2022-07/PDIRD-E%202020%20proposta%20final.pdf,CHANGED
lines,LINE:000597,max_i_status,DIRECT_PDIRD_MINIMUM_SUMMER_NOMINAL_CURRENT,DIRECT_PDIRD_MINIMUM_WINTER_NOMINAL_CURRENT,CHANGED
lines,LINE:000597,max_i_ka,0.7566999999999999,0.921,CHANGED
lines,LINE:000597,seasonal_rating_status,WINTER_DYNAMIC_AMBIENT_TEMPERATURE_RATING_APPLIED,DIRECT_PDIRD_WINTER_NOMINAL_CURRENT_APPLIED,CHANGED
lines,LINE:000599,parameter_source,"E-REDES PDIRD-E 2020 Annex B, 31-12-2025 planning table",https://www.e-redes.pt/sites/eredes/files/2022-07/PDIRD-E%202020%20proposta%20final.pdf,CHANGED
lines,LINE:000599,max_i_status,DIRECT_PDIRD_MINIMUM_SUMMER_NOMINAL_CURRENT,DIRECT_PDIRD_MINIMUM_WINTER_NOMINAL_CURRENT,CHANGED
lines,LINE:000599,max_i_ka,0.30015,0.362,CHANGED
lines,LINE:000599,seasonal_rating_status,WINTER_DYNAMIC_AMBIENT_TEMPERATURE_RATING_APPLIED,DIRECT_PDIRD_WINTER_NOMINAL_CURRENT_APPLIED,CHANGED
lines,LINE:000604,parameter_source,"E-REDES PDIRD-E 2020 Annex B, 31-12-2025 planning table",https://www.e-redes.pt/sites/eredes/files/2022-07/PDIRD-E%202020%20proposta%20final.pdf,CHANGED
lines,LINE:000604,max_i_status,DIRECT_PDIRD_MINIMUM_SUMMER_NOMINAL_CURRENT,DIRECT_PDIRD_MINIMUM_WINTER_NOMINAL_CURRENT,CHANGED
lines,LINE:000604,max_i_ka,0.46115,0.451,CHANGED
lines,LINE:000604,seasonal_rating_status,WINTER_DYNAMIC_AMBIENT_TEMPERATURE_RATING_APPLIED,DIRECT_PDIRD_WINTER_NOMINAL_CURRENT_APPLIED,CHANGED
lines,LINE:000610,parameter_source,"E-REDES PDIRD-E 2020 Annex B, 31-12-2025 planning table",https://www.e-redes.pt/sites/eredes/files/2022-07/PDIRD-E%202020%20proposta%20final.pdf,CHANGED
lines,LINE:000610,max_i_status,DIRECT_PDIRD_MINIMUM_SUMMER_NOMINAL_CURRENT,DIRECT_PDIRD_MINIMUM_WINTER_NOMINAL_CURRENT,CHANGED
lines,LINE:000610,max_i_ka,0.6969,0.686,CHANGED
lines,LINE:000610,seasonal_rating_status,WINTER_DYNAMIC_AMBIENT_TEMPERATURE_RATING_APPLIED,DIRECT_PDIRD_WINTER_NOMINAL_CURRENT_APPLIED,CHANGED
lines,LINE:000611,parameter_source,"E-REDES PDIRD-E 2020 Annex B, 31-12-2025 planning table",https://www.e-redes.pt/sites/eredes/files/2022-07/PDIRD-E%202020%20proposta%20final.pdf,CHANGED
lines,LINE:000611,max_i_status,DIRECT_PDIRD_MINIMUM_SUMMER_NOMINAL_CURRENT,DIRECT_PDIRD_MINIMUM_WINTER_NOMINAL_CURRENT,CHANGED
lines,LINE:000611,max_i_ka,0.6969,0.686,CHANGED
lines,LINE:000611,seasonal_rating_status,WINTER_DYNAMIC_AMBIENT_TEMPERATURE_RATING_APPLIED,DIRECT_PDIRD_WINTER_NOMINAL_CURRENT_APPLIED,CHANGED
lines,LINE:000612,parameter_source,"E-REDES PDIRD-E 2020 Annex B, 31-12-2025 planning table",https://www.e-redes.pt/sites/eredes/files/2022-07/PDIRD-E%202020%20proposta%20final.pdf,CHANGED
lines,LINE:000612,max_i_status,DIRECT_PDIRD_MINIMUM_SUMMER_NOMINAL_CURRENT,DIRECT_PDIRD_MINIMUM_WINTER_NOMINAL_CURRENT,CHANGED
lines,LINE:000612,max_i_ka,0.6969,0.686,CHANGED
lines,LINE:000612,seasonal_rating_status,WINTER_DYNAMIC_AMBIENT_TEMPERATURE_RATING_APPLIED,DIRECT_PDIRD_WINTER_NOMINAL_CURRENT_APPLIED,CHANGED
lines,LINE:000613,parameter_source,"E-REDES PDIRD-E 2020 Annex B, 31-12-2025 planning table",https://www.e-redes.pt/sites/eredes/files/2022-07/PDIRD-E%202020%20proposta%20final.pdf,CHANGED
lines,LINE:000613,max_i_status,DIRECT_PDIRD_MINIMUM_SUMMER_NOMINAL_CURRENT,DIRECT_PDIRD_MINIMUM_WINTER_NOMINAL_CURRENT,CHANGED
lines,LINE:000613,max_i_ka,0.6969,0.686,CHANGED
lines,LINE:000613,seasonal_rating_status,WINTER_DYNAMIC_AMBIENT_TEMPERATURE_RATING_APPLIED,DIRECT_PDIRD_WINTER_NOMINAL_CURRENT_APPLIED,CHANGED
lines,LINE:000614,parameter_source,"E-REDES PDIRD-E 2020 Annex B, 31-12-2025 planning table",https://www.e-redes.pt/sites/eredes/files/2022-07/PDIRD-E%202020%20proposta%20final.pdf,CHANGED
lines,LINE:000614,max_i_status,DIRECT_PDIRD_MINIMUM_SUMMER_NOMINAL_CURRENT,DIRECT_PDIRD_MINIMUM_WINTER_NOMINAL_CURRENT,CHANGED
lines,LINE:000614,max_i_ka,0.6969,0.686,CHANGED
lines,LINE:000614,seasonal_rating_status,WINTER_DYNAMIC_AMBIENT_TEMPERATURE_RATING_APPLIED,DIRECT_PDIRD_WINTER_NOMINAL_CURRENT_APPLIED,CHANGED
lines,LINE:000624,parameter_source,"E-REDES PDIRD-E 2020 Annex B, 31-12-2025 planning table",https://www.e-redes.pt/sites/eredes/files/2022-07/PDIRD-E%202020%20proposta%20final.pdf,CHANGED
lines,LINE:000624,max_i_status,DIRECT_PDIRD_MINIMUM_SUMMER_NOMINAL_CURRENT,DIRECT_PDIRD_MINIMUM_WINTER_NOMINAL_CURRENT,CHANGED
lines,LINE:000624,max_i_ka,0.32085,0.387,CHANGED
lines,LINE:000624,seasonal_rating_status,WINTER_DYNAMIC_AMBIENT_TEMPERATURE_RATING_APPLIED,DIRECT_PDIRD_WINTER_NOMINAL_CURRENT_APPLIED,CHANGED
lines,LINE:000632,parameter_source,"E-REDES PDIRD-E 2020 Annex B, 31-12-2025 planning table",https://www.e-redes.pt/sites/eredes/files/2022-07/PDIRD-E%202020%20proposta%20final.pdf,CHANGED
lines,LINE:000632,max_i_status,DIRECT_PDIRD_MINIMUM_SUMMER_NOMINAL_CURRENT,DIRECT_PDIRD_MINIMUM_WINTER_NOMINAL_CURRENT,CHANGED
lines,LINE:000632,max_i_ka,1.3938,1.372,CHANGED
lines,LINE:000632,seasonal_rating_status,WINTER_DYNAMIC_AMBIENT_TEMPERATURE_RATING_APPLIED,DIRECT_PDIRD_WINTER_NOMINAL_CURRENT_APPLIED,CHANGED
lines,LINE:000635,parameter_source,"E-REDES PDIRD-E 2020 Annex B, 31-12-2025 planning table",https://www.e-redes.pt/sites/eredes/files/2022-07/PDIRD-E%202020%20proposta%20final.pdf,CHANGED
lines,LINE:000635,max_i_status,DIRECT_PDIRD_MINIMUM_SUMMER_NOMINAL_CURRENT,DIRECT_PDIRD_MINIMUM_WINTER_NOMINAL_CURRENT,CHANGED
lines,LINE:000635,max_i_ka,0.6014499999999999,0.723,CHANGED
lines,LINE:000635,seasonal_rating_status,WINTER_DYNAMIC_AMBIENT_TEMPERATURE_RATING_APPLIED,DIRECT_PDIRD_WINTER_NOMINAL_CURRENT_APPLIED,CHANGED
lines,LINE:000638,parameter_source,"E-REDES PDIRD-E 2020 Annex B, 31-12-2025 planning table",https://www.e-redes.pt/sites/eredes/files/2022-07/PDIRD-E%202020%20proposta%20final.pdf,CHANGED
lines,LINE:000638,max_i_status,DIRECT_PDIRD_MINIMUM_SUMMER_NOMINAL_CURRENT,DIRECT_PDIRD_MINIMUM_WINTER_NOMINAL_CURRENT,CHANGED
lines,LINE:000638,max_i_ka,0.46115,0.451,CHANGED
lines,LINE:000638,seasonal_rating_status,WINTER_DYNAMIC_AMBIENT_TEMPERATURE_RATING_APPLIED,DIRECT_PDIRD_WINTER_NOMINAL_CURRENT_APPLIED,CHANGED
lines,LINE:000641,parameter_source,"E-REDES PDIRD-E 2020 Annex B, 31-12-2025 planning table",https://www.e-redes.pt/sites/eredes/files/2022-07/PDIRD-E%202020%20proposta%20final.pdf,CHANGED
lines,LINE:000641,max_i_status,DIRECT_PDIRD_MINIMUM_SUMMER_NOMINAL_CURRENT,DIRECT_PDIRD_MINIMUM_WINTER_NOMINAL_CURRENT,CHANGED
lines,LINE:000641,max_i_ka,1.3938,1.372,CHANGED
lines,LINE:000641,seasonal_rating_status,WINTER_DYNAMIC_AMBIENT_TEMPERATURE_RATING_APPLIED,DIRECT_PDIRD_WINTER_NOMINAL_CURRENT_APPLIED,CHANGED
lines,LINE:000642,parameter_status,VOLTAGE_CLASS_ENGINEERING_PROXY,DIRECT_PUBLIC_CORRIDOR_WINTER_NOMINAL_CURRENT,CHANGED
lines,LINE:000642,parameter_source,config/model_config.json,https://www.e-redes.pt/sites/eredes/files/2022-07/PDIRD-E%202020%20proposta%20final.pdf,CHANGED
lines,LINE:000642,parameter_match_designation,,LN60 1085 VILA NOVA DE FAMALICÃO (REN)-BEIRIZ-MOSTEIRÔ,CHANGED
lines,LINE:000642,max_i_status,ENGINEERING_PROXY,DIRECT_PUBLIC_CORRIDOR_WINTER_NOMINAL_CURRENT,CHANGED
lines,LINE:000642,max_i_ka,0.6969,1.089,CHANGED
lines,LINE:000642,parallel_status,SOURCE_CIRCUIT_FIELD_OR_SINGLE_CIRCUIT_DEFAULT,PUBLIC_SINGLE_CIRCUIT_INVENTORY,CHANGED
lines,LINE:000642,rating_override_status,NO_CORRIDOR_OVERRIDE,EXPLICIT_PUBLIC_INVENTORY_CORRECTION,CHANGED
lines,LINE:000642,seasonal_rating_status,WINTER_DYNAMIC_AMBIENT_TEMPERATURE_RATING_APPLIED,DIRECT_PDIRD_WINTER_NOMINAL_CURRENT_APPLIED,CHANGED
lines,LINE:000658,parameter_source,"E-REDES PDIRD-E 2020 Annex B, 31-12-2025 planning table",https://www.e-redes.pt/sites/eredes/files/2022-07/PDIRD-E%202020%20proposta%20final.pdf,CHANGED
lines,LINE:000658,max_i_status,DIRECT_PDIRD_MINIMUM_SUMMER_NOMINAL_CURRENT,DIRECT_PDIRD_MINIMUM_WINTER_NOMINAL_CURRENT,CHANGED
lines,LINE:000658,max_i_ka,0.46115,0.451,CHANGED
lines,LINE:000658,seasonal_rating_status,WINTER_DYNAMIC_AMBIENT_TEMPERATURE_RATING_APPLIED,DIRECT_PDIRD_WINTER_NOMINAL_CURRENT_APPLIED,CHANGED
lines,LINE:000660,parameter_source,"E-REDES PDIRD-E 2020 Annex B, 31-12-2025 planning table",https://www.e-redes.pt/sites/eredes/files/2022-07/PDIRD-E%202020%20proposta%20final.pdf,CHANGED
lines,LINE:000660,max_i_status,DIRECT_PDIRD_MINIMUM_SUMMER_NOMINAL_CURRENT,DIRECT_PDIRD_MINIMUM_WINTER_NOMINAL_CURRENT,CHANGED
lines,LINE:000660,max_i_ka,0.46115,0.451,CHANGED
lines,LINE:000660,seasonal_rating_status,WINTER_DYNAMIC_AMBIENT_TEMPERATURE_RATING_APPLIED,DIRECT_PDIRD_WINTER_NOMINAL_CURRENT_APPLIED,CHANGED
lines,LINE:000662,parameter_source,"E-REDES PDIRD-E 2020 Annex B, 31-12-2025 planning table",https://www.e-redes.pt/sites/eredes/files/2022-07/PDIRD-E%202020%20proposta%20final.pdf,CHANGED
lines,LINE:000662,max_i_status,DIRECT_PDIRD_MINIMUM_SUMMER_NOMINAL_CURRENT,DIRECT_PDIRD_MINIMUM_WINTER_NOMINAL_CURRENT,CHANGED
lines,LINE:000662,max_i_ka,0.5450999999999999,0.582,CHANGED
lines,LINE:000662,seasonal_rating_status,WINTER_DYNAMIC_AMBIENT_TEMPERATURE_RATING_APPLIED,DIRECT_PDIRD_WINTER_NOMINAL_CURRENT_APPLIED,CHANGED
lines,LINE:000664,parameter_source,"E-REDES PDIRD-E 2020 Annex B, 31-12-2025 planning table",https://www.e-redes.pt/sites/eredes/files/2022-07/PDIRD-E%202020%20proposta%20final.pdf,CHANGED
lines,LINE:000664,max_i_status,DIRECT_PDIRD_MINIMUM_SUMMER_NOMINAL_CURRENT,DIRECT_PDIRD_MINIMUM_WINTER_NOMINAL_CURRENT,CHANGED
lines,LINE:000664,max_i_ka,0.5450999999999999,0.582,CHANGED
lines,LINE:000664,seasonal_rating_status,WINTER_DYNAMIC_AMBIENT_TEMPERATURE_RATING_APPLIED,DIRECT_PDIRD_WINTER_NOMINAL_CURRENT_APPLIED,CHANGED
lines,LINE:000665,parameter_source,"E-REDES PDIRD-E 2020 Annex B, 31-12-2025 planning table",https://www.e-redes.pt/sites/eredes/files/2022-07/PDIRD-E%202020%20proposta%20final.pdf,CHANGED
lines,LINE:000665,max_i_status,DIRECT_PDIRD_MINIMUM_SUMMER_NOMINAL_CURRENT,DIRECT_PDIRD_MINIMUM_WINTER_NOMINAL_CURRENT,CHANGED
lines,LINE:000665,max_i_ka,0.5450999999999999,0.582,CHANGED
lines,LINE:000665,seasonal_rating_status,WINTER_DYNAMIC_AMBIENT_TEMPERATURE_RATING_APPLIED,DIRECT_PDIRD_WINTER_NOMINAL_CURRENT_APPLIED,CHANGED
lines,LINE:000666,parameter_source,"E-REDES PDIRD-E 2020 Annex B, 31-12-2025 planning table",https://www.e-redes.pt/sites/eredes/files/2022-07/PDIRD-E%202020%20proposta%20final.pdf,CHANGED
lines,LINE:000666,max_i_status,DIRECT_PDIRD_MINIMUM_SUMMER_NOMINAL_CURRENT,DIRECT_PDIRD_MINIMUM_WINTER_NOMINAL_CURRENT,CHANGED
lines,LINE:000666,max_i_ka,0.4416,0.544,CHANGED
lines,LINE:000666,seasonal_rating_status,WINTER_DYNAMIC_AMBIENT_TEMPERATURE_RATING_APPLIED,DIRECT_PDIRD_WINTER_NOMINAL_CURRENT_APPLIED,CHANGED
lines,LINE:000667,parameter_source,"E-REDES PDIRD-E 2020 Annex B, 31-12-2025 planning table",https://www.e-redes.pt/sites/eredes/files/2022-07/PDIRD-E%202020%20proposta%20final.pdf,CHANGED
lines,LINE:000667,max_i_status,DIRECT_PDIRD_MINIMUM_SUMMER_NOMINAL_CURRENT,DIRECT_PDIRD_MINIMUM_WINTER_NOMINAL_CURRENT,CHANGED
lines,LINE:000667,max_i_ka,0.4416,0.544,CHANGED
lines,LINE:000667,seasonal_rating_status,WINTER_DYNAMIC_AMBIENT_TEMPERATURE_RATING_APPLIED,DIRECT_PDIRD_WINTER_NOMINAL_CURRENT_APPLIED,CHANGED
lines,LINE:000669,parameter_source,"E-REDES PDIRD-E 2020 Annex B, 31-12-2025 planning table",https://www.e-redes.pt/sites/eredes/files/2022-07/PDIRD-E%202020%20proposta%20final.pdf,CHANGED
lines,LINE:000669,max_i_status,DIRECT_PDIRD_MINIMUM_SUMMER_NOMINAL_CURRENT,DIRECT_PDIRD_MINIMUM_WINTER_NOMINAL_CURRENT,CHANGED
lines,LINE:000669,max_i_ka,0.5450999999999999,0.582,CHANGED
lines,LINE:000669,seasonal_rating_status,WINTER_DYNAMIC_AMBIENT_TEMPERATURE_RATING_APPLIED,DIRECT_PDIRD_WINTER_NOMINAL_CURRENT_APPLIED,CHANGED
lines,LINE:000670,parameter_source,"E-REDES PDIRD-E 2020 Annex B, 31-12-2025 planning table",https://www.e-redes.pt/sites/eredes/files/2022-07/PDIRD-E%202020%20proposta%20final.pdf,CHANGED
lines,LINE:000670,max_i_status,DIRECT_PDIRD_MINIMUM_SUMMER_NOMINAL_CURRENT,DIRECT_PDIRD_MINIMUM_WINTER_NOMINAL_CURRENT,CHANGED
lines,LINE:000670,max_i_ka,0.5450999999999999,0.582,CHANGED
lines,LINE:000670,seasonal_rating_status,WINTER_DYNAMIC_AMBIENT_TEMPERATURE_RATING_APPLIED,DIRECT_PDIRD_WINTER_NOMINAL_CURRENT_APPLIED,CHANGED
lines,LINE:000671,parameter_source,"E-REDES PDIRD-E 2020 Annex B, 31-12-2025 planning table",https://www.e-redes.pt/sites/eredes/files/2022-07/PDIRD-E%202020%20proposta%20final.pdf,CHANGED
lines,LINE:000671,max_i_status,DIRECT_PDIRD_MINIMUM_SUMMER_NOMINAL_CURRENT,DIRECT_PDIRD_MINIMUM_WINTER_NOMINAL_CURRENT,CHANGED
lines,LINE:000671,max_i_ka,0.5450999999999999,0.582,CHANGED
lines,LINE:000671,seasonal_rating_status,WINTER_DYNAMIC_AMBIENT_TEMPERATURE_RATING_APPLIED,DIRECT_PDIRD_WINTER_NOMINAL_CURRENT_APPLIED,CHANGED
lines,LINE:000672,parameter_source,"E-REDES PDIRD-E 2020 Annex B, 31-12-2025 planning table",https://www.e-redes.pt/sites/eredes/files/2022-07/PDIRD-E%202020%20proposta%20final.pdf,CHANGED
lines,LINE:000672,max_i_status,DIRECT_PDIRD_MINIMUM_SUMMER_NOMINAL_CURRENT,DIRECT_PDIRD_MINIMUM_WINTER_NOMINAL_CURRENT,CHANGED
lines,LINE:000672,max_i_ka,0.4416,0.537,CHANGED
lines,LINE:000672,seasonal_rating_status,WINTER_DYNAMIC_AMBIENT_TEMPERATURE_RATING_APPLIED,DIRECT_PDIRD_WINTER_NOMINAL_CURRENT_APPLIED,CHANGED
lines,LINE:000673,parameter_source,"E-REDES PDIRD-E 2020 Annex B, 31-12-2025 planning table",https://www.e-redes.pt/sites/eredes/files/2022-07/PDIRD-E%202020%20proposta%20final.pdf,CHANGED
lines,LINE:000673,max_i_status,DIRECT_PDIRD_MINIMUM_SUMMER_NOMINAL_CURRENT,DIRECT_PDIRD_MINIMUM_WINTER_NOMINAL_CURRENT,CHANGED
lines,LINE:000673,max_i_ka,0.4416,0.537,CHANGED
lines,LINE:000673,seasonal_rating_status,WINTER_DYNAMIC_AMBIENT_TEMPERATURE_RATING_APPLIED,DIRECT_PDIRD_WINTER_NOMINAL_CURRENT_APPLIED,CHANGED
lines,LINE:000674,parameter_source,"E-REDES PDIRD-E 2020 Annex B, 31-12-2025 planning table",https://www.e-redes.pt/sites/eredes/files/2022-07/PDIRD-E%202020%20proposta%20final.pdf,CHANGED
lines,LINE:000674,max_i_status,DIRECT_PDIRD_MINIMUM_SUMMER_NOMINAL_CURRENT,DIRECT_PDIRD_MINIMUM_WINTER_NOMINAL_CURRENT,CHANGED
lines,LINE:000674,max_i_ka,0.4416,0.537,CHANGED
lines,LINE:000674,seasonal_rating_status,WINTER_DYNAMIC_AMBIENT_TEMPERATURE_RATING_APPLIED,DIRECT_PDIRD_WINTER_NOMINAL_CURRENT_APPLIED,CHANGED
lines,LINE:000675,parameter_source,"E-REDES PDIRD-E 2020 Annex B, 31-12-2025 planning table",https://www.e-redes.pt/sites/eredes/files/2022-07/PDIRD-E%202020%20proposta%20final.pdf,CHANGED
lines,LINE:000675,max_i_status,DIRECT_PDIRD_MINIMUM_SUMMER_NOMINAL_CURRENT,DIRECT_PDIRD_MINIMUM_WINTER_NOMINAL_CURRENT,CHANGED
lines,LINE:000675,max_i_ka,0.46115,0.451,CHANGED
lines,LINE:000675,seasonal_rating_status,WINTER_DYNAMIC_AMBIENT_TEMPERATURE_RATING_APPLIED,DIRECT_PDIRD_WINTER_NOMINAL_CURRENT_APPLIED,CHANGED
lines,LINE:000682,parameter_source,"E-REDES PDIRD-E 2020 Annex B, 31-12-2025 planning table",https://www.e-redes.pt/sites/eredes/files/2022-07/PDIRD-E%202020%20proposta%20final.pdf,CHANGED
lines,LINE:000682,max_i_status,DIRECT_PDIRD_MINIMUM_SUMMER_NOMINAL_CURRENT,DIRECT_PDIRD_MINIMUM_WINTER_NOMINAL_CURRENT,CHANGED
lines,LINE:000682,max_i_ka,0.5450999999999999,0.582,CHANGED
lines,LINE:000682,seasonal_rating_status,WINTER_DYNAMIC_AMBIENT_TEMPERATURE_RATING_APPLIED,DIRECT_PDIRD_WINTER_NOMINAL_CURRENT_APPLIED,CHANGED
lines,LINE:000683,parameter_source,"E-REDES PDIRD-E 2020 Annex B, 31-12-2025 planning table",https://www.e-redes.pt/sites/eredes/files/2022-07/PDIRD-E%202020%20proposta%20final.pdf,CHANGED
lines,LINE:000683,max_i_status,DIRECT_PDIRD_MINIMUM_SUMMER_NOMINAL_CURRENT,DIRECT_PDIRD_MINIMUM_WINTER_NOMINAL_CURRENT,CHANGED
lines,LINE:000683,max_i_ka,0.5450999999999999,0.582,CHANGED
lines,LINE:000683,seasonal_rating_status,WINTER_DYNAMIC_AMBIENT_TEMPERATURE_RATING_APPLIED,DIRECT_PDIRD_WINTER_NOMINAL_CURRENT_APPLIED,CHANGED
lines,LINE:000702,parameter_source,"E-REDES PDIRD-E 2020 Annex B, 31-12-2025 planning table",https://www.e-redes.pt/sites/eredes/files/2022-07/PDIRD-E%202020%20proposta%20final.pdf,CHANGED
lines,LINE:000702,max_i_status,DIRECT_PDIRD_MINIMUM_SUMMER_NOMINAL_CURRENT,DIRECT_PDIRD_MINIMUM_WINTER_NOMINAL_CURRENT,CHANGED
lines,LINE:000702,max_i_ka,0.88435,1.089,CHANGED
lines,LINE:000702,seasonal_rating_status,WINTER_DYNAMIC_AMBIENT_TEMPERATURE_RATING_APPLIED,DIRECT_PDIRD_WINTER_NOMINAL_CURRENT_APPLIED,CHANGED
lines,LINE:000704,parameter_source,"E-REDES PDIRD-E 2020 Annex B, 31-12-2025 planning table",https://www.e-redes.pt/sites/eredes/files/2022-07/PDIRD-E%202020%20proposta%20final.pdf,CHANGED
lines,LINE:000704,max_i_status,DIRECT_PDIRD_MINIMUM_SUMMER_NOMINAL_CURRENT,DIRECT_PDIRD_MINIMUM_WINTER_NOMINAL_CURRENT,CHANGED
lines,LINE:000704,max_i_ka,0.46115,0.451,CHANGED
lines,LINE:000704,seasonal_rating_status,WINTER_DYNAMIC_AMBIENT_TEMPERATURE_RATING_APPLIED,DIRECT_PDIRD_WINTER_NOMINAL_CURRENT_APPLIED,CHANGED
lines,LINE:000705,parameter_source,"E-REDES PDIRD-E 2020 Annex B, 31-12-2025 planning table",https://www.e-redes.pt/sites/eredes/files/2022-07/PDIRD-E%202020%20proposta%20final.pdf,CHANGED
lines,LINE:000705,max_i_status,DIRECT_PDIRD_MINIMUM_SUMMER_NOMINAL_CURRENT,DIRECT_PDIRD_MINIMUM_WINTER_NOMINAL_CURRENT,CHANGED
lines,LINE:000705,max_i_ka,0.6014499999999999,0.723,CHANGED
lines,LINE:000705,seasonal_rating_status,WINTER_DYNAMIC_AMBIENT_TEMPERATURE_RATING_APPLIED,DIRECT_PDIRD_WINTER_NOMINAL_CURRENT_APPLIED,CHANGED
lines,LINE:000706,parameter_source,"E-REDES PDIRD-E 2020 Annex B, 31-12-2025 planning table",https://www.e-redes.pt/sites/eredes/files/2022-07/PDIRD-E%202020%20proposta%20final.pdf,CHANGED
lines,LINE:000706,max_i_status,DIRECT_PDIRD_MINIMUM_SUMMER_NOMINAL_CURRENT,DIRECT_PDIRD_MINIMUM_WINTER_NOMINAL_CURRENT,CHANGED
lines,LINE:000706,max_i_ka,0.6014499999999999,0.723,CHANGED
lines,LINE:000706,seasonal_rating_status,WINTER_DYNAMIC_AMBIENT_TEMPERATURE_RATING_APPLIED,DIRECT_PDIRD_WINTER_NOMINAL_CURRENT_APPLIED,CHANGED
lines,LINE:000708,parameter_source,"E-REDES PDIRD-E 2020 Annex B, 31-12-2025 planning table",https://www.e-redes.pt/sites/eredes/files/2022-07/PDIRD-E%202020%20proposta%20final.pdf,CHANGED
lines,LINE:000708,max_i_status,DIRECT_PDIRD_MINIMUM_SUMMER_NOMINAL_CURRENT,DIRECT_PDIRD_MINIMUM_WINTER_NOMINAL_CURRENT,CHANGED
lines,LINE:000708,max_i_ka,0.6014499999999999,0.723,CHANGED
lines,LINE:000708,seasonal_rating_status,WINTER_DYNAMIC_AMBIENT_TEMPERATURE_RATING_APPLIED,DIRECT_PDIRD_WINTER_NOMINAL_CURRENT_APPLIED,CHANGED
lines,LINE:000718,parameter_source,"E-REDES PDIRD-E 2020 Annex B, 31-12-2025 planning table",https://www.e-redes.pt/sites/eredes/files/2022-07/PDIRD-E%202020%20proposta%20final.pdf,CHANGED
lines,LINE:000718,max_i_status,DIRECT_PDIRD_MINIMUM_SUMMER_NOMINAL_CURRENT,DIRECT_PDIRD_MINIMUM_WINTER_NOMINAL_CURRENT,CHANGED
lines,LINE:000718,max_i_ka,0.30015,0.362,CHANGED
lines,LINE:000718,seasonal_rating_status,WINTER_DYNAMIC_AMBIENT_TEMPERATURE_RATING_APPLIED,DIRECT_PDIRD_WINTER_NOMINAL_CURRENT_APPLIED,CHANGED
lines,LINE:000720,parameter_source,"E-REDES PDIRD-E 2020 Annex B, 31-12-2025 planning table",https://www.e-redes.pt/sites/eredes/files/2022-07/PDIRD-E%202020%20proposta%20final.pdf,CHANGED
lines,LINE:000720,max_i_status,DIRECT_PDIRD_MINIMUM_SUMMER_NOMINAL_CURRENT,DIRECT_PDIRD_MINIMUM_WINTER_NOMINAL_CURRENT,CHANGED
lines,LINE:000720,max_i_ka,0.5450999999999999,0.582,CHANGED
lines,LINE:000720,seasonal_rating_status,WINTER_DYNAMIC_AMBIENT_TEMPERATURE_RATING_APPLIED,DIRECT_PDIRD_WINTER_NOMINAL_CURRENT_APPLIED,CHANGED
lines,LINE:000746,parameter_source,"E-REDES PDIRD-E 2020 Annex B, 31-12-2025 planning table",https://www.e-redes.pt/sites/eredes/files/2022-07/PDIRD-E%202020%20proposta%20final.pdf,CHANGED
lines,LINE:000746,max_i_status,DIRECT_PDIRD_MINIMUM_SUMMER_NOMINAL_CURRENT,DIRECT_PDIRD_MINIMUM_WINTER_NOMINAL_CURRENT,CHANGED
lines,LINE:000746,max_i_ka,0.5450999999999999,0.582,CHANGED
lines,LINE:000746,seasonal_rating_status,WINTER_DYNAMIC_AMBIENT_TEMPERATURE_RATING_APPLIED,DIRECT_PDIRD_WINTER_NOMINAL_CURRENT_APPLIED,CHANGED
lines,LINE:000749,parameter_source,"E-REDES PDIRD-E 2020 Annex B, 31-12-2025 planning table",https://www.e-redes.pt/sites/eredes/files/2022-07/PDIRD-E%202020%20proposta%20final.pdf,CHANGED
lines,LINE:000749,max_i_status,DIRECT_PDIRD_MINIMUM_SUMMER_NOMINAL_CURRENT,DIRECT_PDIRD_MINIMUM_WINTER_NOMINAL_CURRENT,CHANGED
lines,LINE:000749,max_i_ka,0.5450999999999999,0.582,CHANGED
lines,LINE:000749,seasonal_rating_status,WINTER_DYNAMIC_AMBIENT_TEMPERATURE_RATING_APPLIED,DIRECT_PDIRD_WINTER_NOMINAL_CURRENT_APPLIED,CHANGED
lines,LINE:000756,parameter_source,"E-REDES PDIRD-E 2020 Annex B, 31-12-2025 planning table",https://www.e-redes.pt/sites/eredes/files/2022-07/PDIRD-E%202020%20proposta%20final.pdf,CHANGED
lines,LINE:000756,max_i_status,DIRECT_PDIRD_MINIMUM_SUMMER_NOMINAL_CURRENT,DIRECT_PDIRD_MINIMUM_WINTER_NOMINAL_CURRENT,CHANGED
lines,LINE:000756,max_i_ka,0.46115,0.451,CHANGED
lines,LINE:000756,seasonal_rating_status,WINTER_DYNAMIC_AMBIENT_TEMPERATURE_RATING_APPLIED,DIRECT_PDIRD_WINTER_NOMINAL_CURRENT_APPLIED,CHANGED
lines,LINE:000757,parameter_source,"E-REDES PDIRD-E 2020 Annex B, 31-12-2025 planning table",https://www.e-redes.pt/sites/eredes/files/2022-07/PDIRD-E%202020%20proposta%20final.pdf,CHANGED
lines,LINE:000757,max_i_status,DIRECT_PDIRD_MINIMUM_SUMMER_NOMINAL_CURRENT,DIRECT_PDIRD_MINIMUM_WINTER_NOMINAL_CURRENT,CHANGED
lines,LINE:000757,max_i_ka,0.46115,0.451,CHANGED
lines,LINE:000757,seasonal_rating_status,WINTER_DYNAMIC_AMBIENT_TEMPERATURE_RATING_APPLIED,DIRECT_PDIRD_WINTER_NOMINAL_CURRENT_APPLIED,CHANGED
lines,LINE:000776,parameter_source,"E-REDES PDIRD-E 2020 Annex B, 31-12-2025 planning table",https://www.e-redes.pt/sites/eredes/files/2022-07/PDIRD-E%202020%20proposta%20final.pdf,CHANGED
lines,LINE:000776,max_i_status,DIRECT_PDIRD_MINIMUM_SUMMER_NOMINAL_CURRENT,DIRECT_PDIRD_MINIMUM_WINTER_NOMINAL_CURRENT,CHANGED
lines,LINE:000776,max_i_ka,0.32085,0.387,CHANGED
lines,LINE:000776,seasonal_rating_status,WINTER_DYNAMIC_AMBIENT_TEMPERATURE_RATING_APPLIED,DIRECT_PDIRD_WINTER_NOMINAL_CURRENT_APPLIED,CHANGED
lines,LINE:000782,parameter_source,"E-REDES PDIRD-E 2020 Annex B, 31-12-2025 planning table",https://www.e-redes.pt/sites/eredes/files/2022-07/PDIRD-E%202020%20proposta%20final.pdf,CHANGED
lines,LINE:000782,max_i_status,DIRECT_PDIRD_MINIMUM_SUMMER_NOMINAL_CURRENT,DIRECT_PDIRD_MINIMUM_WINTER_NOMINAL_CURRENT,CHANGED
lines,LINE:000782,max_i_ka,0.26335,0.315,CHANGED
lines,LINE:000782,seasonal_rating_status,WINTER_DYNAMIC_AMBIENT_TEMPERATURE_RATING_APPLIED,DIRECT_PDIRD_WINTER_NOMINAL_CURRENT_APPLIED,CHANGED
lines,LINE:000783,parameter_source,"E-REDES PDIRD-E 2020 Annex B, 31-12-2025 planning table",https://www.e-redes.pt/sites/eredes/files/2022-07/PDIRD-E%202020%20proposta%20final.pdf,CHANGED
lines,LINE:000783,max_i_status,DIRECT_PDIRD_MINIMUM_SUMMER_NOMINAL_CURRENT,DIRECT_PDIRD_MINIMUM_WINTER_NOMINAL_CURRENT,CHANGED
lines,LINE:000783,max_i_ka,0.6969,0.686,CHANGED
lines,LINE:000783,seasonal_rating_status,WINTER_DYNAMIC_AMBIENT_TEMPERATURE_RATING_APPLIED,DIRECT_PDIRD_WINTER_NOMINAL_CURRENT_APPLIED,CHANGED
lines,LINE:000784,parameter_source,"E-REDES PDIRD-E 2020 Annex B, 31-12-2025 planning table",https://www.e-redes.pt/sites/eredes/files/2022-07/PDIRD-E%202020%20proposta%20final.pdf,CHANGED
lines,LINE:000784,max_i_status,DIRECT_PDIRD_MINIMUM_SUMMER_NOMINAL_CURRENT,DIRECT_PDIRD_MINIMUM_WINTER_NOMINAL_CURRENT,CHANGED
lines,LINE:000784,max_i_ka,0.4416,0.544,CHANGED
lines,LINE:000784,seasonal_rating_status,WINTER_DYNAMIC_AMBIENT_TEMPERATURE_RATING_APPLIED,DIRECT_PDIRD_WINTER_NOMINAL_CURRENT_APPLIED,CHANGED
lines,LINE:000785,parameter_source,"E-REDES PDIRD-E 2020 Annex B, 31-12-2025 planning table",https://www.e-redes.pt/sites/eredes/files/2022-07/PDIRD-E%202020%20proposta%20final.pdf,CHANGED
lines,LINE:000785,max_i_status,DIRECT_PDIRD_MINIMUM_SUMMER_NOMINAL_CURRENT,DIRECT_PDIRD_MINIMUM_WINTER_NOMINAL_CURRENT,CHANGED
lines,LINE:000785,max_i_ka,0.4416,0.544,CHANGED
lines,LINE:000785,seasonal_rating_status,WINTER_DYNAMIC_AMBIENT_TEMPERATURE_RATING_APPLIED,DIRECT_PDIRD_WINTER_NOMINAL_CURRENT_APPLIED,CHANGED
lines,LINE:000787,parameter_source,"E-REDES PDIRD-E 2020 Annex B, 31-12-2025 planning table",https://www.e-redes.pt/sites/eredes/files/2022-07/PDIRD-E%202020%20proposta%20final.pdf,CHANGED
lines,LINE:000787,max_i_status,DIRECT_PDIRD_MINIMUM_SUMMER_NOMINAL_CURRENT,DIRECT_PDIRD_MINIMUM_WINTER_NOMINAL_CURRENT,CHANGED
lines,LINE:000787,max_i_ka,0.4416,0.544,CHANGED
lines,LINE:000787,seasonal_rating_status,WINTER_DYNAMIC_AMBIENT_TEMPERATURE_RATING_APPLIED,DIRECT_PDIRD_WINTER_NOMINAL_CURRENT_APPLIED,CHANGED
lines,LINE:000794,parameter_source,"E-REDES PDIRD-E 2020 Annex B, 31-12-2025 planning table",https://www.e-redes.pt/sites/eredes/files/2022-07/PDIRD-E%202020%20proposta%20final.pdf,CHANGED
lines,LINE:000794,max_i_status,DIRECT_PDIRD_MINIMUM_SUMMER_NOMINAL_CURRENT,DIRECT_PDIRD_MINIMUM_WINTER_NOMINAL_CURRENT,CHANGED
lines,LINE:000794,max_i_ka,0.4416,0.544,CHANGED
lines,LINE:000794,seasonal_rating_status,WINTER_DYNAMIC_AMBIENT_TEMPERATURE_RATING_APPLIED,DIRECT_PDIRD_WINTER_NOMINAL_CURRENT_APPLIED,CHANGED
lines,LINE:000799,parameter_source,"E-REDES PDIRD-E 2020 Annex B, 31-12-2025 planning table",https://www.e-redes.pt/sites/eredes/files/2022-07/PDIRD-E%202020%20proposta%20final.pdf,CHANGED
lines,LINE:000799,max_i_status,DIRECT_PDIRD_MINIMUM_SUMMER_NOMINAL_CURRENT,DIRECT_PDIRD_MINIMUM_WINTER_NOMINAL_CURRENT,CHANGED
lines,LINE:000799,max_i_ka,0.30015,0.362,CHANGED
lines,LINE:000799,seasonal_rating_status,WINTER_DYNAMIC_AMBIENT_TEMPERATURE_RATING_APPLIED,DIRECT_PDIRD_WINTER_NOMINAL_CURRENT_APPLIED,CHANGED
lines,LINE:000802,parameter_source,"E-REDES PDIRD-E 2020 Annex B, 31-12-2025 planning table",https://www.e-redes.pt/sites/eredes/files/2022-07/PDIRD-E%202020%20proposta%20final.pdf,CHANGED
lines,LINE:000802,max_i_status,DIRECT_PDIRD_MINIMUM_SUMMER_NOMINAL_CURRENT,DIRECT_PDIRD_MINIMUM_WINTER_NOMINAL_CURRENT,CHANGED
lines,LINE:000802,max_i_ka,0.4416,0.544,CHANGED
lines,LINE:000802,seasonal_rating_status,WINTER_DYNAMIC_AMBIENT_TEMPERATURE_RATING_APPLIED,DIRECT_PDIRD_WINTER_NOMINAL_CURRENT_APPLIED,CHANGED
lines,LINE:000803,parameter_source,"E-REDES PDIRD-E 2020 Annex B, 31-12-2025 planning table",https://www.e-redes.pt/sites/eredes/files/2022-07/PDIRD-E%202020%20proposta%20final.pdf,CHANGED
lines,LINE:000803,max_i_status,DIRECT_PDIRD_MINIMUM_SUMMER_NOMINAL_CURRENT,DIRECT_PDIRD_MINIMUM_WINTER_NOMINAL_CURRENT,CHANGED
lines,LINE:000803,max_i_ka,0.4416,0.544,CHANGED
lines,LINE:000803,seasonal_rating_status,WINTER_DYNAMIC_AMBIENT_TEMPERATURE_RATING_APPLIED,DIRECT_PDIRD_WINTER_NOMINAL_CURRENT_APPLIED,CHANGED
lines,LINE:000812,parameter_source,"E-REDES PDIRD-E 2020 Annex B, 31-12-2025 planning table",https://www.e-redes.pt/sites/eredes/files/2022-07/PDIRD-E%202020%20proposta%20final.pdf,CHANGED
lines,LINE:000812,max_i_status,DIRECT_PDIRD_MINIMUM_SUMMER_NOMINAL_CURRENT,DIRECT_PDIRD_MINIMUM_WINTER_NOMINAL_CURRENT,CHANGED
lines,LINE:000812,max_i_ka,0.4416,0.544,CHANGED
lines,LINE:000812,seasonal_rating_status,WINTER_DYNAMIC_AMBIENT_TEMPERATURE_RATING_APPLIED,DIRECT_PDIRD_WINTER_NOMINAL_CURRENT_APPLIED,CHANGED
lines,LINE:000813,parameter_source,"E-REDES PDIRD-E 2020 Annex B, 31-12-2025 planning table",https://www.e-redes.pt/sites/eredes/files/2022-07/PDIRD-E%202020%20proposta%20final.pdf,CHANGED
lines,LINE:000813,max_i_status,DIRECT_PDIRD_MINIMUM_SUMMER_NOMINAL_CURRENT,DIRECT_PDIRD_MINIMUM_WINTER_NOMINAL_CURRENT,CHANGED
lines,LINE:000813,max_i_ka,0.6969,0.686,CHANGED
lines,LINE:000813,seasonal_rating_status,WINTER_DYNAMIC_AMBIENT_TEMPERATURE_RATING_APPLIED,DIRECT_PDIRD_WINTER_NOMINAL_CURRENT_APPLIED,CHANGED
lines,LINE:000814,parameter_source,"E-REDES PDIRD-E 2020 Annex B, 31-12-2025 planning table",https://www.e-redes.pt/sites/eredes/files/2022-07/PDIRD-E%202020%20proposta%20final.pdf,CHANGED
lines,LINE:000814,max_i_status,DIRECT_PDIRD_MINIMUM_SUMMER_NOMINAL_CURRENT,DIRECT_PDIRD_MINIMUM_WINTER_NOMINAL_CURRENT,CHANGED
lines,LINE:000814,max_i_ka,0.4416,0.544,CHANGED
lines,LINE:000814,seasonal_rating_status,WINTER_DYNAMIC_AMBIENT_TEMPERATURE_RATING_APPLIED,DIRECT_PDIRD_WINTER_NOMINAL_CURRENT_APPLIED,CHANGED
lines,LINE:000817,parameter_source,"E-REDES PDIRD-E 2020 Annex B, 31-12-2025 planning table",https://www.e-redes.pt/sites/eredes/files/2022-07/PDIRD-E%202020%20proposta%20final.pdf,CHANGED
lines,LINE:000817,max_i_status,DIRECT_PDIRD_MINIMUM_SUMMER_NOMINAL_CURRENT,DIRECT_PDIRD_MINIMUM_WINTER_NOMINAL_CURRENT,CHANGED
lines,LINE:000817,max_i_ka,0.30015,0.362,CHANGED
lines,LINE:000817,seasonal_rating_status,WINTER_DYNAMIC_AMBIENT_TEMPERATURE_RATING_APPLIED,DIRECT_PDIRD_WINTER_NOMINAL_CURRENT_APPLIED,CHANGED
lines,LINE:000831,parameter_source,"E-REDES PDIRD-E 2020 Annex B, 31-12-2025 planning table",https://www.e-redes.pt/sites/eredes/files/2022-07/PDIRD-E%202020%20proposta%20final.pdf,CHANGED
lines,LINE:000831,max_i_status,DIRECT_PDIRD_MINIMUM_SUMMER_NOMINAL_CURRENT,DIRECT_PDIRD_MINIMUM_WINTER_NOMINAL_CURRENT,CHANGED
lines,LINE:000831,max_i_ka,1.3938,1.372,CHANGED
lines,LINE:000831,seasonal_rating_status,WINTER_DYNAMIC_AMBIENT_TEMPERATURE_RATING_APPLIED,DIRECT_PDIRD_WINTER_NOMINAL_CURRENT_APPLIED,CHANGED
lines,LINE:000839,parameter_source,"E-REDES PDIRD-E 2020 Annex B, 31-12-2025 planning table",https://www.e-redes.pt/sites/eredes/files/2022-07/PDIRD-E%202020%20proposta%20final.pdf,CHANGED
lines,LINE:000839,max_i_status,DIRECT_PDIRD_MINIMUM_SUMMER_NOMINAL_CURRENT,DIRECT_PDIRD_MINIMUM_WINTER_NOMINAL_CURRENT,CHANGED
lines,LINE:000839,max_i_ka,0.37834999999999996,0.46,CHANGED
lines,LINE:000839,seasonal_rating_status,WINTER_DYNAMIC_AMBIENT_TEMPERATURE_RATING_APPLIED,DIRECT_PDIRD_WINTER_NOMINAL_CURRENT_APPLIED,CHANGED
lines,LINE:000840,parameter_source,"E-REDES PDIRD-E 2020 Annex B, 31-12-2025 planning table",https://www.e-redes.pt/sites/eredes/files/2022-07/PDIRD-E%202020%20proposta%20final.pdf,CHANGED
lines,LINE:000840,max_i_status,DIRECT_PDIRD_MINIMUM_SUMMER_NOMINAL_CURRENT,DIRECT_PDIRD_MINIMUM_WINTER_NOMINAL_CURRENT,CHANGED
lines,LINE:000840,max_i_ka,0.37834999999999996,0.46,CHANGED
lines,LINE:000840,seasonal_rating_status,WINTER_DYNAMIC_AMBIENT_TEMPERATURE_RATING_APPLIED,DIRECT_PDIRD_WINTER_NOMINAL_CURRENT_APPLIED,CHANGED
lines,LINE:000851,parameter_source,"E-REDES PDIRD-E 2020 Annex B, 31-12-2025 planning table",https://www.e-redes.pt/sites/eredes/files/2022-07/PDIRD-E%202020%20proposta%20final.pdf,CHANGED
lines,LINE:000851,max_i_status,DIRECT_PDIRD_MINIMUM_SUMMER_NOMINAL_CURRENT,DIRECT_PDIRD_MINIMUM_WINTER_NOMINAL_CURRENT,CHANGED
lines,LINE:000851,max_i_ka,1.3938,1.372,CHANGED
lines,LINE:000851,seasonal_rating_status,WINTER_DYNAMIC_AMBIENT_TEMPERATURE_RATING_APPLIED,DIRECT_PDIRD_WINTER_NOMINAL_CURRENT_APPLIED,CHANGED
lines,LINE:000857,parameter_source,"E-REDES PDIRD-E 2020 Annex B, 31-12-2025 planning table",https://www.e-redes.pt/sites/eredes/files/2022-07/PDIRD-E%202020%20proposta%20final.pdf,CHANGED
lines,LINE:000857,max_i_status,DIRECT_PDIRD_MINIMUM_SUMMER_NOMINAL_CURRENT,DIRECT_PDIRD_MINIMUM_WINTER_NOMINAL_CURRENT,CHANGED
lines,LINE:000857,max_i_ka,0.4416,0.544,CHANGED
lines,LINE:000857,seasonal_rating_status,WINTER_DYNAMIC_AMBIENT_TEMPERATURE_RATING_APPLIED,DIRECT_PDIRD_WINTER_NOMINAL_CURRENT_APPLIED,CHANGED
lines,LINE:000859,parameter_source,"E-REDES PDIRD-E 2020 Annex B, 31-12-2025 planning table",https://www.e-redes.pt/sites/eredes/files/2022-07/PDIRD-E%202020%20proposta%20final.pdf,CHANGED
lines,LINE:000859,max_i_status,DIRECT_PDIRD_MINIMUM_SUMMER_NOMINAL_CURRENT,DIRECT_PDIRD_MINIMUM_WINTER_NOMINAL_CURRENT,CHANGED
lines,LINE:000859,max_i_ka,0.49565,0.615,CHANGED
lines,LINE:000859,seasonal_rating_status,WINTER_DYNAMIC_AMBIENT_TEMPERATURE_RATING_APPLIED,DIRECT_PDIRD_WINTER_NOMINAL_CURRENT_APPLIED,CHANGED
lines,LINE:000861,parameter_source,"E-REDES PDIRD-E 2020 Annex B, 31-12-2025 planning table",https://www.e-redes.pt/sites/eredes/files/2022-07/PDIRD-E%202020%20proposta%20final.pdf,CHANGED
lines,LINE:000861,max_i_status,DIRECT_PDIRD_MINIMUM_SUMMER_NOMINAL_CURRENT,DIRECT_PDIRD_MINIMUM_WINTER_NOMINAL_CURRENT,CHANGED
lines,LINE:000861,max_i_ka,0.23919999999999997,0.285,CHANGED
lines,LINE:000861,seasonal_rating_status,WINTER_DYNAMIC_AMBIENT_TEMPERATURE_RATING_APPLIED,DIRECT_PDIRD_WINTER_NOMINAL_CURRENT_APPLIED,CHANGED
lines,LINE:000865,parameter_status,PDIRD_CIRCUIT_PATH_MATCH_PARTIAL_SOURCE_BACKING,DIRECT_PDIRD_MINIMUM_WINTER_NOMINAL_CURRENT,CHANGED
lines,LINE:000865,parameter_source,"E-REDES PDIRD-E 2020 Annex B, 31-12-2025 planning table",https://www.e-redes.pt/sites/eredes/files/2022-07/PDIRD-E%202020%20proposta%20final.pdf,CHANGED
lines,LINE:000865,max_i_status,DIRECT_PDIRD_MINIMUM_SUMMER_NOMINAL_CURRENT,DIRECT_PDIRD_MINIMUM_WINTER_NOMINAL_CURRENT,CHANGED
lines,LINE:000865,max_i_ka,0.23919999999999997,0.285,CHANGED
lines,LINE:000865,parallel_status,SOURCE_CIRCUIT_FIELD_OR_SINGLE_CIRCUIT_DEFAULT,PUBLIC_SINGLE_CIRCUIT_INVENTORY,CHANGED
lines,LINE:000865,rating_override_status,NO_CORRIDOR_OVERRIDE,EXPLICIT_PUBLIC_INVENTORY_CORRECTION,CHANGED
lines,LINE:000865,seasonal_rating_status,WINTER_DYNAMIC_AMBIENT_TEMPERATURE_RATING_APPLIED,DIRECT_PDIRD_WINTER_NOMINAL_CURRENT_APPLIED,CHANGED
lines,LINE:000866,parameter_source,"E-REDES PDIRD-E 2020 Annex B, 31-12-2025 planning table",https://www.e-redes.pt/sites/eredes/files/2022-07/PDIRD-E%202020%20proposta%20final.pdf,CHANGED
lines,LINE:000866,max_i_status,DIRECT_PDIRD_MINIMUM_SUMMER_NOMINAL_CURRENT,DIRECT_PDIRD_MINIMUM_WINTER_NOMINAL_CURRENT,CHANGED
lines,LINE:000866,max_i_ka,0.7566999999999999,0.921,CHANGED
lines,LINE:000866,seasonal_rating_status,WINTER_DYNAMIC_AMBIENT_TEMPERATURE_RATING_APPLIED,DIRECT_PDIRD_WINTER_NOMINAL_CURRENT_APPLIED,CHANGED
lines,LINE:000871,parameter_source,"E-REDES PDIRD-E 2020 Annex B, 31-12-2025 planning table",https://www.e-redes.pt/sites/eredes/files/2022-07/PDIRD-E%202020%20proposta%20final.pdf,CHANGED
lines,LINE:000871,max_i_status,DIRECT_PDIRD_MINIMUM_SUMMER_NOMINAL_CURRENT,DIRECT_PDIRD_MINIMUM_WINTER_NOMINAL_CURRENT,CHANGED
lines,LINE:000871,max_i_ka,0.30015,0.362,CHANGED
lines,LINE:000871,seasonal_rating_status,WINTER_DYNAMIC_AMBIENT_TEMPERATURE_RATING_APPLIED,DIRECT_PDIRD_WINTER_NOMINAL_CURRENT_APPLIED,CHANGED
lines,LINE:000872,parameter_source,"E-REDES PDIRD-E 2020 Annex B, 31-12-2025 planning table",https://www.e-redes.pt/sites/eredes/files/2022-07/PDIRD-E%202020%20proposta%20final.pdf,CHANGED
lines,LINE:000872,max_i_status,DIRECT_PDIRD_MINIMUM_SUMMER_NOMINAL_CURRENT,DIRECT_PDIRD_MINIMUM_WINTER_NOMINAL_CURRENT,CHANGED
lines,LINE:000872,max_i_ka,0.6969,0.686,CHANGED
lines,LINE:000872,seasonal_rating_status,WINTER_DYNAMIC_AMBIENT_TEMPERATURE_RATING_APPLIED,DIRECT_PDIRD_WINTER_NOMINAL_CURRENT_APPLIED,CHANGED
lines,LINE:000875,parameter_source,"E-REDES PDIRD-E 2020 Annex B, 31-12-2025 planning table",https://www.e-redes.pt/sites/eredes/files/2022-07/PDIRD-E%202020%20proposta%20final.pdf,CHANGED
lines,LINE:000875,max_i_status,DIRECT_PDIRD_MINIMUM_SUMMER_NOMINAL_CURRENT,DIRECT_PDIRD_MINIMUM_WINTER_NOMINAL_CURRENT,CHANGED
lines,LINE:000875,max_i_ka,0.6969,0.686,CHANGED
lines,LINE:000875,seasonal_rating_status,WINTER_DYNAMIC_AMBIENT_TEMPERATURE_RATING_APPLIED,DIRECT_PDIRD_WINTER_NOMINAL_CURRENT_APPLIED,CHANGED
lines,LINE:000880,parameter_source,"E-REDES PDIRD-E 2020 Annex B, 31-12-2025 planning table",https://www.e-redes.pt/sites/eredes/files/2022-07/PDIRD-E%202020%20proposta%20final.pdf,CHANGED
lines,LINE:000880,max_i_status,DIRECT_PDIRD_MINIMUM_SUMMER_NOMINAL_CURRENT,DIRECT_PDIRD_MINIMUM_WINTER_NOMINAL_CURRENT,CHANGED
lines,LINE:000880,max_i_ka,0.30015,0.362,CHANGED
lines,LINE:000880,seasonal_rating_status,WINTER_DYNAMIC_AMBIENT_TEMPERATURE_RATING_APPLIED,DIRECT_PDIRD_WINTER_NOMINAL_CURRENT_APPLIED,CHANGED
lines,LINE:000881,parameter_source,"E-REDES PDIRD-E 2020 Annex B, 31-12-2025 planning table",https://www.e-redes.pt/sites/eredes/files/2022-07/PDIRD-E%202020%20proposta%20final.pdf,CHANGED
lines,LINE:000881,max_i_status,DIRECT_PDIRD_MINIMUM_SUMMER_NOMINAL_CURRENT,DIRECT_PDIRD_MINIMUM_WINTER_NOMINAL_CURRENT,CHANGED
lines,LINE:000881,max_i_ka,0.30015,0.362,CHANGED
lines,LINE:000881,seasonal_rating_status,WINTER_DYNAMIC_AMBIENT_TEMPERATURE_RATING_APPLIED,DIRECT_PDIRD_WINTER_NOMINAL_CURRENT_APPLIED,CHANGED
lines,LINE:000882,parameter_source,"E-REDES PDIRD-E 2020 Annex B, 31-12-2025 planning table",https://www.e-redes.pt/sites/eredes/files/2022-07/PDIRD-E%202020%20proposta%20final.pdf,CHANGED
lines,LINE:000882,max_i_status,DIRECT_PDIRD_MINIMUM_SUMMER_NOMINAL_CURRENT,DIRECT_PDIRD_MINIMUM_WINTER_NOMINAL_CURRENT,CHANGED
lines,LINE:000882,max_i_ka,0.6969,0.686,CHANGED
lines,LINE:000882,seasonal_rating_status,WINTER_DYNAMIC_AMBIENT_TEMPERATURE_RATING_APPLIED,DIRECT_PDIRD_WINTER_NOMINAL_CURRENT_APPLIED,CHANGED
lines,LINE:000886,parameter_source,"E-REDES PDIRD-E 2020 Annex B, 31-12-2025 planning table",https://www.e-redes.pt/sites/eredes/files/2022-07/PDIRD-E%202020%20proposta%20final.pdf,CHANGED
lines,LINE:000886,max_i_status,DIRECT_PDIRD_MINIMUM_SUMMER_NOMINAL_CURRENT,DIRECT_PDIRD_MINIMUM_WINTER_NOMINAL_CURRENT,CHANGED
lines,LINE:000886,max_i_ka,0.30015,0.362,CHANGED
lines,LINE:000886,seasonal_rating_status,WINTER_DYNAMIC_AMBIENT_TEMPERATURE_RATING_APPLIED,DIRECT_PDIRD_WINTER_NOMINAL_CURRENT_APPLIED,CHANGED
lines,LINE:000887,parameter_source,"E-REDES PDIRD-E 2020 Annex B, 31-12-2025 planning table",https://www.e-redes.pt/sites/eredes/files/2022-07/PDIRD-E%202020%20proposta%20final.pdf,CHANGED
lines,LINE:000887,max_i_status,DIRECT_PDIRD_MINIMUM_SUMMER_NOMINAL_CURRENT,DIRECT_PDIRD_MINIMUM_WINTER_NOMINAL_CURRENT,CHANGED
lines,LINE:000887,max_i_ka,0.6969,0.686,CHANGED
lines,LINE:000887,seasonal_rating_status,WINTER_DYNAMIC_AMBIENT_TEMPERATURE_RATING_APPLIED,DIRECT_PDIRD_WINTER_NOMINAL_CURRENT_APPLIED,CHANGED
lines,LINE:000892,parameter_source,"E-REDES PDIRD-E 2020 Annex B, 31-12-2025 planning table",https://www.e-redes.pt/sites/eredes/files/2022-07/PDIRD-E%202020%20proposta%20final.pdf,CHANGED
lines,LINE:000892,max_i_status,DIRECT_PDIRD_MINIMUM_SUMMER_NOMINAL_CURRENT,DIRECT_PDIRD_MINIMUM_WINTER_NOMINAL_CURRENT,CHANGED
lines,LINE:000892,max_i_ka,0.34384999999999993,0.417,CHANGED
lines,LINE:000892,seasonal_rating_status,WINTER_DYNAMIC_AMBIENT_TEMPERATURE_RATING_APPLIED,DIRECT_PDIRD_WINTER_NOMINAL_CURRENT_APPLIED,CHANGED
lines,LINE:000894,parameter_source,"E-REDES PDIRD-E 2020 Annex B, 31-12-2025 planning table",https://www.e-redes.pt/sites/eredes/files/2022-07/PDIRD-E%202020%20proposta%20final.pdf,CHANGED
lines,LINE:000894,max_i_status,DIRECT_PDIRD_MINIMUM_SUMMER_NOMINAL_CURRENT,DIRECT_PDIRD_MINIMUM_WINTER_NOMINAL_CURRENT,CHANGED
lines,LINE:000894,max_i_ka,0.30015,0.362,CHANGED
lines,LINE:000894,seasonal_rating_status,WINTER_DYNAMIC_AMBIENT_TEMPERATURE_RATING_APPLIED,DIRECT_PDIRD_WINTER_NOMINAL_CURRENT_APPLIED,CHANGED
lines,LINE:000895,parameter_source,"E-REDES PDIRD-E 2020 Annex B, 31-12-2025 planning table",https://www.e-redes.pt/sites/eredes/files/2022-07/PDIRD-E%202020%20proposta%20final.pdf,CHANGED
lines,LINE:000895,max_i_status,DIRECT_PDIRD_MINIMUM_SUMMER_NOMINAL_CURRENT,DIRECT_PDIRD_MINIMUM_WINTER_NOMINAL_CURRENT,CHANGED
lines,LINE:000895,max_i_ka,1.3938,1.372,CHANGED
lines,LINE:000895,seasonal_rating_status,WINTER_DYNAMIC_AMBIENT_TEMPERATURE_RATING_APPLIED,DIRECT_PDIRD_WINTER_NOMINAL_CURRENT_APPLIED,CHANGED
lines,LINE:000899,parameter_source,"E-REDES PDIRD-E 2020 Annex B, 31-12-2025 planning table",https://www.e-redes.pt/sites/eredes/files/2022-07/PDIRD-E%202020%20proposta%20final.pdf,CHANGED
lines,LINE:000899,max_i_status,DIRECT_PDIRD_MINIMUM_SUMMER_NOMINAL_CURRENT,DIRECT_PDIRD_MINIMUM_WINTER_NOMINAL_CURRENT,CHANGED
lines,LINE:000899,max_i_ka,0.4416,0.544,CHANGED
lines,LINE:000899,seasonal_rating_status,WINTER_DYNAMIC_AMBIENT_TEMPERATURE_RATING_APPLIED,DIRECT_PDIRD_WINTER_NOMINAL_CURRENT_APPLIED,CHANGED
lines,LINE:000901,parameter_source,"E-REDES PDIRD-E 2020 Annex B, 31-12-2025 planning table",https://www.e-redes.pt/sites/eredes/files/2022-07/PDIRD-E%202020%20proposta%20final.pdf,CHANGED
lines,LINE:000901,max_i_status,DIRECT_PDIRD_MINIMUM_SUMMER_NOMINAL_CURRENT,DIRECT_PDIRD_MINIMUM_WINTER_NOMINAL_CURRENT,CHANGED
lines,LINE:000901,max_i_ka,0.4416,0.544,CHANGED
lines,LINE:000901,seasonal_rating_status,WINTER_DYNAMIC_AMBIENT_TEMPERATURE_RATING_APPLIED,DIRECT_PDIRD_WINTER_NOMINAL_CURRENT_APPLIED,CHANGED
lines,LINE:000902,parameter_source,"E-REDES PDIRD-E 2020 Annex B, 31-12-2025 planning table",https://www.e-redes.pt/sites/eredes/files/2022-07/PDIRD-E%202020%20proposta%20final.pdf,CHANGED
lines,LINE:000902,max_i_status,DIRECT_PDIRD_MINIMUM_SUMMER_NOMINAL_CURRENT,DIRECT_PDIRD_MINIMUM_WINTER_NOMINAL_CURRENT,CHANGED
lines,LINE:000902,max_i_ka,0.4416,0.544,CHANGED
lines,LINE:000902,seasonal_rating_status,WINTER_DYNAMIC_AMBIENT_TEMPERATURE_RATING_APPLIED,DIRECT_PDIRD_WINTER_NOMINAL_CURRENT_APPLIED,CHANGED
lines,LINE:000905,parameter_source,"E-REDES PDIRD-E 2020 Annex B, 31-12-2025 planning table",https://www.e-redes.pt/sites/eredes/files/2022-07/PDIRD-E%202020%20proposta%20final.pdf,CHANGED
lines,LINE:000905,max_i_status,DIRECT_PDIRD_MINIMUM_SUMMER_NOMINAL_CURRENT,DIRECT_PDIRD_MINIMUM_WINTER_NOMINAL_CURRENT,CHANGED
lines,LINE:000905,max_i_ka,0.30015,0.362,CHANGED
lines,LINE:000905,seasonal_rating_status,WINTER_DYNAMIC_AMBIENT_TEMPERATURE_RATING_APPLIED,DIRECT_PDIRD_WINTER_NOMINAL_CURRENT_APPLIED,CHANGED
lines,LINE:000906,parameter_source,"E-REDES PDIRD-E 2020 Annex B, 31-12-2025 planning table",https://www.e-redes.pt/sites/eredes/files/2022-07/PDIRD-E%202020%20proposta%20final.pdf,CHANGED
lines,LINE:000906,max_i_status,DIRECT_PDIRD_MINIMUM_SUMMER_NOMINAL_CURRENT,DIRECT_PDIRD_MINIMUM_WINTER_NOMINAL_CURRENT,CHANGED
lines,LINE:000906,max_i_ka,0.30015,0.362,CHANGED
lines,LINE:000906,seasonal_rating_status,WINTER_DYNAMIC_AMBIENT_TEMPERATURE_RATING_APPLIED,DIRECT_PDIRD_WINTER_NOMINAL_CURRENT_APPLIED,CHANGED
lines,LINE:000907,parameter_source,"E-REDES PDIRD-E 2020 Annex B, 31-12-2025 planning table",https://www.e-redes.pt/sites/eredes/files/2022-07/PDIRD-E%202020%20proposta%20final.pdf,CHANGED
lines,LINE:000907,max_i_status,DIRECT_PDIRD_MINIMUM_SUMMER_NOMINAL_CURRENT,DIRECT_PDIRD_MINIMUM_WINTER_NOMINAL_CURRENT,CHANGED
lines,LINE:000907,max_i_ka,0.6842499999999999,0.816,CHANGED
lines,LINE:000907,seasonal_rating_status,WINTER_DYNAMIC_AMBIENT_TEMPERATURE_RATING_APPLIED,DIRECT_PDIRD_WINTER_NOMINAL_CURRENT_APPLIED,CHANGED
lines,LINE:000910,parameter_source,"E-REDES PDIRD-E 2020 Annex B, 31-12-2025 planning table",https://www.e-redes.pt/sites/eredes/files/2022-07/PDIRD-E%202020%20proposta%20final.pdf,CHANGED
lines,LINE:000910,max_i_status,DIRECT_PDIRD_MINIMUM_SUMMER_NOMINAL_CURRENT,DIRECT_PDIRD_MINIMUM_WINTER_NOMINAL_CURRENT,CHANGED
lines,LINE:000910,max_i_ka,0.49565,0.615,CHANGED
lines,LINE:000910,seasonal_rating_status,WINTER_DYNAMIC_AMBIENT_TEMPERATURE_RATING_APPLIED,DIRECT_PDIRD_WINTER_NOMINAL_CURRENT_APPLIED,CHANGED
lines,LINE:000911,parameter_source,"E-REDES PDIRD-E 2020 Annex B, 31-12-2025 planning table",https://www.e-redes.pt/sites/eredes/files/2022-07/PDIRD-E%202020%20proposta%20final.pdf,CHANGED
lines,LINE:000911,max_i_status,DIRECT_PDIRD_MINIMUM_SUMMER_NOMINAL_CURRENT,DIRECT_PDIRD_MINIMUM_WINTER_NOMINAL_CURRENT,CHANGED
lines,LINE:000911,max_i_ka,0.49565,0.615,CHANGED
lines,LINE:000911,seasonal_rating_status,WINTER_DYNAMIC_AMBIENT_TEMPERATURE_RATING_APPLIED,DIRECT_PDIRD_WINTER_NOMINAL_CURRENT_APPLIED,CHANGED
lines,LINE:000912,parameter_source,"E-REDES PDIRD-E 2020 Annex B, 31-12-2025 planning table",https://www.e-redes.pt/sites/eredes/files/2022-07/PDIRD-E%202020%20proposta%20final.pdf,CHANGED
lines,LINE:000912,max_i_status,DIRECT_PDIRD_MINIMUM_SUMMER_NOMINAL_CURRENT,DIRECT_PDIRD_MINIMUM_WINTER_NOMINAL_CURRENT,CHANGED
lines,LINE:000912,max_i_ka,0.49565,0.615,CHANGED
lines,LINE:000912,seasonal_rating_status,WINTER_DYNAMIC_AMBIENT_TEMPERATURE_RATING_APPLIED,DIRECT_PDIRD_WINTER_NOMINAL_CURRENT_APPLIED,CHANGED
lines,LINE:000914,parameter_source,"E-REDES PDIRD-E 2020 Annex B, 31-12-2025 planning table",https://www.e-redes.pt/sites/eredes/files/2022-07/PDIRD-E%202020%20proposta%20final.pdf,CHANGED
lines,LINE:000914,max_i_status,DIRECT_PDIRD_MINIMUM_SUMMER_NOMINAL_CURRENT,DIRECT_PDIRD_MINIMUM_WINTER_NOMINAL_CURRENT,CHANGED
lines,LINE:000914,max_i_ka,0.6842499999999999,0.816,CHANGED
lines,LINE:000914,seasonal_rating_status,WINTER_DYNAMIC_AMBIENT_TEMPERATURE_RATING_APPLIED,DIRECT_PDIRD_WINTER_NOMINAL_CURRENT_APPLIED,CHANGED
lines,LINE:000915,parameter_source,"E-REDES PDIRD-E 2020 Annex B, 31-12-2025 planning table",https://www.e-redes.pt/sites/eredes/files/2022-07/PDIRD-E%202020%20proposta%20final.pdf,CHANGED
lines,LINE:000915,max_i_status,DIRECT_PDIRD_MINIMUM_SUMMER_NOMINAL_CURRENT,DIRECT_PDIRD_MINIMUM_WINTER_NOMINAL_CURRENT,CHANGED
lines,LINE:000915,max_i_ka,0.6842499999999999,0.816,CHANGED
lines,LINE:000915,seasonal_rating_status,WINTER_DYNAMIC_AMBIENT_TEMPERATURE_RATING_APPLIED,DIRECT_PDIRD_WINTER_NOMINAL_CURRENT_APPLIED,CHANGED
lines,LINE:000920,parameter_source,"E-REDES PDIRD-E 2020 Annex B, 31-12-2025 planning table",https://www.e-redes.pt/sites/eredes/files/2022-07/PDIRD-E%202020%20proposta%20final.pdf,CHANGED
lines,LINE:000920,max_i_status,DIRECT_PDIRD_MINIMUM_SUMMER_NOMINAL_CURRENT,DIRECT_PDIRD_MINIMUM_WINTER_NOMINAL_CURRENT,CHANGED
lines,LINE:000920,max_i_ka,0.6014499999999999,0.686,CHANGED
lines,LINE:000920,seasonal_rating_status,WINTER_DYNAMIC_AMBIENT_TEMPERATURE_RATING_APPLIED,DIRECT_PDIRD_WINTER_NOMINAL_CURRENT_APPLIED,CHANGED
lines,LINE:000923,parameter_source,"E-REDES PDIRD-E 2020 Annex B, 31-12-2025 planning table",https://www.e-redes.pt/sites/eredes/files/2022-07/PDIRD-E%202020%20proposta%20final.pdf,CHANGED
lines,LINE:000923,max_i_status,DIRECT_PDIRD_MINIMUM_SUMMER_NOMINAL_CURRENT,DIRECT_PDIRD_MINIMUM_WINTER_NOMINAL_CURRENT,CHANGED
lines,LINE:000923,max_i_ka,0.30015,0.362,CHANGED
lines,LINE:000923,seasonal_rating_status,WINTER_DYNAMIC_AMBIENT_TEMPERATURE_RATING_APPLIED,DIRECT_PDIRD_WINTER_NOMINAL_CURRENT_APPLIED,CHANGED
lines,LINE:000925,parameter_source,"E-REDES PDIRD-E 2020 Annex B, 31-12-2025 planning table",https://www.e-redes.pt/sites/eredes/files/2022-07/PDIRD-E%202020%20proposta%20final.pdf,CHANGED
lines,LINE:000925,max_i_status,DIRECT_PDIRD_MINIMUM_SUMMER_NOMINAL_CURRENT,DIRECT_PDIRD_MINIMUM_WINTER_NOMINAL_CURRENT,CHANGED
lines,LINE:000925,max_i_ka,0.6014499999999999,0.686,CHANGED
lines,LINE:000925,seasonal_rating_status,WINTER_DYNAMIC_AMBIENT_TEMPERATURE_RATING_APPLIED,DIRECT_PDIRD_WINTER_NOMINAL_CURRENT_APPLIED,CHANGED
lines,LINE:000938,parameter_source,"E-REDES PDIRD-E 2020 Annex B, 31-12-2025 planning table",https://www.e-redes.pt/sites/eredes/files/2022-07/PDIRD-E%202020%20proposta%20final.pdf,CHANGED
lines,LINE:000938,max_i_status,DIRECT_PDIRD_MINIMUM_SUMMER_NOMINAL_CURRENT,DIRECT_PDIRD_MINIMUM_WINTER_NOMINAL_CURRENT,CHANGED
lines,LINE:000938,max_i_ka,0.37834999999999996,0.46,CHANGED
lines,LINE:000938,seasonal_rating_status,WINTER_DYNAMIC_AMBIENT_TEMPERATURE_RATING_APPLIED,DIRECT_PDIRD_WINTER_NOMINAL_CURRENT_APPLIED,CHANGED
lines,LINE:000946,parameter_source,"E-REDES PDIRD-E 2020 Annex B, 31-12-2025 planning table",https://www.e-redes.pt/sites/eredes/files/2022-07/PDIRD-E%202020%20proposta%20final.pdf,CHANGED
lines,LINE:000946,max_i_status,DIRECT_PDIRD_MINIMUM_SUMMER_NOMINAL_CURRENT,DIRECT_PDIRD_MINIMUM_WINTER_NOMINAL_CURRENT,CHANGED
lines,LINE:000946,max_i_ka,0.37834999999999996,0.46,CHANGED
lines,LINE:000946,seasonal_rating_status,WINTER_DYNAMIC_AMBIENT_TEMPERATURE_RATING_APPLIED,DIRECT_PDIRD_WINTER_NOMINAL_CURRENT_APPLIED,CHANGED
lines,LINE:000947,parameter_source,"E-REDES PDIRD-E 2020 Annex B, 31-12-2025 planning table",https://www.e-redes.pt/sites/eredes/files/2022-07/PDIRD-E%202020%20proposta%20final.pdf,CHANGED
lines,LINE:000947,max_i_status,DIRECT_PDIRD_MINIMUM_SUMMER_NOMINAL_CURRENT,DIRECT_PDIRD_MINIMUM_WINTER_NOMINAL_CURRENT,CHANGED
lines,LINE:000947,max_i_ka,0.6969,0.686,CHANGED
lines,LINE:000947,seasonal_rating_status,WINTER_DYNAMIC_AMBIENT_TEMPERATURE_RATING_APPLIED,DIRECT_PDIRD_WINTER_NOMINAL_CURRENT_APPLIED,CHANGED
lines,LINE:000948,parameter_source,"E-REDES PDIRD-E 2020 Annex B, 31-12-2025 planning table",https://www.e-redes.pt/sites/eredes/files/2022-07/PDIRD-E%202020%20proposta%20final.pdf,CHANGED
lines,LINE:000948,max_i_status,DIRECT_PDIRD_MINIMUM_SUMMER_NOMINAL_CURRENT,DIRECT_PDIRD_MINIMUM_WINTER_NOMINAL_CURRENT,CHANGED
lines,LINE:000948,max_i_ka,0.6969,0.686,CHANGED
lines,LINE:000948,seasonal_rating_status,WINTER_DYNAMIC_AMBIENT_TEMPERATURE_RATING_APPLIED,DIRECT_PDIRD_WINTER_NOMINAL_CURRENT_APPLIED,CHANGED
lines,LINE:000949,parameter_source,"E-REDES PDIRD-E 2020 Annex B, 31-12-2025 planning table",https://www.e-redes.pt/sites/eredes/files/2022-07/PDIRD-E%202020%20proposta%20final.pdf,CHANGED
lines,LINE:000949,max_i_status,DIRECT_PDIRD_MINIMUM_SUMMER_NOMINAL_CURRENT,DIRECT_PDIRD_MINIMUM_WINTER_NOMINAL_CURRENT,CHANGED
lines,LINE:000949,max_i_ka,0.6969,0.686,CHANGED
lines,LINE:000949,seasonal_rating_status,WINTER_DYNAMIC_AMBIENT_TEMPERATURE_RATING_APPLIED,DIRECT_PDIRD_WINTER_NOMINAL_CURRENT_APPLIED,CHANGED
lines,LINE:000950,parameter_source,"E-REDES PDIRD-E 2020 Annex B, 31-12-2025 planning table",https://www.e-redes.pt/sites/eredes/files/2022-07/PDIRD-E%202020%20proposta%20final.pdf,CHANGED
lines,LINE:000950,max_i_status,DIRECT_PDIRD_MINIMUM_SUMMER_NOMINAL_CURRENT,DIRECT_PDIRD_MINIMUM_WINTER_NOMINAL_CURRENT,CHANGED
lines,LINE:000950,max_i_ka,0.6969,0.686,CHANGED
lines,LINE:000950,seasonal_rating_status,WINTER_DYNAMIC_AMBIENT_TEMPERATURE_RATING_APPLIED,DIRECT_PDIRD_WINTER_NOMINAL_CURRENT_APPLIED,CHANGED
lines,LINE:000951,parameter_source,"E-REDES PDIRD-E 2020 Annex B, 31-12-2025 planning table",https://www.e-redes.pt/sites/eredes/files/2022-07/PDIRD-E%202020%20proposta%20final.pdf,CHANGED
lines,LINE:000951,max_i_status,DIRECT_PDIRD_MINIMUM_SUMMER_NOMINAL_CURRENT,DIRECT_PDIRD_MINIMUM_WINTER_NOMINAL_CURRENT,CHANGED
lines,LINE:000951,max_i_ka,0.6969,0.686,CHANGED
lines,LINE:000951,seasonal_rating_status,WINTER_DYNAMIC_AMBIENT_TEMPERATURE_RATING_APPLIED,DIRECT_PDIRD_WINTER_NOMINAL_CURRENT_APPLIED,CHANGED
lines,LINE:000955,parameter_source,"E-REDES PDIRD-E 2020 Annex B, 31-12-2025 planning table",https://www.e-redes.pt/sites/eredes/files/2022-07/PDIRD-E%202020%20proposta%20final.pdf,CHANGED
lines,LINE:000955,max_i_status,DIRECT_PDIRD_MINIMUM_SUMMER_NOMINAL_CURRENT,DIRECT_PDIRD_MINIMUM_WINTER_NOMINAL_CURRENT,CHANGED
lines,LINE:000955,max_i_ka,1.3938,1.372,CHANGED
lines,LINE:000955,seasonal_rating_status,WINTER_DYNAMIC_AMBIENT_TEMPERATURE_RATING_APPLIED,DIRECT_PDIRD_WINTER_NOMINAL_CURRENT_APPLIED,CHANGED
lines,LINE:000957,parameter_source,"E-REDES PDIRD-E 2020 Annex B, 31-12-2025 planning table",https://www.e-redes.pt/sites/eredes/files/2022-07/PDIRD-E%202020%20proposta%20final.pdf,CHANGED
lines,LINE:000957,max_i_status,DIRECT_PDIRD_MINIMUM_SUMMER_NOMINAL_CURRENT,DIRECT_PDIRD_MINIMUM_WINTER_NOMINAL_CURRENT,CHANGED
lines,LINE:000957,max_i_ka,0.6969,0.686,CHANGED
lines,LINE:000957,seasonal_rating_status,WINTER_DYNAMIC_AMBIENT_TEMPERATURE_RATING_APPLIED,DIRECT_PDIRD_WINTER_NOMINAL_CURRENT_APPLIED,CHANGED
lines,LINE:000967,parameter_source,"E-REDES PDIRD-E 2020 Annex B, 31-12-2025 planning table",https://www.e-redes.pt/sites/eredes/files/2022-07/PDIRD-E%202020%20proposta%20final.pdf,CHANGED
lines,LINE:000967,max_i_status,DIRECT_PDIRD_MINIMUM_SUMMER_NOMINAL_CURRENT,DIRECT_PDIRD_MINIMUM_WINTER_NOMINAL_CURRENT,CHANGED
lines,LINE:000967,max_i_ka,0.4416,0.544,CHANGED
lines,LINE:000967,seasonal_rating_status,WINTER_DYNAMIC_AMBIENT_TEMPERATURE_RATING_APPLIED,DIRECT_PDIRD_WINTER_NOMINAL_CURRENT_APPLIED,CHANGED
lines,LINE:000974,parameter_source,"E-REDES PDIRD-E 2020 Annex B, 31-12-2025 planning table",https://www.e-redes.pt/sites/eredes/files/2022-07/PDIRD-E%202020%20proposta%20final.pdf,CHANGED
lines,LINE:000974,max_i_status,DIRECT_PDIRD_MINIMUM_SUMMER_NOMINAL_CURRENT,DIRECT_PDIRD_MINIMUM_WINTER_NOMINAL_CURRENT,CHANGED
lines,LINE:000974,max_i_ka,0.4416,0.544,CHANGED
lines,LINE:000974,seasonal_rating_status,WINTER_DYNAMIC_AMBIENT_TEMPERATURE_RATING_APPLIED,DIRECT_PDIRD_WINTER_NOMINAL_CURRENT_APPLIED,CHANGED
lines,LINE:000979,parameter_source,"E-REDES PDIRD-E 2020 Annex B, 31-12-2025 planning table",https://www.e-redes.pt/sites/eredes/files/2022-07/PDIRD-E%202020%20proposta%20final.pdf,CHANGED
lines,LINE:000979,max_i_status,DIRECT_PDIRD_MINIMUM_SUMMER_NOMINAL_CURRENT,DIRECT_PDIRD_MINIMUM_WINTER_NOMINAL_CURRENT,CHANGED
lines,LINE:000979,max_i_ka,0.68885,0.74,CHANGED
lines,LINE:000979,seasonal_rating_status,WINTER_DYNAMIC_AMBIENT_TEMPERATURE_RATING_APPLIED,DIRECT_PDIRD_WINTER_NOMINAL_CURRENT_APPLIED,CHANGED
lines,LINE:000980,parameter_source,"E-REDES PDIRD-E 2020 Annex B, 31-12-2025 planning table",https://www.e-redes.pt/sites/eredes/files/2022-07/PDIRD-E%202020%20proposta%20final.pdf,CHANGED
lines,LINE:000980,max_i_status,DIRECT_PDIRD_MINIMUM_SUMMER_NOMINAL_CURRENT,DIRECT_PDIRD_MINIMUM_WINTER_NOMINAL_CURRENT,CHANGED
lines,LINE:000980,max_i_ka,0.68885,0.74,CHANGED
lines,LINE:000980,seasonal_rating_status,WINTER_DYNAMIC_AMBIENT_TEMPERATURE_RATING_APPLIED,DIRECT_PDIRD_WINTER_NOMINAL_CURRENT_APPLIED,CHANGED
lines,LINE:000982,parameter_source,"E-REDES PDIRD-E 2020 Annex B, 31-12-2025 planning table",https://www.e-redes.pt/sites/eredes/files/2022-07/PDIRD-E%202020%20proposta%20final.pdf,CHANGED
lines,LINE:000982,max_i_status,DIRECT_PDIRD_MINIMUM_SUMMER_NOMINAL_CURRENT,DIRECT_PDIRD_MINIMUM_WINTER_NOMINAL_CURRENT,CHANGED
lines,LINE:000982,max_i_ka,0.68885,0.74,CHANGED
lines,LINE:000982,seasonal_rating_status,WINTER_DYNAMIC_AMBIENT_TEMPERATURE_RATING_APPLIED,DIRECT_PDIRD_WINTER_NOMINAL_CURRENT_APPLIED,CHANGED
lines,LINE:000985,parameter_source,"E-REDES PDIRD-E 2020 Annex B, 31-12-2025 planning table",https://www.e-redes.pt/sites/eredes/files/2022-07/PDIRD-E%202020%20proposta%20final.pdf,CHANGED
lines,LINE:000985,max_i_status,DIRECT_PDIRD_MINIMUM_SUMMER_NOMINAL_CURRENT,DIRECT_PDIRD_MINIMUM_WINTER_NOMINAL_CURRENT,CHANGED
lines,LINE:000985,max_i_ka,0.68885,0.74,CHANGED
lines,LINE:000985,seasonal_rating_status,WINTER_DYNAMIC_AMBIENT_TEMPERATURE_RATING_APPLIED,DIRECT_PDIRD_WINTER_NOMINAL_CURRENT_APPLIED,CHANGED
lines,LINE:000990,parameter_source,"E-REDES PDIRD-E 2020 Annex B, 31-12-2025 planning table",https://www.e-redes.pt/sites/eredes/files/2022-07/PDIRD-E%202020%20proposta%20final.pdf,CHANGED
lines,LINE:000990,max_i_status,DIRECT_PDIRD_MINIMUM_SUMMER_NOMINAL_CURRENT,DIRECT_PDIRD_MINIMUM_WINTER_NOMINAL_CURRENT,CHANGED
lines,LINE:000990,max_i_ka,0.6969,0.686,CHANGED
lines,LINE:000990,seasonal_rating_status,WINTER_DYNAMIC_AMBIENT_TEMPERATURE_RATING_APPLIED,DIRECT_PDIRD_WINTER_NOMINAL_CURRENT_APPLIED,CHANGED
lines,LINE:000991,parameter_source,"E-REDES PDIRD-E 2020 Annex B, 31-12-2025 planning table",https://www.e-redes.pt/sites/eredes/files/2022-07/PDIRD-E%202020%20proposta%20final.pdf,CHANGED
lines,LINE:000991,max_i_status,DIRECT_PDIRD_MINIMUM_SUMMER_NOMINAL_CURRENT,DIRECT_PDIRD_MINIMUM_WINTER_NOMINAL_CURRENT,CHANGED
lines,LINE:000991,max_i_ka,0.37834999999999996,0.46,CHANGED
lines,LINE:000991,seasonal_rating_status,WINTER_DYNAMIC_AMBIENT_TEMPERATURE_RATING_APPLIED,DIRECT_PDIRD_WINTER_NOMINAL_CURRENT_APPLIED,CHANGED
lines,LINE:000992,parameter_source,"E-REDES PDIRD-E 2020 Annex B, 31-12-2025 planning table",https://www.e-redes.pt/sites/eredes/files/2022-07/PDIRD-E%202020%20proposta%20final.pdf,CHANGED
lines,LINE:000992,max_i_status,DIRECT_PDIRD_MINIMUM_SUMMER_NOMINAL_CURRENT,DIRECT_PDIRD_MINIMUM_WINTER_NOMINAL_CURRENT,CHANGED
lines,LINE:000992,max_i_ka,0.37834999999999996,0.46,CHANGED
lines,LINE:000992,seasonal_rating_status,WINTER_DYNAMIC_AMBIENT_TEMPERATURE_RATING_APPLIED,DIRECT_PDIRD_WINTER_NOMINAL_CURRENT_APPLIED,CHANGED
lines,LINE:000995,parameter_source,"E-REDES PDIRD-E 2020 Annex B, 31-12-2025 planning table",https://www.e-redes.pt/sites/eredes/files/2022-07/PDIRD-E%202020%20proposta%20final.pdf,CHANGED
lines,LINE:000995,max_i_status,DIRECT_PDIRD_MINIMUM_SUMMER_NOMINAL_CURRENT,DIRECT_PDIRD_MINIMUM_WINTER_NOMINAL_CURRENT,CHANGED
lines,LINE:000995,max_i_ka,0.37834999999999996,0.46,CHANGED
lines,LINE:000995,seasonal_rating_status,WINTER_DYNAMIC_AMBIENT_TEMPERATURE_RATING_APPLIED,DIRECT_PDIRD_WINTER_NOMINAL_CURRENT_APPLIED,CHANGED
lines,LINE:000998,parameter_source,"E-REDES PDIRD-E 2020 Annex B, 31-12-2025 planning table",https://www.e-redes.pt/sites/eredes/files/2022-07/PDIRD-E%202020%20proposta%20final.pdf,CHANGED
lines,LINE:000998,max_i_status,DIRECT_PDIRD_MINIMUM_SUMMER_NOMINAL_CURRENT,DIRECT_PDIRD_MINIMUM_WINTER_NOMINAL_CURRENT,CHANGED
lines,LINE:000998,max_i_ka,0.37834999999999996,0.46,CHANGED
lines,LINE:000998,seasonal_rating_status,WINTER_DYNAMIC_AMBIENT_TEMPERATURE_RATING_APPLIED,DIRECT_PDIRD_WINTER_NOMINAL_CURRENT_APPLIED,CHANGED
lines,LINE:001000,parameter_source,"E-REDES PDIRD-E 2020 Annex B, 31-12-2025 planning table",https://www.e-redes.pt/sites/eredes/files/2022-07/PDIRD-E%202020%20proposta%20final.pdf,CHANGED
lines,LINE:001000,max_i_status,DIRECT_PDIRD_MINIMUM_SUMMER_NOMINAL_CURRENT,DIRECT_PDIRD_MINIMUM_WINTER_NOMINAL_CURRENT,CHANGED
lines,LINE:001000,max_i_ka,0.4416,0.544,CHANGED
lines,LINE:001000,seasonal_rating_status,WINTER_DYNAMIC_AMBIENT_TEMPERATURE_RATING_APPLIED,DIRECT_PDIRD_WINTER_NOMINAL_CURRENT_APPLIED,CHANGED
lines,LINE:001002,parameter_source,"E-REDES PDIRD-E 2020 Annex B, 31-12-2025 planning table",https://www.e-redes.pt/sites/eredes/files/2022-07/PDIRD-E%202020%20proposta%20final.pdf,CHANGED
lines,LINE:001002,max_i_status,DIRECT_PDIRD_MINIMUM_SUMMER_NOMINAL_CURRENT,DIRECT_PDIRD_MINIMUM_WINTER_NOMINAL_CURRENT,CHANGED
lines,LINE:001002,max_i_ka,0.4416,0.544,CHANGED
lines,LINE:001002,seasonal_rating_status,WINTER_DYNAMIC_AMBIENT_TEMPERATURE_RATING_APPLIED,DIRECT_PDIRD_WINTER_NOMINAL_CURRENT_APPLIED,CHANGED
lines,LINE:001004,parameter_source,"E-REDES PDIRD-E 2020 Annex B, 31-12-2025 planning table",https://www.e-redes.pt/sites/eredes/files/2022-07/PDIRD-E%202020%20proposta%20final.pdf,CHANGED
lines,LINE:001004,max_i_status,DIRECT_PDIRD_MINIMUM_SUMMER_NOMINAL_CURRENT,DIRECT_PDIRD_MINIMUM_WINTER_NOMINAL_CURRENT,CHANGED
lines,LINE:001004,max_i_ka,0.37834999999999996,0.46,CHANGED
lines,LINE:001004,seasonal_rating_status,WINTER_DYNAMIC_AMBIENT_TEMPERATURE_RATING_APPLIED,DIRECT_PDIRD_WINTER_NOMINAL_CURRENT_APPLIED,CHANGED
lines,LINE:001005,parameter_source,"E-REDES PDIRD-E 2020 Annex B, 31-12-2025 planning table",https://www.e-redes.pt/sites/eredes/files/2022-07/PDIRD-E%202020%20proposta%20final.pdf,CHANGED
lines,LINE:001005,max_i_status,DIRECT_PDIRD_MINIMUM_SUMMER_NOMINAL_CURRENT,DIRECT_PDIRD_MINIMUM_WINTER_NOMINAL_CURRENT,CHANGED
lines,LINE:001005,max_i_ka,0.37834999999999996,0.46,CHANGED
lines,LINE:001005,seasonal_rating_status,WINTER_DYNAMIC_AMBIENT_TEMPERATURE_RATING_APPLIED,DIRECT_PDIRD_WINTER_NOMINAL_CURRENT_APPLIED,CHANGED
lines,LINE:001006,parameter_source,"E-REDES PDIRD-E 2020 Annex B, 31-12-2025 planning table",https://www.e-redes.pt/sites/eredes/files/2022-07/PDIRD-E%202020%20proposta%20final.pdf,CHANGED
lines,LINE:001006,max_i_status,DIRECT_PDIRD_MINIMUM_SUMMER_NOMINAL_CURRENT,DIRECT_PDIRD_MINIMUM_WINTER_NOMINAL_CURRENT,CHANGED
lines,LINE:001006,max_i_ka,0.37834999999999996,0.46,CHANGED
lines,LINE:001006,seasonal_rating_status,WINTER_DYNAMIC_AMBIENT_TEMPERATURE_RATING_APPLIED,DIRECT_PDIRD_WINTER_NOMINAL_CURRENT_APPLIED,CHANGED
lines,LINE:001010,parameter_source,"E-REDES PDIRD-E 2020 Annex B, 31-12-2025 planning table",https://www.e-redes.pt/sites/eredes/files/2022-07/PDIRD-E%202020%20proposta%20final.pdf,CHANGED
lines,LINE:001010,max_i_status,DIRECT_PDIRD_MINIMUM_SUMMER_NOMINAL_CURRENT,DIRECT_PDIRD_MINIMUM_WINTER_NOMINAL_CURRENT,CHANGED
lines,LINE:001010,max_i_ka,0.68885,0.74,CHANGED
lines,LINE:001010,seasonal_rating_status,WINTER_DYNAMIC_AMBIENT_TEMPERATURE_RATING_APPLIED,DIRECT_PDIRD_WINTER_NOMINAL_CURRENT_APPLIED,CHANGED
lines,LINE:001011,parameter_source,"E-REDES PDIRD-E 2020 Annex B, 31-12-2025 planning table",https://www.e-redes.pt/sites/eredes/files/2022-07/PDIRD-E%202020%20proposta%20final.pdf,CHANGED
lines,LINE:001011,max_i_status,DIRECT_PDIRD_MINIMUM_SUMMER_NOMINAL_CURRENT,DIRECT_PDIRD_MINIMUM_WINTER_NOMINAL_CURRENT,CHANGED
lines,LINE:001011,max_i_ka,0.68885,0.74,CHANGED
lines,LINE:001011,seasonal_rating_status,WINTER_DYNAMIC_AMBIENT_TEMPERATURE_RATING_APPLIED,DIRECT_PDIRD_WINTER_NOMINAL_CURRENT_APPLIED,CHANGED
lines,LINE:001012,parameter_source,"E-REDES PDIRD-E 2020 Annex B, 31-12-2025 planning table",https://www.e-redes.pt/sites/eredes/files/2022-07/PDIRD-E%202020%20proposta%20final.pdf,CHANGED
lines,LINE:001012,max_i_status,DIRECT_PDIRD_MINIMUM_SUMMER_NOMINAL_CURRENT,DIRECT_PDIRD_MINIMUM_WINTER_NOMINAL_CURRENT,CHANGED
lines,LINE:001012,max_i_ka,0.68885,0.74,CHANGED
lines,LINE:001012,seasonal_rating_status,WINTER_DYNAMIC_AMBIENT_TEMPERATURE_RATING_APPLIED,DIRECT_PDIRD_WINTER_NOMINAL_CURRENT_APPLIED,CHANGED
lines,LINE:001013,parameter_source,"E-REDES PDIRD-E 2020 Annex B, 31-12-2025 planning table",https://www.e-redes.pt/sites/eredes/files/2022-07/PDIRD-E%202020%20proposta%20final.pdf,CHANGED
lines,LINE:001013,max_i_status,DIRECT_PDIRD_MINIMUM_SUMMER_NOMINAL_CURRENT,DIRECT_PDIRD_MINIMUM_WINTER_NOMINAL_CURRENT,CHANGED
lines,LINE:001013,max_i_ka,0.68885,0.74,CHANGED
lines,LINE:001013,seasonal_rating_status,WINTER_DYNAMIC_AMBIENT_TEMPERATURE_RATING_APPLIED,DIRECT_PDIRD_WINTER_NOMINAL_CURRENT_APPLIED,CHANGED
lines,LINE:001015,parameter_source,"E-REDES PDIRD-E 2020 Annex B, 31-12-2025 planning table",https://www.e-redes.pt/sites/eredes/files/2022-07/PDIRD-E%202020%20proposta%20final.pdf,CHANGED
lines,LINE:001015,max_i_status,DIRECT_PDIRD_MINIMUM_SUMMER_NOMINAL_CURRENT,DIRECT_PDIRD_MINIMUM_WINTER_NOMINAL_CURRENT,CHANGED
lines,LINE:001015,max_i_ka,0.68885,0.74,CHANGED
lines,LINE:001015,seasonal_rating_status,WINTER_DYNAMIC_AMBIENT_TEMPERATURE_RATING_APPLIED,DIRECT_PDIRD_WINTER_NOMINAL_CURRENT_APPLIED,CHANGED
lines,LINE:001017,parameter_source,"E-REDES PDIRD-E 2020 Annex B, 31-12-2025 planning table",https://www.e-redes.pt/sites/eredes/files/2022-07/PDIRD-E%202020%20proposta%20final.pdf,CHANGED
lines,LINE:001017,max_i_status,DIRECT_PDIRD_MINIMUM_SUMMER_NOMINAL_CURRENT,DIRECT_PDIRD_MINIMUM_WINTER_NOMINAL_CURRENT,CHANGED
lines,LINE:001017,max_i_ka,0.68885,0.74,CHANGED
lines,LINE:001017,seasonal_rating_status,WINTER_DYNAMIC_AMBIENT_TEMPERATURE_RATING_APPLIED,DIRECT_PDIRD_WINTER_NOMINAL_CURRENT_APPLIED,CHANGED
lines,LINE:001018,parameter_source,"E-REDES PDIRD-E 2020 Annex B, 31-12-2025 planning table",https://www.e-redes.pt/sites/eredes/files/2022-07/PDIRD-E%202020%20proposta%20final.pdf,CHANGED
lines,LINE:001018,max_i_status,DIRECT_PDIRD_MINIMUM_SUMMER_NOMINAL_CURRENT,DIRECT_PDIRD_MINIMUM_WINTER_NOMINAL_CURRENT,CHANGED
lines,LINE:001018,max_i_ka,0.7244999999999999,0.77,CHANGED
lines,LINE:001018,seasonal_rating_status,WINTER_DYNAMIC_AMBIENT_TEMPERATURE_RATING_APPLIED,DIRECT_PDIRD_WINTER_NOMINAL_CURRENT_APPLIED,CHANGED
lines,LINE:001021,parameter_source,"E-REDES PDIRD-E 2020 Annex B, 31-12-2025 planning table",https://www.e-redes.pt/sites/eredes/files/2022-07/PDIRD-E%202020%20proposta%20final.pdf,CHANGED
lines,LINE:001021,max_i_status,DIRECT_PDIRD_MINIMUM_SUMMER_NOMINAL_CURRENT,DIRECT_PDIRD_MINIMUM_WINTER_NOMINAL_CURRENT,CHANGED
lines,LINE:001021,max_i_ka,0.7244999999999999,0.77,CHANGED
lines,LINE:001021,seasonal_rating_status,WINTER_DYNAMIC_AMBIENT_TEMPERATURE_RATING_APPLIED,DIRECT_PDIRD_WINTER_NOMINAL_CURRENT_APPLIED,CHANGED
lines,LINE:001022,parameter_source,"E-REDES PDIRD-E 2020 Annex B, 31-12-2025 planning table",https://www.e-redes.pt/sites/eredes/files/2022-07/PDIRD-E%202020%20proposta%20final.pdf,CHANGED
lines,LINE:001022,max_i_status,DIRECT_PDIRD_MINIMUM_SUMMER_NOMINAL_CURRENT,DIRECT_PDIRD_MINIMUM_WINTER_NOMINAL_CURRENT,CHANGED
lines,LINE:001022,max_i_ka,0.7244999999999999,0.77,CHANGED
lines,LINE:001022,seasonal_rating_status,WINTER_DYNAMIC_AMBIENT_TEMPERATURE_RATING_APPLIED,DIRECT_PDIRD_WINTER_NOMINAL_CURRENT_APPLIED,CHANGED
lines,LINE:001023,parameter_source,"E-REDES PDIRD-E 2020 Annex B, 31-12-2025 planning table",https://www.e-redes.pt/sites/eredes/files/2022-07/PDIRD-E%202020%20proposta%20final.pdf,CHANGED
lines,LINE:001023,max_i_status,DIRECT_PDIRD_MINIMUM_SUMMER_NOMINAL_CURRENT,DIRECT_PDIRD_MINIMUM_WINTER_NOMINAL_CURRENT,CHANGED
lines,LINE:001023,max_i_ka,0.7244999999999999,0.77,CHANGED
lines,LINE:001023,seasonal_rating_status,WINTER_DYNAMIC_AMBIENT_TEMPERATURE_RATING_APPLIED,DIRECT_PDIRD_WINTER_NOMINAL_CURRENT_APPLIED,CHANGED
lines,LINE:001024,parameter_source,"E-REDES PDIRD-E 2020 Annex B, 31-12-2025 planning table",https://www.e-redes.pt/sites/eredes/files/2022-07/PDIRD-E%202020%20proposta%20final.pdf,CHANGED
lines,LINE:001024,max_i_status,DIRECT_PDIRD_MINIMUM_SUMMER_NOMINAL_CURRENT,DIRECT_PDIRD_MINIMUM_WINTER_NOMINAL_CURRENT,CHANGED
lines,LINE:001024,max_i_ka,0.7244999999999999,0.77,CHANGED
lines,LINE:001024,seasonal_rating_status,WINTER_DYNAMIC_AMBIENT_TEMPERATURE_RATING_APPLIED,DIRECT_PDIRD_WINTER_NOMINAL_CURRENT_APPLIED,CHANGED
lines,LINE:001025,parameter_source,"E-REDES PDIRD-E 2020 Annex B, 31-12-2025 planning table",https://www.e-redes.pt/sites/eredes/files/2022-07/PDIRD-E%202020%20proposta%20final.pdf,CHANGED
lines,LINE:001025,max_i_status,DIRECT_PDIRD_MINIMUM_SUMMER_NOMINAL_CURRENT,DIRECT_PDIRD_MINIMUM_WINTER_NOMINAL_CURRENT,CHANGED
lines,LINE:001025,max_i_ka,0.68885,0.74,CHANGED
lines,LINE:001025,seasonal_rating_status,WINTER_DYNAMIC_AMBIENT_TEMPERATURE_RATING_APPLIED,DIRECT_PDIRD_WINTER_NOMINAL_CURRENT_APPLIED,CHANGED
lines,LINE:001043,parameter_source,"E-REDES PDIRD-E 2020 Annex B, 31-12-2025 planning table",https://www.e-redes.pt/sites/eredes/files/2022-07/PDIRD-E%202020%20proposta%20final.pdf,CHANGED
lines,LINE:001043,max_i_status,DIRECT_PDIRD_MINIMUM_SUMMER_NOMINAL_CURRENT,DIRECT_PDIRD_MINIMUM_WINTER_NOMINAL_CURRENT,CHANGED
lines,LINE:001043,max_i_ka,0.9223,0.902,CHANGED
lines,LINE:001043,seasonal_rating_status,WINTER_DYNAMIC_AMBIENT_TEMPERATURE_RATING_APPLIED,DIRECT_PDIRD_WINTER_NOMINAL_CURRENT_APPLIED,CHANGED
lines,LINE:001045,parameter_source,"E-REDES PDIRD-E 2020 Annex B, 31-12-2025 planning table",https://www.e-redes.pt/sites/eredes/files/2022-07/PDIRD-E%202020%20proposta%20final.pdf,CHANGED
lines,LINE:001045,max_i_status,DIRECT_PDIRD_MINIMUM_SUMMER_NOMINAL_CURRENT,DIRECT_PDIRD_MINIMUM_WINTER_NOMINAL_CURRENT,CHANGED
lines,LINE:001045,max_i_ka,0.4416,0.544,CHANGED
lines,LINE:001045,seasonal_rating_status,WINTER_DYNAMIC_AMBIENT_TEMPERATURE_RATING_APPLIED,DIRECT_PDIRD_WINTER_NOMINAL_CURRENT_APPLIED,CHANGED
lines,LINE:001047,parameter_source,"E-REDES PDIRD-E 2020 Annex B, 31-12-2025 planning table",https://www.e-redes.pt/sites/eredes/files/2022-07/PDIRD-E%202020%20proposta%20final.pdf,CHANGED
lines,LINE:001047,max_i_status,DIRECT_PDIRD_MINIMUM_SUMMER_NOMINAL_CURRENT,DIRECT_PDIRD_MINIMUM_WINTER_NOMINAL_CURRENT,CHANGED
lines,LINE:001047,max_i_ka,0.4416,0.544,CHANGED
lines,LINE:001047,seasonal_rating_status,WINTER_DYNAMIC_AMBIENT_TEMPERATURE_RATING_APPLIED,DIRECT_PDIRD_WINTER_NOMINAL_CURRENT_APPLIED,CHANGED
lines,LINE:001058,parameter_source,"E-REDES PDIRD-E 2020 Annex B, 31-12-2025 planning table",https://www.e-redes.pt/sites/eredes/files/2022-07/PDIRD-E%202020%20proposta%20final.pdf,CHANGED
lines,LINE:001058,max_i_status,DIRECT_PDIRD_MINIMUM_SUMMER_NOMINAL_CURRENT,DIRECT_PDIRD_MINIMUM_WINTER_NOMINAL_CURRENT,CHANGED
lines,LINE:001058,max_i_ka,0.88435,1.089,CHANGED
lines,LINE:001058,seasonal_rating_status,WINTER_DYNAMIC_AMBIENT_TEMPERATURE_RATING_APPLIED,DIRECT_PDIRD_WINTER_NOMINAL_CURRENT_APPLIED,CHANGED
lines,LINE:001063,parameter_source,"E-REDES PDIRD-E 2020 Annex B, 31-12-2025 planning table",https://www.e-redes.pt/sites/eredes/files/2022-07/PDIRD-E%202020%20proposta%20final.pdf,CHANGED
lines,LINE:001063,max_i_status,DIRECT_PDIRD_MINIMUM_SUMMER_NOMINAL_CURRENT,DIRECT_PDIRD_MINIMUM_WINTER_NOMINAL_CURRENT,CHANGED
lines,LINE:001063,max_i_ka,0.46115,0.451,CHANGED
lines,LINE:001063,seasonal_rating_status,WINTER_DYNAMIC_AMBIENT_TEMPERATURE_RATING_APPLIED,DIRECT_PDIRD_WINTER_NOMINAL_CURRENT_APPLIED,CHANGED
lines,LINE:001083,parameter_source,"E-REDES PDIRD-E 2020 Annex B, 31-12-2025 planning table",https://www.e-redes.pt/sites/eredes/files/2022-07/PDIRD-E%202020%20proposta%20final.pdf,CHANGED
lines,LINE:001083,max_i_status,DIRECT_PDIRD_MINIMUM_SUMMER_NOMINAL_CURRENT,DIRECT_PDIRD_MINIMUM_WINTER_NOMINAL_CURRENT,CHANGED
lines,LINE:001083,max_i_ka,0.6969,0.686,CHANGED
lines,LINE:001083,seasonal_rating_status,WINTER_DYNAMIC_AMBIENT_TEMPERATURE_RATING_APPLIED,DIRECT_PDIRD_WINTER_NOMINAL_CURRENT_APPLIED,CHANGED
lines,LINE:001088,parameter_source,"E-REDES PDIRD-E 2020 Annex B, 31-12-2025 planning table",https://www.e-redes.pt/sites/eredes/files/2022-07/PDIRD-E%202020%20proposta%20final.pdf,CHANGED
lines,LINE:001088,max_i_status,DIRECT_PDIRD_MINIMUM_SUMMER_NOMINAL_CURRENT,DIRECT_PDIRD_MINIMUM_WINTER_NOMINAL_CURRENT,CHANGED
lines,LINE:001088,max_i_ka,0.37374999999999997,0.386,CHANGED
lines,LINE:001088,seasonal_rating_status,WINTER_DYNAMIC_AMBIENT_TEMPERATURE_RATING_APPLIED,DIRECT_PDIRD_WINTER_NOMINAL_CURRENT_APPLIED,CHANGED
lines,LINE:001089,parameter_source,"E-REDES PDIRD-E 2020 Annex B, 31-12-2025 planning table",https://www.e-redes.pt/sites/eredes/files/2022-07/PDIRD-E%202020%20proposta%20final.pdf,CHANGED
lines,LINE:001089,max_i_status,DIRECT_PDIRD_MINIMUM_SUMMER_NOMINAL_CURRENT,DIRECT_PDIRD_MINIMUM_WINTER_NOMINAL_CURRENT,CHANGED
lines,LINE:001089,max_i_ka,0.37374999999999997,0.386,CHANGED
lines,LINE:001089,seasonal_rating_status,WINTER_DYNAMIC_AMBIENT_TEMPERATURE_RATING_APPLIED,DIRECT_PDIRD_WINTER_NOMINAL_CURRENT_APPLIED,CHANGED
lines,LINE:001090,parameter_source,"E-REDES PDIRD-E 2020 Annex B, 31-12-2025 planning table",https://www.e-redes.pt/sites/eredes/files/2022-07/PDIRD-E%202020%20proposta%20final.pdf,CHANGED
lines,LINE:001090,max_i_status,DIRECT_PDIRD_MINIMUM_SUMMER_NOMINAL_CURRENT,DIRECT_PDIRD_MINIMUM_WINTER_NOMINAL_CURRENT,CHANGED
lines,LINE:001090,max_i_ka,0.6969,0.686,CHANGED
lines,LINE:001090,seasonal_rating_status,WINTER_DYNAMIC_AMBIENT_TEMPERATURE_RATING_APPLIED,DIRECT_PDIRD_WINTER_NOMINAL_CURRENT_APPLIED,CHANGED
lines,LINE:001091,parameter_source,"E-REDES PDIRD-E 2020 Annex B, 31-12-2025 planning table",https://www.e-redes.pt/sites/eredes/files/2022-07/PDIRD-E%202020%20proposta%20final.pdf,CHANGED
lines,LINE:001091,max_i_status,DIRECT_PDIRD_MINIMUM_SUMMER_NOMINAL_CURRENT,DIRECT_PDIRD_MINIMUM_WINTER_NOMINAL_CURRENT,CHANGED
lines,LINE:001091,max_i_ka,0.32085,0.387,CHANGED
lines,LINE:001091,seasonal_rating_status,WINTER_DYNAMIC_AMBIENT_TEMPERATURE_RATING_APPLIED,DIRECT_PDIRD_WINTER_NOMINAL_CURRENT_APPLIED,CHANGED
lines,LINE:001092,parameter_source,"E-REDES PDIRD-E 2020 Annex B, 31-12-2025 planning table",https://www.e-redes.pt/sites/eredes/files/2022-07/PDIRD-E%202020%20proposta%20final.pdf,CHANGED
lines,LINE:001092,max_i_status,DIRECT_PDIRD_MINIMUM_SUMMER_NOMINAL_CURRENT,DIRECT_PDIRD_MINIMUM_WINTER_NOMINAL_CURRENT,CHANGED
lines,LINE:001092,max_i_ka,0.32085,0.387,CHANGED
lines,LINE:001092,seasonal_rating_status,WINTER_DYNAMIC_AMBIENT_TEMPERATURE_RATING_APPLIED,DIRECT_PDIRD_WINTER_NOMINAL_CURRENT_APPLIED,CHANGED
lines,LINE:001095,parameter_source,"E-REDES PDIRD-E 2020 Annex B, 31-12-2025 planning table",https://www.e-redes.pt/sites/eredes/files/2022-07/PDIRD-E%202020%20proposta%20final.pdf,CHANGED
lines,LINE:001095,max_i_status,DIRECT_PDIRD_MINIMUM_SUMMER_NOMINAL_CURRENT,DIRECT_PDIRD_MINIMUM_WINTER_NOMINAL_CURRENT,CHANGED
lines,LINE:001095,max_i_ka,0.32085,0.387,CHANGED
lines,LINE:001095,seasonal_rating_status,WINTER_DYNAMIC_AMBIENT_TEMPERATURE_RATING_APPLIED,DIRECT_PDIRD_WINTER_NOMINAL_CURRENT_APPLIED,CHANGED
lines,LINE:001097,parameter_source,"E-REDES PDIRD-E 2020 Annex B, 31-12-2025 planning table",https://www.e-redes.pt/sites/eredes/files/2022-07/PDIRD-E%202020%20proposta%20final.pdf,CHANGED
lines,LINE:001097,max_i_status,DIRECT_PDIRD_MINIMUM_SUMMER_NOMINAL_CURRENT,DIRECT_PDIRD_MINIMUM_WINTER_NOMINAL_CURRENT,CHANGED
lines,LINE:001097,max_i_ka,0.32085,0.387,CHANGED
lines,LINE:001097,seasonal_rating_status,WINTER_DYNAMIC_AMBIENT_TEMPERATURE_RATING_APPLIED,DIRECT_PDIRD_WINTER_NOMINAL_CURRENT_APPLIED,CHANGED
lines,LINE:001104,parameter_source,"E-REDES PDIRD-E 2020 Annex B, 31-12-2025 planning table",https://www.e-redes.pt/sites/eredes/files/2022-07/PDIRD-E%202020%20proposta%20final.pdf,CHANGED
lines,LINE:001104,max_i_status,DIRECT_PDIRD_MINIMUM_SUMMER_NOMINAL_CURRENT,DIRECT_PDIRD_MINIMUM_WINTER_NOMINAL_CURRENT,CHANGED
lines,LINE:001104,max_i_ka,0.32085,0.387,CHANGED
lines,LINE:001104,seasonal_rating_status,WINTER_DYNAMIC_AMBIENT_TEMPERATURE_RATING_APPLIED,DIRECT_PDIRD_WINTER_NOMINAL_CURRENT_APPLIED,CHANGED
lines,LINE:001106,parameter_source,"E-REDES PDIRD-E 2020 Annex B, 31-12-2025 planning table",https://www.e-redes.pt/sites/eredes/files/2022-07/PDIRD-E%202020%20proposta%20final.pdf,CHANGED
lines,LINE:001106,max_i_status,DIRECT_PDIRD_MINIMUM_SUMMER_NOMINAL_CURRENT,DIRECT_PDIRD_MINIMUM_WINTER_NOMINAL_CURRENT,CHANGED
lines,LINE:001106,max_i_ka,0.32085,0.387,CHANGED
lines,LINE:001106,seasonal_rating_status,WINTER_DYNAMIC_AMBIENT_TEMPERATURE_RATING_APPLIED,DIRECT_PDIRD_WINTER_NOMINAL_CURRENT_APPLIED,CHANGED
lines,LINE:001107,parameter_source,"E-REDES PDIRD-E 2020 Annex B, 31-12-2025 planning table",https://www.e-redes.pt/sites/eredes/files/2022-07/PDIRD-E%202020%20proposta%20final.pdf,CHANGED
lines,LINE:001107,max_i_status,DIRECT_PDIRD_MINIMUM_SUMMER_NOMINAL_CURRENT,DIRECT_PDIRD_MINIMUM_WINTER_NOMINAL_CURRENT,CHANGED
lines,LINE:001107,max_i_ka,0.32085,0.387,CHANGED
lines,LINE:001107,seasonal_rating_status,WINTER_DYNAMIC_AMBIENT_TEMPERATURE_RATING_APPLIED,DIRECT_PDIRD_WINTER_NOMINAL_CURRENT_APPLIED,CHANGED
lines,LINE:001109,parameter_source,"E-REDES PDIRD-E 2020 Annex B, 31-12-2025 planning table",https://www.e-redes.pt/sites/eredes/files/2022-07/PDIRD-E%202020%20proposta%20final.pdf,CHANGED
lines,LINE:001109,max_i_status,DIRECT_PDIRD_MINIMUM_SUMMER_NOMINAL_CURRENT,DIRECT_PDIRD_MINIMUM_WINTER_NOMINAL_CURRENT,CHANGED
lines,LINE:001109,max_i_ka,0.4416,0.544,CHANGED
lines,LINE:001109,seasonal_rating_status,WINTER_DYNAMIC_AMBIENT_TEMPERATURE_RATING_APPLIED,DIRECT_PDIRD_WINTER_NOMINAL_CURRENT_APPLIED,CHANGED
lines,LINE:001111,parameter_source,"E-REDES PDIRD-E 2020 Annex B, 31-12-2025 planning table",https://www.e-redes.pt/sites/eredes/files/2022-07/PDIRD-E%202020%20proposta%20final.pdf,CHANGED
lines,LINE:001111,max_i_status,DIRECT_PDIRD_MINIMUM_SUMMER_NOMINAL_CURRENT,DIRECT_PDIRD_MINIMUM_WINTER_NOMINAL_CURRENT,CHANGED
lines,LINE:001111,max_i_ka,0.30015,0.362,CHANGED
lines,LINE:001111,seasonal_rating_status,WINTER_DYNAMIC_AMBIENT_TEMPERATURE_RATING_APPLIED,DIRECT_PDIRD_WINTER_NOMINAL_CURRENT_APPLIED,CHANGED
lines,LINE:001115,parameter_source,"E-REDES PDIRD-E 2020 Annex B, 31-12-2025 planning table",https://www.e-redes.pt/sites/eredes/files/2022-07/PDIRD-E%202020%20proposta%20final.pdf,CHANGED
lines,LINE:001115,max_i_status,DIRECT_PDIRD_MINIMUM_SUMMER_NOMINAL_CURRENT,DIRECT_PDIRD_MINIMUM_WINTER_NOMINAL_CURRENT,CHANGED
lines,LINE:001115,max_i_ka,0.6969,0.686,CHANGED
lines,LINE:001115,seasonal_rating_status,WINTER_DYNAMIC_AMBIENT_TEMPERATURE_RATING_APPLIED,DIRECT_PDIRD_WINTER_NOMINAL_CURRENT_APPLIED,CHANGED
lines,LINE:001116,parameter_source,"E-REDES PDIRD-E 2020 Annex B, 31-12-2025 planning table",https://www.e-redes.pt/sites/eredes/files/2022-07/PDIRD-E%202020%20proposta%20final.pdf,CHANGED
lines,LINE:001116,max_i_status,DIRECT_PDIRD_MINIMUM_SUMMER_NOMINAL_CURRENT,DIRECT_PDIRD_MINIMUM_WINTER_NOMINAL_CURRENT,CHANGED
lines,LINE:001116,max_i_ka,0.49334999999999996,0.483,CHANGED
lines,LINE:001116,seasonal_rating_status,WINTER_DYNAMIC_AMBIENT_TEMPERATURE_RATING_APPLIED,DIRECT_PDIRD_WINTER_NOMINAL_CURRENT_APPLIED,CHANGED
lines,LINE:001120,parameter_source,"E-REDES PDIRD-E 2020 Annex B, 31-12-2025 planning table",https://www.e-redes.pt/sites/eredes/files/2022-07/PDIRD-E%202020%20proposta%20final.pdf,CHANGED
lines,LINE:001120,max_i_status,DIRECT_PDIRD_MINIMUM_SUMMER_NOMINAL_CURRENT,DIRECT_PDIRD_MINIMUM_WINTER_NOMINAL_CURRENT,CHANGED
lines,LINE:001120,max_i_ka,0.30015,0.362,CHANGED
lines,LINE:001120,seasonal_rating_status,WINTER_DYNAMIC_AMBIENT_TEMPERATURE_RATING_APPLIED,DIRECT_PDIRD_WINTER_NOMINAL_CURRENT_APPLIED,CHANGED
lines,LINE:001130,parameter_source,"E-REDES PDIRD-E 2020 Annex B, 31-12-2025 planning table",https://www.e-redes.pt/sites/eredes/files/2022-07/PDIRD-E%202020%20proposta%20final.pdf,CHANGED
lines,LINE:001130,max_i_status,DIRECT_PDIRD_MINIMUM_SUMMER_NOMINAL_CURRENT,DIRECT_PDIRD_MINIMUM_WINTER_NOMINAL_CURRENT,CHANGED
lines,LINE:001130,max_i_ka,0.23919999999999997,0.285,CHANGED
lines,LINE:001130,seasonal_rating_status,WINTER_DYNAMIC_AMBIENT_TEMPERATURE_RATING_APPLIED,DIRECT_PDIRD_WINTER_NOMINAL_CURRENT_APPLIED,CHANGED
lines,LINE:001131,parameter_source,"E-REDES PDIRD-E 2020 Annex B, 31-12-2025 planning table",https://www.e-redes.pt/sites/eredes/files/2022-07/PDIRD-E%202020%20proposta%20final.pdf,CHANGED
lines,LINE:001131,max_i_status,DIRECT_PDIRD_MINIMUM_SUMMER_NOMINAL_CURRENT,DIRECT_PDIRD_MINIMUM_WINTER_NOMINAL_CURRENT,CHANGED
lines,LINE:001131,max_i_ka,0.23919999999999997,0.285,CHANGED
lines,LINE:001131,seasonal_rating_status,WINTER_DYNAMIC_AMBIENT_TEMPERATURE_RATING_APPLIED,DIRECT_PDIRD_WINTER_NOMINAL_CURRENT_APPLIED,CHANGED
lines,LINE:001132,parameter_source,"E-REDES PDIRD-E 2020 Annex B, 31-12-2025 planning table",https://www.e-redes.pt/sites/eredes/files/2022-07/PDIRD-E%202020%20proposta%20final.pdf,CHANGED
lines,LINE:001132,max_i_status,DIRECT_PDIRD_MINIMUM_SUMMER_NOMINAL_CURRENT,DIRECT_PDIRD_MINIMUM_WINTER_NOMINAL_CURRENT,CHANGED
lines,LINE:001132,max_i_ka,0.23919999999999997,0.285,CHANGED
lines,LINE:001132,seasonal_rating_status,WINTER_DYNAMIC_AMBIENT_TEMPERATURE_RATING_APPLIED,DIRECT_PDIRD_WINTER_NOMINAL_CURRENT_APPLIED,CHANGED
lines,LINE:001133,parameter_source,"E-REDES PDIRD-E 2020 Annex B, 31-12-2025 planning table",https://www.e-redes.pt/sites/eredes/files/2022-07/PDIRD-E%202020%20proposta%20final.pdf,CHANGED
lines,LINE:001133,max_i_status,DIRECT_PDIRD_MINIMUM_SUMMER_NOMINAL_CURRENT,DIRECT_PDIRD_MINIMUM_WINTER_NOMINAL_CURRENT,CHANGED
lines,LINE:001133,max_i_ka,0.23919999999999997,0.285,CHANGED
lines,LINE:001133,seasonal_rating_status,WINTER_DYNAMIC_AMBIENT_TEMPERATURE_RATING_APPLIED,DIRECT_PDIRD_WINTER_NOMINAL_CURRENT_APPLIED,CHANGED
lines,LINE:001134,parameter_source,"E-REDES PDIRD-E 2020 Annex B, 31-12-2025 planning table",https://www.e-redes.pt/sites/eredes/files/2022-07/PDIRD-E%202020%20proposta%20final.pdf,CHANGED
lines,LINE:001134,max_i_status,DIRECT_PDIRD_MINIMUM_SUMMER_NOMINAL_CURRENT,DIRECT_PDIRD_MINIMUM_WINTER_NOMINAL_CURRENT,CHANGED
lines,LINE:001134,max_i_ka,0.23919999999999997,0.285,CHANGED
lines,LINE:001134,seasonal_rating_status,WINTER_DYNAMIC_AMBIENT_TEMPERATURE_RATING_APPLIED,DIRECT_PDIRD_WINTER_NOMINAL_CURRENT_APPLIED,CHANGED
lines,LINE:001135,parameter_source,"E-REDES PDIRD-E 2020 Annex B, 31-12-2025 planning table",https://www.e-redes.pt/sites/eredes/files/2022-07/PDIRD-E%202020%20proposta%20final.pdf,CHANGED
lines,LINE:001135,max_i_status,DIRECT_PDIRD_MINIMUM_SUMMER_NOMINAL_CURRENT,DIRECT_PDIRD_MINIMUM_WINTER_NOMINAL_CURRENT,CHANGED
lines,LINE:001135,max_i_ka,0.46115,0.451,CHANGED
lines,LINE:001135,seasonal_rating_status,WINTER_DYNAMIC_AMBIENT_TEMPERATURE_RATING_APPLIED,DIRECT_PDIRD_WINTER_NOMINAL_CURRENT_APPLIED,CHANGED
lines,LINE:001140,parameter_source,"E-REDES PDIRD-E 2020 Annex B, 31-12-2025 planning table",https://www.e-redes.pt/sites/eredes/files/2022-07/PDIRD-E%202020%20proposta%20final.pdf,CHANGED
lines,LINE:001140,max_i_status,DIRECT_PDIRD_MINIMUM_SUMMER_NOMINAL_CURRENT,DIRECT_PDIRD_MINIMUM_WINTER_NOMINAL_CURRENT,CHANGED
lines,LINE:001140,max_i_ka,0.30015,0.362,CHANGED
lines,LINE:001140,seasonal_rating_status,WINTER_DYNAMIC_AMBIENT_TEMPERATURE_RATING_APPLIED,DIRECT_PDIRD_WINTER_NOMINAL_CURRENT_APPLIED,CHANGED
lines,LINE:001142,parameter_source,"E-REDES PDIRD-E 2020 Annex B, 31-12-2025 planning table",https://www.e-redes.pt/sites/eredes/files/2022-07/PDIRD-E%202020%20proposta%20final.pdf,CHANGED
lines,LINE:001142,max_i_status,DIRECT_PDIRD_MINIMUM_SUMMER_NOMINAL_CURRENT,DIRECT_PDIRD_MINIMUM_WINTER_NOMINAL_CURRENT,CHANGED
lines,LINE:001142,max_i_ka,1.3938,1.372,CHANGED
lines,LINE:001142,seasonal_rating_status,WINTER_DYNAMIC_AMBIENT_TEMPERATURE_RATING_APPLIED,DIRECT_PDIRD_WINTER_NOMINAL_CURRENT_APPLIED,CHANGED
lines,LINE:001143,parameter_source,"E-REDES PDIRD-E 2020 Annex B, 31-12-2025 planning table",https://www.e-redes.pt/sites/eredes/files/2022-07/PDIRD-E%202020%20proposta%20final.pdf,CHANGED
lines,LINE:001143,max_i_status,DIRECT_PDIRD_MINIMUM_SUMMER_NOMINAL_CURRENT,DIRECT_PDIRD_MINIMUM_WINTER_NOMINAL_CURRENT,CHANGED
lines,LINE:001143,max_i_ka,0.4416,0.544,CHANGED
lines,LINE:001143,seasonal_rating_status,WINTER_DYNAMIC_AMBIENT_TEMPERATURE_RATING_APPLIED,DIRECT_PDIRD_WINTER_NOMINAL_CURRENT_APPLIED,CHANGED
lines,LINE:001150,parameter_source,"E-REDES PDIRD-E 2020 Annex B, 31-12-2025 planning table",https://www.e-redes.pt/sites/eredes/files/2022-07/PDIRD-E%202020%20proposta%20final.pdf,CHANGED
lines,LINE:001150,max_i_status,DIRECT_PDIRD_MINIMUM_SUMMER_NOMINAL_CURRENT,DIRECT_PDIRD_MINIMUM_WINTER_NOMINAL_CURRENT,CHANGED
lines,LINE:001150,max_i_ka,0.4416,0.544,CHANGED
lines,LINE:001150,seasonal_rating_status,WINTER_DYNAMIC_AMBIENT_TEMPERATURE_RATING_APPLIED,DIRECT_PDIRD_WINTER_NOMINAL_CURRENT_APPLIED,CHANGED
lines,LINE:001151,parameter_source,"E-REDES PDIRD-E 2020 Annex B, 31-12-2025 planning table",https://www.e-redes.pt/sites/eredes/files/2022-07/PDIRD-E%202020%20proposta%20final.pdf,CHANGED
lines,LINE:001151,max_i_status,DIRECT_PDIRD_MINIMUM_SUMMER_NOMINAL_CURRENT,DIRECT_PDIRD_MINIMUM_WINTER_NOMINAL_CURRENT,CHANGED
lines,LINE:001151,max_i_ka,0.4416,0.544,CHANGED
lines,LINE:001151,seasonal_rating_status,WINTER_DYNAMIC_AMBIENT_TEMPERATURE_RATING_APPLIED,DIRECT_PDIRD_WINTER_NOMINAL_CURRENT_APPLIED,CHANGED
lines,LINE:001152,parameter_source,"E-REDES PDIRD-E 2020 Annex B, 31-12-2025 planning table",https://www.e-redes.pt/sites/eredes/files/2022-07/PDIRD-E%202020%20proposta%20final.pdf,CHANGED
lines,LINE:001152,max_i_status,DIRECT_PDIRD_MINIMUM_SUMMER_NOMINAL_CURRENT,DIRECT_PDIRD_MINIMUM_WINTER_NOMINAL_CURRENT,CHANGED
lines,LINE:001152,max_i_ka,0.4416,0.544,CHANGED
lines,LINE:001152,seasonal_rating_status,WINTER_DYNAMIC_AMBIENT_TEMPERATURE_RATING_APPLIED,DIRECT_PDIRD_WINTER_NOMINAL_CURRENT_APPLIED,CHANGED
lines,LINE:001159,parameter_source,"E-REDES PDIRD-E 2020 Annex B, 31-12-2025 planning table",https://www.e-redes.pt/sites/eredes/files/2022-07/PDIRD-E%202020%20proposta%20final.pdf,CHANGED
lines,LINE:001159,max_i_status,DIRECT_PDIRD_MINIMUM_SUMMER_NOMINAL_CURRENT,DIRECT_PDIRD_MINIMUM_WINTER_NOMINAL_CURRENT,CHANGED
lines,LINE:001159,max_i_ka,0.4416,0.544,CHANGED
lines,LINE:001159,seasonal_rating_status,WINTER_DYNAMIC_AMBIENT_TEMPERATURE_RATING_APPLIED,DIRECT_PDIRD_WINTER_NOMINAL_CURRENT_APPLIED,CHANGED
lines,LINE:001164,parameter_source,"E-REDES PDIRD-E 2020 Annex B, 31-12-2025 planning table",https://www.e-redes.pt/sites/eredes/files/2022-07/PDIRD-E%202020%20proposta%20final.pdf,CHANGED
lines,LINE:001164,max_i_status,DIRECT_PDIRD_MINIMUM_SUMMER_NOMINAL_CURRENT,DIRECT_PDIRD_MINIMUM_WINTER_NOMINAL_CURRENT,CHANGED
lines,LINE:001164,max_i_ka,0.4416,0.544,CHANGED
lines,LINE:001164,seasonal_rating_status,WINTER_DYNAMIC_AMBIENT_TEMPERATURE_RATING_APPLIED,DIRECT_PDIRD_WINTER_NOMINAL_CURRENT_APPLIED,CHANGED
lines,LINE:001174,parameter_source,"E-REDES PDIRD-E 2020 Annex B, 31-12-2025 planning table",https://www.e-redes.pt/sites/eredes/files/2022-07/PDIRD-E%202020%20proposta%20final.pdf,CHANGED
lines,LINE:001174,max_i_status,DIRECT_PDIRD_MINIMUM_SUMMER_NOMINAL_CURRENT,DIRECT_PDIRD_MINIMUM_WINTER_NOMINAL_CURRENT,CHANGED
lines,LINE:001174,max_i_ka,0.4416,0.544,CHANGED
lines,LINE:001174,seasonal_rating_status,WINTER_DYNAMIC_AMBIENT_TEMPERATURE_RATING_APPLIED,DIRECT_PDIRD_WINTER_NOMINAL_CURRENT_APPLIED,CHANGED
lines,LINE:001175,parameter_source,"E-REDES PDIRD-E 2020 Annex B, 31-12-2025 planning table",https://www.e-redes.pt/sites/eredes/files/2022-07/PDIRD-E%202020%20proposta%20final.pdf,CHANGED
lines,LINE:001175,max_i_status,DIRECT_PDIRD_MINIMUM_SUMMER_NOMINAL_CURRENT,DIRECT_PDIRD_MINIMUM_WINTER_NOMINAL_CURRENT,CHANGED
lines,LINE:001175,max_i_ka,0.9223,0.902,CHANGED
lines,LINE:001175,seasonal_rating_status,WINTER_DYNAMIC_AMBIENT_TEMPERATURE_RATING_APPLIED,DIRECT_PDIRD_WINTER_NOMINAL_CURRENT_APPLIED,CHANGED
lines,LINE:001181,parameter_source,"E-REDES PDIRD-E 2020 Annex B, 31-12-2025 planning table",https://www.e-redes.pt/sites/eredes/files/2022-07/PDIRD-E%202020%20proposta%20final.pdf,CHANGED
lines,LINE:001181,max_i_status,DIRECT_PDIRD_MINIMUM_SUMMER_NOMINAL_CURRENT,DIRECT_PDIRD_MINIMUM_WINTER_NOMINAL_CURRENT,CHANGED
lines,LINE:001181,max_i_ka,0.37834999999999996,0.461,CHANGED
lines,LINE:001181,seasonal_rating_status,WINTER_DYNAMIC_AMBIENT_TEMPERATURE_RATING_APPLIED,DIRECT_PDIRD_WINTER_NOMINAL_CURRENT_APPLIED,CHANGED
lines,LINE:001183,parameter_source,"E-REDES PDIRD-E 2020 Annex B, 31-12-2025 planning table",https://www.e-redes.pt/sites/eredes/files/2022-07/PDIRD-E%202020%20proposta%20final.pdf,CHANGED
lines,LINE:001183,max_i_status,DIRECT_PDIRD_MINIMUM_SUMMER_NOMINAL_CURRENT,DIRECT_PDIRD_MINIMUM_WINTER_NOMINAL_CURRENT,CHANGED
lines,LINE:001183,max_i_ka,0.88435,1.089,CHANGED
lines,LINE:001183,seasonal_rating_status,WINTER_DYNAMIC_AMBIENT_TEMPERATURE_RATING_APPLIED,DIRECT_PDIRD_WINTER_NOMINAL_CURRENT_APPLIED,CHANGED
lines,LINE:001187,parameter_source,"E-REDES PDIRD-E 2020 Annex B, 31-12-2025 planning table",https://www.e-redes.pt/sites/eredes/files/2022-07/PDIRD-E%202020%20proposta%20final.pdf,CHANGED
lines,LINE:001187,max_i_status,DIRECT_PDIRD_MINIMUM_SUMMER_NOMINAL_CURRENT,DIRECT_PDIRD_MINIMUM_WINTER_NOMINAL_CURRENT,CHANGED
lines,LINE:001187,max_i_ka,0.88435,1.089,CHANGED
lines,LINE:001187,seasonal_rating_status,WINTER_DYNAMIC_AMBIENT_TEMPERATURE_RATING_APPLIED,DIRECT_PDIRD_WINTER_NOMINAL_CURRENT_APPLIED,CHANGED
lines,LINE:001188,parameter_source,"E-REDES PDIRD-E 2020 Annex B, 31-12-2025 planning table",https://www.e-redes.pt/sites/eredes/files/2022-07/PDIRD-E%202020%20proposta%20final.pdf,CHANGED
lines,LINE:001188,max_i_status,DIRECT_PDIRD_MINIMUM_SUMMER_NOMINAL_CURRENT,DIRECT_PDIRD_MINIMUM_WINTER_NOMINAL_CURRENT,CHANGED
lines,LINE:001188,max_i_ka,0.88435,1.089,CHANGED
lines,LINE:001188,seasonal_rating_status,WINTER_DYNAMIC_AMBIENT_TEMPERATURE_RATING_APPLIED,DIRECT_PDIRD_WINTER_NOMINAL_CURRENT_APPLIED,CHANGED
lines,LINE:001189,parameter_source,"E-REDES PDIRD-E 2020 Annex B, 31-12-2025 planning table",https://www.e-redes.pt/sites/eredes/files/2022-07/PDIRD-E%202020%20proposta%20final.pdf,CHANGED
lines,LINE:001189,max_i_status,DIRECT_PDIRD_MINIMUM_SUMMER_NOMINAL_CURRENT,DIRECT_PDIRD_MINIMUM_WINTER_NOMINAL_CURRENT,CHANGED
lines,LINE:001189,max_i_ka,0.6014499999999999,0.723,CHANGED
lines,LINE:001189,seasonal_rating_status,WINTER_DYNAMIC_AMBIENT_TEMPERATURE_RATING_APPLIED,DIRECT_PDIRD_WINTER_NOMINAL_CURRENT_APPLIED,CHANGED
lines,LINE:001190,parameter_source,"E-REDES PDIRD-E 2020 Annex B, 31-12-2025 planning table",https://www.e-redes.pt/sites/eredes/files/2022-07/PDIRD-E%202020%20proposta%20final.pdf,CHANGED
lines,LINE:001190,max_i_status,DIRECT_PDIRD_MINIMUM_SUMMER_NOMINAL_CURRENT,DIRECT_PDIRD_MINIMUM_WINTER_NOMINAL_CURRENT,CHANGED
lines,LINE:001190,max_i_ka,0.88435,1.089,CHANGED
lines,LINE:001190,seasonal_rating_status,WINTER_DYNAMIC_AMBIENT_TEMPERATURE_RATING_APPLIED,DIRECT_PDIRD_WINTER_NOMINAL_CURRENT_APPLIED,CHANGED
lines,LINE:001192,parameter_source,"E-REDES PDIRD-E 2020 Annex B, 31-12-2025 planning table",https://www.e-redes.pt/sites/eredes/files/2022-07/PDIRD-E%202020%20proposta%20final.pdf,CHANGED
lines,LINE:001192,max_i_status,DIRECT_PDIRD_MINIMUM_SUMMER_NOMINAL_CURRENT,DIRECT_PDIRD_MINIMUM_WINTER_NOMINAL_CURRENT,CHANGED
lines,LINE:001192,max_i_ka,0.30015,0.362,CHANGED
lines,LINE:001192,seasonal_rating_status,WINTER_DYNAMIC_AMBIENT_TEMPERATURE_RATING_APPLIED,DIRECT_PDIRD_WINTER_NOMINAL_CURRENT_APPLIED,CHANGED
lines,LINE:001194,parameter_source,"E-REDES PDIRD-E 2020 Annex B, 31-12-2025 planning table",https://www.e-redes.pt/sites/eredes/files/2022-07/PDIRD-E%202020%20proposta%20final.pdf,CHANGED
lines,LINE:001194,max_i_status,DIRECT_PDIRD_MINIMUM_SUMMER_NOMINAL_CURRENT,DIRECT_PDIRD_MINIMUM_WINTER_NOMINAL_CURRENT,CHANGED
lines,LINE:001194,max_i_ka,0.88435,1.089,CHANGED
lines,LINE:001194,seasonal_rating_status,WINTER_DYNAMIC_AMBIENT_TEMPERATURE_RATING_APPLIED,DIRECT_PDIRD_WINTER_NOMINAL_CURRENT_APPLIED,CHANGED
lines,LINE:001195,parameter_source,"E-REDES PDIRD-E 2020 Annex B, 31-12-2025 planning table",https://www.e-redes.pt/sites/eredes/files/2022-07/PDIRD-E%202020%20proposta%20final.pdf,CHANGED
lines,LINE:001195,max_i_status,DIRECT_PDIRD_MINIMUM_SUMMER_NOMINAL_CURRENT,DIRECT_PDIRD_MINIMUM_WINTER_NOMINAL_CURRENT,CHANGED
lines,LINE:001195,max_i_ka,0.9223,0.902,CHANGED
lines,LINE:001195,seasonal_rating_status,WINTER_DYNAMIC_AMBIENT_TEMPERATURE_RATING_APPLIED,DIRECT_PDIRD_WINTER_NOMINAL_CURRENT_APPLIED,CHANGED
lines,LINE:001196,parameter_source,"E-REDES PDIRD-E 2020 Annex B, 31-12-2025 planning table",https://www.e-redes.pt/sites/eredes/files/2022-07/PDIRD-E%202020%20proposta%20final.pdf,CHANGED
lines,LINE:001196,max_i_status,DIRECT_PDIRD_MINIMUM_SUMMER_NOMINAL_CURRENT,DIRECT_PDIRD_MINIMUM_WINTER_NOMINAL_CURRENT,CHANGED
lines,LINE:001196,max_i_ka,0.9223,0.902,CHANGED
lines,LINE:001196,seasonal_rating_status,WINTER_DYNAMIC_AMBIENT_TEMPERATURE_RATING_APPLIED,DIRECT_PDIRD_WINTER_NOMINAL_CURRENT_APPLIED,CHANGED
lines,LINE:001197,parameter_source,"E-REDES PDIRD-E 2020 Annex B, 31-12-2025 planning table",https://www.e-redes.pt/sites/eredes/files/2022-07/PDIRD-E%202020%20proposta%20final.pdf,CHANGED
lines,LINE:001197,max_i_status,DIRECT_PDIRD_MINIMUM_SUMMER_NOMINAL_CURRENT,DIRECT_PDIRD_MINIMUM_WINTER_NOMINAL_CURRENT,CHANGED
lines,LINE:001197,max_i_ka,0.46115,0.451,CHANGED
lines,LINE:001197,seasonal_rating_status,WINTER_DYNAMIC_AMBIENT_TEMPERATURE_RATING_APPLIED,DIRECT_PDIRD_WINTER_NOMINAL_CURRENT_APPLIED,CHANGED
lines,LINE:001199,parameter_source,"E-REDES PDIRD-E 2020 Annex B, 31-12-2025 planning table",https://www.e-redes.pt/sites/eredes/files/2022-07/PDIRD-E%202020%20proposta%20final.pdf,CHANGED
lines,LINE:001199,max_i_status,DIRECT_PDIRD_MINIMUM_SUMMER_NOMINAL_CURRENT,DIRECT_PDIRD_MINIMUM_WINTER_NOMINAL_CURRENT,CHANGED
lines,LINE:001199,max_i_ka,0.46115,0.451,CHANGED
lines,LINE:001199,seasonal_rating_status,WINTER_DYNAMIC_AMBIENT_TEMPERATURE_RATING_APPLIED,DIRECT_PDIRD_WINTER_NOMINAL_CURRENT_APPLIED,CHANGED
lines,LINE:001202,parameter_source,"E-REDES PDIRD-E 2020 Annex B, 31-12-2025 planning table",https://www.e-redes.pt/sites/eredes/files/2022-07/PDIRD-E%202020%20proposta%20final.pdf,CHANGED
lines,LINE:001202,max_i_status,DIRECT_PDIRD_MINIMUM_SUMMER_NOMINAL_CURRENT,DIRECT_PDIRD_MINIMUM_WINTER_NOMINAL_CURRENT,CHANGED
lines,LINE:001202,max_i_ka,0.30015,0.362,CHANGED
lines,LINE:001202,seasonal_rating_status,WINTER_DYNAMIC_AMBIENT_TEMPERATURE_RATING_APPLIED,DIRECT_PDIRD_WINTER_NOMINAL_CURRENT_APPLIED,CHANGED
lines,LINE:001206,parameter_source,"E-REDES PDIRD-E 2020 Annex B, 31-12-2025 planning table",https://www.e-redes.pt/sites/eredes/files/2022-07/PDIRD-E%202020%20proposta%20final.pdf,CHANGED
lines,LINE:001206,max_i_status,DIRECT_PDIRD_MINIMUM_SUMMER_NOMINAL_CURRENT,DIRECT_PDIRD_MINIMUM_WINTER_NOMINAL_CURRENT,CHANGED
lines,LINE:001206,max_i_ka,0.34384999999999993,0.417,CHANGED
lines,LINE:001206,seasonal_rating_status,WINTER_DYNAMIC_AMBIENT_TEMPERATURE_RATING_APPLIED,DIRECT_PDIRD_WINTER_NOMINAL_CURRENT_APPLIED,CHANGED
lines,LINE:001209,parameter_source,"E-REDES PDIRD-E 2020 Annex B, 31-12-2025 planning table",https://www.e-redes.pt/sites/eredes/files/2022-07/PDIRD-E%202020%20proposta%20final.pdf,CHANGED
lines,LINE:001209,max_i_status,DIRECT_PDIRD_MINIMUM_SUMMER_NOMINAL_CURRENT,DIRECT_PDIRD_MINIMUM_WINTER_NOMINAL_CURRENT,CHANGED
lines,LINE:001209,max_i_ka,0.30015,0.362,CHANGED
lines,LINE:001209,seasonal_rating_status,WINTER_DYNAMIC_AMBIENT_TEMPERATURE_RATING_APPLIED,DIRECT_PDIRD_WINTER_NOMINAL_CURRENT_APPLIED,CHANGED
lines,LINE:001211,parameter_source,"E-REDES PDIRD-E 2020 Annex B, 31-12-2025 planning table",https://www.e-redes.pt/sites/eredes/files/2022-07/PDIRD-E%202020%20proposta%20final.pdf,CHANGED
lines,LINE:001211,max_i_status,DIRECT_PDIRD_MINIMUM_SUMMER_NOMINAL_CURRENT,DIRECT_PDIRD_MINIMUM_WINTER_NOMINAL_CURRENT,CHANGED
lines,LINE:001211,max_i_ka,0.6014499999999999,0.723,CHANGED
lines,LINE:001211,seasonal_rating_status,WINTER_DYNAMIC_AMBIENT_TEMPERATURE_RATING_APPLIED,DIRECT_PDIRD_WINTER_NOMINAL_CURRENT_APPLIED,CHANGED
lines,LINE:001212,parameter_source,"E-REDES PDIRD-E 2020 Annex B, 31-12-2025 planning table",https://www.e-redes.pt/sites/eredes/files/2022-07/PDIRD-E%202020%20proposta%20final.pdf,CHANGED
lines,LINE:001212,max_i_status,DIRECT_PDIRD_MINIMUM_SUMMER_NOMINAL_CURRENT,DIRECT_PDIRD_MINIMUM_WINTER_NOMINAL_CURRENT,CHANGED
lines,LINE:001212,max_i_ka,0.6014499999999999,0.723,CHANGED
lines,LINE:001212,seasonal_rating_status,WINTER_DYNAMIC_AMBIENT_TEMPERATURE_RATING_APPLIED,DIRECT_PDIRD_WINTER_NOMINAL_CURRENT_APPLIED,CHANGED
lines,LINE:001223,parameter_source,"E-REDES PDIRD-E 2020 Annex B, 31-12-2025 planning table",https://www.e-redes.pt/sites/eredes/files/2022-07/PDIRD-E%202020%20proposta%20final.pdf,CHANGED
lines,LINE:001223,max_i_status,DIRECT_PDIRD_MINIMUM_SUMMER_NOMINAL_CURRENT,DIRECT_PDIRD_MINIMUM_WINTER_NOMINAL_CURRENT,CHANGED
lines,LINE:001223,max_i_ka,0.6969,0.686,CHANGED
lines,LINE:001223,seasonal_rating_status,WINTER_DYNAMIC_AMBIENT_TEMPERATURE_RATING_APPLIED,DIRECT_PDIRD_WINTER_NOMINAL_CURRENT_APPLIED,CHANGED
lines,LINE:001231,parameter_source,"E-REDES PDIRD-E 2020 Annex B, 31-12-2025 planning table",https://www.e-redes.pt/sites/eredes/files/2022-07/PDIRD-E%202020%20proposta%20final.pdf,CHANGED
lines,LINE:001231,max_i_status,DIRECT_PDIRD_MINIMUM_SUMMER_NOMINAL_CURRENT,DIRECT_PDIRD_MINIMUM_WINTER_NOMINAL_CURRENT,CHANGED
lines,LINE:001231,max_i_ka,0.46115,0.451,CHANGED
lines,LINE:001231,seasonal_rating_status,WINTER_DYNAMIC_AMBIENT_TEMPERATURE_RATING_APPLIED,DIRECT_PDIRD_WINTER_NOMINAL_CURRENT_APPLIED,CHANGED
lines,LINE:001237,parameter_source,"E-REDES PDIRD-E 2020 Annex B, 31-12-2025 planning table",https://www.e-redes.pt/sites/eredes/files/2022-07/PDIRD-E%202020%20proposta%20final.pdf,CHANGED
lines,LINE:001237,max_i_status,DIRECT_PDIRD_MINIMUM_SUMMER_NOMINAL_CURRENT,DIRECT_PDIRD_MINIMUM_WINTER_NOMINAL_CURRENT,CHANGED
lines,LINE:001237,max_i_ka,0.29095,0.35,CHANGED
lines,LINE:001237,seasonal_rating_status,WINTER_DYNAMIC_AMBIENT_TEMPERATURE_RATING_APPLIED,DIRECT_PDIRD_WINTER_NOMINAL_CURRENT_APPLIED,CHANGED
lines,LINE:001238,parameter_source,"E-REDES PDIRD-E 2020 Annex B, 31-12-2025 planning table",https://www.e-redes.pt/sites/eredes/files/2022-07/PDIRD-E%202020%20proposta%20final.pdf,CHANGED
lines,LINE:001238,max_i_status,DIRECT_PDIRD_MINIMUM_SUMMER_NOMINAL_CURRENT,DIRECT_PDIRD_MINIMUM_WINTER_NOMINAL_CURRENT,CHANGED
lines,LINE:001238,max_i_ka,0.29095,0.35,CHANGED
lines,LINE:001238,seasonal_rating_status,WINTER_DYNAMIC_AMBIENT_TEMPERATURE_RATING_APPLIED,DIRECT_PDIRD_WINTER_NOMINAL_CURRENT_APPLIED,CHANGED
lines,LINE:001239,parameter_source,"E-REDES PDIRD-E 2020 Annex B, 31-12-2025 planning table",https://www.e-redes.pt/sites/eredes/files/2022-07/PDIRD-E%202020%20proposta%20final.pdf,CHANGED
lines,LINE:001239,max_i_status,DIRECT_PDIRD_MINIMUM_SUMMER_NOMINAL_CURRENT,DIRECT_PDIRD_MINIMUM_WINTER_NOMINAL_CURRENT,CHANGED
lines,LINE:001239,max_i_ka,0.6969,0.686,CHANGED
lines,LINE:001239,seasonal_rating_status,WINTER_DYNAMIC_AMBIENT_TEMPERATURE_RATING_APPLIED,DIRECT_PDIRD_WINTER_NOMINAL_CURRENT_APPLIED,CHANGED
lines,LINE:001242,parameter_status,VOLTAGE_CLASS_ENGINEERING_PROXY,DIRECT_PUBLIC_TWO_CIRCUIT_WINTER_BOTTLENECK,CHANGED
lines,LINE:001242,parameter_source,config/model_config.json,https://www.e-redes.pt/sites/eredes/files/2022-07/PDIRD-E%202020%20proposta%20final.pdf,CHANGED
lines,LINE:001242,parameter_match_designation,,LN60 01/02 PC ORBACÉM-VILA NOVA DE CERVEIRA,CHANGED
lines,LINE:001242,max_i_status,ENGINEERING_PROXY,DIRECT_PUBLIC_TWO_CIRCUIT_WINTER_BOTTLENECK,CHANGED
lines,LINE:001242,max_i_ka,0.6969,0.544,CHANGED
lines,LINE:001242,parallel,1,2,CHANGED
lines,LINE:001242,parallel_status,SOURCE_CIRCUIT_FIELD_OR_SINGLE_CIRCUIT_DEFAULT,PUBLIC_TWO_CIRCUIT_INVENTORY,CHANGED
lines,LINE:001242,rating_override_status,NO_CORRIDOR_OVERRIDE,EXPLICIT_PUBLIC_INVENTORY_CORRECTION,CHANGED
lines,LINE:001242,seasonal_rating_status,WINTER_DYNAMIC_AMBIENT_TEMPERATURE_RATING_APPLIED,DIRECT_PDIRD_WINTER_NOMINAL_CURRENT_APPLIED,CHANGED
lines,LINE:001243,parameter_source,"E-REDES PDIRD-E 2020 Annex B, 31-12-2025 planning table",https://www.e-redes.pt/sites/eredes/files/2022-07/PDIRD-E%202020%20proposta%20final.pdf,CHANGED
lines,LINE:001243,max_i_status,DIRECT_PDIRD_MINIMUM_SUMMER_NOMINAL_CURRENT,DIRECT_PDIRD_MINIMUM_WINTER_NOMINAL_CURRENT,CHANGED
lines,LINE:001243,max_i_ka,0.46115,0.451,CHANGED
lines,LINE:001243,seasonal_rating_status,WINTER_DYNAMIC_AMBIENT_TEMPERATURE_RATING_APPLIED,DIRECT_PDIRD_WINTER_NOMINAL_CURRENT_APPLIED,CHANGED
lines,LINE:001251,parameter_source,"E-REDES PDIRD-E 2020 Annex B, 31-12-2025 planning table",https://www.e-redes.pt/sites/eredes/files/2022-07/PDIRD-E%202020%20proposta%20final.pdf,CHANGED
lines,LINE:001251,max_i_status,DIRECT_PDIRD_MINIMUM_SUMMER_NOMINAL_CURRENT,DIRECT_PDIRD_MINIMUM_WINTER_NOMINAL_CURRENT,CHANGED
lines,LINE:001251,max_i_ka,0.5450999999999999,0.582,CHANGED
lines,LINE:001251,seasonal_rating_status,WINTER_DYNAMIC_AMBIENT_TEMPERATURE_RATING_APPLIED,DIRECT_PDIRD_WINTER_NOMINAL_CURRENT_APPLIED,CHANGED
lines,LINE:001259,parameter_source,"E-REDES PDIRD-E 2020 Annex B, 31-12-2025 planning table",https://www.e-redes.pt/sites/eredes/files/2022-07/PDIRD-E%202020%20proposta%20final.pdf,CHANGED
lines,LINE:001259,max_i_status,DIRECT_PDIRD_MINIMUM_SUMMER_NOMINAL_CURRENT,DIRECT_PDIRD_MINIMUM_WINTER_NOMINAL_CURRENT,CHANGED
lines,LINE:001259,max_i_ka,0.5450999999999999,0.582,CHANGED
lines,LINE:001259,seasonal_rating_status,WINTER_DYNAMIC_AMBIENT_TEMPERATURE_RATING_APPLIED,DIRECT_PDIRD_WINTER_NOMINAL_CURRENT_APPLIED,CHANGED
lines,LINE:001290,parameter_source,"E-REDES PDIRD-E 2020 Annex B, 31-12-2025 planning table",https://www.e-redes.pt/sites/eredes/files/2022-07/PDIRD-E%202020%20proposta%20final.pdf,CHANGED
lines,LINE:001290,max_i_status,DIRECT_PDIRD_MINIMUM_SUMMER_NOMINAL_CURRENT,DIRECT_PDIRD_MINIMUM_WINTER_NOMINAL_CURRENT,CHANGED
lines,LINE:001290,max_i_ka,0.37834999999999996,0.46,CHANGED
lines,LINE:001290,seasonal_rating_status,WINTER_DYNAMIC_AMBIENT_TEMPERATURE_RATING_APPLIED,DIRECT_PDIRD_WINTER_NOMINAL_CURRENT_APPLIED,CHANGED
lines,LINE:001291,parameter_source,"E-REDES PDIRD-E 2020 Annex B, 31-12-2025 planning table",https://www.e-redes.pt/sites/eredes/files/2022-07/PDIRD-E%202020%20proposta%20final.pdf,CHANGED
lines,LINE:001291,max_i_status,DIRECT_PDIRD_MINIMUM_SUMMER_NOMINAL_CURRENT,DIRECT_PDIRD_MINIMUM_WINTER_NOMINAL_CURRENT,CHANGED
lines,LINE:001291,max_i_ka,0.37834999999999996,0.46,CHANGED
lines,LINE:001291,seasonal_rating_status,WINTER_DYNAMIC_AMBIENT_TEMPERATURE_RATING_APPLIED,DIRECT_PDIRD_WINTER_NOMINAL_CURRENT_APPLIED,CHANGED
lines,LINE:001292,parameter_source,"E-REDES PDIRD-E 2020 Annex B, 31-12-2025 planning table",https://www.e-redes.pt/sites/eredes/files/2022-07/PDIRD-E%202020%20proposta%20final.pdf,CHANGED
lines,LINE:001292,max_i_status,DIRECT_PDIRD_MINIMUM_SUMMER_NOMINAL_CURRENT,DIRECT_PDIRD_MINIMUM_WINTER_NOMINAL_CURRENT,CHANGED
lines,LINE:001292,max_i_ka,0.4416,0.544,CHANGED
lines,LINE:001292,seasonal_rating_status,WINTER_DYNAMIC_AMBIENT_TEMPERATURE_RATING_APPLIED,DIRECT_PDIRD_WINTER_NOMINAL_CURRENT_APPLIED,CHANGED
lines,LINE:001301,parameter_source,"E-REDES PDIRD-E 2020 Annex B, 31-12-2025 planning table",https://www.e-redes.pt/sites/eredes/files/2022-07/PDIRD-E%202020%20proposta%20final.pdf,CHANGED
lines,LINE:001301,max_i_status,DIRECT_PDIRD_MINIMUM_SUMMER_NOMINAL_CURRENT,DIRECT_PDIRD_MINIMUM_WINTER_NOMINAL_CURRENT,CHANGED
lines,LINE:001301,max_i_ka,0.4416,0.544,CHANGED
lines,LINE:001301,seasonal_rating_status,WINTER_DYNAMIC_AMBIENT_TEMPERATURE_RATING_APPLIED,DIRECT_PDIRD_WINTER_NOMINAL_CURRENT_APPLIED,CHANGED
lines,LINE:001305,parameter_source,"E-REDES PDIRD-E 2020 Annex B, 31-12-2025 planning table",https://www.e-redes.pt/sites/eredes/files/2022-07/PDIRD-E%202020%20proposta%20final.pdf,CHANGED
lines,LINE:001305,max_i_status,DIRECT_PDIRD_MINIMUM_SUMMER_NOMINAL_CURRENT,DIRECT_PDIRD_MINIMUM_WINTER_NOMINAL_CURRENT,CHANGED
lines,LINE:001305,max_i_ka,1.3938,1.372,CHANGED
lines,LINE:001305,seasonal_rating_status,WINTER_DYNAMIC_AMBIENT_TEMPERATURE_RATING_APPLIED,DIRECT_PDIRD_WINTER_NOMINAL_CURRENT_APPLIED,CHANGED
lines,LINE:001307,parameter_source,"E-REDES PDIRD-E 2020 Annex B, 31-12-2025 planning table",https://www.e-redes.pt/sites/eredes/files/2022-07/PDIRD-E%202020%20proposta%20final.pdf,CHANGED
lines,LINE:001307,max_i_status,DIRECT_PDIRD_MINIMUM_SUMMER_NOMINAL_CURRENT,DIRECT_PDIRD_MINIMUM_WINTER_NOMINAL_CURRENT,CHANGED
lines,LINE:001307,max_i_ka,0.4416,0.544,CHANGED
lines,LINE:001307,seasonal_rating_status,WINTER_DYNAMIC_AMBIENT_TEMPERATURE_RATING_APPLIED,DIRECT_PDIRD_WINTER_NOMINAL_CURRENT_APPLIED,CHANGED
lines,LINE:001309,parameter_source,"E-REDES PDIRD-E 2020 Annex B, 31-12-2025 planning table",https://www.e-redes.pt/sites/eredes/files/2022-07/PDIRD-E%202020%20proposta%20final.pdf,CHANGED
lines,LINE:001309,max_i_status,DIRECT_PDIRD_MINIMUM_SUMMER_NOMINAL_CURRENT,DIRECT_PDIRD_MINIMUM_WINTER_NOMINAL_CURRENT,CHANGED
lines,LINE:001309,max_i_ka,1.3938,1.372,CHANGED
lines,LINE:001309,seasonal_rating_status,WINTER_DYNAMIC_AMBIENT_TEMPERATURE_RATING_APPLIED,DIRECT_PDIRD_WINTER_NOMINAL_CURRENT_APPLIED,CHANGED
lines,LINE:001310,parameter_source,"E-REDES PDIRD-E 2020 Annex B, 31-12-2025 planning table",https://www.e-redes.pt/sites/eredes/files/2022-07/PDIRD-E%202020%20proposta%20final.pdf,CHANGED
lines,LINE:001310,max_i_status,DIRECT_PDIRD_MINIMUM_SUMMER_NOMINAL_CURRENT,DIRECT_PDIRD_MINIMUM_WINTER_NOMINAL_CURRENT,CHANGED
lines,LINE:001310,max_i_ka,1.3938,1.372,CHANGED
lines,LINE:001310,seasonal_rating_status,WINTER_DYNAMIC_AMBIENT_TEMPERATURE_RATING_APPLIED,DIRECT_PDIRD_WINTER_NOMINAL_CURRENT_APPLIED,CHANGED
lines,LINE:001316,parameter_source,"E-REDES PDIRD-E 2020 Annex B, 31-12-2025 planning table",https://www.e-redes.pt/sites/eredes/files/2022-07/PDIRD-E%202020%20proposta%20final.pdf,CHANGED
lines,LINE:001316,max_i_status,DIRECT_PDIRD_MINIMUM_SUMMER_NOMINAL_CURRENT,DIRECT_PDIRD_MINIMUM_WINTER_NOMINAL_CURRENT,CHANGED
lines,LINE:001316,max_i_ka,0.6969,0.686,CHANGED
lines,LINE:001316,seasonal_rating_status,WINTER_DYNAMIC_AMBIENT_TEMPERATURE_RATING_APPLIED,DIRECT_PDIRD_WINTER_NOMINAL_CURRENT_APPLIED,CHANGED
lines,LINE:001318,parameter_source,"E-REDES PDIRD-E 2020 Annex B, 31-12-2025 planning table",https://www.e-redes.pt/sites/eredes/files/2022-07/PDIRD-E%202020%20proposta%20final.pdf,CHANGED
lines,LINE:001318,max_i_status,DIRECT_PDIRD_MINIMUM_SUMMER_NOMINAL_CURRENT,DIRECT_PDIRD_MINIMUM_WINTER_NOMINAL_CURRENT,CHANGED
lines,LINE:001318,max_i_ka,0.30015,0.362,CHANGED
lines,LINE:001318,seasonal_rating_status,WINTER_DYNAMIC_AMBIENT_TEMPERATURE_RATING_APPLIED,DIRECT_PDIRD_WINTER_NOMINAL_CURRENT_APPLIED,CHANGED
lines,LINE:001322,parameter_source,"E-REDES PDIRD-E 2020 Annex B, 31-12-2025 planning table",https://www.e-redes.pt/sites/eredes/files/2022-07/PDIRD-E%202020%20proposta%20final.pdf,CHANGED
lines,LINE:001322,max_i_status,DIRECT_PDIRD_MINIMUM_SUMMER_NOMINAL_CURRENT,DIRECT_PDIRD_MINIMUM_WINTER_NOMINAL_CURRENT,CHANGED
lines,LINE:001322,max_i_ka,0.49565,0.615,CHANGED
lines,LINE:001322,seasonal_rating_status,WINTER_DYNAMIC_AMBIENT_TEMPERATURE_RATING_APPLIED,DIRECT_PDIRD_WINTER_NOMINAL_CURRENT_APPLIED,CHANGED
lines,LINE:001326,parameter_source,"E-REDES PDIRD-E 2020 Annex B, 31-12-2025 planning table",https://www.e-redes.pt/sites/eredes/files/2022-07/PDIRD-E%202020%20proposta%20final.pdf,CHANGED
lines,LINE:001326,max_i_status,DIRECT_PDIRD_MINIMUM_SUMMER_NOMINAL_CURRENT,DIRECT_PDIRD_MINIMUM_WINTER_NOMINAL_CURRENT,CHANGED
lines,LINE:001326,max_i_ka,0.6014499999999999,0.723,CHANGED
lines,LINE:001326,seasonal_rating_status,WINTER_DYNAMIC_AMBIENT_TEMPERATURE_RATING_APPLIED,DIRECT_PDIRD_WINTER_NOMINAL_CURRENT_APPLIED,CHANGED
lines,LINE:001327,parameter_source,"E-REDES PDIRD-E 2020 Annex B, 31-12-2025 planning table",https://www.e-redes.pt/sites/eredes/files/2022-07/PDIRD-E%202020%20proposta%20final.pdf,CHANGED
lines,LINE:001327,max_i_status,DIRECT_PDIRD_MINIMUM_SUMMER_NOMINAL_CURRENT,DIRECT_PDIRD_MINIMUM_WINTER_NOMINAL_CURRENT,CHANGED
lines,LINE:001327,max_i_ka,0.6014499999999999,0.723,CHANGED
lines,LINE:001327,seasonal_rating_status,WINTER_DYNAMIC_AMBIENT_TEMPERATURE_RATING_APPLIED,DIRECT_PDIRD_WINTER_NOMINAL_CURRENT_APPLIED,CHANGED
lines,LINE:001328,parameter_source,"E-REDES PDIRD-E 2020 Annex B, 31-12-2025 planning table",https://www.e-redes.pt/sites/eredes/files/2022-07/PDIRD-E%202020%20proposta%20final.pdf,CHANGED
lines,LINE:001328,max_i_status,DIRECT_PDIRD_MINIMUM_SUMMER_NOMINAL_CURRENT,DIRECT_PDIRD_MINIMUM_WINTER_NOMINAL_CURRENT,CHANGED
lines,LINE:001328,max_i_ka,0.6969,0.686,CHANGED
lines,LINE:001328,seasonal_rating_status,WINTER_DYNAMIC_AMBIENT_TEMPERATURE_RATING_APPLIED,DIRECT_PDIRD_WINTER_NOMINAL_CURRENT_APPLIED,CHANGED
lines,LINE:001341,parameter_source,"E-REDES PDIRD-E 2020 Annex B, 31-12-2025 planning table",https://www.e-redes.pt/sites/eredes/files/2022-07/PDIRD-E%202020%20proposta%20final.pdf,CHANGED
lines,LINE:001341,max_i_status,DIRECT_PDIRD_MINIMUM_SUMMER_NOMINAL_CURRENT,DIRECT_PDIRD_MINIMUM_WINTER_NOMINAL_CURRENT,CHANGED
lines,LINE:001341,max_i_ka,0.32085,0.387,CHANGED
lines,LINE:001341,seasonal_rating_status,WINTER_DYNAMIC_AMBIENT_TEMPERATURE_RATING_APPLIED,DIRECT_PDIRD_WINTER_NOMINAL_CURRENT_APPLIED,CHANGED
lines,LINE:001342,parameter_source,"E-REDES PDIRD-E 2020 Annex B, 31-12-2025 planning table",https://www.e-redes.pt/sites/eredes/files/2022-07/PDIRD-E%202020%20proposta%20final.pdf,CHANGED
lines,LINE:001342,max_i_status,DIRECT_PDIRD_MINIMUM_SUMMER_NOMINAL_CURRENT,DIRECT_PDIRD_MINIMUM_WINTER_NOMINAL_CURRENT,CHANGED
lines,LINE:001342,max_i_ka,0.6969,0.686,CHANGED
lines,LINE:001342,seasonal_rating_status,WINTER_DYNAMIC_AMBIENT_TEMPERATURE_RATING_APPLIED,DIRECT_PDIRD_WINTER_NOMINAL_CURRENT_APPLIED,CHANGED
lines,LINE:001344,parameter_source,"E-REDES PDIRD-E 2020 Annex B, 31-12-2025 planning table",https://www.e-redes.pt/sites/eredes/files/2022-07/PDIRD-E%202020%20proposta%20final.pdf,CHANGED
lines,LINE:001344,max_i_status,DIRECT_PDIRD_MINIMUM_SUMMER_NOMINAL_CURRENT,DIRECT_PDIRD_MINIMUM_WINTER_NOMINAL_CURRENT,CHANGED
lines,LINE:001344,max_i_ka,0.46115,0.451,CHANGED
lines,LINE:001344,seasonal_rating_status,WINTER_DYNAMIC_AMBIENT_TEMPERATURE_RATING_APPLIED,DIRECT_PDIRD_WINTER_NOMINAL_CURRENT_APPLIED,CHANGED
lines,LINE:001345,parameter_source,"E-REDES PDIRD-E 2020 Annex B, 31-12-2025 planning table",https://www.e-redes.pt/sites/eredes/files/2022-07/PDIRD-E%202020%20proposta%20final.pdf,CHANGED
lines,LINE:001345,max_i_status,DIRECT_PDIRD_MINIMUM_SUMMER_NOMINAL_CURRENT,DIRECT_PDIRD_MINIMUM_WINTER_NOMINAL_CURRENT,CHANGED
lines,LINE:001345,max_i_ka,0.30015,0.362,CHANGED
lines,LINE:001345,seasonal_rating_status,WINTER_DYNAMIC_AMBIENT_TEMPERATURE_RATING_APPLIED,DIRECT_PDIRD_WINTER_NOMINAL_CURRENT_APPLIED,CHANGED
lines,LINE:001355,parameter_source,"E-REDES PDIRD-E 2020 Annex B, 31-12-2025 planning table",https://www.e-redes.pt/sites/eredes/files/2022-07/PDIRD-E%202020%20proposta%20final.pdf,CHANGED
lines,LINE:001355,max_i_status,DIRECT_PDIRD_MINIMUM_SUMMER_NOMINAL_CURRENT,DIRECT_PDIRD_MINIMUM_WINTER_NOMINAL_CURRENT,CHANGED
lines,LINE:001355,max_i_ka,0.6014499999999999,0.723,CHANGED
lines,LINE:001355,seasonal_rating_status,WINTER_DYNAMIC_AMBIENT_TEMPERATURE_RATING_APPLIED,DIRECT_PDIRD_WINTER_NOMINAL_CURRENT_APPLIED,CHANGED
lines,LINE:001360,parameter_source,"E-REDES PDIRD-E 2020 Annex B, 31-12-2025 planning table",https://www.e-redes.pt/sites/eredes/files/2022-07/PDIRD-E%202020%20proposta%20final.pdf,CHANGED
lines,LINE:001360,max_i_status,DIRECT_PDIRD_MINIMUM_SUMMER_NOMINAL_CURRENT,DIRECT_PDIRD_MINIMUM_WINTER_NOMINAL_CURRENT,CHANGED
lines,LINE:001360,max_i_ka,0.4416,0.544,CHANGED
lines,LINE:001360,seasonal_rating_status,WINTER_DYNAMIC_AMBIENT_TEMPERATURE_RATING_APPLIED,DIRECT_PDIRD_WINTER_NOMINAL_CURRENT_APPLIED,CHANGED
lines,LINE:001384,parameter_source,"E-REDES PDIRD-E 2020 Annex B, 31-12-2025 planning table",https://www.e-redes.pt/sites/eredes/files/2022-07/PDIRD-E%202020%20proposta%20final.pdf,CHANGED
lines,LINE:001384,max_i_status,DIRECT_PDIRD_MINIMUM_SUMMER_NOMINAL_CURRENT,DIRECT_PDIRD_MINIMUM_WINTER_NOMINAL_CURRENT,CHANGED
lines,LINE:001384,max_i_ka,0.6969,0.686,CHANGED
lines,LINE:001384,seasonal_rating_status,WINTER_DYNAMIC_AMBIENT_TEMPERATURE_RATING_APPLIED,DIRECT_PDIRD_WINTER_NOMINAL_CURRENT_APPLIED,CHANGED
lines,LINE:001393,parameter_source,"E-REDES PDIRD-E 2020 Annex B, 31-12-2025 planning table",https://www.e-redes.pt/sites/eredes/files/2022-07/PDIRD-E%202020%20proposta%20final.pdf,CHANGED
lines,LINE:001393,max_i_status,DIRECT_PDIRD_MINIMUM_SUMMER_NOMINAL_CURRENT,DIRECT_PDIRD_MINIMUM_WINTER_NOMINAL_CURRENT,CHANGED
lines,LINE:001393,max_i_ka,0.4416,0.544,CHANGED
lines,LINE:001393,seasonal_rating_status,WINTER_DYNAMIC_AMBIENT_TEMPERATURE_RATING_APPLIED,DIRECT_PDIRD_WINTER_NOMINAL_CURRENT_APPLIED,CHANGED
lines,LINE:001398,parameter_source,"E-REDES PDIRD-E 2020 Annex B, 31-12-2025 planning table",https://www.e-redes.pt/sites/eredes/files/2022-07/PDIRD-E%202020%20proposta%20final.pdf,CHANGED
lines,LINE:001398,max_i_status,DIRECT_PDIRD_MINIMUM_SUMMER_NOMINAL_CURRENT,DIRECT_PDIRD_MINIMUM_WINTER_NOMINAL_CURRENT,CHANGED
lines,LINE:001398,max_i_ka,0.6969,0.686,CHANGED
lines,LINE:001398,seasonal_rating_status,WINTER_DYNAMIC_AMBIENT_TEMPERATURE_RATING_APPLIED,DIRECT_PDIRD_WINTER_NOMINAL_CURRENT_APPLIED,CHANGED
lines,LINE:001403,parameter_source,"E-REDES PDIRD-E 2020 Annex B, 31-12-2025 planning table",https://www.e-redes.pt/sites/eredes/files/2022-07/PDIRD-E%202020%20proposta%20final.pdf,CHANGED
lines,LINE:001403,max_i_status,DIRECT_PDIRD_MINIMUM_SUMMER_NOMINAL_CURRENT,DIRECT_PDIRD_MINIMUM_WINTER_NOMINAL_CURRENT,CHANGED
lines,LINE:001403,max_i_ka,0.6969,0.686,CHANGED
lines,LINE:001403,seasonal_rating_status,WINTER_DYNAMIC_AMBIENT_TEMPERATURE_RATING_APPLIED,DIRECT_PDIRD_WINTER_NOMINAL_CURRENT_APPLIED,CHANGED
lines,LINE:001421,parameter_source,"E-REDES PDIRD-E 2020 Annex B, 31-12-2025 planning table",https://www.e-redes.pt/sites/eredes/files/2022-07/PDIRD-E%202020%20proposta%20final.pdf,CHANGED
lines,LINE:001421,max_i_status,DIRECT_PDIRD_MINIMUM_SUMMER_NOMINAL_CURRENT,DIRECT_PDIRD_MINIMUM_WINTER_NOMINAL_CURRENT,CHANGED
lines,LINE:001421,max_i_ka,0.6969,0.686,CHANGED
lines,LINE:001421,seasonal_rating_status,WINTER_DYNAMIC_AMBIENT_TEMPERATURE_RATING_APPLIED,DIRECT_PDIRD_WINTER_NOMINAL_CURRENT_APPLIED,CHANGED
lines,LINE:001423,parameter_source,"E-REDES PDIRD-E 2020 Annex B, 31-12-2025 planning table",https://www.e-redes.pt/sites/eredes/files/2022-07/PDIRD-E%202020%20proposta%20final.pdf,CHANGED
lines,LINE:001423,max_i_status,DIRECT_PDIRD_MINIMUM_SUMMER_NOMINAL_CURRENT,DIRECT_PDIRD_MINIMUM_WINTER_NOMINAL_CURRENT,CHANGED
lines,LINE:001423,max_i_ka,0.6969,0.686,CHANGED
lines,LINE:001423,seasonal_rating_status,WINTER_DYNAMIC_AMBIENT_TEMPERATURE_RATING_APPLIED,DIRECT_PDIRD_WINTER_NOMINAL_CURRENT_APPLIED,CHANGED
lines,LINE:001425,parameter_source,"E-REDES PDIRD-E 2020 Annex B, 31-12-2025 planning table",https://www.e-redes.pt/sites/eredes/files/2022-07/PDIRD-E%202020%20proposta%20final.pdf,CHANGED
lines,LINE:001425,max_i_status,DIRECT_PDIRD_MINIMUM_SUMMER_NOMINAL_CURRENT,DIRECT_PDIRD_MINIMUM_WINTER_NOMINAL_CURRENT,CHANGED
lines,LINE:001425,max_i_ka,0.5450999999999999,0.582,CHANGED
lines,LINE:001425,seasonal_rating_status,WINTER_DYNAMIC_AMBIENT_TEMPERATURE_RATING_APPLIED,DIRECT_PDIRD_WINTER_NOMINAL_CURRENT_APPLIED,CHANGED
lines,LINE:001445,parameter_source,"E-REDES PDIRD-E 2020 Annex B, 31-12-2025 planning table",https://www.e-redes.pt/sites/eredes/files/2022-07/PDIRD-E%202020%20proposta%20final.pdf,CHANGED
lines,LINE:001445,max_i_status,DIRECT_PDIRD_MINIMUM_SUMMER_NOMINAL_CURRENT,DIRECT_PDIRD_MINIMUM_WINTER_NOMINAL_CURRENT,CHANGED
lines,LINE:001445,max_i_ka,1.3938,1.372,CHANGED
lines,LINE:001445,seasonal_rating_status,WINTER_DYNAMIC_AMBIENT_TEMPERATURE_RATING_APPLIED,DIRECT_PDIRD_WINTER_NOMINAL_CURRENT_APPLIED,CHANGED
lines,LINE:001447,parameter_source,"E-REDES PDIRD-E 2020 Annex B, 31-12-2025 planning table",https://www.e-redes.pt/sites/eredes/files/2022-07/PDIRD-E%202020%20proposta%20final.pdf,CHANGED
lines,LINE:001447,max_i_status,DIRECT_PDIRD_MINIMUM_SUMMER_NOMINAL_CURRENT,DIRECT_PDIRD_MINIMUM_WINTER_NOMINAL_CURRENT,CHANGED
lines,LINE:001447,max_i_ka,0.68885,0.686,CHANGED
lines,LINE:001447,seasonal_rating_status,WINTER_DYNAMIC_AMBIENT_TEMPERATURE_RATING_APPLIED,DIRECT_PDIRD_WINTER_NOMINAL_CURRENT_APPLIED,CHANGED
lines,LINE:001448,parameter_source,"E-REDES PDIRD-E 2020 Annex B, 31-12-2025 planning table",https://www.e-redes.pt/sites/eredes/files/2022-07/PDIRD-E%202020%20proposta%20final.pdf,CHANGED
lines,LINE:001448,max_i_status,DIRECT_PDIRD_MINIMUM_SUMMER_NOMINAL_CURRENT,DIRECT_PDIRD_MINIMUM_WINTER_NOMINAL_CURRENT,CHANGED
lines,LINE:001448,max_i_ka,0.68885,0.686,CHANGED
lines,LINE:001448,seasonal_rating_status,WINTER_DYNAMIC_AMBIENT_TEMPERATURE_RATING_APPLIED,DIRECT_PDIRD_WINTER_NOMINAL_CURRENT_APPLIED,CHANGED
lines,LINE:001456,parameter_source,"E-REDES PDIRD-E 2020 Annex B, 31-12-2025 planning table",https://www.e-redes.pt/sites/eredes/files/2022-07/PDIRD-E%202020%20proposta%20final.pdf,CHANGED
lines,LINE:001456,max_i_status,DIRECT_PDIRD_MINIMUM_SUMMER_NOMINAL_CURRENT,DIRECT_PDIRD_MINIMUM_WINTER_NOMINAL_CURRENT,CHANGED
lines,LINE:001456,max_i_ka,0.4416,0.544,CHANGED
lines,LINE:001456,seasonal_rating_status,WINTER_DYNAMIC_AMBIENT_TEMPERATURE_RATING_APPLIED,DIRECT_PDIRD_WINTER_NOMINAL_CURRENT_APPLIED,CHANGED
lines,LINE:001468,parameter_source,"E-REDES PDIRD-E 2020 Annex B, 31-12-2025 planning table",https://www.e-redes.pt/sites/eredes/files/2022-07/PDIRD-E%202020%20proposta%20final.pdf,CHANGED
lines,LINE:001468,max_i_status,DIRECT_PDIRD_MINIMUM_SUMMER_NOMINAL_CURRENT,DIRECT_PDIRD_MINIMUM_WINTER_NOMINAL_CURRENT,CHANGED
lines,LINE:001468,max_i_ka,0.46115,0.451,CHANGED
lines,LINE:001468,seasonal_rating_status,WINTER_DYNAMIC_AMBIENT_TEMPERATURE_RATING_APPLIED,DIRECT_PDIRD_WINTER_NOMINAL_CURRENT_APPLIED,CHANGED
lines,LINE:001469,parameter_source,"E-REDES PDIRD-E 2020 Annex B, 31-12-2025 planning table",https://www.e-redes.pt/sites/eredes/files/2022-07/PDIRD-E%202020%20proposta%20final.pdf,CHANGED
lines,LINE:001469,max_i_status,DIRECT_PDIRD_MINIMUM_SUMMER_NOMINAL_CURRENT,DIRECT_PDIRD_MINIMUM_WINTER_NOMINAL_CURRENT,CHANGED
lines,LINE:001469,max_i_ka,0.46115,0.451,CHANGED
lines,LINE:001469,seasonal_rating_status,WINTER_DYNAMIC_AMBIENT_TEMPERATURE_RATING_APPLIED,DIRECT_PDIRD_WINTER_NOMINAL_CURRENT_APPLIED,CHANGED
lines,LINE:001481,parameter_source,"E-REDES PDIRD-E 2020 Annex B, 31-12-2025 planning table",https://www.e-redes.pt/sites/eredes/files/2022-07/PDIRD-E%202020%20proposta%20final.pdf,CHANGED
lines,LINE:001481,max_i_status,DIRECT_PDIRD_MINIMUM_SUMMER_NOMINAL_CURRENT,DIRECT_PDIRD_MINIMUM_WINTER_NOMINAL_CURRENT,CHANGED
lines,LINE:001481,max_i_ka,0.30015,0.362,CHANGED
lines,LINE:001481,seasonal_rating_status,WINTER_DYNAMIC_AMBIENT_TEMPERATURE_RATING_APPLIED,DIRECT_PDIRD_WINTER_NOMINAL_CURRENT_APPLIED,CHANGED
lines,LINE:001484,parameter_source,"E-REDES PDIRD-E 2020 Annex B, 31-12-2025 planning table",https://www.e-redes.pt/sites/eredes/files/2022-07/PDIRD-E%202020%20proposta%20final.pdf,CHANGED
lines,LINE:001484,max_i_status,DIRECT_PDIRD_MINIMUM_SUMMER_NOMINAL_CURRENT,DIRECT_PDIRD_MINIMUM_WINTER_NOMINAL_CURRENT,CHANGED
lines,LINE:001484,max_i_ka,0.4416,0.544,CHANGED
lines,LINE:001484,seasonal_rating_status,WINTER_DYNAMIC_AMBIENT_TEMPERATURE_RATING_APPLIED,DIRECT_PDIRD_WINTER_NOMINAL_CURRENT_APPLIED,CHANGED
lines,LINE:001485,parameter_source,"E-REDES PDIRD-E 2020 Annex B, 31-12-2025 planning table",https://www.e-redes.pt/sites/eredes/files/2022-07/PDIRD-E%202020%20proposta%20final.pdf,CHANGED
lines,LINE:001485,max_i_status,DIRECT_PDIRD_MINIMUM_SUMMER_NOMINAL_CURRENT,DIRECT_PDIRD_MINIMUM_WINTER_NOMINAL_CURRENT,CHANGED
lines,LINE:001485,max_i_ka,1.3938,1.372,CHANGED
lines,LINE:001485,seasonal_rating_status,WINTER_DYNAMIC_AMBIENT_TEMPERATURE_RATING_APPLIED,DIRECT_PDIRD_WINTER_NOMINAL_CURRENT_APPLIED,CHANGED
lines,LINE:001487,parameter_source,"E-REDES PDIRD-E 2020 Annex B, 31-12-2025 planning table",https://www.e-redes.pt/sites/eredes/files/2022-07/PDIRD-E%202020%20proposta%20final.pdf,CHANGED
lines,LINE:001487,max_i_status,DIRECT_PDIRD_MINIMUM_SUMMER_NOMINAL_CURRENT,DIRECT_PDIRD_MINIMUM_WINTER_NOMINAL_CURRENT,CHANGED
lines,LINE:001487,max_i_ka,0.6014499999999999,0.723,CHANGED
lines,LINE:001487,seasonal_rating_status,WINTER_DYNAMIC_AMBIENT_TEMPERATURE_RATING_APPLIED,DIRECT_PDIRD_WINTER_NOMINAL_CURRENT_APPLIED,CHANGED
lines,LINE:001488,parameter_source,"E-REDES PDIRD-E 2020 Annex B, 31-12-2025 planning table",https://www.e-redes.pt/sites/eredes/files/2022-07/PDIRD-E%202020%20proposta%20final.pdf,CHANGED
lines,LINE:001488,max_i_status,DIRECT_PDIRD_MINIMUM_SUMMER_NOMINAL_CURRENT,DIRECT_PDIRD_MINIMUM_WINTER_NOMINAL_CURRENT,CHANGED
lines,LINE:001488,max_i_ka,0.6014499999999999,0.723,CHANGED
lines,LINE:001488,seasonal_rating_status,WINTER_DYNAMIC_AMBIENT_TEMPERATURE_RATING_APPLIED,DIRECT_PDIRD_WINTER_NOMINAL_CURRENT_APPLIED,CHANGED
lines,LINE:001493,parameter_source,"E-REDES PDIRD-E 2020 Annex B, 31-12-2025 planning table",https://www.e-redes.pt/sites/eredes/files/2022-07/PDIRD-E%202020%20proposta%20final.pdf,CHANGED
lines,LINE:001493,max_i_status,DIRECT_PDIRD_MINIMUM_SUMMER_NOMINAL_CURRENT,DIRECT_PDIRD_MINIMUM_WINTER_NOMINAL_CURRENT,CHANGED
lines,LINE:001493,max_i_ka,0.6969,0.686,CHANGED
lines,LINE:001493,seasonal_rating_status,WINTER_DYNAMIC_AMBIENT_TEMPERATURE_RATING_APPLIED,DIRECT_PDIRD_WINTER_NOMINAL_CURRENT_APPLIED,CHANGED
lines,LINE:001494,parameter_source,"E-REDES PDIRD-E 2020 Annex B, 31-12-2025 planning table",https://www.e-redes.pt/sites/eredes/files/2022-07/PDIRD-E%202020%20proposta%20final.pdf,CHANGED
lines,LINE:001494,max_i_status,DIRECT_PDIRD_MINIMUM_SUMMER_NOMINAL_CURRENT,DIRECT_PDIRD_MINIMUM_WINTER_NOMINAL_CURRENT,CHANGED
lines,LINE:001494,max_i_ka,0.6969,0.686,CHANGED
lines,LINE:001494,seasonal_rating_status,WINTER_DYNAMIC_AMBIENT_TEMPERATURE_RATING_APPLIED,DIRECT_PDIRD_WINTER_NOMINAL_CURRENT_APPLIED,CHANGED
lines,LINE:001496,parameter_source,"E-REDES PDIRD-E 2020 Annex B, 31-12-2025 planning table",https://www.e-redes.pt/sites/eredes/files/2022-07/PDIRD-E%202020%20proposta%20final.pdf,CHANGED
lines,LINE:001496,max_i_status,DIRECT_PDIRD_MINIMUM_SUMMER_NOMINAL_CURRENT,DIRECT_PDIRD_MINIMUM_WINTER_NOMINAL_CURRENT,CHANGED
lines,LINE:001496,max_i_ka,0.30015,0.362,CHANGED
lines,LINE:001496,seasonal_rating_status,WINTER_DYNAMIC_AMBIENT_TEMPERATURE_RATING_APPLIED,DIRECT_PDIRD_WINTER_NOMINAL_CURRENT_APPLIED,CHANGED
lines,LINE:001508,parameter_source,"E-REDES PDIRD-E 2020 Annex B, 31-12-2025 planning table",https://www.e-redes.pt/sites/eredes/files/2022-07/PDIRD-E%202020%20proposta%20final.pdf,CHANGED
lines,LINE:001508,max_i_status,DIRECT_PDIRD_MINIMUM_SUMMER_NOMINAL_CURRENT,DIRECT_PDIRD_MINIMUM_WINTER_NOMINAL_CURRENT,CHANGED
lines,LINE:001508,max_i_ka,0.88435,1.089,CHANGED
lines,LINE:001508,seasonal_rating_status,WINTER_DYNAMIC_AMBIENT_TEMPERATURE_RATING_APPLIED,DIRECT_PDIRD_WINTER_NOMINAL_CURRENT_APPLIED,CHANGED
lines,LINE:001509,parameter_source,"E-REDES PDIRD-E 2020 Annex B, 31-12-2025 planning table",https://www.e-redes.pt/sites/eredes/files/2022-07/PDIRD-E%202020%20proposta%20final.pdf,CHANGED
lines,LINE:001509,max_i_status,DIRECT_PDIRD_MINIMUM_SUMMER_NOMINAL_CURRENT,DIRECT_PDIRD_MINIMUM_WINTER_NOMINAL_CURRENT,CHANGED
lines,LINE:001509,max_i_ka,0.6014499999999999,0.723,CHANGED
lines,LINE:001509,seasonal_rating_status,WINTER_DYNAMIC_AMBIENT_TEMPERATURE_RATING_APPLIED,DIRECT_PDIRD_WINTER_NOMINAL_CURRENT_APPLIED,CHANGED
lines,LINE:001510,parameter_source,"E-REDES PDIRD-E 2020 Annex B, 31-12-2025 planning table",https://www.e-redes.pt/sites/eredes/files/2022-07/PDIRD-E%202020%20proposta%20final.pdf,CHANGED
lines,LINE:001510,max_i_status,DIRECT_PDIRD_MINIMUM_SUMMER_NOMINAL_CURRENT,DIRECT_PDIRD_MINIMUM_WINTER_NOMINAL_CURRENT,CHANGED
lines,LINE:001510,max_i_ka,0.37374999999999997,0.386,CHANGED
lines,LINE:001510,seasonal_rating_status,WINTER_DYNAMIC_AMBIENT_TEMPERATURE_RATING_APPLIED,DIRECT_PDIRD_WINTER_NOMINAL_CURRENT_APPLIED,CHANGED
lines,LINE:001511,parameter_source,"E-REDES PDIRD-E 2020 Annex B, 31-12-2025 planning table",https://www.e-redes.pt/sites/eredes/files/2022-07/PDIRD-E%202020%20proposta%20final.pdf,CHANGED
lines,LINE:001511,max_i_status,DIRECT_PDIRD_MINIMUM_SUMMER_NOMINAL_CURRENT,DIRECT_PDIRD_MINIMUM_WINTER_NOMINAL_CURRENT,CHANGED
lines,LINE:001511,max_i_ka,0.37374999999999997,0.386,CHANGED
lines,LINE:001511,seasonal_rating_status,WINTER_DYNAMIC_AMBIENT_TEMPERATURE_RATING_APPLIED,DIRECT_PDIRD_WINTER_NOMINAL_CURRENT_APPLIED,CHANGED
lines,LINE:001512,parameter_source,"E-REDES PDIRD-E 2020 Annex B, 31-12-2025 planning table",https://www.e-redes.pt/sites/eredes/files/2022-07/PDIRD-E%202020%20proposta%20final.pdf,CHANGED
lines,LINE:001512,max_i_status,DIRECT_PDIRD_MINIMUM_SUMMER_NOMINAL_CURRENT,DIRECT_PDIRD_MINIMUM_WINTER_NOMINAL_CURRENT,CHANGED
lines,LINE:001512,max_i_ka,0.37374999999999997,0.386,CHANGED
lines,LINE:001512,seasonal_rating_status,WINTER_DYNAMIC_AMBIENT_TEMPERATURE_RATING_APPLIED,DIRECT_PDIRD_WINTER_NOMINAL_CURRENT_APPLIED,CHANGED
lines,LINE:001513,parameter_source,"E-REDES PDIRD-E 2020 Annex B, 31-12-2025 planning table",https://www.e-redes.pt/sites/eredes/files/2022-07/PDIRD-E%202020%20proposta%20final.pdf,CHANGED
lines,LINE:001513,max_i_status,DIRECT_PDIRD_MINIMUM_SUMMER_NOMINAL_CURRENT,DIRECT_PDIRD_MINIMUM_WINTER_NOMINAL_CURRENT,CHANGED
lines,LINE:001513,max_i_ka,0.37374999999999997,0.386,CHANGED
lines,LINE:001513,seasonal_rating_status,WINTER_DYNAMIC_AMBIENT_TEMPERATURE_RATING_APPLIED,DIRECT_PDIRD_WINTER_NOMINAL_CURRENT_APPLIED,CHANGED
lines,LINE:001514,parameter_source,"E-REDES PDIRD-E 2020 Annex B, 31-12-2025 planning table",https://www.e-redes.pt/sites/eredes/files/2022-07/PDIRD-E%202020%20proposta%20final.pdf,CHANGED
lines,LINE:001514,max_i_status,DIRECT_PDIRD_MINIMUM_SUMMER_NOMINAL_CURRENT,DIRECT_PDIRD_MINIMUM_WINTER_NOMINAL_CURRENT,CHANGED
lines,LINE:001514,max_i_ka,0.37374999999999997,0.386,CHANGED
lines,LINE:001514,seasonal_rating_status,WINTER_DYNAMIC_AMBIENT_TEMPERATURE_RATING_APPLIED,DIRECT_PDIRD_WINTER_NOMINAL_CURRENT_APPLIED,CHANGED
lines,LINE:001515,parameter_source,"E-REDES PDIRD-E 2020 Annex B, 31-12-2025 planning table",https://www.e-redes.pt/sites/eredes/files/2022-07/PDIRD-E%202020%20proposta%20final.pdf,CHANGED
lines,LINE:001515,max_i_status,DIRECT_PDIRD_MINIMUM_SUMMER_NOMINAL_CURRENT,DIRECT_PDIRD_MINIMUM_WINTER_NOMINAL_CURRENT,CHANGED
lines,LINE:001515,max_i_ka,0.6969,0.686,CHANGED
lines,LINE:001515,seasonal_rating_status,WINTER_DYNAMIC_AMBIENT_TEMPERATURE_RATING_APPLIED,DIRECT_PDIRD_WINTER_NOMINAL_CURRENT_APPLIED,CHANGED
lines,LINE:001517,parameter_source,"E-REDES PDIRD-E 2020 Annex B, 31-12-2025 planning table",https://www.e-redes.pt/sites/eredes/files/2022-07/PDIRD-E%202020%20proposta%20final.pdf,CHANGED
lines,LINE:001517,max_i_status,DIRECT_PDIRD_MINIMUM_SUMMER_NOMINAL_CURRENT,DIRECT_PDIRD_MINIMUM_WINTER_NOMINAL_CURRENT,CHANGED
lines,LINE:001517,max_i_ka,0.6969,0.686,CHANGED
lines,LINE:001517,seasonal_rating_status,WINTER_DYNAMIC_AMBIENT_TEMPERATURE_RATING_APPLIED,DIRECT_PDIRD_WINTER_NOMINAL_CURRENT_APPLIED,CHANGED
lines,LINE:001518,parameter_source,"E-REDES PDIRD-E 2020 Annex B, 31-12-2025 planning table",https://www.e-redes.pt/sites/eredes/files/2022-07/PDIRD-E%202020%20proposta%20final.pdf,CHANGED
lines,LINE:001518,max_i_status,DIRECT_PDIRD_MINIMUM_SUMMER_NOMINAL_CURRENT,DIRECT_PDIRD_MINIMUM_WINTER_NOMINAL_CURRENT,CHANGED
lines,LINE:001518,max_i_ka,0.5450999999999999,0.582,CHANGED
lines,LINE:001518,seasonal_rating_status,WINTER_DYNAMIC_AMBIENT_TEMPERATURE_RATING_APPLIED,DIRECT_PDIRD_WINTER_NOMINAL_CURRENT_APPLIED,CHANGED
lines,LINE:001520,parameter_source,"E-REDES PDIRD-E 2020 Annex B, 31-12-2025 planning table",https://www.e-redes.pt/sites/eredes/files/2022-07/PDIRD-E%202020%20proposta%20final.pdf,CHANGED
lines,LINE:001520,max_i_status,DIRECT_PDIRD_MINIMUM_SUMMER_NOMINAL_CURRENT,DIRECT_PDIRD_MINIMUM_WINTER_NOMINAL_CURRENT,CHANGED
lines,LINE:001520,max_i_ka,0.30015,0.362,CHANGED
lines,LINE:001520,seasonal_rating_status,WINTER_DYNAMIC_AMBIENT_TEMPERATURE_RATING_APPLIED,DIRECT_PDIRD_WINTER_NOMINAL_CURRENT_APPLIED,CHANGED
lines,LINE:001521,parameter_source,"E-REDES PDIRD-E 2020 Annex B, 31-12-2025 planning table",https://www.e-redes.pt/sites/eredes/files/2022-07/PDIRD-E%202020%20proposta%20final.pdf,CHANGED
lines,LINE:001521,max_i_status,DIRECT_PDIRD_MINIMUM_SUMMER_NOMINAL_CURRENT,DIRECT_PDIRD_MINIMUM_WINTER_NOMINAL_CURRENT,CHANGED
lines,LINE:001521,max_i_ka,0.30015,0.362,CHANGED
lines,LINE:001521,seasonal_rating_status,WINTER_DYNAMIC_AMBIENT_TEMPERATURE_RATING_APPLIED,DIRECT_PDIRD_WINTER_NOMINAL_CURRENT_APPLIED,CHANGED
lines,LINE:001522,parameter_source,"E-REDES PDIRD-E 2020 Annex B, 31-12-2025 planning table",https://www.e-redes.pt/sites/eredes/files/2022-07/PDIRD-E%202020%20proposta%20final.pdf,CHANGED
lines,LINE:001522,max_i_status,DIRECT_PDIRD_MINIMUM_SUMMER_NOMINAL_CURRENT,DIRECT_PDIRD_MINIMUM_WINTER_NOMINAL_CURRENT,CHANGED
lines,LINE:001522,max_i_ka,0.4416,0.544,CHANGED
lines,LINE:001522,seasonal_rating_status,WINTER_DYNAMIC_AMBIENT_TEMPERATURE_RATING_APPLIED,DIRECT_PDIRD_WINTER_NOMINAL_CURRENT_APPLIED,CHANGED
lines,LINE:001523,parameter_source,"E-REDES PDIRD-E 2020 Annex B, 31-12-2025 planning table",https://www.e-redes.pt/sites/eredes/files/2022-07/PDIRD-E%202020%20proposta%20final.pdf,CHANGED
lines,LINE:001523,max_i_status,DIRECT_PDIRD_MINIMUM_SUMMER_NOMINAL_CURRENT,DIRECT_PDIRD_MINIMUM_WINTER_NOMINAL_CURRENT,CHANGED
lines,LINE:001523,max_i_ka,0.6969,0.686,CHANGED
lines,LINE:001523,seasonal_rating_status,WINTER_DYNAMIC_AMBIENT_TEMPERATURE_RATING_APPLIED,DIRECT_PDIRD_WINTER_NOMINAL_CURRENT_APPLIED,CHANGED
lines,LINE:001524,parameter_source,"E-REDES PDIRD-E 2020 Annex B, 31-12-2025 planning table",https://www.e-redes.pt/sites/eredes/files/2022-07/PDIRD-E%202020%20proposta%20final.pdf,CHANGED
lines,LINE:001524,max_i_status,DIRECT_PDIRD_MINIMUM_SUMMER_NOMINAL_CURRENT,DIRECT_PDIRD_MINIMUM_WINTER_NOMINAL_CURRENT,CHANGED
lines,LINE:001524,max_i_ka,0.6969,0.686,CHANGED
lines,LINE:001524,seasonal_rating_status,WINTER_DYNAMIC_AMBIENT_TEMPERATURE_RATING_APPLIED,DIRECT_PDIRD_WINTER_NOMINAL_CURRENT_APPLIED,CHANGED
lines,LINE:001529,parameter_source,"E-REDES PDIRD-E 2020 Annex B, 31-12-2025 planning table",https://www.e-redes.pt/sites/eredes/files/2022-07/PDIRD-E%202020%20proposta%20final.pdf,CHANGED
lines,LINE:001529,max_i_status,DIRECT_PDIRD_MINIMUM_SUMMER_NOMINAL_CURRENT,DIRECT_PDIRD_MINIMUM_WINTER_NOMINAL_CURRENT,CHANGED
lines,LINE:001529,max_i_ka,0.6969,0.686,CHANGED
lines,LINE:001529,seasonal_rating_status,WINTER_DYNAMIC_AMBIENT_TEMPERATURE_RATING_APPLIED,DIRECT_PDIRD_WINTER_NOMINAL_CURRENT_APPLIED,CHANGED
lines,LINE:001534,parameter_source,"E-REDES RARI 2024, LN60 1193 PC RIBABELIDE-VALDIGEM (REN)",https://www.e-redes.pt/sites/eredes/files/2022-07/PDIRD-E%202020%20proposta%20final.pdf,CHANGED
lines,LINE:001534,max_i_status,DIRECT_PUBLIC_CORRIDOR_SUMMER_NOMINAL_CURRENT,DIRECT_PDIRD_MINIMUM_WINTER_NOMINAL_CURRENT,CHANGED
lines,LINE:001534,max_i_ka,1.0741,1.258,CHANGED
lines,LINE:001534,seasonal_rating_status,WINTER_DYNAMIC_AMBIENT_TEMPERATURE_RATING_APPLIED,DIRECT_PDIRD_WINTER_NOMINAL_CURRENT_APPLIED,CHANGED
lines,LINE:001539,parameter_source,"E-REDES PDIRD-E 2020 Annex B, 31-12-2025 planning table",https://www.e-redes.pt/sites/eredes/files/2022-07/PDIRD-E%202020%20proposta%20final.pdf,CHANGED
lines,LINE:001539,max_i_status,DIRECT_PDIRD_MINIMUM_SUMMER_NOMINAL_CURRENT,DIRECT_PDIRD_MINIMUM_WINTER_NOMINAL_CURRENT,CHANGED
lines,LINE:001539,max_i_ka,0.4416,0.544,CHANGED
lines,LINE:001539,seasonal_rating_status,WINTER_DYNAMIC_AMBIENT_TEMPERATURE_RATING_APPLIED,DIRECT_PDIRD_WINTER_NOMINAL_CURRENT_APPLIED,CHANGED
lines,LINE:001555,parameter_source,"E-REDES PDIRD-E 2020 Annex B, 31-12-2025 planning table",https://www.e-redes.pt/sites/eredes/files/2022-07/PDIRD-E%202020%20proposta%20final.pdf,CHANGED
lines,LINE:001555,max_i_status,DIRECT_PDIRD_MINIMUM_SUMMER_NOMINAL_CURRENT,DIRECT_PDIRD_MINIMUM_WINTER_NOMINAL_CURRENT,CHANGED
lines,LINE:001555,max_i_ka,0.6969,0.686,CHANGED
lines,LINE:001555,seasonal_rating_status,WINTER_DYNAMIC_AMBIENT_TEMPERATURE_RATING_APPLIED,DIRECT_PDIRD_WINTER_NOMINAL_CURRENT_APPLIED,CHANGED
lines,LINE:001556,parameter_source,"E-REDES PDIRD-E 2020 Annex B, 31-12-2025 planning table",https://www.e-redes.pt/sites/eredes/files/2022-07/PDIRD-E%202020%20proposta%20final.pdf,CHANGED
lines,LINE:001556,max_i_status,DIRECT_PDIRD_MINIMUM_SUMMER_NOMINAL_CURRENT,DIRECT_PDIRD_MINIMUM_WINTER_NOMINAL_CURRENT,CHANGED
lines,LINE:001556,max_i_ka,0.4416,0.544,CHANGED
lines,LINE:001556,seasonal_rating_status,WINTER_DYNAMIC_AMBIENT_TEMPERATURE_RATING_APPLIED,DIRECT_PDIRD_WINTER_NOMINAL_CURRENT_APPLIED,CHANGED
lines,LINE:001564,parameter_source,"E-REDES PDIRD-E 2020 Annex B, 31-12-2025 planning table",https://www.e-redes.pt/sites/eredes/files/2022-07/PDIRD-E%202020%20proposta%20final.pdf,CHANGED
lines,LINE:001564,max_i_status,DIRECT_PDIRD_MINIMUM_SUMMER_NOMINAL_CURRENT,DIRECT_PDIRD_MINIMUM_WINTER_NOMINAL_CURRENT,CHANGED
lines,LINE:001564,max_i_ka,0.4416,0.544,CHANGED
lines,LINE:001564,seasonal_rating_status,WINTER_DYNAMIC_AMBIENT_TEMPERATURE_RATING_APPLIED,DIRECT_PDIRD_WINTER_NOMINAL_CURRENT_APPLIED,CHANGED
lines,LINE:001569,parameter_source,"E-REDES PDIRD-E 2020 Annex B, 31-12-2025 planning table",https://www.e-redes.pt/sites/eredes/files/2022-07/PDIRD-E%202020%20proposta%20final.pdf,CHANGED
lines,LINE:001569,max_i_status,DIRECT_PDIRD_MINIMUM_SUMMER_NOMINAL_CURRENT,DIRECT_PDIRD_MINIMUM_WINTER_NOMINAL_CURRENT,CHANGED
lines,LINE:001569,max_i_ka,0.5450999999999999,0.582,CHANGED
lines,LINE:001569,seasonal_rating_status,WINTER_DYNAMIC_AMBIENT_TEMPERATURE_RATING_APPLIED,DIRECT_PDIRD_WINTER_NOMINAL_CURRENT_APPLIED,CHANGED
lines,LINE:001570,parameter_source,"E-REDES PDIRD-E 2020 Annex B, 31-12-2025 planning table",https://www.e-redes.pt/sites/eredes/files/2022-07/PDIRD-E%202020%20proposta%20final.pdf,CHANGED
lines,LINE:001570,max_i_status,DIRECT_PDIRD_MINIMUM_SUMMER_NOMINAL_CURRENT,DIRECT_PDIRD_MINIMUM_WINTER_NOMINAL_CURRENT,CHANGED
lines,LINE:001570,max_i_ka,0.5450999999999999,0.582,CHANGED
lines,LINE:001570,seasonal_rating_status,WINTER_DYNAMIC_AMBIENT_TEMPERATURE_RATING_APPLIED,DIRECT_PDIRD_WINTER_NOMINAL_CURRENT_APPLIED,CHANGED
lines,LINE:001571,parameter_source,"E-REDES PDIRD-E 2020 Annex B, 31-12-2025 planning table",https://www.e-redes.pt/sites/eredes/files/2022-07/PDIRD-E%202020%20proposta%20final.pdf,CHANGED
lines,LINE:001571,max_i_status,DIRECT_PDIRD_MINIMUM_SUMMER_NOMINAL_CURRENT,DIRECT_PDIRD_MINIMUM_WINTER_NOMINAL_CURRENT,CHANGED
lines,LINE:001571,max_i_ka,0.5450999999999999,0.582,CHANGED
lines,LINE:001571,seasonal_rating_status,WINTER_DYNAMIC_AMBIENT_TEMPERATURE_RATING_APPLIED,DIRECT_PDIRD_WINTER_NOMINAL_CURRENT_APPLIED,CHANGED
lines,LINE:001583,parameter_source,"E-REDES PDIRD-E 2020 Annex B, 31-12-2025 planning table",https://www.e-redes.pt/sites/eredes/files/2022-07/PDIRD-E%202020%20proposta%20final.pdf,CHANGED
lines,LINE:001583,max_i_status,DIRECT_PDIRD_MINIMUM_SUMMER_NOMINAL_CURRENT,DIRECT_PDIRD_MINIMUM_WINTER_NOMINAL_CURRENT,CHANGED
lines,LINE:001583,max_i_ka,0.5450999999999999,0.582,CHANGED
lines,LINE:001583,seasonal_rating_status,WINTER_DYNAMIC_AMBIENT_TEMPERATURE_RATING_APPLIED,DIRECT_PDIRD_WINTER_NOMINAL_CURRENT_APPLIED,CHANGED
lines,LINE:001584,parameter_source,"E-REDES PDIRD-E 2020 Annex B, 31-12-2025 planning table",https://www.e-redes.pt/sites/eredes/files/2022-07/PDIRD-E%202020%20proposta%20final.pdf,CHANGED
lines,LINE:001584,max_i_status,DIRECT_PDIRD_MINIMUM_SUMMER_NOMINAL_CURRENT,DIRECT_PDIRD_MINIMUM_WINTER_NOMINAL_CURRENT,CHANGED
lines,LINE:001584,max_i_ka,0.5450999999999999,0.582,CHANGED
lines,LINE:001584,seasonal_rating_status,WINTER_DYNAMIC_AMBIENT_TEMPERATURE_RATING_APPLIED,DIRECT_PDIRD_WINTER_NOMINAL_CURRENT_APPLIED,CHANGED
lines,LINE:001589,parameter_source,"E-REDES PDIRD-E 2020 Annex B, 31-12-2025 planning table",https://www.e-redes.pt/sites/eredes/files/2022-07/PDIRD-E%202020%20proposta%20final.pdf,CHANGED
lines,LINE:001589,max_i_status,DIRECT_PDIRD_MINIMUM_SUMMER_NOMINAL_CURRENT,DIRECT_PDIRD_MINIMUM_WINTER_NOMINAL_CURRENT,CHANGED
lines,LINE:001589,max_i_ka,0.6969,0.686,CHANGED
lines,LINE:001589,seasonal_rating_status,WINTER_DYNAMIC_AMBIENT_TEMPERATURE_RATING_APPLIED,DIRECT_PDIRD_WINTER_NOMINAL_CURRENT_APPLIED,CHANGED
lines,LINE:001590,parameter_source,"E-REDES PDIRD-E 2020 Annex B, 31-12-2025 planning table",https://www.e-redes.pt/sites/eredes/files/2022-07/PDIRD-E%202020%20proposta%20final.pdf,CHANGED
lines,LINE:001590,max_i_status,DIRECT_PDIRD_MINIMUM_SUMMER_NOMINAL_CURRENT,DIRECT_PDIRD_MINIMUM_WINTER_NOMINAL_CURRENT,CHANGED
lines,LINE:001590,max_i_ka,0.6969,0.686,CHANGED
lines,LINE:001590,seasonal_rating_status,WINTER_DYNAMIC_AMBIENT_TEMPERATURE_RATING_APPLIED,DIRECT_PDIRD_WINTER_NOMINAL_CURRENT_APPLIED,CHANGED
lines,LINE:001595,parameter_source,"E-REDES PDIRD-E 2020 Annex B, 31-12-2025 planning table",https://www.e-redes.pt/sites/eredes/files/2022-07/PDIRD-E%202020%20proposta%20final.pdf,CHANGED
lines,LINE:001595,max_i_status,DIRECT_PDIRD_MINIMUM_SUMMER_NOMINAL_CURRENT,DIRECT_PDIRD_MINIMUM_WINTER_NOMINAL_CURRENT,CHANGED
lines,LINE:001595,max_i_ka,1.3938,1.372,CHANGED
lines,LINE:001595,seasonal_rating_status,WINTER_DYNAMIC_AMBIENT_TEMPERATURE_RATING_APPLIED,DIRECT_PDIRD_WINTER_NOMINAL_CURRENT_APPLIED,CHANGED
lines,LINE:001596,parameter_source,"E-REDES PDIRD-E 2020 Annex B, 31-12-2025 planning table",https://www.e-redes.pt/sites/eredes/files/2022-07/PDIRD-E%202020%20proposta%20final.pdf,CHANGED
lines,LINE:001596,max_i_status,DIRECT_PDIRD_MINIMUM_SUMMER_NOMINAL_CURRENT,DIRECT_PDIRD_MINIMUM_WINTER_NOMINAL_CURRENT,CHANGED
lines,LINE:001596,max_i_ka,1.3938,1.372,CHANGED
lines,LINE:001596,seasonal_rating_status,WINTER_DYNAMIC_AMBIENT_TEMPERATURE_RATING_APPLIED,DIRECT_PDIRD_WINTER_NOMINAL_CURRENT_APPLIED,CHANGED
lines,LINE:001611,parameter_source,"E-REDES PDIRD-E 2020 Annex B, 31-12-2025 planning table",https://www.e-redes.pt/sites/eredes/files/2022-07/PDIRD-E%202020%20proposta%20final.pdf,CHANGED
lines,LINE:001611,max_i_status,DIRECT_PDIRD_MINIMUM_SUMMER_NOMINAL_CURRENT,DIRECT_PDIRD_MINIMUM_WINTER_NOMINAL_CURRENT,CHANGED
lines,LINE:001611,max_i_ka,0.46115,0.451,CHANGED
lines,LINE:001611,seasonal_rating_status,WINTER_DYNAMIC_AMBIENT_TEMPERATURE_RATING_APPLIED,DIRECT_PDIRD_WINTER_NOMINAL_CURRENT_APPLIED,CHANGED
lines,LINE:001613,parameter_source,"E-REDES PDIRD-E 2020 Annex B, 31-12-2025 planning table",https://www.e-redes.pt/sites/eredes/files/2022-07/PDIRD-E%202020%20proposta%20final.pdf,CHANGED
lines,LINE:001613,max_i_status,DIRECT_PDIRD_MINIMUM_SUMMER_NOMINAL_CURRENT,DIRECT_PDIRD_MINIMUM_WINTER_NOMINAL_CURRENT,CHANGED
lines,LINE:001613,max_i_ka,0.30015,0.362,CHANGED
lines,LINE:001613,seasonal_rating_status,WINTER_DYNAMIC_AMBIENT_TEMPERATURE_RATING_APPLIED,DIRECT_PDIRD_WINTER_NOMINAL_CURRENT_APPLIED,CHANGED
lines,LINE:001630,parameter_source,"E-REDES PDIRD-E 2020 Annex B, 31-12-2025 planning table",https://www.e-redes.pt/sites/eredes/files/2022-07/PDIRD-E%202020%20proposta%20final.pdf,CHANGED
lines,LINE:001630,max_i_status,DIRECT_PDIRD_MINIMUM_SUMMER_NOMINAL_CURRENT,DIRECT_PDIRD_MINIMUM_WINTER_NOMINAL_CURRENT,CHANGED
lines,LINE:001630,max_i_ka,0.46115,0.451,CHANGED
lines,LINE:001630,seasonal_rating_status,WINTER_DYNAMIC_AMBIENT_TEMPERATURE_RATING_APPLIED,DIRECT_PDIRD_WINTER_NOMINAL_CURRENT_APPLIED,CHANGED
lines,LINE:001637,parameter_source,"E-REDES PDIRD-E 2020 Annex B, 31-12-2025 planning table",https://www.e-redes.pt/sites/eredes/files/2022-07/PDIRD-E%202020%20proposta%20final.pdf,CHANGED
lines,LINE:001637,max_i_status,DIRECT_PDIRD_MINIMUM_SUMMER_NOMINAL_CURRENT,DIRECT_PDIRD_MINIMUM_WINTER_NOMINAL_CURRENT,CHANGED
lines,LINE:001637,max_i_ka,0.46115,0.451,CHANGED
lines,LINE:001637,seasonal_rating_status,WINTER_DYNAMIC_AMBIENT_TEMPERATURE_RATING_APPLIED,DIRECT_PDIRD_WINTER_NOMINAL_CURRENT_APPLIED,CHANGED
lines,LINE:001639,parameter_source,"E-REDES PDIRD-E 2020 Annex B, 31-12-2025 planning table",https://www.e-redes.pt/sites/eredes/files/2022-07/PDIRD-E%202020%20proposta%20final.pdf,CHANGED
lines,LINE:001639,max_i_status,DIRECT_PDIRD_MINIMUM_SUMMER_NOMINAL_CURRENT,DIRECT_PDIRD_MINIMUM_WINTER_NOMINAL_CURRENT,CHANGED
lines,LINE:001639,max_i_ka,0.49565,0.615,CHANGED
lines,LINE:001639,seasonal_rating_status,WINTER_DYNAMIC_AMBIENT_TEMPERATURE_RATING_APPLIED,DIRECT_PDIRD_WINTER_NOMINAL_CURRENT_APPLIED,CHANGED
lines,LINE:001640,parameter_source,"E-REDES PDIRD-E 2020 Annex B, 31-12-2025 planning table",https://www.e-redes.pt/sites/eredes/files/2022-07/PDIRD-E%202020%20proposta%20final.pdf,CHANGED
lines,LINE:001640,max_i_status,DIRECT_PDIRD_MINIMUM_SUMMER_NOMINAL_CURRENT,DIRECT_PDIRD_MINIMUM_WINTER_NOMINAL_CURRENT,CHANGED
lines,LINE:001640,max_i_ka,0.49565,0.615,CHANGED
lines,LINE:001640,seasonal_rating_status,WINTER_DYNAMIC_AMBIENT_TEMPERATURE_RATING_APPLIED,DIRECT_PDIRD_WINTER_NOMINAL_CURRENT_APPLIED,CHANGED
lines,LINE:001641,parameter_source,"E-REDES PDIRD-E 2020 Annex B, 31-12-2025 planning table",https://www.e-redes.pt/sites/eredes/files/2022-07/PDIRD-E%202020%20proposta%20final.pdf,CHANGED
lines,LINE:001641,max_i_status,DIRECT_PDIRD_MINIMUM_SUMMER_NOMINAL_CURRENT,DIRECT_PDIRD_MINIMUM_WINTER_NOMINAL_CURRENT,CHANGED
lines,LINE:001641,max_i_ka,0.49565,0.615,CHANGED
lines,LINE:001641,seasonal_rating_status,WINTER_DYNAMIC_AMBIENT_TEMPERATURE_RATING_APPLIED,DIRECT_PDIRD_WINTER_NOMINAL_CURRENT_APPLIED,CHANGED
lines,LINE:001642,parameter_source,"E-REDES PDIRD-E 2020 Annex B, 31-12-2025 planning table",https://www.e-redes.pt/sites/eredes/files/2022-07/PDIRD-E%202020%20proposta%20final.pdf,CHANGED
lines,LINE:001642,max_i_status,DIRECT_PDIRD_MINIMUM_SUMMER_NOMINAL_CURRENT,DIRECT_PDIRD_MINIMUM_WINTER_NOMINAL_CURRENT,CHANGED
lines,LINE:001642,max_i_ka,0.49565,0.615,CHANGED
lines,LINE:001642,seasonal_rating_status,WINTER_DYNAMIC_AMBIENT_TEMPERATURE_RATING_APPLIED,DIRECT_PDIRD_WINTER_NOMINAL_CURRENT_APPLIED,CHANGED
lines,LINE:001656,parameter_source,"E-REDES PDIRD-E 2020 Annex B, 31-12-2025 planning table",https://www.e-redes.pt/sites/eredes/files/2022-07/PDIRD-E%202020%20proposta%20final.pdf,CHANGED
lines,LINE:001656,max_i_status,DIRECT_PDIRD_MINIMUM_SUMMER_NOMINAL_CURRENT,DIRECT_PDIRD_MINIMUM_WINTER_NOMINAL_CURRENT,CHANGED
lines,LINE:001656,max_i_ka,1.07525,1.113,CHANGED
lines,LINE:001656,seasonal_rating_status,WINTER_DYNAMIC_AMBIENT_TEMPERATURE_RATING_APPLIED,DIRECT_PDIRD_WINTER_NOMINAL_CURRENT_APPLIED,CHANGED
lines,LINE:001659,parameter_source,"E-REDES PDIRD-E 2020 Annex B, 31-12-2025 planning table",https://www.e-redes.pt/sites/eredes/files/2022-07/PDIRD-E%202020%20proposta%20final.pdf,CHANGED
lines,LINE:001659,max_i_status,DIRECT_PDIRD_MINIMUM_SUMMER_NOMINAL_CURRENT,DIRECT_PDIRD_MINIMUM_WINTER_NOMINAL_CURRENT,CHANGED
lines,LINE:001659,max_i_ka,0.4416,0.537,CHANGED
lines,LINE:001659,seasonal_rating_status,WINTER_DYNAMIC_AMBIENT_TEMPERATURE_RATING_APPLIED,DIRECT_PDIRD_WINTER_NOMINAL_CURRENT_APPLIED,CHANGED
lines,LINE:001665,parameter_source,"E-REDES PDIRD-E 2020 Annex B, 31-12-2025 planning table",https://www.e-redes.pt/sites/eredes/files/2022-07/PDIRD-E%202020%20proposta%20final.pdf,CHANGED
lines,LINE:001665,max_i_status,DIRECT_PDIRD_MINIMUM_SUMMER_NOMINAL_CURRENT,DIRECT_PDIRD_MINIMUM_WINTER_NOMINAL_CURRENT,CHANGED
lines,LINE:001665,max_i_ka,0.6969,0.686,CHANGED
lines,LINE:001665,seasonal_rating_status,WINTER_DYNAMIC_AMBIENT_TEMPERATURE_RATING_APPLIED,DIRECT_PDIRD_WINTER_NOMINAL_CURRENT_APPLIED,CHANGED
lines,LINE:001674,parameter_source,"E-REDES PDIRD-E 2020 Annex B, 31-12-2025 planning table",https://www.e-redes.pt/sites/eredes/files/2022-07/PDIRD-E%202020%20proposta%20final.pdf,CHANGED
lines,LINE:001674,max_i_status,DIRECT_PDIRD_MINIMUM_SUMMER_NOMINAL_CURRENT,DIRECT_PDIRD_MINIMUM_WINTER_NOMINAL_CURRENT,CHANGED
lines,LINE:001674,max_i_ka,0.88435,1.089,CHANGED
lines,LINE:001674,seasonal_rating_status,WINTER_DYNAMIC_AMBIENT_TEMPERATURE_RATING_APPLIED,DIRECT_PDIRD_WINTER_NOMINAL_CURRENT_APPLIED,CHANGED
lines,LINE:001675,parameter_source,"E-REDES PDIRD-E 2020 Annex B, 31-12-2025 planning table",https://www.e-redes.pt/sites/eredes/files/2022-07/PDIRD-E%202020%20proposta%20final.pdf,CHANGED
lines,LINE:001675,max_i_status,DIRECT_PDIRD_MINIMUM_SUMMER_NOMINAL_CURRENT,DIRECT_PDIRD_MINIMUM_WINTER_NOMINAL_CURRENT,CHANGED
lines,LINE:001675,max_i_ka,0.88435,1.089,CHANGED
lines,LINE:001675,seasonal_rating_status,WINTER_DYNAMIC_AMBIENT_TEMPERATURE_RATING_APPLIED,DIRECT_PDIRD_WINTER_NOMINAL_CURRENT_APPLIED,CHANGED
lines,LINE:001693,parameter_source,"E-REDES PDIRD-E 2020 Annex B, 31-12-2025 planning table",https://www.e-redes.pt/sites/eredes/files/2022-07/PDIRD-E%202020%20proposta%20final.pdf,CHANGED
lines,LINE:001693,max_i_status,DIRECT_PDIRD_MINIMUM_SUMMER_NOMINAL_CURRENT,DIRECT_PDIRD_MINIMUM_WINTER_NOMINAL_CURRENT,CHANGED
lines,LINE:001693,max_i_ka,0.4416,0.544,CHANGED
lines,LINE:001693,seasonal_rating_status,WINTER_DYNAMIC_AMBIENT_TEMPERATURE_RATING_APPLIED,DIRECT_PDIRD_WINTER_NOMINAL_CURRENT_APPLIED,CHANGED
lines,LINE:001694,parameter_source,"E-REDES PDIRD-E 2020 Annex B, 31-12-2025 planning table",https://www.e-redes.pt/sites/eredes/files/2022-07/PDIRD-E%202020%20proposta%20final.pdf,CHANGED
lines,LINE:001694,max_i_status,DIRECT_PDIRD_MINIMUM_SUMMER_NOMINAL_CURRENT,DIRECT_PDIRD_MINIMUM_WINTER_NOMINAL_CURRENT,CHANGED
lines,LINE:001694,max_i_ka,0.5796,0.568,CHANGED
lines,LINE:001694,seasonal_rating_status,WINTER_DYNAMIC_AMBIENT_TEMPERATURE_RATING_APPLIED,DIRECT_PDIRD_WINTER_NOMINAL_CURRENT_APPLIED,CHANGED
lines,LINE:001695,parameter_source,"E-REDES PDIRD-E 2020 Annex B, 31-12-2025 planning table",https://www.e-redes.pt/sites/eredes/files/2022-07/PDIRD-E%202020%20proposta%20final.pdf,CHANGED
lines,LINE:001695,max_i_status,DIRECT_PDIRD_MINIMUM_SUMMER_NOMINAL_CURRENT,DIRECT_PDIRD_MINIMUM_WINTER_NOMINAL_CURRENT,CHANGED
lines,LINE:001695,max_i_ka,0.5796,0.568,CHANGED
lines,LINE:001695,seasonal_rating_status,WINTER_DYNAMIC_AMBIENT_TEMPERATURE_RATING_APPLIED,DIRECT_PDIRD_WINTER_NOMINAL_CURRENT_APPLIED,CHANGED
lines,LINE:001696,parameter_source,"E-REDES PDIRD-E 2020 Annex B, 31-12-2025 planning table",https://www.e-redes.pt/sites/eredes/files/2022-07/PDIRD-E%202020%20proposta%20final.pdf,CHANGED
lines,LINE:001696,max_i_status,DIRECT_PDIRD_MINIMUM_SUMMER_NOMINAL_CURRENT,DIRECT_PDIRD_MINIMUM_WINTER_NOMINAL_CURRENT,CHANGED
lines,LINE:001696,max_i_ka,0.5796,0.568,CHANGED
lines,LINE:001696,seasonal_rating_status,WINTER_DYNAMIC_AMBIENT_TEMPERATURE_RATING_APPLIED,DIRECT_PDIRD_WINTER_NOMINAL_CURRENT_APPLIED,CHANGED
lines,LINE:001709,parameter_source,"E-REDES PDIRD-E 2020 Annex B, 31-12-2025 planning table",https://www.e-redes.pt/sites/eredes/files/2022-07/PDIRD-E%202020%20proposta%20final.pdf,CHANGED
lines,LINE:001709,max_i_status,DIRECT_PDIRD_MINIMUM_SUMMER_NOMINAL_CURRENT,DIRECT_PDIRD_MINIMUM_WINTER_NOMINAL_CURRENT,CHANGED
lines,LINE:001709,max_i_ka,0.6014499999999999,0.723,CHANGED
lines,LINE:001709,seasonal_rating_status,WINTER_DYNAMIC_AMBIENT_TEMPERATURE_RATING_APPLIED,DIRECT_PDIRD_WINTER_NOMINAL_CURRENT_APPLIED,CHANGED
lines,LINE:001713,parameter_source,"E-REDES PDIRD-E 2020 Annex B, 31-12-2025 planning table",https://www.e-redes.pt/sites/eredes/files/2022-07/PDIRD-E%202020%20proposta%20final.pdf,CHANGED
lines,LINE:001713,max_i_status,DIRECT_PDIRD_MINIMUM_SUMMER_NOMINAL_CURRENT,DIRECT_PDIRD_MINIMUM_WINTER_NOMINAL_CURRENT,CHANGED
lines,LINE:001713,max_i_ka,0.30015,0.362,CHANGED
lines,LINE:001713,seasonal_rating_status,WINTER_DYNAMIC_AMBIENT_TEMPERATURE_RATING_APPLIED,DIRECT_PDIRD_WINTER_NOMINAL_CURRENT_APPLIED,CHANGED
lines,LINE:001714,parameter_status,VOLTAGE_CLASS_ENGINEERING_PROXY,DIRECT_PUBLIC_TWO_CIRCUIT_WINTER_BOTTLENECK,CHANGED
lines,LINE:001714,parameter_source,config/model_config.json,https://www.e-redes.pt/sites/eredes/files/2022-07/PDIRD-E%202020%20proposta%20final.pdf,CHANGED
lines,LINE:001714,parameter_match_designation,,LN60 01/02 PC ORBACÉM-VILA NOVA DE CERVEIRA,CHANGED
lines,LINE:001714,max_i_status,ENGINEERING_PROXY,DIRECT_PUBLIC_TWO_CIRCUIT_WINTER_BOTTLENECK,CHANGED
lines,LINE:001714,max_i_ka,0.6969,0.544,CHANGED
lines,LINE:001714,parallel,1,2,CHANGED
lines,LINE:001714,parallel_status,SOURCE_CIRCUIT_FIELD_OR_SINGLE_CIRCUIT_DEFAULT,PUBLIC_TWO_CIRCUIT_INVENTORY,CHANGED
lines,LINE:001714,rating_override_status,NO_CORRIDOR_OVERRIDE,EXPLICIT_PUBLIC_INVENTORY_CORRECTION,CHANGED
lines,LINE:001714,seasonal_rating_status,WINTER_DYNAMIC_AMBIENT_TEMPERATURE_RATING_APPLIED,DIRECT_PDIRD_WINTER_NOMINAL_CURRENT_APPLIED,CHANGED
lines,LINE:001716,parameter_source,"E-REDES PDIRD-E 2020 Annex B, 31-12-2025 planning table",https://www.e-redes.pt/sites/eredes/files/2022-07/PDIRD-E%202020%20proposta%20final.pdf,CHANGED
lines,LINE:001716,max_i_status,DIRECT_PDIRD_MINIMUM_SUMMER_NOMINAL_CURRENT,DIRECT_PDIRD_MINIMUM_WINTER_NOMINAL_CURRENT,CHANGED
lines,LINE:001716,max_i_ka,0.6969,0.686,CHANGED
lines,LINE:001716,seasonal_rating_status,WINTER_DYNAMIC_AMBIENT_TEMPERATURE_RATING_APPLIED,DIRECT_PDIRD_WINTER_NOMINAL_CURRENT_APPLIED,CHANGED
lines,LINE:001724,parameter_source,"E-REDES PDIRD-E 2020 Annex B, 31-12-2025 planning table",https://www.e-redes.pt/sites/eredes/files/2022-07/PDIRD-E%202020%20proposta%20final.pdf,CHANGED
lines,LINE:001724,max_i_status,DIRECT_PDIRD_MINIMUM_SUMMER_NOMINAL_CURRENT,DIRECT_PDIRD_MINIMUM_WINTER_NOMINAL_CURRENT,CHANGED
lines,LINE:001724,max_i_ka,0.88435,1.089,CHANGED
lines,LINE:001724,seasonal_rating_status,WINTER_DYNAMIC_AMBIENT_TEMPERATURE_RATING_APPLIED,DIRECT_PDIRD_WINTER_NOMINAL_CURRENT_APPLIED,CHANGED
lines,LINE:001725,parameter_source,"E-REDES PDIRD-E 2020 Annex B, 31-12-2025 planning table",https://www.e-redes.pt/sites/eredes/files/2022-07/PDIRD-E%202020%20proposta%20final.pdf,CHANGED
lines,LINE:001725,max_i_status,DIRECT_PDIRD_MINIMUM_SUMMER_NOMINAL_CURRENT,DIRECT_PDIRD_MINIMUM_WINTER_NOMINAL_CURRENT,CHANGED
lines,LINE:001725,max_i_ka,0.6014499999999999,0.723,CHANGED
lines,LINE:001725,seasonal_rating_status,WINTER_DYNAMIC_AMBIENT_TEMPERATURE_RATING_APPLIED,DIRECT_PDIRD_WINTER_NOMINAL_CURRENT_APPLIED,CHANGED
lines,LINE:001726,parameter_source,"E-REDES PDIRD-E 2020 Annex B, 31-12-2025 planning table",https://www.e-redes.pt/sites/eredes/files/2022-07/PDIRD-E%202020%20proposta%20final.pdf,CHANGED
lines,LINE:001726,max_i_status,DIRECT_PDIRD_MINIMUM_SUMMER_NOMINAL_CURRENT,DIRECT_PDIRD_MINIMUM_WINTER_NOMINAL_CURRENT,CHANGED
lines,LINE:001726,max_i_ka,0.46115,0.451,CHANGED
lines,LINE:001726,seasonal_rating_status,WINTER_DYNAMIC_AMBIENT_TEMPERATURE_RATING_APPLIED,DIRECT_PDIRD_WINTER_NOMINAL_CURRENT_APPLIED,CHANGED
lines,LINE:001727,parameter_source,"E-REDES PDIRD-E 2020 Annex B, 31-12-2025 planning table",https://www.e-redes.pt/sites/eredes/files/2022-07/PDIRD-E%202020%20proposta%20final.pdf,CHANGED
lines,LINE:001727,max_i_status,DIRECT_PDIRD_MINIMUM_SUMMER_NOMINAL_CURRENT,DIRECT_PDIRD_MINIMUM_WINTER_NOMINAL_CURRENT,CHANGED
lines,LINE:001727,max_i_ka,0.46115,0.451,CHANGED
lines,LINE:001727,seasonal_rating_status,WINTER_DYNAMIC_AMBIENT_TEMPERATURE_RATING_APPLIED,DIRECT_PDIRD_WINTER_NOMINAL_CURRENT_APPLIED,CHANGED
lines,LINE:001728,parameter_source,"E-REDES PDIRD-E 2020 Annex B, 31-12-2025 planning table",https://www.e-redes.pt/sites/eredes/files/2022-07/PDIRD-E%202020%20proposta%20final.pdf,CHANGED
lines,LINE:001728,max_i_status,DIRECT_PDIRD_MINIMUM_SUMMER_NOMINAL_CURRENT,DIRECT_PDIRD_MINIMUM_WINTER_NOMINAL_CURRENT,CHANGED
lines,LINE:001728,max_i_ka,0.46115,0.451,CHANGED
lines,LINE:001728,seasonal_rating_status,WINTER_DYNAMIC_AMBIENT_TEMPERATURE_RATING_APPLIED,DIRECT_PDIRD_WINTER_NOMINAL_CURRENT_APPLIED,CHANGED
lines,LINE:001729,parameter_source,"E-REDES PDIRD-E 2020 Annex B, 31-12-2025 planning table",https://www.e-redes.pt/sites/eredes/files/2022-07/PDIRD-E%202020%20proposta%20final.pdf,CHANGED
lines,LINE:001729,max_i_status,DIRECT_PDIRD_MINIMUM_SUMMER_NOMINAL_CURRENT,DIRECT_PDIRD_MINIMUM_WINTER_NOMINAL_CURRENT,CHANGED
lines,LINE:001729,max_i_ka,0.46115,0.451,CHANGED
lines,LINE:001729,seasonal_rating_status,WINTER_DYNAMIC_AMBIENT_TEMPERATURE_RATING_APPLIED,DIRECT_PDIRD_WINTER_NOMINAL_CURRENT_APPLIED,CHANGED
lines,LINE:001736,parameter_source,"E-REDES PDIRD-E 2020 Annex B, 31-12-2025 planning table",https://www.e-redes.pt/sites/eredes/files/2022-07/PDIRD-E%202020%20proposta%20final.pdf,CHANGED
lines,LINE:001736,max_i_status,DIRECT_PDIRD_MINIMUM_SUMMER_NOMINAL_CURRENT,DIRECT_PDIRD_MINIMUM_WINTER_NOMINAL_CURRENT,CHANGED
lines,LINE:001736,max_i_ka,0.4416,0.544,CHANGED
lines,LINE:001736,seasonal_rating_status,WINTER_DYNAMIC_AMBIENT_TEMPERATURE_RATING_APPLIED,DIRECT_PDIRD_WINTER_NOMINAL_CURRENT_APPLIED,CHANGED
lines,LINE:001738,parameter_source,"E-REDES PDIRD-E 2020 Annex B, 31-12-2025 planning table",https://www.e-redes.pt/sites/eredes/files/2022-07/PDIRD-E%202020%20proposta%20final.pdf,CHANGED
lines,LINE:001738,max_i_status,DIRECT_PDIRD_MINIMUM_SUMMER_NOMINAL_CURRENT,DIRECT_PDIRD_MINIMUM_WINTER_NOMINAL_CURRENT,CHANGED
lines,LINE:001738,max_i_ka,0.4416,0.544,CHANGED
lines,LINE:001738,seasonal_rating_status,WINTER_DYNAMIC_AMBIENT_TEMPERATURE_RATING_APPLIED,DIRECT_PDIRD_WINTER_NOMINAL_CURRENT_APPLIED,CHANGED
lines,LINE:001740,parameter_source,"E-REDES PDIRD-E 2020 Annex B, 31-12-2025 planning table",https://www.e-redes.pt/sites/eredes/files/2022-07/PDIRD-E%202020%20proposta%20final.pdf,CHANGED
lines,LINE:001740,max_i_status,DIRECT_PDIRD_MINIMUM_SUMMER_NOMINAL_CURRENT,DIRECT_PDIRD_MINIMUM_WINTER_NOMINAL_CURRENT,CHANGED
lines,LINE:001740,max_i_ka,0.6014499999999999,0.723,CHANGED
lines,LINE:001740,seasonal_rating_status,WINTER_DYNAMIC_AMBIENT_TEMPERATURE_RATING_APPLIED,DIRECT_PDIRD_WINTER_NOMINAL_CURRENT_APPLIED,CHANGED
lines,LINE:001741,parameter_source,"E-REDES PDIRD-E 2020 Annex B, 31-12-2025 planning table",https://www.e-redes.pt/sites/eredes/files/2022-07/PDIRD-E%202020%20proposta%20final.pdf,CHANGED
lines,LINE:001741,max_i_status,DIRECT_PDIRD_MINIMUM_SUMMER_NOMINAL_CURRENT,DIRECT_PDIRD_MINIMUM_WINTER_NOMINAL_CURRENT,CHANGED
lines,LINE:001741,max_i_ka,0.6014499999999999,0.723,CHANGED
lines,LINE:001741,seasonal_rating_status,WINTER_DYNAMIC_AMBIENT_TEMPERATURE_RATING_APPLIED,DIRECT_PDIRD_WINTER_NOMINAL_CURRENT_APPLIED,CHANGED
lines,LINE:001753,parameter_source,"E-REDES PDIRD-E 2020 Annex B, 31-12-2025 planning table",https://www.e-redes.pt/sites/eredes/files/2022-07/PDIRD-E%202020%20proposta%20final.pdf,CHANGED
lines,LINE:001753,max_i_status,DIRECT_PDIRD_MINIMUM_SUMMER_NOMINAL_CURRENT,DIRECT_PDIRD_MINIMUM_WINTER_NOMINAL_CURRENT,CHANGED
lines,LINE:001753,max_i_ka,0.30015,0.362,CHANGED
lines,LINE:001753,seasonal_rating_status,WINTER_DYNAMIC_AMBIENT_TEMPERATURE_RATING_APPLIED,DIRECT_PDIRD_WINTER_NOMINAL_CURRENT_APPLIED,CHANGED
lines,LINE:001766,parameter_source,"E-REDES PDIRD-E 2020 Annex B, 31-12-2025 planning table",https://www.e-redes.pt/sites/eredes/files/2022-07/PDIRD-E%202020%20proposta%20final.pdf,CHANGED
lines,LINE:001766,max_i_status,DIRECT_PDIRD_MINIMUM_SUMMER_NOMINAL_CURRENT,DIRECT_PDIRD_MINIMUM_WINTER_NOMINAL_CURRENT,CHANGED
lines,LINE:001766,max_i_ka,0.6969,0.686,CHANGED
lines,LINE:001766,seasonal_rating_status,WINTER_DYNAMIC_AMBIENT_TEMPERATURE_RATING_APPLIED,DIRECT_PDIRD_WINTER_NOMINAL_CURRENT_APPLIED,CHANGED
lines,LINE:001771,parameter_source,"E-REDES PDIRD-E 2020 Annex B, 31-12-2025 planning table",https://www.e-redes.pt/sites/eredes/files/2022-07/PDIRD-E%202020%20proposta%20final.pdf,CHANGED
lines,LINE:001771,max_i_status,DIRECT_PDIRD_MINIMUM_SUMMER_NOMINAL_CURRENT,DIRECT_PDIRD_MINIMUM_WINTER_NOMINAL_CURRENT,CHANGED
lines,LINE:001771,max_i_ka,0.6014499999999999,0.723,CHANGED
lines,LINE:001771,seasonal_rating_status,WINTER_DYNAMIC_AMBIENT_TEMPERATURE_RATING_APPLIED,DIRECT_PDIRD_WINTER_NOMINAL_CURRENT_APPLIED,CHANGED
lines,LINE:001781,parameter_source,"E-REDES PDIRD-E 2020 Annex B, 31-12-2025 planning table",https://www.e-redes.pt/sites/eredes/files/2022-07/PDIRD-E%202020%20proposta%20final.pdf,CHANGED
lines,LINE:001781,max_i_status,DIRECT_PDIRD_MINIMUM_SUMMER_NOMINAL_CURRENT,DIRECT_PDIRD_MINIMUM_WINTER_NOMINAL_CURRENT,CHANGED
lines,LINE:001781,max_i_ka,0.5450999999999999,0.582,CHANGED
lines,LINE:001781,seasonal_rating_status,WINTER_DYNAMIC_AMBIENT_TEMPERATURE_RATING_APPLIED,DIRECT_PDIRD_WINTER_NOMINAL_CURRENT_APPLIED,CHANGED
lines,LINE:001795,parameter_source,"E-REDES PDIRD-E 2020 Annex B, 31-12-2025 planning table",https://www.e-redes.pt/sites/eredes/files/2022-07/PDIRD-E%202020%20proposta%20final.pdf,CHANGED
lines,LINE:001795,max_i_status,DIRECT_PDIRD_MINIMUM_SUMMER_NOMINAL_CURRENT,DIRECT_PDIRD_MINIMUM_WINTER_NOMINAL_CURRENT,CHANGED
lines,LINE:001795,max_i_ka,0.5450999999999999,0.582,CHANGED
lines,LINE:001795,seasonal_rating_status,WINTER_DYNAMIC_AMBIENT_TEMPERATURE_RATING_APPLIED,DIRECT_PDIRD_WINTER_NOMINAL_CURRENT_APPLIED,CHANGED
lines,LINE:001797,parameter_source,"E-REDES PDIRD-E 2020 Annex B, 31-12-2025 planning table",https://www.e-redes.pt/sites/eredes/files/2022-07/PDIRD-E%202020%20proposta%20final.pdf,CHANGED
lines,LINE:001797,max_i_status,DIRECT_PDIRD_MINIMUM_SUMMER_NOMINAL_CURRENT,DIRECT_PDIRD_MINIMUM_WINTER_NOMINAL_CURRENT,CHANGED
lines,LINE:001797,max_i_ka,0.46115,0.451,CHANGED
lines,LINE:001797,seasonal_rating_status,WINTER_DYNAMIC_AMBIENT_TEMPERATURE_RATING_APPLIED,DIRECT_PDIRD_WINTER_NOMINAL_CURRENT_APPLIED,CHANGED
lines,LINE:001798,parameter_source,"E-REDES PDIRD-E 2020 Annex B, 31-12-2025 planning table",https://www.e-redes.pt/sites/eredes/files/2022-07/PDIRD-E%202020%20proposta%20final.pdf,CHANGED
lines,LINE:001798,max_i_status,DIRECT_PDIRD_MINIMUM_SUMMER_NOMINAL_CURRENT,DIRECT_PDIRD_MINIMUM_WINTER_NOMINAL_CURRENT,CHANGED
lines,LINE:001798,max_i_ka,0.46115,0.451,CHANGED
lines,LINE:001798,seasonal_rating_status,WINTER_DYNAMIC_AMBIENT_TEMPERATURE_RATING_APPLIED,DIRECT_PDIRD_WINTER_NOMINAL_CURRENT_APPLIED,CHANGED
lines,LINE:001801,parameter_source,"E-REDES PDIRD-E 2020 Annex B, 31-12-2025 planning table",https://www.e-redes.pt/sites/eredes/files/2022-07/PDIRD-E%202020%20proposta%20final.pdf,CHANGED
lines,LINE:001801,max_i_status,DIRECT_PDIRD_MINIMUM_SUMMER_NOMINAL_CURRENT,DIRECT_PDIRD_MINIMUM_WINTER_NOMINAL_CURRENT,CHANGED
lines,LINE:001801,max_i_ka,1.3938,1.372,CHANGED
lines,LINE:001801,seasonal_rating_status,WINTER_DYNAMIC_AMBIENT_TEMPERATURE_RATING_APPLIED,DIRECT_PDIRD_WINTER_NOMINAL_CURRENT_APPLIED,CHANGED
lines,LINE:001804,parameter_source,"E-REDES PDIRD-E 2020 Annex B, 31-12-2025 planning table",https://www.e-redes.pt/sites/eredes/files/2022-07/PDIRD-E%202020%20proposta%20final.pdf,CHANGED
lines,LINE:001804,max_i_status,DIRECT_PDIRD_MINIMUM_SUMMER_NOMINAL_CURRENT,DIRECT_PDIRD_MINIMUM_WINTER_NOMINAL_CURRENT,CHANGED
lines,LINE:001804,max_i_ka,0.6014499999999999,0.686,CHANGED
lines,LINE:001804,seasonal_rating_status,WINTER_DYNAMIC_AMBIENT_TEMPERATURE_RATING_APPLIED,DIRECT_PDIRD_WINTER_NOMINAL_CURRENT_APPLIED,CHANGED
lines,LINE:001817,parameter_source,"E-REDES PDIRD-E 2020 Annex B, 31-12-2025 planning table",https://www.e-redes.pt/sites/eredes/files/2022-07/PDIRD-E%202020%20proposta%20final.pdf,CHANGED
lines,LINE:001817,max_i_status,DIRECT_PDIRD_MINIMUM_SUMMER_NOMINAL_CURRENT,DIRECT_PDIRD_MINIMUM_WINTER_NOMINAL_CURRENT,CHANGED
lines,LINE:001817,max_i_ka,0.88435,1.089,CHANGED
lines,LINE:001817,seasonal_rating_status,WINTER_DYNAMIC_AMBIENT_TEMPERATURE_RATING_APPLIED,DIRECT_PDIRD_WINTER_NOMINAL_CURRENT_APPLIED,CHANGED
lines,LINE:001833,parameter_source,"E-REDES PDIRD-E 2020 Annex B, 31-12-2025 planning table",https://www.e-redes.pt/sites/eredes/files/2022-07/PDIRD-E%202020%20proposta%20final.pdf,CHANGED
lines,LINE:001833,max_i_status,DIRECT_PDIRD_MINIMUM_SUMMER_NOMINAL_CURRENT,DIRECT_PDIRD_MINIMUM_WINTER_NOMINAL_CURRENT,CHANGED
lines,LINE:001833,max_i_ka,0.46115,0.451,CHANGED
lines,LINE:001833,seasonal_rating_status,WINTER_DYNAMIC_AMBIENT_TEMPERATURE_RATING_APPLIED,DIRECT_PDIRD_WINTER_NOMINAL_CURRENT_APPLIED,CHANGED
lines,LINE:001834,parameter_source,"E-REDES PDIRD-E 2020 Annex B, 31-12-2025 planning table",https://www.e-redes.pt/sites/eredes/files/2022-07/PDIRD-E%202020%20proposta%20final.pdf,CHANGED
lines,LINE:001834,max_i_status,DIRECT_PDIRD_MINIMUM_SUMMER_NOMINAL_CURRENT,DIRECT_PDIRD_MINIMUM_WINTER_NOMINAL_CURRENT,CHANGED
lines,LINE:001834,max_i_ka,0.46115,0.451,CHANGED
lines,LINE:001834,seasonal_rating_status,WINTER_DYNAMIC_AMBIENT_TEMPERATURE_RATING_APPLIED,DIRECT_PDIRD_WINTER_NOMINAL_CURRENT_APPLIED,CHANGED
lines,LINE:001837,parameter_source,"E-REDES PDIRD-E 2020 Annex B, 31-12-2025 planning table",https://www.e-redes.pt/sites/eredes/files/2022-07/PDIRD-E%202020%20proposta%20final.pdf,CHANGED
lines,LINE:001837,max_i_status,DIRECT_PDIRD_MINIMUM_SUMMER_NOMINAL_CURRENT,DIRECT_PDIRD_MINIMUM_WINTER_NOMINAL_CURRENT,CHANGED
lines,LINE:001837,max_i_ka,0.4416,0.544,CHANGED
lines,LINE:001837,seasonal_rating_status,WINTER_DYNAMIC_AMBIENT_TEMPERATURE_RATING_APPLIED,DIRECT_PDIRD_WINTER_NOMINAL_CURRENT_APPLIED,CHANGED
lines,LINE:001838,parameter_source,"E-REDES PDIRD-E 2020 Annex B, 31-12-2025 planning table",https://www.e-redes.pt/sites/eredes/files/2022-07/PDIRD-E%202020%20proposta%20final.pdf,CHANGED
lines,LINE:001838,max_i_status,DIRECT_PDIRD_MINIMUM_SUMMER_NOMINAL_CURRENT,DIRECT_PDIRD_MINIMUM_WINTER_NOMINAL_CURRENT,CHANGED
lines,LINE:001838,max_i_ka,0.4416,0.544,CHANGED
lines,LINE:001838,seasonal_rating_status,WINTER_DYNAMIC_AMBIENT_TEMPERATURE_RATING_APPLIED,DIRECT_PDIRD_WINTER_NOMINAL_CURRENT_APPLIED,CHANGED
lines,LINE:001840,parameter_source,"E-REDES PDIRD-E 2020 Annex B, 31-12-2025 planning table",https://www.e-redes.pt/sites/eredes/files/2022-07/PDIRD-E%202020%20proposta%20final.pdf,CHANGED
lines,LINE:001840,max_i_status,DIRECT_PDIRD_MINIMUM_SUMMER_NOMINAL_CURRENT,DIRECT_PDIRD_MINIMUM_WINTER_NOMINAL_CURRENT,CHANGED
lines,LINE:001840,max_i_ka,0.37834999999999996,0.461,CHANGED
lines,LINE:001840,seasonal_rating_status,WINTER_DYNAMIC_AMBIENT_TEMPERATURE_RATING_APPLIED,DIRECT_PDIRD_WINTER_NOMINAL_CURRENT_APPLIED,CHANGED
lines,LINE:001848,parameter_source,"E-REDES PDIRD-E 2020 Annex B, 31-12-2025 planning table",https://www.e-redes.pt/sites/eredes/files/2022-07/PDIRD-E%202020%20proposta%20final.pdf,CHANGED
lines,LINE:001848,max_i_status,DIRECT_PDIRD_MINIMUM_SUMMER_NOMINAL_CURRENT,DIRECT_PDIRD_MINIMUM_WINTER_NOMINAL_CURRENT,CHANGED
lines,LINE:001848,max_i_ka,1.3938,1.372,CHANGED
lines,LINE:001848,seasonal_rating_status,WINTER_DYNAMIC_AMBIENT_TEMPERATURE_RATING_APPLIED,DIRECT_PDIRD_WINTER_NOMINAL_CURRENT_APPLIED,CHANGED
lines,LINE:001849,parameter_source,"E-REDES PDIRD-E 2020 Annex B, 31-12-2025 planning table",https://www.e-redes.pt/sites/eredes/files/2022-07/PDIRD-E%202020%20proposta%20final.pdf,CHANGED
lines,LINE:001849,max_i_status,DIRECT_PDIRD_MINIMUM_SUMMER_NOMINAL_CURRENT,DIRECT_PDIRD_MINIMUM_WINTER_NOMINAL_CURRENT,CHANGED
lines,LINE:001849,max_i_ka,0.6969,0.686,CHANGED
lines,LINE:001849,seasonal_rating_status,WINTER_DYNAMIC_AMBIENT_TEMPERATURE_RATING_APPLIED,DIRECT_PDIRD_WINTER_NOMINAL_CURRENT_APPLIED,CHANGED
lines,LINE:001850,parameter_source,"E-REDES PDIRD-E 2020 Annex B, 31-12-2025 planning table",https://www.e-redes.pt/sites/eredes/files/2022-07/PDIRD-E%202020%20proposta%20final.pdf,CHANGED
lines,LINE:001850,max_i_status,DIRECT_PDIRD_MINIMUM_SUMMER_NOMINAL_CURRENT,DIRECT_PDIRD_MINIMUM_WINTER_NOMINAL_CURRENT,CHANGED
lines,LINE:001850,max_i_ka,0.6969,0.686,CHANGED
lines,LINE:001850,seasonal_rating_status,WINTER_DYNAMIC_AMBIENT_TEMPERATURE_RATING_APPLIED,DIRECT_PDIRD_WINTER_NOMINAL_CURRENT_APPLIED,CHANGED
lines,LINE:001851,parameter_source,"E-REDES PDIRD-E 2020 Annex B, 31-12-2025 planning table",https://www.e-redes.pt/sites/eredes/files/2022-07/PDIRD-E%202020%20proposta%20final.pdf,CHANGED
lines,LINE:001851,max_i_status,DIRECT_PDIRD_MINIMUM_SUMMER_NOMINAL_CURRENT,DIRECT_PDIRD_MINIMUM_WINTER_NOMINAL_CURRENT,CHANGED
lines,LINE:001851,max_i_ka,0.6969,0.686,CHANGED
lines,LINE:001851,seasonal_rating_status,WINTER_DYNAMIC_AMBIENT_TEMPERATURE_RATING_APPLIED,DIRECT_PDIRD_WINTER_NOMINAL_CURRENT_APPLIED,CHANGED
lines,LINE:001852,parameter_source,"E-REDES PDIRD-E 2020 Annex B, 31-12-2025 planning table",https://www.e-redes.pt/sites/eredes/files/2022-07/PDIRD-E%202020%20proposta%20final.pdf,CHANGED
lines,LINE:001852,max_i_status,DIRECT_PDIRD_MINIMUM_SUMMER_NOMINAL_CURRENT,DIRECT_PDIRD_MINIMUM_WINTER_NOMINAL_CURRENT,CHANGED
lines,LINE:001852,max_i_ka,0.46115,0.451,CHANGED
lines,LINE:001852,seasonal_rating_status,WINTER_DYNAMIC_AMBIENT_TEMPERATURE_RATING_APPLIED,DIRECT_PDIRD_WINTER_NOMINAL_CURRENT_APPLIED,CHANGED
lines,LINE:001853,parameter_source,"E-REDES PDIRD-E 2020 Annex B, 31-12-2025 planning table",https://www.e-redes.pt/sites/eredes/files/2022-07/PDIRD-E%202020%20proposta%20final.pdf,CHANGED
lines,LINE:001853,max_i_status,DIRECT_PDIRD_MINIMUM_SUMMER_NOMINAL_CURRENT,DIRECT_PDIRD_MINIMUM_WINTER_NOMINAL_CURRENT,CHANGED
lines,LINE:001853,max_i_ka,0.46115,0.451,CHANGED
lines,LINE:001853,seasonal_rating_status,WINTER_DYNAMIC_AMBIENT_TEMPERATURE_RATING_APPLIED,DIRECT_PDIRD_WINTER_NOMINAL_CURRENT_APPLIED,CHANGED
lines,LINE:001856,parameter_source,"E-REDES PDIRD-E 2020 Annex B, 31-12-2025 planning table",https://www.e-redes.pt/sites/eredes/files/2022-07/PDIRD-E%202020%20proposta%20final.pdf,CHANGED
lines,LINE:001856,max_i_status,DIRECT_PDIRD_MINIMUM_SUMMER_NOMINAL_CURRENT,DIRECT_PDIRD_MINIMUM_WINTER_NOMINAL_CURRENT,CHANGED
lines,LINE:001856,max_i_ka,0.68885,0.74,CHANGED
lines,LINE:001856,seasonal_rating_status,WINTER_DYNAMIC_AMBIENT_TEMPERATURE_RATING_APPLIED,DIRECT_PDIRD_WINTER_NOMINAL_CURRENT_APPLIED,CHANGED
lines,LINE:001857,parameter_source,"E-REDES PDIRD-E 2020 Annex B, 31-12-2025 planning table",https://www.e-redes.pt/sites/eredes/files/2022-07/PDIRD-E%202020%20proposta%20final.pdf,CHANGED
lines,LINE:001857,max_i_status,DIRECT_PDIRD_MINIMUM_SUMMER_NOMINAL_CURRENT,DIRECT_PDIRD_MINIMUM_WINTER_NOMINAL_CURRENT,CHANGED
lines,LINE:001857,max_i_ka,0.68885,0.74,CHANGED
lines,LINE:001857,seasonal_rating_status,WINTER_DYNAMIC_AMBIENT_TEMPERATURE_RATING_APPLIED,DIRECT_PDIRD_WINTER_NOMINAL_CURRENT_APPLIED,CHANGED
lines,LINE:001858,parameter_source,"E-REDES PDIRD-E 2020 Annex B, 31-12-2025 planning table",https://www.e-redes.pt/sites/eredes/files/2022-07/PDIRD-E%202020%20proposta%20final.pdf,CHANGED
lines,LINE:001858,max_i_status,DIRECT_PDIRD_MINIMUM_SUMMER_NOMINAL_CURRENT,DIRECT_PDIRD_MINIMUM_WINTER_NOMINAL_CURRENT,CHANGED
lines,LINE:001858,max_i_ka,0.68885,0.74,CHANGED
lines,LINE:001858,seasonal_rating_status,WINTER_DYNAMIC_AMBIENT_TEMPERATURE_RATING_APPLIED,DIRECT_PDIRD_WINTER_NOMINAL_CURRENT_APPLIED,CHANGED
lines,LINE:001859,parameter_source,"E-REDES PDIRD-E 2020 Annex B, 31-12-2025 planning table",https://www.e-redes.pt/sites/eredes/files/2022-07/PDIRD-E%202020%20proposta%20final.pdf,CHANGED
lines,LINE:001859,max_i_status,DIRECT_PDIRD_MINIMUM_SUMMER_NOMINAL_CURRENT,DIRECT_PDIRD_MINIMUM_WINTER_NOMINAL_CURRENT,CHANGED
lines,LINE:001859,max_i_ka,0.68885,0.74,CHANGED
lines,LINE:001859,seasonal_rating_status,WINTER_DYNAMIC_AMBIENT_TEMPERATURE_RATING_APPLIED,DIRECT_PDIRD_WINTER_NOMINAL_CURRENT_APPLIED,CHANGED
lines,LINE:001860,parameter_source,"E-REDES PDIRD-E 2020 Annex B, 31-12-2025 planning table",https://www.e-redes.pt/sites/eredes/files/2022-07/PDIRD-E%202020%20proposta%20final.pdf,CHANGED
lines,LINE:001860,max_i_status,DIRECT_PDIRD_MINIMUM_SUMMER_NOMINAL_CURRENT,DIRECT_PDIRD_MINIMUM_WINTER_NOMINAL_CURRENT,CHANGED
lines,LINE:001860,max_i_ka,0.68885,0.74,CHANGED
lines,LINE:001860,seasonal_rating_status,WINTER_DYNAMIC_AMBIENT_TEMPERATURE_RATING_APPLIED,DIRECT_PDIRD_WINTER_NOMINAL_CURRENT_APPLIED,CHANGED
lines,LINE:001861,parameter_source,"E-REDES PDIRD-E 2020 Annex B, 31-12-2025 planning table",https://www.e-redes.pt/sites/eredes/files/2022-07/PDIRD-E%202020%20proposta%20final.pdf,CHANGED
lines,LINE:001861,max_i_status,DIRECT_PDIRD_MINIMUM_SUMMER_NOMINAL_CURRENT,DIRECT_PDIRD_MINIMUM_WINTER_NOMINAL_CURRENT,CHANGED
lines,LINE:001861,max_i_ka,0.24494999999999997,0.292,CHANGED
lines,LINE:001861,seasonal_rating_status,WINTER_DYNAMIC_AMBIENT_TEMPERATURE_RATING_APPLIED,DIRECT_PDIRD_WINTER_NOMINAL_CURRENT_APPLIED,CHANGED
lines,LINE:001881,parameter_source,"E-REDES PDIRD-E 2020 Annex B, 31-12-2025 planning table",https://www.e-redes.pt/sites/eredes/files/2022-07/PDIRD-E%202020%20proposta%20final.pdf,CHANGED
lines,LINE:001881,max_i_status,DIRECT_PDIRD_MINIMUM_SUMMER_NOMINAL_CURRENT,DIRECT_PDIRD_MINIMUM_WINTER_NOMINAL_CURRENT,CHANGED
lines,LINE:001881,max_i_ka,0.8337499999999999,0.899,CHANGED
lines,LINE:001881,seasonal_rating_status,WINTER_DYNAMIC_AMBIENT_TEMPERATURE_RATING_APPLIED,DIRECT_PDIRD_WINTER_NOMINAL_CURRENT_APPLIED,CHANGED
lines,LINE:001882,parameter_source,"E-REDES PDIRD-E 2020 Annex B, 31-12-2025 planning table",https://www.e-redes.pt/sites/eredes/files/2022-07/PDIRD-E%202020%20proposta%20final.pdf,CHANGED
lines,LINE:001882,max_i_status,DIRECT_PDIRD_MINIMUM_SUMMER_NOMINAL_CURRENT,DIRECT_PDIRD_MINIMUM_WINTER_NOMINAL_CURRENT,CHANGED
lines,LINE:001882,max_i_ka,0.88435,1.089,CHANGED
lines,LINE:001882,seasonal_rating_status,WINTER_DYNAMIC_AMBIENT_TEMPERATURE_RATING_APPLIED,DIRECT_PDIRD_WINTER_NOMINAL_CURRENT_APPLIED,CHANGED
lines,LINE:001884,parameter_source,"E-REDES PDIRD-E 2020 Annex B, 31-12-2025 planning table",https://www.e-redes.pt/sites/eredes/files/2022-07/PDIRD-E%202020%20proposta%20final.pdf,CHANGED
lines,LINE:001884,max_i_status,DIRECT_PDIRD_MINIMUM_SUMMER_NOMINAL_CURRENT,DIRECT_PDIRD_MINIMUM_WINTER_NOMINAL_CURRENT,CHANGED
lines,LINE:001884,max_i_ka,0.6014499999999999,0.686,CHANGED
lines,LINE:001884,seasonal_rating_status,WINTER_DYNAMIC_AMBIENT_TEMPERATURE_RATING_APPLIED,DIRECT_PDIRD_WINTER_NOMINAL_CURRENT_APPLIED,CHANGED
lines,LINE:001885,parameter_source,"E-REDES PDIRD-E 2020 Annex B, 31-12-2025 planning table",https://www.e-redes.pt/sites/eredes/files/2022-07/PDIRD-E%202020%20proposta%20final.pdf,CHANGED
lines,LINE:001885,max_i_status,DIRECT_PDIRD_MINIMUM_SUMMER_NOMINAL_CURRENT,DIRECT_PDIRD_MINIMUM_WINTER_NOMINAL_CURRENT,CHANGED
lines,LINE:001885,max_i_ka,0.6969,0.686,CHANGED
lines,LINE:001885,seasonal_rating_status,WINTER_DYNAMIC_AMBIENT_TEMPERATURE_RATING_APPLIED,DIRECT_PDIRD_WINTER_NOMINAL_CURRENT_APPLIED,CHANGED
lines,LINE:001889,parameter_source,"E-REDES PDIRD-E 2020 Annex B, 31-12-2025 planning table",https://www.e-redes.pt/sites/eredes/files/2022-07/PDIRD-E%202020%20proposta%20final.pdf,CHANGED
lines,LINE:001889,max_i_status,DIRECT_PDIRD_MINIMUM_SUMMER_NOMINAL_CURRENT,DIRECT_PDIRD_MINIMUM_WINTER_NOMINAL_CURRENT,CHANGED
lines,LINE:001889,max_i_ka,0.6969,0.686,CHANGED
lines,LINE:001889,seasonal_rating_status,WINTER_DYNAMIC_AMBIENT_TEMPERATURE_RATING_APPLIED,DIRECT_PDIRD_WINTER_NOMINAL_CURRENT_APPLIED,CHANGED
lines,LINE:001892,parameter_source,"E-REDES PDIRD-E 2020 Annex B, 31-12-2025 planning table",https://www.e-redes.pt/sites/eredes/files/2022-07/PDIRD-E%202020%20proposta%20final.pdf,CHANGED
lines,LINE:001892,max_i_status,DIRECT_PDIRD_MINIMUM_SUMMER_NOMINAL_CURRENT,DIRECT_PDIRD_MINIMUM_WINTER_NOMINAL_CURRENT,CHANGED
lines,LINE:001892,max_i_ka,1.3938,1.372,CHANGED
lines,LINE:001892,seasonal_rating_status,WINTER_DYNAMIC_AMBIENT_TEMPERATURE_RATING_APPLIED,DIRECT_PDIRD_WINTER_NOMINAL_CURRENT_APPLIED,CHANGED
lines,LINE:001894,parameter_source,"E-REDES PDIRD-E 2020 Annex B, 31-12-2025 planning table",https://www.e-redes.pt/sites/eredes/files/2022-07/PDIRD-E%202020%20proposta%20final.pdf,CHANGED
lines,LINE:001894,max_i_status,DIRECT_PDIRD_MINIMUM_SUMMER_NOMINAL_CURRENT,DIRECT_PDIRD_MINIMUM_WINTER_NOMINAL_CURRENT,CHANGED
lines,LINE:001894,max_i_ka,1.3938,1.372,CHANGED
lines,LINE:001894,seasonal_rating_status,WINTER_DYNAMIC_AMBIENT_TEMPERATURE_RATING_APPLIED,DIRECT_PDIRD_WINTER_NOMINAL_CURRENT_APPLIED,CHANGED
lines,LINE:001898,parameter_source,"E-REDES PDIRD-E 2020 Annex B, 31-12-2025 planning table",https://www.e-redes.pt/sites/eredes/files/2022-07/PDIRD-E%202020%20proposta%20final.pdf,CHANGED
lines,LINE:001898,max_i_status,DIRECT_PDIRD_MINIMUM_SUMMER_NOMINAL_CURRENT,DIRECT_PDIRD_MINIMUM_WINTER_NOMINAL_CURRENT,CHANGED
lines,LINE:001898,max_i_ka,0.6969,0.686,CHANGED
lines,LINE:001898,seasonal_rating_status,WINTER_DYNAMIC_AMBIENT_TEMPERATURE_RATING_APPLIED,DIRECT_PDIRD_WINTER_NOMINAL_CURRENT_APPLIED,CHANGED
lines,LINE:001899,parameter_source,"E-REDES PDIRD-E 2020 Annex B, 31-12-2025 planning table",https://www.e-redes.pt/sites/eredes/files/2022-07/PDIRD-E%202020%20proposta%20final.pdf,CHANGED
lines,LINE:001899,max_i_status,DIRECT_PDIRD_MINIMUM_SUMMER_NOMINAL_CURRENT,DIRECT_PDIRD_MINIMUM_WINTER_NOMINAL_CURRENT,CHANGED
lines,LINE:001899,max_i_ka,0.46115,0.451,CHANGED
lines,LINE:001899,seasonal_rating_status,WINTER_DYNAMIC_AMBIENT_TEMPERATURE_RATING_APPLIED,DIRECT_PDIRD_WINTER_NOMINAL_CURRENT_APPLIED,CHANGED
lines,LINE:001901,parameter_source,"E-REDES PDIRD-E 2020 Annex B, 31-12-2025 planning table",https://www.e-redes.pt/sites/eredes/files/2022-07/PDIRD-E%202020%20proposta%20final.pdf,CHANGED
lines,LINE:001901,max_i_status,DIRECT_PDIRD_MINIMUM_SUMMER_NOMINAL_CURRENT,DIRECT_PDIRD_MINIMUM_WINTER_NOMINAL_CURRENT,CHANGED
lines,LINE:001901,max_i_ka,0.6014499999999999,0.723,CHANGED
lines,LINE:001901,seasonal_rating_status,WINTER_DYNAMIC_AMBIENT_TEMPERATURE_RATING_APPLIED,DIRECT_PDIRD_WINTER_NOMINAL_CURRENT_APPLIED,CHANGED
lines,LINE:001956,parameter_source,"E-REDES PDIRD-E 2020 Annex B, 31-12-2025 planning table",https://www.e-redes.pt/sites/eredes/files/2022-07/PDIRD-E%202020%20proposta%20final.pdf,CHANGED
lines,LINE:001956,max_i_status,DIRECT_PDIRD_MINIMUM_SUMMER_NOMINAL_CURRENT,DIRECT_PDIRD_MINIMUM_WINTER_NOMINAL_CURRENT,CHANGED
lines,LINE:001956,max_i_ka,0.5450999999999999,0.582,CHANGED
lines,LINE:001956,seasonal_rating_status,WINTER_DYNAMIC_AMBIENT_TEMPERATURE_RATING_APPLIED,DIRECT_PDIRD_WINTER_NOMINAL_CURRENT_APPLIED,CHANGED
lines,LINE:001957,parameter_source,"E-REDES PDIRD-E 2020 Annex B, 31-12-2025 planning table",https://www.e-redes.pt/sites/eredes/files/2022-07/PDIRD-E%202020%20proposta%20final.pdf,CHANGED
lines,LINE:001957,max_i_status,DIRECT_PDIRD_MINIMUM_SUMMER_NOMINAL_CURRENT,DIRECT_PDIRD_MINIMUM_WINTER_NOMINAL_CURRENT,CHANGED
lines,LINE:001957,max_i_ka,0.46115,0.451,CHANGED
lines,LINE:001957,seasonal_rating_status,WINTER_DYNAMIC_AMBIENT_TEMPERATURE_RATING_APPLIED,DIRECT_PDIRD_WINTER_NOMINAL_CURRENT_APPLIED,CHANGED
lines,LINE:001958,parameter_source,"E-REDES PDIRD-E 2020 Annex B, 31-12-2025 planning table",https://www.e-redes.pt/sites/eredes/files/2022-07/PDIRD-E%202020%20proposta%20final.pdf,CHANGED
lines,LINE:001958,max_i_status,DIRECT_PDIRD_MINIMUM_SUMMER_NOMINAL_CURRENT,DIRECT_PDIRD_MINIMUM_WINTER_NOMINAL_CURRENT,CHANGED
lines,LINE:001958,max_i_ka,0.6969,0.686,CHANGED
lines,LINE:001958,seasonal_rating_status,WINTER_DYNAMIC_AMBIENT_TEMPERATURE_RATING_APPLIED,DIRECT_PDIRD_WINTER_NOMINAL_CURRENT_APPLIED,CHANGED
lines,LINE:001975,parameter_source,"E-REDES PDIRD-E 2020 Annex B, 31-12-2025 planning table",https://www.e-redes.pt/sites/eredes/files/2022-07/PDIRD-E%202020%20proposta%20final.pdf,CHANGED
lines,LINE:001975,max_i_status,DIRECT_PDIRD_MINIMUM_SUMMER_NOMINAL_CURRENT,DIRECT_PDIRD_MINIMUM_WINTER_NOMINAL_CURRENT,CHANGED
lines,LINE:001975,max_i_ka,0.88435,1.089,CHANGED
lines,LINE:001975,seasonal_rating_status,WINTER_DYNAMIC_AMBIENT_TEMPERATURE_RATING_APPLIED,DIRECT_PDIRD_WINTER_NOMINAL_CURRENT_APPLIED,CHANGED
lines,LINE:001982,parameter_source,"E-REDES PDIRD-E 2020 Annex B, 31-12-2025 planning table",https://www.e-redes.pt/sites/eredes/files/2022-07/PDIRD-E%202020%20proposta%20final.pdf,CHANGED
lines,LINE:001982,max_i_status,DIRECT_PDIRD_MINIMUM_SUMMER_NOMINAL_CURRENT,DIRECT_PDIRD_MINIMUM_WINTER_NOMINAL_CURRENT,CHANGED
lines,LINE:001982,max_i_ka,0.6014499999999999,0.723,CHANGED
lines,LINE:001982,seasonal_rating_status,WINTER_DYNAMIC_AMBIENT_TEMPERATURE_RATING_APPLIED,DIRECT_PDIRD_WINTER_NOMINAL_CURRENT_APPLIED,CHANGED
lines,LINE:001984,parameter_source,"E-REDES PDIRD-E 2020 Annex B, 31-12-2025 planning table",https://www.e-redes.pt/sites/eredes/files/2022-07/PDIRD-E%202020%20proposta%20final.pdf,CHANGED
lines,LINE:001984,max_i_status,DIRECT_PDIRD_MINIMUM_SUMMER_NOMINAL_CURRENT,DIRECT_PDIRD_MINIMUM_WINTER_NOMINAL_CURRENT,CHANGED
lines,LINE:001984,max_i_ka,0.46115,0.451,CHANGED
lines,LINE:001984,seasonal_rating_status,WINTER_DYNAMIC_AMBIENT_TEMPERATURE_RATING_APPLIED,DIRECT_PDIRD_WINTER_NOMINAL_CURRENT_APPLIED,CHANGED
lines,LINE:002005,parameter_source,"E-REDES PDIRD-E 2020 Annex B, 31-12-2025 planning table",https://www.e-redes.pt/sites/eredes/files/2022-07/PDIRD-E%202020%20proposta%20final.pdf,CHANGED
lines,LINE:002005,max_i_status,DIRECT_PDIRD_MINIMUM_SUMMER_NOMINAL_CURRENT,DIRECT_PDIRD_MINIMUM_WINTER_NOMINAL_CURRENT,CHANGED
lines,LINE:002005,max_i_ka,0.68885,0.686,CHANGED
lines,LINE:002005,seasonal_rating_status,WINTER_DYNAMIC_AMBIENT_TEMPERATURE_RATING_APPLIED,DIRECT_PDIRD_WINTER_NOMINAL_CURRENT_APPLIED,CHANGED
lines,LINE:002006,parameter_source,"E-REDES PDIRD-E 2020 Annex B, 31-12-2025 planning table",https://www.e-redes.pt/sites/eredes/files/2022-07/PDIRD-E%202020%20proposta%20final.pdf,CHANGED
lines,LINE:002006,max_i_status,DIRECT_PDIRD_MINIMUM_SUMMER_NOMINAL_CURRENT,DIRECT_PDIRD_MINIMUM_WINTER_NOMINAL_CURRENT,CHANGED
lines,LINE:002006,max_i_ka,0.68885,0.686,CHANGED
lines,LINE:002006,seasonal_rating_status,WINTER_DYNAMIC_AMBIENT_TEMPERATURE_RATING_APPLIED,DIRECT_PDIRD_WINTER_NOMINAL_CURRENT_APPLIED,CHANGED
lines,LINE:002009,parameter_source,"E-REDES PDIRD-E 2020 Annex B, 31-12-2025 planning table",https://www.e-redes.pt/sites/eredes/files/2022-07/PDIRD-E%202020%20proposta%20final.pdf,CHANGED
lines,LINE:002009,max_i_status,DIRECT_PDIRD_MINIMUM_SUMMER_NOMINAL_CURRENT,DIRECT_PDIRD_MINIMUM_WINTER_NOMINAL_CURRENT,CHANGED
lines,LINE:002009,max_i_ka,0.6014499999999999,0.723,CHANGED
lines,LINE:002009,seasonal_rating_status,WINTER_DYNAMIC_AMBIENT_TEMPERATURE_RATING_APPLIED,DIRECT_PDIRD_WINTER_NOMINAL_CURRENT_APPLIED,CHANGED
lines,LINE:002010,parameter_source,"E-REDES PDIRD-E 2020 Annex B, 31-12-2025 planning table",https://www.e-redes.pt/sites/eredes/files/2022-07/PDIRD-E%202020%20proposta%20final.pdf,CHANGED
lines,LINE:002010,max_i_status,DIRECT_PDIRD_MINIMUM_SUMMER_NOMINAL_CURRENT,DIRECT_PDIRD_MINIMUM_WINTER_NOMINAL_CURRENT,CHANGED
lines,LINE:002010,max_i_ka,0.46115,0.451,CHANGED
lines,LINE:002010,seasonal_rating_status,WINTER_DYNAMIC_AMBIENT_TEMPERATURE_RATING_APPLIED,DIRECT_PDIRD_WINTER_NOMINAL_CURRENT_APPLIED,CHANGED
lines,LINE:002012,parameter_source,"E-REDES PDIRD-E 2020 Annex B, 31-12-2025 planning table",https://www.e-redes.pt/sites/eredes/files/2022-07/PDIRD-E%202020%20proposta%20final.pdf,CHANGED
lines,LINE:002012,max_i_status,DIRECT_PDIRD_MINIMUM_SUMMER_NOMINAL_CURRENT,DIRECT_PDIRD_MINIMUM_WINTER_NOMINAL_CURRENT,CHANGED
lines,LINE:002012,max_i_ka,0.6969,0.686,CHANGED
lines,LINE:002012,seasonal_rating_status,WINTER_DYNAMIC_AMBIENT_TEMPERATURE_RATING_APPLIED,DIRECT_PDIRD_WINTER_NOMINAL_CURRENT_APPLIED,CHANGED
lines,LINE:002016,parameter_source,"E-REDES PDIRD-E 2020 Annex B, 31-12-2025 planning table",https://www.e-redes.pt/sites/eredes/files/2022-07/PDIRD-E%202020%20proposta%20final.pdf,CHANGED
lines,LINE:002016,max_i_status,DIRECT_PDIRD_MINIMUM_SUMMER_NOMINAL_CURRENT,DIRECT_PDIRD_MINIMUM_WINTER_NOMINAL_CURRENT,CHANGED
lines,LINE:002016,max_i_ka,0.7566999999999999,0.921,CHANGED
lines,LINE:002016,seasonal_rating_status,WINTER_DYNAMIC_AMBIENT_TEMPERATURE_RATING_APPLIED,DIRECT_PDIRD_WINTER_NOMINAL_CURRENT_APPLIED,CHANGED
lines,LINE:002017,parameter_source,"E-REDES PDIRD-E 2020 Annex B, 31-12-2025 planning table",https://www.e-redes.pt/sites/eredes/files/2022-07/PDIRD-E%202020%20proposta%20final.pdf,CHANGED
lines,LINE:002017,max_i_status,DIRECT_PDIRD_MINIMUM_SUMMER_NOMINAL_CURRENT,DIRECT_PDIRD_MINIMUM_WINTER_NOMINAL_CURRENT,CHANGED
lines,LINE:002017,max_i_ka,0.4416,0.544,CHANGED
lines,LINE:002017,seasonal_rating_status,WINTER_DYNAMIC_AMBIENT_TEMPERATURE_RATING_APPLIED,DIRECT_PDIRD_WINTER_NOMINAL_CURRENT_APPLIED,CHANGED
lines,LINE:002022,parameter_source,"E-REDES PDIRD-E 2020 Annex B, 31-12-2025 planning table",https://www.e-redes.pt/sites/eredes/files/2022-07/PDIRD-E%202020%20proposta%20final.pdf,CHANGED
lines,LINE:002022,max_i_status,DIRECT_PDIRD_MINIMUM_SUMMER_NOMINAL_CURRENT,DIRECT_PDIRD_MINIMUM_WINTER_NOMINAL_CURRENT,CHANGED
lines,LINE:002022,max_i_ka,1.3938,1.372,CHANGED
lines,LINE:002022,seasonal_rating_status,WINTER_DYNAMIC_AMBIENT_TEMPERATURE_RATING_APPLIED,DIRECT_PDIRD_WINTER_NOMINAL_CURRENT_APPLIED,CHANGED
lines,LINE:002033,parameter_source,"E-REDES PDIRD-E 2020 Annex B, 31-12-2025 planning table",https://www.e-redes.pt/sites/eredes/files/2022-07/PDIRD-E%202020%20proposta%20final.pdf,CHANGED
lines,LINE:002033,max_i_status,DIRECT_PDIRD_MINIMUM_SUMMER_NOMINAL_CURRENT,DIRECT_PDIRD_MINIMUM_WINTER_NOMINAL_CURRENT,CHANGED
lines,LINE:002033,max_i_ka,0.7566999999999999,0.921,CHANGED
lines,LINE:002033,seasonal_rating_status,WINTER_DYNAMIC_AMBIENT_TEMPERATURE_RATING_APPLIED,DIRECT_PDIRD_WINTER_NOMINAL_CURRENT_APPLIED,CHANGED
lines,LINE:002034,parameter_source,"E-REDES PDIRD-E 2020 Annex B, 31-12-2025 planning table",https://www.e-redes.pt/sites/eredes/files/2022-07/PDIRD-E%202020%20proposta%20final.pdf,CHANGED
lines,LINE:002034,max_i_status,DIRECT_PDIRD_MINIMUM_SUMMER_NOMINAL_CURRENT,DIRECT_PDIRD_MINIMUM_WINTER_NOMINAL_CURRENT,CHANGED
lines,LINE:002034,max_i_ka,1.3938,1.372,CHANGED
lines,LINE:002034,seasonal_rating_status,WINTER_DYNAMIC_AMBIENT_TEMPERATURE_RATING_APPLIED,DIRECT_PDIRD_WINTER_NOMINAL_CURRENT_APPLIED,CHANGED
lines,LINE:002039,parameter_source,"E-REDES PDIRD-E 2020 Annex B, 31-12-2025 planning table",https://www.e-redes.pt/sites/eredes/files/2022-07/PDIRD-E%202020%20proposta%20final.pdf,CHANGED
lines,LINE:002039,max_i_status,DIRECT_PDIRD_MINIMUM_SUMMER_NOMINAL_CURRENT,DIRECT_PDIRD_MINIMUM_WINTER_NOMINAL_CURRENT,CHANGED
lines,LINE:002039,max_i_ka,0.68885,0.74,CHANGED
lines,LINE:002039,seasonal_rating_status,WINTER_DYNAMIC_AMBIENT_TEMPERATURE_RATING_APPLIED,DIRECT_PDIRD_WINTER_NOMINAL_CURRENT_APPLIED,CHANGED
lines,LINE:002040,parameter_source,"E-REDES PDIRD-E 2020 Annex B, 31-12-2025 planning table",https://www.e-redes.pt/sites/eredes/files/2022-07/PDIRD-E%202020%20proposta%20final.pdf,CHANGED
lines,LINE:002040,max_i_status,DIRECT_PDIRD_MINIMUM_SUMMER_NOMINAL_CURRENT,DIRECT_PDIRD_MINIMUM_WINTER_NOMINAL_CURRENT,CHANGED
lines,LINE:002040,max_i_ka,0.68885,0.74,CHANGED
lines,LINE:002040,seasonal_rating_status,WINTER_DYNAMIC_AMBIENT_TEMPERATURE_RATING_APPLIED,DIRECT_PDIRD_WINTER_NOMINAL_CURRENT_APPLIED,CHANGED
lines,LINE:002041,parameter_source,"E-REDES PDIRD-E 2020 Annex B, 31-12-2025 planning table",https://www.e-redes.pt/sites/eredes/files/2022-07/PDIRD-E%202020%20proposta%20final.pdf,CHANGED
lines,LINE:002041,max_i_status,DIRECT_PDIRD_MINIMUM_SUMMER_NOMINAL_CURRENT,DIRECT_PDIRD_MINIMUM_WINTER_NOMINAL_CURRENT,CHANGED
lines,LINE:002041,max_i_ka,0.68885,0.74,CHANGED
lines,LINE:002041,seasonal_rating_status,WINTER_DYNAMIC_AMBIENT_TEMPERATURE_RATING_APPLIED,DIRECT_PDIRD_WINTER_NOMINAL_CURRENT_APPLIED,CHANGED
lines,LINE:002043,parameter_source,"E-REDES PDIRD-E 2020 Annex B, 31-12-2025 planning table",https://www.e-redes.pt/sites/eredes/files/2022-07/PDIRD-E%202020%20proposta%20final.pdf,CHANGED
lines,LINE:002043,max_i_status,DIRECT_PDIRD_MINIMUM_SUMMER_NOMINAL_CURRENT,DIRECT_PDIRD_MINIMUM_WINTER_NOMINAL_CURRENT,CHANGED
lines,LINE:002043,max_i_ka,0.24494999999999997,0.292,CHANGED
lines,LINE:002043,seasonal_rating_status,WINTER_DYNAMIC_AMBIENT_TEMPERATURE_RATING_APPLIED,DIRECT_PDIRD_WINTER_NOMINAL_CURRENT_APPLIED,CHANGED
lines,LINE:002044,parameter_source,"E-REDES PDIRD-E 2020 Annex B, 31-12-2025 planning table",https://www.e-redes.pt/sites/eredes/files/2022-07/PDIRD-E%202020%20proposta%20final.pdf,CHANGED
lines,LINE:002044,max_i_status,DIRECT_PDIRD_MINIMUM_SUMMER_NOMINAL_CURRENT,DIRECT_PDIRD_MINIMUM_WINTER_NOMINAL_CURRENT,CHANGED
lines,LINE:002044,max_i_ka,0.6969,0.686,CHANGED
lines,LINE:002044,seasonal_rating_status,WINTER_DYNAMIC_AMBIENT_TEMPERATURE_RATING_APPLIED,DIRECT_PDIRD_WINTER_NOMINAL_CURRENT_APPLIED,CHANGED
lines,LINE:002053,parameter_source,"E-REDES PDIRD-E 2020 Annex B, 31-12-2025 planning table",https://www.e-redes.pt/sites/eredes/files/2022-07/PDIRD-E%202020%20proposta%20final.pdf,CHANGED
lines,LINE:002053,max_i_status,DIRECT_PDIRD_MINIMUM_SUMMER_NOMINAL_CURRENT,DIRECT_PDIRD_MINIMUM_WINTER_NOMINAL_CURRENT,CHANGED
lines,LINE:002053,max_i_ka,0.49565,0.615,CHANGED
lines,LINE:002053,seasonal_rating_status,WINTER_DYNAMIC_AMBIENT_TEMPERATURE_RATING_APPLIED,DIRECT_PDIRD_WINTER_NOMINAL_CURRENT_APPLIED,CHANGED
lines,LINE:002057,parameter_source,"E-REDES PDIRD-E 2020 Annex B, 31-12-2025 planning table",https://www.e-redes.pt/sites/eredes/files/2022-07/PDIRD-E%202020%20proposta%20final.pdf,CHANGED
lines,LINE:002057,max_i_status,DIRECT_PDIRD_MINIMUM_SUMMER_NOMINAL_CURRENT,DIRECT_PDIRD_MINIMUM_WINTER_NOMINAL_CURRENT,CHANGED
lines,LINE:002057,max_i_ka,0.8337499999999999,0.899,CHANGED
lines,LINE:002057,seasonal_rating_status,WINTER_DYNAMIC_AMBIENT_TEMPERATURE_RATING_APPLIED,DIRECT_PDIRD_WINTER_NOMINAL_CURRENT_APPLIED,CHANGED
lines,LINE:002058,parameter_source,"E-REDES PDIRD-E 2020 Annex B, 31-12-2025 planning table",https://www.e-redes.pt/sites/eredes/files/2022-07/PDIRD-E%202020%20proposta%20final.pdf,CHANGED
lines,LINE:002058,max_i_status,DIRECT_PDIRD_MINIMUM_SUMMER_NOMINAL_CURRENT,DIRECT_PDIRD_MINIMUM_WINTER_NOMINAL_CURRENT,CHANGED
lines,LINE:002058,max_i_ka,0.8337499999999999,0.899,CHANGED
lines,LINE:002058,seasonal_rating_status,WINTER_DYNAMIC_AMBIENT_TEMPERATURE_RATING_APPLIED,DIRECT_PDIRD_WINTER_NOMINAL_CURRENT_APPLIED,CHANGED
lines,LINE:002059,parameter_source,"E-REDES PDIRD-E 2020 Annex B, 31-12-2025 planning table",https://www.e-redes.pt/sites/eredes/files/2022-07/PDIRD-E%202020%20proposta%20final.pdf,CHANGED
lines,LINE:002059,max_i_status,DIRECT_PDIRD_MINIMUM_SUMMER_NOMINAL_CURRENT,DIRECT_PDIRD_MINIMUM_WINTER_NOMINAL_CURRENT,CHANGED
lines,LINE:002059,max_i_ka,0.8337499999999999,0.899,CHANGED
lines,LINE:002059,seasonal_rating_status,WINTER_DYNAMIC_AMBIENT_TEMPERATURE_RATING_APPLIED,DIRECT_PDIRD_WINTER_NOMINAL_CURRENT_APPLIED,CHANGED
lines,LINE:002060,parameter_source,"E-REDES PDIRD-E 2020 Annex B, 31-12-2025 planning table",https://www.e-redes.pt/sites/eredes/files/2022-07/PDIRD-E%202020%20proposta%20final.pdf,CHANGED
lines,LINE:002060,max_i_status,DIRECT_PDIRD_MINIMUM_SUMMER_NOMINAL_CURRENT,DIRECT_PDIRD_MINIMUM_WINTER_NOMINAL_CURRENT,CHANGED
lines,LINE:002060,max_i_ka,0.8337499999999999,0.899,CHANGED
lines,LINE:002060,seasonal_rating_status,WINTER_DYNAMIC_AMBIENT_TEMPERATURE_RATING_APPLIED,DIRECT_PDIRD_WINTER_NOMINAL_CURRENT_APPLIED,CHANGED
lines,LINE:002061,parameter_source,"E-REDES PDIRD-E 2020 Annex B, 31-12-2025 planning table",https://www.e-redes.pt/sites/eredes/files/2022-07/PDIRD-E%202020%20proposta%20final.pdf,CHANGED
lines,LINE:002061,max_i_status,DIRECT_PDIRD_MINIMUM_SUMMER_NOMINAL_CURRENT,DIRECT_PDIRD_MINIMUM_WINTER_NOMINAL_CURRENT,CHANGED
lines,LINE:002061,max_i_ka,0.8337499999999999,0.899,CHANGED
lines,LINE:002061,seasonal_rating_status,WINTER_DYNAMIC_AMBIENT_TEMPERATURE_RATING_APPLIED,DIRECT_PDIRD_WINTER_NOMINAL_CURRENT_APPLIED,CHANGED
lines,LINE:002062,parameter_source,"E-REDES PDIRD-E 2020 Annex B, 31-12-2025 planning table",https://www.e-redes.pt/sites/eredes/files/2022-07/PDIRD-E%202020%20proposta%20final.pdf,CHANGED
lines,LINE:002062,max_i_status,DIRECT_PDIRD_MINIMUM_SUMMER_NOMINAL_CURRENT,DIRECT_PDIRD_MINIMUM_WINTER_NOMINAL_CURRENT,CHANGED
lines,LINE:002062,max_i_ka,0.8337499999999999,0.899,CHANGED
lines,LINE:002062,seasonal_rating_status,WINTER_DYNAMIC_AMBIENT_TEMPERATURE_RATING_APPLIED,DIRECT_PDIRD_WINTER_NOMINAL_CURRENT_APPLIED,CHANGED
lines,LINE:002063,parameter_source,"E-REDES PDIRD-E 2020 Annex B, 31-12-2025 planning table",https://www.e-redes.pt/sites/eredes/files/2022-07/PDIRD-E%202020%20proposta%20final.pdf,CHANGED
lines,LINE:002063,max_i_status,DIRECT_PDIRD_MINIMUM_SUMMER_NOMINAL_CURRENT,DIRECT_PDIRD_MINIMUM_WINTER_NOMINAL_CURRENT,CHANGED
lines,LINE:002063,max_i_ka,0.88435,1.089,CHANGED
lines,LINE:002063,seasonal_rating_status,WINTER_DYNAMIC_AMBIENT_TEMPERATURE_RATING_APPLIED,DIRECT_PDIRD_WINTER_NOMINAL_CURRENT_APPLIED,CHANGED
lines,LINE:002072,parameter_source,"E-REDES PDIRD-E 2020 Annex B, 31-12-2025 planning table",https://www.e-redes.pt/sites/eredes/files/2022-07/PDIRD-E%202020%20proposta%20final.pdf,CHANGED
lines,LINE:002072,max_i_status,DIRECT_PDIRD_MINIMUM_SUMMER_NOMINAL_CURRENT,DIRECT_PDIRD_MINIMUM_WINTER_NOMINAL_CURRENT,CHANGED
lines,LINE:002072,max_i_ka,0.6969,0.686,CHANGED
lines,LINE:002072,seasonal_rating_status,WINTER_DYNAMIC_AMBIENT_TEMPERATURE_RATING_APPLIED,DIRECT_PDIRD_WINTER_NOMINAL_CURRENT_APPLIED,CHANGED
lines,LINE:002073,parameter_source,"E-REDES PDIRD-E 2020 Annex B, 31-12-2025 planning table",https://www.e-redes.pt/sites/eredes/files/2022-07/PDIRD-E%202020%20proposta%20final.pdf,CHANGED
lines,LINE:002073,max_i_status,DIRECT_PDIRD_MINIMUM_SUMMER_NOMINAL_CURRENT,DIRECT_PDIRD_MINIMUM_WINTER_NOMINAL_CURRENT,CHANGED
lines,LINE:002073,max_i_ka,0.6969,0.686,CHANGED
lines,LINE:002073,seasonal_rating_status,WINTER_DYNAMIC_AMBIENT_TEMPERATURE_RATING_APPLIED,DIRECT_PDIRD_WINTER_NOMINAL_CURRENT_APPLIED,CHANGED
lines,LINE:002075,parameter_source,"E-REDES PDIRD-E 2020 Annex B, 31-12-2025 planning table",https://www.e-redes.pt/sites/eredes/files/2022-07/PDIRD-E%202020%20proposta%20final.pdf,CHANGED
lines,LINE:002075,max_i_status,DIRECT_PDIRD_MINIMUM_SUMMER_NOMINAL_CURRENT,DIRECT_PDIRD_MINIMUM_WINTER_NOMINAL_CURRENT,CHANGED
lines,LINE:002075,max_i_ka,0.46115,0.451,CHANGED
lines,LINE:002075,seasonal_rating_status,WINTER_DYNAMIC_AMBIENT_TEMPERATURE_RATING_APPLIED,DIRECT_PDIRD_WINTER_NOMINAL_CURRENT_APPLIED,CHANGED
lines,LINE:002081,parameter_source,"E-REDES PDIRD-E 2020 Annex B, 31-12-2025 planning table",https://www.e-redes.pt/sites/eredes/files/2022-07/PDIRD-E%202020%20proposta%20final.pdf,CHANGED
lines,LINE:002081,max_i_status,DIRECT_PDIRD_MINIMUM_SUMMER_NOMINAL_CURRENT,DIRECT_PDIRD_MINIMUM_WINTER_NOMINAL_CURRENT,CHANGED
lines,LINE:002081,max_i_ka,0.6969,0.686,CHANGED
lines,LINE:002081,seasonal_rating_status,WINTER_DYNAMIC_AMBIENT_TEMPERATURE_RATING_APPLIED,DIRECT_PDIRD_WINTER_NOMINAL_CURRENT_APPLIED,CHANGED
lines,LINE:002082,parameter_source,"E-REDES PDIRD-E 2020 Annex B, 31-12-2025 planning table",https://www.e-redes.pt/sites/eredes/files/2022-07/PDIRD-E%202020%20proposta%20final.pdf,CHANGED
lines,LINE:002082,max_i_status,DIRECT_PDIRD_MINIMUM_SUMMER_NOMINAL_CURRENT,DIRECT_PDIRD_MINIMUM_WINTER_NOMINAL_CURRENT,CHANGED
lines,LINE:002082,max_i_ka,0.6969,0.686,CHANGED
lines,LINE:002082,seasonal_rating_status,WINTER_DYNAMIC_AMBIENT_TEMPERATURE_RATING_APPLIED,DIRECT_PDIRD_WINTER_NOMINAL_CURRENT_APPLIED,CHANGED
lines,LINE:002085,parameter_source,"E-REDES PDIRD-E 2020 Annex B, 31-12-2025 planning table",https://www.e-redes.pt/sites/eredes/files/2022-07/PDIRD-E%202020%20proposta%20final.pdf,CHANGED
lines,LINE:002085,max_i_status,DIRECT_PDIRD_MINIMUM_SUMMER_NOMINAL_CURRENT,DIRECT_PDIRD_MINIMUM_WINTER_NOMINAL_CURRENT,CHANGED
lines,LINE:002085,max_i_ka,0.6969,0.686,CHANGED
lines,LINE:002085,seasonal_rating_status,WINTER_DYNAMIC_AMBIENT_TEMPERATURE_RATING_APPLIED,DIRECT_PDIRD_WINTER_NOMINAL_CURRENT_APPLIED,CHANGED
lines,LINE:002091,parameter_source,"E-REDES PDIRD-E 2020 Annex B, 31-12-2025 planning table",https://www.e-redes.pt/sites/eredes/files/2022-07/PDIRD-E%202020%20proposta%20final.pdf,CHANGED
lines,LINE:002091,max_i_status,DIRECT_PDIRD_MINIMUM_SUMMER_NOMINAL_CURRENT,DIRECT_PDIRD_MINIMUM_WINTER_NOMINAL_CURRENT,CHANGED
lines,LINE:002091,max_i_ka,1.3938,1.372,CHANGED
lines,LINE:002091,seasonal_rating_status,WINTER_DYNAMIC_AMBIENT_TEMPERATURE_RATING_APPLIED,DIRECT_PDIRD_WINTER_NOMINAL_CURRENT_APPLIED,CHANGED
lines,LINE:002092,parameter_source,"E-REDES PDIRD-E 2020 Annex B, 31-12-2025 planning table",https://www.e-redes.pt/sites/eredes/files/2022-07/PDIRD-E%202020%20proposta%20final.pdf,CHANGED
lines,LINE:002092,max_i_status,DIRECT_PDIRD_MINIMUM_SUMMER_NOMINAL_CURRENT,DIRECT_PDIRD_MINIMUM_WINTER_NOMINAL_CURRENT,CHANGED
lines,LINE:002092,max_i_ka,0.4416,0.544,CHANGED
lines,LINE:002092,seasonal_rating_status,WINTER_DYNAMIC_AMBIENT_TEMPERATURE_RATING_APPLIED,DIRECT_PDIRD_WINTER_NOMINAL_CURRENT_APPLIED,CHANGED
lines,LINE:002093,parameter_source,"E-REDES PDIRD-E 2020 Annex B, 31-12-2025 planning table",https://www.e-redes.pt/sites/eredes/files/2022-07/PDIRD-E%202020%20proposta%20final.pdf,CHANGED
lines,LINE:002093,max_i_status,DIRECT_PDIRD_MINIMUM_SUMMER_NOMINAL_CURRENT,DIRECT_PDIRD_MINIMUM_WINTER_NOMINAL_CURRENT,CHANGED
lines,LINE:002093,max_i_ka,0.4416,0.544,CHANGED
lines,LINE:002093,seasonal_rating_status,WINTER_DYNAMIC_AMBIENT_TEMPERATURE_RATING_APPLIED,DIRECT_PDIRD_WINTER_NOMINAL_CURRENT_APPLIED,CHANGED
lines,LINE:002102,parameter_source,"E-REDES PDIRD-E 2020 Annex B, 31-12-2025 planning table",https://www.e-redes.pt/sites/eredes/files/2022-07/PDIRD-E%202020%20proposta%20final.pdf,CHANGED
lines,LINE:002102,max_i_status,DIRECT_PDIRD_MINIMUM_SUMMER_NOMINAL_CURRENT,DIRECT_PDIRD_MINIMUM_WINTER_NOMINAL_CURRENT,CHANGED
lines,LINE:002102,max_i_ka,0.6969,0.686,CHANGED
lines,LINE:002102,seasonal_rating_status,WINTER_DYNAMIC_AMBIENT_TEMPERATURE_RATING_APPLIED,DIRECT_PDIRD_WINTER_NOMINAL_CURRENT_APPLIED,CHANGED
lines,LINE:002104,parameter_source,"E-REDES PDIRD-E 2020 Annex B, 31-12-2025 planning table",https://www.e-redes.pt/sites/eredes/files/2022-07/PDIRD-E%202020%20proposta%20final.pdf,CHANGED
lines,LINE:002104,max_i_status,DIRECT_PDIRD_MINIMUM_SUMMER_NOMINAL_CURRENT,DIRECT_PDIRD_MINIMUM_WINTER_NOMINAL_CURRENT,CHANGED
lines,LINE:002104,max_i_ka,1.3938,1.372,CHANGED
lines,LINE:002104,seasonal_rating_status,WINTER_DYNAMIC_AMBIENT_TEMPERATURE_RATING_APPLIED,DIRECT_PDIRD_WINTER_NOMINAL_CURRENT_APPLIED,CHANGED
lines,LINE:002113,parameter_source,"E-REDES PDIRD-E 2020 Annex B, 31-12-2025 planning table",https://www.e-redes.pt/sites/eredes/files/2022-07/PDIRD-E%202020%20proposta%20final.pdf,CHANGED
lines,LINE:002113,max_i_status,DIRECT_PDIRD_MINIMUM_SUMMER_NOMINAL_CURRENT,DIRECT_PDIRD_MINIMUM_WINTER_NOMINAL_CURRENT,CHANGED
lines,LINE:002113,max_i_ka,0.5450999999999999,0.582,CHANGED
lines,LINE:002113,seasonal_rating_status,WINTER_DYNAMIC_AMBIENT_TEMPERATURE_RATING_APPLIED,DIRECT_PDIRD_WINTER_NOMINAL_CURRENT_APPLIED,CHANGED
lines,LINE:002115,parameter_source,"E-REDES PDIRD-E 2020 Annex B, 31-12-2025 planning table",https://www.e-redes.pt/sites/eredes/files/2022-07/PDIRD-E%202020%20proposta%20final.pdf,CHANGED
lines,LINE:002115,max_i_status,DIRECT_PDIRD_MINIMUM_SUMMER_NOMINAL_CURRENT,DIRECT_PDIRD_MINIMUM_WINTER_NOMINAL_CURRENT,CHANGED
lines,LINE:002115,max_i_ka,0.5450999999999999,0.582,CHANGED
lines,LINE:002115,seasonal_rating_status,WINTER_DYNAMIC_AMBIENT_TEMPERATURE_RATING_APPLIED,DIRECT_PDIRD_WINTER_NOMINAL_CURRENT_APPLIED,CHANGED
lines,LINE:002126,parameter_source,"E-REDES PDIRD-E 2020 Annex B, 31-12-2025 planning table",https://www.e-redes.pt/sites/eredes/files/2022-07/PDIRD-E%202020%20proposta%20final.pdf,CHANGED
lines,LINE:002126,max_i_status,DIRECT_PDIRD_MINIMUM_SUMMER_NOMINAL_CURRENT,DIRECT_PDIRD_MINIMUM_WINTER_NOMINAL_CURRENT,CHANGED
lines,LINE:002126,max_i_ka,0.5450999999999999,0.582,CHANGED
lines,LINE:002126,seasonal_rating_status,WINTER_DYNAMIC_AMBIENT_TEMPERATURE_RATING_APPLIED,DIRECT_PDIRD_WINTER_NOMINAL_CURRENT_APPLIED,CHANGED
lines,LINE:002132,parameter_source,"E-REDES PDIRD-E 2020 Annex B, 31-12-2025 planning table",https://www.e-redes.pt/sites/eredes/files/2022-07/PDIRD-E%202020%20proposta%20final.pdf,CHANGED
lines,LINE:002132,max_i_status,DIRECT_PDIRD_MINIMUM_SUMMER_NOMINAL_CURRENT,DIRECT_PDIRD_MINIMUM_WINTER_NOMINAL_CURRENT,CHANGED
lines,LINE:002132,max_i_ka,0.6969,0.686,CHANGED
lines,LINE:002132,seasonal_rating_status,WINTER_DYNAMIC_AMBIENT_TEMPERATURE_RATING_APPLIED,DIRECT_PDIRD_WINTER_NOMINAL_CURRENT_APPLIED,CHANGED
lines,LINE:002157,parameter_source,"E-REDES PDIRD-E 2020 Annex B, 31-12-2025 planning table",https://www.e-redes.pt/sites/eredes/files/2022-07/PDIRD-E%202020%20proposta%20final.pdf,CHANGED
lines,LINE:002157,max_i_status,DIRECT_PDIRD_MINIMUM_SUMMER_NOMINAL_CURRENT,DIRECT_PDIRD_MINIMUM_WINTER_NOMINAL_CURRENT,CHANGED
lines,LINE:002157,max_i_ka,0.88435,1.089,CHANGED
lines,LINE:002157,seasonal_rating_status,WINTER_DYNAMIC_AMBIENT_TEMPERATURE_RATING_APPLIED,DIRECT_PDIRD_WINTER_NOMINAL_CURRENT_APPLIED,CHANGED
lines,LINE:002174,parameter_source,"E-REDES PDIRD-E 2020 Annex B, 31-12-2025 planning table",https://www.e-redes.pt/sites/eredes/files/2022-07/PDIRD-E%202020%20proposta%20final.pdf,CHANGED
lines,LINE:002174,max_i_status,DIRECT_PDIRD_MINIMUM_SUMMER_NOMINAL_CURRENT,DIRECT_PDIRD_MINIMUM_WINTER_NOMINAL_CURRENT,CHANGED
lines,LINE:002174,max_i_ka,1.3938,1.372,CHANGED
lines,LINE:002174,seasonal_rating_status,WINTER_DYNAMIC_AMBIENT_TEMPERATURE_RATING_APPLIED,DIRECT_PDIRD_WINTER_NOMINAL_CURRENT_APPLIED,CHANGED
lines,LINE:002178,parameter_source,"E-REDES PDIRD-E 2020 Annex B, 31-12-2025 planning table",https://www.e-redes.pt/sites/eredes/files/2022-07/PDIRD-E%202020%20proposta%20final.pdf,CHANGED
lines,LINE:002178,max_i_status,DIRECT_PDIRD_MINIMUM_SUMMER_NOMINAL_CURRENT,DIRECT_PDIRD_MINIMUM_WINTER_NOMINAL_CURRENT,CHANGED
lines,LINE:002178,max_i_ka,0.6969,0.686,CHANGED
lines,LINE:002178,seasonal_rating_status,WINTER_DYNAMIC_AMBIENT_TEMPERATURE_RATING_APPLIED,DIRECT_PDIRD_WINTER_NOMINAL_CURRENT_APPLIED,CHANGED
lines,LINE:002181,parameter_source,"E-REDES PDIRD-E 2020 Annex B, 31-12-2025 planning table",https://www.e-redes.pt/sites/eredes/files/2022-07/PDIRD-E%202020%20proposta%20final.pdf,CHANGED
lines,LINE:002181,max_i_status,DIRECT_PDIRD_MINIMUM_SUMMER_NOMINAL_CURRENT,DIRECT_PDIRD_MINIMUM_WINTER_NOMINAL_CURRENT,CHANGED
lines,LINE:002181,max_i_ka,0.6014499999999999,0.686,CHANGED
lines,LINE:002181,seasonal_rating_status,WINTER_DYNAMIC_AMBIENT_TEMPERATURE_RATING_APPLIED,DIRECT_PDIRD_WINTER_NOMINAL_CURRENT_APPLIED,CHANGED
lines,LINE:002187,parameter_source,"E-REDES PDIRD-E 2020 Annex B, 31-12-2025 planning table",https://www.e-redes.pt/sites/eredes/files/2022-07/PDIRD-E%202020%20proposta%20final.pdf,CHANGED
lines,LINE:002187,max_i_status,DIRECT_PDIRD_MINIMUM_SUMMER_NOMINAL_CURRENT,DIRECT_PDIRD_MINIMUM_WINTER_NOMINAL_CURRENT,CHANGED
lines,LINE:002187,max_i_ka,0.49565,0.615,CHANGED
lines,LINE:002187,seasonal_rating_status,WINTER_DYNAMIC_AMBIENT_TEMPERATURE_RATING_APPLIED,DIRECT_PDIRD_WINTER_NOMINAL_CURRENT_APPLIED,CHANGED
lines,LINE:002188,parameter_source,"E-REDES PDIRD-E 2020 Annex B, 31-12-2025 planning table",https://www.e-redes.pt/sites/eredes/files/2022-07/PDIRD-E%202020%20proposta%20final.pdf,CHANGED
lines,LINE:002188,max_i_status,DIRECT_PDIRD_MINIMUM_SUMMER_NOMINAL_CURRENT,DIRECT_PDIRD_MINIMUM_WINTER_NOMINAL_CURRENT,CHANGED
lines,LINE:002188,max_i_ka,0.4416,0.544,CHANGED
lines,LINE:002188,seasonal_rating_status,WINTER_DYNAMIC_AMBIENT_TEMPERATURE_RATING_APPLIED,DIRECT_PDIRD_WINTER_NOMINAL_CURRENT_APPLIED,CHANGED
lines,LINE:002196,parameter_source,"E-REDES PDIRD-E 2020 Annex B, 31-12-2025 planning table",https://www.e-redes.pt/sites/eredes/files/2022-07/PDIRD-E%202020%20proposta%20final.pdf,CHANGED
lines,LINE:002196,max_i_status,DIRECT_PDIRD_MINIMUM_SUMMER_NOMINAL_CURRENT,DIRECT_PDIRD_MINIMUM_WINTER_NOMINAL_CURRENT,CHANGED
lines,LINE:002196,max_i_ka,0.46115,0.451,CHANGED
lines,LINE:002196,seasonal_rating_status,WINTER_DYNAMIC_AMBIENT_TEMPERATURE_RATING_APPLIED,DIRECT_PDIRD_WINTER_NOMINAL_CURRENT_APPLIED,CHANGED
lines,LINE:002207,parameter_source,"E-REDES PDIRD-E 2020 Annex B, 31-12-2025 planning table",https://www.e-redes.pt/sites/eredes/files/2022-07/PDIRD-E%202020%20proposta%20final.pdf,CHANGED
lines,LINE:002207,max_i_status,DIRECT_PDIRD_MINIMUM_SUMMER_NOMINAL_CURRENT,DIRECT_PDIRD_MINIMUM_WINTER_NOMINAL_CURRENT,CHANGED
lines,LINE:002207,max_i_ka,0.30015,0.362,CHANGED
lines,LINE:002207,seasonal_rating_status,WINTER_DYNAMIC_AMBIENT_TEMPERATURE_RATING_APPLIED,DIRECT_PDIRD_WINTER_NOMINAL_CURRENT_APPLIED,CHANGED
lines,LINE:002215,parameter_source,"E-REDES PDIRD-E 2020 Annex B, 31-12-2025 planning table",https://www.e-redes.pt/sites/eredes/files/2022-07/PDIRD-E%202020%20proposta%20final.pdf,CHANGED
lines,LINE:002215,max_i_status,DIRECT_PDIRD_MINIMUM_SUMMER_NOMINAL_CURRENT,DIRECT_PDIRD_MINIMUM_WINTER_NOMINAL_CURRENT,CHANGED
lines,LINE:002215,max_i_ka,0.68885,0.74,CHANGED
lines,LINE:002215,seasonal_rating_status,WINTER_DYNAMIC_AMBIENT_TEMPERATURE_RATING_APPLIED,DIRECT_PDIRD_WINTER_NOMINAL_CURRENT_APPLIED,CHANGED
lines,LINE:002223,parameter_source,"E-REDES PDIRD-E 2020 Annex B, 31-12-2025 planning table",https://www.e-redes.pt/sites/eredes/files/2022-07/PDIRD-E%202020%20proposta%20final.pdf,CHANGED
lines,LINE:002223,max_i_status,DIRECT_PDIRD_MINIMUM_SUMMER_NOMINAL_CURRENT,DIRECT_PDIRD_MINIMUM_WINTER_NOMINAL_CURRENT,CHANGED
lines,LINE:002223,max_i_ka,0.32085,0.387,CHANGED
lines,LINE:002223,seasonal_rating_status,WINTER_DYNAMIC_AMBIENT_TEMPERATURE_RATING_APPLIED,DIRECT_PDIRD_WINTER_NOMINAL_CURRENT_APPLIED,CHANGED
lines,LINE:002224,parameter_source,"E-REDES PDIRD-E 2020 Annex B, 31-12-2025 planning table",https://www.e-redes.pt/sites/eredes/files/2022-07/PDIRD-E%202020%20proposta%20final.pdf,CHANGED
lines,LINE:002224,max_i_status,DIRECT_PDIRD_MINIMUM_SUMMER_NOMINAL_CURRENT,DIRECT_PDIRD_MINIMUM_WINTER_NOMINAL_CURRENT,CHANGED
lines,LINE:002224,max_i_ka,0.32085,0.387,CHANGED
lines,LINE:002224,seasonal_rating_status,WINTER_DYNAMIC_AMBIENT_TEMPERATURE_RATING_APPLIED,DIRECT_PDIRD_WINTER_NOMINAL_CURRENT_APPLIED,CHANGED
lines,LINE:002225,parameter_source,"E-REDES PDIRD-E 2020 Annex B, 31-12-2025 planning table",https://www.e-redes.pt/sites/eredes/files/2022-07/PDIRD-E%202020%20proposta%20final.pdf,CHANGED
lines,LINE:002225,max_i_status,DIRECT_PDIRD_MINIMUM_SUMMER_NOMINAL_CURRENT,DIRECT_PDIRD_MINIMUM_WINTER_NOMINAL_CURRENT,CHANGED
lines,LINE:002225,max_i_ka,0.32085,0.387,CHANGED
lines,LINE:002225,seasonal_rating_status,WINTER_DYNAMIC_AMBIENT_TEMPERATURE_RATING_APPLIED,DIRECT_PDIRD_WINTER_NOMINAL_CURRENT_APPLIED,CHANGED
lines,LINE:002227,parameter_source,"E-REDES PDIRD-E 2020 Annex B, 31-12-2025 planning table",https://www.e-redes.pt/sites/eredes/files/2022-07/PDIRD-E%202020%20proposta%20final.pdf,CHANGED
lines,LINE:002227,max_i_status,DIRECT_PDIRD_MINIMUM_SUMMER_NOMINAL_CURRENT,DIRECT_PDIRD_MINIMUM_WINTER_NOMINAL_CURRENT,CHANGED
lines,LINE:002227,max_i_ka,0.6969,0.686,CHANGED
lines,LINE:002227,seasonal_rating_status,WINTER_DYNAMIC_AMBIENT_TEMPERATURE_RATING_APPLIED,DIRECT_PDIRD_WINTER_NOMINAL_CURRENT_APPLIED,CHANGED
lines,LINE:002228,parameter_source,"E-REDES PDIRD-E 2020 Annex B, 31-12-2025 planning table",https://www.e-redes.pt/sites/eredes/files/2022-07/PDIRD-E%202020%20proposta%20final.pdf,CHANGED
lines,LINE:002228,max_i_status,DIRECT_PDIRD_MINIMUM_SUMMER_NOMINAL_CURRENT,DIRECT_PDIRD_MINIMUM_WINTER_NOMINAL_CURRENT,CHANGED
lines,LINE:002228,max_i_ka,0.6969,0.686,CHANGED
lines,LINE:002228,seasonal_rating_status,WINTER_DYNAMIC_AMBIENT_TEMPERATURE_RATING_APPLIED,DIRECT_PDIRD_WINTER_NOMINAL_CURRENT_APPLIED,CHANGED
lines,LINE:002229,parameter_source,"E-REDES PDIRD-E 2020 Annex B, 31-12-2025 planning table",https://www.e-redes.pt/sites/eredes/files/2022-07/PDIRD-E%202020%20proposta%20final.pdf,CHANGED
lines,LINE:002229,max_i_status,DIRECT_PDIRD_MINIMUM_SUMMER_NOMINAL_CURRENT,DIRECT_PDIRD_MINIMUM_WINTER_NOMINAL_CURRENT,CHANGED
lines,LINE:002229,max_i_ka,0.6969,0.686,CHANGED
lines,LINE:002229,seasonal_rating_status,WINTER_DYNAMIC_AMBIENT_TEMPERATURE_RATING_APPLIED,DIRECT_PDIRD_WINTER_NOMINAL_CURRENT_APPLIED,CHANGED
lines,LINE:002230,parameter_status,VOLTAGE_CLASS_ENGINEERING_PROXY,DIRECT_PUBLIC_TWO_CIRCUIT_WINTER_BOTTLENECK,CHANGED
lines,LINE:002230,parameter_source,config/model_config.json,https://www.e-redes.pt/sites/eredes/files/2022-07/PDIRD-E%202020%20proposta%20final.pdf,CHANGED
lines,LINE:002230,parameter_match_designation,,LN60 01/02 PC ORBACÉM-VILA NOVA DE CERVEIRA,CHANGED
lines,LINE:002230,max_i_status,ENGINEERING_PROXY,DIRECT_PUBLIC_TWO_CIRCUIT_WINTER_BOTTLENECK,CHANGED
lines,LINE:002230,max_i_ka,0.6969,0.544,CHANGED
lines,LINE:002230,parallel,1,2,CHANGED
lines,LINE:002230,parallel_status,SOURCE_CIRCUIT_FIELD_OR_SINGLE_CIRCUIT_DEFAULT,PUBLIC_TWO_CIRCUIT_INVENTORY,CHANGED
lines,LINE:002230,rating_override_status,NO_CORRIDOR_OVERRIDE,EXPLICIT_PUBLIC_INVENTORY_CORRECTION,CHANGED
lines,LINE:002230,seasonal_rating_status,WINTER_DYNAMIC_AMBIENT_TEMPERATURE_RATING_APPLIED,DIRECT_PDIRD_WINTER_NOMINAL_CURRENT_APPLIED,CHANGED
lines,LINE:002232,parameter_source,"E-REDES PDIRD-E 2020 Annex B, 31-12-2025 planning table",https://www.e-redes.pt/sites/eredes/files/2022-07/PDIRD-E%202020%20proposta%20final.pdf,CHANGED
lines,LINE:002232,max_i_status,DIRECT_PDIRD_MINIMUM_SUMMER_NOMINAL_CURRENT,DIRECT_PDIRD_MINIMUM_WINTER_NOMINAL_CURRENT,CHANGED
lines,LINE:002232,max_i_ka,0.6969,0.686,CHANGED
lines,LINE:002232,seasonal_rating_status,WINTER_DYNAMIC_AMBIENT_TEMPERATURE_RATING_APPLIED,DIRECT_PDIRD_WINTER_NOMINAL_CURRENT_APPLIED,CHANGED
lines,LINE:002235,parameter_source,"E-REDES PDIRD-E 2020 Annex B, 31-12-2025 planning table",https://www.e-redes.pt/sites/eredes/files/2022-07/PDIRD-E%202020%20proposta%20final.pdf,CHANGED
lines,LINE:002235,max_i_status,DIRECT_PDIRD_MINIMUM_SUMMER_NOMINAL_CURRENT,DIRECT_PDIRD_MINIMUM_WINTER_NOMINAL_CURRENT,CHANGED
lines,LINE:002235,max_i_ka,0.49565,0.615,CHANGED
lines,LINE:002235,seasonal_rating_status,WINTER_DYNAMIC_AMBIENT_TEMPERATURE_RATING_APPLIED,DIRECT_PDIRD_WINTER_NOMINAL_CURRENT_APPLIED,CHANGED
lines,LINE:002247,parameter_source,"E-REDES PDIRD-E 2020 Annex B, 31-12-2025 planning table",https://www.e-redes.pt/sites/eredes/files/2022-07/PDIRD-E%202020%20proposta%20final.pdf,CHANGED
lines,LINE:002247,max_i_status,DIRECT_PDIRD_MINIMUM_SUMMER_NOMINAL_CURRENT,DIRECT_PDIRD_MINIMUM_WINTER_NOMINAL_CURRENT,CHANGED
lines,LINE:002247,max_i_ka,0.4416,0.544,CHANGED
lines,LINE:002247,seasonal_rating_status,WINTER_DYNAMIC_AMBIENT_TEMPERATURE_RATING_APPLIED,DIRECT_PDIRD_WINTER_NOMINAL_CURRENT_APPLIED,CHANGED
lines,LINE:002254,parameter_source,"E-REDES PDIRD-E 2020 Annex B, 31-12-2025 planning table",https://www.e-redes.pt/sites/eredes/files/2022-07/PDIRD-E%202020%20proposta%20final.pdf,CHANGED
lines,LINE:002254,max_i_status,DIRECT_PDIRD_MINIMUM_SUMMER_NOMINAL_CURRENT,DIRECT_PDIRD_MINIMUM_WINTER_NOMINAL_CURRENT,CHANGED
lines,LINE:002254,max_i_ka,0.6969,0.686,CHANGED
lines,LINE:002254,seasonal_rating_status,WINTER_DYNAMIC_AMBIENT_TEMPERATURE_RATING_APPLIED,DIRECT_PDIRD_WINTER_NOMINAL_CURRENT_APPLIED,CHANGED
lines,LINE:002277,parameter_source,"E-REDES PDIRD-E 2020 Annex B, 31-12-2025 planning table",https://www.e-redes.pt/sites/eredes/files/2022-07/PDIRD-E%202020%20proposta%20final.pdf,CHANGED
lines,LINE:002277,max_i_status,DIRECT_PDIRD_MINIMUM_SUMMER_NOMINAL_CURRENT,DIRECT_PDIRD_MINIMUM_WINTER_NOMINAL_CURRENT,CHANGED
lines,LINE:002277,max_i_ka,0.4416,0.544,CHANGED
lines,LINE:002277,seasonal_rating_status,WINTER_DYNAMIC_AMBIENT_TEMPERATURE_RATING_APPLIED,DIRECT_PDIRD_WINTER_NOMINAL_CURRENT_APPLIED,CHANGED
lines,LINE:002289,parameter_source,"E-REDES PDIRD-E 2020 Annex B, 31-12-2025 planning table",https://www.e-redes.pt/sites/eredes/files/2022-07/PDIRD-E%202020%20proposta%20final.pdf,CHANGED
lines,LINE:002289,max_i_status,DIRECT_PDIRD_MINIMUM_SUMMER_NOMINAL_CURRENT,DIRECT_PDIRD_MINIMUM_WINTER_NOMINAL_CURRENT,CHANGED
lines,LINE:002289,max_i_ka,0.6969,0.686,CHANGED
lines,LINE:002289,seasonal_rating_status,WINTER_DYNAMIC_AMBIENT_TEMPERATURE_RATING_APPLIED,DIRECT_PDIRD_WINTER_NOMINAL_CURRENT_APPLIED,CHANGED
lines,LINE:002290,parameter_source,"E-REDES PDIRD-E 2020 Annex B, 31-12-2025 planning table",https://www.e-redes.pt/sites/eredes/files/2022-07/PDIRD-E%202020%20proposta%20final.pdf,CHANGED
lines,LINE:002290,max_i_status,DIRECT_PDIRD_MINIMUM_SUMMER_NOMINAL_CURRENT,DIRECT_PDIRD_MINIMUM_WINTER_NOMINAL_CURRENT,CHANGED
lines,LINE:002290,max_i_ka,0.4416,0.544,CHANGED
lines,LINE:002290,seasonal_rating_status,WINTER_DYNAMIC_AMBIENT_TEMPERATURE_RATING_APPLIED,DIRECT_PDIRD_WINTER_NOMINAL_CURRENT_APPLIED,CHANGED
lines,LINE:002293,parameter_source,"E-REDES PDIRD-E 2020 Annex B, 31-12-2025 planning table",https://www.e-redes.pt/sites/eredes/files/2022-07/PDIRD-E%202020%20proposta%20final.pdf,CHANGED
lines,LINE:002293,max_i_status,DIRECT_PDIRD_MINIMUM_SUMMER_NOMINAL_CURRENT,DIRECT_PDIRD_MINIMUM_WINTER_NOMINAL_CURRENT,CHANGED
lines,LINE:002293,max_i_ka,0.4416,0.544,CHANGED
lines,LINE:002293,seasonal_rating_status,WINTER_DYNAMIC_AMBIENT_TEMPERATURE_RATING_APPLIED,DIRECT_PDIRD_WINTER_NOMINAL_CURRENT_APPLIED,CHANGED
lines,LINE:002305,parameter_source,"E-REDES PDIRD-E 2020 Annex B, 31-12-2025 planning table",https://www.e-redes.pt/sites/eredes/files/2022-07/PDIRD-E%202020%20proposta%20final.pdf,CHANGED
lines,LINE:002305,max_i_status,DIRECT_PDIRD_MINIMUM_SUMMER_NOMINAL_CURRENT,DIRECT_PDIRD_MINIMUM_WINTER_NOMINAL_CURRENT,CHANGED
lines,LINE:002305,max_i_ka,0.5450999999999999,0.582,CHANGED
lines,LINE:002305,seasonal_rating_status,WINTER_DYNAMIC_AMBIENT_TEMPERATURE_RATING_APPLIED,DIRECT_PDIRD_WINTER_NOMINAL_CURRENT_APPLIED,CHANGED
lines,LINE:002306,parameter_source,"E-REDES PDIRD-E 2020 Annex B, 31-12-2025 planning table",https://www.e-redes.pt/sites/eredes/files/2022-07/PDIRD-E%202020%20proposta%20final.pdf,CHANGED
lines,LINE:002306,max_i_status,DIRECT_PDIRD_MINIMUM_SUMMER_NOMINAL_CURRENT,DIRECT_PDIRD_MINIMUM_WINTER_NOMINAL_CURRENT,CHANGED
lines,LINE:002306,max_i_ka,0.5450999999999999,0.582,CHANGED
lines,LINE:002306,seasonal_rating_status,WINTER_DYNAMIC_AMBIENT_TEMPERATURE_RATING_APPLIED,DIRECT_PDIRD_WINTER_NOMINAL_CURRENT_APPLIED,CHANGED
lines,LINE:002307,parameter_source,"E-REDES PDIRD-E 2020 Annex B, 31-12-2025 planning table",https://www.e-redes.pt/sites/eredes/files/2022-07/PDIRD-E%202020%20proposta%20final.pdf,CHANGED
lines,LINE:002307,max_i_status,DIRECT_PDIRD_MINIMUM_SUMMER_NOMINAL_CURRENT,DIRECT_PDIRD_MINIMUM_WINTER_NOMINAL_CURRENT,CHANGED
lines,LINE:002307,max_i_ka,0.5450999999999999,0.582,CHANGED
lines,LINE:002307,seasonal_rating_status,WINTER_DYNAMIC_AMBIENT_TEMPERATURE_RATING_APPLIED,DIRECT_PDIRD_WINTER_NOMINAL_CURRENT_APPLIED,CHANGED
lines,LINE:002329,parameter_source,"E-REDES PDIRD-E 2020 Annex B, 31-12-2025 planning table",https://www.e-redes.pt/sites/eredes/files/2022-07/PDIRD-E%202020%20proposta%20final.pdf,CHANGED
lines,LINE:002329,max_i_status,DIRECT_PDIRD_MINIMUM_SUMMER_NOMINAL_CURRENT,DIRECT_PDIRD_MINIMUM_WINTER_NOMINAL_CURRENT,CHANGED
lines,LINE:002329,max_i_ka,0.68885,0.686,CHANGED
lines,LINE:002329,seasonal_rating_status,WINTER_DYNAMIC_AMBIENT_TEMPERATURE_RATING_APPLIED,DIRECT_PDIRD_WINTER_NOMINAL_CURRENT_APPLIED,CHANGED
lines,LINE:002330,parameter_source,"E-REDES PDIRD-E 2020 Annex B, 31-12-2025 planning table",https://www.e-redes.pt/sites/eredes/files/2022-07/PDIRD-E%202020%20proposta%20final.pdf,CHANGED
lines,LINE:002330,max_i_status,DIRECT_PDIRD_MINIMUM_SUMMER_NOMINAL_CURRENT,DIRECT_PDIRD_MINIMUM_WINTER_NOMINAL_CURRENT,CHANGED
lines,LINE:002330,max_i_ka,0.68885,0.686,CHANGED
lines,LINE:002330,seasonal_rating_status,WINTER_DYNAMIC_AMBIENT_TEMPERATURE_RATING_APPLIED,DIRECT_PDIRD_WINTER_NOMINAL_CURRENT_APPLIED,CHANGED
lines,LINE:002333,parameter_source,"E-REDES PDIRD-E 2020 Annex B, 31-12-2025 planning table",https://www.e-redes.pt/sites/eredes/files/2022-07/PDIRD-E%202020%20proposta%20final.pdf,CHANGED
lines,LINE:002333,max_i_status,DIRECT_PDIRD_MINIMUM_SUMMER_NOMINAL_CURRENT,DIRECT_PDIRD_MINIMUM_WINTER_NOMINAL_CURRENT,CHANGED
lines,LINE:002333,max_i_ka,0.68885,0.686,CHANGED
lines,LINE:002333,seasonal_rating_status,WINTER_DYNAMIC_AMBIENT_TEMPERATURE_RATING_APPLIED,DIRECT_PDIRD_WINTER_NOMINAL_CURRENT_APPLIED,CHANGED
lines,LINE:002336,parameter_source,"E-REDES PDIRD-E 2020 Annex B, 31-12-2025 planning table",https://www.e-redes.pt/sites/eredes/files/2022-07/PDIRD-E%202020%20proposta%20final.pdf,CHANGED
lines,LINE:002336,max_i_status,DIRECT_PDIRD_MINIMUM_SUMMER_NOMINAL_CURRENT,DIRECT_PDIRD_MINIMUM_WINTER_NOMINAL_CURRENT,CHANGED
lines,LINE:002336,max_i_ka,0.46115,0.451,CHANGED
lines,LINE:002336,seasonal_rating_status,WINTER_DYNAMIC_AMBIENT_TEMPERATURE_RATING_APPLIED,DIRECT_PDIRD_WINTER_NOMINAL_CURRENT_APPLIED,CHANGED
lines,LINE:002337,parameter_source,"E-REDES PDIRD-E 2020 Annex B, 31-12-2025 planning table",https://www.e-redes.pt/sites/eredes/files/2022-07/PDIRD-E%202020%20proposta%20final.pdf,CHANGED
lines,LINE:002337,max_i_status,DIRECT_PDIRD_MINIMUM_SUMMER_NOMINAL_CURRENT,DIRECT_PDIRD_MINIMUM_WINTER_NOMINAL_CURRENT,CHANGED
lines,LINE:002337,max_i_ka,0.46115,0.451,CHANGED
lines,LINE:002337,seasonal_rating_status,WINTER_DYNAMIC_AMBIENT_TEMPERATURE_RATING_APPLIED,DIRECT_PDIRD_WINTER_NOMINAL_CURRENT_APPLIED,CHANGED
lines,LINE:002338,parameter_source,"E-REDES PDIRD-E 2020 Annex B, 31-12-2025 planning table",https://www.e-redes.pt/sites/eredes/files/2022-07/PDIRD-E%202020%20proposta%20final.pdf,CHANGED
lines,LINE:002338,max_i_status,DIRECT_PDIRD_MINIMUM_SUMMER_NOMINAL_CURRENT,DIRECT_PDIRD_MINIMUM_WINTER_NOMINAL_CURRENT,CHANGED
lines,LINE:002338,max_i_ka,0.46115,0.451,CHANGED
lines,LINE:002338,seasonal_rating_status,WINTER_DYNAMIC_AMBIENT_TEMPERATURE_RATING_APPLIED,DIRECT_PDIRD_WINTER_NOMINAL_CURRENT_APPLIED,CHANGED
lines,LINE:002340,parameter_source,"E-REDES PDIRD-E 2020 Annex B, 31-12-2025 planning table",https://www.e-redes.pt/sites/eredes/files/2022-07/PDIRD-E%202020%20proposta%20final.pdf,CHANGED
lines,LINE:002340,max_i_status,DIRECT_PDIRD_MINIMUM_SUMMER_NOMINAL_CURRENT,DIRECT_PDIRD_MINIMUM_WINTER_NOMINAL_CURRENT,CHANGED
lines,LINE:002340,max_i_ka,0.46115,0.451,CHANGED
lines,LINE:002340,seasonal_rating_status,WINTER_DYNAMIC_AMBIENT_TEMPERATURE_RATING_APPLIED,DIRECT_PDIRD_WINTER_NOMINAL_CURRENT_APPLIED,CHANGED
lines,LINE:002349,parameter_source,"E-REDES PDIRD-E 2020 Annex B, 31-12-2025 planning table",https://www.e-redes.pt/sites/eredes/files/2022-07/PDIRD-E%202020%20proposta%20final.pdf,CHANGED
lines,LINE:002349,max_i_status,DIRECT_PDIRD_MINIMUM_SUMMER_NOMINAL_CURRENT,DIRECT_PDIRD_MINIMUM_WINTER_NOMINAL_CURRENT,CHANGED
lines,LINE:002349,max_i_ka,0.4416,0.544,CHANGED
lines,LINE:002349,seasonal_rating_status,WINTER_DYNAMIC_AMBIENT_TEMPERATURE_RATING_APPLIED,DIRECT_PDIRD_WINTER_NOMINAL_CURRENT_APPLIED,CHANGED
lines,LINE:002353,parameter_source,"E-REDES PDIRD-E 2020 Annex B, 31-12-2025 planning table",https://www.e-redes.pt/sites/eredes/files/2022-07/PDIRD-E%202020%20proposta%20final.pdf,CHANGED
lines,LINE:002353,max_i_status,DIRECT_PDIRD_MINIMUM_SUMMER_NOMINAL_CURRENT,DIRECT_PDIRD_MINIMUM_WINTER_NOMINAL_CURRENT,CHANGED
lines,LINE:002353,max_i_ka,0.6014499999999999,0.723,CHANGED
lines,LINE:002353,seasonal_rating_status,WINTER_DYNAMIC_AMBIENT_TEMPERATURE_RATING_APPLIED,DIRECT_PDIRD_WINTER_NOMINAL_CURRENT_APPLIED,CHANGED
lines,LINE:002357,parameter_source,"E-REDES PDIRD-E 2020 Annex B, 31-12-2025 planning table",https://www.e-redes.pt/sites/eredes/files/2022-07/PDIRD-E%202020%20proposta%20final.pdf,CHANGED
lines,LINE:002357,max_i_status,DIRECT_PDIRD_MINIMUM_SUMMER_NOMINAL_CURRENT,DIRECT_PDIRD_MINIMUM_WINTER_NOMINAL_CURRENT,CHANGED
lines,LINE:002357,max_i_ka,0.6014499999999999,0.723,CHANGED
lines,LINE:002357,seasonal_rating_status,WINTER_DYNAMIC_AMBIENT_TEMPERATURE_RATING_APPLIED,DIRECT_PDIRD_WINTER_NOMINAL_CURRENT_APPLIED,CHANGED
lines,LINE:002360,parameter_source,"E-REDES PDIRD-E 2020 Annex B, 31-12-2025 planning table",https://www.e-redes.pt/sites/eredes/files/2022-07/PDIRD-E%202020%20proposta%20final.pdf,CHANGED
lines,LINE:002360,max_i_status,DIRECT_PDIRD_MINIMUM_SUMMER_NOMINAL_CURRENT,DIRECT_PDIRD_MINIMUM_WINTER_NOMINAL_CURRENT,CHANGED
lines,LINE:002360,max_i_ka,0.6969,0.686,CHANGED
lines,LINE:002360,seasonal_rating_status,WINTER_DYNAMIC_AMBIENT_TEMPERATURE_RATING_APPLIED,DIRECT_PDIRD_WINTER_NOMINAL_CURRENT_APPLIED,CHANGED
lines,LINE:002369,parameter_source,"E-REDES PDIRD-E 2020 Annex B, 31-12-2025 planning table",https://www.e-redes.pt/sites/eredes/files/2022-07/PDIRD-E%202020%20proposta%20final.pdf,CHANGED
lines,LINE:002369,max_i_status,DIRECT_PDIRD_MINIMUM_SUMMER_NOMINAL_CURRENT,DIRECT_PDIRD_MINIMUM_WINTER_NOMINAL_CURRENT,CHANGED
lines,LINE:002369,max_i_ka,0.30015,0.362,CHANGED
lines,LINE:002369,seasonal_rating_status,WINTER_DYNAMIC_AMBIENT_TEMPERATURE_RATING_APPLIED,DIRECT_PDIRD_WINTER_NOMINAL_CURRENT_APPLIED,CHANGED
lines,LINE:002370,parameter_source,"E-REDES PDIRD-E 2020 Annex B, 31-12-2025 planning table",https://www.e-redes.pt/sites/eredes/files/2022-07/PDIRD-E%202020%20proposta%20final.pdf,CHANGED
lines,LINE:002370,max_i_status,DIRECT_PDIRD_MINIMUM_SUMMER_NOMINAL_CURRENT,DIRECT_PDIRD_MINIMUM_WINTER_NOMINAL_CURRENT,CHANGED
lines,LINE:002370,max_i_ka,0.30015,0.362,CHANGED
lines,LINE:002370,seasonal_rating_status,WINTER_DYNAMIC_AMBIENT_TEMPERATURE_RATING_APPLIED,DIRECT_PDIRD_WINTER_NOMINAL_CURRENT_APPLIED,CHANGED
lines,LINE:002371,parameter_source,"E-REDES PDIRD-E 2020 Annex B, 31-12-2025 planning table",https://www.e-redes.pt/sites/eredes/files/2022-07/PDIRD-E%202020%20proposta%20final.pdf,CHANGED
lines,LINE:002371,max_i_status,DIRECT_PDIRD_MINIMUM_SUMMER_NOMINAL_CURRENT,DIRECT_PDIRD_MINIMUM_WINTER_NOMINAL_CURRENT,CHANGED
lines,LINE:002371,max_i_ka,0.88435,1.089,CHANGED
lines,LINE:002371,seasonal_rating_status,WINTER_DYNAMIC_AMBIENT_TEMPERATURE_RATING_APPLIED,DIRECT_PDIRD_WINTER_NOMINAL_CURRENT_APPLIED,CHANGED
lines,LINE:002372,parameter_source,"E-REDES PDIRD-E 2020 Annex B, 31-12-2025 planning table",https://www.e-redes.pt/sites/eredes/files/2022-07/PDIRD-E%202020%20proposta%20final.pdf,CHANGED
lines,LINE:002372,max_i_status,DIRECT_PDIRD_MINIMUM_SUMMER_NOMINAL_CURRENT,DIRECT_PDIRD_MINIMUM_WINTER_NOMINAL_CURRENT,CHANGED
lines,LINE:002372,max_i_ka,0.37374999999999997,0.386,CHANGED
lines,LINE:002372,seasonal_rating_status,WINTER_DYNAMIC_AMBIENT_TEMPERATURE_RATING_APPLIED,DIRECT_PDIRD_WINTER_NOMINAL_CURRENT_APPLIED,CHANGED
lines,LINE:002373,parameter_source,"E-REDES PDIRD-E 2020 Annex B, 31-12-2025 planning table",https://www.e-redes.pt/sites/eredes/files/2022-07/PDIRD-E%202020%20proposta%20final.pdf,CHANGED
lines,LINE:002373,max_i_status,DIRECT_PDIRD_MINIMUM_SUMMER_NOMINAL_CURRENT,DIRECT_PDIRD_MINIMUM_WINTER_NOMINAL_CURRENT,CHANGED
lines,LINE:002373,max_i_ka,0.37374999999999997,0.386,CHANGED
lines,LINE:002373,seasonal_rating_status,WINTER_DYNAMIC_AMBIENT_TEMPERATURE_RATING_APPLIED,DIRECT_PDIRD_WINTER_NOMINAL_CURRENT_APPLIED,CHANGED
lines,LINE:002374,parameter_source,"E-REDES PDIRD-E 2020 Annex B, 31-12-2025 planning table",https://www.e-redes.pt/sites/eredes/files/2022-07/PDIRD-E%202020%20proposta%20final.pdf,CHANGED
lines,LINE:002374,max_i_status,DIRECT_PDIRD_MINIMUM_SUMMER_NOMINAL_CURRENT,DIRECT_PDIRD_MINIMUM_WINTER_NOMINAL_CURRENT,CHANGED
lines,LINE:002374,max_i_ka,0.5450999999999999,0.582,CHANGED
lines,LINE:002374,seasonal_rating_status,WINTER_DYNAMIC_AMBIENT_TEMPERATURE_RATING_APPLIED,DIRECT_PDIRD_WINTER_NOMINAL_CURRENT_APPLIED,CHANGED
lines,LINE:002375,parameter_source,"E-REDES PDIRD-E 2020 Annex B, 31-12-2025 planning table",https://www.e-redes.pt/sites/eredes/files/2022-07/PDIRD-E%202020%20proposta%20final.pdf,CHANGED
lines,LINE:002375,max_i_status,DIRECT_PDIRD_MINIMUM_SUMMER_NOMINAL_CURRENT,DIRECT_PDIRD_MINIMUM_WINTER_NOMINAL_CURRENT,CHANGED
lines,LINE:002375,max_i_ka,0.5450999999999999,0.582,CHANGED
lines,LINE:002375,seasonal_rating_status,WINTER_DYNAMIC_AMBIENT_TEMPERATURE_RATING_APPLIED,DIRECT_PDIRD_WINTER_NOMINAL_CURRENT_APPLIED,CHANGED
lines,LINE:002378,parameter_source,"E-REDES PDIRD-E 2020 Annex B, 31-12-2025 planning table",https://www.e-redes.pt/sites/eredes/files/2022-07/PDIRD-E%202020%20proposta%20final.pdf,CHANGED
lines,LINE:002378,max_i_status,DIRECT_PDIRD_MINIMUM_SUMMER_NOMINAL_CURRENT,DIRECT_PDIRD_MINIMUM_WINTER_NOMINAL_CURRENT,CHANGED
lines,LINE:002378,max_i_ka,1.3938,1.372,CHANGED
lines,LINE:002378,seasonal_rating_status,WINTER_DYNAMIC_AMBIENT_TEMPERATURE_RATING_APPLIED,DIRECT_PDIRD_WINTER_NOMINAL_CURRENT_APPLIED,CHANGED
lines,LINE:002381,parameter_source,"E-REDES PDIRD-E 2020 Annex B, 31-12-2025 planning table",https://www.e-redes.pt/sites/eredes/files/2022-07/PDIRD-E%202020%20proposta%20final.pdf,CHANGED
lines,LINE:002381,max_i_status,DIRECT_PDIRD_MINIMUM_SUMMER_NOMINAL_CURRENT,DIRECT_PDIRD_MINIMUM_WINTER_NOMINAL_CURRENT,CHANGED
lines,LINE:002381,max_i_ka,0.30015,0.362,CHANGED
lines,LINE:002381,seasonal_rating_status,WINTER_DYNAMIC_AMBIENT_TEMPERATURE_RATING_APPLIED,DIRECT_PDIRD_WINTER_NOMINAL_CURRENT_APPLIED,CHANGED
lines,LINE:002382,parameter_source,"E-REDES PDIRD-E 2020 Annex B, 31-12-2025 planning table",https://www.e-redes.pt/sites/eredes/files/2022-07/PDIRD-E%202020%20proposta%20final.pdf,CHANGED
lines,LINE:002382,max_i_status,DIRECT_PDIRD_MINIMUM_SUMMER_NOMINAL_CURRENT,DIRECT_PDIRD_MINIMUM_WINTER_NOMINAL_CURRENT,CHANGED
lines,LINE:002382,max_i_ka,0.4416,0.544,CHANGED
lines,LINE:002382,seasonal_rating_status,WINTER_DYNAMIC_AMBIENT_TEMPERATURE_RATING_APPLIED,DIRECT_PDIRD_WINTER_NOMINAL_CURRENT_APPLIED,CHANGED
lines,LINE:002384,parameter_source,"E-REDES PDIRD-E 2020 Annex B, 31-12-2025 planning table",https://www.e-redes.pt/sites/eredes/files/2022-07/PDIRD-E%202020%20proposta%20final.pdf,CHANGED
lines,LINE:002384,max_i_status,DIRECT_PDIRD_MINIMUM_SUMMER_NOMINAL_CURRENT,DIRECT_PDIRD_MINIMUM_WINTER_NOMINAL_CURRENT,CHANGED
lines,LINE:002384,max_i_ka,0.6969,0.686,CHANGED
lines,LINE:002384,seasonal_rating_status,WINTER_DYNAMIC_AMBIENT_TEMPERATURE_RATING_APPLIED,DIRECT_PDIRD_WINTER_NOMINAL_CURRENT_APPLIED,CHANGED
lines,LINE:002386,parameter_source,"E-REDES RARI 2024, LN60 1193 PC RIBABELIDE-VALDIGEM (REN)",https://www.e-redes.pt/sites/eredes/files/2022-07/PDIRD-E%202020%20proposta%20final.pdf,CHANGED
lines,LINE:002386,max_i_status,DIRECT_PUBLIC_CORRIDOR_SUMMER_NOMINAL_CURRENT,DIRECT_PDIRD_MINIMUM_WINTER_NOMINAL_CURRENT,CHANGED
lines,LINE:002386,max_i_ka,1.0741,1.258,CHANGED
lines,LINE:002386,seasonal_rating_status,WINTER_DYNAMIC_AMBIENT_TEMPERATURE_RATING_APPLIED,DIRECT_PDIRD_WINTER_NOMINAL_CURRENT_APPLIED,CHANGED
lines,LINE:002401,parameter_source,"E-REDES PDIRD-E 2020 Annex B, 31-12-2025 planning table",https://www.e-redes.pt/sites/eredes/files/2022-07/PDIRD-E%202020%20proposta%20final.pdf,CHANGED
lines,LINE:002401,max_i_status,DIRECT_PDIRD_MINIMUM_SUMMER_NOMINAL_CURRENT,DIRECT_PDIRD_MINIMUM_WINTER_NOMINAL_CURRENT,CHANGED
lines,LINE:002401,max_i_ka,0.4416,0.544,CHANGED
lines,LINE:002401,seasonal_rating_status,WINTER_DYNAMIC_AMBIENT_TEMPERATURE_RATING_APPLIED,DIRECT_PDIRD_WINTER_NOMINAL_CURRENT_APPLIED,CHANGED
lines,LINE:002410,parameter_source,"E-REDES PDIRD-E 2020 Annex B, 31-12-2025 planning table",https://www.e-redes.pt/sites/eredes/files/2022-07/PDIRD-E%202020%20proposta%20final.pdf,CHANGED
lines,LINE:002410,max_i_status,DIRECT_PDIRD_MINIMUM_SUMMER_NOMINAL_CURRENT,DIRECT_PDIRD_MINIMUM_WINTER_NOMINAL_CURRENT,CHANGED
lines,LINE:002410,max_i_ka,0.6969,0.686,CHANGED
lines,LINE:002410,seasonal_rating_status,WINTER_DYNAMIC_AMBIENT_TEMPERATURE_RATING_APPLIED,DIRECT_PDIRD_WINTER_NOMINAL_CURRENT_APPLIED,CHANGED
lines,LINE:002411,parameter_source,"E-REDES PDIRD-E 2020 Annex B, 31-12-2025 planning table",https://www.e-redes.pt/sites/eredes/files/2022-07/PDIRD-E%202020%20proposta%20final.pdf,CHANGED
lines,LINE:002411,max_i_status,DIRECT_PDIRD_MINIMUM_SUMMER_NOMINAL_CURRENT,DIRECT_PDIRD_MINIMUM_WINTER_NOMINAL_CURRENT,CHANGED
lines,LINE:002411,max_i_ka,0.6969,0.686,CHANGED
lines,LINE:002411,seasonal_rating_status,WINTER_DYNAMIC_AMBIENT_TEMPERATURE_RATING_APPLIED,DIRECT_PDIRD_WINTER_NOMINAL_CURRENT_APPLIED,CHANGED
lines,LINE:002418,parameter_source,"E-REDES PDIRD-E 2020 Annex B, 31-12-2025 planning table",https://www.e-redes.pt/sites/eredes/files/2022-07/PDIRD-E%202020%20proposta%20final.pdf,CHANGED
lines,LINE:002418,max_i_status,DIRECT_PDIRD_MINIMUM_SUMMER_NOMINAL_CURRENT,DIRECT_PDIRD_MINIMUM_WINTER_NOMINAL_CURRENT,CHANGED
lines,LINE:002418,max_i_ka,0.6969,0.686,CHANGED
lines,LINE:002418,seasonal_rating_status,WINTER_DYNAMIC_AMBIENT_TEMPERATURE_RATING_APPLIED,DIRECT_PDIRD_WINTER_NOMINAL_CURRENT_APPLIED,CHANGED
lines,LINE:002419,parameter_source,"E-REDES PDIRD-E 2020 Annex B, 31-12-2025 planning table",https://www.e-redes.pt/sites/eredes/files/2022-07/PDIRD-E%202020%20proposta%20final.pdf,CHANGED
lines,LINE:002419,max_i_status,DIRECT_PDIRD_MINIMUM_SUMMER_NOMINAL_CURRENT,DIRECT_PDIRD_MINIMUM_WINTER_NOMINAL_CURRENT,CHANGED
lines,LINE:002419,max_i_ka,0.46115,0.451,CHANGED
lines,LINE:002419,seasonal_rating_status,WINTER_DYNAMIC_AMBIENT_TEMPERATURE_RATING_APPLIED,DIRECT_PDIRD_WINTER_NOMINAL_CURRENT_APPLIED,CHANGED
lines,LINE:002429,parameter_source,"E-REDES PDIRD-E 2020 Annex B, 31-12-2025 planning table",https://www.e-redes.pt/sites/eredes/files/2022-07/PDIRD-E%202020%20proposta%20final.pdf,CHANGED
lines,LINE:002429,max_i_status,DIRECT_PDIRD_MINIMUM_SUMMER_NOMINAL_CURRENT,DIRECT_PDIRD_MINIMUM_WINTER_NOMINAL_CURRENT,CHANGED
lines,LINE:002429,max_i_ka,1.3938,1.372,CHANGED
lines,LINE:002429,seasonal_rating_status,WINTER_DYNAMIC_AMBIENT_TEMPERATURE_RATING_APPLIED,DIRECT_PDIRD_WINTER_NOMINAL_CURRENT_APPLIED,CHANGED
lines,LINE:002430,parameter_source,"E-REDES PDIRD-E 2020 Annex B, 31-12-2025 planning table",https://www.e-redes.pt/sites/eredes/files/2022-07/PDIRD-E%202020%20proposta%20final.pdf,CHANGED
lines,LINE:002430,max_i_status,DIRECT_PDIRD_MINIMUM_SUMMER_NOMINAL_CURRENT,DIRECT_PDIRD_MINIMUM_WINTER_NOMINAL_CURRENT,CHANGED
lines,LINE:002430,max_i_ka,1.3938,1.372,CHANGED
lines,LINE:002430,seasonal_rating_status,WINTER_DYNAMIC_AMBIENT_TEMPERATURE_RATING_APPLIED,DIRECT_PDIRD_WINTER_NOMINAL_CURRENT_APPLIED,CHANGED
lines,LINE:002437,parameter_source,"E-REDES PDIRD-E 2020 Annex B, 31-12-2025 planning table",https://www.e-redes.pt/sites/eredes/files/2022-07/PDIRD-E%202020%20proposta%20final.pdf,CHANGED
lines,LINE:002437,max_i_status,DIRECT_PDIRD_MINIMUM_SUMMER_NOMINAL_CURRENT,DIRECT_PDIRD_MINIMUM_WINTER_NOMINAL_CURRENT,CHANGED
lines,LINE:002437,max_i_ka,0.5450999999999999,0.582,CHANGED
lines,LINE:002437,seasonal_rating_status,WINTER_DYNAMIC_AMBIENT_TEMPERATURE_RATING_APPLIED,DIRECT_PDIRD_WINTER_NOMINAL_CURRENT_APPLIED,CHANGED
lines,LINE:002439,parameter_source,"E-REDES PDIRD-E 2020 Annex B, 31-12-2025 planning table",https://www.e-redes.pt/sites/eredes/files/2022-07/PDIRD-E%202020%20proposta%20final.pdf,CHANGED
lines,LINE:002439,max_i_status,DIRECT_PDIRD_MINIMUM_SUMMER_NOMINAL_CURRENT,DIRECT_PDIRD_MINIMUM_WINTER_NOMINAL_CURRENT,CHANGED
lines,LINE:002439,max_i_ka,0.5450999999999999,0.582,CHANGED
lines,LINE:002439,seasonal_rating_status,WINTER_DYNAMIC_AMBIENT_TEMPERATURE_RATING_APPLIED,DIRECT_PDIRD_WINTER_NOMINAL_CURRENT_APPLIED,CHANGED
lines,LINE:002446,parameter_source,"E-REDES PDIRD-E 2020 Annex B, 31-12-2025 planning table",https://www.e-redes.pt/sites/eredes/files/2022-07/PDIRD-E%202020%20proposta%20final.pdf,CHANGED
lines,LINE:002446,max_i_status,DIRECT_PDIRD_MINIMUM_SUMMER_NOMINAL_CURRENT,DIRECT_PDIRD_MINIMUM_WINTER_NOMINAL_CURRENT,CHANGED
lines,LINE:002446,max_i_ka,0.5450999999999999,0.582,CHANGED
lines,LINE:002446,seasonal_rating_status,WINTER_DYNAMIC_AMBIENT_TEMPERATURE_RATING_APPLIED,DIRECT_PDIRD_WINTER_NOMINAL_CURRENT_APPLIED,CHANGED
lines,LINE:002447,parameter_source,"E-REDES PDIRD-E 2020 Annex B, 31-12-2025 planning table",https://www.e-redes.pt/sites/eredes/files/2022-07/PDIRD-E%202020%20proposta%20final.pdf,CHANGED
lines,LINE:002447,max_i_status,DIRECT_PDIRD_MINIMUM_SUMMER_NOMINAL_CURRENT,DIRECT_PDIRD_MINIMUM_WINTER_NOMINAL_CURRENT,CHANGED
lines,LINE:002447,max_i_ka,0.5450999999999999,0.582,CHANGED
lines,LINE:002447,seasonal_rating_status,WINTER_DYNAMIC_AMBIENT_TEMPERATURE_RATING_APPLIED,DIRECT_PDIRD_WINTER_NOMINAL_CURRENT_APPLIED,CHANGED
lines,LINE:002449,parameter_source,"E-REDES PDIRD-E 2020 Annex B, 31-12-2025 planning table",https://www.e-redes.pt/sites/eredes/files/2022-07/PDIRD-E%202020%20proposta%20final.pdf,CHANGED
lines,LINE:002449,max_i_status,DIRECT_PDIRD_MINIMUM_SUMMER_NOMINAL_CURRENT,DIRECT_PDIRD_MINIMUM_WINTER_NOMINAL_CURRENT,CHANGED
lines,LINE:002449,max_i_ka,0.5450999999999999,0.582,CHANGED
lines,LINE:002449,seasonal_rating_status,WINTER_DYNAMIC_AMBIENT_TEMPERATURE_RATING_APPLIED,DIRECT_PDIRD_WINTER_NOMINAL_CURRENT_APPLIED,CHANGED
lines,LINE:002453,parameter_source,"E-REDES PDIRD-E 2020 Annex B, 31-12-2025 planning table",https://www.e-redes.pt/sites/eredes/files/2022-07/PDIRD-E%202020%20proposta%20final.pdf,CHANGED
lines,LINE:002453,max_i_status,DIRECT_PDIRD_MINIMUM_SUMMER_NOMINAL_CURRENT,DIRECT_PDIRD_MINIMUM_WINTER_NOMINAL_CURRENT,CHANGED
lines,LINE:002453,max_i_ka,1.3938,1.372,CHANGED
lines,LINE:002453,seasonal_rating_status,WINTER_DYNAMIC_AMBIENT_TEMPERATURE_RATING_APPLIED,DIRECT_PDIRD_WINTER_NOMINAL_CURRENT_APPLIED,CHANGED
lines,LINE:002454,parameter_source,"E-REDES PDIRD-E 2020 Annex B, 31-12-2025 planning table",https://www.e-redes.pt/sites/eredes/files/2022-07/PDIRD-E%202020%20proposta%20final.pdf,CHANGED
lines,LINE:002454,max_i_status,DIRECT_PDIRD_MINIMUM_SUMMER_NOMINAL_CURRENT,DIRECT_PDIRD_MINIMUM_WINTER_NOMINAL_CURRENT,CHANGED
lines,LINE:002454,max_i_ka,1.3938,1.372,CHANGED
lines,LINE:002454,seasonal_rating_status,WINTER_DYNAMIC_AMBIENT_TEMPERATURE_RATING_APPLIED,DIRECT_PDIRD_WINTER_NOMINAL_CURRENT_APPLIED,CHANGED
lines,LINE:002455,parameter_source,"E-REDES PDIRD-E 2020 Annex B, 31-12-2025 planning table",https://www.e-redes.pt/sites/eredes/files/2022-07/PDIRD-E%202020%20proposta%20final.pdf,CHANGED
lines,LINE:002455,max_i_status,DIRECT_PDIRD_MINIMUM_SUMMER_NOMINAL_CURRENT,DIRECT_PDIRD_MINIMUM_WINTER_NOMINAL_CURRENT,CHANGED
lines,LINE:002455,max_i_ka,1.3938,1.372,CHANGED
lines,LINE:002455,seasonal_rating_status,WINTER_DYNAMIC_AMBIENT_TEMPERATURE_RATING_APPLIED,DIRECT_PDIRD_WINTER_NOMINAL_CURRENT_APPLIED,CHANGED
lines,LINE:002462,parameter_source,"E-REDES PDIRD-E 2020 Annex B, 31-12-2025 planning table",https://www.e-redes.pt/sites/eredes/files/2022-07/PDIRD-E%202020%20proposta%20final.pdf,CHANGED
lines,LINE:002462,max_i_status,DIRECT_PDIRD_MINIMUM_SUMMER_NOMINAL_CURRENT,DIRECT_PDIRD_MINIMUM_WINTER_NOMINAL_CURRENT,CHANGED
lines,LINE:002462,max_i_ka,0.6014499999999999,0.723,CHANGED
lines,LINE:002462,seasonal_rating_status,WINTER_DYNAMIC_AMBIENT_TEMPERATURE_RATING_APPLIED,DIRECT_PDIRD_WINTER_NOMINAL_CURRENT_APPLIED,CHANGED
lines,LINE:002474,parameter_source,"E-REDES PDIRD-E 2020 Annex B, 31-12-2025 planning table",https://www.e-redes.pt/sites/eredes/files/2022-07/PDIRD-E%202020%20proposta%20final.pdf,CHANGED
lines,LINE:002474,max_i_status,DIRECT_PDIRD_MINIMUM_SUMMER_NOMINAL_CURRENT,DIRECT_PDIRD_MINIMUM_WINTER_NOMINAL_CURRENT,CHANGED
lines,LINE:002474,max_i_ka,0.46115,0.451,CHANGED
lines,LINE:002474,seasonal_rating_status,WINTER_DYNAMIC_AMBIENT_TEMPERATURE_RATING_APPLIED,DIRECT_PDIRD_WINTER_NOMINAL_CURRENT_APPLIED,CHANGED
lines,LINE:002475,parameter_source,"E-REDES PDIRD-E 2020 Annex B, 31-12-2025 planning table",https://www.e-redes.pt/sites/eredes/files/2022-07/PDIRD-E%202020%20proposta%20final.pdf,CHANGED
lines,LINE:002475,max_i_status,DIRECT_PDIRD_MINIMUM_SUMMER_NOMINAL_CURRENT,DIRECT_PDIRD_MINIMUM_WINTER_NOMINAL_CURRENT,CHANGED
lines,LINE:002475,max_i_ka,0.46115,0.451,CHANGED
lines,LINE:002475,seasonal_rating_status,WINTER_DYNAMIC_AMBIENT_TEMPERATURE_RATING_APPLIED,DIRECT_PDIRD_WINTER_NOMINAL_CURRENT_APPLIED,CHANGED
lines,LINE:002496,parameter_source,"E-REDES PDIRD-E 2020 Annex B, 31-12-2025 planning table",https://www.e-redes.pt/sites/eredes/files/2022-07/PDIRD-E%202020%20proposta%20final.pdf,CHANGED
lines,LINE:002496,max_i_status,DIRECT_PDIRD_MINIMUM_SUMMER_NOMINAL_CURRENT,DIRECT_PDIRD_MINIMUM_WINTER_NOMINAL_CURRENT,CHANGED
lines,LINE:002496,max_i_ka,0.46115,0.451,CHANGED
lines,LINE:002496,seasonal_rating_status,WINTER_DYNAMIC_AMBIENT_TEMPERATURE_RATING_APPLIED,DIRECT_PDIRD_WINTER_NOMINAL_CURRENT_APPLIED,CHANGED
lines,LINE:002499,parameter_source,"E-REDES PDIRD-E 2020 Annex B, 31-12-2025 planning table",https://www.e-redes.pt/sites/eredes/files/2022-07/PDIRD-E%202020%20proposta%20final.pdf,CHANGED
lines,LINE:002499,max_i_status,DIRECT_PDIRD_MINIMUM_SUMMER_NOMINAL_CURRENT,DIRECT_PDIRD_MINIMUM_WINTER_NOMINAL_CURRENT,CHANGED
lines,LINE:002499,max_i_ka,0.46115,0.451,CHANGED
lines,LINE:002499,seasonal_rating_status,WINTER_DYNAMIC_AMBIENT_TEMPERATURE_RATING_APPLIED,DIRECT_PDIRD_WINTER_NOMINAL_CURRENT_APPLIED,CHANGED
lines,LINE:002500,parameter_source,"E-REDES PDIRD-E 2020 Annex B, 31-12-2025 planning table",https://www.e-redes.pt/sites/eredes/files/2022-07/PDIRD-E%202020%20proposta%20final.pdf,CHANGED
lines,LINE:002500,max_i_status,DIRECT_PDIRD_MINIMUM_SUMMER_NOMINAL_CURRENT,DIRECT_PDIRD_MINIMUM_WINTER_NOMINAL_CURRENT,CHANGED
lines,LINE:002500,max_i_ka,0.49565,0.615,CHANGED
lines,LINE:002500,seasonal_rating_status,WINTER_DYNAMIC_AMBIENT_TEMPERATURE_RATING_APPLIED,DIRECT_PDIRD_WINTER_NOMINAL_CURRENT_APPLIED,CHANGED
lines,LINE:002501,parameter_source,"E-REDES PDIRD-E 2020 Annex B, 31-12-2025 planning table",https://www.e-redes.pt/sites/eredes/files/2022-07/PDIRD-E%202020%20proposta%20final.pdf,CHANGED
lines,LINE:002501,max_i_status,DIRECT_PDIRD_MINIMUM_SUMMER_NOMINAL_CURRENT,DIRECT_PDIRD_MINIMUM_WINTER_NOMINAL_CURRENT,CHANGED
lines,LINE:002501,max_i_ka,0.49565,0.615,CHANGED
lines,LINE:002501,seasonal_rating_status,WINTER_DYNAMIC_AMBIENT_TEMPERATURE_RATING_APPLIED,DIRECT_PDIRD_WINTER_NOMINAL_CURRENT_APPLIED,CHANGED
lines,LINE:002515,parameter_source,"E-REDES PDIRD-E 2020 Annex B, 31-12-2025 planning table",https://www.e-redes.pt/sites/eredes/files/2022-07/PDIRD-E%202020%20proposta%20final.pdf,CHANGED
lines,LINE:002515,max_i_status,DIRECT_PDIRD_MINIMUM_SUMMER_NOMINAL_CURRENT,DIRECT_PDIRD_MINIMUM_WINTER_NOMINAL_CURRENT,CHANGED
lines,LINE:002515,max_i_ka,1.07525,1.113,CHANGED
lines,LINE:002515,seasonal_rating_status,WINTER_DYNAMIC_AMBIENT_TEMPERATURE_RATING_APPLIED,DIRECT_PDIRD_WINTER_NOMINAL_CURRENT_APPLIED,CHANGED
lines,LINE:002516,parameter_source,"E-REDES PDIRD-E 2020 Annex B, 31-12-2025 planning table",https://www.e-redes.pt/sites/eredes/files/2022-07/PDIRD-E%202020%20proposta%20final.pdf,CHANGED
lines,LINE:002516,max_i_status,DIRECT_PDIRD_MINIMUM_SUMMER_NOMINAL_CURRENT,DIRECT_PDIRD_MINIMUM_WINTER_NOMINAL_CURRENT,CHANGED
lines,LINE:002516,max_i_ka,1.07525,1.113,CHANGED
lines,LINE:002516,seasonal_rating_status,WINTER_DYNAMIC_AMBIENT_TEMPERATURE_RATING_APPLIED,DIRECT_PDIRD_WINTER_NOMINAL_CURRENT_APPLIED,CHANGED
lines,LINE:002517,parameter_source,"E-REDES PDIRD-E 2020 Annex B, 31-12-2025 planning table",https://www.e-redes.pt/sites/eredes/files/2022-07/PDIRD-E%202020%20proposta%20final.pdf,CHANGED
lines,LINE:002517,max_i_status,DIRECT_PDIRD_MINIMUM_SUMMER_NOMINAL_CURRENT,DIRECT_PDIRD_MINIMUM_WINTER_NOMINAL_CURRENT,CHANGED
lines,LINE:002517,max_i_ka,1.07525,1.113,CHANGED
lines,LINE:002517,seasonal_rating_status,WINTER_DYNAMIC_AMBIENT_TEMPERATURE_RATING_APPLIED,DIRECT_PDIRD_WINTER_NOMINAL_CURRENT_APPLIED,CHANGED
lines,LINE:002518,parameter_source,"E-REDES PDIRD-E 2020 Annex B, 31-12-2025 planning table",https://www.e-redes.pt/sites/eredes/files/2022-07/PDIRD-E%202020%20proposta%20final.pdf,CHANGED
lines,LINE:002518,max_i_status,DIRECT_PDIRD_MINIMUM_SUMMER_NOMINAL_CURRENT,DIRECT_PDIRD_MINIMUM_WINTER_NOMINAL_CURRENT,CHANGED
lines,LINE:002518,max_i_ka,1.07525,1.113,CHANGED
lines,LINE:002518,seasonal_rating_status,WINTER_DYNAMIC_AMBIENT_TEMPERATURE_RATING_APPLIED,DIRECT_PDIRD_WINTER_NOMINAL_CURRENT_APPLIED,CHANGED
lines,LINE:002520,parameter_source,"E-REDES PDIRD-E 2020 Annex B, 31-12-2025 planning table",https://www.e-redes.pt/sites/eredes/files/2022-07/PDIRD-E%202020%20proposta%20final.pdf,CHANGED
lines,LINE:002520,max_i_status,DIRECT_PDIRD_MINIMUM_SUMMER_NOMINAL_CURRENT,DIRECT_PDIRD_MINIMUM_WINTER_NOMINAL_CURRENT,CHANGED
lines,LINE:002520,max_i_ka,0.4416,0.544,CHANGED
lines,LINE:002520,seasonal_rating_status,WINTER_DYNAMIC_AMBIENT_TEMPERATURE_RATING_APPLIED,DIRECT_PDIRD_WINTER_NOMINAL_CURRENT_APPLIED,CHANGED
lines,LINE:002521,parameter_source,"E-REDES PDIRD-E 2020 Annex B, 31-12-2025 planning table",https://www.e-redes.pt/sites/eredes/files/2022-07/PDIRD-E%202020%20proposta%20final.pdf,CHANGED
lines,LINE:002521,max_i_status,DIRECT_PDIRD_MINIMUM_SUMMER_NOMINAL_CURRENT,DIRECT_PDIRD_MINIMUM_WINTER_NOMINAL_CURRENT,CHANGED
lines,LINE:002521,max_i_ka,0.4416,0.544,CHANGED
lines,LINE:002521,seasonal_rating_status,WINTER_DYNAMIC_AMBIENT_TEMPERATURE_RATING_APPLIED,DIRECT_PDIRD_WINTER_NOMINAL_CURRENT_APPLIED,CHANGED
lines,LINE:002529,parameter_source,"E-REDES PDIRD-E 2020 Annex B, 31-12-2025 planning table",https://www.e-redes.pt/sites/eredes/files/2022-07/PDIRD-E%202020%20proposta%20final.pdf,CHANGED
lines,LINE:002529,max_i_status,DIRECT_PDIRD_MINIMUM_SUMMER_NOMINAL_CURRENT,DIRECT_PDIRD_MINIMUM_WINTER_NOMINAL_CURRENT,CHANGED
lines,LINE:002529,max_i_ka,0.6969,0.686,CHANGED
lines,LINE:002529,seasonal_rating_status,WINTER_DYNAMIC_AMBIENT_TEMPERATURE_RATING_APPLIED,DIRECT_PDIRD_WINTER_NOMINAL_CURRENT_APPLIED,CHANGED
lines,LINE:002532,parameter_source,"E-REDES PDIRD-E 2020 Annex B, 31-12-2025 planning table",https://www.e-redes.pt/sites/eredes/files/2022-07/PDIRD-E%202020%20proposta%20final.pdf,CHANGED
lines,LINE:002532,max_i_status,DIRECT_PDIRD_MINIMUM_SUMMER_NOMINAL_CURRENT,DIRECT_PDIRD_MINIMUM_WINTER_NOMINAL_CURRENT,CHANGED
lines,LINE:002532,max_i_ka,1.3938,1.372,CHANGED
lines,LINE:002532,seasonal_rating_status,WINTER_DYNAMIC_AMBIENT_TEMPERATURE_RATING_APPLIED,DIRECT_PDIRD_WINTER_NOMINAL_CURRENT_APPLIED,CHANGED
lines,LINE:002535,parameter_source,"E-REDES PDIRD-E 2020 Annex B, 31-12-2025 planning table",https://www.e-redes.pt/sites/eredes/files/2022-07/PDIRD-E%202020%20proposta%20final.pdf,CHANGED
lines,LINE:002535,max_i_status,DIRECT_PDIRD_MINIMUM_SUMMER_NOMINAL_CURRENT,DIRECT_PDIRD_MINIMUM_WINTER_NOMINAL_CURRENT,CHANGED
lines,LINE:002535,max_i_ka,1.3938,1.372,CHANGED
lines,LINE:002535,seasonal_rating_status,WINTER_DYNAMIC_AMBIENT_TEMPERATURE_RATING_APPLIED,DIRECT_PDIRD_WINTER_NOMINAL_CURRENT_APPLIED,CHANGED
lines,LINE:002557,parameter_source,"E-REDES PDIRD-E 2020 Annex B, 31-12-2025 planning table",https://www.e-redes.pt/sites/eredes/files/2022-07/PDIRD-E%202020%20proposta%20final.pdf,CHANGED
lines,LINE:002557,max_i_status,DIRECT_PDIRD_MINIMUM_SUMMER_NOMINAL_CURRENT,DIRECT_PDIRD_MINIMUM_WINTER_NOMINAL_CURRENT,CHANGED
lines,LINE:002557,max_i_ka,0.6014499999999999,0.686,CHANGED
lines,LINE:002557,seasonal_rating_status,WINTER_DYNAMIC_AMBIENT_TEMPERATURE_RATING_APPLIED,DIRECT_PDIRD_WINTER_NOMINAL_CURRENT_APPLIED,CHANGED
lines,LINE:002558,parameter_source,"E-REDES PDIRD-E 2020 Annex B, 31-12-2025 planning table",https://www.e-redes.pt/sites/eredes/files/2022-07/PDIRD-E%202020%20proposta%20final.pdf,CHANGED
lines,LINE:002558,max_i_status,DIRECT_PDIRD_MINIMUM_SUMMER_NOMINAL_CURRENT,DIRECT_PDIRD_MINIMUM_WINTER_NOMINAL_CURRENT,CHANGED
lines,LINE:002558,max_i_ka,0.6014499999999999,0.686,CHANGED
lines,LINE:002558,seasonal_rating_status,WINTER_DYNAMIC_AMBIENT_TEMPERATURE_RATING_APPLIED,DIRECT_PDIRD_WINTER_NOMINAL_CURRENT_APPLIED,CHANGED
lines,LINE:002559,parameter_source,"E-REDES PDIRD-E 2020 Annex B, 31-12-2025 planning table",https://www.e-redes.pt/sites/eredes/files/2022-07/PDIRD-E%202020%20proposta%20final.pdf,CHANGED
lines,LINE:002559,max_i_status,DIRECT_PDIRD_MINIMUM_SUMMER_NOMINAL_CURRENT,DIRECT_PDIRD_MINIMUM_WINTER_NOMINAL_CURRENT,CHANGED
lines,LINE:002559,max_i_ka,0.6014499999999999,0.686,CHANGED
lines,LINE:002559,seasonal_rating_status,WINTER_DYNAMIC_AMBIENT_TEMPERATURE_RATING_APPLIED,DIRECT_PDIRD_WINTER_NOMINAL_CURRENT_APPLIED,CHANGED
lines,LINE:002563,parameter_source,"E-REDES PDIRD-E 2020 Annex B, 31-12-2025 planning table",https://www.e-redes.pt/sites/eredes/files/2022-07/PDIRD-E%202020%20proposta%20final.pdf,CHANGED
lines,LINE:002563,max_i_status,DIRECT_PDIRD_MINIMUM_SUMMER_NOMINAL_CURRENT,DIRECT_PDIRD_MINIMUM_WINTER_NOMINAL_CURRENT,CHANGED
lines,LINE:002563,max_i_ka,0.4416,0.544,CHANGED
lines,LINE:002563,seasonal_rating_status,WINTER_DYNAMIC_AMBIENT_TEMPERATURE_RATING_APPLIED,DIRECT_PDIRD_WINTER_NOMINAL_CURRENT_APPLIED,CHANGED
lines,LINE:002564,parameter_source,"E-REDES PDIRD-E 2020 Annex B, 31-12-2025 planning table",https://www.e-redes.pt/sites/eredes/files/2022-07/PDIRD-E%202020%20proposta%20final.pdf,CHANGED
lines,LINE:002564,max_i_status,DIRECT_PDIRD_MINIMUM_SUMMER_NOMINAL_CURRENT,DIRECT_PDIRD_MINIMUM_WINTER_NOMINAL_CURRENT,CHANGED
lines,LINE:002564,max_i_ka,0.4416,0.544,CHANGED
lines,LINE:002564,seasonal_rating_status,WINTER_DYNAMIC_AMBIENT_TEMPERATURE_RATING_APPLIED,DIRECT_PDIRD_WINTER_NOMINAL_CURRENT_APPLIED,CHANGED
lines,LINE:002573,parameter_source,"E-REDES PDIRD-E 2020 Annex B, 31-12-2025 planning table",https://www.e-redes.pt/sites/eredes/files/2022-07/PDIRD-E%202020%20proposta%20final.pdf,CHANGED
lines,LINE:002573,max_i_status,DIRECT_PDIRD_MINIMUM_SUMMER_NOMINAL_CURRENT,DIRECT_PDIRD_MINIMUM_WINTER_NOMINAL_CURRENT,CHANGED
lines,LINE:002573,max_i_ka,0.6969,0.686,CHANGED
lines,LINE:002573,seasonal_rating_status,WINTER_DYNAMIC_AMBIENT_TEMPERATURE_RATING_APPLIED,DIRECT_PDIRD_WINTER_NOMINAL_CURRENT_APPLIED,CHANGED
lines,LINE:002575,parameter_source,"E-REDES PDIRD-E 2020 Annex B, 31-12-2025 planning table",https://www.e-redes.pt/sites/eredes/files/2022-07/PDIRD-E%202020%20proposta%20final.pdf,CHANGED
lines,LINE:002575,max_i_status,DIRECT_PDIRD_MINIMUM_SUMMER_NOMINAL_CURRENT,DIRECT_PDIRD_MINIMUM_WINTER_NOMINAL_CURRENT,CHANGED
lines,LINE:002575,max_i_ka,0.46115,0.451,CHANGED
lines,LINE:002575,seasonal_rating_status,WINTER_DYNAMIC_AMBIENT_TEMPERATURE_RATING_APPLIED,DIRECT_PDIRD_WINTER_NOMINAL_CURRENT_APPLIED,CHANGED
lines,LINE:002576,parameter_source,"E-REDES PDIRD-E 2020 Annex B, 31-12-2025 planning table",https://www.e-redes.pt/sites/eredes/files/2022-07/PDIRD-E%202020%20proposta%20final.pdf,CHANGED
lines,LINE:002576,max_i_status,DIRECT_PDIRD_MINIMUM_SUMMER_NOMINAL_CURRENT,DIRECT_PDIRD_MINIMUM_WINTER_NOMINAL_CURRENT,CHANGED
lines,LINE:002576,max_i_ka,0.6014499999999999,0.723,CHANGED
lines,LINE:002576,seasonal_rating_status,WINTER_DYNAMIC_AMBIENT_TEMPERATURE_RATING_APPLIED,DIRECT_PDIRD_WINTER_NOMINAL_CURRENT_APPLIED,CHANGED
lines,LINE:002579,parameter_source,"E-REDES PDIRD-E 2020 Annex B, 31-12-2025 planning table",https://www.e-redes.pt/sites/eredes/files/2022-07/PDIRD-E%202020%20proposta%20final.pdf,CHANGED
lines,LINE:002579,max_i_status,DIRECT_PDIRD_MINIMUM_SUMMER_NOMINAL_CURRENT,DIRECT_PDIRD_MINIMUM_WINTER_NOMINAL_CURRENT,CHANGED
lines,LINE:002579,max_i_ka,0.30015,0.362,CHANGED
lines,LINE:002579,seasonal_rating_status,WINTER_DYNAMIC_AMBIENT_TEMPERATURE_RATING_APPLIED,DIRECT_PDIRD_WINTER_NOMINAL_CURRENT_APPLIED,CHANGED
lines,LINE:002582,length_km,2.1067853865963215,1.9803835337808358,CHANGED
lines,LINE:002582,parameter_status,VOLTAGE_CLASS_ENGINEERING_PROXY,DIRECT_PUBLIC_SERIES_SECTION_WINTER_BOTTLENECK+PUBLIC_PDIRD_SECTION_LENGTH,CHANGED
lines,LINE:002582,parameter_source,config/model_config.json,https://www.e-redes.pt/sites/eredes/files/2022-07/PDIRD-E%202020%20proposta%20final.pdf,CHANGED
lines,LINE:002582,parameter_match_designation,,LN60 VILA NOVA CERVEIRA-VALENÇA,CHANGED
lines,LINE:002582,max_i_status,ENGINEERING_PROXY,DIRECT_PUBLIC_SERIES_SECTION_WINTER_BOTTLENECK,CHANGED
lines,LINE:002582,max_i_ka,0.6969,0.544,CHANGED
lines,LINE:002582,parallel_status,SOURCE_CIRCUIT_FIELD_OR_SINGLE_CIRCUIT_DEFAULT,PUBLIC_SINGLE_CIRCUIT_INVENTORY,CHANGED
lines,LINE:002582,rating_override_status,NO_CORRIDOR_OVERRIDE,EXPLICIT_PUBLIC_INVENTORY_CORRECTION,CHANGED
lines,LINE:002582,seasonal_rating_status,WINTER_DYNAMIC_AMBIENT_TEMPERATURE_RATING_APPLIED,DIRECT_PDIRD_WINTER_NOMINAL_CURRENT_APPLIED,CHANGED
lines,LINE:002598,parameter_source,"E-REDES PDIRD-E 2020 Annex B, 31-12-2025 planning table",https://www.e-redes.pt/sites/eredes/files/2022-07/PDIRD-E%202020%20proposta%20final.pdf,CHANGED
lines,LINE:002598,max_i_status,DIRECT_PDIRD_MINIMUM_SUMMER_NOMINAL_CURRENT,DIRECT_PDIRD_MINIMUM_WINTER_NOMINAL_CURRENT,CHANGED
lines,LINE:002598,max_i_ka,0.4416,0.544,CHANGED
lines,LINE:002598,seasonal_rating_status,WINTER_DYNAMIC_AMBIENT_TEMPERATURE_RATING_APPLIED,DIRECT_PDIRD_WINTER_NOMINAL_CURRENT_APPLIED,CHANGED
lines,LINE:002607,parameter_source,"E-REDES PDIRD-E 2020 Annex B, 31-12-2025 planning table",https://www.e-redes.pt/sites/eredes/files/2022-07/PDIRD-E%202020%20proposta%20final.pdf,CHANGED
lines,LINE:002607,max_i_status,DIRECT_PDIRD_MINIMUM_SUMMER_NOMINAL_CURRENT,DIRECT_PDIRD_MINIMUM_WINTER_NOMINAL_CURRENT,CHANGED
lines,LINE:002607,max_i_ka,0.4416,0.544,CHANGED
lines,LINE:002607,seasonal_rating_status,WINTER_DYNAMIC_AMBIENT_TEMPERATURE_RATING_APPLIED,DIRECT_PDIRD_WINTER_NOMINAL_CURRENT_APPLIED,CHANGED
lines,LINE:002609,parameter_status,PDIRD_CIRCUIT_PATH_MATCH_PARTIAL_SOURCE_BACKING,DIRECT_PDIRD_MINIMUM_WINTER_NOMINAL_CURRENT,CHANGED
lines,LINE:002609,parameter_source,"E-REDES PDIRD-E 2020 Annex B, 31-12-2025 planning table",https://www.e-redes.pt/sites/eredes/files/2022-07/PDIRD-E%202020%20proposta%20final.pdf,CHANGED
lines,LINE:002609,max_i_status,DIRECT_PDIRD_MINIMUM_SUMMER_NOMINAL_CURRENT,DIRECT_PDIRD_MINIMUM_WINTER_NOMINAL_CURRENT,CHANGED
lines,LINE:002609,max_i_ka,0.23919999999999997,0.285,CHANGED
lines,LINE:002609,parallel_status,SOURCE_CIRCUIT_FIELD_OR_SINGLE_CIRCUIT_DEFAULT,PUBLIC_SINGLE_CIRCUIT_INVENTORY,CHANGED
lines,LINE:002609,rating_override_status,NO_CORRIDOR_OVERRIDE,EXPLICIT_PUBLIC_INVENTORY_CORRECTION,CHANGED
lines,LINE:002609,seasonal_rating_status,WINTER_DYNAMIC_AMBIENT_TEMPERATURE_RATING_APPLIED,DIRECT_PDIRD_WINTER_NOMINAL_CURRENT_APPLIED,CHANGED
lines,LINE:002610,parameter_status,PDIRD_CIRCUIT_PATH_MATCH_PARTIAL_SOURCE_BACKING,DIRECT_PDIRD_MINIMUM_WINTER_NOMINAL_CURRENT,CHANGED
lines,LINE:002610,parameter_source,"E-REDES PDIRD-E 2020 Annex B, 31-12-2025 planning table",https://www.e-redes.pt/sites/eredes/files/2022-07/PDIRD-E%202020%20proposta%20final.pdf,CHANGED
lines,LINE:002610,max_i_status,DIRECT_PDIRD_MINIMUM_SUMMER_NOMINAL_CURRENT,DIRECT_PDIRD_MINIMUM_WINTER_NOMINAL_CURRENT,CHANGED
lines,LINE:002610,max_i_ka,0.23919999999999997,0.285,CHANGED
lines,LINE:002610,parallel_status,SOURCE_CIRCUIT_FIELD_OR_SINGLE_CIRCUIT_DEFAULT,PUBLIC_SINGLE_CIRCUIT_INVENTORY,CHANGED
lines,LINE:002610,rating_override_status,NO_CORRIDOR_OVERRIDE,EXPLICIT_PUBLIC_INVENTORY_CORRECTION,CHANGED
lines,LINE:002610,seasonal_rating_status,WINTER_DYNAMIC_AMBIENT_TEMPERATURE_RATING_APPLIED,DIRECT_PDIRD_WINTER_NOMINAL_CURRENT_APPLIED,CHANGED
lines,LINE:002613,parameter_source,"E-REDES PDIRD-E 2020 Annex B, 31-12-2025 planning table",https://www.e-redes.pt/sites/eredes/files/2022-07/PDIRD-E%202020%20proposta%20final.pdf,CHANGED
lines,LINE:002613,max_i_status,DIRECT_PDIRD_MINIMUM_SUMMER_NOMINAL_CURRENT,DIRECT_PDIRD_MINIMUM_WINTER_NOMINAL_CURRENT,CHANGED
lines,LINE:002613,max_i_ka,0.46115,0.451,CHANGED
lines,LINE:002613,seasonal_rating_status,WINTER_DYNAMIC_AMBIENT_TEMPERATURE_RATING_APPLIED,DIRECT_PDIRD_WINTER_NOMINAL_CURRENT_APPLIED,CHANGED
lines,LINE:002614,parameter_source,"E-REDES PDIRD-E 2020 Annex B, 31-12-2025 planning table",https://www.e-redes.pt/sites/eredes/files/2022-07/PDIRD-E%202020%20proposta%20final.pdf,CHANGED
lines,LINE:002614,max_i_status,DIRECT_PDIRD_MINIMUM_SUMMER_NOMINAL_CURRENT,DIRECT_PDIRD_MINIMUM_WINTER_NOMINAL_CURRENT,CHANGED
lines,LINE:002614,max_i_ka,0.46115,0.451,CHANGED
lines,LINE:002614,seasonal_rating_status,WINTER_DYNAMIC_AMBIENT_TEMPERATURE_RATING_APPLIED,DIRECT_PDIRD_WINTER_NOMINAL_CURRENT_APPLIED,CHANGED
lines,LINE:002616,parameter_source,"E-REDES PDIRD-E 2020 Annex B, 31-12-2025 planning table",https://www.e-redes.pt/sites/eredes/files/2022-07/PDIRD-E%202020%20proposta%20final.pdf,CHANGED
lines,LINE:002616,max_i_status,DIRECT_PDIRD_MINIMUM_SUMMER_NOMINAL_CURRENT,DIRECT_PDIRD_MINIMUM_WINTER_NOMINAL_CURRENT,CHANGED
lines,LINE:002616,max_i_ka,0.6969,0.686,CHANGED
lines,LINE:002616,seasonal_rating_status,WINTER_DYNAMIC_AMBIENT_TEMPERATURE_RATING_APPLIED,DIRECT_PDIRD_WINTER_NOMINAL_CURRENT_APPLIED,CHANGED
lines,LINE:002617,length_km,0.3154985705930874,0.2965694456156106,CHANGED
lines,LINE:002617,parameter_status,VOLTAGE_CLASS_ENGINEERING_PROXY,DIRECT_PUBLIC_SERIES_SECTION_WINTER_BOTTLENECK+PUBLIC_PDIRD_SECTION_LENGTH,CHANGED
lines,LINE:002617,parameter_source,config/model_config.json,https://www.e-redes.pt/sites/eredes/files/2022-07/PDIRD-E%202020%20proposta%20final.pdf,CHANGED
lines,LINE:002617,parameter_match_designation,,LN60 VILA NOVA CERVEIRA-VALENÇA,CHANGED
lines,LINE:002617,max_i_status,ENGINEERING_PROXY,DIRECT_PUBLIC_SERIES_SECTION_WINTER_BOTTLENECK,CHANGED
lines,LINE:002617,max_i_ka,0.6969,0.544,CHANGED
lines,LINE:002617,parallel_status,SOURCE_CIRCUIT_FIELD_OR_SINGLE_CIRCUIT_DEFAULT,PUBLIC_SINGLE_CIRCUIT_INVENTORY,CHANGED
lines,LINE:002617,rating_override_status,NO_CORRIDOR_OVERRIDE,EXPLICIT_PUBLIC_INVENTORY_CORRECTION,CHANGED
lines,LINE:002617,seasonal_rating_status,WINTER_DYNAMIC_AMBIENT_TEMPERATURE_RATING_APPLIED,DIRECT_PDIRD_WINTER_NOMINAL_CURRENT_APPLIED,CHANGED
lines,LINE:002625,parameter_source,"E-REDES PDIRD-E 2020 Annex B, 31-12-2025 planning table",https://www.e-redes.pt/sites/eredes/files/2022-07/PDIRD-E%202020%20proposta%20final.pdf,CHANGED
lines,LINE:002625,max_i_status,DIRECT_PDIRD_MINIMUM_SUMMER_NOMINAL_CURRENT,DIRECT_PDIRD_MINIMUM_WINTER_NOMINAL_CURRENT,CHANGED
lines,LINE:002625,max_i_ka,1.3938,1.372,CHANGED
lines,LINE:002625,seasonal_rating_status,WINTER_DYNAMIC_AMBIENT_TEMPERATURE_RATING_APPLIED,DIRECT_PDIRD_WINTER_NOMINAL_CURRENT_APPLIED,CHANGED
lines,LINE:002632,parameter_source,"E-REDES PDIRD-E 2020 Annex B, 31-12-2025 planning table",https://www.e-redes.pt/sites/eredes/files/2022-07/PDIRD-E%202020%20proposta%20final.pdf,CHANGED
lines,LINE:002632,max_i_status,DIRECT_PDIRD_MINIMUM_SUMMER_NOMINAL_CURRENT,DIRECT_PDIRD_MINIMUM_WINTER_NOMINAL_CURRENT,CHANGED
lines,LINE:002632,max_i_ka,0.4416,0.544,CHANGED
lines,LINE:002632,seasonal_rating_status,WINTER_DYNAMIC_AMBIENT_TEMPERATURE_RATING_APPLIED,DIRECT_PDIRD_WINTER_NOMINAL_CURRENT_APPLIED,CHANGED
lines,LINE:002633,parameter_source,"E-REDES PDIRD-E 2020 Annex B, 31-12-2025 planning table",https://www.e-redes.pt/sites/eredes/files/2022-07/PDIRD-E%202020%20proposta%20final.pdf,CHANGED
lines,LINE:002633,max_i_status,DIRECT_PDIRD_MINIMUM_SUMMER_NOMINAL_CURRENT,DIRECT_PDIRD_MINIMUM_WINTER_NOMINAL_CURRENT,CHANGED
lines,LINE:002633,max_i_ka,0.5450999999999999,0.582,CHANGED
lines,LINE:002633,seasonal_rating_status,WINTER_DYNAMIC_AMBIENT_TEMPERATURE_RATING_APPLIED,DIRECT_PDIRD_WINTER_NOMINAL_CURRENT_APPLIED,CHANGED
lines,LINE:002648,parameter_source,"E-REDES PDIRD-E 2020 Annex B, 31-12-2025 planning table",https://www.e-redes.pt/sites/eredes/files/2022-07/PDIRD-E%202020%20proposta%20final.pdf,CHANGED
lines,LINE:002648,max_i_status,DIRECT_PDIRD_MINIMUM_SUMMER_NOMINAL_CURRENT,DIRECT_PDIRD_MINIMUM_WINTER_NOMINAL_CURRENT,CHANGED
lines,LINE:002648,max_i_ka,0.32085,0.387,CHANGED
lines,LINE:002648,seasonal_rating_status,WINTER_DYNAMIC_AMBIENT_TEMPERATURE_RATING_APPLIED,DIRECT_PDIRD_WINTER_NOMINAL_CURRENT_APPLIED,CHANGED
lines,LINE:002663,parameter_source,"E-REDES PDIRD-E 2020 Annex B, 31-12-2025 planning table",https://www.e-redes.pt/sites/eredes/files/2022-07/PDIRD-E%202020%20proposta%20final.pdf,CHANGED
lines,LINE:002663,max_i_status,DIRECT_PDIRD_MINIMUM_SUMMER_NOMINAL_CURRENT,DIRECT_PDIRD_MINIMUM_WINTER_NOMINAL_CURRENT,CHANGED
lines,LINE:002663,max_i_ka,0.29095,0.35,CHANGED
lines,LINE:002663,seasonal_rating_status,WINTER_DYNAMIC_AMBIENT_TEMPERATURE_RATING_APPLIED,DIRECT_PDIRD_WINTER_NOMINAL_CURRENT_APPLIED,CHANGED
lines,LINE:002665,parameter_source,"E-REDES PDIRD-E 2020 Annex B, 31-12-2025 planning table",https://www.e-redes.pt/sites/eredes/files/2022-07/PDIRD-E%202020%20proposta%20final.pdf,CHANGED
lines,LINE:002665,max_i_status,DIRECT_PDIRD_MINIMUM_SUMMER_NOMINAL_CURRENT,DIRECT_PDIRD_MINIMUM_WINTER_NOMINAL_CURRENT,CHANGED
lines,LINE:002665,max_i_ka,0.6704499999999999,0.659,CHANGED
lines,LINE:002665,seasonal_rating_status,WINTER_DYNAMIC_AMBIENT_TEMPERATURE_RATING_APPLIED,DIRECT_PDIRD_WINTER_NOMINAL_CURRENT_APPLIED,CHANGED
lines,LINE:002666,parameter_source,"E-REDES PDIRD-E 2020 Annex B, 31-12-2025 planning table",https://www.e-redes.pt/sites/eredes/files/2022-07/PDIRD-E%202020%20proposta%20final.pdf,CHANGED
lines,LINE:002666,max_i_status,DIRECT_PDIRD_MINIMUM_SUMMER_NOMINAL_CURRENT,DIRECT_PDIRD_MINIMUM_WINTER_NOMINAL_CURRENT,CHANGED
lines,LINE:002666,max_i_ka,0.6704499999999999,0.659,CHANGED
lines,LINE:002666,seasonal_rating_status,WINTER_DYNAMIC_AMBIENT_TEMPERATURE_RATING_APPLIED,DIRECT_PDIRD_WINTER_NOMINAL_CURRENT_APPLIED,CHANGED
lines,LINE:002667,parameter_source,"E-REDES PDIRD-E 2020 Annex B, 31-12-2025 planning table",https://www.e-redes.pt/sites/eredes/files/2022-07/PDIRD-E%202020%20proposta%20final.pdf,CHANGED
lines,LINE:002667,max_i_status,DIRECT_PDIRD_MINIMUM_SUMMER_NOMINAL_CURRENT,DIRECT_PDIRD_MINIMUM_WINTER_NOMINAL_CURRENT,CHANGED
lines,LINE:002667,max_i_ka,0.46115,0.451,CHANGED
lines,LINE:002667,seasonal_rating_status,WINTER_DYNAMIC_AMBIENT_TEMPERATURE_RATING_APPLIED,DIRECT_PDIRD_WINTER_NOMINAL_CURRENT_APPLIED,CHANGED
lines,LINE:002668,parameter_source,"E-REDES PDIRD-E 2020 Annex B, 31-12-2025 planning table",https://www.e-redes.pt/sites/eredes/files/2022-07/PDIRD-E%202020%20proposta%20final.pdf,CHANGED
lines,LINE:002668,max_i_status,DIRECT_PDIRD_MINIMUM_SUMMER_NOMINAL_CURRENT,DIRECT_PDIRD_MINIMUM_WINTER_NOMINAL_CURRENT,CHANGED
lines,LINE:002668,max_i_ka,0.6704499999999999,0.659,CHANGED
lines,LINE:002668,seasonal_rating_status,WINTER_DYNAMIC_AMBIENT_TEMPERATURE_RATING_APPLIED,DIRECT_PDIRD_WINTER_NOMINAL_CURRENT_APPLIED,CHANGED
lines,LINE:002669,parameter_source,"E-REDES PDIRD-E 2020 Annex B, 31-12-2025 planning table",https://www.e-redes.pt/sites/eredes/files/2022-07/PDIRD-E%202020%20proposta%20final.pdf,CHANGED
lines,LINE:002669,max_i_status,DIRECT_PDIRD_MINIMUM_SUMMER_NOMINAL_CURRENT,DIRECT_PDIRD_MINIMUM_WINTER_NOMINAL_CURRENT,CHANGED
lines,LINE:002669,max_i_ka,0.6704499999999999,0.659,CHANGED
lines,LINE:002669,seasonal_rating_status,WINTER_DYNAMIC_AMBIENT_TEMPERATURE_RATING_APPLIED,DIRECT_PDIRD_WINTER_NOMINAL_CURRENT_APPLIED,CHANGED
lines,LINE:002671,parameter_source,"E-REDES PDIRD-E 2020 Annex B, 31-12-2025 planning table",https://www.e-redes.pt/sites/eredes/files/2022-07/PDIRD-E%202020%20proposta%20final.pdf,CHANGED
lines,LINE:002671,max_i_status,DIRECT_PDIRD_MINIMUM_SUMMER_NOMINAL_CURRENT,DIRECT_PDIRD_MINIMUM_WINTER_NOMINAL_CURRENT,CHANGED
lines,LINE:002671,max_i_ka,0.6969,0.686,CHANGED
lines,LINE:002671,seasonal_rating_status,WINTER_DYNAMIC_AMBIENT_TEMPERATURE_RATING_APPLIED,DIRECT_PDIRD_WINTER_NOMINAL_CURRENT_APPLIED,CHANGED
lines,LINE:002678,parameter_source,"E-REDES PDIRD-E 2020 Annex B, 31-12-2025 planning table",https://www.e-redes.pt/sites/eredes/files/2022-07/PDIRD-E%202020%20proposta%20final.pdf,CHANGED
lines,LINE:002678,max_i_status,DIRECT_PDIRD_MINIMUM_SUMMER_NOMINAL_CURRENT,DIRECT_PDIRD_MINIMUM_WINTER_NOMINAL_CURRENT,CHANGED
lines,LINE:002678,max_i_ka,0.23919999999999997,0.285,CHANGED
lines,LINE:002678,seasonal_rating_status,WINTER_DYNAMIC_AMBIENT_TEMPERATURE_RATING_APPLIED,DIRECT_PDIRD_WINTER_NOMINAL_CURRENT_APPLIED,CHANGED
lines,LINE:002679,parameter_source,"E-REDES PDIRD-E 2020 Annex B, 31-12-2025 planning table",https://www.e-redes.pt/sites/eredes/files/2022-07/PDIRD-E%202020%20proposta%20final.pdf,CHANGED
lines,LINE:002679,max_i_status,DIRECT_PDIRD_MINIMUM_SUMMER_NOMINAL_CURRENT,DIRECT_PDIRD_MINIMUM_WINTER_NOMINAL_CURRENT,CHANGED
lines,LINE:002679,max_i_ka,0.23919999999999997,0.285,CHANGED
lines,LINE:002679,seasonal_rating_status,WINTER_DYNAMIC_AMBIENT_TEMPERATURE_RATING_APPLIED,DIRECT_PDIRD_WINTER_NOMINAL_CURRENT_APPLIED,CHANGED
lines,LINE:002686,parameter_source,"E-REDES PDIRD-E 2020 Annex B, 31-12-2025 planning table",https://www.e-redes.pt/sites/eredes/files/2022-07/PDIRD-E%202020%20proposta%20final.pdf,CHANGED
lines,LINE:002686,max_i_status,DIRECT_PDIRD_MINIMUM_SUMMER_NOMINAL_CURRENT,DIRECT_PDIRD_MINIMUM_WINTER_NOMINAL_CURRENT,CHANGED
lines,LINE:002686,max_i_ka,0.5450999999999999,0.582,CHANGED
lines,LINE:002686,seasonal_rating_status,WINTER_DYNAMIC_AMBIENT_TEMPERATURE_RATING_APPLIED,DIRECT_PDIRD_WINTER_NOMINAL_CURRENT_APPLIED,CHANGED
lines,LINE:002687,parameter_source,"E-REDES PDIRD-E 2020 Annex B, 31-12-2025 planning table",https://www.e-redes.pt/sites/eredes/files/2022-07/PDIRD-E%202020%20proposta%20final.pdf,CHANGED
lines,LINE:002687,max_i_status,DIRECT_PDIRD_MINIMUM_SUMMER_NOMINAL_CURRENT,DIRECT_PDIRD_MINIMUM_WINTER_NOMINAL_CURRENT,CHANGED
lines,LINE:002687,max_i_ka,0.5450999999999999,0.582,CHANGED
lines,LINE:002687,seasonal_rating_status,WINTER_DYNAMIC_AMBIENT_TEMPERATURE_RATING_APPLIED,DIRECT_PDIRD_WINTER_NOMINAL_CURRENT_APPLIED,CHANGED
lines,LINE:002688,parameter_source,"E-REDES PDIRD-E 2020 Annex B, 31-12-2025 planning table",https://www.e-redes.pt/sites/eredes/files/2022-07/PDIRD-E%202020%20proposta%20final.pdf,CHANGED
lines,LINE:002688,max_i_status,DIRECT_PDIRD_MINIMUM_SUMMER_NOMINAL_CURRENT,DIRECT_PDIRD_MINIMUM_WINTER_NOMINAL_CURRENT,CHANGED
lines,LINE:002688,max_i_ka,0.5450999999999999,0.582,CHANGED
lines,LINE:002688,seasonal_rating_status,WINTER_DYNAMIC_AMBIENT_TEMPERATURE_RATING_APPLIED,DIRECT_PDIRD_WINTER_NOMINAL_CURRENT_APPLIED,CHANGED
lines,LINE:002689,parameter_source,"E-REDES PDIRD-E 2020 Annex B, 31-12-2025 planning table",https://www.e-redes.pt/sites/eredes/files/2022-07/PDIRD-E%202020%20proposta%20final.pdf,CHANGED
lines,LINE:002689,max_i_status,DIRECT_PDIRD_MINIMUM_SUMMER_NOMINAL_CURRENT,DIRECT_PDIRD_MINIMUM_WINTER_NOMINAL_CURRENT,CHANGED
lines,LINE:002689,max_i_ka,0.5450999999999999,0.582,CHANGED
lines,LINE:002689,seasonal_rating_status,WINTER_DYNAMIC_AMBIENT_TEMPERATURE_RATING_APPLIED,DIRECT_PDIRD_WINTER_NOMINAL_CURRENT_APPLIED,CHANGED
lines,LINE:002691,parameter_source,"E-REDES PDIRD-E 2020 Annex B, 31-12-2025 planning table",https://www.e-redes.pt/sites/eredes/files/2022-07/PDIRD-E%202020%20proposta%20final.pdf,CHANGED
lines,LINE:002691,max_i_status,DIRECT_PDIRD_MINIMUM_SUMMER_NOMINAL_CURRENT,DIRECT_PDIRD_MINIMUM_WINTER_NOMINAL_CURRENT,CHANGED
lines,LINE:002691,max_i_ka,0.6014499999999999,0.723,CHANGED
lines,LINE:002691,seasonal_rating_status,WINTER_DYNAMIC_AMBIENT_TEMPERATURE_RATING_APPLIED,DIRECT_PDIRD_WINTER_NOMINAL_CURRENT_APPLIED,CHANGED
lines,LINE:002693,parameter_source,"E-REDES PDIRD-E 2020 Annex B, 31-12-2025 planning table",https://www.e-redes.pt/sites/eredes/files/2022-07/PDIRD-E%202020%20proposta%20final.pdf,CHANGED
lines,LINE:002693,max_i_status,DIRECT_PDIRD_MINIMUM_SUMMER_NOMINAL_CURRENT,DIRECT_PDIRD_MINIMUM_WINTER_NOMINAL_CURRENT,CHANGED
lines,LINE:002693,max_i_ka,0.6969,0.686,CHANGED
lines,LINE:002693,seasonal_rating_status,WINTER_DYNAMIC_AMBIENT_TEMPERATURE_RATING_APPLIED,DIRECT_PDIRD_WINTER_NOMINAL_CURRENT_APPLIED,CHANGED
lines,LINE:002694,parameter_source,"E-REDES PDIRD-E 2020 Annex B, 31-12-2025 planning table",https://www.e-redes.pt/sites/eredes/files/2022-07/PDIRD-E%202020%20proposta%20final.pdf,CHANGED
lines,LINE:002694,max_i_status,DIRECT_PDIRD_MINIMUM_SUMMER_NOMINAL_CURRENT,DIRECT_PDIRD_MINIMUM_WINTER_NOMINAL_CURRENT,CHANGED
lines,LINE:002694,max_i_ka,0.6969,0.686,CHANGED
lines,LINE:002694,seasonal_rating_status,WINTER_DYNAMIC_AMBIENT_TEMPERATURE_RATING_APPLIED,DIRECT_PDIRD_WINTER_NOMINAL_CURRENT_APPLIED,CHANGED
lines,LINE:002695,parameter_source,"E-REDES PDIRD-E 2020 Annex B, 31-12-2025 planning table",https://www.e-redes.pt/sites/eredes/files/2022-07/PDIRD-E%202020%20proposta%20final.pdf,CHANGED
lines,LINE:002695,max_i_status,DIRECT_PDIRD_MINIMUM_SUMMER_NOMINAL_CURRENT,DIRECT_PDIRD_MINIMUM_WINTER_NOMINAL_CURRENT,CHANGED
lines,LINE:002695,max_i_ka,0.6969,0.686,CHANGED
lines,LINE:002695,seasonal_rating_status,WINTER_DYNAMIC_AMBIENT_TEMPERATURE_RATING_APPLIED,DIRECT_PDIRD_WINTER_NOMINAL_CURRENT_APPLIED,CHANGED
lines,LINE:002697,parameter_source,"E-REDES PDIRD-E 2020 Annex B, 31-12-2025 planning table",https://www.e-redes.pt/sites/eredes/files/2022-07/PDIRD-E%202020%20proposta%20final.pdf,CHANGED
lines,LINE:002697,max_i_status,DIRECT_PDIRD_MINIMUM_SUMMER_NOMINAL_CURRENT,DIRECT_PDIRD_MINIMUM_WINTER_NOMINAL_CURRENT,CHANGED
lines,LINE:002697,max_i_ka,0.6969,0.686,CHANGED
lines,LINE:002697,seasonal_rating_status,WINTER_DYNAMIC_AMBIENT_TEMPERATURE_RATING_APPLIED,DIRECT_PDIRD_WINTER_NOMINAL_CURRENT_APPLIED,CHANGED
lines,LINE:002698,parameter_source,"E-REDES PDIRD-E 2020 Annex B, 31-12-2025 planning table",https://www.e-redes.pt/sites/eredes/files/2022-07/PDIRD-E%202020%20proposta%20final.pdf,CHANGED
lines,LINE:002698,max_i_status,DIRECT_PDIRD_MINIMUM_SUMMER_NOMINAL_CURRENT,DIRECT_PDIRD_MINIMUM_WINTER_NOMINAL_CURRENT,CHANGED
lines,LINE:002698,max_i_ka,0.6969,0.686,CHANGED
lines,LINE:002698,seasonal_rating_status,WINTER_DYNAMIC_AMBIENT_TEMPERATURE_RATING_APPLIED,DIRECT_PDIRD_WINTER_NOMINAL_CURRENT_APPLIED,CHANGED
lines,LINE:002706,parameter_source,"E-REDES PDIRD-E 2020 Annex B, 31-12-2025 planning table",https://www.e-redes.pt/sites/eredes/files/2022-07/PDIRD-E%202020%20proposta%20final.pdf,CHANGED
lines,LINE:002706,max_i_status,DIRECT_PDIRD_MINIMUM_SUMMER_NOMINAL_CURRENT,DIRECT_PDIRD_MINIMUM_WINTER_NOMINAL_CURRENT,CHANGED
lines,LINE:002706,max_i_ka,1.3938,1.372,CHANGED
lines,LINE:002706,seasonal_rating_status,WINTER_DYNAMIC_AMBIENT_TEMPERATURE_RATING_APPLIED,DIRECT_PDIRD_WINTER_NOMINAL_CURRENT_APPLIED,CHANGED
lines,LINE:002707,parameter_source,"E-REDES PDIRD-E 2020 Annex B, 31-12-2025 planning table",https://www.e-redes.pt/sites/eredes/files/2022-07/PDIRD-E%202020%20proposta%20final.pdf,CHANGED
lines,LINE:002707,max_i_status,DIRECT_PDIRD_MINIMUM_SUMMER_NOMINAL_CURRENT,DIRECT_PDIRD_MINIMUM_WINTER_NOMINAL_CURRENT,CHANGED
lines,LINE:002707,max_i_ka,1.3938,1.372,CHANGED
lines,LINE:002707,seasonal_rating_status,WINTER_DYNAMIC_AMBIENT_TEMPERATURE_RATING_APPLIED,DIRECT_PDIRD_WINTER_NOMINAL_CURRENT_APPLIED,CHANGED
lines,LINE:002710,parameter_source,"E-REDES PDIRD-E 2020 Annex B, 31-12-2025 planning table",https://www.e-redes.pt/sites/eredes/files/2022-07/PDIRD-E%202020%20proposta%20final.pdf,CHANGED
lines,LINE:002710,max_i_status,DIRECT_PDIRD_MINIMUM_SUMMER_NOMINAL_CURRENT,DIRECT_PDIRD_MINIMUM_WINTER_NOMINAL_CURRENT,CHANGED
lines,LINE:002710,max_i_ka,0.6969,0.686,CHANGED
lines,LINE:002710,seasonal_rating_status,WINTER_DYNAMIC_AMBIENT_TEMPERATURE_RATING_APPLIED,DIRECT_PDIRD_WINTER_NOMINAL_CURRENT_APPLIED,CHANGED
lines,LINE:002715,parameter_source,"E-REDES PDIRD-E 2020 Annex B, 31-12-2025 planning table",https://www.e-redes.pt/sites/eredes/files/2022-07/PDIRD-E%202020%20proposta%20final.pdf,CHANGED
lines,LINE:002715,max_i_status,DIRECT_PDIRD_MINIMUM_SUMMER_NOMINAL_CURRENT,DIRECT_PDIRD_MINIMUM_WINTER_NOMINAL_CURRENT,CHANGED
lines,LINE:002715,max_i_ka,1.3938,1.372,CHANGED
lines,LINE:002715,seasonal_rating_status,WINTER_DYNAMIC_AMBIENT_TEMPERATURE_RATING_APPLIED,DIRECT_PDIRD_WINTER_NOMINAL_CURRENT_APPLIED,CHANGED
lines,LINE:002718,parameter_source,"E-REDES PDIRD-E 2020 Annex B, 31-12-2025 planning table",https://www.e-redes.pt/sites/eredes/files/2022-07/PDIRD-E%202020%20proposta%20final.pdf,CHANGED
lines,LINE:002718,max_i_status,DIRECT_PDIRD_MINIMUM_SUMMER_NOMINAL_CURRENT,DIRECT_PDIRD_MINIMUM_WINTER_NOMINAL_CURRENT,CHANGED
lines,LINE:002718,max_i_ka,0.4416,0.544,CHANGED
lines,LINE:002718,seasonal_rating_status,WINTER_DYNAMIC_AMBIENT_TEMPERATURE_RATING_APPLIED,DIRECT_PDIRD_WINTER_NOMINAL_CURRENT_APPLIED,CHANGED
lines,LINE:002723,parameter_source,"E-REDES PDIRD-E 2020 Annex B, 31-12-2025 planning table",https://www.e-redes.pt/sites/eredes/files/2022-07/PDIRD-E%202020%20proposta%20final.pdf,CHANGED
lines,LINE:002723,max_i_status,DIRECT_PDIRD_MINIMUM_SUMMER_NOMINAL_CURRENT,DIRECT_PDIRD_MINIMUM_WINTER_NOMINAL_CURRENT,CHANGED
lines,LINE:002723,max_i_ka,1.1592,1.137,CHANGED
lines,LINE:002723,seasonal_rating_status,WINTER_DYNAMIC_AMBIENT_TEMPERATURE_RATING_APPLIED,DIRECT_PDIRD_WINTER_NOMINAL_CURRENT_APPLIED,CHANGED
lines,LINE:002724,parameter_source,"E-REDES PDIRD-E 2020 Annex B, 31-12-2025 planning table",https://www.e-redes.pt/sites/eredes/files/2022-07/PDIRD-E%202020%20proposta%20final.pdf,CHANGED
lines,LINE:002724,max_i_status,DIRECT_PDIRD_MINIMUM_SUMMER_NOMINAL_CURRENT,DIRECT_PDIRD_MINIMUM_WINTER_NOMINAL_CURRENT,CHANGED
lines,LINE:002724,max_i_ka,1.1592,1.137,CHANGED
lines,LINE:002724,seasonal_rating_status,WINTER_DYNAMIC_AMBIENT_TEMPERATURE_RATING_APPLIED,DIRECT_PDIRD_WINTER_NOMINAL_CURRENT_APPLIED,CHANGED
lines,LINE:002725,parameter_source,"E-REDES PDIRD-E 2020 Annex B, 31-12-2025 planning table",https://www.e-redes.pt/sites/eredes/files/2022-07/PDIRD-E%202020%20proposta%20final.pdf,CHANGED
lines,LINE:002725,max_i_status,DIRECT_PDIRD_MINIMUM_SUMMER_NOMINAL_CURRENT,DIRECT_PDIRD_MINIMUM_WINTER_NOMINAL_CURRENT,CHANGED
lines,LINE:002725,max_i_ka,0.6969,0.686,CHANGED
lines,LINE:002725,seasonal_rating_status,WINTER_DYNAMIC_AMBIENT_TEMPERATURE_RATING_APPLIED,DIRECT_PDIRD_WINTER_NOMINAL_CURRENT_APPLIED,CHANGED
lines,LINE:002726,parameter_source,"E-REDES PDIRD-E 2020 Annex B, 31-12-2025 planning table",https://www.e-redes.pt/sites/eredes/files/2022-07/PDIRD-E%202020%20proposta%20final.pdf,CHANGED
lines,LINE:002726,max_i_status,DIRECT_PDIRD_MINIMUM_SUMMER_NOMINAL_CURRENT,DIRECT_PDIRD_MINIMUM_WINTER_NOMINAL_CURRENT,CHANGED
lines,LINE:002726,max_i_ka,0.6969,0.686,CHANGED
lines,LINE:002726,seasonal_rating_status,WINTER_DYNAMIC_AMBIENT_TEMPERATURE_RATING_APPLIED,DIRECT_PDIRD_WINTER_NOMINAL_CURRENT_APPLIED,CHANGED
lines,LINE:002737,parameter_source,"E-REDES PDIRD-E 2020 Annex B, 31-12-2025 planning table",https://www.e-redes.pt/sites/eredes/files/2022-07/PDIRD-E%202020%20proposta%20final.pdf,CHANGED
lines,LINE:002737,max_i_status,DIRECT_PDIRD_MINIMUM_SUMMER_NOMINAL_CURRENT,DIRECT_PDIRD_MINIMUM_WINTER_NOMINAL_CURRENT,CHANGED
lines,LINE:002737,max_i_ka,0.37834999999999996,0.46,CHANGED
lines,LINE:002737,seasonal_rating_status,WINTER_DYNAMIC_AMBIENT_TEMPERATURE_RATING_APPLIED,DIRECT_PDIRD_WINTER_NOMINAL_CURRENT_APPLIED,CHANGED
lines,LINE:002742,parameter_source,"E-REDES PDIRD-E 2020 Annex B, 31-12-2025 planning table",https://www.e-redes.pt/sites/eredes/files/2022-07/PDIRD-E%202020%20proposta%20final.pdf,CHANGED
lines,LINE:002742,max_i_status,DIRECT_PDIRD_MINIMUM_SUMMER_NOMINAL_CURRENT,DIRECT_PDIRD_MINIMUM_WINTER_NOMINAL_CURRENT,CHANGED
lines,LINE:002742,max_i_ka,0.6969,0.686,CHANGED
lines,LINE:002742,seasonal_rating_status,WINTER_DYNAMIC_AMBIENT_TEMPERATURE_RATING_APPLIED,DIRECT_PDIRD_WINTER_NOMINAL_CURRENT_APPLIED,CHANGED
lines,LINE:002744,parameter_source,"E-REDES PDIRD-E 2020 Annex B, 31-12-2025 planning table",https://www.e-redes.pt/sites/eredes/files/2022-07/PDIRD-E%202020%20proposta%20final.pdf,CHANGED
lines,LINE:002744,max_i_status,DIRECT_PDIRD_MINIMUM_SUMMER_NOMINAL_CURRENT,DIRECT_PDIRD_MINIMUM_WINTER_NOMINAL_CURRENT,CHANGED
lines,LINE:002744,max_i_ka,0.6969,0.686,CHANGED
lines,LINE:002744,seasonal_rating_status,WINTER_DYNAMIC_AMBIENT_TEMPERATURE_RATING_APPLIED,DIRECT_PDIRD_WINTER_NOMINAL_CURRENT_APPLIED,CHANGED
lines,LINE:002745,parameter_source,"E-REDES PDIRD-E 2020 Annex B, 31-12-2025 planning table",https://www.e-redes.pt/sites/eredes/files/2022-07/PDIRD-E%202020%20proposta%20final.pdf,CHANGED
lines,LINE:002745,max_i_status,DIRECT_PDIRD_MINIMUM_SUMMER_NOMINAL_CURRENT,DIRECT_PDIRD_MINIMUM_WINTER_NOMINAL_CURRENT,CHANGED
lines,LINE:002745,max_i_ka,0.6969,0.686,CHANGED
lines,LINE:002745,seasonal_rating_status,WINTER_DYNAMIC_AMBIENT_TEMPERATURE_RATING_APPLIED,DIRECT_PDIRD_WINTER_NOMINAL_CURRENT_APPLIED,CHANGED
lines,LINE:002752,parameter_source,"E-REDES PDIRD-E 2020 Annex B, 31-12-2025 planning table",https://www.e-redes.pt/sites/eredes/files/2022-07/PDIRD-E%202020%20proposta%20final.pdf,CHANGED
lines,LINE:002752,max_i_status,DIRECT_PDIRD_MINIMUM_SUMMER_NOMINAL_CURRENT,DIRECT_PDIRD_MINIMUM_WINTER_NOMINAL_CURRENT,CHANGED
lines,LINE:002752,max_i_ka,1.3938,1.372,CHANGED
lines,LINE:002752,seasonal_rating_status,WINTER_DYNAMIC_AMBIENT_TEMPERATURE_RATING_APPLIED,DIRECT_PDIRD_WINTER_NOMINAL_CURRENT_APPLIED,CHANGED
lines,LINE:002760,parameter_source,"E-REDES PDIRD-E 2020 Annex B, 31-12-2025 planning table",https://www.e-redes.pt/sites/eredes/files/2022-07/PDIRD-E%202020%20proposta%20final.pdf,CHANGED
lines,LINE:002760,max_i_status,DIRECT_PDIRD_MINIMUM_SUMMER_NOMINAL_CURRENT,DIRECT_PDIRD_MINIMUM_WINTER_NOMINAL_CURRENT,CHANGED
lines,LINE:002760,max_i_ka,1.3938,1.372,CHANGED
lines,LINE:002760,seasonal_rating_status,WINTER_DYNAMIC_AMBIENT_TEMPERATURE_RATING_APPLIED,DIRECT_PDIRD_WINTER_NOMINAL_CURRENT_APPLIED,CHANGED
lines,LINE:002761,parameter_source,"E-REDES PDIRD-E 2020 Annex B, 31-12-2025 planning table",https://www.e-redes.pt/sites/eredes/files/2022-07/PDIRD-E%202020%20proposta%20final.pdf,CHANGED
lines,LINE:002761,max_i_status,DIRECT_PDIRD_MINIMUM_SUMMER_NOMINAL_CURRENT,DIRECT_PDIRD_MINIMUM_WINTER_NOMINAL_CURRENT,CHANGED
lines,LINE:002761,max_i_ka,1.3938,1.372,CHANGED
lines,LINE:002761,seasonal_rating_status,WINTER_DYNAMIC_AMBIENT_TEMPERATURE_RATING_APPLIED,DIRECT_PDIRD_WINTER_NOMINAL_CURRENT_APPLIED,CHANGED
lines,LINE:002785,parameter_source,"E-REDES PDIRD-E 2020 Annex B, 31-12-2025 planning table",https://www.e-redes.pt/sites/eredes/files/2022-07/PDIRD-E%202020%20proposta%20final.pdf,CHANGED
lines,LINE:002785,max_i_status,DIRECT_PDIRD_MINIMUM_SUMMER_NOMINAL_CURRENT,DIRECT_PDIRD_MINIMUM_WINTER_NOMINAL_CURRENT,CHANGED
lines,LINE:002785,max_i_ka,0.5450999999999999,0.582,CHANGED
lines,LINE:002785,seasonal_rating_status,WINTER_DYNAMIC_AMBIENT_TEMPERATURE_RATING_APPLIED,DIRECT_PDIRD_WINTER_NOMINAL_CURRENT_APPLIED,CHANGED
lines,LINE:002787,parameter_source,"E-REDES PDIRD-E 2020 Annex B, 31-12-2025 planning table",https://www.e-redes.pt/sites/eredes/files/2022-07/PDIRD-E%202020%20proposta%20final.pdf,CHANGED
lines,LINE:002787,max_i_status,DIRECT_PDIRD_MINIMUM_SUMMER_NOMINAL_CURRENT,DIRECT_PDIRD_MINIMUM_WINTER_NOMINAL_CURRENT,CHANGED
lines,LINE:002787,max_i_ka,0.5450999999999999,0.582,CHANGED
lines,LINE:002787,seasonal_rating_status,WINTER_DYNAMIC_AMBIENT_TEMPERATURE_RATING_APPLIED,DIRECT_PDIRD_WINTER_NOMINAL_CURRENT_APPLIED,CHANGED
lines,LINE:002798,parameter_source,"E-REDES PDIRD-E 2020 Annex B, 31-12-2025 planning table",https://www.e-redes.pt/sites/eredes/files/2022-07/PDIRD-E%202020%20proposta%20final.pdf,CHANGED
lines,LINE:002798,max_i_status,DIRECT_PDIRD_MINIMUM_SUMMER_NOMINAL_CURRENT,DIRECT_PDIRD_MINIMUM_WINTER_NOMINAL_CURRENT,CHANGED
lines,LINE:002798,max_i_ka,0.5450999999999999,0.582,CHANGED
lines,LINE:002798,seasonal_rating_status,WINTER_DYNAMIC_AMBIENT_TEMPERATURE_RATING_APPLIED,DIRECT_PDIRD_WINTER_NOMINAL_CURRENT_APPLIED,CHANGED
lines,LINE:002808,parameter_source,"E-REDES PDIRD-E 2020 Annex B, 31-12-2025 planning table",https://www.e-redes.pt/sites/eredes/files/2022-07/PDIRD-E%202020%20proposta%20final.pdf,CHANGED
lines,LINE:002808,max_i_status,DIRECT_PDIRD_MINIMUM_SUMMER_NOMINAL_CURRENT,DIRECT_PDIRD_MINIMUM_WINTER_NOMINAL_CURRENT,CHANGED
lines,LINE:002808,max_i_ka,0.4416,0.544,CHANGED
lines,LINE:002808,seasonal_rating_status,WINTER_DYNAMIC_AMBIENT_TEMPERATURE_RATING_APPLIED,DIRECT_PDIRD_WINTER_NOMINAL_CURRENT_APPLIED,CHANGED
lines,LINE:002812,parameter_source,"E-REDES PDIRD-E 2020 Annex B, 31-12-2025 planning table",https://www.e-redes.pt/sites/eredes/files/2022-07/PDIRD-E%202020%20proposta%20final.pdf,CHANGED
lines,LINE:002812,max_i_status,DIRECT_PDIRD_MINIMUM_SUMMER_NOMINAL_CURRENT,DIRECT_PDIRD_MINIMUM_WINTER_NOMINAL_CURRENT,CHANGED
lines,LINE:002812,max_i_ka,0.6014499999999999,0.723,CHANGED
lines,LINE:002812,seasonal_rating_status,WINTER_DYNAMIC_AMBIENT_TEMPERATURE_RATING_APPLIED,DIRECT_PDIRD_WINTER_NOMINAL_CURRENT_APPLIED,CHANGED
lines,LINE:002826,parameter_source,"E-REDES PDIRD-E 2020 Annex B, 31-12-2025 planning table",https://www.e-redes.pt/sites/eredes/files/2022-07/PDIRD-E%202020%20proposta%20final.pdf,CHANGED
lines,LINE:002826,max_i_status,DIRECT_PDIRD_MINIMUM_SUMMER_NOMINAL_CURRENT,DIRECT_PDIRD_MINIMUM_WINTER_NOMINAL_CURRENT,CHANGED
lines,LINE:002826,max_i_ka,1.3938,1.372,CHANGED
lines,LINE:002826,seasonal_rating_status,WINTER_DYNAMIC_AMBIENT_TEMPERATURE_RATING_APPLIED,DIRECT_PDIRD_WINTER_NOMINAL_CURRENT_APPLIED,CHANGED
lines,LINE:002827,parameter_source,"E-REDES PDIRD-E 2020 Annex B, 31-12-2025 planning table",https://www.e-redes.pt/sites/eredes/files/2022-07/PDIRD-E%202020%20proposta%20final.pdf,CHANGED
lines,LINE:002827,max_i_status,DIRECT_PDIRD_MINIMUM_SUMMER_NOMINAL_CURRENT,DIRECT_PDIRD_MINIMUM_WINTER_NOMINAL_CURRENT,CHANGED
lines,LINE:002827,max_i_ka,1.3938,1.372,CHANGED
lines,LINE:002827,seasonal_rating_status,WINTER_DYNAMIC_AMBIENT_TEMPERATURE_RATING_APPLIED,DIRECT_PDIRD_WINTER_NOMINAL_CURRENT_APPLIED,CHANGED
lines,LINE:002829,parameter_source,"E-REDES PDIRD-E 2020 Annex B, 31-12-2025 planning table",https://www.e-redes.pt/sites/eredes/files/2022-07/PDIRD-E%202020%20proposta%20final.pdf,CHANGED
lines,LINE:002829,max_i_status,DIRECT_PDIRD_MINIMUM_SUMMER_NOMINAL_CURRENT,DIRECT_PDIRD_MINIMUM_WINTER_NOMINAL_CURRENT,CHANGED
lines,LINE:002829,max_i_ka,1.3938,1.372,CHANGED
lines,LINE:002829,seasonal_rating_status,WINTER_DYNAMIC_AMBIENT_TEMPERATURE_RATING_APPLIED,DIRECT_PDIRD_WINTER_NOMINAL_CURRENT_APPLIED,CHANGED
lines,LINE:002831,parameter_source,"E-REDES PDIRD-E 2020 Annex B, 31-12-2025 planning table",https://www.e-redes.pt/sites/eredes/files/2022-07/PDIRD-E%202020%20proposta%20final.pdf,CHANGED
lines,LINE:002831,max_i_status,DIRECT_PDIRD_MINIMUM_SUMMER_NOMINAL_CURRENT,DIRECT_PDIRD_MINIMUM_WINTER_NOMINAL_CURRENT,CHANGED
lines,LINE:002831,max_i_ka,1.3938,1.372,CHANGED
lines,LINE:002831,seasonal_rating_status,WINTER_DYNAMIC_AMBIENT_TEMPERATURE_RATING_APPLIED,DIRECT_PDIRD_WINTER_NOMINAL_CURRENT_APPLIED,CHANGED
lines,LINE:002832,parameter_source,"E-REDES PDIRD-E 2020 Annex B, 31-12-2025 planning table",https://www.e-redes.pt/sites/eredes/files/2022-07/PDIRD-E%202020%20proposta%20final.pdf,CHANGED
lines,LINE:002832,max_i_status,DIRECT_PDIRD_MINIMUM_SUMMER_NOMINAL_CURRENT,DIRECT_PDIRD_MINIMUM_WINTER_NOMINAL_CURRENT,CHANGED
lines,LINE:002832,max_i_ka,1.3938,1.372,CHANGED
lines,LINE:002832,seasonal_rating_status,WINTER_DYNAMIC_AMBIENT_TEMPERATURE_RATING_APPLIED,DIRECT_PDIRD_WINTER_NOMINAL_CURRENT_APPLIED,CHANGED
lines,LINE:002848,parameter_source,"E-REDES PDIRD-E 2020 Annex B, 31-12-2025 planning table",https://www.e-redes.pt/sites/eredes/files/2022-07/PDIRD-E%202020%20proposta%20final.pdf,CHANGED
lines,LINE:002848,max_i_status,DIRECT_PDIRD_MINIMUM_SUMMER_NOMINAL_CURRENT,DIRECT_PDIRD_MINIMUM_WINTER_NOMINAL_CURRENT,CHANGED
lines,LINE:002848,max_i_ka,0.6969,0.686,CHANGED
lines,LINE:002848,seasonal_rating_status,WINTER_DYNAMIC_AMBIENT_TEMPERATURE_RATING_APPLIED,DIRECT_PDIRD_WINTER_NOMINAL_CURRENT_APPLIED,CHANGED
lines,LINE:002850,parameter_source,"E-REDES PDIRD-E 2020 Annex B, 31-12-2025 planning table",https://www.e-redes.pt/sites/eredes/files/2022-07/PDIRD-E%202020%20proposta%20final.pdf,CHANGED
lines,LINE:002850,max_i_status,DIRECT_PDIRD_MINIMUM_SUMMER_NOMINAL_CURRENT,DIRECT_PDIRD_MINIMUM_WINTER_NOMINAL_CURRENT,CHANGED
lines,LINE:002850,max_i_ka,0.26335,0.315,CHANGED
lines,LINE:002850,seasonal_rating_status,WINTER_DYNAMIC_AMBIENT_TEMPERATURE_RATING_APPLIED,DIRECT_PDIRD_WINTER_NOMINAL_CURRENT_APPLIED,CHANGED
lines,LINE:002851,parameter_source,"E-REDES PDIRD-E 2020 Annex B, 31-12-2025 planning table",https://www.e-redes.pt/sites/eredes/files/2022-07/PDIRD-E%202020%20proposta%20final.pdf,CHANGED
lines,LINE:002851,max_i_status,DIRECT_PDIRD_MINIMUM_SUMMER_NOMINAL_CURRENT,DIRECT_PDIRD_MINIMUM_WINTER_NOMINAL_CURRENT,CHANGED
lines,LINE:002851,max_i_ka,0.6969,0.686,CHANGED
lines,LINE:002851,seasonal_rating_status,WINTER_DYNAMIC_AMBIENT_TEMPERATURE_RATING_APPLIED,DIRECT_PDIRD_WINTER_NOMINAL_CURRENT_APPLIED,CHANGED
lines,LINE:002852,parameter_source,"E-REDES PDIRD-E 2020 Annex B, 31-12-2025 planning table",https://www.e-redes.pt/sites/eredes/files/2022-07/PDIRD-E%202020%20proposta%20final.pdf,CHANGED
lines,LINE:002852,max_i_status,DIRECT_PDIRD_MINIMUM_SUMMER_NOMINAL_CURRENT,DIRECT_PDIRD_MINIMUM_WINTER_NOMINAL_CURRENT,CHANGED
lines,LINE:002852,max_i_ka,0.6969,0.686,CHANGED
lines,LINE:002852,seasonal_rating_status,WINTER_DYNAMIC_AMBIENT_TEMPERATURE_RATING_APPLIED,DIRECT_PDIRD_WINTER_NOMINAL_CURRENT_APPLIED,CHANGED
lines,LINE:002857,length_km,0.2497081259669639,0.18626886722899744,CHANGED
lines,LINE:002857,parameter_status,PDIRD_CIRCUIT_PATH_MATCH_PARTIAL_SOURCE_BACKING,PDIRD_CIRCUIT_PATH_MATCH_PARTIAL_SOURCE_BACKING+PUBLIC_PDIRD_SECTION_LENGTH,CHANGED
lines,LINE:002857,parameter_source,"E-REDES PDIRD-E 2020 Annex B, 31-12-2025 planning table",https://www.e-redes.pt/sites/eredes/files/2022-07/PDIRD-E%202020%20proposta%20final.pdf,CHANGED
lines,LINE:002857,max_i_status,DIRECT_PDIRD_MINIMUM_SUMMER_NOMINAL_CURRENT,DIRECT_PDIRD_MINIMUM_WINTER_NOMINAL_CURRENT,CHANGED
lines,LINE:002857,max_i_ka,0.6969,0.686,CHANGED
lines,LINE:002857,seasonal_rating_status,WINTER_DYNAMIC_AMBIENT_TEMPERATURE_RATING_APPLIED,DIRECT_PDIRD_WINTER_NOMINAL_CURRENT_APPLIED,CHANGED
lines,LINE:002858,length_km,4.981807539363823,3.716161192259101,CHANGED
lines,LINE:002858,parameter_status,PDIRD_CIRCUIT_PATH_MATCH_PARTIAL_SOURCE_BACKING,PDIRD_CIRCUIT_PATH_MATCH_PARTIAL_SOURCE_BACKING+PUBLIC_PDIRD_SECTION_LENGTH,CHANGED
lines,LINE:002858,parameter_source,"E-REDES PDIRD-E 2020 Annex B, 31-12-2025 planning table",https://www.e-redes.pt/sites/eredes/files/2022-07/PDIRD-E%202020%20proposta%20final.pdf,CHANGED
lines,LINE:002858,max_i_status,DIRECT_PDIRD_MINIMUM_SUMMER_NOMINAL_CURRENT,DIRECT_PDIRD_MINIMUM_WINTER_NOMINAL_CURRENT,CHANGED
lines,LINE:002858,max_i_ka,0.6969,0.686,CHANGED
lines,LINE:002858,seasonal_rating_status,WINTER_DYNAMIC_AMBIENT_TEMPERATURE_RATING_APPLIED,DIRECT_PDIRD_WINTER_NOMINAL_CURRENT_APPLIED,CHANGED
lines,LINE:002863,parameter_source,"E-REDES PDIRD-E 2020 Annex B, 31-12-2025 planning table",https://www.e-redes.pt/sites/eredes/files/2022-07/PDIRD-E%202020%20proposta%20final.pdf,CHANGED
lines,LINE:002863,max_i_status,DIRECT_PDIRD_MINIMUM_SUMMER_NOMINAL_CURRENT,DIRECT_PDIRD_MINIMUM_WINTER_NOMINAL_CURRENT,CHANGED
lines,LINE:002863,max_i_ka,1.3938,1.372,CHANGED
lines,LINE:002863,seasonal_rating_status,WINTER_DYNAMIC_AMBIENT_TEMPERATURE_RATING_APPLIED,DIRECT_PDIRD_WINTER_NOMINAL_CURRENT_APPLIED,CHANGED
lines,LINE:002864,parameter_source,"E-REDES PDIRD-E 2020 Annex B, 31-12-2025 planning table",https://www.e-redes.pt/sites/eredes/files/2022-07/PDIRD-E%202020%20proposta%20final.pdf,CHANGED
lines,LINE:002864,max_i_status,DIRECT_PDIRD_MINIMUM_SUMMER_NOMINAL_CURRENT,DIRECT_PDIRD_MINIMUM_WINTER_NOMINAL_CURRENT,CHANGED
lines,LINE:002864,max_i_ka,1.3938,1.372,CHANGED
lines,LINE:002864,seasonal_rating_status,WINTER_DYNAMIC_AMBIENT_TEMPERATURE_RATING_APPLIED,DIRECT_PDIRD_WINTER_NOMINAL_CURRENT_APPLIED,CHANGED
lines,LINE:002872,parameter_source,"E-REDES PDIRD-E 2020 Annex B, 31-12-2025 planning table",https://www.e-redes.pt/sites/eredes/files/2022-07/PDIRD-E%202020%20proposta%20final.pdf,CHANGED
lines,LINE:002872,max_i_status,DIRECT_PDIRD_MINIMUM_SUMMER_NOMINAL_CURRENT,DIRECT_PDIRD_MINIMUM_WINTER_NOMINAL_CURRENT,CHANGED
lines,LINE:002872,max_i_ka,0.6969,0.686,CHANGED
lines,LINE:002872,seasonal_rating_status,WINTER_DYNAMIC_AMBIENT_TEMPERATURE_RATING_APPLIED,DIRECT_PDIRD_WINTER_NOMINAL_CURRENT_APPLIED,CHANGED
lines,LINE:002878,parameter_source,"E-REDES PDIRD-E 2020 Annex B, 31-12-2025 planning table",https://www.e-redes.pt/sites/eredes/files/2022-07/PDIRD-E%202020%20proposta%20final.pdf,CHANGED
lines,LINE:002878,max_i_status,DIRECT_PDIRD_MINIMUM_SUMMER_NOMINAL_CURRENT,DIRECT_PDIRD_MINIMUM_WINTER_NOMINAL_CURRENT,CHANGED
lines,LINE:002878,max_i_ka,0.4416,0.544,CHANGED
lines,LINE:002878,seasonal_rating_status,WINTER_DYNAMIC_AMBIENT_TEMPERATURE_RATING_APPLIED,DIRECT_PDIRD_WINTER_NOMINAL_CURRENT_APPLIED,CHANGED
lines,LINE:002879,length_km,0.5608788763912306,0.41838555534988564,CHANGED
lines,LINE:002879,parameter_status,PDIRD_CIRCUIT_PATH_MATCH_PARTIAL_SOURCE_BACKING,PDIRD_CIRCUIT_PATH_MATCH_PARTIAL_SOURCE_BACKING+PUBLIC_PDIRD_SECTION_LENGTH,CHANGED
lines,LINE:002879,parameter_source,"E-REDES PDIRD-E 2020 Annex B, 31-12-2025 planning table",https://www.e-redes.pt/sites/eredes/files/2022-07/PDIRD-E%202020%20proposta%20final.pdf,CHANGED
lines,LINE:002879,max_i_status,DIRECT_PDIRD_MINIMUM_SUMMER_NOMINAL_CURRENT,DIRECT_PDIRD_MINIMUM_WINTER_NOMINAL_CURRENT,CHANGED
lines,LINE:002879,max_i_ka,0.6969,0.686,CHANGED
lines,LINE:002879,seasonal_rating_status,WINTER_DYNAMIC_AMBIENT_TEMPERATURE_RATING_APPLIED,DIRECT_PDIRD_WINTER_NOMINAL_CURRENT_APPLIED,CHANGED
lines,LINE:002880,parameter_source,"E-REDES PDIRD-E 2020 Annex B, 31-12-2025 planning table",https://www.e-redes.pt/sites/eredes/files/2022-07/PDIRD-E%202020%20proposta%20final.pdf,CHANGED
lines,LINE:002880,max_i_status,DIRECT_PDIRD_MINIMUM_SUMMER_NOMINAL_CURRENT,DIRECT_PDIRD_MINIMUM_WINTER_NOMINAL_CURRENT,CHANGED
lines,LINE:002880,max_i_ka,0.37374999999999997,0.386,CHANGED
lines,LINE:002880,seasonal_rating_status,WINTER_DYNAMIC_AMBIENT_TEMPERATURE_RATING_APPLIED,DIRECT_PDIRD_WINTER_NOMINAL_CURRENT_APPLIED,CHANGED
lines,LINE:002881,parameter_source,"E-REDES PDIRD-E 2020 Annex B, 31-12-2025 planning table",https://www.e-redes.pt/sites/eredes/files/2022-07/PDIRD-E%202020%20proposta%20final.pdf,CHANGED
lines,LINE:002881,max_i_status,DIRECT_PDIRD_MINIMUM_SUMMER_NOMINAL_CURRENT,DIRECT_PDIRD_MINIMUM_WINTER_NOMINAL_CURRENT,CHANGED
lines,LINE:002881,max_i_ka,0.30015,0.362,CHANGED
lines,LINE:002881,seasonal_rating_status,WINTER_DYNAMIC_AMBIENT_TEMPERATURE_RATING_APPLIED,DIRECT_PDIRD_WINTER_NOMINAL_CURRENT_APPLIED,CHANGED
lines,LINE:002888,parameter_source,"E-REDES PDIRD-E 2020 Annex B, 31-12-2025 planning table",https://www.e-redes.pt/sites/eredes/files/2022-07/PDIRD-E%202020%20proposta%20final.pdf,CHANGED
lines,LINE:002888,max_i_status,DIRECT_PDIRD_MINIMUM_SUMMER_NOMINAL_CURRENT,DIRECT_PDIRD_MINIMUM_WINTER_NOMINAL_CURRENT,CHANGED
lines,LINE:002888,max_i_ka,0.6969,0.686,CHANGED
lines,LINE:002888,seasonal_rating_status,WINTER_DYNAMIC_AMBIENT_TEMPERATURE_RATING_APPLIED,DIRECT_PDIRD_WINTER_NOMINAL_CURRENT_APPLIED,CHANGED
lines,LINE:002899,parameter_source,"E-REDES PDIRD-E 2020 Annex B, 31-12-2025 planning table",https://www.e-redes.pt/sites/eredes/files/2022-07/PDIRD-E%202020%20proposta%20final.pdf,CHANGED
lines,LINE:002899,max_i_status,DIRECT_PDIRD_MINIMUM_SUMMER_NOMINAL_CURRENT,DIRECT_PDIRD_MINIMUM_WINTER_NOMINAL_CURRENT,CHANGED
lines,LINE:002899,max_i_ka,0.6014499999999999,0.723,CHANGED
lines,LINE:002899,seasonal_rating_status,WINTER_DYNAMIC_AMBIENT_TEMPERATURE_RATING_APPLIED,DIRECT_PDIRD_WINTER_NOMINAL_CURRENT_APPLIED,CHANGED
lines,LINE:002901,parameter_source,"E-REDES PDIRD-E 2020 Annex B, 31-12-2025 planning table",https://www.e-redes.pt/sites/eredes/files/2022-07/PDIRD-E%202020%20proposta%20final.pdf,CHANGED
lines,LINE:002901,max_i_status,DIRECT_PDIRD_MINIMUM_SUMMER_NOMINAL_CURRENT,DIRECT_PDIRD_MINIMUM_WINTER_NOMINAL_CURRENT,CHANGED
lines,LINE:002901,max_i_ka,0.68885,0.74,CHANGED
lines,LINE:002901,seasonal_rating_status,WINTER_DYNAMIC_AMBIENT_TEMPERATURE_RATING_APPLIED,DIRECT_PDIRD_WINTER_NOMINAL_CURRENT_APPLIED,CHANGED
lines,LINE:002908,parameter_source,"E-REDES PDIRD-E 2020 Annex B, 31-12-2025 planning table",https://www.e-redes.pt/sites/eredes/files/2022-07/PDIRD-E%202020%20proposta%20final.pdf,CHANGED
lines,LINE:002908,max_i_status,DIRECT_PDIRD_MINIMUM_SUMMER_NOMINAL_CURRENT,DIRECT_PDIRD_MINIMUM_WINTER_NOMINAL_CURRENT,CHANGED
lines,LINE:002908,max_i_ka,0.6014499999999999,0.686,CHANGED
lines,LINE:002908,seasonal_rating_status,WINTER_DYNAMIC_AMBIENT_TEMPERATURE_RATING_APPLIED,DIRECT_PDIRD_WINTER_NOMINAL_CURRENT_APPLIED,CHANGED
lines,LINE:002909,parameter_source,"E-REDES PDIRD-E 2020 Annex B, 31-12-2025 planning table",https://www.e-redes.pt/sites/eredes/files/2022-07/PDIRD-E%202020%20proposta%20final.pdf,CHANGED
lines,LINE:002909,max_i_status,DIRECT_PDIRD_MINIMUM_SUMMER_NOMINAL_CURRENT,DIRECT_PDIRD_MINIMUM_WINTER_NOMINAL_CURRENT,CHANGED
lines,LINE:002909,max_i_ka,0.6014499999999999,0.686,CHANGED
lines,LINE:002909,seasonal_rating_status,WINTER_DYNAMIC_AMBIENT_TEMPERATURE_RATING_APPLIED,DIRECT_PDIRD_WINTER_NOMINAL_CURRENT_APPLIED,CHANGED
lines,LINE:002910,parameter_source,"E-REDES PDIRD-E 2020 Annex B, 31-12-2025 planning table",https://www.e-redes.pt/sites/eredes/files/2022-07/PDIRD-E%202020%20proposta%20final.pdf,CHANGED
lines,LINE:002910,max_i_status,DIRECT_PDIRD_MINIMUM_SUMMER_NOMINAL_CURRENT,DIRECT_PDIRD_MINIMUM_WINTER_NOMINAL_CURRENT,CHANGED
lines,LINE:002910,max_i_ka,0.6014499999999999,0.686,CHANGED
lines,LINE:002910,seasonal_rating_status,WINTER_DYNAMIC_AMBIENT_TEMPERATURE_RATING_APPLIED,DIRECT_PDIRD_WINTER_NOMINAL_CURRENT_APPLIED,CHANGED
lines,LINE:002911,parameter_source,"E-REDES PDIRD-E 2020 Annex B, 31-12-2025 planning table",https://www.e-redes.pt/sites/eredes/files/2022-07/PDIRD-E%202020%20proposta%20final.pdf,CHANGED
lines,LINE:002911,max_i_status,DIRECT_PDIRD_MINIMUM_SUMMER_NOMINAL_CURRENT,DIRECT_PDIRD_MINIMUM_WINTER_NOMINAL_CURRENT,CHANGED
lines,LINE:002911,max_i_ka,0.6014499999999999,0.686,CHANGED
lines,LINE:002911,seasonal_rating_status,WINTER_DYNAMIC_AMBIENT_TEMPERATURE_RATING_APPLIED,DIRECT_PDIRD_WINTER_NOMINAL_CURRENT_APPLIED,CHANGED
lines,LINE:002919,parameter_source,"E-REDES PDIRD-E 2020 Annex B, 31-12-2025 planning table",https://www.e-redes.pt/sites/eredes/files/2022-07/PDIRD-E%202020%20proposta%20final.pdf,CHANGED
lines,LINE:002919,max_i_status,DIRECT_PDIRD_MINIMUM_SUMMER_NOMINAL_CURRENT,DIRECT_PDIRD_MINIMUM_WINTER_NOMINAL_CURRENT,CHANGED
lines,LINE:002919,max_i_ka,0.46115,0.451,CHANGED
lines,LINE:002919,seasonal_rating_status,WINTER_DYNAMIC_AMBIENT_TEMPERATURE_RATING_APPLIED,DIRECT_PDIRD_WINTER_NOMINAL_CURRENT_APPLIED,CHANGED
lines,LINE:002921,parameter_source,"E-REDES PDIRD-E 2020 Annex B, 31-12-2025 planning table",https://www.e-redes.pt/sites/eredes/files/2022-07/PDIRD-E%202020%20proposta%20final.pdf,CHANGED
lines,LINE:002921,max_i_status,DIRECT_PDIRD_MINIMUM_SUMMER_NOMINAL_CURRENT,DIRECT_PDIRD_MINIMUM_WINTER_NOMINAL_CURRENT,CHANGED
lines,LINE:002921,max_i_ka,0.6969,0.686,CHANGED
lines,LINE:002921,seasonal_rating_status,WINTER_DYNAMIC_AMBIENT_TEMPERATURE_RATING_APPLIED,DIRECT_PDIRD_WINTER_NOMINAL_CURRENT_APPLIED,CHANGED
lines,LINE:002927,parameter_source,"E-REDES PDIRD-E 2020 Annex B, 31-12-2025 planning table",https://www.e-redes.pt/sites/eredes/files/2022-07/PDIRD-E%202020%20proposta%20final.pdf,CHANGED
lines,LINE:002927,max_i_status,DIRECT_PDIRD_MINIMUM_SUMMER_NOMINAL_CURRENT,DIRECT_PDIRD_MINIMUM_WINTER_NOMINAL_CURRENT,CHANGED
lines,LINE:002927,max_i_ka,0.46115,0.451,CHANGED
lines,LINE:002927,seasonal_rating_status,WINTER_DYNAMIC_AMBIENT_TEMPERATURE_RATING_APPLIED,DIRECT_PDIRD_WINTER_NOMINAL_CURRENT_APPLIED,CHANGED
lines,LINE:002928,parameter_source,"E-REDES PDIRD-E 2020 Annex B, 31-12-2025 planning table",https://www.e-redes.pt/sites/eredes/files/2022-07/PDIRD-E%202020%20proposta%20final.pdf,CHANGED
lines,LINE:002928,max_i_status,DIRECT_PDIRD_MINIMUM_SUMMER_NOMINAL_CURRENT,DIRECT_PDIRD_MINIMUM_WINTER_NOMINAL_CURRENT,CHANGED
lines,LINE:002928,max_i_ka,0.6014499999999999,0.686,CHANGED
lines,LINE:002928,seasonal_rating_status,WINTER_DYNAMIC_AMBIENT_TEMPERATURE_RATING_APPLIED,DIRECT_PDIRD_WINTER_NOMINAL_CURRENT_APPLIED,CHANGED
lines,LINE:002931,parameter_source,"E-REDES PDIRD-E 2020 Annex B, 31-12-2025 planning table",https://www.e-redes.pt/sites/eredes/files/2022-07/PDIRD-E%202020%20proposta%20final.pdf,CHANGED
lines,LINE:002931,max_i_status,DIRECT_PDIRD_MINIMUM_SUMMER_NOMINAL_CURRENT,DIRECT_PDIRD_MINIMUM_WINTER_NOMINAL_CURRENT,CHANGED
lines,LINE:002931,max_i_ka,0.6969,0.686,CHANGED
lines,LINE:002931,seasonal_rating_status,WINTER_DYNAMIC_AMBIENT_TEMPERATURE_RATING_APPLIED,DIRECT_PDIRD_WINTER_NOMINAL_CURRENT_APPLIED,CHANGED
lines,LINE:002932,parameter_source,"E-REDES PDIRD-E 2020 Annex B, 31-12-2025 planning table",https://www.e-redes.pt/sites/eredes/files/2022-07/PDIRD-E%202020%20proposta%20final.pdf,CHANGED
lines,LINE:002932,max_i_status,DIRECT_PDIRD_MINIMUM_SUMMER_NOMINAL_CURRENT,DIRECT_PDIRD_MINIMUM_WINTER_NOMINAL_CURRENT,CHANGED
lines,LINE:002932,max_i_ka,0.6969,0.686,CHANGED
lines,LINE:002932,seasonal_rating_status,WINTER_DYNAMIC_AMBIENT_TEMPERATURE_RATING_APPLIED,DIRECT_PDIRD_WINTER_NOMINAL_CURRENT_APPLIED,CHANGED
lines,LINE:002938,parameter_source,"E-REDES PDIRD-E 2020 Annex B, 31-12-2025 planning table",https://www.e-redes.pt/sites/eredes/files/2022-07/PDIRD-E%202020%20proposta%20final.pdf,CHANGED
lines,LINE:002938,max_i_status,DIRECT_PDIRD_MINIMUM_SUMMER_NOMINAL_CURRENT,DIRECT_PDIRD_MINIMUM_WINTER_NOMINAL_CURRENT,CHANGED
lines,LINE:002938,max_i_ka,0.4416,0.544,CHANGED
lines,LINE:002938,seasonal_rating_status,WINTER_DYNAMIC_AMBIENT_TEMPERATURE_RATING_APPLIED,DIRECT_PDIRD_WINTER_NOMINAL_CURRENT_APPLIED,CHANGED
lines,LINE:002952,parameter_source,"E-REDES PDIRD-E 2020 Annex B, 31-12-2025 planning table",https://www.e-redes.pt/sites/eredes/files/2022-07/PDIRD-E%202020%20proposta%20final.pdf,CHANGED
lines,LINE:002952,max_i_status,DIRECT_PDIRD_MINIMUM_SUMMER_NOMINAL_CURRENT,DIRECT_PDIRD_MINIMUM_WINTER_NOMINAL_CURRENT,CHANGED
lines,LINE:002952,max_i_ka,0.6842499999999999,0.686,CHANGED
lines,LINE:002952,seasonal_rating_status,WINTER_DYNAMIC_AMBIENT_TEMPERATURE_RATING_APPLIED,DIRECT_PDIRD_WINTER_NOMINAL_CURRENT_APPLIED,CHANGED
lines,LINE:002953,parameter_source,"E-REDES PDIRD-E 2020 Annex B, 31-12-2025 planning table",https://www.e-redes.pt/sites/eredes/files/2022-07/PDIRD-E%202020%20proposta%20final.pdf,CHANGED
lines,LINE:002953,max_i_status,DIRECT_PDIRD_MINIMUM_SUMMER_NOMINAL_CURRENT,DIRECT_PDIRD_MINIMUM_WINTER_NOMINAL_CURRENT,CHANGED
lines,LINE:002953,max_i_ka,0.6842499999999999,0.686,CHANGED
lines,LINE:002953,seasonal_rating_status,WINTER_DYNAMIC_AMBIENT_TEMPERATURE_RATING_APPLIED,DIRECT_PDIRD_WINTER_NOMINAL_CURRENT_APPLIED,CHANGED
lines,LINE:002956,parameter_source,"E-REDES PDIRD-E 2020 Annex B, 31-12-2025 planning table",https://www.e-redes.pt/sites/eredes/files/2022-07/PDIRD-E%202020%20proposta%20final.pdf,CHANGED
lines,LINE:002956,max_i_status,DIRECT_PDIRD_MINIMUM_SUMMER_NOMINAL_CURRENT,DIRECT_PDIRD_MINIMUM_WINTER_NOMINAL_CURRENT,CHANGED
lines,LINE:002956,max_i_ka,0.34384999999999993,0.417,CHANGED
lines,LINE:002956,seasonal_rating_status,WINTER_DYNAMIC_AMBIENT_TEMPERATURE_RATING_APPLIED,DIRECT_PDIRD_WINTER_NOMINAL_CURRENT_APPLIED,CHANGED
lines,LINE:002957,parameter_source,"E-REDES PDIRD-E 2020 Annex B, 31-12-2025 planning table",https://www.e-redes.pt/sites/eredes/files/2022-07/PDIRD-E%202020%20proposta%20final.pdf,CHANGED
lines,LINE:002957,max_i_status,DIRECT_PDIRD_MINIMUM_SUMMER_NOMINAL_CURRENT,DIRECT_PDIRD_MINIMUM_WINTER_NOMINAL_CURRENT,CHANGED
lines,LINE:002957,max_i_ka,0.6969,0.686,CHANGED
lines,LINE:002957,seasonal_rating_status,WINTER_DYNAMIC_AMBIENT_TEMPERATURE_RATING_APPLIED,DIRECT_PDIRD_WINTER_NOMINAL_CURRENT_APPLIED,CHANGED
lines,LINE:002974,parameter_source,"E-REDES PDIRD-E 2020 Annex B, 31-12-2025 planning table",https://www.e-redes.pt/sites/eredes/files/2022-07/PDIRD-E%202020%20proposta%20final.pdf,CHANGED
lines,LINE:002974,max_i_status,DIRECT_PDIRD_MINIMUM_SUMMER_NOMINAL_CURRENT,DIRECT_PDIRD_MINIMUM_WINTER_NOMINAL_CURRENT,CHANGED
lines,LINE:002974,max_i_ka,0.6969,0.686,CHANGED
lines,LINE:002974,seasonal_rating_status,WINTER_DYNAMIC_AMBIENT_TEMPERATURE_RATING_APPLIED,DIRECT_PDIRD_WINTER_NOMINAL_CURRENT_APPLIED,CHANGED
lines,LINE:002975,parameter_source,"E-REDES PDIRD-E 2020 Annex B, 31-12-2025 planning table",https://www.e-redes.pt/sites/eredes/files/2022-07/PDIRD-E%202020%20proposta%20final.pdf,CHANGED
lines,LINE:002975,max_i_status,DIRECT_PDIRD_MINIMUM_SUMMER_NOMINAL_CURRENT,DIRECT_PDIRD_MINIMUM_WINTER_NOMINAL_CURRENT,CHANGED
lines,LINE:002975,max_i_ka,0.6969,0.686,CHANGED
lines,LINE:002975,seasonal_rating_status,WINTER_DYNAMIC_AMBIENT_TEMPERATURE_RATING_APPLIED,DIRECT_PDIRD_WINTER_NOMINAL_CURRENT_APPLIED,CHANGED
lines,LINE:002982,parameter_source,"E-REDES PDIRD-E 2020 Annex B, 31-12-2025 planning table",https://www.e-redes.pt/sites/eredes/files/2022-07/PDIRD-E%202020%20proposta%20final.pdf,CHANGED
lines,LINE:002982,max_i_status,DIRECT_PDIRD_MINIMUM_SUMMER_NOMINAL_CURRENT,DIRECT_PDIRD_MINIMUM_WINTER_NOMINAL_CURRENT,CHANGED
lines,LINE:002982,max_i_ka,1.1592,1.137,CHANGED
lines,LINE:002982,seasonal_rating_status,WINTER_DYNAMIC_AMBIENT_TEMPERATURE_RATING_APPLIED,DIRECT_PDIRD_WINTER_NOMINAL_CURRENT_APPLIED,CHANGED
lines,LINE:002986,parameter_source,"E-REDES PDIRD-E 2020 Annex B, 31-12-2025 planning table",https://www.e-redes.pt/sites/eredes/files/2022-07/PDIRD-E%202020%20proposta%20final.pdf,CHANGED
lines,LINE:002986,max_i_status,DIRECT_PDIRD_MINIMUM_SUMMER_NOMINAL_CURRENT,DIRECT_PDIRD_MINIMUM_WINTER_NOMINAL_CURRENT,CHANGED
lines,LINE:002986,max_i_ka,0.46115,0.451,CHANGED
lines,LINE:002986,seasonal_rating_status,WINTER_DYNAMIC_AMBIENT_TEMPERATURE_RATING_APPLIED,DIRECT_PDIRD_WINTER_NOMINAL_CURRENT_APPLIED,CHANGED
lines,LINE:002987,parameter_source,"E-REDES PDIRD-E 2020 Annex B, 31-12-2025 planning table",https://www.e-redes.pt/sites/eredes/files/2022-07/PDIRD-E%202020%20proposta%20final.pdf,CHANGED
lines,LINE:002987,max_i_status,DIRECT_PDIRD_MINIMUM_SUMMER_NOMINAL_CURRENT,DIRECT_PDIRD_MINIMUM_WINTER_NOMINAL_CURRENT,CHANGED
lines,LINE:002987,max_i_ka,0.6969,0.686,CHANGED
lines,LINE:002987,seasonal_rating_status,WINTER_DYNAMIC_AMBIENT_TEMPERATURE_RATING_APPLIED,DIRECT_PDIRD_WINTER_NOMINAL_CURRENT_APPLIED,CHANGED
lines,LINE:002988,parameter_source,"E-REDES PDIRD-E 2020 Annex B, 31-12-2025 planning table",https://www.e-redes.pt/sites/eredes/files/2022-07/PDIRD-E%202020%20proposta%20final.pdf,CHANGED
lines,LINE:002988,max_i_status,DIRECT_PDIRD_MINIMUM_SUMMER_NOMINAL_CURRENT,DIRECT_PDIRD_MINIMUM_WINTER_NOMINAL_CURRENT,CHANGED
lines,LINE:002988,max_i_ka,0.6969,0.686,CHANGED
lines,LINE:002988,seasonal_rating_status,WINTER_DYNAMIC_AMBIENT_TEMPERATURE_RATING_APPLIED,DIRECT_PDIRD_WINTER_NOMINAL_CURRENT_APPLIED,CHANGED
lines,LINE:002991,parameter_source,"E-REDES PDIRD-E 2020 Annex B, 31-12-2025 planning table",https://www.e-redes.pt/sites/eredes/files/2022-07/PDIRD-E%202020%20proposta%20final.pdf,CHANGED
lines,LINE:002991,max_i_status,DIRECT_PDIRD_MINIMUM_SUMMER_NOMINAL_CURRENT,DIRECT_PDIRD_MINIMUM_WINTER_NOMINAL_CURRENT,CHANGED
lines,LINE:002991,max_i_ka,0.4416,0.544,CHANGED
lines,LINE:002991,seasonal_rating_status,WINTER_DYNAMIC_AMBIENT_TEMPERATURE_RATING_APPLIED,DIRECT_PDIRD_WINTER_NOMINAL_CURRENT_APPLIED,CHANGED
lines,LINE:002992,parameter_source,"E-REDES PDIRD-E 2020 Annex B, 31-12-2025 planning table",https://www.e-redes.pt/sites/eredes/files/2022-07/PDIRD-E%202020%20proposta%20final.pdf,CHANGED
lines,LINE:002992,max_i_status,DIRECT_PDIRD_MINIMUM_SUMMER_NOMINAL_CURRENT,DIRECT_PDIRD_MINIMUM_WINTER_NOMINAL_CURRENT,CHANGED
lines,LINE:002992,max_i_ka,0.6014499999999999,0.723,CHANGED
lines,LINE:002992,seasonal_rating_status,WINTER_DYNAMIC_AMBIENT_TEMPERATURE_RATING_APPLIED,DIRECT_PDIRD_WINTER_NOMINAL_CURRENT_APPLIED,CHANGED
lines,LINE:002999,parameter_status,VOLTAGE_CLASS_ENGINEERING_PROXY,DIRECT_PUBLIC_CORRIDOR_WINTER_NOMINAL_CURRENT,CHANGED
lines,LINE:002999,parameter_source,config/model_config.json,https://www.e-redes.pt/sites/eredes/files/2022-07/PDIRD-E%202020%20proposta%20final.pdf,CHANGED
lines,LINE:002999,parameter_match_designation,,LN60 1085 VILA NOVA DE FAMALICÃO (REN)-BEIRIZ-MOSTEIRÔ,CHANGED
lines,LINE:002999,max_i_status,ENGINEERING_PROXY,DIRECT_PUBLIC_CORRIDOR_WINTER_NOMINAL_CURRENT,CHANGED
lines,LINE:002999,max_i_ka,0.6969,1.089,CHANGED
lines,LINE:002999,parallel_status,SOURCE_CIRCUIT_FIELD_OR_SINGLE_CIRCUIT_DEFAULT,PUBLIC_SINGLE_CIRCUIT_INVENTORY,CHANGED
lines,LINE:002999,rating_override_status,NO_CORRIDOR_OVERRIDE,EXPLICIT_PUBLIC_INVENTORY_CORRECTION,CHANGED
lines,LINE:002999,seasonal_rating_status,WINTER_DYNAMIC_AMBIENT_TEMPERATURE_RATING_APPLIED,DIRECT_PDIRD_WINTER_NOMINAL_CURRENT_APPLIED,CHANGED
lines,LINE:003004,parameter_source,"E-REDES PDIRD-E 2020 Annex B, 31-12-2025 planning table",https://www.e-redes.pt/sites/eredes/files/2022-07/PDIRD-E%202020%20proposta%20final.pdf,CHANGED
lines,LINE:003004,max_i_status,DIRECT_PDIRD_MINIMUM_SUMMER_NOMINAL_CURRENT,DIRECT_PDIRD_MINIMUM_WINTER_NOMINAL_CURRENT,CHANGED
lines,LINE:003004,max_i_ka,0.5450999999999999,0.582,CHANGED
lines,LINE:003004,seasonal_rating_status,WINTER_DYNAMIC_AMBIENT_TEMPERATURE_RATING_APPLIED,DIRECT_PDIRD_WINTER_NOMINAL_CURRENT_APPLIED,CHANGED
lines,LINE:003005,parameter_source,"E-REDES PDIRD-E 2020 Annex B, 31-12-2025 planning table",https://www.e-redes.pt/sites/eredes/files/2022-07/PDIRD-E%202020%20proposta%20final.pdf,CHANGED
lines,LINE:003005,max_i_status,DIRECT_PDIRD_MINIMUM_SUMMER_NOMINAL_CURRENT,DIRECT_PDIRD_MINIMUM_WINTER_NOMINAL_CURRENT,CHANGED
lines,LINE:003005,max_i_ka,0.5450999999999999,0.582,CHANGED
lines,LINE:003005,seasonal_rating_status,WINTER_DYNAMIC_AMBIENT_TEMPERATURE_RATING_APPLIED,DIRECT_PDIRD_WINTER_NOMINAL_CURRENT_APPLIED,CHANGED
lines,LINE:003013,parameter_source,"E-REDES PDIRD-E 2020 Annex B, 31-12-2025 planning table",https://www.e-redes.pt/sites/eredes/files/2022-07/PDIRD-E%202020%20proposta%20final.pdf,CHANGED
lines,LINE:003013,max_i_status,DIRECT_PDIRD_MINIMUM_SUMMER_NOMINAL_CURRENT,DIRECT_PDIRD_MINIMUM_WINTER_NOMINAL_CURRENT,CHANGED
lines,LINE:003013,max_i_ka,1.3938,1.372,CHANGED
lines,LINE:003013,seasonal_rating_status,WINTER_DYNAMIC_AMBIENT_TEMPERATURE_RATING_APPLIED,DIRECT_PDIRD_WINTER_NOMINAL_CURRENT_APPLIED,CHANGED
lines,LINE:003014,parameter_source,"E-REDES PDIRD-E 2020 Annex B, 31-12-2025 planning table",https://www.e-redes.pt/sites/eredes/files/2022-07/PDIRD-E%202020%20proposta%20final.pdf,CHANGED
lines,LINE:003014,max_i_status,DIRECT_PDIRD_MINIMUM_SUMMER_NOMINAL_CURRENT,DIRECT_PDIRD_MINIMUM_WINTER_NOMINAL_CURRENT,CHANGED
lines,LINE:003014,max_i_ka,1.3938,1.372,CHANGED
lines,LINE:003014,seasonal_rating_status,WINTER_DYNAMIC_AMBIENT_TEMPERATURE_RATING_APPLIED,DIRECT_PDIRD_WINTER_NOMINAL_CURRENT_APPLIED,CHANGED
lines,LINE:003017,parameter_source,"E-REDES PDIRD-E 2020 Annex B, 31-12-2025 planning table",https://www.e-redes.pt/sites/eredes/files/2022-07/PDIRD-E%202020%20proposta%20final.pdf,CHANGED
lines,LINE:003017,max_i_status,DIRECT_PDIRD_MINIMUM_SUMMER_NOMINAL_CURRENT,DIRECT_PDIRD_MINIMUM_WINTER_NOMINAL_CURRENT,CHANGED
lines,LINE:003017,max_i_ka,0.6014499999999999,0.723,CHANGED
lines,LINE:003017,seasonal_rating_status,WINTER_DYNAMIC_AMBIENT_TEMPERATURE_RATING_APPLIED,DIRECT_PDIRD_WINTER_NOMINAL_CURRENT_APPLIED,CHANGED
lines,LINE:003019,parameter_source,"E-REDES PDIRD-E 2020 Annex B, 31-12-2025 planning table",https://www.e-redes.pt/sites/eredes/files/2022-07/PDIRD-E%202020%20proposta%20final.pdf,CHANGED
lines,LINE:003019,max_i_status,DIRECT_PDIRD_MINIMUM_SUMMER_NOMINAL_CURRENT,DIRECT_PDIRD_MINIMUM_WINTER_NOMINAL_CURRENT,CHANGED
lines,LINE:003019,max_i_ka,0.46115,0.451,CHANGED
lines,LINE:003019,seasonal_rating_status,WINTER_DYNAMIC_AMBIENT_TEMPERATURE_RATING_APPLIED,DIRECT_PDIRD_WINTER_NOMINAL_CURRENT_APPLIED,CHANGED
lines,LINE:003024,parameter_source,"E-REDES PDIRD-E 2020 Annex B, 31-12-2025 planning table",https://www.e-redes.pt/sites/eredes/files/2022-07/PDIRD-E%202020%20proposta%20final.pdf,CHANGED
lines,LINE:003024,max_i_status,DIRECT_PDIRD_MINIMUM_SUMMER_NOMINAL_CURRENT,DIRECT_PDIRD_MINIMUM_WINTER_NOMINAL_CURRENT,CHANGED
lines,LINE:003024,max_i_ka,1.3938,1.372,CHANGED
lines,LINE:003024,seasonal_rating_status,WINTER_DYNAMIC_AMBIENT_TEMPERATURE_RATING_APPLIED,DIRECT_PDIRD_WINTER_NOMINAL_CURRENT_APPLIED,CHANGED
lines,LINE:003036,parameter_status,VOLTAGE_CLASS_ENGINEERING_PROXY,DIRECT_PUBLIC_TWO_CIRCUIT_WINTER_BOTTLENECK,CHANGED
lines,LINE:003036,parameter_source,config/model_config.json,https://www.e-redes.pt/sites/eredes/files/2022-07/PDIRD-E%202020%20proposta%20final.pdf,CHANGED
lines,LINE:003036,parameter_match_designation,,LN60 01/02 PC ORBACÉM-VILA NOVA DE CERVEIRA,CHANGED
lines,LINE:003036,max_i_status,ENGINEERING_PROXY,DIRECT_PUBLIC_TWO_CIRCUIT_WINTER_BOTTLENECK,CHANGED
lines,LINE:003036,max_i_ka,0.6969,0.544,CHANGED
lines,LINE:003036,parallel,1,2,CHANGED
lines,LINE:003036,parallel_status,SOURCE_CIRCUIT_FIELD_OR_SINGLE_CIRCUIT_DEFAULT,PUBLIC_TWO_CIRCUIT_INVENTORY,CHANGED
lines,LINE:003036,rating_override_status,NO_CORRIDOR_OVERRIDE,EXPLICIT_PUBLIC_INVENTORY_CORRECTION,CHANGED
lines,LINE:003036,seasonal_rating_status,WINTER_DYNAMIC_AMBIENT_TEMPERATURE_RATING_APPLIED,DIRECT_PDIRD_WINTER_NOMINAL_CURRENT_APPLIED,CHANGED
lines,LINE:003042,parameter_source,"E-REDES PDIRD-E 2020 Annex B, 31-12-2025 planning table",https://www.e-redes.pt/sites/eredes/files/2022-07/PDIRD-E%202020%20proposta%20final.pdf,CHANGED
lines,LINE:003042,max_i_status,DIRECT_PDIRD_MINIMUM_SUMMER_NOMINAL_CURRENT,DIRECT_PDIRD_MINIMUM_WINTER_NOMINAL_CURRENT,CHANGED
lines,LINE:003042,max_i_ka,0.88435,1.089,CHANGED
lines,LINE:003042,seasonal_rating_status,WINTER_DYNAMIC_AMBIENT_TEMPERATURE_RATING_APPLIED,DIRECT_PDIRD_WINTER_NOMINAL_CURRENT_APPLIED,CHANGED
lines,LINE:003043,parameter_source,"E-REDES PDIRD-E 2020 Annex B, 31-12-2025 planning table",https://www.e-redes.pt/sites/eredes/files/2022-07/PDIRD-E%202020%20proposta%20final.pdf,CHANGED
lines,LINE:003043,max_i_status,DIRECT_PDIRD_MINIMUM_SUMMER_NOMINAL_CURRENT,DIRECT_PDIRD_MINIMUM_WINTER_NOMINAL_CURRENT,CHANGED
lines,LINE:003043,max_i_ka,0.88435,1.089,CHANGED
lines,LINE:003043,seasonal_rating_status,WINTER_DYNAMIC_AMBIENT_TEMPERATURE_RATING_APPLIED,DIRECT_PDIRD_WINTER_NOMINAL_CURRENT_APPLIED,CHANGED
lines,LINE:003051,parameter_source,"E-REDES PDIRD-E 2020 Annex B, 31-12-2025 planning table",https://www.e-redes.pt/sites/eredes/files/2022-07/PDIRD-E%202020%20proposta%20final.pdf,CHANGED
lines,LINE:003051,max_i_status,DIRECT_PDIRD_MINIMUM_SUMMER_NOMINAL_CURRENT,DIRECT_PDIRD_MINIMUM_WINTER_NOMINAL_CURRENT,CHANGED
lines,LINE:003051,max_i_ka,0.68885,0.74,CHANGED
lines,LINE:003051,seasonal_rating_status,WINTER_DYNAMIC_AMBIENT_TEMPERATURE_RATING_APPLIED,DIRECT_PDIRD_WINTER_NOMINAL_CURRENT_APPLIED,CHANGED
lines,LINE:003052,parameter_source,"E-REDES PDIRD-E 2020 Annex B, 31-12-2025 planning table",https://www.e-redes.pt/sites/eredes/files/2022-07/PDIRD-E%202020%20proposta%20final.pdf,CHANGED
lines,LINE:003052,max_i_status,DIRECT_PDIRD_MINIMUM_SUMMER_NOMINAL_CURRENT,DIRECT_PDIRD_MINIMUM_WINTER_NOMINAL_CURRENT,CHANGED
lines,LINE:003052,max_i_ka,0.68885,0.74,CHANGED
lines,LINE:003052,seasonal_rating_status,WINTER_DYNAMIC_AMBIENT_TEMPERATURE_RATING_APPLIED,DIRECT_PDIRD_WINTER_NOMINAL_CURRENT_APPLIED,CHANGED
lines,LINE:003053,parameter_source,"E-REDES PDIRD-E 2020 Annex B, 31-12-2025 planning table",https://www.e-redes.pt/sites/eredes/files/2022-07/PDIRD-E%202020%20proposta%20final.pdf,CHANGED
lines,LINE:003053,max_i_status,DIRECT_PDIRD_MINIMUM_SUMMER_NOMINAL_CURRENT,DIRECT_PDIRD_MINIMUM_WINTER_NOMINAL_CURRENT,CHANGED
lines,LINE:003053,max_i_ka,0.68885,0.74,CHANGED
lines,LINE:003053,seasonal_rating_status,WINTER_DYNAMIC_AMBIENT_TEMPERATURE_RATING_APPLIED,DIRECT_PDIRD_WINTER_NOMINAL_CURRENT_APPLIED,CHANGED
lines,LINE:003054,parameter_source,"E-REDES PDIRD-E 2020 Annex B, 31-12-2025 planning table",https://www.e-redes.pt/sites/eredes/files/2022-07/PDIRD-E%202020%20proposta%20final.pdf,CHANGED
lines,LINE:003054,max_i_status,DIRECT_PDIRD_MINIMUM_SUMMER_NOMINAL_CURRENT,DIRECT_PDIRD_MINIMUM_WINTER_NOMINAL_CURRENT,CHANGED
lines,LINE:003054,max_i_ka,0.68885,0.74,CHANGED
lines,LINE:003054,seasonal_rating_status,WINTER_DYNAMIC_AMBIENT_TEMPERATURE_RATING_APPLIED,DIRECT_PDIRD_WINTER_NOMINAL_CURRENT_APPLIED,CHANGED
lines,LINE:003055,parameter_source,"E-REDES PDIRD-E 2020 Annex B, 31-12-2025 planning table",https://www.e-redes.pt/sites/eredes/files/2022-07/PDIRD-E%202020%20proposta%20final.pdf,CHANGED
lines,LINE:003055,max_i_status,DIRECT_PDIRD_MINIMUM_SUMMER_NOMINAL_CURRENT,DIRECT_PDIRD_MINIMUM_WINTER_NOMINAL_CURRENT,CHANGED
lines,LINE:003055,max_i_ka,0.68885,0.74,CHANGED
lines,LINE:003055,seasonal_rating_status,WINTER_DYNAMIC_AMBIENT_TEMPERATURE_RATING_APPLIED,DIRECT_PDIRD_WINTER_NOMINAL_CURRENT_APPLIED,CHANGED
lines,LINE:003056,parameter_source,"E-REDES PDIRD-E 2020 Annex B, 31-12-2025 planning table",https://www.e-redes.pt/sites/eredes/files/2022-07/PDIRD-E%202020%20proposta%20final.pdf,CHANGED
lines,LINE:003056,max_i_status,DIRECT_PDIRD_MINIMUM_SUMMER_NOMINAL_CURRENT,DIRECT_PDIRD_MINIMUM_WINTER_NOMINAL_CURRENT,CHANGED
lines,LINE:003056,max_i_ka,0.68885,0.74,CHANGED
lines,LINE:003056,seasonal_rating_status,WINTER_DYNAMIC_AMBIENT_TEMPERATURE_RATING_APPLIED,DIRECT_PDIRD_WINTER_NOMINAL_CURRENT_APPLIED,CHANGED
lines,LINE:003059,parameter_source,"E-REDES PDIRD-E 2020 Annex B, 31-12-2025 planning table",https://www.e-redes.pt/sites/eredes/files/2022-07/PDIRD-E%202020%20proposta%20final.pdf,CHANGED
lines,LINE:003059,max_i_status,DIRECT_PDIRD_MINIMUM_SUMMER_NOMINAL_CURRENT,DIRECT_PDIRD_MINIMUM_WINTER_NOMINAL_CURRENT,CHANGED
lines,LINE:003059,max_i_ka,0.68885,0.74,CHANGED
lines,LINE:003059,seasonal_rating_status,WINTER_DYNAMIC_AMBIENT_TEMPERATURE_RATING_APPLIED,DIRECT_PDIRD_WINTER_NOMINAL_CURRENT_APPLIED,CHANGED
lines,LINE:003060,parameter_source,"E-REDES PDIRD-E 2020 Annex B, 31-12-2025 planning table",https://www.e-redes.pt/sites/eredes/files/2022-07/PDIRD-E%202020%20proposta%20final.pdf,CHANGED
lines,LINE:003060,max_i_status,DIRECT_PDIRD_MINIMUM_SUMMER_NOMINAL_CURRENT,DIRECT_PDIRD_MINIMUM_WINTER_NOMINAL_CURRENT,CHANGED
lines,LINE:003060,max_i_ka,0.88435,1.089,CHANGED
lines,LINE:003060,seasonal_rating_status,WINTER_DYNAMIC_AMBIENT_TEMPERATURE_RATING_APPLIED,DIRECT_PDIRD_WINTER_NOMINAL_CURRENT_APPLIED,CHANGED
lines,LINE:003061,parameter_source,"E-REDES PDIRD-E 2020 Annex B, 31-12-2025 planning table",https://www.e-redes.pt/sites/eredes/files/2022-07/PDIRD-E%202020%20proposta%20final.pdf,CHANGED
lines,LINE:003061,max_i_status,DIRECT_PDIRD_MINIMUM_SUMMER_NOMINAL_CURRENT,DIRECT_PDIRD_MINIMUM_WINTER_NOMINAL_CURRENT,CHANGED
lines,LINE:003061,max_i_ka,0.6969,0.686,CHANGED
lines,LINE:003061,seasonal_rating_status,WINTER_DYNAMIC_AMBIENT_TEMPERATURE_RATING_APPLIED,DIRECT_PDIRD_WINTER_NOMINAL_CURRENT_APPLIED,CHANGED
lines,LINE:003062,parameter_source,"E-REDES PDIRD-E 2020 Annex B, 31-12-2025 planning table",https://www.e-redes.pt/sites/eredes/files/2022-07/PDIRD-E%202020%20proposta%20final.pdf,CHANGED
lines,LINE:003062,max_i_status,DIRECT_PDIRD_MINIMUM_SUMMER_NOMINAL_CURRENT,DIRECT_PDIRD_MINIMUM_WINTER_NOMINAL_CURRENT,CHANGED
lines,LINE:003062,max_i_ka,0.6969,0.686,CHANGED
lines,LINE:003062,seasonal_rating_status,WINTER_DYNAMIC_AMBIENT_TEMPERATURE_RATING_APPLIED,DIRECT_PDIRD_WINTER_NOMINAL_CURRENT_APPLIED,CHANGED
lines,LINE:003066,parameter_source,"E-REDES PDIRD-E 2020 Annex B, 31-12-2025 planning table",https://www.e-redes.pt/sites/eredes/files/2022-07/PDIRD-E%202020%20proposta%20final.pdf,CHANGED
lines,LINE:003066,max_i_status,DIRECT_PDIRD_MINIMUM_SUMMER_NOMINAL_CURRENT,DIRECT_PDIRD_MINIMUM_WINTER_NOMINAL_CURRENT,CHANGED
lines,LINE:003066,max_i_ka,0.4416,0.544,CHANGED
lines,LINE:003066,seasonal_rating_status,WINTER_DYNAMIC_AMBIENT_TEMPERATURE_RATING_APPLIED,DIRECT_PDIRD_WINTER_NOMINAL_CURRENT_APPLIED,CHANGED
lines,LINE:003070,parameter_source,"E-REDES PDIRD-E 2020 Annex B, 31-12-2025 planning table",https://www.e-redes.pt/sites/eredes/files/2022-07/PDIRD-E%202020%20proposta%20final.pdf,CHANGED
lines,LINE:003070,max_i_status,DIRECT_PDIRD_MINIMUM_SUMMER_NOMINAL_CURRENT,DIRECT_PDIRD_MINIMUM_WINTER_NOMINAL_CURRENT,CHANGED
lines,LINE:003070,max_i_ka,0.4416,0.544,CHANGED
lines,LINE:003070,seasonal_rating_status,WINTER_DYNAMIC_AMBIENT_TEMPERATURE_RATING_APPLIED,DIRECT_PDIRD_WINTER_NOMINAL_CURRENT_APPLIED,CHANGED
lines,LINE:003072,parameter_source,"E-REDES PDIRD-E 2020 Annex B, 31-12-2025 planning table",https://www.e-redes.pt/sites/eredes/files/2022-07/PDIRD-E%202020%20proposta%20final.pdf,CHANGED
lines,LINE:003072,max_i_status,DIRECT_PDIRD_MINIMUM_SUMMER_NOMINAL_CURRENT,DIRECT_PDIRD_MINIMUM_WINTER_NOMINAL_CURRENT,CHANGED
lines,LINE:003072,max_i_ka,0.4416,0.544,CHANGED
lines,LINE:003072,seasonal_rating_status,WINTER_DYNAMIC_AMBIENT_TEMPERATURE_RATING_APPLIED,DIRECT_PDIRD_WINTER_NOMINAL_CURRENT_APPLIED,CHANGED
lines,LINE:003074,parameter_source,"E-REDES PDIRD-E 2020 Annex B, 31-12-2025 planning table",https://www.e-redes.pt/sites/eredes/files/2022-07/PDIRD-E%202020%20proposta%20final.pdf,CHANGED
lines,LINE:003074,max_i_status,DIRECT_PDIRD_MINIMUM_SUMMER_NOMINAL_CURRENT,DIRECT_PDIRD_MINIMUM_WINTER_NOMINAL_CURRENT,CHANGED
lines,LINE:003074,max_i_ka,0.6014499999999999,0.723,CHANGED
lines,LINE:003074,seasonal_rating_status,WINTER_DYNAMIC_AMBIENT_TEMPERATURE_RATING_APPLIED,DIRECT_PDIRD_WINTER_NOMINAL_CURRENT_APPLIED,CHANGED
lines,LINE:003075,parameter_source,"E-REDES PDIRD-E 2020 Annex B, 31-12-2025 planning table",https://www.e-redes.pt/sites/eredes/files/2022-07/PDIRD-E%202020%20proposta%20final.pdf,CHANGED
lines,LINE:003075,max_i_status,DIRECT_PDIRD_MINIMUM_SUMMER_NOMINAL_CURRENT,DIRECT_PDIRD_MINIMUM_WINTER_NOMINAL_CURRENT,CHANGED
lines,LINE:003075,max_i_ka,0.6014499999999999,0.723,CHANGED
lines,LINE:003075,seasonal_rating_status,WINTER_DYNAMIC_AMBIENT_TEMPERATURE_RATING_APPLIED,DIRECT_PDIRD_WINTER_NOMINAL_CURRENT_APPLIED,CHANGED
lines,LINE:003076,parameter_source,"E-REDES PDIRD-E 2020 Annex B, 31-12-2025 planning table",https://www.e-redes.pt/sites/eredes/files/2022-07/PDIRD-E%202020%20proposta%20final.pdf,CHANGED
lines,LINE:003076,max_i_status,DIRECT_PDIRD_MINIMUM_SUMMER_NOMINAL_CURRENT,DIRECT_PDIRD_MINIMUM_WINTER_NOMINAL_CURRENT,CHANGED
lines,LINE:003076,max_i_ka,0.6014499999999999,0.723,CHANGED
lines,LINE:003076,seasonal_rating_status,WINTER_DYNAMIC_AMBIENT_TEMPERATURE_RATING_APPLIED,DIRECT_PDIRD_WINTER_NOMINAL_CURRENT_APPLIED,CHANGED
lines,LINE:003077,parameter_source,"E-REDES PDIRD-E 2020 Annex B, 31-12-2025 planning table",https://www.e-redes.pt/sites/eredes/files/2022-07/PDIRD-E%202020%20proposta%20final.pdf,CHANGED
lines,LINE:003077,max_i_status,DIRECT_PDIRD_MINIMUM_SUMMER_NOMINAL_CURRENT,DIRECT_PDIRD_MINIMUM_WINTER_NOMINAL_CURRENT,CHANGED
lines,LINE:003077,max_i_ka,0.6014499999999999,0.723,CHANGED
lines,LINE:003077,seasonal_rating_status,WINTER_DYNAMIC_AMBIENT_TEMPERATURE_RATING_APPLIED,DIRECT_PDIRD_WINTER_NOMINAL_CURRENT_APPLIED,CHANGED
lines,LINE:003084,parameter_source,"E-REDES PDIRD-E 2020 Annex B, 31-12-2025 planning table",https://www.e-redes.pt/sites/eredes/files/2022-07/PDIRD-E%202020%20proposta%20final.pdf,CHANGED
lines,LINE:003084,max_i_status,DIRECT_PDIRD_MINIMUM_SUMMER_NOMINAL_CURRENT,DIRECT_PDIRD_MINIMUM_WINTER_NOMINAL_CURRENT,CHANGED
lines,LINE:003084,max_i_ka,0.30015,0.362,CHANGED
lines,LINE:003084,seasonal_rating_status,WINTER_DYNAMIC_AMBIENT_TEMPERATURE_RATING_APPLIED,DIRECT_PDIRD_WINTER_NOMINAL_CURRENT_APPLIED,CHANGED
lines,LINE:003085,parameter_source,"E-REDES PDIRD-E 2020 Annex B, 31-12-2025 planning table",https://www.e-redes.pt/sites/eredes/files/2022-07/PDIRD-E%202020%20proposta%20final.pdf,CHANGED
lines,LINE:003085,max_i_status,DIRECT_PDIRD_MINIMUM_SUMMER_NOMINAL_CURRENT,DIRECT_PDIRD_MINIMUM_WINTER_NOMINAL_CURRENT,CHANGED
lines,LINE:003085,max_i_ka,0.30015,0.362,CHANGED
lines,LINE:003085,seasonal_rating_status,WINTER_DYNAMIC_AMBIENT_TEMPERATURE_RATING_APPLIED,DIRECT_PDIRD_WINTER_NOMINAL_CURRENT_APPLIED,CHANGED
lines,LINE:003086,parameter_source,"E-REDES PDIRD-E 2020 Annex B, 31-12-2025 planning table",https://www.e-redes.pt/sites/eredes/files/2022-07/PDIRD-E%202020%20proposta%20final.pdf,CHANGED
lines,LINE:003086,max_i_status,DIRECT_PDIRD_MINIMUM_SUMMER_NOMINAL_CURRENT,DIRECT_PDIRD_MINIMUM_WINTER_NOMINAL_CURRENT,CHANGED
lines,LINE:003086,max_i_ka,0.4416,0.544,CHANGED
lines,LINE:003086,seasonal_rating_status,WINTER_DYNAMIC_AMBIENT_TEMPERATURE_RATING_APPLIED,DIRECT_PDIRD_WINTER_NOMINAL_CURRENT_APPLIED,CHANGED
lines,LINE:003089,parameter_source,"E-REDES PDIRD-E 2020 Annex B, 31-12-2025 planning table",https://www.e-redes.pt/sites/eredes/files/2022-07/PDIRD-E%202020%20proposta%20final.pdf,CHANGED
lines,LINE:003089,max_i_status,DIRECT_PDIRD_MINIMUM_SUMMER_NOMINAL_CURRENT,DIRECT_PDIRD_MINIMUM_WINTER_NOMINAL_CURRENT,CHANGED
lines,LINE:003089,max_i_ka,0.30015,0.362,CHANGED
lines,LINE:003089,seasonal_rating_status,WINTER_DYNAMIC_AMBIENT_TEMPERATURE_RATING_APPLIED,DIRECT_PDIRD_WINTER_NOMINAL_CURRENT_APPLIED,CHANGED
lines,LINE:003092,parameter_source,"E-REDES PDIRD-E 2020 Annex B, 31-12-2025 planning table",https://www.e-redes.pt/sites/eredes/files/2022-07/PDIRD-E%202020%20proposta%20final.pdf,CHANGED
lines,LINE:003092,max_i_status,DIRECT_PDIRD_MINIMUM_SUMMER_NOMINAL_CURRENT,DIRECT_PDIRD_MINIMUM_WINTER_NOMINAL_CURRENT,CHANGED
lines,LINE:003092,max_i_ka,0.30015,0.362,CHANGED
lines,LINE:003092,seasonal_rating_status,WINTER_DYNAMIC_AMBIENT_TEMPERATURE_RATING_APPLIED,DIRECT_PDIRD_WINTER_NOMINAL_CURRENT_APPLIED,CHANGED
lines,LINE:003096,parameter_source,"E-REDES PDIRD-E 2020 Annex B, 31-12-2025 planning table",https://www.e-redes.pt/sites/eredes/files/2022-07/PDIRD-E%202020%20proposta%20final.pdf,CHANGED
lines,LINE:003096,max_i_status,DIRECT_PDIRD_MINIMUM_SUMMER_NOMINAL_CURRENT,DIRECT_PDIRD_MINIMUM_WINTER_NOMINAL_CURRENT,CHANGED
lines,LINE:003096,max_i_ka,0.6969,0.686,CHANGED
lines,LINE:003096,seasonal_rating_status,WINTER_DYNAMIC_AMBIENT_TEMPERATURE_RATING_APPLIED,DIRECT_PDIRD_WINTER_NOMINAL_CURRENT_APPLIED,CHANGED
lines,LINE:003098,parameter_source,"E-REDES PDIRD-E 2020 Annex B, 31-12-2025 planning table",https://www.e-redes.pt/sites/eredes/files/2022-07/PDIRD-E%202020%20proposta%20final.pdf,CHANGED
lines,LINE:003098,max_i_status,DIRECT_PDIRD_MINIMUM_SUMMER_NOMINAL_CURRENT,DIRECT_PDIRD_MINIMUM_WINTER_NOMINAL_CURRENT,CHANGED
lines,LINE:003098,max_i_ka,0.6969,0.686,CHANGED
lines,LINE:003098,seasonal_rating_status,WINTER_DYNAMIC_AMBIENT_TEMPERATURE_RATING_APPLIED,DIRECT_PDIRD_WINTER_NOMINAL_CURRENT_APPLIED,CHANGED
lines,LINE:003099,parameter_source,"E-REDES PDIRD-E 2020 Annex B, 31-12-2025 planning table",https://www.e-redes.pt/sites/eredes/files/2022-07/PDIRD-E%202020%20proposta%20final.pdf,CHANGED
lines,LINE:003099,max_i_status,DIRECT_PDIRD_MINIMUM_SUMMER_NOMINAL_CURRENT,DIRECT_PDIRD_MINIMUM_WINTER_NOMINAL_CURRENT,CHANGED
lines,LINE:003099,max_i_ka,0.6969,0.686,CHANGED
lines,LINE:003099,seasonal_rating_status,WINTER_DYNAMIC_AMBIENT_TEMPERATURE_RATING_APPLIED,DIRECT_PDIRD_WINTER_NOMINAL_CURRENT_APPLIED,CHANGED
lines,LINE:003105,parameter_source,"E-REDES PDIRD-E 2020 Annex B, 31-12-2025 planning table",https://www.e-redes.pt/sites/eredes/files/2022-07/PDIRD-E%202020%20proposta%20final.pdf,CHANGED
lines,LINE:003105,max_i_status,DIRECT_PDIRD_MINIMUM_SUMMER_NOMINAL_CURRENT,DIRECT_PDIRD_MINIMUM_WINTER_NOMINAL_CURRENT,CHANGED
lines,LINE:003105,max_i_ka,0.6969,0.686,CHANGED
lines,LINE:003105,seasonal_rating_status,WINTER_DYNAMIC_AMBIENT_TEMPERATURE_RATING_APPLIED,DIRECT_PDIRD_WINTER_NOMINAL_CURRENT_APPLIED,CHANGED
lines,LINE:003106,parameter_source,"E-REDES PDIRD-E 2020 Annex B, 31-12-2025 planning table",https://www.e-redes.pt/sites/eredes/files/2022-07/PDIRD-E%202020%20proposta%20final.pdf,CHANGED
lines,LINE:003106,max_i_status,DIRECT_PDIRD_MINIMUM_SUMMER_NOMINAL_CURRENT,DIRECT_PDIRD_MINIMUM_WINTER_NOMINAL_CURRENT,CHANGED
lines,LINE:003106,max_i_ka,0.6969,0.686,CHANGED
lines,LINE:003106,seasonal_rating_status,WINTER_DYNAMIC_AMBIENT_TEMPERATURE_RATING_APPLIED,DIRECT_PDIRD_WINTER_NOMINAL_CURRENT_APPLIED,CHANGED
lines,LINE:003111,parameter_source,"E-REDES PDIRD-E 2020 Annex B, 31-12-2025 planning table",https://www.e-redes.pt/sites/eredes/files/2022-07/PDIRD-E%202020%20proposta%20final.pdf,CHANGED
lines,LINE:003111,max_i_status,DIRECT_PDIRD_MINIMUM_SUMMER_NOMINAL_CURRENT,DIRECT_PDIRD_MINIMUM_WINTER_NOMINAL_CURRENT,CHANGED
lines,LINE:003111,max_i_ka,0.6014499999999999,0.723,CHANGED
lines,LINE:003111,seasonal_rating_status,WINTER_DYNAMIC_AMBIENT_TEMPERATURE_RATING_APPLIED,DIRECT_PDIRD_WINTER_NOMINAL_CURRENT_APPLIED,CHANGED
lines,LINE:003112,parameter_source,"E-REDES PDIRD-E 2020 Annex B, 31-12-2025 planning table",https://www.e-redes.pt/sites/eredes/files/2022-07/PDIRD-E%202020%20proposta%20final.pdf,CHANGED
lines,LINE:003112,max_i_status,DIRECT_PDIRD_MINIMUM_SUMMER_NOMINAL_CURRENT,DIRECT_PDIRD_MINIMUM_WINTER_NOMINAL_CURRENT,CHANGED
lines,LINE:003112,max_i_ka,0.6014499999999999,0.723,CHANGED
lines,LINE:003112,seasonal_rating_status,WINTER_DYNAMIC_AMBIENT_TEMPERATURE_RATING_APPLIED,DIRECT_PDIRD_WINTER_NOMINAL_CURRENT_APPLIED,CHANGED
lines,LINE:003117,parameter_source,"E-REDES PDIRD-E 2020 Annex B, 31-12-2025 planning table",https://www.e-redes.pt/sites/eredes/files/2022-07/PDIRD-E%202020%20proposta%20final.pdf,CHANGED
lines,LINE:003117,max_i_status,DIRECT_PDIRD_MINIMUM_SUMMER_NOMINAL_CURRENT,DIRECT_PDIRD_MINIMUM_WINTER_NOMINAL_CURRENT,CHANGED
lines,LINE:003117,max_i_ka,0.6704499999999999,0.659,CHANGED
lines,LINE:003117,seasonal_rating_status,WINTER_DYNAMIC_AMBIENT_TEMPERATURE_RATING_APPLIED,DIRECT_PDIRD_WINTER_NOMINAL_CURRENT_APPLIED,CHANGED
lines,LINE:003121,parameter_source,"E-REDES PDIRD-E 2020 Annex B, 31-12-2025 planning table",https://www.e-redes.pt/sites/eredes/files/2022-07/PDIRD-E%202020%20proposta%20final.pdf,CHANGED
lines,LINE:003121,max_i_status,DIRECT_PDIRD_MINIMUM_SUMMER_NOMINAL_CURRENT,DIRECT_PDIRD_MINIMUM_WINTER_NOMINAL_CURRENT,CHANGED
lines,LINE:003121,max_i_ka,0.6969,0.686,CHANGED
lines,LINE:003121,seasonal_rating_status,WINTER_DYNAMIC_AMBIENT_TEMPERATURE_RATING_APPLIED,DIRECT_PDIRD_WINTER_NOMINAL_CURRENT_APPLIED,CHANGED
lines,LINE:003122,parameter_source,"E-REDES PDIRD-E 2020 Annex B, 31-12-2025 planning table",https://www.e-redes.pt/sites/eredes/files/2022-07/PDIRD-E%202020%20proposta%20final.pdf,CHANGED
lines,LINE:003122,max_i_status,DIRECT_PDIRD_MINIMUM_SUMMER_NOMINAL_CURRENT,DIRECT_PDIRD_MINIMUM_WINTER_NOMINAL_CURRENT,CHANGED
lines,LINE:003122,max_i_ka,0.6969,0.686,CHANGED
lines,LINE:003122,seasonal_rating_status,WINTER_DYNAMIC_AMBIENT_TEMPERATURE_RATING_APPLIED,DIRECT_PDIRD_WINTER_NOMINAL_CURRENT_APPLIED,CHANGED
lines,LINE:003123,parameter_source,"E-REDES PDIRD-E 2020 Annex B, 31-12-2025 planning table",https://www.e-redes.pt/sites/eredes/files/2022-07/PDIRD-E%202020%20proposta%20final.pdf,CHANGED
lines,LINE:003123,max_i_status,DIRECT_PDIRD_MINIMUM_SUMMER_NOMINAL_CURRENT,DIRECT_PDIRD_MINIMUM_WINTER_NOMINAL_CURRENT,CHANGED
lines,LINE:003123,max_i_ka,0.30015,0.362,CHANGED
lines,LINE:003123,seasonal_rating_status,WINTER_DYNAMIC_AMBIENT_TEMPERATURE_RATING_APPLIED,DIRECT_PDIRD_WINTER_NOMINAL_CURRENT_APPLIED,CHANGED
lines,LINE:003124,parameter_source,"E-REDES PDIRD-E 2020 Annex B, 31-12-2025 planning table",https://www.e-redes.pt/sites/eredes/files/2022-07/PDIRD-E%202020%20proposta%20final.pdf,CHANGED
lines,LINE:003124,max_i_status,DIRECT_PDIRD_MINIMUM_SUMMER_NOMINAL_CURRENT,DIRECT_PDIRD_MINIMUM_WINTER_NOMINAL_CURRENT,CHANGED
lines,LINE:003124,max_i_ka,0.30015,0.362,CHANGED
lines,LINE:003124,seasonal_rating_status,WINTER_DYNAMIC_AMBIENT_TEMPERATURE_RATING_APPLIED,DIRECT_PDIRD_WINTER_NOMINAL_CURRENT_APPLIED,CHANGED
lines,LINE:003129,parameter_status,VOLTAGE_CLASS_ENGINEERING_PROXY,DIRECT_PUBLIC_CORRIDOR_WINTER_NOMINAL_CURRENT,CHANGED
lines,LINE:003129,parameter_source,config/model_config.json,https://www.e-redes.pt/sites/eredes/files/2022-07/PDIRD-E%202020%20proposta%20final.pdf,CHANGED
lines,LINE:003129,parameter_match_designation,,LN60 1085 VILA NOVA DE FAMALICÃO (REN)-BEIRIZ-MOSTEIRÔ,CHANGED
lines,LINE:003129,max_i_status,ENGINEERING_PROXY,DIRECT_PUBLIC_CORRIDOR_WINTER_NOMINAL_CURRENT,CHANGED
lines,LINE:003129,max_i_ka,0.6969,1.089,CHANGED
lines,LINE:003129,parallel_status,SOURCE_CIRCUIT_FIELD_OR_SINGLE_CIRCUIT_DEFAULT,PUBLIC_SINGLE_CIRCUIT_INVENTORY,CHANGED
lines,LINE:003129,rating_override_status,NO_CORRIDOR_OVERRIDE,EXPLICIT_PUBLIC_INVENTORY_CORRECTION,CHANGED
lines,LINE:003129,seasonal_rating_status,WINTER_DYNAMIC_AMBIENT_TEMPERATURE_RATING_APPLIED,DIRECT_PDIRD_WINTER_NOMINAL_CURRENT_APPLIED,CHANGED
lines,LINE:003130,parameter_status,VOLTAGE_CLASS_ENGINEERING_PROXY,DIRECT_PUBLIC_CORRIDOR_WINTER_NOMINAL_CURRENT,CHANGED
lines,LINE:003130,parameter_source,config/model_config.json,https://www.e-redes.pt/sites/eredes/files/2022-07/PDIRD-E%202020%20proposta%20final.pdf,CHANGED
lines,LINE:003130,parameter_match_designation,,LN60 1085 VILA NOVA DE FAMALICÃO (REN)-BEIRIZ-MOSTEIRÔ,CHANGED
lines,LINE:003130,max_i_status,ENGINEERING_PROXY,DIRECT_PUBLIC_CORRIDOR_WINTER_NOMINAL_CURRENT,CHANGED
lines,LINE:003130,max_i_ka,0.6969,1.089,CHANGED
lines,LINE:003130,parallel_status,SOURCE_CIRCUIT_FIELD_OR_SINGLE_CIRCUIT_DEFAULT,PUBLIC_SINGLE_CIRCUIT_INVENTORY,CHANGED
lines,LINE:003130,rating_override_status,NO_CORRIDOR_OVERRIDE,EXPLICIT_PUBLIC_INVENTORY_CORRECTION,CHANGED
lines,LINE:003130,seasonal_rating_status,WINTER_DYNAMIC_AMBIENT_TEMPERATURE_RATING_APPLIED,DIRECT_PDIRD_WINTER_NOMINAL_CURRENT_APPLIED,CHANGED
lines,LINE:003139,parameter_source,"E-REDES PDIRD-E 2020 Annex B, 31-12-2025 planning table",https://www.e-redes.pt/sites/eredes/files/2022-07/PDIRD-E%202020%20proposta%20final.pdf,CHANGED
lines,LINE:003139,max_i_status,DIRECT_PDIRD_MINIMUM_SUMMER_NOMINAL_CURRENT,DIRECT_PDIRD_MINIMUM_WINTER_NOMINAL_CURRENT,CHANGED
lines,LINE:003139,max_i_ka,0.6014499999999999,0.723,CHANGED
lines,LINE:003139,seasonal_rating_status,WINTER_DYNAMIC_AMBIENT_TEMPERATURE_RATING_APPLIED,DIRECT_PDIRD_WINTER_NOMINAL_CURRENT_APPLIED,CHANGED
lines,LINE:003140,parameter_source,"E-REDES PDIRD-E 2020 Annex B, 31-12-2025 planning table",https://www.e-redes.pt/sites/eredes/files/2022-07/PDIRD-E%202020%20proposta%20final.pdf,CHANGED
lines,LINE:003140,max_i_status,DIRECT_PDIRD_MINIMUM_SUMMER_NOMINAL_CURRENT,DIRECT_PDIRD_MINIMUM_WINTER_NOMINAL_CURRENT,CHANGED
lines,LINE:003140,max_i_ka,0.30015,0.362,CHANGED
lines,LINE:003140,seasonal_rating_status,WINTER_DYNAMIC_AMBIENT_TEMPERATURE_RATING_APPLIED,DIRECT_PDIRD_WINTER_NOMINAL_CURRENT_APPLIED,CHANGED
lines,LINE:003141,parameter_source,"E-REDES PDIRD-E 2020 Annex B, 31-12-2025 planning table",https://www.e-redes.pt/sites/eredes/files/2022-07/PDIRD-E%202020%20proposta%20final.pdf,CHANGED
lines,LINE:003141,max_i_status,DIRECT_PDIRD_MINIMUM_SUMMER_NOMINAL_CURRENT,DIRECT_PDIRD_MINIMUM_WINTER_NOMINAL_CURRENT,CHANGED
lines,LINE:003141,max_i_ka,0.6014499999999999,0.723,CHANGED
lines,LINE:003141,seasonal_rating_status,WINTER_DYNAMIC_AMBIENT_TEMPERATURE_RATING_APPLIED,DIRECT_PDIRD_WINTER_NOMINAL_CURRENT_APPLIED,CHANGED
lines,LINE:003156,parameter_source,"E-REDES PDIRD-E 2020 Annex B, 31-12-2025 planning table",https://www.e-redes.pt/sites/eredes/files/2022-07/PDIRD-E%202020%20proposta%20final.pdf,CHANGED
lines,LINE:003156,max_i_status,DIRECT_PDIRD_MINIMUM_SUMMER_NOMINAL_CURRENT,DIRECT_PDIRD_MINIMUM_WINTER_NOMINAL_CURRENT,CHANGED
lines,LINE:003156,max_i_ka,0.6969,0.686,CHANGED
lines,LINE:003156,seasonal_rating_status,WINTER_DYNAMIC_AMBIENT_TEMPERATURE_RATING_APPLIED,DIRECT_PDIRD_WINTER_NOMINAL_CURRENT_APPLIED,CHANGED
lines,LINE:003159,parameter_source,"E-REDES PDIRD-E 2020 Annex B, 31-12-2025 planning table",https://www.e-redes.pt/sites/eredes/files/2022-07/PDIRD-E%202020%20proposta%20final.pdf,CHANGED
lines,LINE:003159,max_i_status,DIRECT_PDIRD_MINIMUM_SUMMER_NOMINAL_CURRENT,DIRECT_PDIRD_MINIMUM_WINTER_NOMINAL_CURRENT,CHANGED
lines,LINE:003159,max_i_ka,0.68885,0.74,CHANGED
lines,LINE:003159,seasonal_rating_status,WINTER_DYNAMIC_AMBIENT_TEMPERATURE_RATING_APPLIED,DIRECT_PDIRD_WINTER_NOMINAL_CURRENT_APPLIED,CHANGED
lines,LINE:003162,parameter_source,"E-REDES PDIRD-E 2020 Annex B, 31-12-2025 planning table",https://www.e-redes.pt/sites/eredes/files/2022-07/PDIRD-E%202020%20proposta%20final.pdf,CHANGED
lines,LINE:003162,max_i_status,DIRECT_PDIRD_MINIMUM_SUMMER_NOMINAL_CURRENT,DIRECT_PDIRD_MINIMUM_WINTER_NOMINAL_CURRENT,CHANGED
lines,LINE:003162,max_i_ka,0.68885,0.74,CHANGED
lines,LINE:003162,seasonal_rating_status,WINTER_DYNAMIC_AMBIENT_TEMPERATURE_RATING_APPLIED,DIRECT_PDIRD_WINTER_NOMINAL_CURRENT_APPLIED,CHANGED
lines,LINE:003163,parameter_source,"E-REDES PDIRD-E 2020 Annex B, 31-12-2025 planning table",https://www.e-redes.pt/sites/eredes/files/2022-07/PDIRD-E%202020%20proposta%20final.pdf,CHANGED
lines,LINE:003163,max_i_status,DIRECT_PDIRD_MINIMUM_SUMMER_NOMINAL_CURRENT,DIRECT_PDIRD_MINIMUM_WINTER_NOMINAL_CURRENT,CHANGED
lines,LINE:003163,max_i_ka,0.68885,0.74,CHANGED
lines,LINE:003163,seasonal_rating_status,WINTER_DYNAMIC_AMBIENT_TEMPERATURE_RATING_APPLIED,DIRECT_PDIRD_WINTER_NOMINAL_CURRENT_APPLIED,CHANGED
lines,LINE:003164,parameter_source,"E-REDES PDIRD-E 2020 Annex B, 31-12-2025 planning table",https://www.e-redes.pt/sites/eredes/files/2022-07/PDIRD-E%202020%20proposta%20final.pdf,CHANGED
lines,LINE:003164,max_i_status,DIRECT_PDIRD_MINIMUM_SUMMER_NOMINAL_CURRENT,DIRECT_PDIRD_MINIMUM_WINTER_NOMINAL_CURRENT,CHANGED
lines,LINE:003164,max_i_ka,0.68885,0.74,CHANGED
lines,LINE:003164,seasonal_rating_status,WINTER_DYNAMIC_AMBIENT_TEMPERATURE_RATING_APPLIED,DIRECT_PDIRD_WINTER_NOMINAL_CURRENT_APPLIED,CHANGED
lines,LINE:003165,parameter_source,"E-REDES PDIRD-E 2020 Annex B, 31-12-2025 planning table",https://www.e-redes.pt/sites/eredes/files/2022-07/PDIRD-E%202020%20proposta%20final.pdf,CHANGED
lines,LINE:003165,max_i_status,DIRECT_PDIRD_MINIMUM_SUMMER_NOMINAL_CURRENT,DIRECT_PDIRD_MINIMUM_WINTER_NOMINAL_CURRENT,CHANGED
lines,LINE:003165,max_i_ka,0.5450999999999999,0.582,CHANGED
lines,LINE:003165,seasonal_rating_status,WINTER_DYNAMIC_AMBIENT_TEMPERATURE_RATING_APPLIED,DIRECT_PDIRD_WINTER_NOMINAL_CURRENT_APPLIED,CHANGED
lines,LINE:003166,parameter_source,"E-REDES PDIRD-E 2020 Annex B, 31-12-2025 planning table",https://www.e-redes.pt/sites/eredes/files/2022-07/PDIRD-E%202020%20proposta%20final.pdf,CHANGED
lines,LINE:003166,max_i_status,DIRECT_PDIRD_MINIMUM_SUMMER_NOMINAL_CURRENT,DIRECT_PDIRD_MINIMUM_WINTER_NOMINAL_CURRENT,CHANGED
lines,LINE:003166,max_i_ka,0.5450999999999999,0.582,CHANGED
lines,LINE:003166,seasonal_rating_status,WINTER_DYNAMIC_AMBIENT_TEMPERATURE_RATING_APPLIED,DIRECT_PDIRD_WINTER_NOMINAL_CURRENT_APPLIED,CHANGED
lines,LINE:003167,parameter_source,"E-REDES PDIRD-E 2020 Annex B, 31-12-2025 planning table",https://www.e-redes.pt/sites/eredes/files/2022-07/PDIRD-E%202020%20proposta%20final.pdf,CHANGED
lines,LINE:003167,max_i_status,DIRECT_PDIRD_MINIMUM_SUMMER_NOMINAL_CURRENT,DIRECT_PDIRD_MINIMUM_WINTER_NOMINAL_CURRENT,CHANGED
lines,LINE:003167,max_i_ka,0.5450999999999999,0.582,CHANGED
lines,LINE:003167,seasonal_rating_status,WINTER_DYNAMIC_AMBIENT_TEMPERATURE_RATING_APPLIED,DIRECT_PDIRD_WINTER_NOMINAL_CURRENT_APPLIED,CHANGED
lines,LINE:003168,parameter_source,"E-REDES PDIRD-E 2020 Annex B, 31-12-2025 planning table",https://www.e-redes.pt/sites/eredes/files/2022-07/PDIRD-E%202020%20proposta%20final.pdf,CHANGED
lines,LINE:003168,max_i_status,DIRECT_PDIRD_MINIMUM_SUMMER_NOMINAL_CURRENT,DIRECT_PDIRD_MINIMUM_WINTER_NOMINAL_CURRENT,CHANGED
lines,LINE:003168,max_i_ka,0.5450999999999999,0.582,CHANGED
lines,LINE:003168,seasonal_rating_status,WINTER_DYNAMIC_AMBIENT_TEMPERATURE_RATING_APPLIED,DIRECT_PDIRD_WINTER_NOMINAL_CURRENT_APPLIED,CHANGED
lines,LINE:003179,parameter_source,"E-REDES PDIRD-E 2020 Annex B, 31-12-2025 planning table",https://www.e-redes.pt/sites/eredes/files/2022-07/PDIRD-E%202020%20proposta%20final.pdf,CHANGED
lines,LINE:003179,max_i_status,DIRECT_PDIRD_MINIMUM_SUMMER_NOMINAL_CURRENT,DIRECT_PDIRD_MINIMUM_WINTER_NOMINAL_CURRENT,CHANGED
lines,LINE:003179,max_i_ka,0.6969,0.686,CHANGED
lines,LINE:003179,seasonal_rating_status,WINTER_DYNAMIC_AMBIENT_TEMPERATURE_RATING_APPLIED,DIRECT_PDIRD_WINTER_NOMINAL_CURRENT_APPLIED,CHANGED
lines,LINE:003180,parameter_source,"E-REDES PDIRD-E 2020 Annex B, 31-12-2025 planning table",https://www.e-redes.pt/sites/eredes/files/2022-07/PDIRD-E%202020%20proposta%20final.pdf,CHANGED
lines,LINE:003180,max_i_status,DIRECT_PDIRD_MINIMUM_SUMMER_NOMINAL_CURRENT,DIRECT_PDIRD_MINIMUM_WINTER_NOMINAL_CURRENT,CHANGED
lines,LINE:003180,max_i_ka,0.6969,0.686,CHANGED
lines,LINE:003180,seasonal_rating_status,WINTER_DYNAMIC_AMBIENT_TEMPERATURE_RATING_APPLIED,DIRECT_PDIRD_WINTER_NOMINAL_CURRENT_APPLIED,CHANGED
lines,LINE:003181,parameter_source,"E-REDES PDIRD-E 2020 Annex B, 31-12-2025 planning table",https://www.e-redes.pt/sites/eredes/files/2022-07/PDIRD-E%202020%20proposta%20final.pdf,CHANGED
lines,LINE:003181,max_i_status,DIRECT_PDIRD_MINIMUM_SUMMER_NOMINAL_CURRENT,DIRECT_PDIRD_MINIMUM_WINTER_NOMINAL_CURRENT,CHANGED
lines,LINE:003181,max_i_ka,0.6969,0.686,CHANGED
lines,LINE:003181,seasonal_rating_status,WINTER_DYNAMIC_AMBIENT_TEMPERATURE_RATING_APPLIED,DIRECT_PDIRD_WINTER_NOMINAL_CURRENT_APPLIED,CHANGED
lines,LINE:003195,length_km,6.271413854983179,8.254950493793512,CHANGED
lines,LINE:003195,to_bus,BUS:JUNCTION:60:02655,BUS:JUNCTION:60:02655:PI_FEITOSA,CHANGED
lines,LINE:003195,parameter_status,PDIRD_CIRCUIT_PATH_MATCH_PARTIAL_SOURCE_BACKING,PDIRD_CIRCUIT_PATH_MATCH_PARTIAL_SOURCE_BACKING+PUBLIC_PDIRD_SECTION_LENGTH,CHANGED
lines,LINE:003195,parameter_source,"E-REDES PDIRD-E 2020 Annex B, 31-12-2025 planning table",https://www.e-redes.pt/sites/eredes/files/2022-07/PDIRD-E%202020%20proposta%20final.pdf,CHANGED
lines,LINE:003195,max_i_status,DIRECT_PDIRD_MINIMUM_SUMMER_NOMINAL_CURRENT,DIRECT_PDIRD_MINIMUM_WINTER_NOMINAL_CURRENT,CHANGED
lines,LINE:003195,max_i_ka,0.6969,0.686,CHANGED
lines,LINE:003195,seasonal_rating_status,WINTER_DYNAMIC_AMBIENT_TEMPERATURE_RATING_APPLIED,DIRECT_PDIRD_WINTER_NOMINAL_CURRENT_APPLIED,CHANGED
lines,LINE:003200,parameter_source,"E-REDES PDIRD-E 2020 Annex B, 31-12-2025 planning table",https://www.e-redes.pt/sites/eredes/files/2022-07/PDIRD-E%202020%20proposta%20final.pdf,CHANGED
lines,LINE:003200,max_i_status,DIRECT_PDIRD_MINIMUM_SUMMER_NOMINAL_CURRENT,DIRECT_PDIRD_MINIMUM_WINTER_NOMINAL_CURRENT,CHANGED
lines,LINE:003200,max_i_ka,1.3938,1.372,CHANGED
lines,LINE:003200,seasonal_rating_status,WINTER_DYNAMIC_AMBIENT_TEMPERATURE_RATING_APPLIED,DIRECT_PDIRD_WINTER_NOMINAL_CURRENT_APPLIED,CHANGED
lines,LINE:003203,parameter_source,"E-REDES PDIRD-E 2020 Annex B, 31-12-2025 planning table",https://www.e-redes.pt/sites/eredes/files/2022-07/PDIRD-E%202020%20proposta%20final.pdf,CHANGED
lines,LINE:003203,max_i_status,DIRECT_PDIRD_MINIMUM_SUMMER_NOMINAL_CURRENT,DIRECT_PDIRD_MINIMUM_WINTER_NOMINAL_CURRENT,CHANGED
lines,LINE:003203,max_i_ka,0.4416,0.544,CHANGED
lines,LINE:003203,seasonal_rating_status,WINTER_DYNAMIC_AMBIENT_TEMPERATURE_RATING_APPLIED,DIRECT_PDIRD_WINTER_NOMINAL_CURRENT_APPLIED,CHANGED
lines,LINE:003206,parameter_source,"E-REDES PDIRD-E 2020 Annex B, 31-12-2025 planning table",https://www.e-redes.pt/sites/eredes/files/2022-07/PDIRD-E%202020%20proposta%20final.pdf,CHANGED
lines,LINE:003206,max_i_status,DIRECT_PDIRD_MINIMUM_SUMMER_NOMINAL_CURRENT,DIRECT_PDIRD_MINIMUM_WINTER_NOMINAL_CURRENT,CHANGED
lines,LINE:003206,max_i_ka,0.6014499999999999,0.686,CHANGED
lines,LINE:003206,seasonal_rating_status,WINTER_DYNAMIC_AMBIENT_TEMPERATURE_RATING_APPLIED,DIRECT_PDIRD_WINTER_NOMINAL_CURRENT_APPLIED,CHANGED
lines,LINE:003207,parameter_source,"E-REDES PDIRD-E 2020 Annex B, 31-12-2025 planning table",https://www.e-redes.pt/sites/eredes/files/2022-07/PDIRD-E%202020%20proposta%20final.pdf,CHANGED
lines,LINE:003207,max_i_status,DIRECT_PDIRD_MINIMUM_SUMMER_NOMINAL_CURRENT,DIRECT_PDIRD_MINIMUM_WINTER_NOMINAL_CURRENT,CHANGED
lines,LINE:003207,max_i_ka,0.6014499999999999,0.686,CHANGED
lines,LINE:003207,seasonal_rating_status,WINTER_DYNAMIC_AMBIENT_TEMPERATURE_RATING_APPLIED,DIRECT_PDIRD_WINTER_NOMINAL_CURRENT_APPLIED,CHANGED
lines,LINE:003208,parameter_source,"E-REDES PDIRD-E 2020 Annex B, 31-12-2025 planning table",https://www.e-redes.pt/sites/eredes/files/2022-07/PDIRD-E%202020%20proposta%20final.pdf,CHANGED
lines,LINE:003208,max_i_status,DIRECT_PDIRD_MINIMUM_SUMMER_NOMINAL_CURRENT,DIRECT_PDIRD_MINIMUM_WINTER_NOMINAL_CURRENT,CHANGED
lines,LINE:003208,max_i_ka,0.6014499999999999,0.686,CHANGED
lines,LINE:003208,seasonal_rating_status,WINTER_DYNAMIC_AMBIENT_TEMPERATURE_RATING_APPLIED,DIRECT_PDIRD_WINTER_NOMINAL_CURRENT_APPLIED,CHANGED
lines,LINE:003209,parameter_source,"E-REDES PDIRD-E 2020 Annex B, 31-12-2025 planning table",https://www.e-redes.pt/sites/eredes/files/2022-07/PDIRD-E%202020%20proposta%20final.pdf,CHANGED
lines,LINE:003209,max_i_status,DIRECT_PDIRD_MINIMUM_SUMMER_NOMINAL_CURRENT,DIRECT_PDIRD_MINIMUM_WINTER_NOMINAL_CURRENT,CHANGED
lines,LINE:003209,max_i_ka,0.30015,0.362,CHANGED
lines,LINE:003209,seasonal_rating_status,WINTER_DYNAMIC_AMBIENT_TEMPERATURE_RATING_APPLIED,DIRECT_PDIRD_WINTER_NOMINAL_CURRENT_APPLIED,CHANGED
lines,LINE:003215,parameter_source,"E-REDES PDIRD-E 2020 Annex B, 31-12-2025 planning table",https://www.e-redes.pt/sites/eredes/files/2022-07/PDIRD-E%202020%20proposta%20final.pdf,CHANGED
lines,LINE:003215,max_i_status,DIRECT_PDIRD_MINIMUM_SUMMER_NOMINAL_CURRENT,DIRECT_PDIRD_MINIMUM_WINTER_NOMINAL_CURRENT,CHANGED
lines,LINE:003215,max_i_ka,0.46115,0.451,CHANGED
lines,LINE:003215,seasonal_rating_status,WINTER_DYNAMIC_AMBIENT_TEMPERATURE_RATING_APPLIED,DIRECT_PDIRD_WINTER_NOMINAL_CURRENT_APPLIED,CHANGED
lines,LINE:003224,parameter_source,"E-REDES PDIRD-E 2020 Annex B, 31-12-2025 planning table",https://www.e-redes.pt/sites/eredes/files/2022-07/PDIRD-E%202020%20proposta%20final.pdf,CHANGED
lines,LINE:003224,max_i_status,DIRECT_PDIRD_MINIMUM_SUMMER_NOMINAL_CURRENT,DIRECT_PDIRD_MINIMUM_WINTER_NOMINAL_CURRENT,CHANGED
lines,LINE:003224,max_i_ka,1.3938,1.372,CHANGED
lines,LINE:003224,seasonal_rating_status,WINTER_DYNAMIC_AMBIENT_TEMPERATURE_RATING_APPLIED,DIRECT_PDIRD_WINTER_NOMINAL_CURRENT_APPLIED,CHANGED
lines,LINE:003233,parameter_source,"E-REDES PDIRD-E 2020 Annex B, 31-12-2025 planning table",https://www.e-redes.pt/sites/eredes/files/2022-07/PDIRD-E%202020%20proposta%20final.pdf,CHANGED
lines,LINE:003233,max_i_status,DIRECT_PDIRD_MINIMUM_SUMMER_NOMINAL_CURRENT,DIRECT_PDIRD_MINIMUM_WINTER_NOMINAL_CURRENT,CHANGED
lines,LINE:003233,max_i_ka,0.46115,0.451,CHANGED
lines,LINE:003233,seasonal_rating_status,WINTER_DYNAMIC_AMBIENT_TEMPERATURE_RATING_APPLIED,DIRECT_PDIRD_WINTER_NOMINAL_CURRENT_APPLIED,CHANGED
lines,LINE:003239,parameter_source,"E-REDES PDIRD-E 2020 Annex B, 31-12-2025 planning table",https://www.e-redes.pt/sites/eredes/files/2022-07/PDIRD-E%202020%20proposta%20final.pdf,CHANGED
lines,LINE:003239,max_i_status,DIRECT_PDIRD_MINIMUM_SUMMER_NOMINAL_CURRENT,DIRECT_PDIRD_MINIMUM_WINTER_NOMINAL_CURRENT,CHANGED
lines,LINE:003239,max_i_ka,1.3938,1.372,CHANGED
lines,LINE:003239,seasonal_rating_status,WINTER_DYNAMIC_AMBIENT_TEMPERATURE_RATING_APPLIED,DIRECT_PDIRD_WINTER_NOMINAL_CURRENT_APPLIED,CHANGED
lines,LINE:003240,parameter_source,"E-REDES PDIRD-E 2020 Annex B, 31-12-2025 planning table",https://www.e-redes.pt/sites/eredes/files/2022-07/PDIRD-E%202020%20proposta%20final.pdf,CHANGED
lines,LINE:003240,max_i_status,DIRECT_PDIRD_MINIMUM_SUMMER_NOMINAL_CURRENT,DIRECT_PDIRD_MINIMUM_WINTER_NOMINAL_CURRENT,CHANGED
lines,LINE:003240,max_i_ka,1.3938,1.372,CHANGED
lines,LINE:003240,seasonal_rating_status,WINTER_DYNAMIC_AMBIENT_TEMPERATURE_RATING_APPLIED,DIRECT_PDIRD_WINTER_NOMINAL_CURRENT_APPLIED,CHANGED
lines,LINE:003246,parameter_source,"E-REDES PDIRD-E 2020 Annex B, 31-12-2025 planning table",https://www.e-redes.pt/sites/eredes/files/2022-07/PDIRD-E%202020%20proposta%20final.pdf,CHANGED
lines,LINE:003246,max_i_status,DIRECT_PDIRD_MINIMUM_SUMMER_NOMINAL_CURRENT,DIRECT_PDIRD_MINIMUM_WINTER_NOMINAL_CURRENT,CHANGED
lines,LINE:003246,max_i_ka,0.30015,0.362,CHANGED
lines,LINE:003246,seasonal_rating_status,WINTER_DYNAMIC_AMBIENT_TEMPERATURE_RATING_APPLIED,DIRECT_PDIRD_WINTER_NOMINAL_CURRENT_APPLIED,CHANGED
lines,LINE:003248,parameter_source,"E-REDES PDIRD-E 2020 Annex B, 31-12-2025 planning table",https://www.e-redes.pt/sites/eredes/files/2022-07/PDIRD-E%202020%20proposta%20final.pdf,CHANGED
lines,LINE:003248,max_i_status,DIRECT_PDIRD_MINIMUM_SUMMER_NOMINAL_CURRENT,DIRECT_PDIRD_MINIMUM_WINTER_NOMINAL_CURRENT,CHANGED
lines,LINE:003248,max_i_ka,1.3938,1.372,CHANGED
lines,LINE:003248,seasonal_rating_status,WINTER_DYNAMIC_AMBIENT_TEMPERATURE_RATING_APPLIED,DIRECT_PDIRD_WINTER_NOMINAL_CURRENT_APPLIED,CHANGED
lines,LINE:003250,parameter_source,"E-REDES PDIRD-E 2020 Annex B, 31-12-2025 planning table",https://www.e-redes.pt/sites/eredes/files/2022-07/PDIRD-E%202020%20proposta%20final.pdf,CHANGED
lines,LINE:003250,max_i_status,DIRECT_PDIRD_MINIMUM_SUMMER_NOMINAL_CURRENT,DIRECT_PDIRD_MINIMUM_WINTER_NOMINAL_CURRENT,CHANGED
lines,LINE:003250,max_i_ka,1.3938,1.372,CHANGED
lines,LINE:003250,seasonal_rating_status,WINTER_DYNAMIC_AMBIENT_TEMPERATURE_RATING_APPLIED,DIRECT_PDIRD_WINTER_NOMINAL_CURRENT_APPLIED,CHANGED
lines,LINE:003251,parameter_source,"E-REDES PDIRD-E 2020 Annex B, 31-12-2025 planning table",https://www.e-redes.pt/sites/eredes/files/2022-07/PDIRD-E%202020%20proposta%20final.pdf,CHANGED
lines,LINE:003251,max_i_status,DIRECT_PDIRD_MINIMUM_SUMMER_NOMINAL_CURRENT,DIRECT_PDIRD_MINIMUM_WINTER_NOMINAL_CURRENT,CHANGED
lines,LINE:003251,max_i_ka,0.6969,0.686,CHANGED
lines,LINE:003251,seasonal_rating_status,WINTER_DYNAMIC_AMBIENT_TEMPERATURE_RATING_APPLIED,DIRECT_PDIRD_WINTER_NOMINAL_CURRENT_APPLIED,CHANGED
lines,LINE:003252,parameter_source,"E-REDES PDIRD-E 2020 Annex B, 31-12-2025 planning table",https://www.e-redes.pt/sites/eredes/files/2022-07/PDIRD-E%202020%20proposta%20final.pdf,CHANGED
lines,LINE:003252,max_i_status,DIRECT_PDIRD_MINIMUM_SUMMER_NOMINAL_CURRENT,DIRECT_PDIRD_MINIMUM_WINTER_NOMINAL_CURRENT,CHANGED
lines,LINE:003252,max_i_ka,0.4416,0.544,CHANGED
lines,LINE:003252,seasonal_rating_status,WINTER_DYNAMIC_AMBIENT_TEMPERATURE_RATING_APPLIED,DIRECT_PDIRD_WINTER_NOMINAL_CURRENT_APPLIED,CHANGED
lines,LINE:003259,parameter_source,"E-REDES PDIRD-E 2020 Annex B, 31-12-2025 planning table",https://www.e-redes.pt/sites/eredes/files/2022-07/PDIRD-E%202020%20proposta%20final.pdf,CHANGED
lines,LINE:003259,max_i_status,DIRECT_PDIRD_MINIMUM_SUMMER_NOMINAL_CURRENT,DIRECT_PDIRD_MINIMUM_WINTER_NOMINAL_CURRENT,CHANGED
lines,LINE:003259,max_i_ka,1.3938,1.372,CHANGED
lines,LINE:003259,seasonal_rating_status,WINTER_DYNAMIC_AMBIENT_TEMPERATURE_RATING_APPLIED,DIRECT_PDIRD_WINTER_NOMINAL_CURRENT_APPLIED,CHANGED
lines,LINE:003261,parameter_source,"E-REDES PDIRD-E 2020 Annex B, 31-12-2025 planning table",https://www.e-redes.pt/sites/eredes/files/2022-07/PDIRD-E%202020%20proposta%20final.pdf,CHANGED
lines,LINE:003261,max_i_status,DIRECT_PDIRD_MINIMUM_SUMMER_NOMINAL_CURRENT,DIRECT_PDIRD_MINIMUM_WINTER_NOMINAL_CURRENT,CHANGED
lines,LINE:003261,max_i_ka,0.4416,0.544,CHANGED
lines,LINE:003261,seasonal_rating_status,WINTER_DYNAMIC_AMBIENT_TEMPERATURE_RATING_APPLIED,DIRECT_PDIRD_WINTER_NOMINAL_CURRENT_APPLIED,CHANGED
lines,LINE:003267,parameter_source,"E-REDES PDIRD-E 2020 Annex B, 31-12-2025 planning table",https://www.e-redes.pt/sites/eredes/files/2022-07/PDIRD-E%202020%20proposta%20final.pdf,CHANGED
lines,LINE:003267,max_i_status,DIRECT_PDIRD_MINIMUM_SUMMER_NOMINAL_CURRENT,DIRECT_PDIRD_MINIMUM_WINTER_NOMINAL_CURRENT,CHANGED
lines,LINE:003267,max_i_ka,0.49565,0.615,CHANGED
lines,LINE:003267,seasonal_rating_status,WINTER_DYNAMIC_AMBIENT_TEMPERATURE_RATING_APPLIED,DIRECT_PDIRD_WINTER_NOMINAL_CURRENT_APPLIED,CHANGED
lines,LINE:003268,parameter_source,"E-REDES PDIRD-E 2020 Annex B, 31-12-2025 planning table",https://www.e-redes.pt/sites/eredes/files/2022-07/PDIRD-E%202020%20proposta%20final.pdf,CHANGED
lines,LINE:003268,max_i_status,DIRECT_PDIRD_MINIMUM_SUMMER_NOMINAL_CURRENT,DIRECT_PDIRD_MINIMUM_WINTER_NOMINAL_CURRENT,CHANGED
lines,LINE:003268,max_i_ka,0.49565,0.615,CHANGED
lines,LINE:003268,seasonal_rating_status,WINTER_DYNAMIC_AMBIENT_TEMPERATURE_RATING_APPLIED,DIRECT_PDIRD_WINTER_NOMINAL_CURRENT_APPLIED,CHANGED
lines,LINE:003269,parameter_source,"E-REDES PDIRD-E 2020 Annex B, 31-12-2025 planning table",https://www.e-redes.pt/sites/eredes/files/2022-07/PDIRD-E%202020%20proposta%20final.pdf,CHANGED
lines,LINE:003269,max_i_status,DIRECT_PDIRD_MINIMUM_SUMMER_NOMINAL_CURRENT,DIRECT_PDIRD_MINIMUM_WINTER_NOMINAL_CURRENT,CHANGED
lines,LINE:003269,max_i_ka,0.23919999999999997,0.285,CHANGED
lines,LINE:003269,seasonal_rating_status,WINTER_DYNAMIC_AMBIENT_TEMPERATURE_RATING_APPLIED,DIRECT_PDIRD_WINTER_NOMINAL_CURRENT_APPLIED,CHANGED
lines,LINE:003270,parameter_source,"E-REDES PDIRD-E 2020 Annex B, 31-12-2025 planning table",https://www.e-redes.pt/sites/eredes/files/2022-07/PDIRD-E%202020%20proposta%20final.pdf,CHANGED
lines,LINE:003270,max_i_status,DIRECT_PDIRD_MINIMUM_SUMMER_NOMINAL_CURRENT,DIRECT_PDIRD_MINIMUM_WINTER_NOMINAL_CURRENT,CHANGED
lines,LINE:003270,max_i_ka,0.23919999999999997,0.285,CHANGED
lines,LINE:003270,seasonal_rating_status,WINTER_DYNAMIC_AMBIENT_TEMPERATURE_RATING_APPLIED,DIRECT_PDIRD_WINTER_NOMINAL_CURRENT_APPLIED,CHANGED
lines,LINE:003278,parameter_source,"E-REDES PDIRD-E 2020 Annex B, 31-12-2025 planning table",https://www.e-redes.pt/sites/eredes/files/2022-07/PDIRD-E%202020%20proposta%20final.pdf,CHANGED
lines,LINE:003278,max_i_status,DIRECT_PDIRD_MINIMUM_SUMMER_NOMINAL_CURRENT,DIRECT_PDIRD_MINIMUM_WINTER_NOMINAL_CURRENT,CHANGED
lines,LINE:003278,max_i_ka,0.8337499999999999,0.899,CHANGED
lines,LINE:003278,seasonal_rating_status,WINTER_DYNAMIC_AMBIENT_TEMPERATURE_RATING_APPLIED,DIRECT_PDIRD_WINTER_NOMINAL_CURRENT_APPLIED,CHANGED
lines,LINE:003283,parameter_source,"E-REDES PDIRD-E 2020 Annex B, 31-12-2025 planning table",https://www.e-redes.pt/sites/eredes/files/2022-07/PDIRD-E%202020%20proposta%20final.pdf,CHANGED
lines,LINE:003283,max_i_status,DIRECT_PDIRD_MINIMUM_SUMMER_NOMINAL_CURRENT,DIRECT_PDIRD_MINIMUM_WINTER_NOMINAL_CURRENT,CHANGED
lines,LINE:003283,max_i_ka,0.7566999999999999,0.921,CHANGED
lines,LINE:003283,seasonal_rating_status,WINTER_DYNAMIC_AMBIENT_TEMPERATURE_RATING_APPLIED,DIRECT_PDIRD_WINTER_NOMINAL_CURRENT_APPLIED,CHANGED
lines,LINE:003286,parameter_source,"E-REDES PDIRD-E 2020 Annex B, 31-12-2025 planning table",https://www.e-redes.pt/sites/eredes/files/2022-07/PDIRD-E%202020%20proposta%20final.pdf,CHANGED
lines,LINE:003286,max_i_status,DIRECT_PDIRD_MINIMUM_SUMMER_NOMINAL_CURRENT,DIRECT_PDIRD_MINIMUM_WINTER_NOMINAL_CURRENT,CHANGED
lines,LINE:003286,max_i_ka,0.30015,0.362,CHANGED
lines,LINE:003286,seasonal_rating_status,WINTER_DYNAMIC_AMBIENT_TEMPERATURE_RATING_APPLIED,DIRECT_PDIRD_WINTER_NOMINAL_CURRENT_APPLIED,CHANGED
lines,LINE:003287,parameter_source,"E-REDES PDIRD-E 2020 Annex B, 31-12-2025 planning table",https://www.e-redes.pt/sites/eredes/files/2022-07/PDIRD-E%202020%20proposta%20final.pdf,CHANGED
lines,LINE:003287,max_i_status,DIRECT_PDIRD_MINIMUM_SUMMER_NOMINAL_CURRENT,DIRECT_PDIRD_MINIMUM_WINTER_NOMINAL_CURRENT,CHANGED
lines,LINE:003287,max_i_ka,0.30015,0.362,CHANGED
lines,LINE:003287,seasonal_rating_status,WINTER_DYNAMIC_AMBIENT_TEMPERATURE_RATING_APPLIED,DIRECT_PDIRD_WINTER_NOMINAL_CURRENT_APPLIED,CHANGED
lines,LINE:003288,parameter_source,"E-REDES PDIRD-E 2020 Annex B, 31-12-2025 planning table",https://www.e-redes.pt/sites/eredes/files/2022-07/PDIRD-E%202020%20proposta%20final.pdf,CHANGED
lines,LINE:003288,max_i_status,DIRECT_PDIRD_MINIMUM_SUMMER_NOMINAL_CURRENT,DIRECT_PDIRD_MINIMUM_WINTER_NOMINAL_CURRENT,CHANGED
lines,LINE:003288,max_i_ka,0.6969,0.686,CHANGED
lines,LINE:003288,seasonal_rating_status,WINTER_DYNAMIC_AMBIENT_TEMPERATURE_RATING_APPLIED,DIRECT_PDIRD_WINTER_NOMINAL_CURRENT_APPLIED,CHANGED
lines,LINE:003289,parameter_source,"E-REDES PDIRD-E 2020 Annex B, 31-12-2025 planning table",https://www.e-redes.pt/sites/eredes/files/2022-07/PDIRD-E%202020%20proposta%20final.pdf,CHANGED
lines,LINE:003289,max_i_status,DIRECT_PDIRD_MINIMUM_SUMMER_NOMINAL_CURRENT,DIRECT_PDIRD_MINIMUM_WINTER_NOMINAL_CURRENT,CHANGED
lines,LINE:003289,max_i_ka,0.30015,0.362,CHANGED
lines,LINE:003289,seasonal_rating_status,WINTER_DYNAMIC_AMBIENT_TEMPERATURE_RATING_APPLIED,DIRECT_PDIRD_WINTER_NOMINAL_CURRENT_APPLIED,CHANGED
lines,LINE:003290,parameter_source,"E-REDES PDIRD-E 2020 Annex B, 31-12-2025 planning table",https://www.e-redes.pt/sites/eredes/files/2022-07/PDIRD-E%202020%20proposta%20final.pdf,CHANGED
lines,LINE:003290,max_i_status,DIRECT_PDIRD_MINIMUM_SUMMER_NOMINAL_CURRENT,DIRECT_PDIRD_MINIMUM_WINTER_NOMINAL_CURRENT,CHANGED
lines,LINE:003290,max_i_ka,0.30015,0.362,CHANGED
lines,LINE:003290,seasonal_rating_status,WINTER_DYNAMIC_AMBIENT_TEMPERATURE_RATING_APPLIED,DIRECT_PDIRD_WINTER_NOMINAL_CURRENT_APPLIED,CHANGED
lines,LINE:003291,parameter_source,"E-REDES PDIRD-E 2020 Annex B, 31-12-2025 planning table",https://www.e-redes.pt/sites/eredes/files/2022-07/PDIRD-E%202020%20proposta%20final.pdf,CHANGED
lines,LINE:003291,max_i_status,DIRECT_PDIRD_MINIMUM_SUMMER_NOMINAL_CURRENT,DIRECT_PDIRD_MINIMUM_WINTER_NOMINAL_CURRENT,CHANGED
lines,LINE:003291,max_i_ka,0.30015,0.362,CHANGED
lines,LINE:003291,seasonal_rating_status,WINTER_DYNAMIC_AMBIENT_TEMPERATURE_RATING_APPLIED,DIRECT_PDIRD_WINTER_NOMINAL_CURRENT_APPLIED,CHANGED
lines,LINE:003297,parameter_source,"E-REDES PDIRD-E 2020 Annex B, 31-12-2025 planning table",https://www.e-redes.pt/sites/eredes/files/2022-07/PDIRD-E%202020%20proposta%20final.pdf,CHANGED
lines,LINE:003297,max_i_status,DIRECT_PDIRD_MINIMUM_SUMMER_NOMINAL_CURRENT,DIRECT_PDIRD_MINIMUM_WINTER_NOMINAL_CURRENT,CHANGED
lines,LINE:003297,max_i_ka,0.34384999999999993,0.417,CHANGED
lines,LINE:003297,seasonal_rating_status,WINTER_DYNAMIC_AMBIENT_TEMPERATURE_RATING_APPLIED,DIRECT_PDIRD_WINTER_NOMINAL_CURRENT_APPLIED,CHANGED
lines,LINE:003298,parameter_source,"E-REDES PDIRD-E 2020 Annex B, 31-12-2025 planning table",https://www.e-redes.pt/sites/eredes/files/2022-07/PDIRD-E%202020%20proposta%20final.pdf,CHANGED
lines,LINE:003298,max_i_status,DIRECT_PDIRD_MINIMUM_SUMMER_NOMINAL_CURRENT,DIRECT_PDIRD_MINIMUM_WINTER_NOMINAL_CURRENT,CHANGED
lines,LINE:003298,max_i_ka,0.34384999999999993,0.417,CHANGED
lines,LINE:003298,seasonal_rating_status,WINTER_DYNAMIC_AMBIENT_TEMPERATURE_RATING_APPLIED,DIRECT_PDIRD_WINTER_NOMINAL_CURRENT_APPLIED,CHANGED
lines,LINE:003299,parameter_source,"E-REDES PDIRD-E 2020 Annex B, 31-12-2025 planning table",https://www.e-redes.pt/sites/eredes/files/2022-07/PDIRD-E%202020%20proposta%20final.pdf,CHANGED
lines,LINE:003299,max_i_status,DIRECT_PDIRD_MINIMUM_SUMMER_NOMINAL_CURRENT,DIRECT_PDIRD_MINIMUM_WINTER_NOMINAL_CURRENT,CHANGED
lines,LINE:003299,max_i_ka,0.34384999999999993,0.417,CHANGED
lines,LINE:003299,seasonal_rating_status,WINTER_DYNAMIC_AMBIENT_TEMPERATURE_RATING_APPLIED,DIRECT_PDIRD_WINTER_NOMINAL_CURRENT_APPLIED,CHANGED
lines,LINE:003300,parameter_source,"E-REDES PDIRD-E 2020 Annex B, 31-12-2025 planning table",https://www.e-redes.pt/sites/eredes/files/2022-07/PDIRD-E%202020%20proposta%20final.pdf,CHANGED
lines,LINE:003300,max_i_status,DIRECT_PDIRD_MINIMUM_SUMMER_NOMINAL_CURRENT,DIRECT_PDIRD_MINIMUM_WINTER_NOMINAL_CURRENT,CHANGED
lines,LINE:003300,max_i_ka,0.30015,0.362,CHANGED
lines,LINE:003300,seasonal_rating_status,WINTER_DYNAMIC_AMBIENT_TEMPERATURE_RATING_APPLIED,DIRECT_PDIRD_WINTER_NOMINAL_CURRENT_APPLIED,CHANGED
lines,LINE:003303,parameter_source,"E-REDES PDIRD-E 2020 Annex B, 31-12-2025 planning table",https://www.e-redes.pt/sites/eredes/files/2022-07/PDIRD-E%202020%20proposta%20final.pdf,CHANGED
lines,LINE:003303,max_i_status,DIRECT_PDIRD_MINIMUM_SUMMER_NOMINAL_CURRENT,DIRECT_PDIRD_MINIMUM_WINTER_NOMINAL_CURRENT,CHANGED
lines,LINE:003303,max_i_ka,0.7566999999999999,0.921,CHANGED
lines,LINE:003303,seasonal_rating_status,WINTER_DYNAMIC_AMBIENT_TEMPERATURE_RATING_APPLIED,DIRECT_PDIRD_WINTER_NOMINAL_CURRENT_APPLIED,CHANGED
lines,LINE:003304,parameter_source,"E-REDES PDIRD-E 2020 Annex B, 31-12-2025 planning table",https://www.e-redes.pt/sites/eredes/files/2022-07/PDIRD-E%202020%20proposta%20final.pdf,CHANGED
lines,LINE:003304,max_i_status,DIRECT_PDIRD_MINIMUM_SUMMER_NOMINAL_CURRENT,DIRECT_PDIRD_MINIMUM_WINTER_NOMINAL_CURRENT,CHANGED
lines,LINE:003304,max_i_ka,0.23919999999999997,0.285,CHANGED
lines,LINE:003304,seasonal_rating_status,WINTER_DYNAMIC_AMBIENT_TEMPERATURE_RATING_APPLIED,DIRECT_PDIRD_WINTER_NOMINAL_CURRENT_APPLIED,CHANGED
lines,LINE:003305,parameter_source,"E-REDES PDIRD-E 2020 Annex B, 31-12-2025 planning table",https://www.e-redes.pt/sites/eredes/files/2022-07/PDIRD-E%202020%20proposta%20final.pdf,CHANGED
lines,LINE:003305,max_i_status,DIRECT_PDIRD_MINIMUM_SUMMER_NOMINAL_CURRENT,DIRECT_PDIRD_MINIMUM_WINTER_NOMINAL_CURRENT,CHANGED
lines,LINE:003305,max_i_ka,0.7566999999999999,0.921,CHANGED
lines,LINE:003305,seasonal_rating_status,WINTER_DYNAMIC_AMBIENT_TEMPERATURE_RATING_APPLIED,DIRECT_PDIRD_WINTER_NOMINAL_CURRENT_APPLIED,CHANGED
lines,LINE:003316,parameter_source,"E-REDES PDIRD-E 2020 Annex B, 31-12-2025 planning table",https://www.e-redes.pt/sites/eredes/files/2022-07/PDIRD-E%202020%20proposta%20final.pdf,CHANGED
lines,LINE:003316,max_i_status,DIRECT_PDIRD_MINIMUM_SUMMER_NOMINAL_CURRENT,DIRECT_PDIRD_MINIMUM_WINTER_NOMINAL_CURRENT,CHANGED
lines,LINE:003316,max_i_ka,0.4416,0.544,CHANGED
lines,LINE:003316,seasonal_rating_status,WINTER_DYNAMIC_AMBIENT_TEMPERATURE_RATING_APPLIED,DIRECT_PDIRD_WINTER_NOMINAL_CURRENT_APPLIED,CHANGED
lines,LINE:003318,parameter_source,"E-REDES PDIRD-E 2020 Annex B, 31-12-2025 planning table",https://www.e-redes.pt/sites/eredes/files/2022-07/PDIRD-E%202020%20proposta%20final.pdf,CHANGED
lines,LINE:003318,max_i_status,DIRECT_PDIRD_MINIMUM_SUMMER_NOMINAL_CURRENT,DIRECT_PDIRD_MINIMUM_WINTER_NOMINAL_CURRENT,CHANGED
lines,LINE:003318,max_i_ka,0.8337499999999999,0.899,CHANGED
lines,LINE:003318,seasonal_rating_status,WINTER_DYNAMIC_AMBIENT_TEMPERATURE_RATING_APPLIED,DIRECT_PDIRD_WINTER_NOMINAL_CURRENT_APPLIED,CHANGED
lines,LINE:003319,parameter_source,"E-REDES PDIRD-E 2020 Annex B, 31-12-2025 planning table",https://www.e-redes.pt/sites/eredes/files/2022-07/PDIRD-E%202020%20proposta%20final.pdf,CHANGED
lines,LINE:003319,max_i_status,DIRECT_PDIRD_MINIMUM_SUMMER_NOMINAL_CURRENT,DIRECT_PDIRD_MINIMUM_WINTER_NOMINAL_CURRENT,CHANGED
lines,LINE:003319,max_i_ka,0.6842499999999999,0.686,CHANGED
lines,LINE:003319,seasonal_rating_status,WINTER_DYNAMIC_AMBIENT_TEMPERATURE_RATING_APPLIED,DIRECT_PDIRD_WINTER_NOMINAL_CURRENT_APPLIED,CHANGED
lines,LINE:003326,parameter_status,PDIRD_CIRCUIT_PATH_MATCH_PARTIAL_SOURCE_BACKING,DIRECT_PDIRD_MINIMUM_WINTER_NOMINAL_CURRENT,CHANGED
lines,LINE:003326,parameter_source,"E-REDES PDIRD-E 2020 Annex B, 31-12-2025 planning table",https://www.e-redes.pt/sites/eredes/files/2022-07/PDIRD-E%202020%20proposta%20final.pdf,CHANGED
lines,LINE:003326,max_i_status,DIRECT_PDIRD_MINIMUM_SUMMER_NOMINAL_CURRENT,DIRECT_PDIRD_MINIMUM_WINTER_NOMINAL_CURRENT,CHANGED
lines,LINE:003326,max_i_ka,0.37834999999999996,0.46,CHANGED
lines,LINE:003326,parallel_status,SOURCE_CIRCUIT_FIELD_OR_SINGLE_CIRCUIT_DEFAULT,PUBLIC_SINGLE_CIRCUIT_INVENTORY,CHANGED
lines,LINE:003326,rating_override_status,NO_CORRIDOR_OVERRIDE,EXPLICIT_PUBLIC_INVENTORY_CORRECTION,CHANGED
lines,LINE:003326,seasonal_rating_status,WINTER_DYNAMIC_AMBIENT_TEMPERATURE_RATING_APPLIED,DIRECT_PDIRD_WINTER_NOMINAL_CURRENT_APPLIED,CHANGED
lines,LINE:003327,parameter_source,"E-REDES PDIRD-E 2020 Annex B, 31-12-2025 planning table",https://www.e-redes.pt/sites/eredes/files/2022-07/PDIRD-E%202020%20proposta%20final.pdf,CHANGED
lines,LINE:003327,max_i_status,DIRECT_PDIRD_MINIMUM_SUMMER_NOMINAL_CURRENT,DIRECT_PDIRD_MINIMUM_WINTER_NOMINAL_CURRENT,CHANGED
lines,LINE:003327,max_i_ka,0.30015,0.362,CHANGED
lines,LINE:003327,seasonal_rating_status,WINTER_DYNAMIC_AMBIENT_TEMPERATURE_RATING_APPLIED,DIRECT_PDIRD_WINTER_NOMINAL_CURRENT_APPLIED,CHANGED
lines,LINE:003328,parameter_source,"E-REDES PDIRD-E 2020 Annex B, 31-12-2025 planning table",https://www.e-redes.pt/sites/eredes/files/2022-07/PDIRD-E%202020%20proposta%20final.pdf,CHANGED
lines,LINE:003328,max_i_status,DIRECT_PDIRD_MINIMUM_SUMMER_NOMINAL_CURRENT,DIRECT_PDIRD_MINIMUM_WINTER_NOMINAL_CURRENT,CHANGED
lines,LINE:003328,max_i_ka,0.4416,0.544,CHANGED
lines,LINE:003328,seasonal_rating_status,WINTER_DYNAMIC_AMBIENT_TEMPERATURE_RATING_APPLIED,DIRECT_PDIRD_WINTER_NOMINAL_CURRENT_APPLIED,CHANGED
lines,LINE:003329,parameter_source,"E-REDES PDIRD-E 2020 Annex B, 31-12-2025 planning table",https://www.e-redes.pt/sites/eredes/files/2022-07/PDIRD-E%202020%20proposta%20final.pdf,CHANGED
lines,LINE:003329,max_i_status,DIRECT_PDIRD_MINIMUM_SUMMER_NOMINAL_CURRENT,DIRECT_PDIRD_MINIMUM_WINTER_NOMINAL_CURRENT,CHANGED
lines,LINE:003329,max_i_ka,0.37834999999999996,0.46,CHANGED
lines,LINE:003329,seasonal_rating_status,WINTER_DYNAMIC_AMBIENT_TEMPERATURE_RATING_APPLIED,DIRECT_PDIRD_WINTER_NOMINAL_CURRENT_APPLIED,CHANGED
lines,LINE:003333,parameter_source,"E-REDES PDIRD-E 2020 Annex B, 31-12-2025 planning table",https://www.e-redes.pt/sites/eredes/files/2022-07/PDIRD-E%202020%20proposta%20final.pdf,CHANGED
lines,LINE:003333,max_i_status,DIRECT_PDIRD_MINIMUM_SUMMER_NOMINAL_CURRENT,DIRECT_PDIRD_MINIMUM_WINTER_NOMINAL_CURRENT,CHANGED
lines,LINE:003333,max_i_ka,0.6014499999999999,0.686,CHANGED
lines,LINE:003333,seasonal_rating_status,WINTER_DYNAMIC_AMBIENT_TEMPERATURE_RATING_APPLIED,DIRECT_PDIRD_WINTER_NOMINAL_CURRENT_APPLIED,CHANGED
lines,LINE:003337,parameter_source,"E-REDES PDIRD-E 2020 Annex B, 31-12-2025 planning table",https://www.e-redes.pt/sites/eredes/files/2022-07/PDIRD-E%202020%20proposta%20final.pdf,CHANGED
lines,LINE:003337,max_i_status,DIRECT_PDIRD_MINIMUM_SUMMER_NOMINAL_CURRENT,DIRECT_PDIRD_MINIMUM_WINTER_NOMINAL_CURRENT,CHANGED
lines,LINE:003337,max_i_ka,0.37834999999999996,0.46,CHANGED
lines,LINE:003337,seasonal_rating_status,WINTER_DYNAMIC_AMBIENT_TEMPERATURE_RATING_APPLIED,DIRECT_PDIRD_WINTER_NOMINAL_CURRENT_APPLIED,CHANGED
lines,LINE:003339,parameter_source,"E-REDES PDIRD-E 2020 Annex B, 31-12-2025 planning table",https://www.e-redes.pt/sites/eredes/files/2022-07/PDIRD-E%202020%20proposta%20final.pdf,CHANGED
lines,LINE:003339,max_i_status,DIRECT_PDIRD_MINIMUM_SUMMER_NOMINAL_CURRENT,DIRECT_PDIRD_MINIMUM_WINTER_NOMINAL_CURRENT,CHANGED
lines,LINE:003339,max_i_ka,0.37834999999999996,0.46,CHANGED
lines,LINE:003339,seasonal_rating_status,WINTER_DYNAMIC_AMBIENT_TEMPERATURE_RATING_APPLIED,DIRECT_PDIRD_WINTER_NOMINAL_CURRENT_APPLIED,CHANGED
lines,LINE:003340,parameter_source,"E-REDES PDIRD-E 2020 Annex B, 31-12-2025 planning table",https://www.e-redes.pt/sites/eredes/files/2022-07/PDIRD-E%202020%20proposta%20final.pdf,CHANGED
lines,LINE:003340,max_i_status,DIRECT_PDIRD_MINIMUM_SUMMER_NOMINAL_CURRENT,DIRECT_PDIRD_MINIMUM_WINTER_NOMINAL_CURRENT,CHANGED
lines,LINE:003340,max_i_ka,0.6842499999999999,0.686,CHANGED
lines,LINE:003340,seasonal_rating_status,WINTER_DYNAMIC_AMBIENT_TEMPERATURE_RATING_APPLIED,DIRECT_PDIRD_WINTER_NOMINAL_CURRENT_APPLIED,CHANGED
lines,LINE:003341,parameter_source,"E-REDES PDIRD-E 2020 Annex B, 31-12-2025 planning table",https://www.e-redes.pt/sites/eredes/files/2022-07/PDIRD-E%202020%20proposta%20final.pdf,CHANGED
lines,LINE:003341,max_i_status,DIRECT_PDIRD_MINIMUM_SUMMER_NOMINAL_CURRENT,DIRECT_PDIRD_MINIMUM_WINTER_NOMINAL_CURRENT,CHANGED
lines,LINE:003341,max_i_ka,0.6842499999999999,0.686,CHANGED
lines,LINE:003341,seasonal_rating_status,WINTER_DYNAMIC_AMBIENT_TEMPERATURE_RATING_APPLIED,DIRECT_PDIRD_WINTER_NOMINAL_CURRENT_APPLIED,CHANGED
lines,LINE:003343,parameter_source,"E-REDES PDIRD-E 2020 Annex B, 31-12-2025 planning table",https://www.e-redes.pt/sites/eredes/files/2022-07/PDIRD-E%202020%20proposta%20final.pdf,CHANGED
lines,LINE:003343,max_i_status,DIRECT_PDIRD_MINIMUM_SUMMER_NOMINAL_CURRENT,DIRECT_PDIRD_MINIMUM_WINTER_NOMINAL_CURRENT,CHANGED
lines,LINE:003343,max_i_ka,0.4416,0.544,CHANGED
lines,LINE:003343,seasonal_rating_status,WINTER_DYNAMIC_AMBIENT_TEMPERATURE_RATING_APPLIED,DIRECT_PDIRD_WINTER_NOMINAL_CURRENT_APPLIED,CHANGED
lines,LINE:003345,parameter_source,"E-REDES PDIRD-E 2020 Annex B, 31-12-2025 planning table",https://www.e-redes.pt/sites/eredes/files/2022-07/PDIRD-E%202020%20proposta%20final.pdf,CHANGED
lines,LINE:003345,max_i_status,DIRECT_PDIRD_MINIMUM_SUMMER_NOMINAL_CURRENT,DIRECT_PDIRD_MINIMUM_WINTER_NOMINAL_CURRENT,CHANGED
lines,LINE:003345,max_i_ka,0.6014499999999999,0.686,CHANGED
lines,LINE:003345,seasonal_rating_status,WINTER_DYNAMIC_AMBIENT_TEMPERATURE_RATING_APPLIED,DIRECT_PDIRD_WINTER_NOMINAL_CURRENT_APPLIED,CHANGED
lines,LINE:003346,parameter_source,"E-REDES PDIRD-E 2020 Annex B, 31-12-2025 planning table",https://www.e-redes.pt/sites/eredes/files/2022-07/PDIRD-E%202020%20proposta%20final.pdf,CHANGED
lines,LINE:003346,max_i_status,DIRECT_PDIRD_MINIMUM_SUMMER_NOMINAL_CURRENT,DIRECT_PDIRD_MINIMUM_WINTER_NOMINAL_CURRENT,CHANGED
lines,LINE:003346,max_i_ka,0.6014499999999999,0.686,CHANGED
lines,LINE:003346,seasonal_rating_status,WINTER_DYNAMIC_AMBIENT_TEMPERATURE_RATING_APPLIED,DIRECT_PDIRD_WINTER_NOMINAL_CURRENT_APPLIED,CHANGED
lines,LINE:003347,parameter_source,"E-REDES PDIRD-E 2020 Annex B, 31-12-2025 planning table",https://www.e-redes.pt/sites/eredes/files/2022-07/PDIRD-E%202020%20proposta%20final.pdf,CHANGED
lines,LINE:003347,max_i_status,DIRECT_PDIRD_MINIMUM_SUMMER_NOMINAL_CURRENT,DIRECT_PDIRD_MINIMUM_WINTER_NOMINAL_CURRENT,CHANGED
lines,LINE:003347,max_i_ka,0.6014499999999999,0.723,CHANGED
lines,LINE:003347,seasonal_rating_status,WINTER_DYNAMIC_AMBIENT_TEMPERATURE_RATING_APPLIED,DIRECT_PDIRD_WINTER_NOMINAL_CURRENT_APPLIED,CHANGED
lines,LINE:003348,parameter_source,"E-REDES PDIRD-E 2020 Annex B, 31-12-2025 planning table",https://www.e-redes.pt/sites/eredes/files/2022-07/PDIRD-E%202020%20proposta%20final.pdf,CHANGED
lines,LINE:003348,max_i_status,DIRECT_PDIRD_MINIMUM_SUMMER_NOMINAL_CURRENT,DIRECT_PDIRD_MINIMUM_WINTER_NOMINAL_CURRENT,CHANGED
lines,LINE:003348,max_i_ka,0.30015,0.362,CHANGED
lines,LINE:003348,seasonal_rating_status,WINTER_DYNAMIC_AMBIENT_TEMPERATURE_RATING_APPLIED,DIRECT_PDIRD_WINTER_NOMINAL_CURRENT_APPLIED,CHANGED
lines,LINE:003352,parameter_source,"E-REDES PDIRD-E 2020 Annex B, 31-12-2025 planning table",https://www.e-redes.pt/sites/eredes/files/2022-07/PDIRD-E%202020%20proposta%20final.pdf,CHANGED
lines,LINE:003352,max_i_status,DIRECT_PDIRD_MINIMUM_SUMMER_NOMINAL_CURRENT,DIRECT_PDIRD_MINIMUM_WINTER_NOMINAL_CURRENT,CHANGED
lines,LINE:003352,max_i_ka,0.6014499999999999,0.686,CHANGED
lines,LINE:003352,seasonal_rating_status,WINTER_DYNAMIC_AMBIENT_TEMPERATURE_RATING_APPLIED,DIRECT_PDIRD_WINTER_NOMINAL_CURRENT_APPLIED,CHANGED
lines,LINE:003353,parameter_source,"E-REDES PDIRD-E 2020 Annex B, 31-12-2025 planning table",https://www.e-redes.pt/sites/eredes/files/2022-07/PDIRD-E%202020%20proposta%20final.pdf,CHANGED
lines,LINE:003353,max_i_status,DIRECT_PDIRD_MINIMUM_SUMMER_NOMINAL_CURRENT,DIRECT_PDIRD_MINIMUM_WINTER_NOMINAL_CURRENT,CHANGED
lines,LINE:003353,max_i_ka,0.30015,0.362,CHANGED
lines,LINE:003353,seasonal_rating_status,WINTER_DYNAMIC_AMBIENT_TEMPERATURE_RATING_APPLIED,DIRECT_PDIRD_WINTER_NOMINAL_CURRENT_APPLIED,CHANGED
lines,LINE:003358,parameter_source,"E-REDES PDIRD-E 2020 Annex B, 31-12-2025 planning table",https://www.e-redes.pt/sites/eredes/files/2022-07/PDIRD-E%202020%20proposta%20final.pdf,CHANGED
lines,LINE:003358,max_i_status,DIRECT_PDIRD_MINIMUM_SUMMER_NOMINAL_CURRENT,DIRECT_PDIRD_MINIMUM_WINTER_NOMINAL_CURRENT,CHANGED
lines,LINE:003358,max_i_ka,0.35879999999999995,0.436,CHANGED
lines,LINE:003358,seasonal_rating_status,WINTER_DYNAMIC_AMBIENT_TEMPERATURE_RATING_APPLIED,DIRECT_PDIRD_WINTER_NOMINAL_CURRENT_APPLIED,CHANGED
lines,LINE:003366,parameter_source,"E-REDES PDIRD-E 2020 Annex B, 31-12-2025 planning table",https://www.e-redes.pt/sites/eredes/files/2022-07/PDIRD-E%202020%20proposta%20final.pdf,CHANGED
lines,LINE:003366,max_i_status,DIRECT_PDIRD_MINIMUM_SUMMER_NOMINAL_CURRENT,DIRECT_PDIRD_MINIMUM_WINTER_NOMINAL_CURRENT,CHANGED
lines,LINE:003366,max_i_ka,0.6969,0.686,CHANGED
lines,LINE:003366,seasonal_rating_status,WINTER_DYNAMIC_AMBIENT_TEMPERATURE_RATING_APPLIED,DIRECT_PDIRD_WINTER_NOMINAL_CURRENT_APPLIED,CHANGED
lines,LINE:003369,parameter_source,"E-REDES PDIRD-E 2020 Annex B, 31-12-2025 planning table",https://www.e-redes.pt/sites/eredes/files/2022-07/PDIRD-E%202020%20proposta%20final.pdf,CHANGED
lines,LINE:003369,max_i_status,DIRECT_PDIRD_MINIMUM_SUMMER_NOMINAL_CURRENT,DIRECT_PDIRD_MINIMUM_WINTER_NOMINAL_CURRENT,CHANGED
lines,LINE:003369,max_i_ka,1.3938,1.372,CHANGED
lines,LINE:003369,seasonal_rating_status,WINTER_DYNAMIC_AMBIENT_TEMPERATURE_RATING_APPLIED,DIRECT_PDIRD_WINTER_NOMINAL_CURRENT_APPLIED,CHANGED
lines,LINE:003373,parameter_source,"E-REDES PDIRD-E 2020 Annex B, 31-12-2025 planning table",https://www.e-redes.pt/sites/eredes/files/2022-07/PDIRD-E%202020%20proposta%20final.pdf,CHANGED
lines,LINE:003373,max_i_status,DIRECT_PDIRD_MINIMUM_SUMMER_NOMINAL_CURRENT,DIRECT_PDIRD_MINIMUM_WINTER_NOMINAL_CURRENT,CHANGED
lines,LINE:003373,max_i_ka,0.6969,0.686,CHANGED
lines,LINE:003373,seasonal_rating_status,WINTER_DYNAMIC_AMBIENT_TEMPERATURE_RATING_APPLIED,DIRECT_PDIRD_WINTER_NOMINAL_CURRENT_APPLIED,CHANGED
lines,LINE:003377,parameter_source,"E-REDES PDIRD-E 2020 Annex B, 31-12-2025 planning table",https://www.e-redes.pt/sites/eredes/files/2022-07/PDIRD-E%202020%20proposta%20final.pdf,CHANGED
lines,LINE:003377,max_i_status,DIRECT_PDIRD_MINIMUM_SUMMER_NOMINAL_CURRENT,DIRECT_PDIRD_MINIMUM_WINTER_NOMINAL_CURRENT,CHANGED
lines,LINE:003377,max_i_ka,0.6969,0.686,CHANGED
lines,LINE:003377,seasonal_rating_status,WINTER_DYNAMIC_AMBIENT_TEMPERATURE_RATING_APPLIED,DIRECT_PDIRD_WINTER_NOMINAL_CURRENT_APPLIED,CHANGED
lines,LINE:003379,parameter_source,"E-REDES PDIRD-E 2020 Annex B, 31-12-2025 planning table",https://www.e-redes.pt/sites/eredes/files/2022-07/PDIRD-E%202020%20proposta%20final.pdf,CHANGED
lines,LINE:003379,max_i_status,DIRECT_PDIRD_MINIMUM_SUMMER_NOMINAL_CURRENT,DIRECT_PDIRD_MINIMUM_WINTER_NOMINAL_CURRENT,CHANGED
lines,LINE:003379,max_i_ka,0.9223,0.902,CHANGED
lines,LINE:003379,seasonal_rating_status,WINTER_DYNAMIC_AMBIENT_TEMPERATURE_RATING_APPLIED,DIRECT_PDIRD_WINTER_NOMINAL_CURRENT_APPLIED,CHANGED
lines,LINE:003381,parameter_source,"E-REDES PDIRD-E 2020 Annex B, 31-12-2025 planning table",https://www.e-redes.pt/sites/eredes/files/2022-07/PDIRD-E%202020%20proposta%20final.pdf,CHANGED
lines,LINE:003381,max_i_status,DIRECT_PDIRD_MINIMUM_SUMMER_NOMINAL_CURRENT,DIRECT_PDIRD_MINIMUM_WINTER_NOMINAL_CURRENT,CHANGED
lines,LINE:003381,max_i_ka,0.6969,0.686,CHANGED
lines,LINE:003381,seasonal_rating_status,WINTER_DYNAMIC_AMBIENT_TEMPERATURE_RATING_APPLIED,DIRECT_PDIRD_WINTER_NOMINAL_CURRENT_APPLIED,CHANGED
lines,LINE:003389,parameter_source,"E-REDES PDIRD-E 2020 Annex B, 31-12-2025 planning table",https://www.e-redes.pt/sites/eredes/files/2022-07/PDIRD-E%202020%20proposta%20final.pdf,CHANGED
lines,LINE:003389,max_i_status,DIRECT_PDIRD_MINIMUM_SUMMER_NOMINAL_CURRENT,DIRECT_PDIRD_MINIMUM_WINTER_NOMINAL_CURRENT,CHANGED
lines,LINE:003389,max_i_ka,1.3938,1.372,CHANGED
lines,LINE:003389,seasonal_rating_status,WINTER_DYNAMIC_AMBIENT_TEMPERATURE_RATING_APPLIED,DIRECT_PDIRD_WINTER_NOMINAL_CURRENT_APPLIED,CHANGED
lines,LINE:003406,parameter_source,"E-REDES PDIRD-E 2020 Annex B, 31-12-2025 planning table",https://www.e-redes.pt/sites/eredes/files/2022-07/PDIRD-E%202020%20proposta%20final.pdf,CHANGED
lines,LINE:003406,max_i_status,DIRECT_PDIRD_MINIMUM_SUMMER_NOMINAL_CURRENT,DIRECT_PDIRD_MINIMUM_WINTER_NOMINAL_CURRENT,CHANGED
lines,LINE:003406,max_i_ka,0.6014499999999999,0.686,CHANGED
lines,LINE:003406,seasonal_rating_status,WINTER_DYNAMIC_AMBIENT_TEMPERATURE_RATING_APPLIED,DIRECT_PDIRD_WINTER_NOMINAL_CURRENT_APPLIED,CHANGED
lines,LINE:003407,parameter_source,"E-REDES PDIRD-E 2020 Annex B, 31-12-2025 planning table",https://www.e-redes.pt/sites/eredes/files/2022-07/PDIRD-E%202020%20proposta%20final.pdf,CHANGED
lines,LINE:003407,max_i_status,DIRECT_PDIRD_MINIMUM_SUMMER_NOMINAL_CURRENT,DIRECT_PDIRD_MINIMUM_WINTER_NOMINAL_CURRENT,CHANGED
lines,LINE:003407,max_i_ka,0.4416,0.544,CHANGED
lines,LINE:003407,seasonal_rating_status,WINTER_DYNAMIC_AMBIENT_TEMPERATURE_RATING_APPLIED,DIRECT_PDIRD_WINTER_NOMINAL_CURRENT_APPLIED,CHANGED
lines,LINE:003413,parameter_source,"E-REDES PDIRD-E 2020 Annex B, 31-12-2025 planning table",https://www.e-redes.pt/sites/eredes/files/2022-07/PDIRD-E%202020%20proposta%20final.pdf,CHANGED
lines,LINE:003413,max_i_status,DIRECT_PDIRD_MINIMUM_SUMMER_NOMINAL_CURRENT,DIRECT_PDIRD_MINIMUM_WINTER_NOMINAL_CURRENT,CHANGED
lines,LINE:003413,max_i_ka,0.4416,0.544,CHANGED
lines,LINE:003413,seasonal_rating_status,WINTER_DYNAMIC_AMBIENT_TEMPERATURE_RATING_APPLIED,DIRECT_PDIRD_WINTER_NOMINAL_CURRENT_APPLIED,CHANGED
lines,LINE:003414,parameter_source,"E-REDES PDIRD-E 2020 Annex B, 31-12-2025 planning table",https://www.e-redes.pt/sites/eredes/files/2022-07/PDIRD-E%202020%20proposta%20final.pdf,CHANGED
lines,LINE:003414,max_i_status,DIRECT_PDIRD_MINIMUM_SUMMER_NOMINAL_CURRENT,DIRECT_PDIRD_MINIMUM_WINTER_NOMINAL_CURRENT,CHANGED
lines,LINE:003414,max_i_ka,0.88435,1.089,CHANGED
lines,LINE:003414,seasonal_rating_status,WINTER_DYNAMIC_AMBIENT_TEMPERATURE_RATING_APPLIED,DIRECT_PDIRD_WINTER_NOMINAL_CURRENT_APPLIED,CHANGED
lines,LINE:003421,parameter_source,"E-REDES PDIRD-E 2020 Annex B, 31-12-2025 planning table",https://www.e-redes.pt/sites/eredes/files/2022-07/PDIRD-E%202020%20proposta%20final.pdf,CHANGED
lines,LINE:003421,max_i_status,DIRECT_PDIRD_MINIMUM_SUMMER_NOMINAL_CURRENT,DIRECT_PDIRD_MINIMUM_WINTER_NOMINAL_CURRENT,CHANGED
lines,LINE:003421,max_i_ka,0.68885,0.74,CHANGED
lines,LINE:003421,seasonal_rating_status,WINTER_DYNAMIC_AMBIENT_TEMPERATURE_RATING_APPLIED,DIRECT_PDIRD_WINTER_NOMINAL_CURRENT_APPLIED,CHANGED
lines,LINE:003423,parameter_source,"E-REDES PDIRD-E 2020 Annex B, 31-12-2025 planning table",https://www.e-redes.pt/sites/eredes/files/2022-07/PDIRD-E%202020%20proposta%20final.pdf,CHANGED
lines,LINE:003423,max_i_status,DIRECT_PDIRD_MINIMUM_SUMMER_NOMINAL_CURRENT,DIRECT_PDIRD_MINIMUM_WINTER_NOMINAL_CURRENT,CHANGED
lines,LINE:003423,max_i_ka,0.68885,0.74,CHANGED
lines,LINE:003423,seasonal_rating_status,WINTER_DYNAMIC_AMBIENT_TEMPERATURE_RATING_APPLIED,DIRECT_PDIRD_WINTER_NOMINAL_CURRENT_APPLIED,CHANGED
lines,LINE:003424,parameter_source,"E-REDES PDIRD-E 2020 Annex B, 31-12-2025 planning table",https://www.e-redes.pt/sites/eredes/files/2022-07/PDIRD-E%202020%20proposta%20final.pdf,CHANGED
lines,LINE:003424,max_i_status,DIRECT_PDIRD_MINIMUM_SUMMER_NOMINAL_CURRENT,DIRECT_PDIRD_MINIMUM_WINTER_NOMINAL_CURRENT,CHANGED
lines,LINE:003424,max_i_ka,0.68885,0.74,CHANGED
lines,LINE:003424,seasonal_rating_status,WINTER_DYNAMIC_AMBIENT_TEMPERATURE_RATING_APPLIED,DIRECT_PDIRD_WINTER_NOMINAL_CURRENT_APPLIED,CHANGED
lines,LINE:003425,parameter_source,"E-REDES PDIRD-E 2020 Annex B, 31-12-2025 planning table",https://www.e-redes.pt/sites/eredes/files/2022-07/PDIRD-E%202020%20proposta%20final.pdf,CHANGED
lines,LINE:003425,max_i_status,DIRECT_PDIRD_MINIMUM_SUMMER_NOMINAL_CURRENT,DIRECT_PDIRD_MINIMUM_WINTER_NOMINAL_CURRENT,CHANGED
lines,LINE:003425,max_i_ka,0.68885,0.74,CHANGED
lines,LINE:003425,seasonal_rating_status,WINTER_DYNAMIC_AMBIENT_TEMPERATURE_RATING_APPLIED,DIRECT_PDIRD_WINTER_NOMINAL_CURRENT_APPLIED,CHANGED
lines,LINE:003426,parameter_source,"E-REDES PDIRD-E 2020 Annex B, 31-12-2025 planning table",https://www.e-redes.pt/sites/eredes/files/2022-07/PDIRD-E%202020%20proposta%20final.pdf,CHANGED
lines,LINE:003426,max_i_status,DIRECT_PDIRD_MINIMUM_SUMMER_NOMINAL_CURRENT,DIRECT_PDIRD_MINIMUM_WINTER_NOMINAL_CURRENT,CHANGED
lines,LINE:003426,max_i_ka,0.68885,0.74,CHANGED
lines,LINE:003426,seasonal_rating_status,WINTER_DYNAMIC_AMBIENT_TEMPERATURE_RATING_APPLIED,DIRECT_PDIRD_WINTER_NOMINAL_CURRENT_APPLIED,CHANGED
lines,LINE:003427,parameter_source,"E-REDES PDIRD-E 2020 Annex B, 31-12-2025 planning table",https://www.e-redes.pt/sites/eredes/files/2022-07/PDIRD-E%202020%20proposta%20final.pdf,CHANGED
lines,LINE:003427,max_i_status,DIRECT_PDIRD_MINIMUM_SUMMER_NOMINAL_CURRENT,DIRECT_PDIRD_MINIMUM_WINTER_NOMINAL_CURRENT,CHANGED
lines,LINE:003427,max_i_ka,0.68885,0.74,CHANGED
lines,LINE:003427,seasonal_rating_status,WINTER_DYNAMIC_AMBIENT_TEMPERATURE_RATING_APPLIED,DIRECT_PDIRD_WINTER_NOMINAL_CURRENT_APPLIED,CHANGED
lines,LINE:003428,parameter_source,"E-REDES PDIRD-E 2020 Annex B, 31-12-2025 planning table",https://www.e-redes.pt/sites/eredes/files/2022-07/PDIRD-E%202020%20proposta%20final.pdf,CHANGED
lines,LINE:003428,max_i_status,DIRECT_PDIRD_MINIMUM_SUMMER_NOMINAL_CURRENT,DIRECT_PDIRD_MINIMUM_WINTER_NOMINAL_CURRENT,CHANGED
lines,LINE:003428,max_i_ka,0.68885,0.74,CHANGED
lines,LINE:003428,seasonal_rating_status,WINTER_DYNAMIC_AMBIENT_TEMPERATURE_RATING_APPLIED,DIRECT_PDIRD_WINTER_NOMINAL_CURRENT_APPLIED,CHANGED
lines,LINE:003429,parameter_source,"E-REDES PDIRD-E 2020 Annex B, 31-12-2025 planning table",https://www.e-redes.pt/sites/eredes/files/2022-07/PDIRD-E%202020%20proposta%20final.pdf,CHANGED
lines,LINE:003429,max_i_status,DIRECT_PDIRD_MINIMUM_SUMMER_NOMINAL_CURRENT,DIRECT_PDIRD_MINIMUM_WINTER_NOMINAL_CURRENT,CHANGED
lines,LINE:003429,max_i_ka,0.68885,0.74,CHANGED
lines,LINE:003429,seasonal_rating_status,WINTER_DYNAMIC_AMBIENT_TEMPERATURE_RATING_APPLIED,DIRECT_PDIRD_WINTER_NOMINAL_CURRENT_APPLIED,CHANGED
lines,LINE:003431,parameter_source,"E-REDES PDIRD-E 2020 Annex B, 31-12-2025 planning table",https://www.e-redes.pt/sites/eredes/files/2022-07/PDIRD-E%202020%20proposta%20final.pdf,CHANGED
lines,LINE:003431,max_i_status,DIRECT_PDIRD_MINIMUM_SUMMER_NOMINAL_CURRENT,DIRECT_PDIRD_MINIMUM_WINTER_NOMINAL_CURRENT,CHANGED
lines,LINE:003431,max_i_ka,0.4416,0.544,CHANGED
lines,LINE:003431,seasonal_rating_status,WINTER_DYNAMIC_AMBIENT_TEMPERATURE_RATING_APPLIED,DIRECT_PDIRD_WINTER_NOMINAL_CURRENT_APPLIED,CHANGED
lines,LINE:003435,parameter_source,"E-REDES PDIRD-E 2020 Annex B, 31-12-2025 planning table",https://www.e-redes.pt/sites/eredes/files/2022-07/PDIRD-E%202020%20proposta%20final.pdf,CHANGED
lines,LINE:003435,max_i_status,DIRECT_PDIRD_MINIMUM_SUMMER_NOMINAL_CURRENT,DIRECT_PDIRD_MINIMUM_WINTER_NOMINAL_CURRENT,CHANGED
lines,LINE:003435,max_i_ka,0.37834999999999996,0.46,CHANGED
lines,LINE:003435,seasonal_rating_status,WINTER_DYNAMIC_AMBIENT_TEMPERATURE_RATING_APPLIED,DIRECT_PDIRD_WINTER_NOMINAL_CURRENT_APPLIED,CHANGED
lines,LINE:003438,parameter_source,"E-REDES PDIRD-E 2020 Annex B, 31-12-2025 planning table",https://www.e-redes.pt/sites/eredes/files/2022-07/PDIRD-E%202020%20proposta%20final.pdf,CHANGED
lines,LINE:003438,max_i_status,DIRECT_PDIRD_MINIMUM_SUMMER_NOMINAL_CURRENT,DIRECT_PDIRD_MINIMUM_WINTER_NOMINAL_CURRENT,CHANGED
lines,LINE:003438,max_i_ka,0.88435,1.089,CHANGED
lines,LINE:003438,seasonal_rating_status,WINTER_DYNAMIC_AMBIENT_TEMPERATURE_RATING_APPLIED,DIRECT_PDIRD_WINTER_NOMINAL_CURRENT_APPLIED,CHANGED
lines,LINE:003457,parameter_source,"E-REDES PDIRD-E 2020 Annex B, 31-12-2025 planning table",https://www.e-redes.pt/sites/eredes/files/2022-07/PDIRD-E%202020%20proposta%20final.pdf,CHANGED
lines,LINE:003457,max_i_status,DIRECT_PDIRD_MINIMUM_SUMMER_NOMINAL_CURRENT,DIRECT_PDIRD_MINIMUM_WINTER_NOMINAL_CURRENT,CHANGED
lines,LINE:003457,max_i_ka,0.68885,0.74,CHANGED
lines,LINE:003457,seasonal_rating_status,WINTER_DYNAMIC_AMBIENT_TEMPERATURE_RATING_APPLIED,DIRECT_PDIRD_WINTER_NOMINAL_CURRENT_APPLIED,CHANGED
lines,LINE:003459,parameter_source,"E-REDES PDIRD-E 2020 Annex B, 31-12-2025 planning table",https://www.e-redes.pt/sites/eredes/files/2022-07/PDIRD-E%202020%20proposta%20final.pdf,CHANGED
lines,LINE:003459,max_i_status,DIRECT_PDIRD_MINIMUM_SUMMER_NOMINAL_CURRENT,DIRECT_PDIRD_MINIMUM_WINTER_NOMINAL_CURRENT,CHANGED
lines,LINE:003459,max_i_ka,0.68885,0.74,CHANGED
lines,LINE:003459,seasonal_rating_status,WINTER_DYNAMIC_AMBIENT_TEMPERATURE_RATING_APPLIED,DIRECT_PDIRD_WINTER_NOMINAL_CURRENT_APPLIED,CHANGED
lines,LINE:003460,parameter_source,"E-REDES PDIRD-E 2020 Annex B, 31-12-2025 planning table",https://www.e-redes.pt/sites/eredes/files/2022-07/PDIRD-E%202020%20proposta%20final.pdf,CHANGED
lines,LINE:003460,max_i_status,DIRECT_PDIRD_MINIMUM_SUMMER_NOMINAL_CURRENT,DIRECT_PDIRD_MINIMUM_WINTER_NOMINAL_CURRENT,CHANGED
lines,LINE:003460,max_i_ka,0.68885,0.74,CHANGED
lines,LINE:003460,seasonal_rating_status,WINTER_DYNAMIC_AMBIENT_TEMPERATURE_RATING_APPLIED,DIRECT_PDIRD_WINTER_NOMINAL_CURRENT_APPLIED,CHANGED
lines,LINE:003462,parameter_source,"E-REDES PDIRD-E 2020 Annex B, 31-12-2025 planning table",https://www.e-redes.pt/sites/eredes/files/2022-07/PDIRD-E%202020%20proposta%20final.pdf,CHANGED
lines,LINE:003462,max_i_status,DIRECT_PDIRD_MINIMUM_SUMMER_NOMINAL_CURRENT,DIRECT_PDIRD_MINIMUM_WINTER_NOMINAL_CURRENT,CHANGED
lines,LINE:003462,max_i_ka,0.7244999999999999,0.77,CHANGED
lines,LINE:003462,seasonal_rating_status,WINTER_DYNAMIC_AMBIENT_TEMPERATURE_RATING_APPLIED,DIRECT_PDIRD_WINTER_NOMINAL_CURRENT_APPLIED,CHANGED
lines,LINE:003464,parameter_source,"E-REDES PDIRD-E 2020 Annex B, 31-12-2025 planning table",https://www.e-redes.pt/sites/eredes/files/2022-07/PDIRD-E%202020%20proposta%20final.pdf,CHANGED
lines,LINE:003464,max_i_status,DIRECT_PDIRD_MINIMUM_SUMMER_NOMINAL_CURRENT,DIRECT_PDIRD_MINIMUM_WINTER_NOMINAL_CURRENT,CHANGED
lines,LINE:003464,max_i_ka,0.68885,0.74,CHANGED
lines,LINE:003464,seasonal_rating_status,WINTER_DYNAMIC_AMBIENT_TEMPERATURE_RATING_APPLIED,DIRECT_PDIRD_WINTER_NOMINAL_CURRENT_APPLIED,CHANGED
lines,LINE:003470,parameter_source,"E-REDES PDIRD-E 2020 Annex B, 31-12-2025 planning table",https://www.e-redes.pt/sites/eredes/files/2022-07/PDIRD-E%202020%20proposta%20final.pdf,CHANGED
lines,LINE:003470,max_i_status,DIRECT_PDIRD_MINIMUM_SUMMER_NOMINAL_CURRENT,DIRECT_PDIRD_MINIMUM_WINTER_NOMINAL_CURRENT,CHANGED
lines,LINE:003470,max_i_ka,0.68885,0.74,CHANGED
lines,LINE:003470,seasonal_rating_status,WINTER_DYNAMIC_AMBIENT_TEMPERATURE_RATING_APPLIED,DIRECT_PDIRD_WINTER_NOMINAL_CURRENT_APPLIED,CHANGED
lines,LINE:003476,parameter_source,"E-REDES PDIRD-E 2020 Annex B, 31-12-2025 planning table",https://www.e-redes.pt/sites/eredes/files/2022-07/PDIRD-E%202020%20proposta%20final.pdf,CHANGED
lines,LINE:003476,max_i_status,DIRECT_PDIRD_MINIMUM_SUMMER_NOMINAL_CURRENT,DIRECT_PDIRD_MINIMUM_WINTER_NOMINAL_CURRENT,CHANGED
lines,LINE:003476,max_i_ka,0.37834999999999996,0.461,CHANGED
lines,LINE:003476,seasonal_rating_status,WINTER_DYNAMIC_AMBIENT_TEMPERATURE_RATING_APPLIED,DIRECT_PDIRD_WINTER_NOMINAL_CURRENT_APPLIED,CHANGED
lines,LINE:003480,parameter_source,"E-REDES PDIRD-E 2020 Annex B, 31-12-2025 planning table",https://www.e-redes.pt/sites/eredes/files/2022-07/PDIRD-E%202020%20proposta%20final.pdf,CHANGED
lines,LINE:003480,max_i_status,DIRECT_PDIRD_MINIMUM_SUMMER_NOMINAL_CURRENT,DIRECT_PDIRD_MINIMUM_WINTER_NOMINAL_CURRENT,CHANGED
lines,LINE:003480,max_i_ka,0.37834999999999996,0.461,CHANGED
lines,LINE:003480,seasonal_rating_status,WINTER_DYNAMIC_AMBIENT_TEMPERATURE_RATING_APPLIED,DIRECT_PDIRD_WINTER_NOMINAL_CURRENT_APPLIED,CHANGED
lines,LINE:003481,parameter_source,"E-REDES PDIRD-E 2020 Annex B, 31-12-2025 planning table",https://www.e-redes.pt/sites/eredes/files/2022-07/PDIRD-E%202020%20proposta%20final.pdf,CHANGED
lines,LINE:003481,max_i_status,DIRECT_PDIRD_MINIMUM_SUMMER_NOMINAL_CURRENT,DIRECT_PDIRD_MINIMUM_WINTER_NOMINAL_CURRENT,CHANGED
lines,LINE:003481,max_i_ka,0.37834999999999996,0.461,CHANGED
lines,LINE:003481,seasonal_rating_status,WINTER_DYNAMIC_AMBIENT_TEMPERATURE_RATING_APPLIED,DIRECT_PDIRD_WINTER_NOMINAL_CURRENT_APPLIED,CHANGED
lines,LINE:003482,parameter_source,"E-REDES PDIRD-E 2020 Annex B, 31-12-2025 planning table",https://www.e-redes.pt/sites/eredes/files/2022-07/PDIRD-E%202020%20proposta%20final.pdf,CHANGED
lines,LINE:003482,max_i_status,DIRECT_PDIRD_MINIMUM_SUMMER_NOMINAL_CURRENT,DIRECT_PDIRD_MINIMUM_WINTER_NOMINAL_CURRENT,CHANGED
lines,LINE:003482,max_i_ka,0.37834999999999996,0.461,CHANGED
lines,LINE:003482,seasonal_rating_status,WINTER_DYNAMIC_AMBIENT_TEMPERATURE_RATING_APPLIED,DIRECT_PDIRD_WINTER_NOMINAL_CURRENT_APPLIED,CHANGED
lines,LINE:003483,parameter_source,"E-REDES PDIRD-E 2020 Annex B, 31-12-2025 planning table",https://www.e-redes.pt/sites/eredes/files/2022-07/PDIRD-E%202020%20proposta%20final.pdf,CHANGED
lines,LINE:003483,max_i_status,DIRECT_PDIRD_MINIMUM_SUMMER_NOMINAL_CURRENT,DIRECT_PDIRD_MINIMUM_WINTER_NOMINAL_CURRENT,CHANGED
lines,LINE:003483,max_i_ka,1.3938,1.372,CHANGED
lines,LINE:003483,seasonal_rating_status,WINTER_DYNAMIC_AMBIENT_TEMPERATURE_RATING_APPLIED,DIRECT_PDIRD_WINTER_NOMINAL_CURRENT_APPLIED,CHANGED
lines,LINE:003485,parameter_source,"E-REDES PDIRD-E 2020 Annex B, 31-12-2025 planning table",https://www.e-redes.pt/sites/eredes/files/2022-07/PDIRD-E%202020%20proposta%20final.pdf,CHANGED
lines,LINE:003485,max_i_status,DIRECT_PDIRD_MINIMUM_SUMMER_NOMINAL_CURRENT,DIRECT_PDIRD_MINIMUM_WINTER_NOMINAL_CURRENT,CHANGED
lines,LINE:003485,max_i_ka,0.4416,0.544,CHANGED
lines,LINE:003485,seasonal_rating_status,WINTER_DYNAMIC_AMBIENT_TEMPERATURE_RATING_APPLIED,DIRECT_PDIRD_WINTER_NOMINAL_CURRENT_APPLIED,CHANGED
lines,LINE:003486,parameter_source,"E-REDES PDIRD-E 2020 Annex B, 31-12-2025 planning table",https://www.e-redes.pt/sites/eredes/files/2022-07/PDIRD-E%202020%20proposta%20final.pdf,CHANGED
lines,LINE:003486,max_i_status,DIRECT_PDIRD_MINIMUM_SUMMER_NOMINAL_CURRENT,DIRECT_PDIRD_MINIMUM_WINTER_NOMINAL_CURRENT,CHANGED
lines,LINE:003486,max_i_ka,0.4416,0.544,CHANGED
lines,LINE:003486,seasonal_rating_status,WINTER_DYNAMIC_AMBIENT_TEMPERATURE_RATING_APPLIED,DIRECT_PDIRD_WINTER_NOMINAL_CURRENT_APPLIED,CHANGED
lines,LINE:003488,parameter_source,"E-REDES PDIRD-E 2020 Annex B, 31-12-2025 planning table",https://www.e-redes.pt/sites/eredes/files/2022-07/PDIRD-E%202020%20proposta%20final.pdf,CHANGED
lines,LINE:003488,max_i_status,DIRECT_PDIRD_MINIMUM_SUMMER_NOMINAL_CURRENT,DIRECT_PDIRD_MINIMUM_WINTER_NOMINAL_CURRENT,CHANGED
lines,LINE:003488,max_i_ka,0.6014499999999999,0.723,CHANGED
lines,LINE:003488,seasonal_rating_status,WINTER_DYNAMIC_AMBIENT_TEMPERATURE_RATING_APPLIED,DIRECT_PDIRD_WINTER_NOMINAL_CURRENT_APPLIED,CHANGED
lines,LINE:003489,parameter_source,"E-REDES PDIRD-E 2020 Annex B, 31-12-2025 planning table",https://www.e-redes.pt/sites/eredes/files/2022-07/PDIRD-E%202020%20proposta%20final.pdf,CHANGED
lines,LINE:003489,max_i_status,DIRECT_PDIRD_MINIMUM_SUMMER_NOMINAL_CURRENT,DIRECT_PDIRD_MINIMUM_WINTER_NOMINAL_CURRENT,CHANGED
lines,LINE:003489,max_i_ka,0.4416,0.544,CHANGED
lines,LINE:003489,seasonal_rating_status,WINTER_DYNAMIC_AMBIENT_TEMPERATURE_RATING_APPLIED,DIRECT_PDIRD_WINTER_NOMINAL_CURRENT_APPLIED,CHANGED
lines,LINE:003493,parameter_source,"E-REDES PDIRD-E 2020 Annex B, 31-12-2025 planning table",https://www.e-redes.pt/sites/eredes/files/2022-07/PDIRD-E%202020%20proposta%20final.pdf,CHANGED
lines,LINE:003493,max_i_status,DIRECT_PDIRD_MINIMUM_SUMMER_NOMINAL_CURRENT,DIRECT_PDIRD_MINIMUM_WINTER_NOMINAL_CURRENT,CHANGED
lines,LINE:003493,max_i_ka,0.4416,0.544,CHANGED
lines,LINE:003493,seasonal_rating_status,WINTER_DYNAMIC_AMBIENT_TEMPERATURE_RATING_APPLIED,DIRECT_PDIRD_WINTER_NOMINAL_CURRENT_APPLIED,CHANGED
lines,LINE:003515,parameter_source,"E-REDES PDIRD-E 2020 Annex B, 31-12-2025 planning table",https://www.e-redes.pt/sites/eredes/files/2022-07/PDIRD-E%202020%20proposta%20final.pdf,CHANGED
lines,LINE:003515,max_i_status,DIRECT_PDIRD_MINIMUM_SUMMER_NOMINAL_CURRENT,DIRECT_PDIRD_MINIMUM_WINTER_NOMINAL_CURRENT,CHANGED
lines,LINE:003515,max_i_ka,0.6969,0.686,CHANGED
lines,LINE:003515,seasonal_rating_status,WINTER_DYNAMIC_AMBIENT_TEMPERATURE_RATING_APPLIED,DIRECT_PDIRD_WINTER_NOMINAL_CURRENT_APPLIED,CHANGED
lines,LINE:003516,parameter_source,"E-REDES PDIRD-E 2020 Annex B, 31-12-2025 planning table",https://www.e-redes.pt/sites/eredes/files/2022-07/PDIRD-E%202020%20proposta%20final.pdf,CHANGED
lines,LINE:003516,max_i_status,DIRECT_PDIRD_MINIMUM_SUMMER_NOMINAL_CURRENT,DIRECT_PDIRD_MINIMUM_WINTER_NOMINAL_CURRENT,CHANGED
lines,LINE:003516,max_i_ka,0.5450999999999999,0.582,CHANGED
lines,LINE:003516,seasonal_rating_status,WINTER_DYNAMIC_AMBIENT_TEMPERATURE_RATING_APPLIED,DIRECT_PDIRD_WINTER_NOMINAL_CURRENT_APPLIED,CHANGED
lines,LINE:003518,parameter_source,"E-REDES PDIRD-E 2020 Annex B, 31-12-2025 planning table",https://www.e-redes.pt/sites/eredes/files/2022-07/PDIRD-E%202020%20proposta%20final.pdf,CHANGED
lines,LINE:003518,max_i_status,DIRECT_PDIRD_MINIMUM_SUMMER_NOMINAL_CURRENT,DIRECT_PDIRD_MINIMUM_WINTER_NOMINAL_CURRENT,CHANGED
lines,LINE:003518,max_i_ka,0.6969,0.686,CHANGED
lines,LINE:003518,seasonal_rating_status,WINTER_DYNAMIC_AMBIENT_TEMPERATURE_RATING_APPLIED,DIRECT_PDIRD_WINTER_NOMINAL_CURRENT_APPLIED,CHANGED
lines,LINE:003525,parameter_source,"E-REDES PDIRD-E 2020 Annex B, 31-12-2025 planning table",https://www.e-redes.pt/sites/eredes/files/2022-07/PDIRD-E%202020%20proposta%20final.pdf,CHANGED
lines,LINE:003525,max_i_status,DIRECT_PDIRD_MINIMUM_SUMMER_NOMINAL_CURRENT,DIRECT_PDIRD_MINIMUM_WINTER_NOMINAL_CURRENT,CHANGED
lines,LINE:003525,max_i_ka,0.32085,0.387,CHANGED
lines,LINE:003525,seasonal_rating_status,WINTER_DYNAMIC_AMBIENT_TEMPERATURE_RATING_APPLIED,DIRECT_PDIRD_WINTER_NOMINAL_CURRENT_APPLIED,CHANGED
lines,LINE:003526,parameter_source,"E-REDES PDIRD-E 2020 Annex B, 31-12-2025 planning table",https://www.e-redes.pt/sites/eredes/files/2022-07/PDIRD-E%202020%20proposta%20final.pdf,CHANGED
lines,LINE:003526,max_i_status,DIRECT_PDIRD_MINIMUM_SUMMER_NOMINAL_CURRENT,DIRECT_PDIRD_MINIMUM_WINTER_NOMINAL_CURRENT,CHANGED
lines,LINE:003526,max_i_ka,0.6969,0.686,CHANGED
lines,LINE:003526,seasonal_rating_status,WINTER_DYNAMIC_AMBIENT_TEMPERATURE_RATING_APPLIED,DIRECT_PDIRD_WINTER_NOMINAL_CURRENT_APPLIED,CHANGED
lines,LINE:003527,parameter_source,"E-REDES PDIRD-E 2020 Annex B, 31-12-2025 planning table",https://www.e-redes.pt/sites/eredes/files/2022-07/PDIRD-E%202020%20proposta%20final.pdf,CHANGED
lines,LINE:003527,max_i_status,DIRECT_PDIRD_MINIMUM_SUMMER_NOMINAL_CURRENT,DIRECT_PDIRD_MINIMUM_WINTER_NOMINAL_CURRENT,CHANGED
lines,LINE:003527,max_i_ka,0.4416,0.544,CHANGED
lines,LINE:003527,seasonal_rating_status,WINTER_DYNAMIC_AMBIENT_TEMPERATURE_RATING_APPLIED,DIRECT_PDIRD_WINTER_NOMINAL_CURRENT_APPLIED,CHANGED
lines,LINE:003529,parameter_source,"E-REDES PDIRD-E 2020 Annex B, 31-12-2025 planning table",https://www.e-redes.pt/sites/eredes/files/2022-07/PDIRD-E%202020%20proposta%20final.pdf,CHANGED
lines,LINE:003529,max_i_status,DIRECT_PDIRD_MINIMUM_SUMMER_NOMINAL_CURRENT,DIRECT_PDIRD_MINIMUM_WINTER_NOMINAL_CURRENT,CHANGED
lines,LINE:003529,max_i_ka,0.30015,0.362,CHANGED
lines,LINE:003529,seasonal_rating_status,WINTER_DYNAMIC_AMBIENT_TEMPERATURE_RATING_APPLIED,DIRECT_PDIRD_WINTER_NOMINAL_CURRENT_APPLIED,CHANGED
lines,LINE:003537,parameter_source,"E-REDES PDIRD-E 2020 Annex B, 31-12-2025 planning table",https://www.e-redes.pt/sites/eredes/files/2022-07/PDIRD-E%202020%20proposta%20final.pdf,CHANGED
lines,LINE:003537,max_i_status,DIRECT_PDIRD_MINIMUM_SUMMER_NOMINAL_CURRENT,DIRECT_PDIRD_MINIMUM_WINTER_NOMINAL_CURRENT,CHANGED
lines,LINE:003537,max_i_ka,0.30015,0.362,CHANGED
lines,LINE:003537,seasonal_rating_status,WINTER_DYNAMIC_AMBIENT_TEMPERATURE_RATING_APPLIED,DIRECT_PDIRD_WINTER_NOMINAL_CURRENT_APPLIED,CHANGED
lines,LINE:003538,parameter_source,"E-REDES PDIRD-E 2020 Annex B, 31-12-2025 planning table",https://www.e-redes.pt/sites/eredes/files/2022-07/PDIRD-E%202020%20proposta%20final.pdf,CHANGED
lines,LINE:003538,max_i_status,DIRECT_PDIRD_MINIMUM_SUMMER_NOMINAL_CURRENT,DIRECT_PDIRD_MINIMUM_WINTER_NOMINAL_CURRENT,CHANGED
lines,LINE:003538,max_i_ka,0.30015,0.362,CHANGED
lines,LINE:003538,seasonal_rating_status,WINTER_DYNAMIC_AMBIENT_TEMPERATURE_RATING_APPLIED,DIRECT_PDIRD_WINTER_NOMINAL_CURRENT_APPLIED,CHANGED
lines,LINE:003544,parameter_source,"E-REDES PDIRD-E 2020 Annex B, 31-12-2025 planning table",https://www.e-redes.pt/sites/eredes/files/2022-07/PDIRD-E%202020%20proposta%20final.pdf,CHANGED
lines,LINE:003544,max_i_status,DIRECT_PDIRD_MINIMUM_SUMMER_NOMINAL_CURRENT,DIRECT_PDIRD_MINIMUM_WINTER_NOMINAL_CURRENT,CHANGED
lines,LINE:003544,max_i_ka,0.46115,0.451,CHANGED
lines,LINE:003544,seasonal_rating_status,WINTER_DYNAMIC_AMBIENT_TEMPERATURE_RATING_APPLIED,DIRECT_PDIRD_WINTER_NOMINAL_CURRENT_APPLIED,CHANGED
lines,LINE:003551,parameter_source,"E-REDES PDIRD-E 2020 Annex B, 31-12-2025 planning table",https://www.e-redes.pt/sites/eredes/files/2022-07/PDIRD-E%202020%20proposta%20final.pdf,CHANGED
lines,LINE:003551,max_i_status,DIRECT_PDIRD_MINIMUM_SUMMER_NOMINAL_CURRENT,DIRECT_PDIRD_MINIMUM_WINTER_NOMINAL_CURRENT,CHANGED
lines,LINE:003551,max_i_ka,0.68885,0.686,CHANGED
lines,LINE:003551,seasonal_rating_status,WINTER_DYNAMIC_AMBIENT_TEMPERATURE_RATING_APPLIED,DIRECT_PDIRD_WINTER_NOMINAL_CURRENT_APPLIED,CHANGED
lines,LINE:003552,parameter_source,"E-REDES PDIRD-E 2020 Annex B, 31-12-2025 planning table",https://www.e-redes.pt/sites/eredes/files/2022-07/PDIRD-E%202020%20proposta%20final.pdf,CHANGED
lines,LINE:003552,max_i_status,DIRECT_PDIRD_MINIMUM_SUMMER_NOMINAL_CURRENT,DIRECT_PDIRD_MINIMUM_WINTER_NOMINAL_CURRENT,CHANGED
lines,LINE:003552,max_i_ka,0.68885,0.686,CHANGED
lines,LINE:003552,seasonal_rating_status,WINTER_DYNAMIC_AMBIENT_TEMPERATURE_RATING_APPLIED,DIRECT_PDIRD_WINTER_NOMINAL_CURRENT_APPLIED,CHANGED
lines,LINE:003553,parameter_source,"E-REDES PDIRD-E 2020 Annex B, 31-12-2025 planning table",https://www.e-redes.pt/sites/eredes/files/2022-07/PDIRD-E%202020%20proposta%20final.pdf,CHANGED
lines,LINE:003553,max_i_status,DIRECT_PDIRD_MINIMUM_SUMMER_NOMINAL_CURRENT,DIRECT_PDIRD_MINIMUM_WINTER_NOMINAL_CURRENT,CHANGED
lines,LINE:003553,max_i_ka,0.6014499999999999,0.686,CHANGED
lines,LINE:003553,seasonal_rating_status,WINTER_DYNAMIC_AMBIENT_TEMPERATURE_RATING_APPLIED,DIRECT_PDIRD_WINTER_NOMINAL_CURRENT_APPLIED,CHANGED
lines,LINE:003556,parameter_source,"E-REDES PDIRD-E 2020 Annex B, 31-12-2025 planning table",https://www.e-redes.pt/sites/eredes/files/2022-07/PDIRD-E%202020%20proposta%20final.pdf,CHANGED
lines,LINE:003556,max_i_status,DIRECT_PDIRD_MINIMUM_SUMMER_NOMINAL_CURRENT,DIRECT_PDIRD_MINIMUM_WINTER_NOMINAL_CURRENT,CHANGED
lines,LINE:003556,max_i_ka,0.4416,0.544,CHANGED
lines,LINE:003556,seasonal_rating_status,WINTER_DYNAMIC_AMBIENT_TEMPERATURE_RATING_APPLIED,DIRECT_PDIRD_WINTER_NOMINAL_CURRENT_APPLIED,CHANGED
lines,LINE:003561,parameter_source,"E-REDES PDIRD-E 2020 Annex B, 31-12-2025 planning table",https://www.e-redes.pt/sites/eredes/files/2022-07/PDIRD-E%202020%20proposta%20final.pdf,CHANGED
lines,LINE:003561,max_i_status,DIRECT_PDIRD_MINIMUM_SUMMER_NOMINAL_CURRENT,DIRECT_PDIRD_MINIMUM_WINTER_NOMINAL_CURRENT,CHANGED
lines,LINE:003561,max_i_ka,0.4416,0.544,CHANGED
lines,LINE:003561,seasonal_rating_status,WINTER_DYNAMIC_AMBIENT_TEMPERATURE_RATING_APPLIED,DIRECT_PDIRD_WINTER_NOMINAL_CURRENT_APPLIED,CHANGED
lines,LINE:003562,parameter_source,"E-REDES PDIRD-E 2020 Annex B, 31-12-2025 planning table",https://www.e-redes.pt/sites/eredes/files/2022-07/PDIRD-E%202020%20proposta%20final.pdf,CHANGED
lines,LINE:003562,max_i_status,DIRECT_PDIRD_MINIMUM_SUMMER_NOMINAL_CURRENT,DIRECT_PDIRD_MINIMUM_WINTER_NOMINAL_CURRENT,CHANGED
lines,LINE:003562,max_i_ka,0.6969,0.686,CHANGED
lines,LINE:003562,seasonal_rating_status,WINTER_DYNAMIC_AMBIENT_TEMPERATURE_RATING_APPLIED,DIRECT_PDIRD_WINTER_NOMINAL_CURRENT_APPLIED,CHANGED
lines,LINE:003563,parameter_source,"E-REDES PDIRD-E 2020 Annex B, 31-12-2025 planning table",https://www.e-redes.pt/sites/eredes/files/2022-07/PDIRD-E%202020%20proposta%20final.pdf,CHANGED
lines,LINE:003563,max_i_status,DIRECT_PDIRD_MINIMUM_SUMMER_NOMINAL_CURRENT,DIRECT_PDIRD_MINIMUM_WINTER_NOMINAL_CURRENT,CHANGED
lines,LINE:003563,max_i_ka,0.6969,0.686,CHANGED
lines,LINE:003563,seasonal_rating_status,WINTER_DYNAMIC_AMBIENT_TEMPERATURE_RATING_APPLIED,DIRECT_PDIRD_WINTER_NOMINAL_CURRENT_APPLIED,CHANGED
lines,LINE:003564,parameter_source,"E-REDES PDIRD-E 2020 Annex B, 31-12-2025 planning table",https://www.e-redes.pt/sites/eredes/files/2022-07/PDIRD-E%202020%20proposta%20final.pdf,CHANGED
lines,LINE:003564,max_i_status,DIRECT_PDIRD_MINIMUM_SUMMER_NOMINAL_CURRENT,DIRECT_PDIRD_MINIMUM_WINTER_NOMINAL_CURRENT,CHANGED
lines,LINE:003564,max_i_ka,0.6969,0.686,CHANGED
lines,LINE:003564,seasonal_rating_status,WINTER_DYNAMIC_AMBIENT_TEMPERATURE_RATING_APPLIED,DIRECT_PDIRD_WINTER_NOMINAL_CURRENT_APPLIED,CHANGED
lines,LINE:003566,parameter_source,"E-REDES PDIRD-E 2020 Annex B, 31-12-2025 planning table",https://www.e-redes.pt/sites/eredes/files/2022-07/PDIRD-E%202020%20proposta%20final.pdf,CHANGED
lines,LINE:003566,max_i_status,DIRECT_PDIRD_MINIMUM_SUMMER_NOMINAL_CURRENT,DIRECT_PDIRD_MINIMUM_WINTER_NOMINAL_CURRENT,CHANGED
lines,LINE:003566,max_i_ka,0.4416,0.544,CHANGED
lines,LINE:003566,seasonal_rating_status,WINTER_DYNAMIC_AMBIENT_TEMPERATURE_RATING_APPLIED,DIRECT_PDIRD_WINTER_NOMINAL_CURRENT_APPLIED,CHANGED
lines,LINE:003567,parameter_source,"E-REDES PDIRD-E 2020 Annex B, 31-12-2025 planning table",https://www.e-redes.pt/sites/eredes/files/2022-07/PDIRD-E%202020%20proposta%20final.pdf,CHANGED
lines,LINE:003567,max_i_status,DIRECT_PDIRD_MINIMUM_SUMMER_NOMINAL_CURRENT,DIRECT_PDIRD_MINIMUM_WINTER_NOMINAL_CURRENT,CHANGED
lines,LINE:003567,max_i_ka,0.4416,0.544,CHANGED
lines,LINE:003567,seasonal_rating_status,WINTER_DYNAMIC_AMBIENT_TEMPERATURE_RATING_APPLIED,DIRECT_PDIRD_WINTER_NOMINAL_CURRENT_APPLIED,CHANGED
lines,LINE:003569,parameter_source,"E-REDES PDIRD-E 2020 Annex B, 31-12-2025 planning table",https://www.e-redes.pt/sites/eredes/files/2022-07/PDIRD-E%202020%20proposta%20final.pdf,CHANGED
lines,LINE:003569,max_i_status,DIRECT_PDIRD_MINIMUM_SUMMER_NOMINAL_CURRENT,DIRECT_PDIRD_MINIMUM_WINTER_NOMINAL_CURRENT,CHANGED
lines,LINE:003569,max_i_ka,0.49334999999999996,0.483,CHANGED
lines,LINE:003569,seasonal_rating_status,WINTER_DYNAMIC_AMBIENT_TEMPERATURE_RATING_APPLIED,DIRECT_PDIRD_WINTER_NOMINAL_CURRENT_APPLIED,CHANGED
lines,LINE:003575,parameter_source,"E-REDES PDIRD-E 2020 Annex B, 31-12-2025 planning table",https://www.e-redes.pt/sites/eredes/files/2022-07/PDIRD-E%202020%20proposta%20final.pdf,CHANGED
lines,LINE:003575,max_i_status,DIRECT_PDIRD_MINIMUM_SUMMER_NOMINAL_CURRENT,DIRECT_PDIRD_MINIMUM_WINTER_NOMINAL_CURRENT,CHANGED
lines,LINE:003575,max_i_ka,0.4416,0.544,CHANGED
lines,LINE:003575,seasonal_rating_status,WINTER_DYNAMIC_AMBIENT_TEMPERATURE_RATING_APPLIED,DIRECT_PDIRD_WINTER_NOMINAL_CURRENT_APPLIED,CHANGED
lines,LINE:003576,parameter_source,"E-REDES PDIRD-E 2020 Annex B, 31-12-2025 planning table",https://www.e-redes.pt/sites/eredes/files/2022-07/PDIRD-E%202020%20proposta%20final.pdf,CHANGED
lines,LINE:003576,max_i_status,DIRECT_PDIRD_MINIMUM_SUMMER_NOMINAL_CURRENT,DIRECT_PDIRD_MINIMUM_WINTER_NOMINAL_CURRENT,CHANGED
lines,LINE:003576,max_i_ka,0.4416,0.544,CHANGED
lines,LINE:003576,seasonal_rating_status,WINTER_DYNAMIC_AMBIENT_TEMPERATURE_RATING_APPLIED,DIRECT_PDIRD_WINTER_NOMINAL_CURRENT_APPLIED,CHANGED
lines,LINE:003577,parameter_source,"E-REDES PDIRD-E 2020 Annex B, 31-12-2025 planning table",https://www.e-redes.pt/sites/eredes/files/2022-07/PDIRD-E%202020%20proposta%20final.pdf,CHANGED
lines,LINE:003577,max_i_status,DIRECT_PDIRD_MINIMUM_SUMMER_NOMINAL_CURRENT,DIRECT_PDIRD_MINIMUM_WINTER_NOMINAL_CURRENT,CHANGED
lines,LINE:003577,max_i_ka,0.4416,0.544,CHANGED
lines,LINE:003577,seasonal_rating_status,WINTER_DYNAMIC_AMBIENT_TEMPERATURE_RATING_APPLIED,DIRECT_PDIRD_WINTER_NOMINAL_CURRENT_APPLIED,CHANGED
lines,LINE:003578,parameter_source,"E-REDES PDIRD-E 2020 Annex B, 31-12-2025 planning table",https://www.e-redes.pt/sites/eredes/files/2022-07/PDIRD-E%202020%20proposta%20final.pdf,CHANGED
lines,LINE:003578,max_i_status,DIRECT_PDIRD_MINIMUM_SUMMER_NOMINAL_CURRENT,DIRECT_PDIRD_MINIMUM_WINTER_NOMINAL_CURRENT,CHANGED
lines,LINE:003578,max_i_ka,0.4416,0.544,CHANGED
lines,LINE:003578,seasonal_rating_status,WINTER_DYNAMIC_AMBIENT_TEMPERATURE_RATING_APPLIED,DIRECT_PDIRD_WINTER_NOMINAL_CURRENT_APPLIED,CHANGED
lines,LINE:003582,parameter_source,"E-REDES PDIRD-E 2020 Annex B, 31-12-2025 planning table",https://www.e-redes.pt/sites/eredes/files/2022-07/PDIRD-E%202020%20proposta%20final.pdf,CHANGED
lines,LINE:003582,max_i_status,DIRECT_PDIRD_MINIMUM_SUMMER_NOMINAL_CURRENT,DIRECT_PDIRD_MINIMUM_WINTER_NOMINAL_CURRENT,CHANGED
lines,LINE:003582,max_i_ka,0.4416,0.544,CHANGED
lines,LINE:003582,seasonal_rating_status,WINTER_DYNAMIC_AMBIENT_TEMPERATURE_RATING_APPLIED,DIRECT_PDIRD_WINTER_NOMINAL_CURRENT_APPLIED,CHANGED
lines,LINE:003583,parameter_source,"E-REDES PDIRD-E 2020 Annex B, 31-12-2025 planning table",https://www.e-redes.pt/sites/eredes/files/2022-07/PDIRD-E%202020%20proposta%20final.pdf,CHANGED
lines,LINE:003583,max_i_status,DIRECT_PDIRD_MINIMUM_SUMMER_NOMINAL_CURRENT,DIRECT_PDIRD_MINIMUM_WINTER_NOMINAL_CURRENT,CHANGED
lines,LINE:003583,max_i_ka,0.46115,0.451,CHANGED
lines,LINE:003583,seasonal_rating_status,WINTER_DYNAMIC_AMBIENT_TEMPERATURE_RATING_APPLIED,DIRECT_PDIRD_WINTER_NOMINAL_CURRENT_APPLIED,CHANGED
lines,LINE:003586,parameter_source,"E-REDES PDIRD-E 2020 Annex B, 31-12-2025 planning table",https://www.e-redes.pt/sites/eredes/files/2022-07/PDIRD-E%202020%20proposta%20final.pdf,CHANGED
lines,LINE:003586,max_i_status,DIRECT_PDIRD_MINIMUM_SUMMER_NOMINAL_CURRENT,DIRECT_PDIRD_MINIMUM_WINTER_NOMINAL_CURRENT,CHANGED
lines,LINE:003586,max_i_ka,0.88435,1.089,CHANGED
lines,LINE:003586,seasonal_rating_status,WINTER_DYNAMIC_AMBIENT_TEMPERATURE_RATING_APPLIED,DIRECT_PDIRD_WINTER_NOMINAL_CURRENT_APPLIED,CHANGED
lines,LINE:003587,parameter_source,"E-REDES PDIRD-E 2020 Annex B, 31-12-2025 planning table",https://www.e-redes.pt/sites/eredes/files/2022-07/PDIRD-E%202020%20proposta%20final.pdf,CHANGED
lines,LINE:003587,max_i_status,DIRECT_PDIRD_MINIMUM_SUMMER_NOMINAL_CURRENT,DIRECT_PDIRD_MINIMUM_WINTER_NOMINAL_CURRENT,CHANGED
lines,LINE:003587,max_i_ka,0.9223,0.902,CHANGED
lines,LINE:003587,seasonal_rating_status,WINTER_DYNAMIC_AMBIENT_TEMPERATURE_RATING_APPLIED,DIRECT_PDIRD_WINTER_NOMINAL_CURRENT_APPLIED,CHANGED
lines,LINE:003591,parameter_source,"E-REDES PDIRD-E 2020 Annex B, 31-12-2025 planning table",https://www.e-redes.pt/sites/eredes/files/2022-07/PDIRD-E%202020%20proposta%20final.pdf,CHANGED
lines,LINE:003591,max_i_status,DIRECT_PDIRD_MINIMUM_SUMMER_NOMINAL_CURRENT,DIRECT_PDIRD_MINIMUM_WINTER_NOMINAL_CURRENT,CHANGED
lines,LINE:003591,max_i_ka,0.6014499999999999,0.723,CHANGED
lines,LINE:003591,seasonal_rating_status,WINTER_DYNAMIC_AMBIENT_TEMPERATURE_RATING_APPLIED,DIRECT_PDIRD_WINTER_NOMINAL_CURRENT_APPLIED,CHANGED
lines,LINE:003592,parameter_source,"E-REDES PDIRD-E 2020 Annex B, 31-12-2025 planning table",https://www.e-redes.pt/sites/eredes/files/2022-07/PDIRD-E%202020%20proposta%20final.pdf,CHANGED
lines,LINE:003592,max_i_status,DIRECT_PDIRD_MINIMUM_SUMMER_NOMINAL_CURRENT,DIRECT_PDIRD_MINIMUM_WINTER_NOMINAL_CURRENT,CHANGED
lines,LINE:003592,max_i_ka,0.88435,1.089,CHANGED
lines,LINE:003592,seasonal_rating_status,WINTER_DYNAMIC_AMBIENT_TEMPERATURE_RATING_APPLIED,DIRECT_PDIRD_WINTER_NOMINAL_CURRENT_APPLIED,CHANGED
lines,LINE:003593,parameter_source,"E-REDES PDIRD-E 2020 Annex B, 31-12-2025 planning table",https://www.e-redes.pt/sites/eredes/files/2022-07/PDIRD-E%202020%20proposta%20final.pdf,CHANGED
lines,LINE:003593,max_i_status,DIRECT_PDIRD_MINIMUM_SUMMER_NOMINAL_CURRENT,DIRECT_PDIRD_MINIMUM_WINTER_NOMINAL_CURRENT,CHANGED
lines,LINE:003593,max_i_ka,0.88435,1.089,CHANGED
lines,LINE:003593,seasonal_rating_status,WINTER_DYNAMIC_AMBIENT_TEMPERATURE_RATING_APPLIED,DIRECT_PDIRD_WINTER_NOMINAL_CURRENT_APPLIED,CHANGED
lines,LINE:003597,parameter_source,"E-REDES PDIRD-E 2020 Annex B, 31-12-2025 planning table",https://www.e-redes.pt/sites/eredes/files/2022-07/PDIRD-E%202020%20proposta%20final.pdf,CHANGED
lines,LINE:003597,max_i_status,DIRECT_PDIRD_MINIMUM_SUMMER_NOMINAL_CURRENT,DIRECT_PDIRD_MINIMUM_WINTER_NOMINAL_CURRENT,CHANGED
lines,LINE:003597,max_i_ka,0.46115,0.451,CHANGED
lines,LINE:003597,seasonal_rating_status,WINTER_DYNAMIC_AMBIENT_TEMPERATURE_RATING_APPLIED,DIRECT_PDIRD_WINTER_NOMINAL_CURRENT_APPLIED,CHANGED
lines,LINE:003602,parameter_source,"E-REDES PDIRD-E 2020 Annex B, 31-12-2025 planning table",https://www.e-redes.pt/sites/eredes/files/2022-07/PDIRD-E%202020%20proposta%20final.pdf,CHANGED
lines,LINE:003602,max_i_status,DIRECT_PDIRD_MINIMUM_SUMMER_NOMINAL_CURRENT,DIRECT_PDIRD_MINIMUM_WINTER_NOMINAL_CURRENT,CHANGED
lines,LINE:003602,max_i_ka,0.30015,0.362,CHANGED
lines,LINE:003602,seasonal_rating_status,WINTER_DYNAMIC_AMBIENT_TEMPERATURE_RATING_APPLIED,DIRECT_PDIRD_WINTER_NOMINAL_CURRENT_APPLIED,CHANGED
lines,LINE:003610,parameter_source,"E-REDES PDIRD-E 2020 Annex B, 31-12-2025 planning table",https://www.e-redes.pt/sites/eredes/files/2022-07/PDIRD-E%202020%20proposta%20final.pdf,CHANGED
lines,LINE:003610,max_i_status,DIRECT_PDIRD_MINIMUM_SUMMER_NOMINAL_CURRENT,DIRECT_PDIRD_MINIMUM_WINTER_NOMINAL_CURRENT,CHANGED
lines,LINE:003610,max_i_ka,0.34384999999999993,0.417,CHANGED
lines,LINE:003610,seasonal_rating_status,WINTER_DYNAMIC_AMBIENT_TEMPERATURE_RATING_APPLIED,DIRECT_PDIRD_WINTER_NOMINAL_CURRENT_APPLIED,CHANGED
lines,LINE:003611,parameter_source,"E-REDES PDIRD-E 2020 Annex B, 31-12-2025 planning table",https://www.e-redes.pt/sites/eredes/files/2022-07/PDIRD-E%202020%20proposta%20final.pdf,CHANGED
lines,LINE:003611,max_i_status,DIRECT_PDIRD_MINIMUM_SUMMER_NOMINAL_CURRENT,DIRECT_PDIRD_MINIMUM_WINTER_NOMINAL_CURRENT,CHANGED
lines,LINE:003611,max_i_ka,0.34384999999999993,0.417,CHANGED
lines,LINE:003611,seasonal_rating_status,WINTER_DYNAMIC_AMBIENT_TEMPERATURE_RATING_APPLIED,DIRECT_PDIRD_WINTER_NOMINAL_CURRENT_APPLIED,CHANGED
lines,LINE:003612,parameter_source,"E-REDES PDIRD-E 2020 Annex B, 31-12-2025 planning table",https://www.e-redes.pt/sites/eredes/files/2022-07/PDIRD-E%202020%20proposta%20final.pdf,CHANGED
lines,LINE:003612,max_i_status,DIRECT_PDIRD_MINIMUM_SUMMER_NOMINAL_CURRENT,DIRECT_PDIRD_MINIMUM_WINTER_NOMINAL_CURRENT,CHANGED
lines,LINE:003612,max_i_ka,0.34384999999999993,0.417,CHANGED
lines,LINE:003612,seasonal_rating_status,WINTER_DYNAMIC_AMBIENT_TEMPERATURE_RATING_APPLIED,DIRECT_PDIRD_WINTER_NOMINAL_CURRENT_APPLIED,CHANGED
lines,LINE:003613,parameter_source,"E-REDES PDIRD-E 2020 Annex B, 31-12-2025 planning table",https://www.e-redes.pt/sites/eredes/files/2022-07/PDIRD-E%202020%20proposta%20final.pdf,CHANGED
lines,LINE:003613,max_i_status,DIRECT_PDIRD_MINIMUM_SUMMER_NOMINAL_CURRENT,DIRECT_PDIRD_MINIMUM_WINTER_NOMINAL_CURRENT,CHANGED
lines,LINE:003613,max_i_ka,0.30015,0.362,CHANGED
lines,LINE:003613,seasonal_rating_status,WINTER_DYNAMIC_AMBIENT_TEMPERATURE_RATING_APPLIED,DIRECT_PDIRD_WINTER_NOMINAL_CURRENT_APPLIED,CHANGED
lines,LINE:003625,parameter_source,"E-REDES PDIRD-E 2020 Annex B, 31-12-2025 planning table",https://www.e-redes.pt/sites/eredes/files/2022-07/PDIRD-E%202020%20proposta%20final.pdf,CHANGED
lines,LINE:003625,max_i_status,DIRECT_PDIRD_MINIMUM_SUMMER_NOMINAL_CURRENT,DIRECT_PDIRD_MINIMUM_WINTER_NOMINAL_CURRENT,CHANGED
lines,LINE:003625,max_i_ka,0.5450999999999999,0.582,CHANGED
lines,LINE:003625,seasonal_rating_status,WINTER_DYNAMIC_AMBIENT_TEMPERATURE_RATING_APPLIED,DIRECT_PDIRD_WINTER_NOMINAL_CURRENT_APPLIED,CHANGED
lines,LINE:003626,parameter_source,"E-REDES PDIRD-E 2020 Annex B, 31-12-2025 planning table",https://www.e-redes.pt/sites/eredes/files/2022-07/PDIRD-E%202020%20proposta%20final.pdf,CHANGED
lines,LINE:003626,max_i_status,DIRECT_PDIRD_MINIMUM_SUMMER_NOMINAL_CURRENT,DIRECT_PDIRD_MINIMUM_WINTER_NOMINAL_CURRENT,CHANGED
lines,LINE:003626,max_i_ka,0.5450999999999999,0.582,CHANGED
lines,LINE:003626,seasonal_rating_status,WINTER_DYNAMIC_AMBIENT_TEMPERATURE_RATING_APPLIED,DIRECT_PDIRD_WINTER_NOMINAL_CURRENT_APPLIED,CHANGED
lines,LINE:003629,parameter_source,"E-REDES PDIRD-E 2020 Annex B, 31-12-2025 planning table",https://www.e-redes.pt/sites/eredes/files/2022-07/PDIRD-E%202020%20proposta%20final.pdf,CHANGED
lines,LINE:003629,max_i_status,DIRECT_PDIRD_MINIMUM_SUMMER_NOMINAL_CURRENT,DIRECT_PDIRD_MINIMUM_WINTER_NOMINAL_CURRENT,CHANGED
lines,LINE:003629,max_i_ka,0.5450999999999999,0.582,CHANGED
lines,LINE:003629,seasonal_rating_status,WINTER_DYNAMIC_AMBIENT_TEMPERATURE_RATING_APPLIED,DIRECT_PDIRD_WINTER_NOMINAL_CURRENT_APPLIED,CHANGED
lines,LINE:003632,parameter_source,"E-REDES PDIRD-E 2020 Annex B, 31-12-2025 planning table",https://www.e-redes.pt/sites/eredes/files/2022-07/PDIRD-E%202020%20proposta%20final.pdf,CHANGED
lines,LINE:003632,max_i_status,DIRECT_PDIRD_MINIMUM_SUMMER_NOMINAL_CURRENT,DIRECT_PDIRD_MINIMUM_WINTER_NOMINAL_CURRENT,CHANGED
lines,LINE:003632,max_i_ka,0.5450999999999999,0.582,CHANGED
lines,LINE:003632,seasonal_rating_status,WINTER_DYNAMIC_AMBIENT_TEMPERATURE_RATING_APPLIED,DIRECT_PDIRD_WINTER_NOMINAL_CURRENT_APPLIED,CHANGED
lines,LINE:003634,parameter_source,"E-REDES PDIRD-E 2020 Annex B, 31-12-2025 planning table",https://www.e-redes.pt/sites/eredes/files/2022-07/PDIRD-E%202020%20proposta%20final.pdf,CHANGED
lines,LINE:003634,max_i_status,DIRECT_PDIRD_MINIMUM_SUMMER_NOMINAL_CURRENT,DIRECT_PDIRD_MINIMUM_WINTER_NOMINAL_CURRENT,CHANGED
lines,LINE:003634,max_i_ka,0.4416,0.544,CHANGED
lines,LINE:003634,seasonal_rating_status,WINTER_DYNAMIC_AMBIENT_TEMPERATURE_RATING_APPLIED,DIRECT_PDIRD_WINTER_NOMINAL_CURRENT_APPLIED,CHANGED
lines,LINE:003638,parameter_source,"E-REDES PDIRD-E 2020 Annex B, 31-12-2025 planning table",https://www.e-redes.pt/sites/eredes/files/2022-07/PDIRD-E%202020%20proposta%20final.pdf,CHANGED
lines,LINE:003638,max_i_status,DIRECT_PDIRD_MINIMUM_SUMMER_NOMINAL_CURRENT,DIRECT_PDIRD_MINIMUM_WINTER_NOMINAL_CURRENT,CHANGED
lines,LINE:003638,max_i_ka,0.6014499999999999,0.723,CHANGED
lines,LINE:003638,seasonal_rating_status,WINTER_DYNAMIC_AMBIENT_TEMPERATURE_RATING_APPLIED,DIRECT_PDIRD_WINTER_NOMINAL_CURRENT_APPLIED,CHANGED
lines,LINE:003643,parameter_source,"E-REDES PDIRD-E 2020 Annex B, 31-12-2025 planning table",https://www.e-redes.pt/sites/eredes/files/2022-07/PDIRD-E%202020%20proposta%20final.pdf,CHANGED
lines,LINE:003643,max_i_status,DIRECT_PDIRD_MINIMUM_SUMMER_NOMINAL_CURRENT,DIRECT_PDIRD_MINIMUM_WINTER_NOMINAL_CURRENT,CHANGED
lines,LINE:003643,max_i_ka,0.5450999999999999,0.582,CHANGED
lines,LINE:003643,seasonal_rating_status,WINTER_DYNAMIC_AMBIENT_TEMPERATURE_RATING_APPLIED,DIRECT_PDIRD_WINTER_NOMINAL_CURRENT_APPLIED,CHANGED
lines,LINE:003644,parameter_source,"E-REDES PDIRD-E 2020 Annex B, 31-12-2025 planning table",https://www.e-redes.pt/sites/eredes/files/2022-07/PDIRD-E%202020%20proposta%20final.pdf,CHANGED
lines,LINE:003644,max_i_status,DIRECT_PDIRD_MINIMUM_SUMMER_NOMINAL_CURRENT,DIRECT_PDIRD_MINIMUM_WINTER_NOMINAL_CURRENT,CHANGED
lines,LINE:003644,max_i_ka,0.5450999999999999,0.582,CHANGED
lines,LINE:003644,seasonal_rating_status,WINTER_DYNAMIC_AMBIENT_TEMPERATURE_RATING_APPLIED,DIRECT_PDIRD_WINTER_NOMINAL_CURRENT_APPLIED,CHANGED
lines,LINE:003645,parameter_source,"E-REDES PDIRD-E 2020 Annex B, 31-12-2025 planning table",https://www.e-redes.pt/sites/eredes/files/2022-07/PDIRD-E%202020%20proposta%20final.pdf,CHANGED
lines,LINE:003645,max_i_status,DIRECT_PDIRD_MINIMUM_SUMMER_NOMINAL_CURRENT,DIRECT_PDIRD_MINIMUM_WINTER_NOMINAL_CURRENT,CHANGED
lines,LINE:003645,max_i_ka,0.5450999999999999,0.582,CHANGED
lines,LINE:003645,seasonal_rating_status,WINTER_DYNAMIC_AMBIENT_TEMPERATURE_RATING_APPLIED,DIRECT_PDIRD_WINTER_NOMINAL_CURRENT_APPLIED,CHANGED
lines,LINE:003646,parameter_source,"E-REDES PDIRD-E 2020 Annex B, 31-12-2025 planning table",https://www.e-redes.pt/sites/eredes/files/2022-07/PDIRD-E%202020%20proposta%20final.pdf,CHANGED
lines,LINE:003646,max_i_status,DIRECT_PDIRD_MINIMUM_SUMMER_NOMINAL_CURRENT,DIRECT_PDIRD_MINIMUM_WINTER_NOMINAL_CURRENT,CHANGED
lines,LINE:003646,max_i_ka,0.5450999999999999,0.582,CHANGED
lines,LINE:003646,seasonal_rating_status,WINTER_DYNAMIC_AMBIENT_TEMPERATURE_RATING_APPLIED,DIRECT_PDIRD_WINTER_NOMINAL_CURRENT_APPLIED,CHANGED
lines,LINE:003654,parameter_source,"E-REDES PDIRD-E 2020 Annex B, 31-12-2025 planning table",https://www.e-redes.pt/sites/eredes/files/2022-07/PDIRD-E%202020%20proposta%20final.pdf,CHANGED
lines,LINE:003654,max_i_status,DIRECT_PDIRD_MINIMUM_SUMMER_NOMINAL_CURRENT,DIRECT_PDIRD_MINIMUM_WINTER_NOMINAL_CURRENT,CHANGED
lines,LINE:003654,max_i_ka,0.6014499999999999,0.723,CHANGED
lines,LINE:003654,seasonal_rating_status,WINTER_DYNAMIC_AMBIENT_TEMPERATURE_RATING_APPLIED,DIRECT_PDIRD_WINTER_NOMINAL_CURRENT_APPLIED,CHANGED
lines,LINE:003655,parameter_source,"E-REDES PDIRD-E 2020 Annex B, 31-12-2025 planning table",https://www.e-redes.pt/sites/eredes/files/2022-07/PDIRD-E%202020%20proposta%20final.pdf,CHANGED
lines,LINE:003655,max_i_status,DIRECT_PDIRD_MINIMUM_SUMMER_NOMINAL_CURRENT,DIRECT_PDIRD_MINIMUM_WINTER_NOMINAL_CURRENT,CHANGED
lines,LINE:003655,max_i_ka,0.46115,0.451,CHANGED
lines,LINE:003655,seasonal_rating_status,WINTER_DYNAMIC_AMBIENT_TEMPERATURE_RATING_APPLIED,DIRECT_PDIRD_WINTER_NOMINAL_CURRENT_APPLIED,CHANGED
lines,LINE:003657,parameter_source,"E-REDES PDIRD-E 2020 Annex B, 31-12-2025 planning table",https://www.e-redes.pt/sites/eredes/files/2022-07/PDIRD-E%202020%20proposta%20final.pdf,CHANGED
lines,LINE:003657,max_i_status,DIRECT_PDIRD_MINIMUM_SUMMER_NOMINAL_CURRENT,DIRECT_PDIRD_MINIMUM_WINTER_NOMINAL_CURRENT,CHANGED
lines,LINE:003657,max_i_ka,0.6014499999999999,0.723,CHANGED
lines,LINE:003657,seasonal_rating_status,WINTER_DYNAMIC_AMBIENT_TEMPERATURE_RATING_APPLIED,DIRECT_PDIRD_WINTER_NOMINAL_CURRENT_APPLIED,CHANGED
lines,LINE:003659,parameter_source,"E-REDES PDIRD-E 2020 Annex B, 31-12-2025 planning table",https://www.e-redes.pt/sites/eredes/files/2022-07/PDIRD-E%202020%20proposta%20final.pdf,CHANGED
lines,LINE:003659,max_i_status,DIRECT_PDIRD_MINIMUM_SUMMER_NOMINAL_CURRENT,DIRECT_PDIRD_MINIMUM_WINTER_NOMINAL_CURRENT,CHANGED
lines,LINE:003659,max_i_ka,0.30015,0.362,CHANGED
lines,LINE:003659,seasonal_rating_status,WINTER_DYNAMIC_AMBIENT_TEMPERATURE_RATING_APPLIED,DIRECT_PDIRD_WINTER_NOMINAL_CURRENT_APPLIED,CHANGED
lines,LINE:003660,parameter_source,"E-REDES PDIRD-E 2020 Annex B, 31-12-2025 planning table",https://www.e-redes.pt/sites/eredes/files/2022-07/PDIRD-E%202020%20proposta%20final.pdf,CHANGED
lines,LINE:003660,max_i_status,DIRECT_PDIRD_MINIMUM_SUMMER_NOMINAL_CURRENT,DIRECT_PDIRD_MINIMUM_WINTER_NOMINAL_CURRENT,CHANGED
lines,LINE:003660,max_i_ka,0.9223,0.902,CHANGED
lines,LINE:003660,seasonal_rating_status,WINTER_DYNAMIC_AMBIENT_TEMPERATURE_RATING_APPLIED,DIRECT_PDIRD_WINTER_NOMINAL_CURRENT_APPLIED,CHANGED
lines,LINE:003662,parameter_status,PDIRD_CIRCUIT_PATH_MATCH_PARTIAL_SOURCE_BACKING,DIRECT_PDIRD_MINIMUM_WINTER_NOMINAL_CURRENT,CHANGED
lines,LINE:003662,parameter_source,"E-REDES PDIRD-E 2020 Annex B, 31-12-2025 planning table",https://www.e-redes.pt/sites/eredes/files/2022-07/PDIRD-E%202020%20proposta%20final.pdf,CHANGED
lines,LINE:003662,max_i_status,DIRECT_PDIRD_MINIMUM_SUMMER_NOMINAL_CURRENT,DIRECT_PDIRD_MINIMUM_WINTER_NOMINAL_CURRENT,CHANGED
lines,LINE:003662,max_i_ka,0.30015,0.362,CHANGED
lines,LINE:003662,parallel_status,SOURCE_CIRCUIT_FIELD_OR_SINGLE_CIRCUIT_DEFAULT,PUBLIC_SINGLE_CIRCUIT_INVENTORY,CHANGED
lines,LINE:003662,rating_override_status,NO_CORRIDOR_OVERRIDE,EXPLICIT_PUBLIC_INVENTORY_CORRECTION,CHANGED
lines,LINE:003662,seasonal_rating_status,WINTER_DYNAMIC_AMBIENT_TEMPERATURE_RATING_APPLIED,DIRECT_PDIRD_WINTER_NOMINAL_CURRENT_APPLIED,CHANGED
lines,LINE:003670,parameter_source,"E-REDES PDIRD-E 2020 Annex B, 31-12-2025 planning table",https://www.e-redes.pt/sites/eredes/files/2022-07/PDIRD-E%202020%20proposta%20final.pdf,CHANGED
lines,LINE:003670,max_i_status,DIRECT_PDIRD_MINIMUM_SUMMER_NOMINAL_CURRENT,DIRECT_PDIRD_MINIMUM_WINTER_NOMINAL_CURRENT,CHANGED
lines,LINE:003670,max_i_ka,0.5450999999999999,0.582,CHANGED
lines,LINE:003670,seasonal_rating_status,WINTER_DYNAMIC_AMBIENT_TEMPERATURE_RATING_APPLIED,DIRECT_PDIRD_WINTER_NOMINAL_CURRENT_APPLIED,CHANGED
lines,LINE:003671,parameter_source,"E-REDES PDIRD-E 2020 Annex B, 31-12-2025 planning table",https://www.e-redes.pt/sites/eredes/files/2022-07/PDIRD-E%202020%20proposta%20final.pdf,CHANGED
lines,LINE:003671,max_i_status,DIRECT_PDIRD_MINIMUM_SUMMER_NOMINAL_CURRENT,DIRECT_PDIRD_MINIMUM_WINTER_NOMINAL_CURRENT,CHANGED
lines,LINE:003671,max_i_ka,0.5450999999999999,0.582,CHANGED
lines,LINE:003671,seasonal_rating_status,WINTER_DYNAMIC_AMBIENT_TEMPERATURE_RATING_APPLIED,DIRECT_PDIRD_WINTER_NOMINAL_CURRENT_APPLIED,CHANGED
lines,LINE:003676,parameter_source,"E-REDES PDIRD-E 2020 Annex B, 31-12-2025 planning table",https://www.e-redes.pt/sites/eredes/files/2022-07/PDIRD-E%202020%20proposta%20final.pdf,CHANGED
lines,LINE:003676,max_i_status,DIRECT_PDIRD_MINIMUM_SUMMER_NOMINAL_CURRENT,DIRECT_PDIRD_MINIMUM_WINTER_NOMINAL_CURRENT,CHANGED
lines,LINE:003676,max_i_ka,0.5450999999999999,0.582,CHANGED
lines,LINE:003676,seasonal_rating_status,WINTER_DYNAMIC_AMBIENT_TEMPERATURE_RATING_APPLIED,DIRECT_PDIRD_WINTER_NOMINAL_CURRENT_APPLIED,CHANGED
lines,LINE:003677,parameter_source,"E-REDES PDIRD-E 2020 Annex B, 31-12-2025 planning table",https://www.e-redes.pt/sites/eredes/files/2022-07/PDIRD-E%202020%20proposta%20final.pdf,CHANGED
lines,LINE:003677,max_i_status,DIRECT_PDIRD_MINIMUM_SUMMER_NOMINAL_CURRENT,DIRECT_PDIRD_MINIMUM_WINTER_NOMINAL_CURRENT,CHANGED
lines,LINE:003677,max_i_ka,0.5450999999999999,0.582,CHANGED
lines,LINE:003677,seasonal_rating_status,WINTER_DYNAMIC_AMBIENT_TEMPERATURE_RATING_APPLIED,DIRECT_PDIRD_WINTER_NOMINAL_CURRENT_APPLIED,CHANGED
lines,LINE:003693,parameter_source,"E-REDES PDIRD-E 2020 Annex B, 31-12-2025 planning table",https://www.e-redes.pt/sites/eredes/files/2022-07/PDIRD-E%202020%20proposta%20final.pdf,CHANGED
lines,LINE:003693,max_i_status,DIRECT_PDIRD_MINIMUM_SUMMER_NOMINAL_CURRENT,DIRECT_PDIRD_MINIMUM_WINTER_NOMINAL_CURRENT,CHANGED
lines,LINE:003693,max_i_ka,0.5450999999999999,0.582,CHANGED
lines,LINE:003693,seasonal_rating_status,WINTER_DYNAMIC_AMBIENT_TEMPERATURE_RATING_APPLIED,DIRECT_PDIRD_WINTER_NOMINAL_CURRENT_APPLIED,CHANGED
lines,LINE:003694,parameter_source,"E-REDES PDIRD-E 2020 Annex B, 31-12-2025 planning table",https://www.e-redes.pt/sites/eredes/files/2022-07/PDIRD-E%202020%20proposta%20final.pdf,CHANGED
lines,LINE:003694,max_i_status,DIRECT_PDIRD_MINIMUM_SUMMER_NOMINAL_CURRENT,DIRECT_PDIRD_MINIMUM_WINTER_NOMINAL_CURRENT,CHANGED
lines,LINE:003694,max_i_ka,0.5450999999999999,0.582,CHANGED
lines,LINE:003694,seasonal_rating_status,WINTER_DYNAMIC_AMBIENT_TEMPERATURE_RATING_APPLIED,DIRECT_PDIRD_WINTER_NOMINAL_CURRENT_APPLIED,CHANGED
lines,LINE:003695,parameter_source,"E-REDES PDIRD-E 2020 Annex B, 31-12-2025 planning table",https://www.e-redes.pt/sites/eredes/files/2022-07/PDIRD-E%202020%20proposta%20final.pdf,CHANGED
lines,LINE:003695,max_i_status,DIRECT_PDIRD_MINIMUM_SUMMER_NOMINAL_CURRENT,DIRECT_PDIRD_MINIMUM_WINTER_NOMINAL_CURRENT,CHANGED
lines,LINE:003695,max_i_ka,0.5450999999999999,0.582,CHANGED
lines,LINE:003695,seasonal_rating_status,WINTER_DYNAMIC_AMBIENT_TEMPERATURE_RATING_APPLIED,DIRECT_PDIRD_WINTER_NOMINAL_CURRENT_APPLIED,CHANGED
lines,LINE:003707,parameter_source,"E-REDES PDIRD-E 2020 Annex B, 31-12-2025 planning table",https://www.e-redes.pt/sites/eredes/files/2022-07/PDIRD-E%202020%20proposta%20final.pdf,CHANGED
lines,LINE:003707,max_i_status,DIRECT_PDIRD_MINIMUM_SUMMER_NOMINAL_CURRENT,DIRECT_PDIRD_MINIMUM_WINTER_NOMINAL_CURRENT,CHANGED
lines,LINE:003707,max_i_ka,0.46115,0.451,CHANGED
lines,LINE:003707,seasonal_rating_status,WINTER_DYNAMIC_AMBIENT_TEMPERATURE_RATING_APPLIED,DIRECT_PDIRD_WINTER_NOMINAL_CURRENT_APPLIED,CHANGED
lines,LINE:003716,parameter_source,"E-REDES PDIRD-E 2020 Annex B, 31-12-2025 planning table",https://www.e-redes.pt/sites/eredes/files/2022-07/PDIRD-E%202020%20proposta%20final.pdf,CHANGED
lines,LINE:003716,max_i_status,DIRECT_PDIRD_MINIMUM_SUMMER_NOMINAL_CURRENT,DIRECT_PDIRD_MINIMUM_WINTER_NOMINAL_CURRENT,CHANGED
lines,LINE:003716,max_i_ka,0.46115,0.451,CHANGED
lines,LINE:003716,seasonal_rating_status,WINTER_DYNAMIC_AMBIENT_TEMPERATURE_RATING_APPLIED,DIRECT_PDIRD_WINTER_NOMINAL_CURRENT_APPLIED,CHANGED
lines,LINE:003718,parameter_source,"E-REDES PDIRD-E 2020 Annex B, 31-12-2025 planning table",https://www.e-redes.pt/sites/eredes/files/2022-07/PDIRD-E%202020%20proposta%20final.pdf,CHANGED
lines,LINE:003718,max_i_status,DIRECT_PDIRD_MINIMUM_SUMMER_NOMINAL_CURRENT,DIRECT_PDIRD_MINIMUM_WINTER_NOMINAL_CURRENT,CHANGED
lines,LINE:003718,max_i_ka,0.30015,0.362,CHANGED
lines,LINE:003718,seasonal_rating_status,WINTER_DYNAMIC_AMBIENT_TEMPERATURE_RATING_APPLIED,DIRECT_PDIRD_WINTER_NOMINAL_CURRENT_APPLIED,CHANGED
lines,LINE:003719,parameter_source,"E-REDES PDIRD-E 2020 Annex B, 31-12-2025 planning table",https://www.e-redes.pt/sites/eredes/files/2022-07/PDIRD-E%202020%20proposta%20final.pdf,CHANGED
lines,LINE:003719,max_i_status,DIRECT_PDIRD_MINIMUM_SUMMER_NOMINAL_CURRENT,DIRECT_PDIRD_MINIMUM_WINTER_NOMINAL_CURRENT,CHANGED
lines,LINE:003719,max_i_ka,0.29095,0.35,CHANGED
lines,LINE:003719,seasonal_rating_status,WINTER_DYNAMIC_AMBIENT_TEMPERATURE_RATING_APPLIED,DIRECT_PDIRD_WINTER_NOMINAL_CURRENT_APPLIED,CHANGED
lines,LINE:003721,parameter_source,"E-REDES PDIRD-E 2020 Annex B, 31-12-2025 planning table",https://www.e-redes.pt/sites/eredes/files/2022-07/PDIRD-E%202020%20proposta%20final.pdf,CHANGED
lines,LINE:003721,max_i_status,DIRECT_PDIRD_MINIMUM_SUMMER_NOMINAL_CURRENT,DIRECT_PDIRD_MINIMUM_WINTER_NOMINAL_CURRENT,CHANGED
lines,LINE:003721,max_i_ka,0.32085,0.387,CHANGED
lines,LINE:003721,seasonal_rating_status,WINTER_DYNAMIC_AMBIENT_TEMPERATURE_RATING_APPLIED,DIRECT_PDIRD_WINTER_NOMINAL_CURRENT_APPLIED,CHANGED
lines,LINE:003722,parameter_source,"E-REDES PDIRD-E 2020 Annex B, 31-12-2025 planning table",https://www.e-redes.pt/sites/eredes/files/2022-07/PDIRD-E%202020%20proposta%20final.pdf,CHANGED
lines,LINE:003722,max_i_status,DIRECT_PDIRD_MINIMUM_SUMMER_NOMINAL_CURRENT,DIRECT_PDIRD_MINIMUM_WINTER_NOMINAL_CURRENT,CHANGED
lines,LINE:003722,max_i_ka,0.32085,0.387,CHANGED
lines,LINE:003722,seasonal_rating_status,WINTER_DYNAMIC_AMBIENT_TEMPERATURE_RATING_APPLIED,DIRECT_PDIRD_WINTER_NOMINAL_CURRENT_APPLIED,CHANGED
lines,LINE:003726,parameter_source,"E-REDES PDIRD-E 2020 Annex B, 31-12-2025 planning table",https://www.e-redes.pt/sites/eredes/files/2022-07/PDIRD-E%202020%20proposta%20final.pdf,CHANGED
lines,LINE:003726,max_i_status,DIRECT_PDIRD_MINIMUM_SUMMER_NOMINAL_CURRENT,DIRECT_PDIRD_MINIMUM_WINTER_NOMINAL_CURRENT,CHANGED
lines,LINE:003726,max_i_ka,0.32085,0.387,CHANGED
lines,LINE:003726,seasonal_rating_status,WINTER_DYNAMIC_AMBIENT_TEMPERATURE_RATING_APPLIED,DIRECT_PDIRD_WINTER_NOMINAL_CURRENT_APPLIED,CHANGED
lines,LINE:003732,parameter_source,"E-REDES PDIRD-E 2020 Annex B, 31-12-2025 planning table",https://www.e-redes.pt/sites/eredes/files/2022-07/PDIRD-E%202020%20proposta%20final.pdf,CHANGED
lines,LINE:003732,max_i_status,DIRECT_PDIRD_MINIMUM_SUMMER_NOMINAL_CURRENT,DIRECT_PDIRD_MINIMUM_WINTER_NOMINAL_CURRENT,CHANGED
lines,LINE:003732,max_i_ka,0.6969,0.686,CHANGED
lines,LINE:003732,seasonal_rating_status,WINTER_DYNAMIC_AMBIENT_TEMPERATURE_RATING_APPLIED,DIRECT_PDIRD_WINTER_NOMINAL_CURRENT_APPLIED,CHANGED
lines,LINE:003735,parameter_source,"E-REDES PDIRD-E 2020 Annex B, 31-12-2025 planning table",https://www.e-redes.pt/sites/eredes/files/2022-07/PDIRD-E%202020%20proposta%20final.pdf,CHANGED
lines,LINE:003735,max_i_status,DIRECT_PDIRD_MINIMUM_SUMMER_NOMINAL_CURRENT,DIRECT_PDIRD_MINIMUM_WINTER_NOMINAL_CURRENT,CHANGED
lines,LINE:003735,max_i_ka,0.46115,0.451,CHANGED
lines,LINE:003735,seasonal_rating_status,WINTER_DYNAMIC_AMBIENT_TEMPERATURE_RATING_APPLIED,DIRECT_PDIRD_WINTER_NOMINAL_CURRENT_APPLIED,CHANGED
lines,LINE:003737,parameter_source,"E-REDES PDIRD-E 2020 Annex B, 31-12-2025 planning table",https://www.e-redes.pt/sites/eredes/files/2022-07/PDIRD-E%202020%20proposta%20final.pdf,CHANGED
lines,LINE:003737,max_i_status,DIRECT_PDIRD_MINIMUM_SUMMER_NOMINAL_CURRENT,DIRECT_PDIRD_MINIMUM_WINTER_NOMINAL_CURRENT,CHANGED
lines,LINE:003737,max_i_ka,0.6969,0.686,CHANGED
lines,LINE:003737,seasonal_rating_status,WINTER_DYNAMIC_AMBIENT_TEMPERATURE_RATING_APPLIED,DIRECT_PDIRD_WINTER_NOMINAL_CURRENT_APPLIED,CHANGED
lines,LINE:003738,parameter_source,"E-REDES PDIRD-E 2020 Annex B, 31-12-2025 planning table",https://www.e-redes.pt/sites/eredes/files/2022-07/PDIRD-E%202020%20proposta%20final.pdf,CHANGED
lines,LINE:003738,max_i_status,DIRECT_PDIRD_MINIMUM_SUMMER_NOMINAL_CURRENT,DIRECT_PDIRD_MINIMUM_WINTER_NOMINAL_CURRENT,CHANGED
lines,LINE:003738,max_i_ka,0.6969,0.686,CHANGED
lines,LINE:003738,seasonal_rating_status,WINTER_DYNAMIC_AMBIENT_TEMPERATURE_RATING_APPLIED,DIRECT_PDIRD_WINTER_NOMINAL_CURRENT_APPLIED,CHANGED
lines,LINE:003741,parameter_source,"E-REDES PDIRD-E 2020 Annex B, 31-12-2025 planning table",https://www.e-redes.pt/sites/eredes/files/2022-07/PDIRD-E%202020%20proposta%20final.pdf,CHANGED
lines,LINE:003741,max_i_status,DIRECT_PDIRD_MINIMUM_SUMMER_NOMINAL_CURRENT,DIRECT_PDIRD_MINIMUM_WINTER_NOMINAL_CURRENT,CHANGED
lines,LINE:003741,max_i_ka,0.6969,0.686,CHANGED
lines,LINE:003741,seasonal_rating_status,WINTER_DYNAMIC_AMBIENT_TEMPERATURE_RATING_APPLIED,DIRECT_PDIRD_WINTER_NOMINAL_CURRENT_APPLIED,CHANGED
lines,LINE:003746,parameter_source,"E-REDES PDIRD-E 2020 Annex B, 31-12-2025 planning table",https://www.e-redes.pt/sites/eredes/files/2022-07/PDIRD-E%202020%20proposta%20final.pdf,CHANGED
lines,LINE:003746,max_i_status,DIRECT_PDIRD_MINIMUM_SUMMER_NOMINAL_CURRENT,DIRECT_PDIRD_MINIMUM_WINTER_NOMINAL_CURRENT,CHANGED
lines,LINE:003746,max_i_ka,0.6969,0.686,CHANGED
lines,LINE:003746,seasonal_rating_status,WINTER_DYNAMIC_AMBIENT_TEMPERATURE_RATING_APPLIED,DIRECT_PDIRD_WINTER_NOMINAL_CURRENT_APPLIED,CHANGED
lines,LINE:003747,parameter_source,"E-REDES PDIRD-E 2020 Annex B, 31-12-2025 planning table",https://www.e-redes.pt/sites/eredes/files/2022-07/PDIRD-E%202020%20proposta%20final.pdf,CHANGED
lines,LINE:003747,max_i_status,DIRECT_PDIRD_MINIMUM_SUMMER_NOMINAL_CURRENT,DIRECT_PDIRD_MINIMUM_WINTER_NOMINAL_CURRENT,CHANGED
lines,LINE:003747,max_i_ka,0.4416,0.544,CHANGED
lines,LINE:003747,seasonal_rating_status,WINTER_DYNAMIC_AMBIENT_TEMPERATURE_RATING_APPLIED,DIRECT_PDIRD_WINTER_NOMINAL_CURRENT_APPLIED,CHANGED
lines,LINE:003748,parameter_source,"E-REDES PDIRD-E 2020 Annex B, 31-12-2025 planning table",https://www.e-redes.pt/sites/eredes/files/2022-07/PDIRD-E%202020%20proposta%20final.pdf,CHANGED
lines,LINE:003748,max_i_status,DIRECT_PDIRD_MINIMUM_SUMMER_NOMINAL_CURRENT,DIRECT_PDIRD_MINIMUM_WINTER_NOMINAL_CURRENT,CHANGED
lines,LINE:003748,max_i_ka,0.4416,0.544,CHANGED
lines,LINE:003748,seasonal_rating_status,WINTER_DYNAMIC_AMBIENT_TEMPERATURE_RATING_APPLIED,DIRECT_PDIRD_WINTER_NOMINAL_CURRENT_APPLIED,CHANGED
lines,LINE:003763,parameter_source,"E-REDES PDIRD-E 2020 Annex B, 31-12-2025 planning table",https://www.e-redes.pt/sites/eredes/files/2022-07/PDIRD-E%202020%20proposta%20final.pdf,CHANGED
lines,LINE:003763,max_i_status,DIRECT_PDIRD_MINIMUM_SUMMER_NOMINAL_CURRENT,DIRECT_PDIRD_MINIMUM_WINTER_NOMINAL_CURRENT,CHANGED
lines,LINE:003763,max_i_ka,0.4416,0.544,CHANGED
lines,LINE:003763,seasonal_rating_status,WINTER_DYNAMIC_AMBIENT_TEMPERATURE_RATING_APPLIED,DIRECT_PDIRD_WINTER_NOMINAL_CURRENT_APPLIED,CHANGED
lines,LINE:003766,parameter_source,"E-REDES PDIRD-E 2020 Annex B, 31-12-2025 planning table",https://www.e-redes.pt/sites/eredes/files/2022-07/PDIRD-E%202020%20proposta%20final.pdf,CHANGED
lines,LINE:003766,max_i_status,DIRECT_PDIRD_MINIMUM_SUMMER_NOMINAL_CURRENT,DIRECT_PDIRD_MINIMUM_WINTER_NOMINAL_CURRENT,CHANGED
lines,LINE:003766,max_i_ka,0.4416,0.544,CHANGED
lines,LINE:003766,seasonal_rating_status,WINTER_DYNAMIC_AMBIENT_TEMPERATURE_RATING_APPLIED,DIRECT_PDIRD_WINTER_NOMINAL_CURRENT_APPLIED,CHANGED
lines,LINE:003767,parameter_source,"E-REDES PDIRD-E 2020 Annex B, 31-12-2025 planning table",https://www.e-redes.pt/sites/eredes/files/2022-07/PDIRD-E%202020%20proposta%20final.pdf,CHANGED
lines,LINE:003767,max_i_status,DIRECT_PDIRD_MINIMUM_SUMMER_NOMINAL_CURRENT,DIRECT_PDIRD_MINIMUM_WINTER_NOMINAL_CURRENT,CHANGED
lines,LINE:003767,max_i_ka,0.6969,0.686,CHANGED
lines,LINE:003767,seasonal_rating_status,WINTER_DYNAMIC_AMBIENT_TEMPERATURE_RATING_APPLIED,DIRECT_PDIRD_WINTER_NOMINAL_CURRENT_APPLIED,CHANGED
lines,LINE:003773,parameter_source,"E-REDES PDIRD-E 2020 Annex B, 31-12-2025 planning table",https://www.e-redes.pt/sites/eredes/files/2022-07/PDIRD-E%202020%20proposta%20final.pdf,CHANGED
lines,LINE:003773,max_i_status,DIRECT_PDIRD_MINIMUM_SUMMER_NOMINAL_CURRENT,DIRECT_PDIRD_MINIMUM_WINTER_NOMINAL_CURRENT,CHANGED
lines,LINE:003773,max_i_ka,0.30015,0.362,CHANGED
lines,LINE:003773,seasonal_rating_status,WINTER_DYNAMIC_AMBIENT_TEMPERATURE_RATING_APPLIED,DIRECT_PDIRD_WINTER_NOMINAL_CURRENT_APPLIED,CHANGED
lines,LINE:003777,parameter_source,"E-REDES PDIRD-E 2020 Annex B, 31-12-2025 planning table",https://www.e-redes.pt/sites/eredes/files/2022-07/PDIRD-E%202020%20proposta%20final.pdf,CHANGED
lines,LINE:003777,max_i_status,DIRECT_PDIRD_MINIMUM_SUMMER_NOMINAL_CURRENT,DIRECT_PDIRD_MINIMUM_WINTER_NOMINAL_CURRENT,CHANGED
lines,LINE:003777,max_i_ka,1.3938,1.372,CHANGED
lines,LINE:003777,seasonal_rating_status,WINTER_DYNAMIC_AMBIENT_TEMPERATURE_RATING_APPLIED,DIRECT_PDIRD_WINTER_NOMINAL_CURRENT_APPLIED,CHANGED
lines,LINE:003781,parameter_source,"E-REDES PDIRD-E 2020 Annex B, 31-12-2025 planning table",https://www.e-redes.pt/sites/eredes/files/2022-07/PDIRD-E%202020%20proposta%20final.pdf,CHANGED
lines,LINE:003781,max_i_status,DIRECT_PDIRD_MINIMUM_SUMMER_NOMINAL_CURRENT,DIRECT_PDIRD_MINIMUM_WINTER_NOMINAL_CURRENT,CHANGED
lines,LINE:003781,max_i_ka,0.4416,0.544,CHANGED
lines,LINE:003781,seasonal_rating_status,WINTER_DYNAMIC_AMBIENT_TEMPERATURE_RATING_APPLIED,DIRECT_PDIRD_WINTER_NOMINAL_CURRENT_APPLIED,CHANGED
lines,LINE:003783,parameter_source,"E-REDES PDIRD-E 2020 Annex B, 31-12-2025 planning table",https://www.e-redes.pt/sites/eredes/files/2022-07/PDIRD-E%202020%20proposta%20final.pdf,CHANGED
lines,LINE:003783,max_i_status,DIRECT_PDIRD_MINIMUM_SUMMER_NOMINAL_CURRENT,DIRECT_PDIRD_MINIMUM_WINTER_NOMINAL_CURRENT,CHANGED
lines,LINE:003783,max_i_ka,0.37834999999999996,0.46,CHANGED
lines,LINE:003783,seasonal_rating_status,WINTER_DYNAMIC_AMBIENT_TEMPERATURE_RATING_APPLIED,DIRECT_PDIRD_WINTER_NOMINAL_CURRENT_APPLIED,CHANGED
lines,LINE:003792,parameter_source,"E-REDES PDIRD-E 2020 Annex B, 31-12-2025 planning table",https://www.e-redes.pt/sites/eredes/files/2022-07/PDIRD-E%202020%20proposta%20final.pdf,CHANGED
lines,LINE:003792,max_i_status,DIRECT_PDIRD_MINIMUM_SUMMER_NOMINAL_CURRENT,DIRECT_PDIRD_MINIMUM_WINTER_NOMINAL_CURRENT,CHANGED
lines,LINE:003792,max_i_ka,0.30015,0.362,CHANGED
lines,LINE:003792,seasonal_rating_status,WINTER_DYNAMIC_AMBIENT_TEMPERATURE_RATING_APPLIED,DIRECT_PDIRD_WINTER_NOMINAL_CURRENT_APPLIED,CHANGED
lines,LINE:003796,parameter_source,"E-REDES PDIRD-E 2020 Annex B, 31-12-2025 planning table",https://www.e-redes.pt/sites/eredes/files/2022-07/PDIRD-E%202020%20proposta%20final.pdf,CHANGED
lines,LINE:003796,max_i_status,DIRECT_PDIRD_MINIMUM_SUMMER_NOMINAL_CURRENT,DIRECT_PDIRD_MINIMUM_WINTER_NOMINAL_CURRENT,CHANGED
lines,LINE:003796,max_i_ka,0.5450999999999999,0.582,CHANGED
lines,LINE:003796,seasonal_rating_status,WINTER_DYNAMIC_AMBIENT_TEMPERATURE_RATING_APPLIED,DIRECT_PDIRD_WINTER_NOMINAL_CURRENT_APPLIED,CHANGED
lines,LINE:003797,parameter_source,"E-REDES PDIRD-E 2020 Annex B, 31-12-2025 planning table",https://www.e-redes.pt/sites/eredes/files/2022-07/PDIRD-E%202020%20proposta%20final.pdf,CHANGED
lines,LINE:003797,max_i_status,DIRECT_PDIRD_MINIMUM_SUMMER_NOMINAL_CURRENT,DIRECT_PDIRD_MINIMUM_WINTER_NOMINAL_CURRENT,CHANGED
lines,LINE:003797,max_i_ka,0.88435,1.089,CHANGED
lines,LINE:003797,seasonal_rating_status,WINTER_DYNAMIC_AMBIENT_TEMPERATURE_RATING_APPLIED,DIRECT_PDIRD_WINTER_NOMINAL_CURRENT_APPLIED,CHANGED
lines,LINE:003801,parameter_source,"E-REDES PDIRD-E 2020 Annex B, 31-12-2025 planning table",https://www.e-redes.pt/sites/eredes/files/2022-07/PDIRD-E%202020%20proposta%20final.pdf,CHANGED
lines,LINE:003801,max_i_status,DIRECT_PDIRD_MINIMUM_SUMMER_NOMINAL_CURRENT,DIRECT_PDIRD_MINIMUM_WINTER_NOMINAL_CURRENT,CHANGED
lines,LINE:003801,max_i_ka,0.5450999999999999,0.582,CHANGED
lines,LINE:003801,seasonal_rating_status,WINTER_DYNAMIC_AMBIENT_TEMPERATURE_RATING_APPLIED,DIRECT_PDIRD_WINTER_NOMINAL_CURRENT_APPLIED,CHANGED
lines,LINE:003802,parameter_source,"E-REDES PDIRD-E 2020 Annex B, 31-12-2025 planning table",https://www.e-redes.pt/sites/eredes/files/2022-07/PDIRD-E%202020%20proposta%20final.pdf,CHANGED
lines,LINE:003802,max_i_status,DIRECT_PDIRD_MINIMUM_SUMMER_NOMINAL_CURRENT,DIRECT_PDIRD_MINIMUM_WINTER_NOMINAL_CURRENT,CHANGED
lines,LINE:003802,max_i_ka,0.5450999999999999,0.582,CHANGED
lines,LINE:003802,seasonal_rating_status,WINTER_DYNAMIC_AMBIENT_TEMPERATURE_RATING_APPLIED,DIRECT_PDIRD_WINTER_NOMINAL_CURRENT_APPLIED,CHANGED
lines,LINE:003803,parameter_source,"E-REDES PDIRD-E 2020 Annex B, 31-12-2025 planning table",https://www.e-redes.pt/sites/eredes/files/2022-07/PDIRD-E%202020%20proposta%20final.pdf,CHANGED
lines,LINE:003803,max_i_status,DIRECT_PDIRD_MINIMUM_SUMMER_NOMINAL_CURRENT,DIRECT_PDIRD_MINIMUM_WINTER_NOMINAL_CURRENT,CHANGED
lines,LINE:003803,max_i_ka,0.5450999999999999,0.582,CHANGED
lines,LINE:003803,seasonal_rating_status,WINTER_DYNAMIC_AMBIENT_TEMPERATURE_RATING_APPLIED,DIRECT_PDIRD_WINTER_NOMINAL_CURRENT_APPLIED,CHANGED
lines,LINE:003804,parameter_source,"E-REDES PDIRD-E 2020 Annex B, 31-12-2025 planning table",https://www.e-redes.pt/sites/eredes/files/2022-07/PDIRD-E%202020%20proposta%20final.pdf,CHANGED
lines,LINE:003804,max_i_status,DIRECT_PDIRD_MINIMUM_SUMMER_NOMINAL_CURRENT,DIRECT_PDIRD_MINIMUM_WINTER_NOMINAL_CURRENT,CHANGED
lines,LINE:003804,max_i_ka,0.5450999999999999,0.582,CHANGED
lines,LINE:003804,seasonal_rating_status,WINTER_DYNAMIC_AMBIENT_TEMPERATURE_RATING_APPLIED,DIRECT_PDIRD_WINTER_NOMINAL_CURRENT_APPLIED,CHANGED
lines,LINE:003805,parameter_source,"E-REDES PDIRD-E 2020 Annex B, 31-12-2025 planning table",https://www.e-redes.pt/sites/eredes/files/2022-07/PDIRD-E%202020%20proposta%20final.pdf,CHANGED
lines,LINE:003805,max_i_status,DIRECT_PDIRD_MINIMUM_SUMMER_NOMINAL_CURRENT,DIRECT_PDIRD_MINIMUM_WINTER_NOMINAL_CURRENT,CHANGED
lines,LINE:003805,max_i_ka,0.5450999999999999,0.582,CHANGED
lines,LINE:003805,seasonal_rating_status,WINTER_DYNAMIC_AMBIENT_TEMPERATURE_RATING_APPLIED,DIRECT_PDIRD_WINTER_NOMINAL_CURRENT_APPLIED,CHANGED
lines,LINE:003806,parameter_source,"E-REDES PDIRD-E 2020 Annex B, 31-12-2025 planning table",https://www.e-redes.pt/sites/eredes/files/2022-07/PDIRD-E%202020%20proposta%20final.pdf,CHANGED
lines,LINE:003806,max_i_status,DIRECT_PDIRD_MINIMUM_SUMMER_NOMINAL_CURRENT,DIRECT_PDIRD_MINIMUM_WINTER_NOMINAL_CURRENT,CHANGED
lines,LINE:003806,max_i_ka,0.5450999999999999,0.582,CHANGED
lines,LINE:003806,seasonal_rating_status,WINTER_DYNAMIC_AMBIENT_TEMPERATURE_RATING_APPLIED,DIRECT_PDIRD_WINTER_NOMINAL_CURRENT_APPLIED,CHANGED
lines,LINE:003808,parameter_source,"E-REDES PDIRD-E 2020 Annex B, 31-12-2025 planning table",https://www.e-redes.pt/sites/eredes/files/2022-07/PDIRD-E%202020%20proposta%20final.pdf,CHANGED
lines,LINE:003808,max_i_status,DIRECT_PDIRD_MINIMUM_SUMMER_NOMINAL_CURRENT,DIRECT_PDIRD_MINIMUM_WINTER_NOMINAL_CURRENT,CHANGED
lines,LINE:003808,max_i_ka,0.5450999999999999,0.582,CHANGED
lines,LINE:003808,seasonal_rating_status,WINTER_DYNAMIC_AMBIENT_TEMPERATURE_RATING_APPLIED,DIRECT_PDIRD_WINTER_NOMINAL_CURRENT_APPLIED,CHANGED
lines,LINE:003809,parameter_source,"E-REDES PDIRD-E 2020 Annex B, 31-12-2025 planning table",https://www.e-redes.pt/sites/eredes/files/2022-07/PDIRD-E%202020%20proposta%20final.pdf,CHANGED
lines,LINE:003809,max_i_status,DIRECT_PDIRD_MINIMUM_SUMMER_NOMINAL_CURRENT,DIRECT_PDIRD_MINIMUM_WINTER_NOMINAL_CURRENT,CHANGED
lines,LINE:003809,max_i_ka,0.5450999999999999,0.582,CHANGED
lines,LINE:003809,seasonal_rating_status,WINTER_DYNAMIC_AMBIENT_TEMPERATURE_RATING_APPLIED,DIRECT_PDIRD_WINTER_NOMINAL_CURRENT_APPLIED,CHANGED
lines,LINE:003810,parameter_source,"E-REDES PDIRD-E 2020 Annex B, 31-12-2025 planning table",https://www.e-redes.pt/sites/eredes/files/2022-07/PDIRD-E%202020%20proposta%20final.pdf,CHANGED
lines,LINE:003810,max_i_status,DIRECT_PDIRD_MINIMUM_SUMMER_NOMINAL_CURRENT,DIRECT_PDIRD_MINIMUM_WINTER_NOMINAL_CURRENT,CHANGED
lines,LINE:003810,max_i_ka,0.5450999999999999,0.582,CHANGED
lines,LINE:003810,seasonal_rating_status,WINTER_DYNAMIC_AMBIENT_TEMPERATURE_RATING_APPLIED,DIRECT_PDIRD_WINTER_NOMINAL_CURRENT_APPLIED,CHANGED
lines,LINE:003811,parameter_source,"E-REDES PDIRD-E 2020 Annex B, 31-12-2025 planning table",https://www.e-redes.pt/sites/eredes/files/2022-07/PDIRD-E%202020%20proposta%20final.pdf,CHANGED
lines,LINE:003811,max_i_status,DIRECT_PDIRD_MINIMUM_SUMMER_NOMINAL_CURRENT,DIRECT_PDIRD_MINIMUM_WINTER_NOMINAL_CURRENT,CHANGED
lines,LINE:003811,max_i_ka,0.5450999999999999,0.582,CHANGED
lines,LINE:003811,seasonal_rating_status,WINTER_DYNAMIC_AMBIENT_TEMPERATURE_RATING_APPLIED,DIRECT_PDIRD_WINTER_NOMINAL_CURRENT_APPLIED,CHANGED
lines,LINE:003812,parameter_source,"E-REDES PDIRD-E 2020 Annex B, 31-12-2025 planning table",https://www.e-redes.pt/sites/eredes/files/2022-07/PDIRD-E%202020%20proposta%20final.pdf,CHANGED
lines,LINE:003812,max_i_status,DIRECT_PDIRD_MINIMUM_SUMMER_NOMINAL_CURRENT,DIRECT_PDIRD_MINIMUM_WINTER_NOMINAL_CURRENT,CHANGED
lines,LINE:003812,max_i_ka,0.5450999999999999,0.582,CHANGED
lines,LINE:003812,seasonal_rating_status,WINTER_DYNAMIC_AMBIENT_TEMPERATURE_RATING_APPLIED,DIRECT_PDIRD_WINTER_NOMINAL_CURRENT_APPLIED,CHANGED
lines,LINE:003813,parameter_source,"E-REDES PDIRD-E 2020 Annex B, 31-12-2025 planning table",https://www.e-redes.pt/sites/eredes/files/2022-07/PDIRD-E%202020%20proposta%20final.pdf,CHANGED
lines,LINE:003813,max_i_status,DIRECT_PDIRD_MINIMUM_SUMMER_NOMINAL_CURRENT,DIRECT_PDIRD_MINIMUM_WINTER_NOMINAL_CURRENT,CHANGED
lines,LINE:003813,max_i_ka,0.5450999999999999,0.582,CHANGED
lines,LINE:003813,seasonal_rating_status,WINTER_DYNAMIC_AMBIENT_TEMPERATURE_RATING_APPLIED,DIRECT_PDIRD_WINTER_NOMINAL_CURRENT_APPLIED,CHANGED
lines,LINE:003814,parameter_source,"E-REDES PDIRD-E 2020 Annex B, 31-12-2025 planning table",https://www.e-redes.pt/sites/eredes/files/2022-07/PDIRD-E%202020%20proposta%20final.pdf,CHANGED
lines,LINE:003814,max_i_status,DIRECT_PDIRD_MINIMUM_SUMMER_NOMINAL_CURRENT,DIRECT_PDIRD_MINIMUM_WINTER_NOMINAL_CURRENT,CHANGED
lines,LINE:003814,max_i_ka,0.5450999999999999,0.582,CHANGED
lines,LINE:003814,seasonal_rating_status,WINTER_DYNAMIC_AMBIENT_TEMPERATURE_RATING_APPLIED,DIRECT_PDIRD_WINTER_NOMINAL_CURRENT_APPLIED,CHANGED
lines,LINE:003815,parameter_source,"E-REDES PDIRD-E 2020 Annex B, 31-12-2025 planning table",https://www.e-redes.pt/sites/eredes/files/2022-07/PDIRD-E%202020%20proposta%20final.pdf,CHANGED
lines,LINE:003815,max_i_status,DIRECT_PDIRD_MINIMUM_SUMMER_NOMINAL_CURRENT,DIRECT_PDIRD_MINIMUM_WINTER_NOMINAL_CURRENT,CHANGED
lines,LINE:003815,max_i_ka,0.5450999999999999,0.582,CHANGED
lines,LINE:003815,seasonal_rating_status,WINTER_DYNAMIC_AMBIENT_TEMPERATURE_RATING_APPLIED,DIRECT_PDIRD_WINTER_NOMINAL_CURRENT_APPLIED,CHANGED
lines,LINE:003816,parameter_source,"E-REDES PDIRD-E 2020 Annex B, 31-12-2025 planning table",https://www.e-redes.pt/sites/eredes/files/2022-07/PDIRD-E%202020%20proposta%20final.pdf,CHANGED
lines,LINE:003816,max_i_status,DIRECT_PDIRD_MINIMUM_SUMMER_NOMINAL_CURRENT,DIRECT_PDIRD_MINIMUM_WINTER_NOMINAL_CURRENT,CHANGED
lines,LINE:003816,max_i_ka,0.5450999999999999,0.582,CHANGED
lines,LINE:003816,seasonal_rating_status,WINTER_DYNAMIC_AMBIENT_TEMPERATURE_RATING_APPLIED,DIRECT_PDIRD_WINTER_NOMINAL_CURRENT_APPLIED,CHANGED
lines,LINE:003817,parameter_source,"E-REDES PDIRD-E 2020 Annex B, 31-12-2025 planning table",https://www.e-redes.pt/sites/eredes/files/2022-07/PDIRD-E%202020%20proposta%20final.pdf,CHANGED
lines,LINE:003817,max_i_status,DIRECT_PDIRD_MINIMUM_SUMMER_NOMINAL_CURRENT,DIRECT_PDIRD_MINIMUM_WINTER_NOMINAL_CURRENT,CHANGED
lines,LINE:003817,max_i_ka,0.4416,0.544,CHANGED
lines,LINE:003817,seasonal_rating_status,WINTER_DYNAMIC_AMBIENT_TEMPERATURE_RATING_APPLIED,DIRECT_PDIRD_WINTER_NOMINAL_CURRENT_APPLIED,CHANGED
lines,LINE:003819,parameter_source,"E-REDES PDIRD-E 2020 Annex B, 31-12-2025 planning table",https://www.e-redes.pt/sites/eredes/files/2022-07/PDIRD-E%202020%20proposta%20final.pdf,CHANGED
lines,LINE:003819,max_i_status,DIRECT_PDIRD_MINIMUM_SUMMER_NOMINAL_CURRENT,DIRECT_PDIRD_MINIMUM_WINTER_NOMINAL_CURRENT,CHANGED
lines,LINE:003819,max_i_ka,0.4416,0.544,CHANGED
lines,LINE:003819,seasonal_rating_status,WINTER_DYNAMIC_AMBIENT_TEMPERATURE_RATING_APPLIED,DIRECT_PDIRD_WINTER_NOMINAL_CURRENT_APPLIED,CHANGED
lines,LINE:003820,parameter_source,"E-REDES PDIRD-E 2020 Annex B, 31-12-2025 planning table",https://www.e-redes.pt/sites/eredes/files/2022-07/PDIRD-E%202020%20proposta%20final.pdf,CHANGED
lines,LINE:003820,max_i_status,DIRECT_PDIRD_MINIMUM_SUMMER_NOMINAL_CURRENT,DIRECT_PDIRD_MINIMUM_WINTER_NOMINAL_CURRENT,CHANGED
lines,LINE:003820,max_i_ka,0.4416,0.537,CHANGED
lines,LINE:003820,seasonal_rating_status,WINTER_DYNAMIC_AMBIENT_TEMPERATURE_RATING_APPLIED,DIRECT_PDIRD_WINTER_NOMINAL_CURRENT_APPLIED,CHANGED
lines,LINE:003821,parameter_source,"E-REDES PDIRD-E 2020 Annex B, 31-12-2025 planning table",https://www.e-redes.pt/sites/eredes/files/2022-07/PDIRD-E%202020%20proposta%20final.pdf,CHANGED
lines,LINE:003821,max_i_status,DIRECT_PDIRD_MINIMUM_SUMMER_NOMINAL_CURRENT,DIRECT_PDIRD_MINIMUM_WINTER_NOMINAL_CURRENT,CHANGED
lines,LINE:003821,max_i_ka,0.4416,0.537,CHANGED
lines,LINE:003821,seasonal_rating_status,WINTER_DYNAMIC_AMBIENT_TEMPERATURE_RATING_APPLIED,DIRECT_PDIRD_WINTER_NOMINAL_CURRENT_APPLIED,CHANGED
lines,LINE:003835,parameter_source,"E-REDES PDIRD-E 2020 Annex B, 31-12-2025 planning table",https://www.e-redes.pt/sites/eredes/files/2022-07/PDIRD-E%202020%20proposta%20final.pdf,CHANGED
lines,LINE:003835,max_i_status,DIRECT_PDIRD_MINIMUM_SUMMER_NOMINAL_CURRENT,DIRECT_PDIRD_MINIMUM_WINTER_NOMINAL_CURRENT,CHANGED
lines,LINE:003835,max_i_ka,0.5450999999999999,0.582,CHANGED
lines,LINE:003835,seasonal_rating_status,WINTER_DYNAMIC_AMBIENT_TEMPERATURE_RATING_APPLIED,DIRECT_PDIRD_WINTER_NOMINAL_CURRENT_APPLIED,CHANGED
lines,LINE:003836,parameter_source,"E-REDES PDIRD-E 2020 Annex B, 31-12-2025 planning table",https://www.e-redes.pt/sites/eredes/files/2022-07/PDIRD-E%202020%20proposta%20final.pdf,CHANGED
lines,LINE:003836,max_i_status,DIRECT_PDIRD_MINIMUM_SUMMER_NOMINAL_CURRENT,DIRECT_PDIRD_MINIMUM_WINTER_NOMINAL_CURRENT,CHANGED
lines,LINE:003836,max_i_ka,0.5450999999999999,0.582,CHANGED
lines,LINE:003836,seasonal_rating_status,WINTER_DYNAMIC_AMBIENT_TEMPERATURE_RATING_APPLIED,DIRECT_PDIRD_WINTER_NOMINAL_CURRENT_APPLIED,CHANGED
lines,LINE:003850,parameter_source,"E-REDES PDIRD-E 2020 Annex B, 31-12-2025 planning table",https://www.e-redes.pt/sites/eredes/files/2022-07/PDIRD-E%202020%20proposta%20final.pdf,CHANGED
lines,LINE:003850,max_i_status,DIRECT_PDIRD_MINIMUM_SUMMER_NOMINAL_CURRENT,DIRECT_PDIRD_MINIMUM_WINTER_NOMINAL_CURRENT,CHANGED
lines,LINE:003850,max_i_ka,0.6014499999999999,0.686,CHANGED
lines,LINE:003850,seasonal_rating_status,WINTER_DYNAMIC_AMBIENT_TEMPERATURE_RATING_APPLIED,DIRECT_PDIRD_WINTER_NOMINAL_CURRENT_APPLIED,CHANGED
lines,LINE:003852,parameter_source,"E-REDES PDIRD-E 2020 Annex B, 31-12-2025 planning table",https://www.e-redes.pt/sites/eredes/files/2022-07/PDIRD-E%202020%20proposta%20final.pdf,CHANGED
lines,LINE:003852,max_i_status,DIRECT_PDIRD_MINIMUM_SUMMER_NOMINAL_CURRENT,DIRECT_PDIRD_MINIMUM_WINTER_NOMINAL_CURRENT,CHANGED
lines,LINE:003852,max_i_ka,0.88435,1.089,CHANGED
lines,LINE:003852,seasonal_rating_status,WINTER_DYNAMIC_AMBIENT_TEMPERATURE_RATING_APPLIED,DIRECT_PDIRD_WINTER_NOMINAL_CURRENT_APPLIED,CHANGED
lines,LINE:003855,parameter_source,"E-REDES PDIRD-E 2020 Annex B, 31-12-2025 planning table",https://www.e-redes.pt/sites/eredes/files/2022-07/PDIRD-E%202020%20proposta%20final.pdf,CHANGED
lines,LINE:003855,max_i_status,DIRECT_PDIRD_MINIMUM_SUMMER_NOMINAL_CURRENT,DIRECT_PDIRD_MINIMUM_WINTER_NOMINAL_CURRENT,CHANGED
lines,LINE:003855,max_i_ka,0.46115,0.451,CHANGED
lines,LINE:003855,seasonal_rating_status,WINTER_DYNAMIC_AMBIENT_TEMPERATURE_RATING_APPLIED,DIRECT_PDIRD_WINTER_NOMINAL_CURRENT_APPLIED,CHANGED
lines,LINE:003859,parameter_source,"E-REDES PDIRD-E 2020 Annex B, 31-12-2025 planning table",https://www.e-redes.pt/sites/eredes/files/2022-07/PDIRD-E%202020%20proposta%20final.pdf,CHANGED
lines,LINE:003859,max_i_status,DIRECT_PDIRD_MINIMUM_SUMMER_NOMINAL_CURRENT,DIRECT_PDIRD_MINIMUM_WINTER_NOMINAL_CURRENT,CHANGED
lines,LINE:003859,max_i_ka,0.6014499999999999,0.723,CHANGED
lines,LINE:003859,seasonal_rating_status,WINTER_DYNAMIC_AMBIENT_TEMPERATURE_RATING_APPLIED,DIRECT_PDIRD_WINTER_NOMINAL_CURRENT_APPLIED,CHANGED
lines,LINE:003860,parameter_source,"E-REDES PDIRD-E 2020 Annex B, 31-12-2025 planning table",https://www.e-redes.pt/sites/eredes/files/2022-07/PDIRD-E%202020%20proposta%20final.pdf,CHANGED
lines,LINE:003860,max_i_status,DIRECT_PDIRD_MINIMUM_SUMMER_NOMINAL_CURRENT,DIRECT_PDIRD_MINIMUM_WINTER_NOMINAL_CURRENT,CHANGED
lines,LINE:003860,max_i_ka,0.6014499999999999,0.723,CHANGED
lines,LINE:003860,seasonal_rating_status,WINTER_DYNAMIC_AMBIENT_TEMPERATURE_RATING_APPLIED,DIRECT_PDIRD_WINTER_NOMINAL_CURRENT_APPLIED,CHANGED
lines,LINE:003861,parameter_source,"E-REDES PDIRD-E 2020 Annex B, 31-12-2025 planning table",https://www.e-redes.pt/sites/eredes/files/2022-07/PDIRD-E%202020%20proposta%20final.pdf,CHANGED
lines,LINE:003861,max_i_status,DIRECT_PDIRD_MINIMUM_SUMMER_NOMINAL_CURRENT,DIRECT_PDIRD_MINIMUM_WINTER_NOMINAL_CURRENT,CHANGED
lines,LINE:003861,max_i_ka,0.6014499999999999,0.686,CHANGED
lines,LINE:003861,seasonal_rating_status,WINTER_DYNAMIC_AMBIENT_TEMPERATURE_RATING_APPLIED,DIRECT_PDIRD_WINTER_NOMINAL_CURRENT_APPLIED,CHANGED
lines,LINE:003862,parameter_source,"E-REDES PDIRD-E 2020 Annex B, 31-12-2025 planning table",https://www.e-redes.pt/sites/eredes/files/2022-07/PDIRD-E%202020%20proposta%20final.pdf,CHANGED
lines,LINE:003862,max_i_status,DIRECT_PDIRD_MINIMUM_SUMMER_NOMINAL_CURRENT,DIRECT_PDIRD_MINIMUM_WINTER_NOMINAL_CURRENT,CHANGED
lines,LINE:003862,max_i_ka,0.30015,0.362,CHANGED
lines,LINE:003862,seasonal_rating_status,WINTER_DYNAMIC_AMBIENT_TEMPERATURE_RATING_APPLIED,DIRECT_PDIRD_WINTER_NOMINAL_CURRENT_APPLIED,CHANGED
lines,LINE:003863,parameter_source,"E-REDES PDIRD-E 2020 Annex B, 31-12-2025 planning table",https://www.e-redes.pt/sites/eredes/files/2022-07/PDIRD-E%202020%20proposta%20final.pdf,CHANGED
lines,LINE:003863,max_i_status,DIRECT_PDIRD_MINIMUM_SUMMER_NOMINAL_CURRENT,DIRECT_PDIRD_MINIMUM_WINTER_NOMINAL_CURRENT,CHANGED
lines,LINE:003863,max_i_ka,0.6014499999999999,0.723,CHANGED
lines,LINE:003863,seasonal_rating_status,WINTER_DYNAMIC_AMBIENT_TEMPERATURE_RATING_APPLIED,DIRECT_PDIRD_WINTER_NOMINAL_CURRENT_APPLIED,CHANGED
lines,LINE:003864,parameter_source,"E-REDES PDIRD-E 2020 Annex B, 31-12-2025 planning table",https://www.e-redes.pt/sites/eredes/files/2022-07/PDIRD-E%202020%20proposta%20final.pdf,CHANGED
lines,LINE:003864,max_i_status,DIRECT_PDIRD_MINIMUM_SUMMER_NOMINAL_CURRENT,DIRECT_PDIRD_MINIMUM_WINTER_NOMINAL_CURRENT,CHANGED
lines,LINE:003864,max_i_ka,0.30015,0.362,CHANGED
lines,LINE:003864,seasonal_rating_status,WINTER_DYNAMIC_AMBIENT_TEMPERATURE_RATING_APPLIED,DIRECT_PDIRD_WINTER_NOMINAL_CURRENT_APPLIED,CHANGED
lines,LINE:003865,parameter_source,"E-REDES PDIRD-E 2020 Annex B, 31-12-2025 planning table",https://www.e-redes.pt/sites/eredes/files/2022-07/PDIRD-E%202020%20proposta%20final.pdf,CHANGED
lines,LINE:003865,max_i_status,DIRECT_PDIRD_MINIMUM_SUMMER_NOMINAL_CURRENT,DIRECT_PDIRD_MINIMUM_WINTER_NOMINAL_CURRENT,CHANGED
lines,LINE:003865,max_i_ka,0.4416,0.544,CHANGED
lines,LINE:003865,seasonal_rating_status,WINTER_DYNAMIC_AMBIENT_TEMPERATURE_RATING_APPLIED,DIRECT_PDIRD_WINTER_NOMINAL_CURRENT_APPLIED,CHANGED
lines,LINE:003869,parameter_source,"E-REDES PDIRD-E 2020 Annex B, 31-12-2025 planning table",https://www.e-redes.pt/sites/eredes/files/2022-07/PDIRD-E%202020%20proposta%20final.pdf,CHANGED
lines,LINE:003869,max_i_status,DIRECT_PDIRD_MINIMUM_SUMMER_NOMINAL_CURRENT,DIRECT_PDIRD_MINIMUM_WINTER_NOMINAL_CURRENT,CHANGED
lines,LINE:003869,max_i_ka,0.30015,0.362,CHANGED
lines,LINE:003869,seasonal_rating_status,WINTER_DYNAMIC_AMBIENT_TEMPERATURE_RATING_APPLIED,DIRECT_PDIRD_WINTER_NOMINAL_CURRENT_APPLIED,CHANGED
lines,LINE:003871,parameter_source,"E-REDES PDIRD-E 2020 Annex B, 31-12-2025 planning table",https://www.e-redes.pt/sites/eredes/files/2022-07/PDIRD-E%202020%20proposta%20final.pdf,CHANGED
lines,LINE:003871,max_i_status,DIRECT_PDIRD_MINIMUM_SUMMER_NOMINAL_CURRENT,DIRECT_PDIRD_MINIMUM_WINTER_NOMINAL_CURRENT,CHANGED
lines,LINE:003871,max_i_ka,0.5450999999999999,0.582,CHANGED
lines,LINE:003871,seasonal_rating_status,WINTER_DYNAMIC_AMBIENT_TEMPERATURE_RATING_APPLIED,DIRECT_PDIRD_WINTER_NOMINAL_CURRENT_APPLIED,CHANGED
lines,LINE:003882,parameter_source,"E-REDES PDIRD-E 2020 Annex B, 31-12-2025 planning table",https://www.e-redes.pt/sites/eredes/files/2022-07/PDIRD-E%202020%20proposta%20final.pdf,CHANGED
lines,LINE:003882,max_i_status,DIRECT_PDIRD_MINIMUM_SUMMER_NOMINAL_CURRENT,DIRECT_PDIRD_MINIMUM_WINTER_NOMINAL_CURRENT,CHANGED
lines,LINE:003882,max_i_ka,0.5450999999999999,0.582,CHANGED
lines,LINE:003882,seasonal_rating_status,WINTER_DYNAMIC_AMBIENT_TEMPERATURE_RATING_APPLIED,DIRECT_PDIRD_WINTER_NOMINAL_CURRENT_APPLIED,CHANGED
lines,LINE:003884,parameter_source,"E-REDES PDIRD-E 2020 Annex B, 31-12-2025 planning table",https://www.e-redes.pt/sites/eredes/files/2022-07/PDIRD-E%202020%20proposta%20final.pdf,CHANGED
lines,LINE:003884,max_i_status,DIRECT_PDIRD_MINIMUM_SUMMER_NOMINAL_CURRENT,DIRECT_PDIRD_MINIMUM_WINTER_NOMINAL_CURRENT,CHANGED
lines,LINE:003884,max_i_ka,0.5450999999999999,0.582,CHANGED
lines,LINE:003884,seasonal_rating_status,WINTER_DYNAMIC_AMBIENT_TEMPERATURE_RATING_APPLIED,DIRECT_PDIRD_WINTER_NOMINAL_CURRENT_APPLIED,CHANGED
lines,LINE:003885,parameter_source,"E-REDES PDIRD-E 2020 Annex B, 31-12-2025 planning table",https://www.e-redes.pt/sites/eredes/files/2022-07/PDIRD-E%202020%20proposta%20final.pdf,CHANGED
lines,LINE:003885,max_i_status,DIRECT_PDIRD_MINIMUM_SUMMER_NOMINAL_CURRENT,DIRECT_PDIRD_MINIMUM_WINTER_NOMINAL_CURRENT,CHANGED
lines,LINE:003885,max_i_ka,0.5450999999999999,0.582,CHANGED
lines,LINE:003885,seasonal_rating_status,WINTER_DYNAMIC_AMBIENT_TEMPERATURE_RATING_APPLIED,DIRECT_PDIRD_WINTER_NOMINAL_CURRENT_APPLIED,CHANGED
lines,LINE:003886,parameter_source,"E-REDES PDIRD-E 2020 Annex B, 31-12-2025 planning table",https://www.e-redes.pt/sites/eredes/files/2022-07/PDIRD-E%202020%20proposta%20final.pdf,CHANGED
lines,LINE:003886,max_i_status,DIRECT_PDIRD_MINIMUM_SUMMER_NOMINAL_CURRENT,DIRECT_PDIRD_MINIMUM_WINTER_NOMINAL_CURRENT,CHANGED
lines,LINE:003886,max_i_ka,0.5450999999999999,0.582,CHANGED
lines,LINE:003886,seasonal_rating_status,WINTER_DYNAMIC_AMBIENT_TEMPERATURE_RATING_APPLIED,DIRECT_PDIRD_WINTER_NOMINAL_CURRENT_APPLIED,CHANGED
lines,LINE:003898,parameter_source,"E-REDES PDIRD-E 2020 Annex B, 31-12-2025 planning table",https://www.e-redes.pt/sites/eredes/files/2022-07/PDIRD-E%202020%20proposta%20final.pdf,CHANGED
lines,LINE:003898,max_i_status,DIRECT_PDIRD_MINIMUM_SUMMER_NOMINAL_CURRENT,DIRECT_PDIRD_MINIMUM_WINTER_NOMINAL_CURRENT,CHANGED
lines,LINE:003898,max_i_ka,0.46115,0.451,CHANGED
lines,LINE:003898,seasonal_rating_status,WINTER_DYNAMIC_AMBIENT_TEMPERATURE_RATING_APPLIED,DIRECT_PDIRD_WINTER_NOMINAL_CURRENT_APPLIED,CHANGED
lines,LINE:003900,parameter_source,"E-REDES PDIRD-E 2020 Annex B, 31-12-2025 planning table",https://www.e-redes.pt/sites/eredes/files/2022-07/PDIRD-E%202020%20proposta%20final.pdf,CHANGED
lines,LINE:003900,max_i_status,DIRECT_PDIRD_MINIMUM_SUMMER_NOMINAL_CURRENT,DIRECT_PDIRD_MINIMUM_WINTER_NOMINAL_CURRENT,CHANGED
lines,LINE:003900,max_i_ka,0.46115,0.451,CHANGED
lines,LINE:003900,seasonal_rating_status,WINTER_DYNAMIC_AMBIENT_TEMPERATURE_RATING_APPLIED,DIRECT_PDIRD_WINTER_NOMINAL_CURRENT_APPLIED,CHANGED
lines,LINE:003912,parameter_source,"E-REDES PDIRD-E 2020 Annex B, 31-12-2025 planning table",https://www.e-redes.pt/sites/eredes/files/2022-07/PDIRD-E%202020%20proposta%20final.pdf,CHANGED
lines,LINE:003912,max_i_status,DIRECT_PDIRD_MINIMUM_SUMMER_NOMINAL_CURRENT,DIRECT_PDIRD_MINIMUM_WINTER_NOMINAL_CURRENT,CHANGED
lines,LINE:003912,max_i_ka,0.6969,0.686,CHANGED
lines,LINE:003912,seasonal_rating_status,WINTER_DYNAMIC_AMBIENT_TEMPERATURE_RATING_APPLIED,DIRECT_PDIRD_WINTER_NOMINAL_CURRENT_APPLIED,CHANGED
lines,LINE:003914,parameter_source,"E-REDES PDIRD-E 2020 Annex B, 31-12-2025 planning table",https://www.e-redes.pt/sites/eredes/files/2022-07/PDIRD-E%202020%20proposta%20final.pdf,CHANGED
lines,LINE:003914,max_i_status,DIRECT_PDIRD_MINIMUM_SUMMER_NOMINAL_CURRENT,DIRECT_PDIRD_MINIMUM_WINTER_NOMINAL_CURRENT,CHANGED
lines,LINE:003914,max_i_ka,0.37374999999999997,0.386,CHANGED
lines,LINE:003914,seasonal_rating_status,WINTER_DYNAMIC_AMBIENT_TEMPERATURE_RATING_APPLIED,DIRECT_PDIRD_WINTER_NOMINAL_CURRENT_APPLIED,CHANGED
lines,LINE:003922,parameter_source,"E-REDES PDIRD-E 2020 Annex B, 31-12-2025 planning table",https://www.e-redes.pt/sites/eredes/files/2022-07/PDIRD-E%202020%20proposta%20final.pdf,CHANGED
lines,LINE:003922,max_i_status,DIRECT_PDIRD_MINIMUM_SUMMER_NOMINAL_CURRENT,DIRECT_PDIRD_MINIMUM_WINTER_NOMINAL_CURRENT,CHANGED
lines,LINE:003922,max_i_ka,0.6969,0.686,CHANGED
lines,LINE:003922,seasonal_rating_status,WINTER_DYNAMIC_AMBIENT_TEMPERATURE_RATING_APPLIED,DIRECT_PDIRD_WINTER_NOMINAL_CURRENT_APPLIED,CHANGED
lines,LINE:003923,parameter_source,"E-REDES PDIRD-E 2020 Annex B, 31-12-2025 planning table",https://www.e-redes.pt/sites/eredes/files/2022-07/PDIRD-E%202020%20proposta%20final.pdf,CHANGED
lines,LINE:003923,max_i_status,DIRECT_PDIRD_MINIMUM_SUMMER_NOMINAL_CURRENT,DIRECT_PDIRD_MINIMUM_WINTER_NOMINAL_CURRENT,CHANGED
lines,LINE:003923,max_i_ka,0.6969,0.686,CHANGED
lines,LINE:003923,seasonal_rating_status,WINTER_DYNAMIC_AMBIENT_TEMPERATURE_RATING_APPLIED,DIRECT_PDIRD_WINTER_NOMINAL_CURRENT_APPLIED,CHANGED
lines,LINE:003934,parameter_source,"E-REDES PDIRD-E 2020 Annex B, 31-12-2025 planning table",https://www.e-redes.pt/sites/eredes/files/2022-07/PDIRD-E%202020%20proposta%20final.pdf,CHANGED
lines,LINE:003934,max_i_status,DIRECT_PDIRD_MINIMUM_SUMMER_NOMINAL_CURRENT,DIRECT_PDIRD_MINIMUM_WINTER_NOMINAL_CURRENT,CHANGED
lines,LINE:003934,max_i_ka,0.6969,0.686,CHANGED
lines,LINE:003934,seasonal_rating_status,WINTER_DYNAMIC_AMBIENT_TEMPERATURE_RATING_APPLIED,DIRECT_PDIRD_WINTER_NOMINAL_CURRENT_APPLIED,CHANGED
lines,LINE:003935,parameter_source,"E-REDES PDIRD-E 2020 Annex B, 31-12-2025 planning table",https://www.e-redes.pt/sites/eredes/files/2022-07/PDIRD-E%202020%20proposta%20final.pdf,CHANGED
lines,LINE:003935,max_i_status,DIRECT_PDIRD_MINIMUM_SUMMER_NOMINAL_CURRENT,DIRECT_PDIRD_MINIMUM_WINTER_NOMINAL_CURRENT,CHANGED
lines,LINE:003935,max_i_ka,0.4416,0.544,CHANGED
lines,LINE:003935,seasonal_rating_status,WINTER_DYNAMIC_AMBIENT_TEMPERATURE_RATING_APPLIED,DIRECT_PDIRD_WINTER_NOMINAL_CURRENT_APPLIED,CHANGED
lines,LINE:003938,parameter_source,"E-REDES PDIRD-E 2020 Annex B, 31-12-2025 planning table",https://www.e-redes.pt/sites/eredes/files/2022-07/PDIRD-E%202020%20proposta%20final.pdf,CHANGED
lines,LINE:003938,max_i_status,DIRECT_PDIRD_MINIMUM_SUMMER_NOMINAL_CURRENT,DIRECT_PDIRD_MINIMUM_WINTER_NOMINAL_CURRENT,CHANGED
lines,LINE:003938,max_i_ka,0.4416,0.544,CHANGED
lines,LINE:003938,seasonal_rating_status,WINTER_DYNAMIC_AMBIENT_TEMPERATURE_RATING_APPLIED,DIRECT_PDIRD_WINTER_NOMINAL_CURRENT_APPLIED,CHANGED
lines,LINE:003939,parameter_source,"E-REDES PDIRD-E 2020 Annex B, 31-12-2025 planning table",https://www.e-redes.pt/sites/eredes/files/2022-07/PDIRD-E%202020%20proposta%20final.pdf,CHANGED
lines,LINE:003939,max_i_status,DIRECT_PDIRD_MINIMUM_SUMMER_NOMINAL_CURRENT,DIRECT_PDIRD_MINIMUM_WINTER_NOMINAL_CURRENT,CHANGED
lines,LINE:003939,max_i_ka,0.4416,0.544,CHANGED
lines,LINE:003939,seasonal_rating_status,WINTER_DYNAMIC_AMBIENT_TEMPERATURE_RATING_APPLIED,DIRECT_PDIRD_WINTER_NOMINAL_CURRENT_APPLIED,CHANGED
lines,LINE:003940,parameter_source,"E-REDES PDIRD-E 2020 Annex B, 31-12-2025 planning table",https://www.e-redes.pt/sites/eredes/files/2022-07/PDIRD-E%202020%20proposta%20final.pdf,CHANGED
lines,LINE:003940,max_i_status,DIRECT_PDIRD_MINIMUM_SUMMER_NOMINAL_CURRENT,DIRECT_PDIRD_MINIMUM_WINTER_NOMINAL_CURRENT,CHANGED
lines,LINE:003940,max_i_ka,0.30015,0.362,CHANGED
lines,LINE:003940,seasonal_rating_status,WINTER_DYNAMIC_AMBIENT_TEMPERATURE_RATING_APPLIED,DIRECT_PDIRD_WINTER_NOMINAL_CURRENT_APPLIED,CHANGED
lines,LINE:003944,parameter_source,"E-REDES PDIRD-E 2020 Annex B, 31-12-2025 planning table",https://www.e-redes.pt/sites/eredes/files/2022-07/PDIRD-E%202020%20proposta%20final.pdf,CHANGED
lines,LINE:003944,max_i_status,DIRECT_PDIRD_MINIMUM_SUMMER_NOMINAL_CURRENT,DIRECT_PDIRD_MINIMUM_WINTER_NOMINAL_CURRENT,CHANGED
lines,LINE:003944,max_i_ka,0.30015,0.362,CHANGED
lines,LINE:003944,seasonal_rating_status,WINTER_DYNAMIC_AMBIENT_TEMPERATURE_RATING_APPLIED,DIRECT_PDIRD_WINTER_NOMINAL_CURRENT_APPLIED,CHANGED
lines,LINE:003961,parameter_source,"E-REDES PDIRD-E 2020 Annex B, 31-12-2025 planning table",https://www.e-redes.pt/sites/eredes/files/2022-07/PDIRD-E%202020%20proposta%20final.pdf,CHANGED
lines,LINE:003961,max_i_status,DIRECT_PDIRD_MINIMUM_SUMMER_NOMINAL_CURRENT,DIRECT_PDIRD_MINIMUM_WINTER_NOMINAL_CURRENT,CHANGED
lines,LINE:003961,max_i_ka,1.3938,1.372,CHANGED
lines,LINE:003961,seasonal_rating_status,WINTER_DYNAMIC_AMBIENT_TEMPERATURE_RATING_APPLIED,DIRECT_PDIRD_WINTER_NOMINAL_CURRENT_APPLIED,CHANGED
lines,LINE:003962,parameter_source,"E-REDES PDIRD-E 2020 Annex B, 31-12-2025 planning table",https://www.e-redes.pt/sites/eredes/files/2022-07/PDIRD-E%202020%20proposta%20final.pdf,CHANGED
lines,LINE:003962,max_i_status,DIRECT_PDIRD_MINIMUM_SUMMER_NOMINAL_CURRENT,DIRECT_PDIRD_MINIMUM_WINTER_NOMINAL_CURRENT,CHANGED
lines,LINE:003962,max_i_ka,1.3938,1.372,CHANGED
lines,LINE:003962,seasonal_rating_status,WINTER_DYNAMIC_AMBIENT_TEMPERATURE_RATING_APPLIED,DIRECT_PDIRD_WINTER_NOMINAL_CURRENT_APPLIED,CHANGED
lines,LINE:003963,parameter_source,"E-REDES PDIRD-E 2020 Annex B, 31-12-2025 planning table",https://www.e-redes.pt/sites/eredes/files/2022-07/PDIRD-E%202020%20proposta%20final.pdf,CHANGED
lines,LINE:003963,max_i_status,DIRECT_PDIRD_MINIMUM_SUMMER_NOMINAL_CURRENT,DIRECT_PDIRD_MINIMUM_WINTER_NOMINAL_CURRENT,CHANGED
lines,LINE:003963,max_i_ka,0.4416,0.544,CHANGED
lines,LINE:003963,seasonal_rating_status,WINTER_DYNAMIC_AMBIENT_TEMPERATURE_RATING_APPLIED,DIRECT_PDIRD_WINTER_NOMINAL_CURRENT_APPLIED,CHANGED
lines,LINE:003964,parameter_source,"E-REDES PDIRD-E 2020 Annex B, 31-12-2025 planning table",https://www.e-redes.pt/sites/eredes/files/2022-07/PDIRD-E%202020%20proposta%20final.pdf,CHANGED
lines,LINE:003964,max_i_status,DIRECT_PDIRD_MINIMUM_SUMMER_NOMINAL_CURRENT,DIRECT_PDIRD_MINIMUM_WINTER_NOMINAL_CURRENT,CHANGED
lines,LINE:003964,max_i_ka,0.30015,0.362,CHANGED
lines,LINE:003964,seasonal_rating_status,WINTER_DYNAMIC_AMBIENT_TEMPERATURE_RATING_APPLIED,DIRECT_PDIRD_WINTER_NOMINAL_CURRENT_APPLIED,CHANGED
lines,LINE:003965,parameter_source,"E-REDES PDIRD-E 2020 Annex B, 31-12-2025 planning table",https://www.e-redes.pt/sites/eredes/files/2022-07/PDIRD-E%202020%20proposta%20final.pdf,CHANGED
lines,LINE:003965,max_i_status,DIRECT_PDIRD_MINIMUM_SUMMER_NOMINAL_CURRENT,DIRECT_PDIRD_MINIMUM_WINTER_NOMINAL_CURRENT,CHANGED
lines,LINE:003965,max_i_ka,0.30015,0.362,CHANGED
lines,LINE:003965,seasonal_rating_status,WINTER_DYNAMIC_AMBIENT_TEMPERATURE_RATING_APPLIED,DIRECT_PDIRD_WINTER_NOMINAL_CURRENT_APPLIED,CHANGED
lines,LINE:003966,parameter_source,"E-REDES PDIRD-E 2020 Annex B, 31-12-2025 planning table",https://www.e-redes.pt/sites/eredes/files/2022-07/PDIRD-E%202020%20proposta%20final.pdf,CHANGED
lines,LINE:003966,max_i_status,DIRECT_PDIRD_MINIMUM_SUMMER_NOMINAL_CURRENT,DIRECT_PDIRD_MINIMUM_WINTER_NOMINAL_CURRENT,CHANGED
lines,LINE:003966,max_i_ka,0.30015,0.362,CHANGED
lines,LINE:003966,seasonal_rating_status,WINTER_DYNAMIC_AMBIENT_TEMPERATURE_RATING_APPLIED,DIRECT_PDIRD_WINTER_NOMINAL_CURRENT_APPLIED,CHANGED
lines,LINE:003967,parameter_source,"E-REDES PDIRD-E 2020 Annex B, 31-12-2025 planning table",https://www.e-redes.pt/sites/eredes/files/2022-07/PDIRD-E%202020%20proposta%20final.pdf,CHANGED
lines,LINE:003967,max_i_status,DIRECT_PDIRD_MINIMUM_SUMMER_NOMINAL_CURRENT,DIRECT_PDIRD_MINIMUM_WINTER_NOMINAL_CURRENT,CHANGED
lines,LINE:003967,max_i_ka,0.30015,0.362,CHANGED
lines,LINE:003967,seasonal_rating_status,WINTER_DYNAMIC_AMBIENT_TEMPERATURE_RATING_APPLIED,DIRECT_PDIRD_WINTER_NOMINAL_CURRENT_APPLIED,CHANGED
lines,LINE:003982,parameter_source,"E-REDES PDIRD-E 2020 Annex B, 31-12-2025 planning table",https://www.e-redes.pt/sites/eredes/files/2022-07/PDIRD-E%202020%20proposta%20final.pdf,CHANGED
lines,LINE:003982,max_i_status,DIRECT_PDIRD_MINIMUM_SUMMER_NOMINAL_CURRENT,DIRECT_PDIRD_MINIMUM_WINTER_NOMINAL_CURRENT,CHANGED
lines,LINE:003982,max_i_ka,0.88435,1.089,CHANGED
lines,LINE:003982,seasonal_rating_status,WINTER_DYNAMIC_AMBIENT_TEMPERATURE_RATING_APPLIED,DIRECT_PDIRD_WINTER_NOMINAL_CURRENT_APPLIED,CHANGED
lines,LINE:003984,parameter_source,"E-REDES PDIRD-E 2020 Annex B, 31-12-2025 planning table",https://www.e-redes.pt/sites/eredes/files/2022-07/PDIRD-E%202020%20proposta%20final.pdf,CHANGED
lines,LINE:003984,max_i_status,DIRECT_PDIRD_MINIMUM_SUMMER_NOMINAL_CURRENT,DIRECT_PDIRD_MINIMUM_WINTER_NOMINAL_CURRENT,CHANGED
lines,LINE:003984,max_i_ka,1.3938,1.372,CHANGED
lines,LINE:003984,seasonal_rating_status,WINTER_DYNAMIC_AMBIENT_TEMPERATURE_RATING_APPLIED,DIRECT_PDIRD_WINTER_NOMINAL_CURRENT_APPLIED,CHANGED
lines,LINE:003987,parameter_source,"E-REDES PDIRD-E 2020 Annex B, 31-12-2025 planning table",https://www.e-redes.pt/sites/eredes/files/2022-07/PDIRD-E%202020%20proposta%20final.pdf,CHANGED
lines,LINE:003987,max_i_status,DIRECT_PDIRD_MINIMUM_SUMMER_NOMINAL_CURRENT,DIRECT_PDIRD_MINIMUM_WINTER_NOMINAL_CURRENT,CHANGED
lines,LINE:003987,max_i_ka,1.3938,1.372,CHANGED
lines,LINE:003987,seasonal_rating_status,WINTER_DYNAMIC_AMBIENT_TEMPERATURE_RATING_APPLIED,DIRECT_PDIRD_WINTER_NOMINAL_CURRENT_APPLIED,CHANGED
lines,LINE:003988,parameter_source,"E-REDES PDIRD-E 2020 Annex B, 31-12-2025 planning table",https://www.e-redes.pt/sites/eredes/files/2022-07/PDIRD-E%202020%20proposta%20final.pdf,CHANGED
lines,LINE:003988,max_i_status,DIRECT_PDIRD_MINIMUM_SUMMER_NOMINAL_CURRENT,DIRECT_PDIRD_MINIMUM_WINTER_NOMINAL_CURRENT,CHANGED
lines,LINE:003988,max_i_ka,0.37834999999999996,0.46,CHANGED
lines,LINE:003988,seasonal_rating_status,WINTER_DYNAMIC_AMBIENT_TEMPERATURE_RATING_APPLIED,DIRECT_PDIRD_WINTER_NOMINAL_CURRENT_APPLIED,CHANGED
lines,LINE:003991,parameter_source,"E-REDES PDIRD-E 2020 Annex B, 31-12-2025 planning table",https://www.e-redes.pt/sites/eredes/files/2022-07/PDIRD-E%202020%20proposta%20final.pdf,CHANGED
lines,LINE:003991,max_i_status,DIRECT_PDIRD_MINIMUM_SUMMER_NOMINAL_CURRENT,DIRECT_PDIRD_MINIMUM_WINTER_NOMINAL_CURRENT,CHANGED
lines,LINE:003991,max_i_ka,0.4416,0.544,CHANGED
lines,LINE:003991,seasonal_rating_status,WINTER_DYNAMIC_AMBIENT_TEMPERATURE_RATING_APPLIED,DIRECT_PDIRD_WINTER_NOMINAL_CURRENT_APPLIED,CHANGED
lines,LINE:003996,parameter_source,"E-REDES PDIRD-E 2020 Annex B, 31-12-2025 planning table",https://www.e-redes.pt/sites/eredes/files/2022-07/PDIRD-E%202020%20proposta%20final.pdf,CHANGED
lines,LINE:003996,max_i_status,DIRECT_PDIRD_MINIMUM_SUMMER_NOMINAL_CURRENT,DIRECT_PDIRD_MINIMUM_WINTER_NOMINAL_CURRENT,CHANGED
lines,LINE:003996,max_i_ka,0.8337499999999999,0.899,CHANGED
lines,LINE:003996,seasonal_rating_status,WINTER_DYNAMIC_AMBIENT_TEMPERATURE_RATING_APPLIED,DIRECT_PDIRD_WINTER_NOMINAL_CURRENT_APPLIED,CHANGED
lines,LINE:003999,parameter_source,"E-REDES PDIRD-E 2020 Annex B, 31-12-2025 planning table",https://www.e-redes.pt/sites/eredes/files/2022-07/PDIRD-E%202020%20proposta%20final.pdf,CHANGED
lines,LINE:003999,max_i_status,DIRECT_PDIRD_MINIMUM_SUMMER_NOMINAL_CURRENT,DIRECT_PDIRD_MINIMUM_WINTER_NOMINAL_CURRENT,CHANGED
lines,LINE:003999,max_i_ka,0.23919999999999997,0.285,CHANGED
lines,LINE:003999,seasonal_rating_status,WINTER_DYNAMIC_AMBIENT_TEMPERATURE_RATING_APPLIED,DIRECT_PDIRD_WINTER_NOMINAL_CURRENT_APPLIED,CHANGED
lines,LINE:004001,parameter_source,"E-REDES PDIRD-E 2020 Annex B, 31-12-2025 planning table",https://www.e-redes.pt/sites/eredes/files/2022-07/PDIRD-E%202020%20proposta%20final.pdf,CHANGED
lines,LINE:004001,max_i_status,DIRECT_PDIRD_MINIMUM_SUMMER_NOMINAL_CURRENT,DIRECT_PDIRD_MINIMUM_WINTER_NOMINAL_CURRENT,CHANGED
lines,LINE:004001,max_i_ka,0.6969,0.686,CHANGED
lines,LINE:004001,seasonal_rating_status,WINTER_DYNAMIC_AMBIENT_TEMPERATURE_RATING_APPLIED,DIRECT_PDIRD_WINTER_NOMINAL_CURRENT_APPLIED,CHANGED
lines,LINE:004002,parameter_source,"E-REDES PDIRD-E 2020 Annex B, 31-12-2025 planning table",https://www.e-redes.pt/sites/eredes/files/2022-07/PDIRD-E%202020%20proposta%20final.pdf,CHANGED
lines,LINE:004002,max_i_status,DIRECT_PDIRD_MINIMUM_SUMMER_NOMINAL_CURRENT,DIRECT_PDIRD_MINIMUM_WINTER_NOMINAL_CURRENT,CHANGED
lines,LINE:004002,max_i_ka,0.30015,0.362,CHANGED
lines,LINE:004002,seasonal_rating_status,WINTER_DYNAMIC_AMBIENT_TEMPERATURE_RATING_APPLIED,DIRECT_PDIRD_WINTER_NOMINAL_CURRENT_APPLIED,CHANGED
lines,LINE:004004,parameter_source,"E-REDES PDIRD-E 2020 Annex B, 31-12-2025 planning table",https://www.e-redes.pt/sites/eredes/files/2022-07/PDIRD-E%202020%20proposta%20final.pdf,CHANGED
lines,LINE:004004,max_i_status,DIRECT_PDIRD_MINIMUM_SUMMER_NOMINAL_CURRENT,DIRECT_PDIRD_MINIMUM_WINTER_NOMINAL_CURRENT,CHANGED
lines,LINE:004004,max_i_ka,0.34384999999999993,0.417,CHANGED
lines,LINE:004004,seasonal_rating_status,WINTER_DYNAMIC_AMBIENT_TEMPERATURE_RATING_APPLIED,DIRECT_PDIRD_WINTER_NOMINAL_CURRENT_APPLIED,CHANGED
lines,LINE:004006,parameter_source,"E-REDES PDIRD-E 2020 Annex B, 31-12-2025 planning table",https://www.e-redes.pt/sites/eredes/files/2022-07/PDIRD-E%202020%20proposta%20final.pdf,CHANGED
lines,LINE:004006,max_i_status,DIRECT_PDIRD_MINIMUM_SUMMER_NOMINAL_CURRENT,DIRECT_PDIRD_MINIMUM_WINTER_NOMINAL_CURRENT,CHANGED
lines,LINE:004006,max_i_ka,0.34384999999999993,0.417,CHANGED
lines,LINE:004006,seasonal_rating_status,WINTER_DYNAMIC_AMBIENT_TEMPERATURE_RATING_APPLIED,DIRECT_PDIRD_WINTER_NOMINAL_CURRENT_APPLIED,CHANGED
lines,LINE:004007,parameter_source,"E-REDES PDIRD-E 2020 Annex B, 31-12-2025 planning table",https://www.e-redes.pt/sites/eredes/files/2022-07/PDIRD-E%202020%20proposta%20final.pdf,CHANGED
lines,LINE:004007,max_i_status,DIRECT_PDIRD_MINIMUM_SUMMER_NOMINAL_CURRENT,DIRECT_PDIRD_MINIMUM_WINTER_NOMINAL_CURRENT,CHANGED
lines,LINE:004007,max_i_ka,0.34384999999999993,0.417,CHANGED
lines,LINE:004007,seasonal_rating_status,WINTER_DYNAMIC_AMBIENT_TEMPERATURE_RATING_APPLIED,DIRECT_PDIRD_WINTER_NOMINAL_CURRENT_APPLIED,CHANGED
lines,LINE:004008,parameter_source,"E-REDES PDIRD-E 2020 Annex B, 31-12-2025 planning table",https://www.e-redes.pt/sites/eredes/files/2022-07/PDIRD-E%202020%20proposta%20final.pdf,CHANGED
lines,LINE:004008,max_i_status,DIRECT_PDIRD_MINIMUM_SUMMER_NOMINAL_CURRENT,DIRECT_PDIRD_MINIMUM_WINTER_NOMINAL_CURRENT,CHANGED
lines,LINE:004008,max_i_ka,0.34384999999999993,0.417,CHANGED
lines,LINE:004008,seasonal_rating_status,WINTER_DYNAMIC_AMBIENT_TEMPERATURE_RATING_APPLIED,DIRECT_PDIRD_WINTER_NOMINAL_CURRENT_APPLIED,CHANGED
lines,LINE:004009,parameter_source,"E-REDES PDIRD-E 2020 Annex B, 31-12-2025 planning table",https://www.e-redes.pt/sites/eredes/files/2022-07/PDIRD-E%202020%20proposta%20final.pdf,CHANGED
lines,LINE:004009,max_i_status,DIRECT_PDIRD_MINIMUM_SUMMER_NOMINAL_CURRENT,DIRECT_PDIRD_MINIMUM_WINTER_NOMINAL_CURRENT,CHANGED
lines,LINE:004009,max_i_ka,0.30015,0.362,CHANGED
lines,LINE:004009,seasonal_rating_status,WINTER_DYNAMIC_AMBIENT_TEMPERATURE_RATING_APPLIED,DIRECT_PDIRD_WINTER_NOMINAL_CURRENT_APPLIED,CHANGED
lines,LINE:004011,parameter_source,"E-REDES PDIRD-E 2020 Annex B, 31-12-2025 planning table",https://www.e-redes.pt/sites/eredes/files/2022-07/PDIRD-E%202020%20proposta%20final.pdf,CHANGED
lines,LINE:004011,max_i_status,DIRECT_PDIRD_MINIMUM_SUMMER_NOMINAL_CURRENT,DIRECT_PDIRD_MINIMUM_WINTER_NOMINAL_CURRENT,CHANGED
lines,LINE:004011,max_i_ka,0.7566999999999999,0.921,CHANGED
lines,LINE:004011,seasonal_rating_status,WINTER_DYNAMIC_AMBIENT_TEMPERATURE_RATING_APPLIED,DIRECT_PDIRD_WINTER_NOMINAL_CURRENT_APPLIED,CHANGED
lines,LINE:004013,parameter_source,"E-REDES PDIRD-E 2020 Annex B, 31-12-2025 planning table",https://www.e-redes.pt/sites/eredes/files/2022-07/PDIRD-E%202020%20proposta%20final.pdf,CHANGED
lines,LINE:004013,max_i_status,DIRECT_PDIRD_MINIMUM_SUMMER_NOMINAL_CURRENT,DIRECT_PDIRD_MINIMUM_WINTER_NOMINAL_CURRENT,CHANGED
lines,LINE:004013,max_i_ka,0.4416,0.544,CHANGED
lines,LINE:004013,seasonal_rating_status,WINTER_DYNAMIC_AMBIENT_TEMPERATURE_RATING_APPLIED,DIRECT_PDIRD_WINTER_NOMINAL_CURRENT_APPLIED,CHANGED
lines,LINE:004014,parameter_source,"E-REDES PDIRD-E 2020 Annex B, 31-12-2025 planning table",https://www.e-redes.pt/sites/eredes/files/2022-07/PDIRD-E%202020%20proposta%20final.pdf,CHANGED
lines,LINE:004014,max_i_status,DIRECT_PDIRD_MINIMUM_SUMMER_NOMINAL_CURRENT,DIRECT_PDIRD_MINIMUM_WINTER_NOMINAL_CURRENT,CHANGED
lines,LINE:004014,max_i_ka,0.4416,0.544,CHANGED
lines,LINE:004014,seasonal_rating_status,WINTER_DYNAMIC_AMBIENT_TEMPERATURE_RATING_APPLIED,DIRECT_PDIRD_WINTER_NOMINAL_CURRENT_APPLIED,CHANGED
lines,LINE:004015,parameter_source,"E-REDES PDIRD-E 2020 Annex B, 31-12-2025 planning table",https://www.e-redes.pt/sites/eredes/files/2022-07/PDIRD-E%202020%20proposta%20final.pdf,CHANGED
lines,LINE:004015,max_i_status,DIRECT_PDIRD_MINIMUM_SUMMER_NOMINAL_CURRENT,DIRECT_PDIRD_MINIMUM_WINTER_NOMINAL_CURRENT,CHANGED
lines,LINE:004015,max_i_ka,0.30015,0.362,CHANGED
lines,LINE:004015,seasonal_rating_status,WINTER_DYNAMIC_AMBIENT_TEMPERATURE_RATING_APPLIED,DIRECT_PDIRD_WINTER_NOMINAL_CURRENT_APPLIED,CHANGED
lines,LINE:004017,parameter_source,"E-REDES PDIRD-E 2020 Annex B, 31-12-2025 planning table",https://www.e-redes.pt/sites/eredes/files/2022-07/PDIRD-E%202020%20proposta%20final.pdf,CHANGED
lines,LINE:004017,max_i_status,DIRECT_PDIRD_MINIMUM_SUMMER_NOMINAL_CURRENT,DIRECT_PDIRD_MINIMUM_WINTER_NOMINAL_CURRENT,CHANGED
lines,LINE:004017,max_i_ka,0.23919999999999997,0.285,CHANGED
lines,LINE:004017,seasonal_rating_status,WINTER_DYNAMIC_AMBIENT_TEMPERATURE_RATING_APPLIED,DIRECT_PDIRD_WINTER_NOMINAL_CURRENT_APPLIED,CHANGED
lines,LINE:004025,parameter_source,"E-REDES PDIRD-E 2020 Annex B, 31-12-2025 planning table",https://www.e-redes.pt/sites/eredes/files/2022-07/PDIRD-E%202020%20proposta%20final.pdf,CHANGED
lines,LINE:004025,max_i_status,DIRECT_PDIRD_MINIMUM_SUMMER_NOMINAL_CURRENT,DIRECT_PDIRD_MINIMUM_WINTER_NOMINAL_CURRENT,CHANGED
lines,LINE:004025,max_i_ka,0.30015,0.362,CHANGED
lines,LINE:004025,seasonal_rating_status,WINTER_DYNAMIC_AMBIENT_TEMPERATURE_RATING_APPLIED,DIRECT_PDIRD_WINTER_NOMINAL_CURRENT_APPLIED,CHANGED
lines,LINE:004027,parameter_status,PDIRD_CIRCUIT_PATH_MATCH_PARTIAL_SOURCE_BACKING,DIRECT_PDIRD_MINIMUM_WINTER_NOMINAL_CURRENT,CHANGED
lines,LINE:004027,parameter_source,"E-REDES PDIRD-E 2020 Annex B, 31-12-2025 planning table",https://www.e-redes.pt/sites/eredes/files/2022-07/PDIRD-E%202020%20proposta%20final.pdf,CHANGED
lines,LINE:004027,max_i_status,DIRECT_PDIRD_MINIMUM_SUMMER_NOMINAL_CURRENT,DIRECT_PDIRD_MINIMUM_WINTER_NOMINAL_CURRENT,CHANGED
lines,LINE:004027,max_i_ka,0.37834999999999996,0.46,CHANGED
lines,LINE:004027,parallel_status,SOURCE_CIRCUIT_FIELD_OR_SINGLE_CIRCUIT_DEFAULT,PUBLIC_SINGLE_CIRCUIT_INVENTORY,CHANGED
lines,LINE:004027,rating_override_status,NO_CORRIDOR_OVERRIDE,EXPLICIT_PUBLIC_INVENTORY_CORRECTION,CHANGED
lines,LINE:004027,seasonal_rating_status,WINTER_DYNAMIC_AMBIENT_TEMPERATURE_RATING_APPLIED,DIRECT_PDIRD_WINTER_NOMINAL_CURRENT_APPLIED,CHANGED
lines,LINE:004028,parameter_source,"E-REDES PDIRD-E 2020 Annex B, 31-12-2025 planning table",https://www.e-redes.pt/sites/eredes/files/2022-07/PDIRD-E%202020%20proposta%20final.pdf,CHANGED
lines,LINE:004028,max_i_status,DIRECT_PDIRD_MINIMUM_SUMMER_NOMINAL_CURRENT,DIRECT_PDIRD_MINIMUM_WINTER_NOMINAL_CURRENT,CHANGED
lines,LINE:004028,max_i_ka,0.6842499999999999,0.686,CHANGED
lines,LINE:004028,seasonal_rating_status,WINTER_DYNAMIC_AMBIENT_TEMPERATURE_RATING_APPLIED,DIRECT_PDIRD_WINTER_NOMINAL_CURRENT_APPLIED,CHANGED
lines,LINE:004032,parameter_source,"E-REDES PDIRD-E 2020 Annex B, 31-12-2025 planning table",https://www.e-redes.pt/sites/eredes/files/2022-07/PDIRD-E%202020%20proposta%20final.pdf,CHANGED
lines,LINE:004032,max_i_status,DIRECT_PDIRD_MINIMUM_SUMMER_NOMINAL_CURRENT,DIRECT_PDIRD_MINIMUM_WINTER_NOMINAL_CURRENT,CHANGED
lines,LINE:004032,max_i_ka,1.3938,1.372,CHANGED
lines,LINE:004032,seasonal_rating_status,WINTER_DYNAMIC_AMBIENT_TEMPERATURE_RATING_APPLIED,DIRECT_PDIRD_WINTER_NOMINAL_CURRENT_APPLIED,CHANGED
lines,LINE:004033,parameter_source,"E-REDES PDIRD-E 2020 Annex B, 31-12-2025 planning table",https://www.e-redes.pt/sites/eredes/files/2022-07/PDIRD-E%202020%20proposta%20final.pdf,CHANGED
lines,LINE:004033,max_i_status,DIRECT_PDIRD_MINIMUM_SUMMER_NOMINAL_CURRENT,DIRECT_PDIRD_MINIMUM_WINTER_NOMINAL_CURRENT,CHANGED
lines,LINE:004033,max_i_ka,0.6842499999999999,0.686,CHANGED
lines,LINE:004033,seasonal_rating_status,WINTER_DYNAMIC_AMBIENT_TEMPERATURE_RATING_APPLIED,DIRECT_PDIRD_WINTER_NOMINAL_CURRENT_APPLIED,CHANGED
lines,LINE:004034,parameter_source,"E-REDES PDIRD-E 2020 Annex B, 31-12-2025 planning table",https://www.e-redes.pt/sites/eredes/files/2022-07/PDIRD-E%202020%20proposta%20final.pdf,CHANGED
lines,LINE:004034,max_i_status,DIRECT_PDIRD_MINIMUM_SUMMER_NOMINAL_CURRENT,DIRECT_PDIRD_MINIMUM_WINTER_NOMINAL_CURRENT,CHANGED
lines,LINE:004034,max_i_ka,0.30015,0.362,CHANGED
lines,LINE:004034,seasonal_rating_status,WINTER_DYNAMIC_AMBIENT_TEMPERATURE_RATING_APPLIED,DIRECT_PDIRD_WINTER_NOMINAL_CURRENT_APPLIED,CHANGED
lines,LINE:004035,parameter_source,"E-REDES PDIRD-E 2020 Annex B, 31-12-2025 planning table",https://www.e-redes.pt/sites/eredes/files/2022-07/PDIRD-E%202020%20proposta%20final.pdf,CHANGED
lines,LINE:004035,max_i_status,DIRECT_PDIRD_MINIMUM_SUMMER_NOMINAL_CURRENT,DIRECT_PDIRD_MINIMUM_WINTER_NOMINAL_CURRENT,CHANGED
lines,LINE:004035,max_i_ka,0.30015,0.362,CHANGED
lines,LINE:004035,seasonal_rating_status,WINTER_DYNAMIC_AMBIENT_TEMPERATURE_RATING_APPLIED,DIRECT_PDIRD_WINTER_NOMINAL_CURRENT_APPLIED,CHANGED
lines,LINE:004046,parameter_source,"E-REDES PDIRD-E 2020 Annex B, 31-12-2025 planning table",https://www.e-redes.pt/sites/eredes/files/2022-07/PDIRD-E%202020%20proposta%20final.pdf,CHANGED
lines,LINE:004046,max_i_status,DIRECT_PDIRD_MINIMUM_SUMMER_NOMINAL_CURRENT,DIRECT_PDIRD_MINIMUM_WINTER_NOMINAL_CURRENT,CHANGED
lines,LINE:004046,max_i_ka,0.6842499999999999,0.816,CHANGED
lines,LINE:004046,seasonal_rating_status,WINTER_DYNAMIC_AMBIENT_TEMPERATURE_RATING_APPLIED,DIRECT_PDIRD_WINTER_NOMINAL_CURRENT_APPLIED,CHANGED
lines,LINE:004047,parameter_source,"E-REDES PDIRD-E 2020 Annex B, 31-12-2025 planning table",https://www.e-redes.pt/sites/eredes/files/2022-07/PDIRD-E%202020%20proposta%20final.pdf,CHANGED
lines,LINE:004047,max_i_status,DIRECT_PDIRD_MINIMUM_SUMMER_NOMINAL_CURRENT,DIRECT_PDIRD_MINIMUM_WINTER_NOMINAL_CURRENT,CHANGED
lines,LINE:004047,max_i_ka,0.6842499999999999,0.686,CHANGED
lines,LINE:004047,seasonal_rating_status,WINTER_DYNAMIC_AMBIENT_TEMPERATURE_RATING_APPLIED,DIRECT_PDIRD_WINTER_NOMINAL_CURRENT_APPLIED,CHANGED
lines,LINE:004048,parameter_source,"E-REDES PDIRD-E 2020 Annex B, 31-12-2025 planning table",https://www.e-redes.pt/sites/eredes/files/2022-07/PDIRD-E%202020%20proposta%20final.pdf,CHANGED
lines,LINE:004048,max_i_status,DIRECT_PDIRD_MINIMUM_SUMMER_NOMINAL_CURRENT,DIRECT_PDIRD_MINIMUM_WINTER_NOMINAL_CURRENT,CHANGED
lines,LINE:004048,max_i_ka,0.37834999999999996,0.46,CHANGED
lines,LINE:004048,seasonal_rating_status,WINTER_DYNAMIC_AMBIENT_TEMPERATURE_RATING_APPLIED,DIRECT_PDIRD_WINTER_NOMINAL_CURRENT_APPLIED,CHANGED
lines,LINE:004050,parameter_source,"E-REDES PDIRD-E 2020 Annex B, 31-12-2025 planning table",https://www.e-redes.pt/sites/eredes/files/2022-07/PDIRD-E%202020%20proposta%20final.pdf,CHANGED
lines,LINE:004050,max_i_status,DIRECT_PDIRD_MINIMUM_SUMMER_NOMINAL_CURRENT,DIRECT_PDIRD_MINIMUM_WINTER_NOMINAL_CURRENT,CHANGED
lines,LINE:004050,max_i_ka,0.37834999999999996,0.46,CHANGED
lines,LINE:004050,seasonal_rating_status,WINTER_DYNAMIC_AMBIENT_TEMPERATURE_RATING_APPLIED,DIRECT_PDIRD_WINTER_NOMINAL_CURRENT_APPLIED,CHANGED
lines,LINE:004053,parameter_source,"E-REDES PDIRD-E 2020 Annex B, 31-12-2025 planning table",https://www.e-redes.pt/sites/eredes/files/2022-07/PDIRD-E%202020%20proposta%20final.pdf,CHANGED
lines,LINE:004053,max_i_status,DIRECT_PDIRD_MINIMUM_SUMMER_NOMINAL_CURRENT,DIRECT_PDIRD_MINIMUM_WINTER_NOMINAL_CURRENT,CHANGED
lines,LINE:004053,max_i_ka,0.6014499999999999,0.723,CHANGED
lines,LINE:004053,seasonal_rating_status,WINTER_DYNAMIC_AMBIENT_TEMPERATURE_RATING_APPLIED,DIRECT_PDIRD_WINTER_NOMINAL_CURRENT_APPLIED,CHANGED
lines,LINE:004056,parameter_source,"E-REDES PDIRD-E 2020 Annex B, 31-12-2025 planning table",https://www.e-redes.pt/sites/eredes/files/2022-07/PDIRD-E%202020%20proposta%20final.pdf,CHANGED
lines,LINE:004056,max_i_status,DIRECT_PDIRD_MINIMUM_SUMMER_NOMINAL_CURRENT,DIRECT_PDIRD_MINIMUM_WINTER_NOMINAL_CURRENT,CHANGED
lines,LINE:004056,max_i_ka,0.30015,0.362,CHANGED
lines,LINE:004056,seasonal_rating_status,WINTER_DYNAMIC_AMBIENT_TEMPERATURE_RATING_APPLIED,DIRECT_PDIRD_WINTER_NOMINAL_CURRENT_APPLIED,CHANGED
lines,LINE:004062,parameter_source,"E-REDES PDIRD-E 2020 Annex B, 31-12-2025 planning table",https://www.e-redes.pt/sites/eredes/files/2022-07/PDIRD-E%202020%20proposta%20final.pdf,CHANGED
lines,LINE:004062,max_i_status,DIRECT_PDIRD_MINIMUM_SUMMER_NOMINAL_CURRENT,DIRECT_PDIRD_MINIMUM_WINTER_NOMINAL_CURRENT,CHANGED
lines,LINE:004062,max_i_ka,0.6014499999999999,0.686,CHANGED
lines,LINE:004062,seasonal_rating_status,WINTER_DYNAMIC_AMBIENT_TEMPERATURE_RATING_APPLIED,DIRECT_PDIRD_WINTER_NOMINAL_CURRENT_APPLIED,CHANGED
lines,LINE:004064,parameter_source,"E-REDES PDIRD-E 2020 Annex B, 31-12-2025 planning table",https://www.e-redes.pt/sites/eredes/files/2022-07/PDIRD-E%202020%20proposta%20final.pdf,CHANGED
lines,LINE:004064,max_i_status,DIRECT_PDIRD_MINIMUM_SUMMER_NOMINAL_CURRENT,DIRECT_PDIRD_MINIMUM_WINTER_NOMINAL_CURRENT,CHANGED
lines,LINE:004064,max_i_ka,0.34384999999999993,0.417,CHANGED
lines,LINE:004064,seasonal_rating_status,WINTER_DYNAMIC_AMBIENT_TEMPERATURE_RATING_APPLIED,DIRECT_PDIRD_WINTER_NOMINAL_CURRENT_APPLIED,CHANGED
lines,LINE:004065,parameter_source,"E-REDES PDIRD-E 2020 Annex B, 31-12-2025 planning table",https://www.e-redes.pt/sites/eredes/files/2022-07/PDIRD-E%202020%20proposta%20final.pdf,CHANGED
lines,LINE:004065,max_i_status,DIRECT_PDIRD_MINIMUM_SUMMER_NOMINAL_CURRENT,DIRECT_PDIRD_MINIMUM_WINTER_NOMINAL_CURRENT,CHANGED
lines,LINE:004065,max_i_ka,0.34384999999999993,0.417,CHANGED
lines,LINE:004065,seasonal_rating_status,WINTER_DYNAMIC_AMBIENT_TEMPERATURE_RATING_APPLIED,DIRECT_PDIRD_WINTER_NOMINAL_CURRENT_APPLIED,CHANGED
lines,LINE:004072,parameter_source,"E-REDES PDIRD-E 2020 Annex B, 31-12-2025 planning table",https://www.e-redes.pt/sites/eredes/files/2022-07/PDIRD-E%202020%20proposta%20final.pdf,CHANGED
lines,LINE:004072,max_i_status,DIRECT_PDIRD_MINIMUM_SUMMER_NOMINAL_CURRENT,DIRECT_PDIRD_MINIMUM_WINTER_NOMINAL_CURRENT,CHANGED
lines,LINE:004072,max_i_ka,0.46115,0.451,CHANGED
lines,LINE:004072,seasonal_rating_status,WINTER_DYNAMIC_AMBIENT_TEMPERATURE_RATING_APPLIED,DIRECT_PDIRD_WINTER_NOMINAL_CURRENT_APPLIED,CHANGED
lines,LINE:004073,parameter_source,"E-REDES PDIRD-E 2020 Annex B, 31-12-2025 planning table",https://www.e-redes.pt/sites/eredes/files/2022-07/PDIRD-E%202020%20proposta%20final.pdf,CHANGED
lines,LINE:004073,max_i_status,DIRECT_PDIRD_MINIMUM_SUMMER_NOMINAL_CURRENT,DIRECT_PDIRD_MINIMUM_WINTER_NOMINAL_CURRENT,CHANGED
lines,LINE:004073,max_i_ka,0.35879999999999995,0.436,CHANGED
lines,LINE:004073,seasonal_rating_status,WINTER_DYNAMIC_AMBIENT_TEMPERATURE_RATING_APPLIED,DIRECT_PDIRD_WINTER_NOMINAL_CURRENT_APPLIED,CHANGED
lines,LINE:004080,parameter_source,"E-REDES PDIRD-E 2020 Annex B, 31-12-2025 planning table",https://www.e-redes.pt/sites/eredes/files/2022-07/PDIRD-E%202020%20proposta%20final.pdf,CHANGED
lines,LINE:004080,max_i_status,DIRECT_PDIRD_MINIMUM_SUMMER_NOMINAL_CURRENT,DIRECT_PDIRD_MINIMUM_WINTER_NOMINAL_CURRENT,CHANGED
lines,LINE:004080,max_i_ka,0.37834999999999996,0.46,CHANGED
lines,LINE:004080,seasonal_rating_status,WINTER_DYNAMIC_AMBIENT_TEMPERATURE_RATING_APPLIED,DIRECT_PDIRD_WINTER_NOMINAL_CURRENT_APPLIED,CHANGED
lines,LINE:004086,parameter_source,"E-REDES PDIRD-E 2020 Annex B, 31-12-2025 planning table",https://www.e-redes.pt/sites/eredes/files/2022-07/PDIRD-E%202020%20proposta%20final.pdf,CHANGED
lines,LINE:004086,max_i_status,DIRECT_PDIRD_MINIMUM_SUMMER_NOMINAL_CURRENT,DIRECT_PDIRD_MINIMUM_WINTER_NOMINAL_CURRENT,CHANGED
lines,LINE:004086,max_i_ka,0.37834999999999996,0.46,CHANGED
lines,LINE:004086,seasonal_rating_status,WINTER_DYNAMIC_AMBIENT_TEMPERATURE_RATING_APPLIED,DIRECT_PDIRD_WINTER_NOMINAL_CURRENT_APPLIED,CHANGED
lines,LINE:004089,parameter_source,"E-REDES PDIRD-E 2020 Annex B, 31-12-2025 planning table",https://www.e-redes.pt/sites/eredes/files/2022-07/PDIRD-E%202020%20proposta%20final.pdf,CHANGED
lines,LINE:004089,max_i_status,DIRECT_PDIRD_MINIMUM_SUMMER_NOMINAL_CURRENT,DIRECT_PDIRD_MINIMUM_WINTER_NOMINAL_CURRENT,CHANGED
lines,LINE:004089,max_i_ka,0.9223,0.902,CHANGED
lines,LINE:004089,seasonal_rating_status,WINTER_DYNAMIC_AMBIENT_TEMPERATURE_RATING_APPLIED,DIRECT_PDIRD_WINTER_NOMINAL_CURRENT_APPLIED,CHANGED
lines,LINE:004090,parameter_source,"E-REDES PDIRD-E 2020 Annex B, 31-12-2025 planning table",https://www.e-redes.pt/sites/eredes/files/2022-07/PDIRD-E%202020%20proposta%20final.pdf,CHANGED
lines,LINE:004090,max_i_status,DIRECT_PDIRD_MINIMUM_SUMMER_NOMINAL_CURRENT,DIRECT_PDIRD_MINIMUM_WINTER_NOMINAL_CURRENT,CHANGED
lines,LINE:004090,max_i_ka,0.6014499999999999,0.723,CHANGED
lines,LINE:004090,seasonal_rating_status,WINTER_DYNAMIC_AMBIENT_TEMPERATURE_RATING_APPLIED,DIRECT_PDIRD_WINTER_NOMINAL_CURRENT_APPLIED,CHANGED
lines,LINE:004091,parameter_source,"E-REDES PDIRD-E 2020 Annex B, 31-12-2025 planning table",https://www.e-redes.pt/sites/eredes/files/2022-07/PDIRD-E%202020%20proposta%20final.pdf,CHANGED
lines,LINE:004091,max_i_status,DIRECT_PDIRD_MINIMUM_SUMMER_NOMINAL_CURRENT,DIRECT_PDIRD_MINIMUM_WINTER_NOMINAL_CURRENT,CHANGED
lines,LINE:004091,max_i_ka,0.6969,0.686,CHANGED
lines,LINE:004091,seasonal_rating_status,WINTER_DYNAMIC_AMBIENT_TEMPERATURE_RATING_APPLIED,DIRECT_PDIRD_WINTER_NOMINAL_CURRENT_APPLIED,CHANGED
lines,LINE:004106,parameter_source,"E-REDES PDIRD-E 2020 Annex B, 31-12-2025 planning table",https://www.e-redes.pt/sites/eredes/files/2022-07/PDIRD-E%202020%20proposta%20final.pdf,CHANGED
lines,LINE:004106,max_i_status,DIRECT_PDIRD_MINIMUM_SUMMER_NOMINAL_CURRENT,DIRECT_PDIRD_MINIMUM_WINTER_NOMINAL_CURRENT,CHANGED
lines,LINE:004106,max_i_ka,0.88435,1.089,CHANGED
lines,LINE:004106,seasonal_rating_status,WINTER_DYNAMIC_AMBIENT_TEMPERATURE_RATING_APPLIED,DIRECT_PDIRD_WINTER_NOMINAL_CURRENT_APPLIED,CHANGED
lines,LINE:004112,parameter_source,"E-REDES PDIRD-E 2020 Annex B, 31-12-2025 planning table",https://www.e-redes.pt/sites/eredes/files/2022-07/PDIRD-E%202020%20proposta%20final.pdf,CHANGED
lines,LINE:004112,max_i_status,DIRECT_PDIRD_MINIMUM_SUMMER_NOMINAL_CURRENT,DIRECT_PDIRD_MINIMUM_WINTER_NOMINAL_CURRENT,CHANGED
lines,LINE:004112,max_i_ka,0.4416,0.544,CHANGED
lines,LINE:004112,seasonal_rating_status,WINTER_DYNAMIC_AMBIENT_TEMPERATURE_RATING_APPLIED,DIRECT_PDIRD_WINTER_NOMINAL_CURRENT_APPLIED,CHANGED
lines,LINE:004113,parameter_source,"E-REDES PDIRD-E 2020 Annex B, 31-12-2025 planning table",https://www.e-redes.pt/sites/eredes/files/2022-07/PDIRD-E%202020%20proposta%20final.pdf,CHANGED
lines,LINE:004113,max_i_status,DIRECT_PDIRD_MINIMUM_SUMMER_NOMINAL_CURRENT,DIRECT_PDIRD_MINIMUM_WINTER_NOMINAL_CURRENT,CHANGED
lines,LINE:004113,max_i_ka,0.4416,0.544,CHANGED
lines,LINE:004113,seasonal_rating_status,WINTER_DYNAMIC_AMBIENT_TEMPERATURE_RATING_APPLIED,DIRECT_PDIRD_WINTER_NOMINAL_CURRENT_APPLIED,CHANGED
lines,LINE:004122,parameter_source,"E-REDES PDIRD-E 2020 Annex B, 31-12-2025 planning table",https://www.e-redes.pt/sites/eredes/files/2022-07/PDIRD-E%202020%20proposta%20final.pdf,CHANGED
lines,LINE:004122,max_i_status,DIRECT_PDIRD_MINIMUM_SUMMER_NOMINAL_CURRENT,DIRECT_PDIRD_MINIMUM_WINTER_NOMINAL_CURRENT,CHANGED
lines,LINE:004122,max_i_ka,0.68885,0.74,CHANGED
lines,LINE:004122,seasonal_rating_status,WINTER_DYNAMIC_AMBIENT_TEMPERATURE_RATING_APPLIED,DIRECT_PDIRD_WINTER_NOMINAL_CURRENT_APPLIED,CHANGED
lines,LINE:004123,parameter_source,"E-REDES PDIRD-E 2020 Annex B, 31-12-2025 planning table",https://www.e-redes.pt/sites/eredes/files/2022-07/PDIRD-E%202020%20proposta%20final.pdf,CHANGED
lines,LINE:004123,max_i_status,DIRECT_PDIRD_MINIMUM_SUMMER_NOMINAL_CURRENT,DIRECT_PDIRD_MINIMUM_WINTER_NOMINAL_CURRENT,CHANGED
lines,LINE:004123,max_i_ka,0.68885,0.74,CHANGED
lines,LINE:004123,seasonal_rating_status,WINTER_DYNAMIC_AMBIENT_TEMPERATURE_RATING_APPLIED,DIRECT_PDIRD_WINTER_NOMINAL_CURRENT_APPLIED,CHANGED
lines,LINE:004125,parameter_source,"E-REDES PDIRD-E 2020 Annex B, 31-12-2025 planning table",https://www.e-redes.pt/sites/eredes/files/2022-07/PDIRD-E%202020%20proposta%20final.pdf,CHANGED
lines,LINE:004125,max_i_status,DIRECT_PDIRD_MINIMUM_SUMMER_NOMINAL_CURRENT,DIRECT_PDIRD_MINIMUM_WINTER_NOMINAL_CURRENT,CHANGED
lines,LINE:004125,max_i_ka,0.68885,0.74,CHANGED
lines,LINE:004125,seasonal_rating_status,WINTER_DYNAMIC_AMBIENT_TEMPERATURE_RATING_APPLIED,DIRECT_PDIRD_WINTER_NOMINAL_CURRENT_APPLIED,CHANGED
lines,LINE:004126,parameter_source,"E-REDES PDIRD-E 2020 Annex B, 31-12-2025 planning table",https://www.e-redes.pt/sites/eredes/files/2022-07/PDIRD-E%202020%20proposta%20final.pdf,CHANGED
lines,LINE:004126,max_i_status,DIRECT_PDIRD_MINIMUM_SUMMER_NOMINAL_CURRENT,DIRECT_PDIRD_MINIMUM_WINTER_NOMINAL_CURRENT,CHANGED
lines,LINE:004126,max_i_ka,0.68885,0.74,CHANGED
lines,LINE:004126,seasonal_rating_status,WINTER_DYNAMIC_AMBIENT_TEMPERATURE_RATING_APPLIED,DIRECT_PDIRD_WINTER_NOMINAL_CURRENT_APPLIED,CHANGED
lines,LINE:004129,parameter_source,"E-REDES PDIRD-E 2020 Annex B, 31-12-2025 planning table",https://www.e-redes.pt/sites/eredes/files/2022-07/PDIRD-E%202020%20proposta%20final.pdf,CHANGED
lines,LINE:004129,max_i_status,DIRECT_PDIRD_MINIMUM_SUMMER_NOMINAL_CURRENT,DIRECT_PDIRD_MINIMUM_WINTER_NOMINAL_CURRENT,CHANGED
lines,LINE:004129,max_i_ka,0.68885,0.74,CHANGED
lines,LINE:004129,seasonal_rating_status,WINTER_DYNAMIC_AMBIENT_TEMPERATURE_RATING_APPLIED,DIRECT_PDIRD_WINTER_NOMINAL_CURRENT_APPLIED,CHANGED
lines,LINE:004132,length_km,8.36492137737629,7.863047020603553,CHANGED
lines,LINE:004132,parameter_status,VOLTAGE_CLASS_ENGINEERING_PROXY,DIRECT_PUBLIC_SERIES_SECTION_WINTER_BOTTLENECK+PUBLIC_PDIRD_SECTION_LENGTH,CHANGED
lines,LINE:004132,parameter_source,config/model_config.json,https://www.e-redes.pt/sites/eredes/files/2022-07/PDIRD-E%202020%20proposta%20final.pdf,CHANGED
lines,LINE:004132,parameter_match_designation,,LN60 VILA NOVA CERVEIRA-VALENÇA,CHANGED
lines,LINE:004132,max_i_status,ENGINEERING_PROXY,DIRECT_PUBLIC_SERIES_SECTION_WINTER_BOTTLENECK,CHANGED
lines,LINE:004132,max_i_ka,0.6969,0.544,CHANGED
lines,LINE:004132,parallel_status,SOURCE_CIRCUIT_FIELD_OR_SINGLE_CIRCUIT_DEFAULT,PUBLIC_SINGLE_CIRCUIT_INVENTORY,CHANGED
lines,LINE:004132,rating_override_status,NO_CORRIDOR_OVERRIDE,EXPLICIT_PUBLIC_INVENTORY_CORRECTION,CHANGED
lines,LINE:004132,seasonal_rating_status,WINTER_DYNAMIC_AMBIENT_TEMPERATURE_RATING_APPLIED,DIRECT_PDIRD_WINTER_NOMINAL_CURRENT_APPLIED,CHANGED
lines,LINE:004133,parameter_source,"E-REDES PDIRD-E 2020 Annex B, 31-12-2025 planning table",https://www.e-redes.pt/sites/eredes/files/2022-07/PDIRD-E%202020%20proposta%20final.pdf,CHANGED
lines,LINE:004133,max_i_status,DIRECT_PDIRD_MINIMUM_SUMMER_NOMINAL_CURRENT,DIRECT_PDIRD_MINIMUM_WINTER_NOMINAL_CURRENT,CHANGED
lines,LINE:004133,max_i_ka,0.4416,0.544,CHANGED
lines,LINE:004133,seasonal_rating_status,WINTER_DYNAMIC_AMBIENT_TEMPERATURE_RATING_APPLIED,DIRECT_PDIRD_WINTER_NOMINAL_CURRENT_APPLIED,CHANGED
lines,LINE:004136,parameter_source,"E-REDES PDIRD-E 2020 Annex B, 31-12-2025 planning table",https://www.e-redes.pt/sites/eredes/files/2022-07/PDIRD-E%202020%20proposta%20final.pdf,CHANGED
lines,LINE:004136,max_i_status,DIRECT_PDIRD_MINIMUM_SUMMER_NOMINAL_CURRENT,DIRECT_PDIRD_MINIMUM_WINTER_NOMINAL_CURRENT,CHANGED
lines,LINE:004136,max_i_ka,0.37834999999999996,0.46,CHANGED
lines,LINE:004136,seasonal_rating_status,WINTER_DYNAMIC_AMBIENT_TEMPERATURE_RATING_APPLIED,DIRECT_PDIRD_WINTER_NOMINAL_CURRENT_APPLIED,CHANGED
lines,LINE:004140,parameter_source,"E-REDES PDIRD-E 2020 Annex B, 31-12-2025 planning table",https://www.e-redes.pt/sites/eredes/files/2022-07/PDIRD-E%202020%20proposta%20final.pdf,CHANGED
lines,LINE:004140,max_i_status,DIRECT_PDIRD_MINIMUM_SUMMER_NOMINAL_CURRENT,DIRECT_PDIRD_MINIMUM_WINTER_NOMINAL_CURRENT,CHANGED
lines,LINE:004140,max_i_ka,0.88435,1.089,CHANGED
lines,LINE:004140,seasonal_rating_status,WINTER_DYNAMIC_AMBIENT_TEMPERATURE_RATING_APPLIED,DIRECT_PDIRD_WINTER_NOMINAL_CURRENT_APPLIED,CHANGED
lines,LINE:004143,parameter_source,"E-REDES PDIRD-E 2020 Annex B, 31-12-2025 planning table",https://www.e-redes.pt/sites/eredes/files/2022-07/PDIRD-E%202020%20proposta%20final.pdf,CHANGED
lines,LINE:004143,max_i_status,DIRECT_PDIRD_MINIMUM_SUMMER_NOMINAL_CURRENT,DIRECT_PDIRD_MINIMUM_WINTER_NOMINAL_CURRENT,CHANGED
lines,LINE:004143,max_i_ka,0.88435,1.089,CHANGED
lines,LINE:004143,seasonal_rating_status,WINTER_DYNAMIC_AMBIENT_TEMPERATURE_RATING_APPLIED,DIRECT_PDIRD_WINTER_NOMINAL_CURRENT_APPLIED,CHANGED
lines,LINE:004153,parameter_source,"E-REDES PDIRD-E 2020 Annex B, 31-12-2025 planning table",https://www.e-redes.pt/sites/eredes/files/2022-07/PDIRD-E%202020%20proposta%20final.pdf,CHANGED
lines,LINE:004153,max_i_status,DIRECT_PDIRD_MINIMUM_SUMMER_NOMINAL_CURRENT,DIRECT_PDIRD_MINIMUM_WINTER_NOMINAL_CURRENT,CHANGED
lines,LINE:004153,max_i_ka,0.68885,0.74,CHANGED
lines,LINE:004153,seasonal_rating_status,WINTER_DYNAMIC_AMBIENT_TEMPERATURE_RATING_APPLIED,DIRECT_PDIRD_WINTER_NOMINAL_CURRENT_APPLIED,CHANGED
lines,LINE:004155,parameter_source,"E-REDES PDIRD-E 2020 Annex B, 31-12-2025 planning table",https://www.e-redes.pt/sites/eredes/files/2022-07/PDIRD-E%202020%20proposta%20final.pdf,CHANGED
lines,LINE:004155,max_i_status,DIRECT_PDIRD_MINIMUM_SUMMER_NOMINAL_CURRENT,DIRECT_PDIRD_MINIMUM_WINTER_NOMINAL_CURRENT,CHANGED
lines,LINE:004155,max_i_ka,0.68885,0.74,CHANGED
lines,LINE:004155,seasonal_rating_status,WINTER_DYNAMIC_AMBIENT_TEMPERATURE_RATING_APPLIED,DIRECT_PDIRD_WINTER_NOMINAL_CURRENT_APPLIED,CHANGED
lines,LINE:004156,parameter_source,"E-REDES PDIRD-E 2020 Annex B, 31-12-2025 planning table",https://www.e-redes.pt/sites/eredes/files/2022-07/PDIRD-E%202020%20proposta%20final.pdf,CHANGED
lines,LINE:004156,max_i_status,DIRECT_PDIRD_MINIMUM_SUMMER_NOMINAL_CURRENT,DIRECT_PDIRD_MINIMUM_WINTER_NOMINAL_CURRENT,CHANGED
lines,LINE:004156,max_i_ka,0.68885,0.74,CHANGED
lines,LINE:004156,seasonal_rating_status,WINTER_DYNAMIC_AMBIENT_TEMPERATURE_RATING_APPLIED,DIRECT_PDIRD_WINTER_NOMINAL_CURRENT_APPLIED,CHANGED
lines,LINE:004157,parameter_source,"E-REDES PDIRD-E 2020 Annex B, 31-12-2025 planning table",https://www.e-redes.pt/sites/eredes/files/2022-07/PDIRD-E%202020%20proposta%20final.pdf,CHANGED
lines,LINE:004157,max_i_status,DIRECT_PDIRD_MINIMUM_SUMMER_NOMINAL_CURRENT,DIRECT_PDIRD_MINIMUM_WINTER_NOMINAL_CURRENT,CHANGED
lines,LINE:004157,max_i_ka,0.7244999999999999,0.77,CHANGED
lines,LINE:004157,seasonal_rating_status,WINTER_DYNAMIC_AMBIENT_TEMPERATURE_RATING_APPLIED,DIRECT_PDIRD_WINTER_NOMINAL_CURRENT_APPLIED,CHANGED
lines,LINE:004158,parameter_source,"E-REDES PDIRD-E 2020 Annex B, 31-12-2025 planning table",https://www.e-redes.pt/sites/eredes/files/2022-07/PDIRD-E%202020%20proposta%20final.pdf,CHANGED
lines,LINE:004158,max_i_status,DIRECT_PDIRD_MINIMUM_SUMMER_NOMINAL_CURRENT,DIRECT_PDIRD_MINIMUM_WINTER_NOMINAL_CURRENT,CHANGED
lines,LINE:004158,max_i_ka,0.7244999999999999,0.77,CHANGED
lines,LINE:004158,seasonal_rating_status,WINTER_DYNAMIC_AMBIENT_TEMPERATURE_RATING_APPLIED,DIRECT_PDIRD_WINTER_NOMINAL_CURRENT_APPLIED,CHANGED
lines,LINE:004159,parameter_source,"E-REDES PDIRD-E 2020 Annex B, 31-12-2025 planning table",https://www.e-redes.pt/sites/eredes/files/2022-07/PDIRD-E%202020%20proposta%20final.pdf,CHANGED
lines,LINE:004159,max_i_status,DIRECT_PDIRD_MINIMUM_SUMMER_NOMINAL_CURRENT,DIRECT_PDIRD_MINIMUM_WINTER_NOMINAL_CURRENT,CHANGED
lines,LINE:004159,max_i_ka,0.7244999999999999,0.77,CHANGED
lines,LINE:004159,seasonal_rating_status,WINTER_DYNAMIC_AMBIENT_TEMPERATURE_RATING_APPLIED,DIRECT_PDIRD_WINTER_NOMINAL_CURRENT_APPLIED,CHANGED
lines,LINE:004162,parameter_source,"E-REDES PDIRD-E 2020 Annex B, 31-12-2025 planning table",https://www.e-redes.pt/sites/eredes/files/2022-07/PDIRD-E%202020%20proposta%20final.pdf,CHANGED
lines,LINE:004162,max_i_status,DIRECT_PDIRD_MINIMUM_SUMMER_NOMINAL_CURRENT,DIRECT_PDIRD_MINIMUM_WINTER_NOMINAL_CURRENT,CHANGED
lines,LINE:004162,max_i_ka,0.68885,0.74,CHANGED
lines,LINE:004162,seasonal_rating_status,WINTER_DYNAMIC_AMBIENT_TEMPERATURE_RATING_APPLIED,DIRECT_PDIRD_WINTER_NOMINAL_CURRENT_APPLIED,CHANGED
lines,LINE:004163,parameter_source,"E-REDES PDIRD-E 2020 Annex B, 31-12-2025 planning table",https://www.e-redes.pt/sites/eredes/files/2022-07/PDIRD-E%202020%20proposta%20final.pdf,CHANGED
lines,LINE:004163,max_i_status,DIRECT_PDIRD_MINIMUM_SUMMER_NOMINAL_CURRENT,DIRECT_PDIRD_MINIMUM_WINTER_NOMINAL_CURRENT,CHANGED
lines,LINE:004163,max_i_ka,0.68885,0.74,CHANGED
lines,LINE:004163,seasonal_rating_status,WINTER_DYNAMIC_AMBIENT_TEMPERATURE_RATING_APPLIED,DIRECT_PDIRD_WINTER_NOMINAL_CURRENT_APPLIED,CHANGED
lines,LINE:004179,parameter_source,"E-REDES PDIRD-E 2020 Annex B, 31-12-2025 planning table",https://www.e-redes.pt/sites/eredes/files/2022-07/PDIRD-E%202020%20proposta%20final.pdf,CHANGED
lines,LINE:004179,max_i_status,DIRECT_PDIRD_MINIMUM_SUMMER_NOMINAL_CURRENT,DIRECT_PDIRD_MINIMUM_WINTER_NOMINAL_CURRENT,CHANGED
lines,LINE:004179,max_i_ka,0.88435,1.089,CHANGED
lines,LINE:004179,seasonal_rating_status,WINTER_DYNAMIC_AMBIENT_TEMPERATURE_RATING_APPLIED,DIRECT_PDIRD_WINTER_NOMINAL_CURRENT_APPLIED,CHANGED
lines,LINE:004181,parameter_source,"E-REDES PDIRD-E 2020 Annex B, 31-12-2025 planning table",https://www.e-redes.pt/sites/eredes/files/2022-07/PDIRD-E%202020%20proposta%20final.pdf,CHANGED
lines,LINE:004181,max_i_status,DIRECT_PDIRD_MINIMUM_SUMMER_NOMINAL_CURRENT,DIRECT_PDIRD_MINIMUM_WINTER_NOMINAL_CURRENT,CHANGED
lines,LINE:004181,max_i_ka,0.9223,0.902,CHANGED
lines,LINE:004181,seasonal_rating_status,WINTER_DYNAMIC_AMBIENT_TEMPERATURE_RATING_APPLIED,DIRECT_PDIRD_WINTER_NOMINAL_CURRENT_APPLIED,CHANGED
lines,LINE:004183,parameter_source,"E-REDES PDIRD-E 2020 Annex B, 31-12-2025 planning table",https://www.e-redes.pt/sites/eredes/files/2022-07/PDIRD-E%202020%20proposta%20final.pdf,CHANGED
lines,LINE:004183,max_i_status,DIRECT_PDIRD_MINIMUM_SUMMER_NOMINAL_CURRENT,DIRECT_PDIRD_MINIMUM_WINTER_NOMINAL_CURRENT,CHANGED
lines,LINE:004183,max_i_ka,0.46115,0.451,CHANGED
lines,LINE:004183,seasonal_rating_status,WINTER_DYNAMIC_AMBIENT_TEMPERATURE_RATING_APPLIED,DIRECT_PDIRD_WINTER_NOMINAL_CURRENT_APPLIED,CHANGED
lines,LINE:004197,parameter_source,"E-REDES PDIRD-E 2020 Annex B, 31-12-2025 planning table",https://www.e-redes.pt/sites/eredes/files/2022-07/PDIRD-E%202020%20proposta%20final.pdf,CHANGED
lines,LINE:004197,max_i_status,DIRECT_PDIRD_MINIMUM_SUMMER_NOMINAL_CURRENT,DIRECT_PDIRD_MINIMUM_WINTER_NOMINAL_CURRENT,CHANGED
lines,LINE:004197,max_i_ka,0.4416,0.544,CHANGED
lines,LINE:004197,seasonal_rating_status,WINTER_DYNAMIC_AMBIENT_TEMPERATURE_RATING_APPLIED,DIRECT_PDIRD_WINTER_NOMINAL_CURRENT_APPLIED,CHANGED
lines,LINE:004201,parameter_source,"E-REDES PDIRD-E 2020 Annex B, 31-12-2025 planning table",https://www.e-redes.pt/sites/eredes/files/2022-07/PDIRD-E%202020%20proposta%20final.pdf,CHANGED
lines,LINE:004201,max_i_status,DIRECT_PDIRD_MINIMUM_SUMMER_NOMINAL_CURRENT,DIRECT_PDIRD_MINIMUM_WINTER_NOMINAL_CURRENT,CHANGED
lines,LINE:004201,max_i_ka,0.88435,1.089,CHANGED
lines,LINE:004201,seasonal_rating_status,WINTER_DYNAMIC_AMBIENT_TEMPERATURE_RATING_APPLIED,DIRECT_PDIRD_WINTER_NOMINAL_CURRENT_APPLIED,CHANGED
lines,LINE:004205,parameter_source,"E-REDES PDIRD-E 2020 Annex B, 31-12-2025 planning table",https://www.e-redes.pt/sites/eredes/files/2022-07/PDIRD-E%202020%20proposta%20final.pdf,CHANGED
lines,LINE:004205,max_i_status,DIRECT_PDIRD_MINIMUM_SUMMER_NOMINAL_CURRENT,DIRECT_PDIRD_MINIMUM_WINTER_NOMINAL_CURRENT,CHANGED
lines,LINE:004205,max_i_ka,0.46115,0.451,CHANGED
lines,LINE:004205,seasonal_rating_status,WINTER_DYNAMIC_AMBIENT_TEMPERATURE_RATING_APPLIED,DIRECT_PDIRD_WINTER_NOMINAL_CURRENT_APPLIED,CHANGED
lines,LINE:004218,parameter_source,"E-REDES PDIRD-E 2020 Annex B, 31-12-2025 planning table",https://www.e-redes.pt/sites/eredes/files/2022-07/PDIRD-E%202020%20proposta%20final.pdf,CHANGED
lines,LINE:004218,max_i_status,DIRECT_PDIRD_MINIMUM_SUMMER_NOMINAL_CURRENT,DIRECT_PDIRD_MINIMUM_WINTER_NOMINAL_CURRENT,CHANGED
lines,LINE:004218,max_i_ka,0.32085,0.387,CHANGED
lines,LINE:004218,seasonal_rating_status,WINTER_DYNAMIC_AMBIENT_TEMPERATURE_RATING_APPLIED,DIRECT_PDIRD_WINTER_NOMINAL_CURRENT_APPLIED,CHANGED
lines,LINE:004219,parameter_source,"E-REDES PDIRD-E 2020 Annex B, 31-12-2025 planning table",https://www.e-redes.pt/sites/eredes/files/2022-07/PDIRD-E%202020%20proposta%20final.pdf,CHANGED
lines,LINE:004219,max_i_status,DIRECT_PDIRD_MINIMUM_SUMMER_NOMINAL_CURRENT,DIRECT_PDIRD_MINIMUM_WINTER_NOMINAL_CURRENT,CHANGED
lines,LINE:004219,max_i_ka,0.32085,0.387,CHANGED
lines,LINE:004219,seasonal_rating_status,WINTER_DYNAMIC_AMBIENT_TEMPERATURE_RATING_APPLIED,DIRECT_PDIRD_WINTER_NOMINAL_CURRENT_APPLIED,CHANGED
lines,LINE:004220,parameter_source,"E-REDES PDIRD-E 2020 Annex B, 31-12-2025 planning table",https://www.e-redes.pt/sites/eredes/files/2022-07/PDIRD-E%202020%20proposta%20final.pdf,CHANGED
lines,LINE:004220,max_i_status,DIRECT_PDIRD_MINIMUM_SUMMER_NOMINAL_CURRENT,DIRECT_PDIRD_MINIMUM_WINTER_NOMINAL_CURRENT,CHANGED
lines,LINE:004220,max_i_ka,0.32085,0.387,CHANGED
lines,LINE:004220,seasonal_rating_status,WINTER_DYNAMIC_AMBIENT_TEMPERATURE_RATING_APPLIED,DIRECT_PDIRD_WINTER_NOMINAL_CURRENT_APPLIED,CHANGED
lines,LINE:004221,parameter_source,"E-REDES PDIRD-E 2020 Annex B, 31-12-2025 planning table",https://www.e-redes.pt/sites/eredes/files/2022-07/PDIRD-E%202020%20proposta%20final.pdf,CHANGED
lines,LINE:004221,max_i_status,DIRECT_PDIRD_MINIMUM_SUMMER_NOMINAL_CURRENT,DIRECT_PDIRD_MINIMUM_WINTER_NOMINAL_CURRENT,CHANGED
lines,LINE:004221,max_i_ka,0.32085,0.387,CHANGED
lines,LINE:004221,seasonal_rating_status,WINTER_DYNAMIC_AMBIENT_TEMPERATURE_RATING_APPLIED,DIRECT_PDIRD_WINTER_NOMINAL_CURRENT_APPLIED,CHANGED
lines,LINE:004222,parameter_source,"E-REDES PDIRD-E 2020 Annex B, 31-12-2025 planning table",https://www.e-redes.pt/sites/eredes/files/2022-07/PDIRD-E%202020%20proposta%20final.pdf,CHANGED
lines,LINE:004222,max_i_status,DIRECT_PDIRD_MINIMUM_SUMMER_NOMINAL_CURRENT,DIRECT_PDIRD_MINIMUM_WINTER_NOMINAL_CURRENT,CHANGED
lines,LINE:004222,max_i_ka,0.32085,0.387,CHANGED
lines,LINE:004222,seasonal_rating_status,WINTER_DYNAMIC_AMBIENT_TEMPERATURE_RATING_APPLIED,DIRECT_PDIRD_WINTER_NOMINAL_CURRENT_APPLIED,CHANGED
lines,LINE:004223,parameter_source,"E-REDES PDIRD-E 2020 Annex B, 31-12-2025 planning table",https://www.e-redes.pt/sites/eredes/files/2022-07/PDIRD-E%202020%20proposta%20final.pdf,CHANGED
lines,LINE:004223,max_i_status,DIRECT_PDIRD_MINIMUM_SUMMER_NOMINAL_CURRENT,DIRECT_PDIRD_MINIMUM_WINTER_NOMINAL_CURRENT,CHANGED
lines,LINE:004223,max_i_ka,0.32085,0.387,CHANGED
lines,LINE:004223,seasonal_rating_status,WINTER_DYNAMIC_AMBIENT_TEMPERATURE_RATING_APPLIED,DIRECT_PDIRD_WINTER_NOMINAL_CURRENT_APPLIED,CHANGED
lines,LINE:004225,parameter_source,"E-REDES PDIRD-E 2020 Annex B, 31-12-2025 planning table",https://www.e-redes.pt/sites/eredes/files/2022-07/PDIRD-E%202020%20proposta%20final.pdf,CHANGED
lines,LINE:004225,max_i_status,DIRECT_PDIRD_MINIMUM_SUMMER_NOMINAL_CURRENT,DIRECT_PDIRD_MINIMUM_WINTER_NOMINAL_CURRENT,CHANGED
lines,LINE:004225,max_i_ka,0.32085,0.387,CHANGED
lines,LINE:004225,seasonal_rating_status,WINTER_DYNAMIC_AMBIENT_TEMPERATURE_RATING_APPLIED,DIRECT_PDIRD_WINTER_NOMINAL_CURRENT_APPLIED,CHANGED
lines,LINE:004226,parameter_source,"E-REDES PDIRD-E 2020 Annex B, 31-12-2025 planning table",https://www.e-redes.pt/sites/eredes/files/2022-07/PDIRD-E%202020%20proposta%20final.pdf,CHANGED
lines,LINE:004226,max_i_status,DIRECT_PDIRD_MINIMUM_SUMMER_NOMINAL_CURRENT,DIRECT_PDIRD_MINIMUM_WINTER_NOMINAL_CURRENT,CHANGED
lines,LINE:004226,max_i_ka,0.32085,0.387,CHANGED
lines,LINE:004226,seasonal_rating_status,WINTER_DYNAMIC_AMBIENT_TEMPERATURE_RATING_APPLIED,DIRECT_PDIRD_WINTER_NOMINAL_CURRENT_APPLIED,CHANGED
lines,LINE:004232,parameter_source,"E-REDES PDIRD-E 2020 Annex B, 31-12-2025 planning table",https://www.e-redes.pt/sites/eredes/files/2022-07/PDIRD-E%202020%20proposta%20final.pdf,CHANGED
lines,LINE:004232,max_i_status,DIRECT_PDIRD_MINIMUM_SUMMER_NOMINAL_CURRENT,DIRECT_PDIRD_MINIMUM_WINTER_NOMINAL_CURRENT,CHANGED
lines,LINE:004232,max_i_ka,0.30015,0.362,CHANGED
lines,LINE:004232,seasonal_rating_status,WINTER_DYNAMIC_AMBIENT_TEMPERATURE_RATING_APPLIED,DIRECT_PDIRD_WINTER_NOMINAL_CURRENT_APPLIED,CHANGED
lines,LINE:004245,parameter_source,"E-REDES PDIRD-E 2020 Annex B, 31-12-2025 planning table",https://www.e-redes.pt/sites/eredes/files/2022-07/PDIRD-E%202020%20proposta%20final.pdf,CHANGED
lines,LINE:004245,max_i_status,DIRECT_PDIRD_MINIMUM_SUMMER_NOMINAL_CURRENT,DIRECT_PDIRD_MINIMUM_WINTER_NOMINAL_CURRENT,CHANGED
lines,LINE:004245,max_i_ka,0.6969,0.686,CHANGED
lines,LINE:004245,seasonal_rating_status,WINTER_DYNAMIC_AMBIENT_TEMPERATURE_RATING_APPLIED,DIRECT_PDIRD_WINTER_NOMINAL_CURRENT_APPLIED,CHANGED
lines,LINE:004251,parameter_source,"E-REDES PDIRD-E 2020 Annex B, 31-12-2025 planning table",https://www.e-redes.pt/sites/eredes/files/2022-07/PDIRD-E%202020%20proposta%20final.pdf,CHANGED
lines,LINE:004251,max_i_status,DIRECT_PDIRD_MINIMUM_SUMMER_NOMINAL_CURRENT,DIRECT_PDIRD_MINIMUM_WINTER_NOMINAL_CURRENT,CHANGED
lines,LINE:004251,max_i_ka,0.46115,0.451,CHANGED
lines,LINE:004251,seasonal_rating_status,WINTER_DYNAMIC_AMBIENT_TEMPERATURE_RATING_APPLIED,DIRECT_PDIRD_WINTER_NOMINAL_CURRENT_APPLIED,CHANGED
lines,LINE:004252,parameter_source,"E-REDES PDIRD-E 2020 Annex B, 31-12-2025 planning table",https://www.e-redes.pt/sites/eredes/files/2022-07/PDIRD-E%202020%20proposta%20final.pdf,CHANGED
lines,LINE:004252,max_i_status,DIRECT_PDIRD_MINIMUM_SUMMER_NOMINAL_CURRENT,DIRECT_PDIRD_MINIMUM_WINTER_NOMINAL_CURRENT,CHANGED
lines,LINE:004252,max_i_ka,0.46115,0.451,CHANGED
lines,LINE:004252,seasonal_rating_status,WINTER_DYNAMIC_AMBIENT_TEMPERATURE_RATING_APPLIED,DIRECT_PDIRD_WINTER_NOMINAL_CURRENT_APPLIED,CHANGED
lines,LINE:004253,parameter_source,"E-REDES PDIRD-E 2020 Annex B, 31-12-2025 planning table",https://www.e-redes.pt/sites/eredes/files/2022-07/PDIRD-E%202020%20proposta%20final.pdf,CHANGED
lines,LINE:004253,max_i_status,DIRECT_PDIRD_MINIMUM_SUMMER_NOMINAL_CURRENT,DIRECT_PDIRD_MINIMUM_WINTER_NOMINAL_CURRENT,CHANGED
lines,LINE:004253,max_i_ka,1.3938,1.372,CHANGED
lines,LINE:004253,seasonal_rating_status,WINTER_DYNAMIC_AMBIENT_TEMPERATURE_RATING_APPLIED,DIRECT_PDIRD_WINTER_NOMINAL_CURRENT_APPLIED,CHANGED
lines,LINE:004257,parameter_source,"E-REDES PDIRD-E 2020 Annex B, 31-12-2025 planning table",https://www.e-redes.pt/sites/eredes/files/2022-07/PDIRD-E%202020%20proposta%20final.pdf,CHANGED
lines,LINE:004257,max_i_status,DIRECT_PDIRD_MINIMUM_SUMMER_NOMINAL_CURRENT,DIRECT_PDIRD_MINIMUM_WINTER_NOMINAL_CURRENT,CHANGED
lines,LINE:004257,max_i_ka,0.49334999999999996,0.483,CHANGED
lines,LINE:004257,seasonal_rating_status,WINTER_DYNAMIC_AMBIENT_TEMPERATURE_RATING_APPLIED,DIRECT_PDIRD_WINTER_NOMINAL_CURRENT_APPLIED,CHANGED
lines,LINE:004260,parameter_source,"E-REDES PDIRD-E 2020 Annex B, 31-12-2025 planning table",https://www.e-redes.pt/sites/eredes/files/2022-07/PDIRD-E%202020%20proposta%20final.pdf,CHANGED
lines,LINE:004260,max_i_status,DIRECT_PDIRD_MINIMUM_SUMMER_NOMINAL_CURRENT,DIRECT_PDIRD_MINIMUM_WINTER_NOMINAL_CURRENT,CHANGED
lines,LINE:004260,max_i_ka,0.4416,0.544,CHANGED
lines,LINE:004260,seasonal_rating_status,WINTER_DYNAMIC_AMBIENT_TEMPERATURE_RATING_APPLIED,DIRECT_PDIRD_WINTER_NOMINAL_CURRENT_APPLIED,CHANGED
lines,LINE:004264,parameter_source,"E-REDES PDIRD-E 2020 Annex B, 31-12-2025 planning table",https://www.e-redes.pt/sites/eredes/files/2022-07/PDIRD-E%202020%20proposta%20final.pdf,CHANGED
lines,LINE:004264,max_i_status,DIRECT_PDIRD_MINIMUM_SUMMER_NOMINAL_CURRENT,DIRECT_PDIRD_MINIMUM_WINTER_NOMINAL_CURRENT,CHANGED
lines,LINE:004264,max_i_ka,0.4416,0.544,CHANGED
lines,LINE:004264,seasonal_rating_status,WINTER_DYNAMIC_AMBIENT_TEMPERATURE_RATING_APPLIED,DIRECT_PDIRD_WINTER_NOMINAL_CURRENT_APPLIED,CHANGED
lines,LINE:004268,parameter_source,"E-REDES PDIRD-E 2020 Annex B, 31-12-2025 planning table",https://www.e-redes.pt/sites/eredes/files/2022-07/PDIRD-E%202020%20proposta%20final.pdf,CHANGED
lines,LINE:004268,max_i_status,DIRECT_PDIRD_MINIMUM_SUMMER_NOMINAL_CURRENT,DIRECT_PDIRD_MINIMUM_WINTER_NOMINAL_CURRENT,CHANGED
lines,LINE:004268,max_i_ka,0.46115,0.451,CHANGED
lines,LINE:004268,seasonal_rating_status,WINTER_DYNAMIC_AMBIENT_TEMPERATURE_RATING_APPLIED,DIRECT_PDIRD_WINTER_NOMINAL_CURRENT_APPLIED,CHANGED
lines,LINE:004269,parameter_source,"E-REDES PDIRD-E 2020 Annex B, 31-12-2025 planning table",https://www.e-redes.pt/sites/eredes/files/2022-07/PDIRD-E%202020%20proposta%20final.pdf,CHANGED
lines,LINE:004269,max_i_status,DIRECT_PDIRD_MINIMUM_SUMMER_NOMINAL_CURRENT,DIRECT_PDIRD_MINIMUM_WINTER_NOMINAL_CURRENT,CHANGED
lines,LINE:004269,max_i_ka,0.46115,0.451,CHANGED
lines,LINE:004269,seasonal_rating_status,WINTER_DYNAMIC_AMBIENT_TEMPERATURE_RATING_APPLIED,DIRECT_PDIRD_WINTER_NOMINAL_CURRENT_APPLIED,CHANGED
lines,LINE:004270,parameter_source,"E-REDES PDIRD-E 2020 Annex B, 31-12-2025 planning table",https://www.e-redes.pt/sites/eredes/files/2022-07/PDIRD-E%202020%20proposta%20final.pdf,CHANGED
lines,LINE:004270,max_i_status,DIRECT_PDIRD_MINIMUM_SUMMER_NOMINAL_CURRENT,DIRECT_PDIRD_MINIMUM_WINTER_NOMINAL_CURRENT,CHANGED
lines,LINE:004270,max_i_ka,0.46115,0.451,CHANGED
lines,LINE:004270,seasonal_rating_status,WINTER_DYNAMIC_AMBIENT_TEMPERATURE_RATING_APPLIED,DIRECT_PDIRD_WINTER_NOMINAL_CURRENT_APPLIED,CHANGED
lines,LINE:004271,parameter_source,"E-REDES PDIRD-E 2020 Annex B, 31-12-2025 planning table",https://www.e-redes.pt/sites/eredes/files/2022-07/PDIRD-E%202020%20proposta%20final.pdf,CHANGED
lines,LINE:004271,max_i_status,DIRECT_PDIRD_MINIMUM_SUMMER_NOMINAL_CURRENT,DIRECT_PDIRD_MINIMUM_WINTER_NOMINAL_CURRENT,CHANGED
lines,LINE:004271,max_i_ka,0.46115,0.451,CHANGED
lines,LINE:004271,seasonal_rating_status,WINTER_DYNAMIC_AMBIENT_TEMPERATURE_RATING_APPLIED,DIRECT_PDIRD_WINTER_NOMINAL_CURRENT_APPLIED,CHANGED
lines,LINE:004272,parameter_source,"E-REDES PDIRD-E 2020 Annex B, 31-12-2025 planning table",https://www.e-redes.pt/sites/eredes/files/2022-07/PDIRD-E%202020%20proposta%20final.pdf,CHANGED
lines,LINE:004272,max_i_status,DIRECT_PDIRD_MINIMUM_SUMMER_NOMINAL_CURRENT,DIRECT_PDIRD_MINIMUM_WINTER_NOMINAL_CURRENT,CHANGED
lines,LINE:004272,max_i_ka,0.46115,0.451,CHANGED
lines,LINE:004272,seasonal_rating_status,WINTER_DYNAMIC_AMBIENT_TEMPERATURE_RATING_APPLIED,DIRECT_PDIRD_WINTER_NOMINAL_CURRENT_APPLIED,CHANGED
lines,LINE:004276,parameter_source,"E-REDES PDIRD-E 2020 Annex B, 31-12-2025 planning table",https://www.e-redes.pt/sites/eredes/files/2022-07/PDIRD-E%202020%20proposta%20final.pdf,CHANGED
lines,LINE:004276,max_i_status,DIRECT_PDIRD_MINIMUM_SUMMER_NOMINAL_CURRENT,DIRECT_PDIRD_MINIMUM_WINTER_NOMINAL_CURRENT,CHANGED
lines,LINE:004276,max_i_ka,0.88435,1.089,CHANGED
lines,LINE:004276,seasonal_rating_status,WINTER_DYNAMIC_AMBIENT_TEMPERATURE_RATING_APPLIED,DIRECT_PDIRD_WINTER_NOMINAL_CURRENT_APPLIED,CHANGED
lines,LINE:004282,parameter_source,"E-REDES PDIRD-E 2020 Annex B, 31-12-2025 planning table",https://www.e-redes.pt/sites/eredes/files/2022-07/PDIRD-E%202020%20proposta%20final.pdf,CHANGED
lines,LINE:004282,max_i_status,DIRECT_PDIRD_MINIMUM_SUMMER_NOMINAL_CURRENT,DIRECT_PDIRD_MINIMUM_WINTER_NOMINAL_CURRENT,CHANGED
lines,LINE:004282,max_i_ka,0.88435,1.089,CHANGED
lines,LINE:004282,seasonal_rating_status,WINTER_DYNAMIC_AMBIENT_TEMPERATURE_RATING_APPLIED,DIRECT_PDIRD_WINTER_NOMINAL_CURRENT_APPLIED,CHANGED
lines,LINE:004283,parameter_source,"E-REDES PDIRD-E 2020 Annex B, 31-12-2025 planning table",https://www.e-redes.pt/sites/eredes/files/2022-07/PDIRD-E%202020%20proposta%20final.pdf,CHANGED
lines,LINE:004283,max_i_status,DIRECT_PDIRD_MINIMUM_SUMMER_NOMINAL_CURRENT,DIRECT_PDIRD_MINIMUM_WINTER_NOMINAL_CURRENT,CHANGED
lines,LINE:004283,max_i_ka,0.88435,1.089,CHANGED
lines,LINE:004283,seasonal_rating_status,WINTER_DYNAMIC_AMBIENT_TEMPERATURE_RATING_APPLIED,DIRECT_PDIRD_WINTER_NOMINAL_CURRENT_APPLIED,CHANGED
lines,LINE:004284,parameter_source,"E-REDES PDIRD-E 2020 Annex B, 31-12-2025 planning table",https://www.e-redes.pt/sites/eredes/files/2022-07/PDIRD-E%202020%20proposta%20final.pdf,CHANGED
lines,LINE:004284,max_i_status,DIRECT_PDIRD_MINIMUM_SUMMER_NOMINAL_CURRENT,DIRECT_PDIRD_MINIMUM_WINTER_NOMINAL_CURRENT,CHANGED
lines,LINE:004284,max_i_ka,0.30015,0.362,CHANGED
lines,LINE:004284,seasonal_rating_status,WINTER_DYNAMIC_AMBIENT_TEMPERATURE_RATING_APPLIED,DIRECT_PDIRD_WINTER_NOMINAL_CURRENT_APPLIED,CHANGED
lines,LINE:004285,parameter_source,"E-REDES PDIRD-E 2020 Annex B, 31-12-2025 planning table",https://www.e-redes.pt/sites/eredes/files/2022-07/PDIRD-E%202020%20proposta%20final.pdf,CHANGED
lines,LINE:004285,max_i_status,DIRECT_PDIRD_MINIMUM_SUMMER_NOMINAL_CURRENT,DIRECT_PDIRD_MINIMUM_WINTER_NOMINAL_CURRENT,CHANGED
lines,LINE:004285,max_i_ka,0.30015,0.362,CHANGED
lines,LINE:004285,seasonal_rating_status,WINTER_DYNAMIC_AMBIENT_TEMPERATURE_RATING_APPLIED,DIRECT_PDIRD_WINTER_NOMINAL_CURRENT_APPLIED,CHANGED
lines,LINE:004296,parameter_source,"E-REDES PDIRD-E 2020 Annex B, 31-12-2025 planning table",https://www.e-redes.pt/sites/eredes/files/2022-07/PDIRD-E%202020%20proposta%20final.pdf,CHANGED
lines,LINE:004296,max_i_status,DIRECT_PDIRD_MINIMUM_SUMMER_NOMINAL_CURRENT,DIRECT_PDIRD_MINIMUM_WINTER_NOMINAL_CURRENT,CHANGED
lines,LINE:004296,max_i_ka,0.37834999999999996,0.461,CHANGED
lines,LINE:004296,seasonal_rating_status,WINTER_DYNAMIC_AMBIENT_TEMPERATURE_RATING_APPLIED,DIRECT_PDIRD_WINTER_NOMINAL_CURRENT_APPLIED,CHANGED
lines,LINE:004303,parameter_source,"E-REDES PDIRD-E 2020 Annex B, 31-12-2025 planning table",https://www.e-redes.pt/sites/eredes/files/2022-07/PDIRD-E%202020%20proposta%20final.pdf,CHANGED
lines,LINE:004303,max_i_status,DIRECT_PDIRD_MINIMUM_SUMMER_NOMINAL_CURRENT,DIRECT_PDIRD_MINIMUM_WINTER_NOMINAL_CURRENT,CHANGED
lines,LINE:004303,max_i_ka,0.6014499999999999,0.723,CHANGED
lines,LINE:004303,seasonal_rating_status,WINTER_DYNAMIC_AMBIENT_TEMPERATURE_RATING_APPLIED,DIRECT_PDIRD_WINTER_NOMINAL_CURRENT_APPLIED,CHANGED
lines,LINE:004304,parameter_source,"E-REDES PDIRD-E 2020 Annex B, 31-12-2025 planning table",https://www.e-redes.pt/sites/eredes/files/2022-07/PDIRD-E%202020%20proposta%20final.pdf,CHANGED
lines,LINE:004304,max_i_status,DIRECT_PDIRD_MINIMUM_SUMMER_NOMINAL_CURRENT,DIRECT_PDIRD_MINIMUM_WINTER_NOMINAL_CURRENT,CHANGED
lines,LINE:004304,max_i_ka,0.6014499999999999,0.723,CHANGED
lines,LINE:004304,seasonal_rating_status,WINTER_DYNAMIC_AMBIENT_TEMPERATURE_RATING_APPLIED,DIRECT_PDIRD_WINTER_NOMINAL_CURRENT_APPLIED,CHANGED
lines,LINE:004305,parameter_source,"E-REDES PDIRD-E 2020 Annex B, 31-12-2025 planning table",https://www.e-redes.pt/sites/eredes/files/2022-07/PDIRD-E%202020%20proposta%20final.pdf,CHANGED
lines,LINE:004305,max_i_status,DIRECT_PDIRD_MINIMUM_SUMMER_NOMINAL_CURRENT,DIRECT_PDIRD_MINIMUM_WINTER_NOMINAL_CURRENT,CHANGED
lines,LINE:004305,max_i_ka,0.6014499999999999,0.723,CHANGED
lines,LINE:004305,seasonal_rating_status,WINTER_DYNAMIC_AMBIENT_TEMPERATURE_RATING_APPLIED,DIRECT_PDIRD_WINTER_NOMINAL_CURRENT_APPLIED,CHANGED
lines,LINE:004312,parameter_source,"E-REDES PDIRD-E 2020 Annex B, 31-12-2025 planning table",https://www.e-redes.pt/sites/eredes/files/2022-07/PDIRD-E%202020%20proposta%20final.pdf,CHANGED
lines,LINE:004312,max_i_status,DIRECT_PDIRD_MINIMUM_SUMMER_NOMINAL_CURRENT,DIRECT_PDIRD_MINIMUM_WINTER_NOMINAL_CURRENT,CHANGED
lines,LINE:004312,max_i_ka,0.6969,0.686,CHANGED
lines,LINE:004312,seasonal_rating_status,WINTER_DYNAMIC_AMBIENT_TEMPERATURE_RATING_APPLIED,DIRECT_PDIRD_WINTER_NOMINAL_CURRENT_APPLIED,CHANGED
lines,LINE:004314,parameter_source,"E-REDES PDIRD-E 2020 Annex B, 31-12-2025 planning table",https://www.e-redes.pt/sites/eredes/files/2022-07/PDIRD-E%202020%20proposta%20final.pdf,CHANGED
lines,LINE:004314,max_i_status,DIRECT_PDIRD_MINIMUM_SUMMER_NOMINAL_CURRENT,DIRECT_PDIRD_MINIMUM_WINTER_NOMINAL_CURRENT,CHANGED
lines,LINE:004314,max_i_ka,0.6969,0.686,CHANGED
lines,LINE:004314,seasonal_rating_status,WINTER_DYNAMIC_AMBIENT_TEMPERATURE_RATING_APPLIED,DIRECT_PDIRD_WINTER_NOMINAL_CURRENT_APPLIED,CHANGED
lines,LINE:004315,parameter_source,"E-REDES PDIRD-E 2020 Annex B, 31-12-2025 planning table",https://www.e-redes.pt/sites/eredes/files/2022-07/PDIRD-E%202020%20proposta%20final.pdf,CHANGED
lines,LINE:004315,max_i_status,DIRECT_PDIRD_MINIMUM_SUMMER_NOMINAL_CURRENT,DIRECT_PDIRD_MINIMUM_WINTER_NOMINAL_CURRENT,CHANGED
lines,LINE:004315,max_i_ka,0.6969,0.686,CHANGED
lines,LINE:004315,seasonal_rating_status,WINTER_DYNAMIC_AMBIENT_TEMPERATURE_RATING_APPLIED,DIRECT_PDIRD_WINTER_NOMINAL_CURRENT_APPLIED,CHANGED
lines,LINE:004318,parameter_source,"E-REDES PDIRD-E 2020 Annex B, 31-12-2025 planning table",https://www.e-redes.pt/sites/eredes/files/2022-07/PDIRD-E%202020%20proposta%20final.pdf,CHANGED
lines,LINE:004318,max_i_status,DIRECT_PDIRD_MINIMUM_SUMMER_NOMINAL_CURRENT,DIRECT_PDIRD_MINIMUM_WINTER_NOMINAL_CURRENT,CHANGED
lines,LINE:004318,max_i_ka,0.6969,0.686,CHANGED
lines,LINE:004318,seasonal_rating_status,WINTER_DYNAMIC_AMBIENT_TEMPERATURE_RATING_APPLIED,DIRECT_PDIRD_WINTER_NOMINAL_CURRENT_APPLIED,CHANGED
lines,LINE:004319,parameter_source,"E-REDES PDIRD-E 2020 Annex B, 31-12-2025 planning table",https://www.e-redes.pt/sites/eredes/files/2022-07/PDIRD-E%202020%20proposta%20final.pdf,CHANGED
lines,LINE:004319,max_i_status,DIRECT_PDIRD_MINIMUM_SUMMER_NOMINAL_CURRENT,DIRECT_PDIRD_MINIMUM_WINTER_NOMINAL_CURRENT,CHANGED
lines,LINE:004319,max_i_ka,0.6704499999999999,0.659,CHANGED
lines,LINE:004319,seasonal_rating_status,WINTER_DYNAMIC_AMBIENT_TEMPERATURE_RATING_APPLIED,DIRECT_PDIRD_WINTER_NOMINAL_CURRENT_APPLIED,CHANGED
lines,LINE:004320,parameter_source,"E-REDES PDIRD-E 2020 Annex B, 31-12-2025 planning table",https://www.e-redes.pt/sites/eredes/files/2022-07/PDIRD-E%202020%20proposta%20final.pdf,CHANGED
lines,LINE:004320,max_i_status,DIRECT_PDIRD_MINIMUM_SUMMER_NOMINAL_CURRENT,DIRECT_PDIRD_MINIMUM_WINTER_NOMINAL_CURRENT,CHANGED
lines,LINE:004320,max_i_ka,0.6704499999999999,0.659,CHANGED
lines,LINE:004320,seasonal_rating_status,WINTER_DYNAMIC_AMBIENT_TEMPERATURE_RATING_APPLIED,DIRECT_PDIRD_WINTER_NOMINAL_CURRENT_APPLIED,CHANGED
lines,LINE:004323,parameter_source,"E-REDES PDIRD-E 2020 Annex B, 31-12-2025 planning table",https://www.e-redes.pt/sites/eredes/files/2022-07/PDIRD-E%202020%20proposta%20final.pdf,CHANGED
lines,LINE:004323,max_i_status,DIRECT_PDIRD_MINIMUM_SUMMER_NOMINAL_CURRENT,DIRECT_PDIRD_MINIMUM_WINTER_NOMINAL_CURRENT,CHANGED
lines,LINE:004323,max_i_ka,0.6969,0.686,CHANGED
lines,LINE:004323,seasonal_rating_status,WINTER_DYNAMIC_AMBIENT_TEMPERATURE_RATING_APPLIED,DIRECT_PDIRD_WINTER_NOMINAL_CURRENT_APPLIED,CHANGED
lines,LINE:004326,parameter_source,"E-REDES PDIRD-E 2020 Annex B, 31-12-2025 planning table",https://www.e-redes.pt/sites/eredes/files/2022-07/PDIRD-E%202020%20proposta%20final.pdf,CHANGED
lines,LINE:004326,max_i_status,DIRECT_PDIRD_MINIMUM_SUMMER_NOMINAL_CURRENT,DIRECT_PDIRD_MINIMUM_WINTER_NOMINAL_CURRENT,CHANGED
lines,LINE:004326,max_i_ka,0.6704499999999999,0.659,CHANGED
lines,LINE:004326,seasonal_rating_status,WINTER_DYNAMIC_AMBIENT_TEMPERATURE_RATING_APPLIED,DIRECT_PDIRD_WINTER_NOMINAL_CURRENT_APPLIED,CHANGED
lines,LINE:004328,parameter_source,"E-REDES PDIRD-E 2020 Annex B, 31-12-2025 planning table",https://www.e-redes.pt/sites/eredes/files/2022-07/PDIRD-E%202020%20proposta%20final.pdf,CHANGED
lines,LINE:004328,max_i_status,DIRECT_PDIRD_MINIMUM_SUMMER_NOMINAL_CURRENT,DIRECT_PDIRD_MINIMUM_WINTER_NOMINAL_CURRENT,CHANGED
lines,LINE:004328,max_i_ka,0.49565,0.615,CHANGED
lines,LINE:004328,seasonal_rating_status,WINTER_DYNAMIC_AMBIENT_TEMPERATURE_RATING_APPLIED,DIRECT_PDIRD_WINTER_NOMINAL_CURRENT_APPLIED,CHANGED
lines,LINE:004335,parameter_source,"E-REDES PDIRD-E 2020 Annex B, 31-12-2025 planning table",https://www.e-redes.pt/sites/eredes/files/2022-07/PDIRD-E%202020%20proposta%20final.pdf,CHANGED
lines,LINE:004335,max_i_status,DIRECT_PDIRD_MINIMUM_SUMMER_NOMINAL_CURRENT,DIRECT_PDIRD_MINIMUM_WINTER_NOMINAL_CURRENT,CHANGED
lines,LINE:004335,max_i_ka,0.5450999999999999,0.582,CHANGED
lines,LINE:004335,seasonal_rating_status,WINTER_DYNAMIC_AMBIENT_TEMPERATURE_RATING_APPLIED,DIRECT_PDIRD_WINTER_NOMINAL_CURRENT_APPLIED,CHANGED
lines,LINE:004336,parameter_source,"E-REDES PDIRD-E 2020 Annex B, 31-12-2025 planning table",https://www.e-redes.pt/sites/eredes/files/2022-07/PDIRD-E%202020%20proposta%20final.pdf,CHANGED
lines,LINE:004336,max_i_status,DIRECT_PDIRD_MINIMUM_SUMMER_NOMINAL_CURRENT,DIRECT_PDIRD_MINIMUM_WINTER_NOMINAL_CURRENT,CHANGED
lines,LINE:004336,max_i_ka,0.5450999999999999,0.582,CHANGED
lines,LINE:004336,seasonal_rating_status,WINTER_DYNAMIC_AMBIENT_TEMPERATURE_RATING_APPLIED,DIRECT_PDIRD_WINTER_NOMINAL_CURRENT_APPLIED,CHANGED
lines,LINE:004337,parameter_source,"E-REDES PDIRD-E 2020 Annex B, 31-12-2025 planning table",https://www.e-redes.pt/sites/eredes/files/2022-07/PDIRD-E%202020%20proposta%20final.pdf,CHANGED
lines,LINE:004337,max_i_status,DIRECT_PDIRD_MINIMUM_SUMMER_NOMINAL_CURRENT,DIRECT_PDIRD_MINIMUM_WINTER_NOMINAL_CURRENT,CHANGED
lines,LINE:004337,max_i_ka,0.5450999999999999,0.582,CHANGED
lines,LINE:004337,seasonal_rating_status,WINTER_DYNAMIC_AMBIENT_TEMPERATURE_RATING_APPLIED,DIRECT_PDIRD_WINTER_NOMINAL_CURRENT_APPLIED,CHANGED
lines,LINE:004341,parameter_source,"E-REDES PDIRD-E 2020 Annex B, 31-12-2025 planning table",https://www.e-redes.pt/sites/eredes/files/2022-07/PDIRD-E%202020%20proposta%20final.pdf,CHANGED
lines,LINE:004341,max_i_status,DIRECT_PDIRD_MINIMUM_SUMMER_NOMINAL_CURRENT,DIRECT_PDIRD_MINIMUM_WINTER_NOMINAL_CURRENT,CHANGED
lines,LINE:004341,max_i_ka,0.30015,0.362,CHANGED
lines,LINE:004341,seasonal_rating_status,WINTER_DYNAMIC_AMBIENT_TEMPERATURE_RATING_APPLIED,DIRECT_PDIRD_WINTER_NOMINAL_CURRENT_APPLIED,CHANGED
lines,LINE:004348,parameter_source,"E-REDES PDIRD-E 2020 Annex B, 31-12-2025 planning table",https://www.e-redes.pt/sites/eredes/files/2022-07/PDIRD-E%202020%20proposta%20final.pdf,CHANGED
lines,LINE:004348,max_i_status,DIRECT_PDIRD_MINIMUM_SUMMER_NOMINAL_CURRENT,DIRECT_PDIRD_MINIMUM_WINTER_NOMINAL_CURRENT,CHANGED
lines,LINE:004348,max_i_ka,0.88435,1.089,CHANGED
lines,LINE:004348,seasonal_rating_status,WINTER_DYNAMIC_AMBIENT_TEMPERATURE_RATING_APPLIED,DIRECT_PDIRD_WINTER_NOMINAL_CURRENT_APPLIED,CHANGED
lines,LINE:004350,parameter_source,"E-REDES PDIRD-E 2020 Annex B, 31-12-2025 planning table",https://www.e-redes.pt/sites/eredes/files/2022-07/PDIRD-E%202020%20proposta%20final.pdf,CHANGED
lines,LINE:004350,max_i_status,DIRECT_PDIRD_MINIMUM_SUMMER_NOMINAL_CURRENT,DIRECT_PDIRD_MINIMUM_WINTER_NOMINAL_CURRENT,CHANGED
lines,LINE:004350,max_i_ka,0.46115,0.451,CHANGED
lines,LINE:004350,seasonal_rating_status,WINTER_DYNAMIC_AMBIENT_TEMPERATURE_RATING_APPLIED,DIRECT_PDIRD_WINTER_NOMINAL_CURRENT_APPLIED,CHANGED
lines,LINE:004359,parameter_source,"E-REDES PDIRD-E 2020 Annex B, 31-12-2025 planning table",https://www.e-redes.pt/sites/eredes/files/2022-07/PDIRD-E%202020%20proposta%20final.pdf,CHANGED
lines,LINE:004359,max_i_status,DIRECT_PDIRD_MINIMUM_SUMMER_NOMINAL_CURRENT,DIRECT_PDIRD_MINIMUM_WINTER_NOMINAL_CURRENT,CHANGED
lines,LINE:004359,max_i_ka,1.3938,1.372,CHANGED
lines,LINE:004359,seasonal_rating_status,WINTER_DYNAMIC_AMBIENT_TEMPERATURE_RATING_APPLIED,DIRECT_PDIRD_WINTER_NOMINAL_CURRENT_APPLIED,CHANGED
lines,LINE:004367,parameter_source,"E-REDES PDIRD-E 2020 Annex B, 31-12-2025 planning table",https://www.e-redes.pt/sites/eredes/files/2022-07/PDIRD-E%202020%20proposta%20final.pdf,CHANGED
lines,LINE:004367,max_i_status,DIRECT_PDIRD_MINIMUM_SUMMER_NOMINAL_CURRENT,DIRECT_PDIRD_MINIMUM_WINTER_NOMINAL_CURRENT,CHANGED
lines,LINE:004367,max_i_ka,1.1592,1.137,CHANGED
lines,LINE:004367,seasonal_rating_status,WINTER_DYNAMIC_AMBIENT_TEMPERATURE_RATING_APPLIED,DIRECT_PDIRD_WINTER_NOMINAL_CURRENT_APPLIED,CHANGED
lines,LINE:004368,parameter_source,"E-REDES PDIRD-E 2020 Annex B, 31-12-2025 planning table",https://www.e-redes.pt/sites/eredes/files/2022-07/PDIRD-E%202020%20proposta%20final.pdf,CHANGED
lines,LINE:004368,max_i_status,DIRECT_PDIRD_MINIMUM_SUMMER_NOMINAL_CURRENT,DIRECT_PDIRD_MINIMUM_WINTER_NOMINAL_CURRENT,CHANGED
lines,LINE:004368,max_i_ka,1.1592,1.137,CHANGED
lines,LINE:004368,seasonal_rating_status,WINTER_DYNAMIC_AMBIENT_TEMPERATURE_RATING_APPLIED,DIRECT_PDIRD_WINTER_NOMINAL_CURRENT_APPLIED,CHANGED
lines,LINE:004369,parameter_source,"E-REDES PDIRD-E 2020 Annex B, 31-12-2025 planning table",https://www.e-redes.pt/sites/eredes/files/2022-07/PDIRD-E%202020%20proposta%20final.pdf,CHANGED
lines,LINE:004369,max_i_status,DIRECT_PDIRD_MINIMUM_SUMMER_NOMINAL_CURRENT,DIRECT_PDIRD_MINIMUM_WINTER_NOMINAL_CURRENT,CHANGED
lines,LINE:004369,max_i_ka,0.30015,0.362,CHANGED
lines,LINE:004369,seasonal_rating_status,WINTER_DYNAMIC_AMBIENT_TEMPERATURE_RATING_APPLIED,DIRECT_PDIRD_WINTER_NOMINAL_CURRENT_APPLIED,CHANGED
lines,LINE:004373,parameter_source,"E-REDES PDIRD-E 2020 Annex B, 31-12-2025 planning table",https://www.e-redes.pt/sites/eredes/files/2022-07/PDIRD-E%202020%20proposta%20final.pdf,CHANGED
lines,LINE:004373,max_i_status,DIRECT_PDIRD_MINIMUM_SUMMER_NOMINAL_CURRENT,DIRECT_PDIRD_MINIMUM_WINTER_NOMINAL_CURRENT,CHANGED
lines,LINE:004373,max_i_ka,0.6969,0.686,CHANGED
lines,LINE:004373,seasonal_rating_status,WINTER_DYNAMIC_AMBIENT_TEMPERATURE_RATING_APPLIED,DIRECT_PDIRD_WINTER_NOMINAL_CURRENT_APPLIED,CHANGED
lines,LINE:004383,parameter_source,"E-REDES PDIRD-E 2020 Annex B, 31-12-2025 planning table",https://www.e-redes.pt/sites/eredes/files/2022-07/PDIRD-E%202020%20proposta%20final.pdf,CHANGED
lines,LINE:004383,max_i_status,DIRECT_PDIRD_MINIMUM_SUMMER_NOMINAL_CURRENT,DIRECT_PDIRD_MINIMUM_WINTER_NOMINAL_CURRENT,CHANGED
lines,LINE:004383,max_i_ka,1.3938,1.372,CHANGED
lines,LINE:004383,seasonal_rating_status,WINTER_DYNAMIC_AMBIENT_TEMPERATURE_RATING_APPLIED,DIRECT_PDIRD_WINTER_NOMINAL_CURRENT_APPLIED,CHANGED
lines,LINE:004388,parameter_source,"E-REDES PDIRD-E 2020 Annex B, 31-12-2025 planning table",https://www.e-redes.pt/sites/eredes/files/2022-07/PDIRD-E%202020%20proposta%20final.pdf,CHANGED
lines,LINE:004388,max_i_status,DIRECT_PDIRD_MINIMUM_SUMMER_NOMINAL_CURRENT,DIRECT_PDIRD_MINIMUM_WINTER_NOMINAL_CURRENT,CHANGED
lines,LINE:004388,max_i_ka,0.30015,0.362,CHANGED
lines,LINE:004388,seasonal_rating_status,WINTER_DYNAMIC_AMBIENT_TEMPERATURE_RATING_APPLIED,DIRECT_PDIRD_WINTER_NOMINAL_CURRENT_APPLIED,CHANGED
lines,LINE:004394,parameter_source,"E-REDES PDIRD-E 2020 Annex B, 31-12-2025 planning table",https://www.e-redes.pt/sites/eredes/files/2022-07/PDIRD-E%202020%20proposta%20final.pdf,CHANGED
lines,LINE:004394,max_i_status,DIRECT_PDIRD_MINIMUM_SUMMER_NOMINAL_CURRENT,DIRECT_PDIRD_MINIMUM_WINTER_NOMINAL_CURRENT,CHANGED
lines,LINE:004394,max_i_ka,0.37834999999999996,0.46,CHANGED
lines,LINE:004394,seasonal_rating_status,WINTER_DYNAMIC_AMBIENT_TEMPERATURE_RATING_APPLIED,DIRECT_PDIRD_WINTER_NOMINAL_CURRENT_APPLIED,CHANGED
lines,LINE:004395,parameter_source,"E-REDES PDIRD-E 2020 Annex B, 31-12-2025 planning table",https://www.e-redes.pt/sites/eredes/files/2022-07/PDIRD-E%202020%20proposta%20final.pdf,CHANGED
lines,LINE:004395,max_i_status,DIRECT_PDIRD_MINIMUM_SUMMER_NOMINAL_CURRENT,DIRECT_PDIRD_MINIMUM_WINTER_NOMINAL_CURRENT,CHANGED
lines,LINE:004395,max_i_ka,0.4416,0.544,CHANGED
lines,LINE:004395,seasonal_rating_status,WINTER_DYNAMIC_AMBIENT_TEMPERATURE_RATING_APPLIED,DIRECT_PDIRD_WINTER_NOMINAL_CURRENT_APPLIED,CHANGED
lines,LINE:004399,parameter_source,"E-REDES PDIRD-E 2020 Annex B, 31-12-2025 planning table",https://www.e-redes.pt/sites/eredes/files/2022-07/PDIRD-E%202020%20proposta%20final.pdf,CHANGED
lines,LINE:004399,max_i_status,DIRECT_PDIRD_MINIMUM_SUMMER_NOMINAL_CURRENT,DIRECT_PDIRD_MINIMUM_WINTER_NOMINAL_CURRENT,CHANGED
lines,LINE:004399,max_i_ka,0.4416,0.544,CHANGED
lines,LINE:004399,seasonal_rating_status,WINTER_DYNAMIC_AMBIENT_TEMPERATURE_RATING_APPLIED,DIRECT_PDIRD_WINTER_NOMINAL_CURRENT_APPLIED,CHANGED
lines,LINE:004401,parameter_source,"E-REDES PDIRD-E 2020 Annex B, 31-12-2025 planning table",https://www.e-redes.pt/sites/eredes/files/2022-07/PDIRD-E%202020%20proposta%20final.pdf,CHANGED
lines,LINE:004401,max_i_status,DIRECT_PDIRD_MINIMUM_SUMMER_NOMINAL_CURRENT,DIRECT_PDIRD_MINIMUM_WINTER_NOMINAL_CURRENT,CHANGED
lines,LINE:004401,max_i_ka,0.6969,0.686,CHANGED
lines,LINE:004401,seasonal_rating_status,WINTER_DYNAMIC_AMBIENT_TEMPERATURE_RATING_APPLIED,DIRECT_PDIRD_WINTER_NOMINAL_CURRENT_APPLIED,CHANGED
lines,LINE:004403,parameter_source,"E-REDES PDIRD-E 2020 Annex B, 31-12-2025 planning table",https://www.e-redes.pt/sites/eredes/files/2022-07/PDIRD-E%202020%20proposta%20final.pdf,CHANGED
lines,LINE:004403,max_i_status,DIRECT_PDIRD_MINIMUM_SUMMER_NOMINAL_CURRENT,DIRECT_PDIRD_MINIMUM_WINTER_NOMINAL_CURRENT,CHANGED
lines,LINE:004403,max_i_ka,0.6969,0.686,CHANGED
lines,LINE:004403,seasonal_rating_status,WINTER_DYNAMIC_AMBIENT_TEMPERATURE_RATING_APPLIED,DIRECT_PDIRD_WINTER_NOMINAL_CURRENT_APPLIED,CHANGED
lines,LINE:004404,parameter_source,"E-REDES PDIRD-E 2020 Annex B, 31-12-2025 planning table",https://www.e-redes.pt/sites/eredes/files/2022-07/PDIRD-E%202020%20proposta%20final.pdf,CHANGED
lines,LINE:004404,max_i_status,DIRECT_PDIRD_MINIMUM_SUMMER_NOMINAL_CURRENT,DIRECT_PDIRD_MINIMUM_WINTER_NOMINAL_CURRENT,CHANGED
lines,LINE:004404,max_i_ka,0.6969,0.686,CHANGED
lines,LINE:004404,seasonal_rating_status,WINTER_DYNAMIC_AMBIENT_TEMPERATURE_RATING_APPLIED,DIRECT_PDIRD_WINTER_NOMINAL_CURRENT_APPLIED,CHANGED
lines,LINE:004408,parameter_source,"E-REDES PDIRD-E 2020 Annex B, 31-12-2025 planning table",https://www.e-redes.pt/sites/eredes/files/2022-07/PDIRD-E%202020%20proposta%20final.pdf,CHANGED
lines,LINE:004408,max_i_status,DIRECT_PDIRD_MINIMUM_SUMMER_NOMINAL_CURRENT,DIRECT_PDIRD_MINIMUM_WINTER_NOMINAL_CURRENT,CHANGED
lines,LINE:004408,max_i_ka,0.6969,0.686,CHANGED
lines,LINE:004408,seasonal_rating_status,WINTER_DYNAMIC_AMBIENT_TEMPERATURE_RATING_APPLIED,DIRECT_PDIRD_WINTER_NOMINAL_CURRENT_APPLIED,CHANGED
lines,LINE:004409,parameter_source,"E-REDES PDIRD-E 2020 Annex B, 31-12-2025 planning table",https://www.e-redes.pt/sites/eredes/files/2022-07/PDIRD-E%202020%20proposta%20final.pdf,CHANGED
lines,LINE:004409,max_i_status,DIRECT_PDIRD_MINIMUM_SUMMER_NOMINAL_CURRENT,DIRECT_PDIRD_MINIMUM_WINTER_NOMINAL_CURRENT,CHANGED
lines,LINE:004409,max_i_ka,0.6969,0.686,CHANGED
lines,LINE:004409,seasonal_rating_status,WINTER_DYNAMIC_AMBIENT_TEMPERATURE_RATING_APPLIED,DIRECT_PDIRD_WINTER_NOMINAL_CURRENT_APPLIED,CHANGED
lines,LINE:004412,parameter_source,"E-REDES PDIRD-E 2020 Annex B, 31-12-2025 planning table",https://www.e-redes.pt/sites/eredes/files/2022-07/PDIRD-E%202020%20proposta%20final.pdf,CHANGED
lines,LINE:004412,max_i_status,DIRECT_PDIRD_MINIMUM_SUMMER_NOMINAL_CURRENT,DIRECT_PDIRD_MINIMUM_WINTER_NOMINAL_CURRENT,CHANGED
lines,LINE:004412,max_i_ka,0.6969,0.686,CHANGED
lines,LINE:004412,seasonal_rating_status,WINTER_DYNAMIC_AMBIENT_TEMPERATURE_RATING_APPLIED,DIRECT_PDIRD_WINTER_NOMINAL_CURRENT_APPLIED,CHANGED
lines,LINE:004414,parameter_source,"E-REDES PDIRD-E 2020 Annex B, 31-12-2025 planning table",https://www.e-redes.pt/sites/eredes/files/2022-07/PDIRD-E%202020%20proposta%20final.pdf,CHANGED
lines,LINE:004414,max_i_status,DIRECT_PDIRD_MINIMUM_SUMMER_NOMINAL_CURRENT,DIRECT_PDIRD_MINIMUM_WINTER_NOMINAL_CURRENT,CHANGED
lines,LINE:004414,max_i_ka,0.6969,0.686,CHANGED
lines,LINE:004414,seasonal_rating_status,WINTER_DYNAMIC_AMBIENT_TEMPERATURE_RATING_APPLIED,DIRECT_PDIRD_WINTER_NOMINAL_CURRENT_APPLIED,CHANGED
lines,LINE:004416,parameter_source,"E-REDES PDIRD-E 2020 Annex B, 31-12-2025 planning table",https://www.e-redes.pt/sites/eredes/files/2022-07/PDIRD-E%202020%20proposta%20final.pdf,CHANGED
lines,LINE:004416,max_i_status,DIRECT_PDIRD_MINIMUM_SUMMER_NOMINAL_CURRENT,DIRECT_PDIRD_MINIMUM_WINTER_NOMINAL_CURRENT,CHANGED
lines,LINE:004416,max_i_ka,1.3938,1.372,CHANGED
lines,LINE:004416,seasonal_rating_status,WINTER_DYNAMIC_AMBIENT_TEMPERATURE_RATING_APPLIED,DIRECT_PDIRD_WINTER_NOMINAL_CURRENT_APPLIED,CHANGED
lines,LINE:004417,parameter_source,"E-REDES PDIRD-E 2020 Annex B, 31-12-2025 planning table",https://www.e-redes.pt/sites/eredes/files/2022-07/PDIRD-E%202020%20proposta%20final.pdf,CHANGED
lines,LINE:004417,max_i_status,DIRECT_PDIRD_MINIMUM_SUMMER_NOMINAL_CURRENT,DIRECT_PDIRD_MINIMUM_WINTER_NOMINAL_CURRENT,CHANGED
lines,LINE:004417,max_i_ka,1.3938,1.372,CHANGED
lines,LINE:004417,seasonal_rating_status,WINTER_DYNAMIC_AMBIENT_TEMPERATURE_RATING_APPLIED,DIRECT_PDIRD_WINTER_NOMINAL_CURRENT_APPLIED,CHANGED
lines,LINE:004421,parameter_source,"E-REDES PDIRD-E 2020 Annex B, 31-12-2025 planning table",https://www.e-redes.pt/sites/eredes/files/2022-07/PDIRD-E%202020%20proposta%20final.pdf,CHANGED
lines,LINE:004421,max_i_status,DIRECT_PDIRD_MINIMUM_SUMMER_NOMINAL_CURRENT,DIRECT_PDIRD_MINIMUM_WINTER_NOMINAL_CURRENT,CHANGED
lines,LINE:004421,max_i_ka,0.6969,0.686,CHANGED
lines,LINE:004421,seasonal_rating_status,WINTER_DYNAMIC_AMBIENT_TEMPERATURE_RATING_APPLIED,DIRECT_PDIRD_WINTER_NOMINAL_CURRENT_APPLIED,CHANGED
lines,LINE:004422,parameter_source,"E-REDES PDIRD-E 2020 Annex B, 31-12-2025 planning table",https://www.e-redes.pt/sites/eredes/files/2022-07/PDIRD-E%202020%20proposta%20final.pdf,CHANGED
lines,LINE:004422,max_i_status,DIRECT_PDIRD_MINIMUM_SUMMER_NOMINAL_CURRENT,DIRECT_PDIRD_MINIMUM_WINTER_NOMINAL_CURRENT,CHANGED
lines,LINE:004422,max_i_ka,0.30015,0.362,CHANGED
lines,LINE:004422,seasonal_rating_status,WINTER_DYNAMIC_AMBIENT_TEMPERATURE_RATING_APPLIED,DIRECT_PDIRD_WINTER_NOMINAL_CURRENT_APPLIED,CHANGED
lines,LINE:004424,parameter_source,"E-REDES PDIRD-E 2020 Annex B, 31-12-2025 planning table",https://www.e-redes.pt/sites/eredes/files/2022-07/PDIRD-E%202020%20proposta%20final.pdf,CHANGED
lines,LINE:004424,max_i_status,DIRECT_PDIRD_MINIMUM_SUMMER_NOMINAL_CURRENT,DIRECT_PDIRD_MINIMUM_WINTER_NOMINAL_CURRENT,CHANGED
lines,LINE:004424,max_i_ka,0.49565,0.615,CHANGED
lines,LINE:004424,seasonal_rating_status,WINTER_DYNAMIC_AMBIENT_TEMPERATURE_RATING_APPLIED,DIRECT_PDIRD_WINTER_NOMINAL_CURRENT_APPLIED,CHANGED
lines,LINE:004425,parameter_source,"E-REDES PDIRD-E 2020 Annex B, 31-12-2025 planning table",https://www.e-redes.pt/sites/eredes/files/2022-07/PDIRD-E%202020%20proposta%20final.pdf,CHANGED
lines,LINE:004425,max_i_status,DIRECT_PDIRD_MINIMUM_SUMMER_NOMINAL_CURRENT,DIRECT_PDIRD_MINIMUM_WINTER_NOMINAL_CURRENT,CHANGED
lines,LINE:004425,max_i_ka,0.49565,0.615,CHANGED
lines,LINE:004425,seasonal_rating_status,WINTER_DYNAMIC_AMBIENT_TEMPERATURE_RATING_APPLIED,DIRECT_PDIRD_WINTER_NOMINAL_CURRENT_APPLIED,CHANGED
lines,LINE:004426,parameter_source,"E-REDES PDIRD-E 2020 Annex B, 31-12-2025 planning table",https://www.e-redes.pt/sites/eredes/files/2022-07/PDIRD-E%202020%20proposta%20final.pdf,CHANGED
lines,LINE:004426,max_i_status,DIRECT_PDIRD_MINIMUM_SUMMER_NOMINAL_CURRENT,DIRECT_PDIRD_MINIMUM_WINTER_NOMINAL_CURRENT,CHANGED
lines,LINE:004426,max_i_ka,0.6014499999999999,0.686,CHANGED
lines,LINE:004426,seasonal_rating_status,WINTER_DYNAMIC_AMBIENT_TEMPERATURE_RATING_APPLIED,DIRECT_PDIRD_WINTER_NOMINAL_CURRENT_APPLIED,CHANGED
lines,LINE:004427,parameter_source,"E-REDES PDIRD-E 2020 Annex B, 31-12-2025 planning table",https://www.e-redes.pt/sites/eredes/files/2022-07/PDIRD-E%202020%20proposta%20final.pdf,CHANGED
lines,LINE:004427,max_i_status,DIRECT_PDIRD_MINIMUM_SUMMER_NOMINAL_CURRENT,DIRECT_PDIRD_MINIMUM_WINTER_NOMINAL_CURRENT,CHANGED
lines,LINE:004427,max_i_ka,0.49565,0.615,CHANGED
lines,LINE:004427,seasonal_rating_status,WINTER_DYNAMIC_AMBIENT_TEMPERATURE_RATING_APPLIED,DIRECT_PDIRD_WINTER_NOMINAL_CURRENT_APPLIED,CHANGED
lines,LINE:004429,parameter_source,"E-REDES PDIRD-E 2020 Annex B, 31-12-2025 planning table",https://www.e-redes.pt/sites/eredes/files/2022-07/PDIRD-E%202020%20proposta%20final.pdf,CHANGED
lines,LINE:004429,max_i_status,DIRECT_PDIRD_MINIMUM_SUMMER_NOMINAL_CURRENT,DIRECT_PDIRD_MINIMUM_WINTER_NOMINAL_CURRENT,CHANGED
lines,LINE:004429,max_i_ka,0.6969,0.686,CHANGED
lines,LINE:004429,seasonal_rating_status,WINTER_DYNAMIC_AMBIENT_TEMPERATURE_RATING_APPLIED,DIRECT_PDIRD_WINTER_NOMINAL_CURRENT_APPLIED,CHANGED
lines,LINE:004432,parameter_source,"E-REDES PDIRD-E 2020 Annex B, 31-12-2025 planning table",https://www.e-redes.pt/sites/eredes/files/2022-07/PDIRD-E%202020%20proposta%20final.pdf,CHANGED
lines,LINE:004432,max_i_status,DIRECT_PDIRD_MINIMUM_SUMMER_NOMINAL_CURRENT,DIRECT_PDIRD_MINIMUM_WINTER_NOMINAL_CURRENT,CHANGED
lines,LINE:004432,max_i_ka,0.46115,0.451,CHANGED
lines,LINE:004432,seasonal_rating_status,WINTER_DYNAMIC_AMBIENT_TEMPERATURE_RATING_APPLIED,DIRECT_PDIRD_WINTER_NOMINAL_CURRENT_APPLIED,CHANGED
lines,LINE:004468,parameter_source,"E-REDES PDIRD-E 2020 Annex B, 31-12-2025 planning table",https://www.e-redes.pt/sites/eredes/files/2022-07/PDIRD-E%202020%20proposta%20final.pdf,CHANGED
lines,LINE:004468,max_i_status,DIRECT_PDIRD_MINIMUM_SUMMER_NOMINAL_CURRENT,DIRECT_PDIRD_MINIMUM_WINTER_NOMINAL_CURRENT,CHANGED
lines,LINE:004468,max_i_ka,0.6014499999999999,0.686,CHANGED
lines,LINE:004468,seasonal_rating_status,WINTER_DYNAMIC_AMBIENT_TEMPERATURE_RATING_APPLIED,DIRECT_PDIRD_WINTER_NOMINAL_CURRENT_APPLIED,CHANGED
lines,LINE:004470,parameter_source,"E-REDES PDIRD-E 2020 Annex B, 31-12-2025 planning table",https://www.e-redes.pt/sites/eredes/files/2022-07/PDIRD-E%202020%20proposta%20final.pdf,CHANGED
lines,LINE:004470,max_i_status,DIRECT_PDIRD_MINIMUM_SUMMER_NOMINAL_CURRENT,DIRECT_PDIRD_MINIMUM_WINTER_NOMINAL_CURRENT,CHANGED
lines,LINE:004470,max_i_ka,0.6969,0.686,CHANGED
lines,LINE:004470,seasonal_rating_status,WINTER_DYNAMIC_AMBIENT_TEMPERATURE_RATING_APPLIED,DIRECT_PDIRD_WINTER_NOMINAL_CURRENT_APPLIED,CHANGED
lines,LINE:004471,parameter_source,"E-REDES PDIRD-E 2020 Annex B, 31-12-2025 planning table",https://www.e-redes.pt/sites/eredes/files/2022-07/PDIRD-E%202020%20proposta%20final.pdf,CHANGED
lines,LINE:004471,max_i_status,DIRECT_PDIRD_MINIMUM_SUMMER_NOMINAL_CURRENT,DIRECT_PDIRD_MINIMUM_WINTER_NOMINAL_CURRENT,CHANGED
lines,LINE:004471,max_i_ka,0.46115,0.451,CHANGED
lines,LINE:004471,seasonal_rating_status,WINTER_DYNAMIC_AMBIENT_TEMPERATURE_RATING_APPLIED,DIRECT_PDIRD_WINTER_NOMINAL_CURRENT_APPLIED,CHANGED
lines,LINE:004482,parameter_source,"E-REDES PDIRD-E 2020 Annex B, 31-12-2025 planning table",https://www.e-redes.pt/sites/eredes/files/2022-07/PDIRD-E%202020%20proposta%20final.pdf,CHANGED
lines,LINE:004482,max_i_status,DIRECT_PDIRD_MINIMUM_SUMMER_NOMINAL_CURRENT,DIRECT_PDIRD_MINIMUM_WINTER_NOMINAL_CURRENT,CHANGED
lines,LINE:004482,max_i_ka,0.46115,0.451,CHANGED
lines,LINE:004482,seasonal_rating_status,WINTER_DYNAMIC_AMBIENT_TEMPERATURE_RATING_APPLIED,DIRECT_PDIRD_WINTER_NOMINAL_CURRENT_APPLIED,CHANGED
lines,LINE:004483,parameter_source,"E-REDES PDIRD-E 2020 Annex B, 31-12-2025 planning table",https://www.e-redes.pt/sites/eredes/files/2022-07/PDIRD-E%202020%20proposta%20final.pdf,CHANGED
lines,LINE:004483,max_i_status,DIRECT_PDIRD_MINIMUM_SUMMER_NOMINAL_CURRENT,DIRECT_PDIRD_MINIMUM_WINTER_NOMINAL_CURRENT,CHANGED
lines,LINE:004483,max_i_ka,0.46115,0.451,CHANGED
lines,LINE:004483,seasonal_rating_status,WINTER_DYNAMIC_AMBIENT_TEMPERATURE_RATING_APPLIED,DIRECT_PDIRD_WINTER_NOMINAL_CURRENT_APPLIED,CHANGED
lines,LINE:004495,parameter_source,"E-REDES PDIRD-E 2020 Annex B, 31-12-2025 planning table",https://www.e-redes.pt/sites/eredes/files/2022-07/PDIRD-E%202020%20proposta%20final.pdf,CHANGED
lines,LINE:004495,max_i_status,DIRECT_PDIRD_MINIMUM_SUMMER_NOMINAL_CURRENT,DIRECT_PDIRD_MINIMUM_WINTER_NOMINAL_CURRENT,CHANGED
lines,LINE:004495,max_i_ka,0.26335,0.315,CHANGED
lines,LINE:004495,seasonal_rating_status,WINTER_DYNAMIC_AMBIENT_TEMPERATURE_RATING_APPLIED,DIRECT_PDIRD_WINTER_NOMINAL_CURRENT_APPLIED,CHANGED
lines,LINE:004505,parameter_source,"E-REDES PDIRD-E 2020 Annex B, 31-12-2025 planning table",https://www.e-redes.pt/sites/eredes/files/2022-07/PDIRD-E%202020%20proposta%20final.pdf,CHANGED
lines,LINE:004505,max_i_status,DIRECT_PDIRD_MINIMUM_SUMMER_NOMINAL_CURRENT,DIRECT_PDIRD_MINIMUM_WINTER_NOMINAL_CURRENT,CHANGED
lines,LINE:004505,max_i_ka,1.3938,1.372,CHANGED
lines,LINE:004505,seasonal_rating_status,WINTER_DYNAMIC_AMBIENT_TEMPERATURE_RATING_APPLIED,DIRECT_PDIRD_WINTER_NOMINAL_CURRENT_APPLIED,CHANGED
lines,LINE:004506,parameter_source,"E-REDES PDIRD-E 2020 Annex B, 31-12-2025 planning table",https://www.e-redes.pt/sites/eredes/files/2022-07/PDIRD-E%202020%20proposta%20final.pdf,CHANGED
lines,LINE:004506,max_i_status,DIRECT_PDIRD_MINIMUM_SUMMER_NOMINAL_CURRENT,DIRECT_PDIRD_MINIMUM_WINTER_NOMINAL_CURRENT,CHANGED
lines,LINE:004506,max_i_ka,1.3938,1.372,CHANGED
lines,LINE:004506,seasonal_rating_status,WINTER_DYNAMIC_AMBIENT_TEMPERATURE_RATING_APPLIED,DIRECT_PDIRD_WINTER_NOMINAL_CURRENT_APPLIED,CHANGED
lines,LINE:004507,parameter_source,"E-REDES PDIRD-E 2020 Annex B, 31-12-2025 planning table",https://www.e-redes.pt/sites/eredes/files/2022-07/PDIRD-E%202020%20proposta%20final.pdf,CHANGED
lines,LINE:004507,max_i_status,DIRECT_PDIRD_MINIMUM_SUMMER_NOMINAL_CURRENT,DIRECT_PDIRD_MINIMUM_WINTER_NOMINAL_CURRENT,CHANGED
lines,LINE:004507,max_i_ka,1.3938,1.372,CHANGED
lines,LINE:004507,seasonal_rating_status,WINTER_DYNAMIC_AMBIENT_TEMPERATURE_RATING_APPLIED,DIRECT_PDIRD_WINTER_NOMINAL_CURRENT_APPLIED,CHANGED
lines,LINE:004508,parameter_source,"E-REDES PDIRD-E 2020 Annex B, 31-12-2025 planning table",https://www.e-redes.pt/sites/eredes/files/2022-07/PDIRD-E%202020%20proposta%20final.pdf,CHANGED
lines,LINE:004508,max_i_status,DIRECT_PDIRD_MINIMUM_SUMMER_NOMINAL_CURRENT,DIRECT_PDIRD_MINIMUM_WINTER_NOMINAL_CURRENT,CHANGED
lines,LINE:004508,max_i_ka,1.3938,1.372,CHANGED
lines,LINE:004508,seasonal_rating_status,WINTER_DYNAMIC_AMBIENT_TEMPERATURE_RATING_APPLIED,DIRECT_PDIRD_WINTER_NOMINAL_CURRENT_APPLIED,CHANGED
lines,LINE:004509,parameter_source,"E-REDES PDIRD-E 2020 Annex B, 31-12-2025 planning table",https://www.e-redes.pt/sites/eredes/files/2022-07/PDIRD-E%202020%20proposta%20final.pdf,CHANGED
lines,LINE:004509,max_i_status,DIRECT_PDIRD_MINIMUM_SUMMER_NOMINAL_CURRENT,DIRECT_PDIRD_MINIMUM_WINTER_NOMINAL_CURRENT,CHANGED
lines,LINE:004509,max_i_ka,1.3938,1.372,CHANGED
lines,LINE:004509,seasonal_rating_status,WINTER_DYNAMIC_AMBIENT_TEMPERATURE_RATING_APPLIED,DIRECT_PDIRD_WINTER_NOMINAL_CURRENT_APPLIED,CHANGED
lines,LINE:004510,parameter_source,"E-REDES PDIRD-E 2020 Annex B, 31-12-2025 planning table",https://www.e-redes.pt/sites/eredes/files/2022-07/PDIRD-E%202020%20proposta%20final.pdf,CHANGED
lines,LINE:004510,max_i_status,DIRECT_PDIRD_MINIMUM_SUMMER_NOMINAL_CURRENT,DIRECT_PDIRD_MINIMUM_WINTER_NOMINAL_CURRENT,CHANGED
lines,LINE:004510,max_i_ka,1.3938,1.372,CHANGED
lines,LINE:004510,seasonal_rating_status,WINTER_DYNAMIC_AMBIENT_TEMPERATURE_RATING_APPLIED,DIRECT_PDIRD_WINTER_NOMINAL_CURRENT_APPLIED,CHANGED
lines,LINE:004514,parameter_source,"E-REDES PDIRD-E 2020 Annex B, 31-12-2025 planning table",https://www.e-redes.pt/sites/eredes/files/2022-07/PDIRD-E%202020%20proposta%20final.pdf,CHANGED
lines,LINE:004514,max_i_status,DIRECT_PDIRD_MINIMUM_SUMMER_NOMINAL_CURRENT,DIRECT_PDIRD_MINIMUM_WINTER_NOMINAL_CURRENT,CHANGED
lines,LINE:004514,max_i_ka,0.49565,0.615,CHANGED
lines,LINE:004514,seasonal_rating_status,WINTER_DYNAMIC_AMBIENT_TEMPERATURE_RATING_APPLIED,DIRECT_PDIRD_WINTER_NOMINAL_CURRENT_APPLIED,CHANGED
lines,LINE:004517,parameter_source,"E-REDES PDIRD-E 2020 Annex B, 31-12-2025 planning table",https://www.e-redes.pt/sites/eredes/files/2022-07/PDIRD-E%202020%20proposta%20final.pdf,CHANGED
lines,LINE:004517,max_i_status,DIRECT_PDIRD_MINIMUM_SUMMER_NOMINAL_CURRENT,DIRECT_PDIRD_MINIMUM_WINTER_NOMINAL_CURRENT,CHANGED
lines,LINE:004517,max_i_ka,0.6969,0.686,CHANGED
lines,LINE:004517,seasonal_rating_status,WINTER_DYNAMIC_AMBIENT_TEMPERATURE_RATING_APPLIED,DIRECT_PDIRD_WINTER_NOMINAL_CURRENT_APPLIED,CHANGED
lines,LINE:004521,parameter_source,"E-REDES PDIRD-E 2020 Annex B, 31-12-2025 planning table",https://www.e-redes.pt/sites/eredes/files/2022-07/PDIRD-E%202020%20proposta%20final.pdf,CHANGED
lines,LINE:004521,max_i_status,DIRECT_PDIRD_MINIMUM_SUMMER_NOMINAL_CURRENT,DIRECT_PDIRD_MINIMUM_WINTER_NOMINAL_CURRENT,CHANGED
lines,LINE:004521,max_i_ka,0.6969,0.686,CHANGED
lines,LINE:004521,seasonal_rating_status,WINTER_DYNAMIC_AMBIENT_TEMPERATURE_RATING_APPLIED,DIRECT_PDIRD_WINTER_NOMINAL_CURRENT_APPLIED,CHANGED
lines,LINE:004531,parameter_source,"E-REDES PDIRD-E 2020 Annex B, 31-12-2025 planning table",https://www.e-redes.pt/sites/eredes/files/2022-07/PDIRD-E%202020%20proposta%20final.pdf,CHANGED
lines,LINE:004531,max_i_status,DIRECT_PDIRD_MINIMUM_SUMMER_NOMINAL_CURRENT,DIRECT_PDIRD_MINIMUM_WINTER_NOMINAL_CURRENT,CHANGED
lines,LINE:004531,max_i_ka,0.30015,0.362,CHANGED
lines,LINE:004531,seasonal_rating_status,WINTER_DYNAMIC_AMBIENT_TEMPERATURE_RATING_APPLIED,DIRECT_PDIRD_WINTER_NOMINAL_CURRENT_APPLIED,CHANGED
lines,LINE:004537,parameter_source,"E-REDES PDIRD-E 2020 Annex B, 31-12-2025 planning table",https://www.e-redes.pt/sites/eredes/files/2022-07/PDIRD-E%202020%20proposta%20final.pdf,CHANGED
lines,LINE:004537,max_i_status,DIRECT_PDIRD_MINIMUM_SUMMER_NOMINAL_CURRENT,DIRECT_PDIRD_MINIMUM_WINTER_NOMINAL_CURRENT,CHANGED
lines,LINE:004537,max_i_ka,0.88435,1.089,CHANGED
lines,LINE:004537,seasonal_rating_status,WINTER_DYNAMIC_AMBIENT_TEMPERATURE_RATING_APPLIED,DIRECT_PDIRD_WINTER_NOMINAL_CURRENT_APPLIED,CHANGED
lines,LINE:004538,parameter_source,"E-REDES PDIRD-E 2020 Annex B, 31-12-2025 planning table",https://www.e-redes.pt/sites/eredes/files/2022-07/PDIRD-E%202020%20proposta%20final.pdf,CHANGED
lines,LINE:004538,max_i_status,DIRECT_PDIRD_MINIMUM_SUMMER_NOMINAL_CURRENT,DIRECT_PDIRD_MINIMUM_WINTER_NOMINAL_CURRENT,CHANGED
lines,LINE:004538,max_i_ka,0.88435,1.089,CHANGED
lines,LINE:004538,seasonal_rating_status,WINTER_DYNAMIC_AMBIENT_TEMPERATURE_RATING_APPLIED,DIRECT_PDIRD_WINTER_NOMINAL_CURRENT_APPLIED,CHANGED
lines,LINE:004559,parameter_source,"E-REDES PDIRD-E 2020 Annex B, 31-12-2025 planning table",https://www.e-redes.pt/sites/eredes/files/2022-07/PDIRD-E%202020%20proposta%20final.pdf,CHANGED
lines,LINE:004559,max_i_status,DIRECT_PDIRD_MINIMUM_SUMMER_NOMINAL_CURRENT,DIRECT_PDIRD_MINIMUM_WINTER_NOMINAL_CURRENT,CHANGED
lines,LINE:004559,max_i_ka,0.46115,0.451,CHANGED
lines,LINE:004559,seasonal_rating_status,WINTER_DYNAMIC_AMBIENT_TEMPERATURE_RATING_APPLIED,DIRECT_PDIRD_WINTER_NOMINAL_CURRENT_APPLIED,CHANGED
lines,LINE:004574,parameter_source,"E-REDES PDIRD-E 2020 Annex B, 31-12-2025 planning table",https://www.e-redes.pt/sites/eredes/files/2022-07/PDIRD-E%202020%20proposta%20final.pdf,CHANGED
lines,LINE:004574,max_i_status,DIRECT_PDIRD_MINIMUM_SUMMER_NOMINAL_CURRENT,DIRECT_PDIRD_MINIMUM_WINTER_NOMINAL_CURRENT,CHANGED
lines,LINE:004574,max_i_ka,0.6969,0.686,CHANGED
lines,LINE:004574,seasonal_rating_status,WINTER_DYNAMIC_AMBIENT_TEMPERATURE_RATING_APPLIED,DIRECT_PDIRD_WINTER_NOMINAL_CURRENT_APPLIED,CHANGED
lines,LINE:004576,parameter_source,"E-REDES PDIRD-E 2020 Annex B, 31-12-2025 planning table",https://www.e-redes.pt/sites/eredes/files/2022-07/PDIRD-E%202020%20proposta%20final.pdf,CHANGED
lines,LINE:004576,max_i_status,DIRECT_PDIRD_MINIMUM_SUMMER_NOMINAL_CURRENT,DIRECT_PDIRD_MINIMUM_WINTER_NOMINAL_CURRENT,CHANGED
lines,LINE:004576,max_i_ka,0.6014499999999999,0.723,CHANGED
lines,LINE:004576,seasonal_rating_status,WINTER_DYNAMIC_AMBIENT_TEMPERATURE_RATING_APPLIED,DIRECT_PDIRD_WINTER_NOMINAL_CURRENT_APPLIED,CHANGED
lines,LINE:004578,parameter_source,"E-REDES PDIRD-E 2020 Annex B, 31-12-2025 planning table",https://www.e-redes.pt/sites/eredes/files/2022-07/PDIRD-E%202020%20proposta%20final.pdf,CHANGED
lines,LINE:004578,max_i_status,DIRECT_PDIRD_MINIMUM_SUMMER_NOMINAL_CURRENT,DIRECT_PDIRD_MINIMUM_WINTER_NOMINAL_CURRENT,CHANGED
lines,LINE:004578,max_i_ka,0.4416,0.544,CHANGED
lines,LINE:004578,seasonal_rating_status,WINTER_DYNAMIC_AMBIENT_TEMPERATURE_RATING_APPLIED,DIRECT_PDIRD_WINTER_NOMINAL_CURRENT_APPLIED,CHANGED
lines,LINE:004582,parameter_source,"E-REDES PDIRD-E 2020 Annex B, 31-12-2025 planning table",https://www.e-redes.pt/sites/eredes/files/2022-07/PDIRD-E%202020%20proposta%20final.pdf,CHANGED
lines,LINE:004582,max_i_status,DIRECT_PDIRD_MINIMUM_SUMMER_NOMINAL_CURRENT,DIRECT_PDIRD_MINIMUM_WINTER_NOMINAL_CURRENT,CHANGED
lines,LINE:004582,max_i_ka,0.6969,0.686,CHANGED
lines,LINE:004582,seasonal_rating_status,WINTER_DYNAMIC_AMBIENT_TEMPERATURE_RATING_APPLIED,DIRECT_PDIRD_WINTER_NOMINAL_CURRENT_APPLIED,CHANGED
lines,LINE:004587,parameter_source,"E-REDES PDIRD-E 2020 Annex B, 31-12-2025 planning table",https://www.e-redes.pt/sites/eredes/files/2022-07/PDIRD-E%202020%20proposta%20final.pdf,CHANGED
lines,LINE:004587,max_i_status,DIRECT_PDIRD_MINIMUM_SUMMER_NOMINAL_CURRENT,DIRECT_PDIRD_MINIMUM_WINTER_NOMINAL_CURRENT,CHANGED
lines,LINE:004587,max_i_ka,0.34384999999999993,0.417,CHANGED
lines,LINE:004587,seasonal_rating_status,WINTER_DYNAMIC_AMBIENT_TEMPERATURE_RATING_APPLIED,DIRECT_PDIRD_WINTER_NOMINAL_CURRENT_APPLIED,CHANGED
lines,LINE:004600,parameter_source,"E-REDES PDIRD-E 2020 Annex B, 31-12-2025 planning table",https://www.e-redes.pt/sites/eredes/files/2022-07/PDIRD-E%202020%20proposta%20final.pdf,CHANGED
lines,LINE:004600,max_i_status,DIRECT_PDIRD_MINIMUM_SUMMER_NOMINAL_CURRENT,DIRECT_PDIRD_MINIMUM_WINTER_NOMINAL_CURRENT,CHANGED
lines,LINE:004600,max_i_ka,0.6969,0.686,CHANGED
lines,LINE:004600,seasonal_rating_status,WINTER_DYNAMIC_AMBIENT_TEMPERATURE_RATING_APPLIED,DIRECT_PDIRD_WINTER_NOMINAL_CURRENT_APPLIED,CHANGED
lines,LINE:004602,parameter_source,"E-REDES PDIRD-E 2020 Annex B, 31-12-2025 planning table",https://www.e-redes.pt/sites/eredes/files/2022-07/PDIRD-E%202020%20proposta%20final.pdf,CHANGED
lines,LINE:004602,max_i_status,DIRECT_PDIRD_MINIMUM_SUMMER_NOMINAL_CURRENT,DIRECT_PDIRD_MINIMUM_WINTER_NOMINAL_CURRENT,CHANGED
lines,LINE:004602,max_i_ka,0.6969,0.686,CHANGED
lines,LINE:004602,seasonal_rating_status,WINTER_DYNAMIC_AMBIENT_TEMPERATURE_RATING_APPLIED,DIRECT_PDIRD_WINTER_NOMINAL_CURRENT_APPLIED,CHANGED
lines,LINE:004604,parameter_source,"E-REDES PDIRD-E 2020 Annex B, 31-12-2025 planning table",https://www.e-redes.pt/sites/eredes/files/2022-07/PDIRD-E%202020%20proposta%20final.pdf,CHANGED
lines,LINE:004604,max_i_status,DIRECT_PDIRD_MINIMUM_SUMMER_NOMINAL_CURRENT,DIRECT_PDIRD_MINIMUM_WINTER_NOMINAL_CURRENT,CHANGED
lines,LINE:004604,max_i_ka,0.46115,0.451,CHANGED
lines,LINE:004604,seasonal_rating_status,WINTER_DYNAMIC_AMBIENT_TEMPERATURE_RATING_APPLIED,DIRECT_PDIRD_WINTER_NOMINAL_CURRENT_APPLIED,CHANGED
lines,LINE:004608,parameter_source,"E-REDES PDIRD-E 2020 Annex B, 31-12-2025 planning table",https://www.e-redes.pt/sites/eredes/files/2022-07/PDIRD-E%202020%20proposta%20final.pdf,CHANGED
lines,LINE:004608,max_i_status,DIRECT_PDIRD_MINIMUM_SUMMER_NOMINAL_CURRENT,DIRECT_PDIRD_MINIMUM_WINTER_NOMINAL_CURRENT,CHANGED
lines,LINE:004608,max_i_ka,0.6969,0.686,CHANGED
lines,LINE:004608,seasonal_rating_status,WINTER_DYNAMIC_AMBIENT_TEMPERATURE_RATING_APPLIED,DIRECT_PDIRD_WINTER_NOMINAL_CURRENT_APPLIED,CHANGED
lines,LINE:004615,parameter_source,"E-REDES PDIRD-E 2020 Annex B, 31-12-2025 planning table",https://www.e-redes.pt/sites/eredes/files/2022-07/PDIRD-E%202020%20proposta%20final.pdf,CHANGED
lines,LINE:004615,max_i_status,DIRECT_PDIRD_MINIMUM_SUMMER_NOMINAL_CURRENT,DIRECT_PDIRD_MINIMUM_WINTER_NOMINAL_CURRENT,CHANGED
lines,LINE:004615,max_i_ka,0.6969,0.686,CHANGED
lines,LINE:004615,seasonal_rating_status,WINTER_DYNAMIC_AMBIENT_TEMPERATURE_RATING_APPLIED,DIRECT_PDIRD_WINTER_NOMINAL_CURRENT_APPLIED,CHANGED
lines,LINE:004616,parameter_source,"E-REDES PDIRD-E 2020 Annex B, 31-12-2025 planning table",https://www.e-redes.pt/sites/eredes/files/2022-07/PDIRD-E%202020%20proposta%20final.pdf,CHANGED
lines,LINE:004616,max_i_status,DIRECT_PDIRD_MINIMUM_SUMMER_NOMINAL_CURRENT,DIRECT_PDIRD_MINIMUM_WINTER_NOMINAL_CURRENT,CHANGED
lines,LINE:004616,max_i_ka,0.6969,0.686,CHANGED
lines,LINE:004616,seasonal_rating_status,WINTER_DYNAMIC_AMBIENT_TEMPERATURE_RATING_APPLIED,DIRECT_PDIRD_WINTER_NOMINAL_CURRENT_APPLIED,CHANGED
lines,LINE:004622,parameter_source,"E-REDES PDIRD-E 2020 Annex B, 31-12-2025 planning table",https://www.e-redes.pt/sites/eredes/files/2022-07/PDIRD-E%202020%20proposta%20final.pdf,CHANGED
lines,LINE:004622,max_i_status,DIRECT_PDIRD_MINIMUM_SUMMER_NOMINAL_CURRENT,DIRECT_PDIRD_MINIMUM_WINTER_NOMINAL_CURRENT,CHANGED
lines,LINE:004622,max_i_ka,0.4416,0.544,CHANGED
lines,LINE:004622,seasonal_rating_status,WINTER_DYNAMIC_AMBIENT_TEMPERATURE_RATING_APPLIED,DIRECT_PDIRD_WINTER_NOMINAL_CURRENT_APPLIED,CHANGED
lines,LINE:004623,parameter_source,"E-REDES PDIRD-E 2020 Annex B, 31-12-2025 planning table",https://www.e-redes.pt/sites/eredes/files/2022-07/PDIRD-E%202020%20proposta%20final.pdf,CHANGED
lines,LINE:004623,max_i_status,DIRECT_PDIRD_MINIMUM_SUMMER_NOMINAL_CURRENT,DIRECT_PDIRD_MINIMUM_WINTER_NOMINAL_CURRENT,CHANGED
lines,LINE:004623,max_i_ka,0.6014499999999999,0.723,CHANGED
lines,LINE:004623,seasonal_rating_status,WINTER_DYNAMIC_AMBIENT_TEMPERATURE_RATING_APPLIED,DIRECT_PDIRD_WINTER_NOMINAL_CURRENT_APPLIED,CHANGED
lines,LINE:004624,parameter_source,"E-REDES PDIRD-E 2020 Annex B, 31-12-2025 planning table",https://www.e-redes.pt/sites/eredes/files/2022-07/PDIRD-E%202020%20proposta%20final.pdf,CHANGED
lines,LINE:004624,max_i_status,DIRECT_PDIRD_MINIMUM_SUMMER_NOMINAL_CURRENT,DIRECT_PDIRD_MINIMUM_WINTER_NOMINAL_CURRENT,CHANGED
lines,LINE:004624,max_i_ka,0.30015,0.362,CHANGED
lines,LINE:004624,seasonal_rating_status,WINTER_DYNAMIC_AMBIENT_TEMPERATURE_RATING_APPLIED,DIRECT_PDIRD_WINTER_NOMINAL_CURRENT_APPLIED,CHANGED
lines,LINE:004625,parameter_source,"E-REDES PDIRD-E 2020 Annex B, 31-12-2025 planning table",https://www.e-redes.pt/sites/eredes/files/2022-07/PDIRD-E%202020%20proposta%20final.pdf,CHANGED
lines,LINE:004625,max_i_status,DIRECT_PDIRD_MINIMUM_SUMMER_NOMINAL_CURRENT,DIRECT_PDIRD_MINIMUM_WINTER_NOMINAL_CURRENT,CHANGED
lines,LINE:004625,max_i_ka,0.30015,0.362,CHANGED
lines,LINE:004625,seasonal_rating_status,WINTER_DYNAMIC_AMBIENT_TEMPERATURE_RATING_APPLIED,DIRECT_PDIRD_WINTER_NOMINAL_CURRENT_APPLIED,CHANGED
lines,LINE:004635,parameter_status,VOLTAGE_CLASS_ENGINEERING_PROXY,DIRECT_PUBLIC_CORRIDOR_WINTER_NOMINAL_CURRENT,CHANGED
lines,LINE:004635,parameter_source,config/model_config.json,https://www.e-redes.pt/sites/eredes/files/2022-07/PDIRD-E%202020%20proposta%20final.pdf,CHANGED
lines,LINE:004635,parameter_match_designation,,LN60 1085 VILA NOVA DE FAMALICÃO (REN)-BEIRIZ-MOSTEIRÔ,CHANGED
lines,LINE:004635,max_i_status,ENGINEERING_PROXY,DIRECT_PUBLIC_CORRIDOR_WINTER_NOMINAL_CURRENT,CHANGED
lines,LINE:004635,max_i_ka,0.6969,1.089,CHANGED
lines,LINE:004635,parallel_status,SOURCE_CIRCUIT_FIELD_OR_SINGLE_CIRCUIT_DEFAULT,PUBLIC_SINGLE_CIRCUIT_INVENTORY,CHANGED
lines,LINE:004635,rating_override_status,NO_CORRIDOR_OVERRIDE,EXPLICIT_PUBLIC_INVENTORY_CORRECTION,CHANGED
lines,LINE:004635,seasonal_rating_status,WINTER_DYNAMIC_AMBIENT_TEMPERATURE_RATING_APPLIED,DIRECT_PDIRD_WINTER_NOMINAL_CURRENT_APPLIED,CHANGED
lines,LINE:004640,parameter_source,"E-REDES PDIRD-E 2020 Annex B, 31-12-2025 planning table",https://www.e-redes.pt/sites/eredes/files/2022-07/PDIRD-E%202020%20proposta%20final.pdf,CHANGED
lines,LINE:004640,max_i_status,DIRECT_PDIRD_MINIMUM_SUMMER_NOMINAL_CURRENT,DIRECT_PDIRD_MINIMUM_WINTER_NOMINAL_CURRENT,CHANGED
lines,LINE:004640,max_i_ka,0.5450999999999999,0.582,CHANGED
lines,LINE:004640,seasonal_rating_status,WINTER_DYNAMIC_AMBIENT_TEMPERATURE_RATING_APPLIED,DIRECT_PDIRD_WINTER_NOMINAL_CURRENT_APPLIED,CHANGED
lines,LINE:004641,parameter_source,"E-REDES PDIRD-E 2020 Annex B, 31-12-2025 planning table",https://www.e-redes.pt/sites/eredes/files/2022-07/PDIRD-E%202020%20proposta%20final.pdf,CHANGED
lines,LINE:004641,max_i_status,DIRECT_PDIRD_MINIMUM_SUMMER_NOMINAL_CURRENT,DIRECT_PDIRD_MINIMUM_WINTER_NOMINAL_CURRENT,CHANGED
lines,LINE:004641,max_i_ka,0.5450999999999999,0.582,CHANGED
lines,LINE:004641,seasonal_rating_status,WINTER_DYNAMIC_AMBIENT_TEMPERATURE_RATING_APPLIED,DIRECT_PDIRD_WINTER_NOMINAL_CURRENT_APPLIED,CHANGED
lines,LINE:004643,parameter_source,"E-REDES PDIRD-E 2020 Annex B, 31-12-2025 planning table",https://www.e-redes.pt/sites/eredes/files/2022-07/PDIRD-E%202020%20proposta%20final.pdf,CHANGED
lines,LINE:004643,max_i_status,DIRECT_PDIRD_MINIMUM_SUMMER_NOMINAL_CURRENT,DIRECT_PDIRD_MINIMUM_WINTER_NOMINAL_CURRENT,CHANGED
lines,LINE:004643,max_i_ka,0.5450999999999999,0.582,CHANGED
lines,LINE:004643,seasonal_rating_status,WINTER_DYNAMIC_AMBIENT_TEMPERATURE_RATING_APPLIED,DIRECT_PDIRD_WINTER_NOMINAL_CURRENT_APPLIED,CHANGED
lines,LINE:004650,parameter_source,"E-REDES PDIRD-E 2020 Annex B, 31-12-2025 planning table",https://www.e-redes.pt/sites/eredes/files/2022-07/PDIRD-E%202020%20proposta%20final.pdf,CHANGED
lines,LINE:004650,max_i_status,DIRECT_PDIRD_MINIMUM_SUMMER_NOMINAL_CURRENT,DIRECT_PDIRD_MINIMUM_WINTER_NOMINAL_CURRENT,CHANGED
lines,LINE:004650,max_i_ka,1.3938,1.372,CHANGED
lines,LINE:004650,seasonal_rating_status,WINTER_DYNAMIC_AMBIENT_TEMPERATURE_RATING_APPLIED,DIRECT_PDIRD_WINTER_NOMINAL_CURRENT_APPLIED,CHANGED
lines,LINE:004658,parameter_source,"E-REDES PDIRD-E 2020 Annex B, 31-12-2025 planning table",https://www.e-redes.pt/sites/eredes/files/2022-07/PDIRD-E%202020%20proposta%20final.pdf,CHANGED
lines,LINE:004658,max_i_status,DIRECT_PDIRD_MINIMUM_SUMMER_NOMINAL_CURRENT,DIRECT_PDIRD_MINIMUM_WINTER_NOMINAL_CURRENT,CHANGED
lines,LINE:004658,max_i_ka,0.4416,0.544,CHANGED
lines,LINE:004658,seasonal_rating_status,WINTER_DYNAMIC_AMBIENT_TEMPERATURE_RATING_APPLIED,DIRECT_PDIRD_WINTER_NOMINAL_CURRENT_APPLIED,CHANGED
lines,LINE:004666,parameter_source,"E-REDES PDIRD-E 2020 Annex B, 31-12-2025 planning table",https://www.e-redes.pt/sites/eredes/files/2022-07/PDIRD-E%202020%20proposta%20final.pdf,CHANGED
lines,LINE:004666,max_i_status,DIRECT_PDIRD_MINIMUM_SUMMER_NOMINAL_CURRENT,DIRECT_PDIRD_MINIMUM_WINTER_NOMINAL_CURRENT,CHANGED
lines,LINE:004666,max_i_ka,0.6014499999999999,0.723,CHANGED
lines,LINE:004666,seasonal_rating_status,WINTER_DYNAMIC_AMBIENT_TEMPERATURE_RATING_APPLIED,DIRECT_PDIRD_WINTER_NOMINAL_CURRENT_APPLIED,CHANGED
lines,LINE:004673,parameter_source,"E-REDES PDIRD-E 2020 Annex B, 31-12-2025 planning table",https://www.e-redes.pt/sites/eredes/files/2022-07/PDIRD-E%202020%20proposta%20final.pdf,CHANGED
lines,LINE:004673,max_i_status,DIRECT_PDIRD_MINIMUM_SUMMER_NOMINAL_CURRENT,DIRECT_PDIRD_MINIMUM_WINTER_NOMINAL_CURRENT,CHANGED
lines,LINE:004673,max_i_ka,0.6969,0.686,CHANGED
lines,LINE:004673,seasonal_rating_status,WINTER_DYNAMIC_AMBIENT_TEMPERATURE_RATING_APPLIED,DIRECT_PDIRD_WINTER_NOMINAL_CURRENT_APPLIED,CHANGED
lines,LINE:004674,parameter_source,"E-REDES PDIRD-E 2020 Annex B, 31-12-2025 planning table",https://www.e-redes.pt/sites/eredes/files/2022-07/PDIRD-E%202020%20proposta%20final.pdf,CHANGED
lines,LINE:004674,max_i_status,DIRECT_PDIRD_MINIMUM_SUMMER_NOMINAL_CURRENT,DIRECT_PDIRD_MINIMUM_WINTER_NOMINAL_CURRENT,CHANGED
lines,LINE:004674,max_i_ka,0.46115,0.451,CHANGED
lines,LINE:004674,seasonal_rating_status,WINTER_DYNAMIC_AMBIENT_TEMPERATURE_RATING_APPLIED,DIRECT_PDIRD_WINTER_NOMINAL_CURRENT_APPLIED,CHANGED
lines,LINE:004675,parameter_source,"E-REDES PDIRD-E 2020 Annex B, 31-12-2025 planning table",https://www.e-redes.pt/sites/eredes/files/2022-07/PDIRD-E%202020%20proposta%20final.pdf,CHANGED
lines,LINE:004675,max_i_status,DIRECT_PDIRD_MINIMUM_SUMMER_NOMINAL_CURRENT,DIRECT_PDIRD_MINIMUM_WINTER_NOMINAL_CURRENT,CHANGED
lines,LINE:004675,max_i_ka,0.46115,0.451,CHANGED
lines,LINE:004675,seasonal_rating_status,WINTER_DYNAMIC_AMBIENT_TEMPERATURE_RATING_APPLIED,DIRECT_PDIRD_WINTER_NOMINAL_CURRENT_APPLIED,CHANGED
lines,LINE:004682,parameter_source,"E-REDES PDIRD-E 2020 Annex B, 31-12-2025 planning table",https://www.e-redes.pt/sites/eredes/files/2022-07/PDIRD-E%202020%20proposta%20final.pdf,CHANGED
lines,LINE:004682,max_i_status,DIRECT_PDIRD_MINIMUM_SUMMER_NOMINAL_CURRENT,DIRECT_PDIRD_MINIMUM_WINTER_NOMINAL_CURRENT,CHANGED
lines,LINE:004682,max_i_ka,0.88435,1.089,CHANGED
lines,LINE:004682,seasonal_rating_status,WINTER_DYNAMIC_AMBIENT_TEMPERATURE_RATING_APPLIED,DIRECT_PDIRD_WINTER_NOMINAL_CURRENT_APPLIED,CHANGED
lines,LINE:004687,parameter_source,"E-REDES PDIRD-E 2020 Annex B, 31-12-2025 planning table",https://www.e-redes.pt/sites/eredes/files/2022-07/PDIRD-E%202020%20proposta%20final.pdf,CHANGED
lines,LINE:004687,max_i_status,DIRECT_PDIRD_MINIMUM_SUMMER_NOMINAL_CURRENT,DIRECT_PDIRD_MINIMUM_WINTER_NOMINAL_CURRENT,CHANGED
lines,LINE:004687,max_i_ka,0.88435,1.089,CHANGED
lines,LINE:004687,seasonal_rating_status,WINTER_DYNAMIC_AMBIENT_TEMPERATURE_RATING_APPLIED,DIRECT_PDIRD_WINTER_NOMINAL_CURRENT_APPLIED,CHANGED
lines,LINE:004688,parameter_source,"E-REDES PDIRD-E 2020 Annex B, 31-12-2025 planning table",https://www.e-redes.pt/sites/eredes/files/2022-07/PDIRD-E%202020%20proposta%20final.pdf,CHANGED
lines,LINE:004688,max_i_status,DIRECT_PDIRD_MINIMUM_SUMMER_NOMINAL_CURRENT,DIRECT_PDIRD_MINIMUM_WINTER_NOMINAL_CURRENT,CHANGED
lines,LINE:004688,max_i_ka,0.88435,1.089,CHANGED
lines,LINE:004688,seasonal_rating_status,WINTER_DYNAMIC_AMBIENT_TEMPERATURE_RATING_APPLIED,DIRECT_PDIRD_WINTER_NOMINAL_CURRENT_APPLIED,CHANGED
lines,LINE:004689,parameter_source,"E-REDES PDIRD-E 2020 Annex B, 31-12-2025 planning table",https://www.e-redes.pt/sites/eredes/files/2022-07/PDIRD-E%202020%20proposta%20final.pdf,CHANGED
lines,LINE:004689,max_i_status,DIRECT_PDIRD_MINIMUM_SUMMER_NOMINAL_CURRENT,DIRECT_PDIRD_MINIMUM_WINTER_NOMINAL_CURRENT,CHANGED
lines,LINE:004689,max_i_ka,0.88435,1.089,CHANGED
lines,LINE:004689,seasonal_rating_status,WINTER_DYNAMIC_AMBIENT_TEMPERATURE_RATING_APPLIED,DIRECT_PDIRD_WINTER_NOMINAL_CURRENT_APPLIED,CHANGED
lines,LINE:004690,parameter_source,"E-REDES PDIRD-E 2020 Annex B, 31-12-2025 planning table",https://www.e-redes.pt/sites/eredes/files/2022-07/PDIRD-E%202020%20proposta%20final.pdf,CHANGED
lines,LINE:004690,max_i_status,DIRECT_PDIRD_MINIMUM_SUMMER_NOMINAL_CURRENT,DIRECT_PDIRD_MINIMUM_WINTER_NOMINAL_CURRENT,CHANGED
lines,LINE:004690,max_i_ka,0.4416,0.544,CHANGED
lines,LINE:004690,seasonal_rating_status,WINTER_DYNAMIC_AMBIENT_TEMPERATURE_RATING_APPLIED,DIRECT_PDIRD_WINTER_NOMINAL_CURRENT_APPLIED,CHANGED
lines,LINE:004691,parameter_source,"E-REDES PDIRD-E 2020 Annex B, 31-12-2025 planning table",https://www.e-redes.pt/sites/eredes/files/2022-07/PDIRD-E%202020%20proposta%20final.pdf,CHANGED
lines,LINE:004691,max_i_status,DIRECT_PDIRD_MINIMUM_SUMMER_NOMINAL_CURRENT,DIRECT_PDIRD_MINIMUM_WINTER_NOMINAL_CURRENT,CHANGED
lines,LINE:004691,max_i_ka,0.4416,0.544,CHANGED
lines,LINE:004691,seasonal_rating_status,WINTER_DYNAMIC_AMBIENT_TEMPERATURE_RATING_APPLIED,DIRECT_PDIRD_WINTER_NOMINAL_CURRENT_APPLIED,CHANGED
lines,LINE:004694,parameter_source,"E-REDES PDIRD-E 2020 Annex B, 31-12-2025 planning table",https://www.e-redes.pt/sites/eredes/files/2022-07/PDIRD-E%202020%20proposta%20final.pdf,CHANGED
lines,LINE:004694,max_i_status,DIRECT_PDIRD_MINIMUM_SUMMER_NOMINAL_CURRENT,DIRECT_PDIRD_MINIMUM_WINTER_NOMINAL_CURRENT,CHANGED
lines,LINE:004694,max_i_ka,0.6014499999999999,0.723,CHANGED
lines,LINE:004694,seasonal_rating_status,WINTER_DYNAMIC_AMBIENT_TEMPERATURE_RATING_APPLIED,DIRECT_PDIRD_WINTER_NOMINAL_CURRENT_APPLIED,CHANGED
lines,LINE:004696,parameter_source,"E-REDES PDIRD-E 2020 Annex B, 31-12-2025 planning table",https://www.e-redes.pt/sites/eredes/files/2022-07/PDIRD-E%202020%20proposta%20final.pdf,CHANGED
lines,LINE:004696,max_i_status,DIRECT_PDIRD_MINIMUM_SUMMER_NOMINAL_CURRENT,DIRECT_PDIRD_MINIMUM_WINTER_NOMINAL_CURRENT,CHANGED
lines,LINE:004696,max_i_ka,0.6014499999999999,0.723,CHANGED
lines,LINE:004696,seasonal_rating_status,WINTER_DYNAMIC_AMBIENT_TEMPERATURE_RATING_APPLIED,DIRECT_PDIRD_WINTER_NOMINAL_CURRENT_APPLIED,CHANGED
lines,LINE:004702,parameter_source,"E-REDES PDIRD-E 2020 Annex B, 31-12-2025 planning table",https://www.e-redes.pt/sites/eredes/files/2022-07/PDIRD-E%202020%20proposta%20final.pdf,CHANGED
lines,LINE:004702,max_i_status,DIRECT_PDIRD_MINIMUM_SUMMER_NOMINAL_CURRENT,DIRECT_PDIRD_MINIMUM_WINTER_NOMINAL_CURRENT,CHANGED
lines,LINE:004702,max_i_ka,0.6014499999999999,0.686,CHANGED
lines,LINE:004702,seasonal_rating_status,WINTER_DYNAMIC_AMBIENT_TEMPERATURE_RATING_APPLIED,DIRECT_PDIRD_WINTER_NOMINAL_CURRENT_APPLIED,CHANGED
lines,LINE:004703,parameter_source,"E-REDES PDIRD-E 2020 Annex B, 31-12-2025 planning table",https://www.e-redes.pt/sites/eredes/files/2022-07/PDIRD-E%202020%20proposta%20final.pdf,CHANGED
lines,LINE:004703,max_i_status,DIRECT_PDIRD_MINIMUM_SUMMER_NOMINAL_CURRENT,DIRECT_PDIRD_MINIMUM_WINTER_NOMINAL_CURRENT,CHANGED
lines,LINE:004703,max_i_ka,0.30015,0.362,CHANGED
lines,LINE:004703,seasonal_rating_status,WINTER_DYNAMIC_AMBIENT_TEMPERATURE_RATING_APPLIED,DIRECT_PDIRD_WINTER_NOMINAL_CURRENT_APPLIED,CHANGED
lines,LINE:004704,parameter_source,"E-REDES PDIRD-E 2020 Annex B, 31-12-2025 planning table",https://www.e-redes.pt/sites/eredes/files/2022-07/PDIRD-E%202020%20proposta%20final.pdf,CHANGED
lines,LINE:004704,max_i_status,DIRECT_PDIRD_MINIMUM_SUMMER_NOMINAL_CURRENT,DIRECT_PDIRD_MINIMUM_WINTER_NOMINAL_CURRENT,CHANGED
lines,LINE:004704,max_i_ka,0.30015,0.362,CHANGED
lines,LINE:004704,seasonal_rating_status,WINTER_DYNAMIC_AMBIENT_TEMPERATURE_RATING_APPLIED,DIRECT_PDIRD_WINTER_NOMINAL_CURRENT_APPLIED,CHANGED
lines,LINE:004711,parameter_source,"E-REDES PDIRD-E 2020 Annex B, 31-12-2025 planning table",https://www.e-redes.pt/sites/eredes/files/2022-07/PDIRD-E%202020%20proposta%20final.pdf,CHANGED
lines,LINE:004711,max_i_status,DIRECT_PDIRD_MINIMUM_SUMMER_NOMINAL_CURRENT,DIRECT_PDIRD_MINIMUM_WINTER_NOMINAL_CURRENT,CHANGED
lines,LINE:004711,max_i_ka,0.6014499999999999,0.723,CHANGED
lines,LINE:004711,seasonal_rating_status,WINTER_DYNAMIC_AMBIENT_TEMPERATURE_RATING_APPLIED,DIRECT_PDIRD_WINTER_NOMINAL_CURRENT_APPLIED,CHANGED
lines,LINE:004712,parameter_source,"E-REDES PDIRD-E 2020 Annex B, 31-12-2025 planning table",https://www.e-redes.pt/sites/eredes/files/2022-07/PDIRD-E%202020%20proposta%20final.pdf,CHANGED
lines,LINE:004712,max_i_status,DIRECT_PDIRD_MINIMUM_SUMMER_NOMINAL_CURRENT,DIRECT_PDIRD_MINIMUM_WINTER_NOMINAL_CURRENT,CHANGED
lines,LINE:004712,max_i_ka,0.6014499999999999,0.723,CHANGED
lines,LINE:004712,seasonal_rating_status,WINTER_DYNAMIC_AMBIENT_TEMPERATURE_RATING_APPLIED,DIRECT_PDIRD_WINTER_NOMINAL_CURRENT_APPLIED,CHANGED
lines,LINE:004714,parameter_source,"E-REDES PDIRD-E 2020 Annex B, 31-12-2025 planning table",https://www.e-redes.pt/sites/eredes/files/2022-07/PDIRD-E%202020%20proposta%20final.pdf,CHANGED
lines,LINE:004714,max_i_status,DIRECT_PDIRD_MINIMUM_SUMMER_NOMINAL_CURRENT,DIRECT_PDIRD_MINIMUM_WINTER_NOMINAL_CURRENT,CHANGED
lines,LINE:004714,max_i_ka,0.6969,0.686,CHANGED
lines,LINE:004714,seasonal_rating_status,WINTER_DYNAMIC_AMBIENT_TEMPERATURE_RATING_APPLIED,DIRECT_PDIRD_WINTER_NOMINAL_CURRENT_APPLIED,CHANGED
lines,LINE:004715,parameter_source,"E-REDES PDIRD-E 2020 Annex B, 31-12-2025 planning table",https://www.e-redes.pt/sites/eredes/files/2022-07/PDIRD-E%202020%20proposta%20final.pdf,CHANGED
lines,LINE:004715,max_i_status,DIRECT_PDIRD_MINIMUM_SUMMER_NOMINAL_CURRENT,DIRECT_PDIRD_MINIMUM_WINTER_NOMINAL_CURRENT,CHANGED
lines,LINE:004715,max_i_ka,0.6969,0.686,CHANGED
lines,LINE:004715,seasonal_rating_status,WINTER_DYNAMIC_AMBIENT_TEMPERATURE_RATING_APPLIED,DIRECT_PDIRD_WINTER_NOMINAL_CURRENT_APPLIED,CHANGED
lines,LINE:004716,parameter_source,"E-REDES PDIRD-E 2020 Annex B, 31-12-2025 planning table",https://www.e-redes.pt/sites/eredes/files/2022-07/PDIRD-E%202020%20proposta%20final.pdf,CHANGED
lines,LINE:004716,max_i_status,DIRECT_PDIRD_MINIMUM_SUMMER_NOMINAL_CURRENT,DIRECT_PDIRD_MINIMUM_WINTER_NOMINAL_CURRENT,CHANGED
lines,LINE:004716,max_i_ka,0.6969,0.686,CHANGED
lines,LINE:004716,seasonal_rating_status,WINTER_DYNAMIC_AMBIENT_TEMPERATURE_RATING_APPLIED,DIRECT_PDIRD_WINTER_NOMINAL_CURRENT_APPLIED,CHANGED
lines,LINE:004723,length_km,0.1037498171974428,0.07739179832353534,CHANGED
lines,LINE:004723,parameter_status,PDIRD_CIRCUIT_PATH_MATCH_PARTIAL_SOURCE_BACKING,PDIRD_CIRCUIT_PATH_MATCH_PARTIAL_SOURCE_BACKING+PUBLIC_PDIRD_SECTION_LENGTH,CHANGED
lines,LINE:004723,parameter_source,"E-REDES PDIRD-E 2020 Annex B, 31-12-2025 planning table",https://www.e-redes.pt/sites/eredes/files/2022-07/PDIRD-E%202020%20proposta%20final.pdf,CHANGED
lines,LINE:004723,max_i_status,DIRECT_PDIRD_MINIMUM_SUMMER_NOMINAL_CURRENT,DIRECT_PDIRD_MINIMUM_WINTER_NOMINAL_CURRENT,CHANGED
lines,LINE:004723,max_i_ka,0.6969,0.686,CHANGED
lines,LINE:004723,seasonal_rating_status,WINTER_DYNAMIC_AMBIENT_TEMPERATURE_RATING_APPLIED,DIRECT_PDIRD_WINTER_NOMINAL_CURRENT_APPLIED,CHANGED
lines,LINE:004724,length_km,1.5285725315518162,1.1402331134677874,CHANGED
lines,LINE:004724,parameter_status,PDIRD_CIRCUIT_PATH_MATCH_PARTIAL_SOURCE_BACKING,PDIRD_CIRCUIT_PATH_MATCH_PARTIAL_SOURCE_BACKING+PUBLIC_PDIRD_SECTION_LENGTH,CHANGED
lines,LINE:004724,parameter_source,"E-REDES PDIRD-E 2020 Annex B, 31-12-2025 planning table",https://www.e-redes.pt/sites/eredes/files/2022-07/PDIRD-E%202020%20proposta%20final.pdf,CHANGED
lines,LINE:004724,max_i_status,DIRECT_PDIRD_MINIMUM_SUMMER_NOMINAL_CURRENT,DIRECT_PDIRD_MINIMUM_WINTER_NOMINAL_CURRENT,CHANGED
lines,LINE:004724,max_i_ka,0.6969,0.686,CHANGED
lines,LINE:004724,seasonal_rating_status,WINTER_DYNAMIC_AMBIENT_TEMPERATURE_RATING_APPLIED,DIRECT_PDIRD_WINTER_NOMINAL_CURRENT_APPLIED,CHANGED
lines,LINE:004727,parameter_source,"E-REDES PDIRD-E 2020 Annex B, 31-12-2025 planning table",https://www.e-redes.pt/sites/eredes/files/2022-07/PDIRD-E%202020%20proposta%20final.pdf,CHANGED
lines,LINE:004727,max_i_status,DIRECT_PDIRD_MINIMUM_SUMMER_NOMINAL_CURRENT,DIRECT_PDIRD_MINIMUM_WINTER_NOMINAL_CURRENT,CHANGED
lines,LINE:004727,max_i_ka,0.30015,0.362,CHANGED
lines,LINE:004727,seasonal_rating_status,WINTER_DYNAMIC_AMBIENT_TEMPERATURE_RATING_APPLIED,DIRECT_PDIRD_WINTER_NOMINAL_CURRENT_APPLIED,CHANGED
lines,LINE:004733,parameter_source,"E-REDES PDIRD-E 2020 Annex B, 31-12-2025 planning table",https://www.e-redes.pt/sites/eredes/files/2022-07/PDIRD-E%202020%20proposta%20final.pdf,CHANGED
lines,LINE:004733,max_i_status,DIRECT_PDIRD_MINIMUM_SUMMER_NOMINAL_CURRENT,DIRECT_PDIRD_MINIMUM_WINTER_NOMINAL_CURRENT,CHANGED
lines,LINE:004733,max_i_ka,0.6704499999999999,0.659,CHANGED
lines,LINE:004733,seasonal_rating_status,WINTER_DYNAMIC_AMBIENT_TEMPERATURE_RATING_APPLIED,DIRECT_PDIRD_WINTER_NOMINAL_CURRENT_APPLIED,CHANGED
lines,LINE:004734,parameter_source,"E-REDES PDIRD-E 2020 Annex B, 31-12-2025 planning table",https://www.e-redes.pt/sites/eredes/files/2022-07/PDIRD-E%202020%20proposta%20final.pdf,CHANGED
lines,LINE:004734,max_i_status,DIRECT_PDIRD_MINIMUM_SUMMER_NOMINAL_CURRENT,DIRECT_PDIRD_MINIMUM_WINTER_NOMINAL_CURRENT,CHANGED
lines,LINE:004734,max_i_ka,0.6704499999999999,0.659,CHANGED
lines,LINE:004734,seasonal_rating_status,WINTER_DYNAMIC_AMBIENT_TEMPERATURE_RATING_APPLIED,DIRECT_PDIRD_WINTER_NOMINAL_CURRENT_APPLIED,CHANGED
lines,LINE:004735,parameter_source,"E-REDES PDIRD-E 2020 Annex B, 31-12-2025 planning table",https://www.e-redes.pt/sites/eredes/files/2022-07/PDIRD-E%202020%20proposta%20final.pdf,CHANGED
lines,LINE:004735,max_i_status,DIRECT_PDIRD_MINIMUM_SUMMER_NOMINAL_CURRENT,DIRECT_PDIRD_MINIMUM_WINTER_NOMINAL_CURRENT,CHANGED
lines,LINE:004735,max_i_ka,0.6704499999999999,0.659,CHANGED
lines,LINE:004735,seasonal_rating_status,WINTER_DYNAMIC_AMBIENT_TEMPERATURE_RATING_APPLIED,DIRECT_PDIRD_WINTER_NOMINAL_CURRENT_APPLIED,CHANGED
lines,LINE:004736,parameter_source,"E-REDES PDIRD-E 2020 Annex B, 31-12-2025 planning table",https://www.e-redes.pt/sites/eredes/files/2022-07/PDIRD-E%202020%20proposta%20final.pdf,CHANGED
lines,LINE:004736,max_i_status,DIRECT_PDIRD_MINIMUM_SUMMER_NOMINAL_CURRENT,DIRECT_PDIRD_MINIMUM_WINTER_NOMINAL_CURRENT,CHANGED
lines,LINE:004736,max_i_ka,0.6704499999999999,0.659,CHANGED
lines,LINE:004736,seasonal_rating_status,WINTER_DYNAMIC_AMBIENT_TEMPERATURE_RATING_APPLIED,DIRECT_PDIRD_WINTER_NOMINAL_CURRENT_APPLIED,CHANGED
lines,LINE:004737,parameter_source,"E-REDES PDIRD-E 2020 Annex B, 31-12-2025 planning table",https://www.e-redes.pt/sites/eredes/files/2022-07/PDIRD-E%202020%20proposta%20final.pdf,CHANGED
lines,LINE:004737,max_i_status,DIRECT_PDIRD_MINIMUM_SUMMER_NOMINAL_CURRENT,DIRECT_PDIRD_MINIMUM_WINTER_NOMINAL_CURRENT,CHANGED
lines,LINE:004737,max_i_ka,0.46115,0.451,CHANGED
lines,LINE:004737,seasonal_rating_status,WINTER_DYNAMIC_AMBIENT_TEMPERATURE_RATING_APPLIED,DIRECT_PDIRD_WINTER_NOMINAL_CURRENT_APPLIED,CHANGED
lines,LINE:004739,parameter_source,"E-REDES PDIRD-E 2020 Annex B, 31-12-2025 planning table",https://www.e-redes.pt/sites/eredes/files/2022-07/PDIRD-E%202020%20proposta%20final.pdf,CHANGED
lines,LINE:004739,max_i_status,DIRECT_PDIRD_MINIMUM_SUMMER_NOMINAL_CURRENT,DIRECT_PDIRD_MINIMUM_WINTER_NOMINAL_CURRENT,CHANGED
lines,LINE:004739,max_i_ka,0.46115,0.451,CHANGED
lines,LINE:004739,seasonal_rating_status,WINTER_DYNAMIC_AMBIENT_TEMPERATURE_RATING_APPLIED,DIRECT_PDIRD_WINTER_NOMINAL_CURRENT_APPLIED,CHANGED
lines,LINE:004741,parameter_source,"E-REDES PDIRD-E 2020 Annex B, 31-12-2025 planning table",https://www.e-redes.pt/sites/eredes/files/2022-07/PDIRD-E%202020%20proposta%20final.pdf,CHANGED
lines,LINE:004741,max_i_status,DIRECT_PDIRD_MINIMUM_SUMMER_NOMINAL_CURRENT,DIRECT_PDIRD_MINIMUM_WINTER_NOMINAL_CURRENT,CHANGED
lines,LINE:004741,max_i_ka,0.4416,0.544,CHANGED
lines,LINE:004741,seasonal_rating_status,WINTER_DYNAMIC_AMBIENT_TEMPERATURE_RATING_APPLIED,DIRECT_PDIRD_WINTER_NOMINAL_CURRENT_APPLIED,CHANGED
lines,LINE:004752,parameter_source,"E-REDES PDIRD-E 2020 Annex B, 31-12-2025 planning table",https://www.e-redes.pt/sites/eredes/files/2022-07/PDIRD-E%202020%20proposta%20final.pdf,CHANGED
lines,LINE:004752,max_i_status,DIRECT_PDIRD_MINIMUM_SUMMER_NOMINAL_CURRENT,DIRECT_PDIRD_MINIMUM_WINTER_NOMINAL_CURRENT,CHANGED
lines,LINE:004752,max_i_ka,0.4416,0.544,CHANGED
lines,LINE:004752,seasonal_rating_status,WINTER_DYNAMIC_AMBIENT_TEMPERATURE_RATING_APPLIED,DIRECT_PDIRD_WINTER_NOMINAL_CURRENT_APPLIED,CHANGED
lines,LINE:004753,parameter_source,"E-REDES PDIRD-E 2020 Annex B, 31-12-2025 planning table",https://www.e-redes.pt/sites/eredes/files/2022-07/PDIRD-E%202020%20proposta%20final.pdf,CHANGED
lines,LINE:004753,max_i_status,DIRECT_PDIRD_MINIMUM_SUMMER_NOMINAL_CURRENT,DIRECT_PDIRD_MINIMUM_WINTER_NOMINAL_CURRENT,CHANGED
lines,LINE:004753,max_i_ka,0.46115,0.451,CHANGED
lines,LINE:004753,seasonal_rating_status,WINTER_DYNAMIC_AMBIENT_TEMPERATURE_RATING_APPLIED,DIRECT_PDIRD_WINTER_NOMINAL_CURRENT_APPLIED,CHANGED
lines,LINE:004754,parameter_source,"E-REDES PDIRD-E 2020 Annex B, 31-12-2025 planning table",https://www.e-redes.pt/sites/eredes/files/2022-07/PDIRD-E%202020%20proposta%20final.pdf,CHANGED
lines,LINE:004754,max_i_status,DIRECT_PDIRD_MINIMUM_SUMMER_NOMINAL_CURRENT,DIRECT_PDIRD_MINIMUM_WINTER_NOMINAL_CURRENT,CHANGED
lines,LINE:004754,max_i_ka,0.46115,0.451,CHANGED
lines,LINE:004754,seasonal_rating_status,WINTER_DYNAMIC_AMBIENT_TEMPERATURE_RATING_APPLIED,DIRECT_PDIRD_WINTER_NOMINAL_CURRENT_APPLIED,CHANGED
lines,LINE:004755,parameter_source,"E-REDES PDIRD-E 2020 Annex B, 31-12-2025 planning table",https://www.e-redes.pt/sites/eredes/files/2022-07/PDIRD-E%202020%20proposta%20final.pdf,CHANGED
lines,LINE:004755,max_i_status,DIRECT_PDIRD_MINIMUM_SUMMER_NOMINAL_CURRENT,DIRECT_PDIRD_MINIMUM_WINTER_NOMINAL_CURRENT,CHANGED
lines,LINE:004755,max_i_ka,0.46115,0.451,CHANGED
lines,LINE:004755,seasonal_rating_status,WINTER_DYNAMIC_AMBIENT_TEMPERATURE_RATING_APPLIED,DIRECT_PDIRD_WINTER_NOMINAL_CURRENT_APPLIED,CHANGED
lines,LINE:004758,parameter_source,"E-REDES PDIRD-E 2020 Annex B, 31-12-2025 planning table",https://www.e-redes.pt/sites/eredes/files/2022-07/PDIRD-E%202020%20proposta%20final.pdf,CHANGED
lines,LINE:004758,max_i_status,DIRECT_PDIRD_MINIMUM_SUMMER_NOMINAL_CURRENT,DIRECT_PDIRD_MINIMUM_WINTER_NOMINAL_CURRENT,CHANGED
lines,LINE:004758,max_i_ka,0.6014499999999999,0.723,CHANGED
lines,LINE:004758,seasonal_rating_status,WINTER_DYNAMIC_AMBIENT_TEMPERATURE_RATING_APPLIED,DIRECT_PDIRD_WINTER_NOMINAL_CURRENT_APPLIED,CHANGED
lines,LINE:004762,parameter_source,"E-REDES PDIRD-E 2020 Annex B, 31-12-2025 planning table",https://www.e-redes.pt/sites/eredes/files/2022-07/PDIRD-E%202020%20proposta%20final.pdf,CHANGED
lines,LINE:004762,max_i_status,DIRECT_PDIRD_MINIMUM_SUMMER_NOMINAL_CURRENT,DIRECT_PDIRD_MINIMUM_WINTER_NOMINAL_CURRENT,CHANGED
lines,LINE:004762,max_i_ka,0.6014499999999999,0.723,CHANGED
lines,LINE:004762,seasonal_rating_status,WINTER_DYNAMIC_AMBIENT_TEMPERATURE_RATING_APPLIED,DIRECT_PDIRD_WINTER_NOMINAL_CURRENT_APPLIED,CHANGED
lines,LINE:004763,parameter_status,PDIRD_CIRCUIT_PATH_MATCH_PARTIAL_SOURCE_BACKING,DIRECT_PDIRD_MINIMUM_WINTER_NOMINAL_CURRENT,CHANGED
lines,LINE:004763,parameter_source,"E-REDES PDIRD-E 2020 Annex B, 31-12-2025 planning table",https://www.e-redes.pt/sites/eredes/files/2022-07/PDIRD-E%202020%20proposta%20final.pdf,CHANGED
lines,LINE:004763,max_i_status,DIRECT_PDIRD_MINIMUM_SUMMER_NOMINAL_CURRENT,DIRECT_PDIRD_MINIMUM_WINTER_NOMINAL_CURRENT,CHANGED
lines,LINE:004763,max_i_ka,0.30015,0.362,CHANGED
lines,LINE:004763,parallel_status,SOURCE_CIRCUIT_FIELD_OR_SINGLE_CIRCUIT_DEFAULT,PUBLIC_SINGLE_CIRCUIT_INVENTORY,CHANGED
lines,LINE:004763,rating_override_status,NO_CORRIDOR_OVERRIDE,EXPLICIT_PUBLIC_INVENTORY_CORRECTION,CHANGED
lines,LINE:004763,seasonal_rating_status,WINTER_DYNAMIC_AMBIENT_TEMPERATURE_RATING_APPLIED,DIRECT_PDIRD_WINTER_NOMINAL_CURRENT_APPLIED,CHANGED
lines,LINE:004764,parameter_source,"E-REDES PDIRD-E 2020 Annex B, 31-12-2025 planning table",https://www.e-redes.pt/sites/eredes/files/2022-07/PDIRD-E%202020%20proposta%20final.pdf,CHANGED
lines,LINE:004764,max_i_status,DIRECT_PDIRD_MINIMUM_SUMMER_NOMINAL_CURRENT,DIRECT_PDIRD_MINIMUM_WINTER_NOMINAL_CURRENT,CHANGED
lines,LINE:004764,max_i_ka,0.30015,0.362,CHANGED
lines,LINE:004764,seasonal_rating_status,WINTER_DYNAMIC_AMBIENT_TEMPERATURE_RATING_APPLIED,DIRECT_PDIRD_WINTER_NOMINAL_CURRENT_APPLIED,CHANGED
lines,LINE:004765,parameter_source,"E-REDES PDIRD-E 2020 Annex B, 31-12-2025 planning table",https://www.e-redes.pt/sites/eredes/files/2022-07/PDIRD-E%202020%20proposta%20final.pdf,CHANGED
lines,LINE:004765,max_i_status,DIRECT_PDIRD_MINIMUM_SUMMER_NOMINAL_CURRENT,DIRECT_PDIRD_MINIMUM_WINTER_NOMINAL_CURRENT,CHANGED
lines,LINE:004765,max_i_ka,0.6014499999999999,0.723,CHANGED
lines,LINE:004765,seasonal_rating_status,WINTER_DYNAMIC_AMBIENT_TEMPERATURE_RATING_APPLIED,DIRECT_PDIRD_WINTER_NOMINAL_CURRENT_APPLIED,CHANGED
lines,LINE:004766,parameter_status,PDIRD_CIRCUIT_PATH_MATCH_PARTIAL_SOURCE_BACKING,DIRECT_PDIRD_MINIMUM_WINTER_NOMINAL_CURRENT,CHANGED
lines,LINE:004766,parameter_source,"E-REDES PDIRD-E 2020 Annex B, 31-12-2025 planning table",https://www.e-redes.pt/sites/eredes/files/2022-07/PDIRD-E%202020%20proposta%20final.pdf,CHANGED
lines,LINE:004766,max_i_status,DIRECT_PDIRD_MINIMUM_SUMMER_NOMINAL_CURRENT,DIRECT_PDIRD_MINIMUM_WINTER_NOMINAL_CURRENT,CHANGED
lines,LINE:004766,max_i_ka,0.30015,0.362,CHANGED
lines,LINE:004766,parallel_status,SOURCE_CIRCUIT_FIELD_OR_SINGLE_CIRCUIT_DEFAULT,PUBLIC_SINGLE_CIRCUIT_INVENTORY,CHANGED
lines,LINE:004766,rating_override_status,NO_CORRIDOR_OVERRIDE,EXPLICIT_PUBLIC_INVENTORY_CORRECTION,CHANGED
lines,LINE:004766,seasonal_rating_status,WINTER_DYNAMIC_AMBIENT_TEMPERATURE_RATING_APPLIED,DIRECT_PDIRD_WINTER_NOMINAL_CURRENT_APPLIED,CHANGED
lines,LINE:004778,parameter_source,"E-REDES PDIRD-E 2020 Annex B, 31-12-2025 planning table",https://www.e-redes.pt/sites/eredes/files/2022-07/PDIRD-E%202020%20proposta%20final.pdf,CHANGED
lines,LINE:004778,max_i_status,DIRECT_PDIRD_MINIMUM_SUMMER_NOMINAL_CURRENT,DIRECT_PDIRD_MINIMUM_WINTER_NOMINAL_CURRENT,CHANGED
lines,LINE:004778,max_i_ka,0.6969,0.686,CHANGED
lines,LINE:004778,seasonal_rating_status,WINTER_DYNAMIC_AMBIENT_TEMPERATURE_RATING_APPLIED,DIRECT_PDIRD_WINTER_NOMINAL_CURRENT_APPLIED,CHANGED
lines,LINE:004779,parameter_source,"E-REDES PDIRD-E 2020 Annex B, 31-12-2025 planning table",https://www.e-redes.pt/sites/eredes/files/2022-07/PDIRD-E%202020%20proposta%20final.pdf,CHANGED
lines,LINE:004779,max_i_status,DIRECT_PDIRD_MINIMUM_SUMMER_NOMINAL_CURRENT,DIRECT_PDIRD_MINIMUM_WINTER_NOMINAL_CURRENT,CHANGED
lines,LINE:004779,max_i_ka,0.46115,0.451,CHANGED
lines,LINE:004779,seasonal_rating_status,WINTER_DYNAMIC_AMBIENT_TEMPERATURE_RATING_APPLIED,DIRECT_PDIRD_WINTER_NOMINAL_CURRENT_APPLIED,CHANGED
lines,LINE:004780,parameter_source,"E-REDES PDIRD-E 2020 Annex B, 31-12-2025 planning table",https://www.e-redes.pt/sites/eredes/files/2022-07/PDIRD-E%202020%20proposta%20final.pdf,CHANGED
lines,LINE:004780,max_i_status,DIRECT_PDIRD_MINIMUM_SUMMER_NOMINAL_CURRENT,DIRECT_PDIRD_MINIMUM_WINTER_NOMINAL_CURRENT,CHANGED
lines,LINE:004780,max_i_ka,0.6969,0.686,CHANGED
lines,LINE:004780,seasonal_rating_status,WINTER_DYNAMIC_AMBIENT_TEMPERATURE_RATING_APPLIED,DIRECT_PDIRD_WINTER_NOMINAL_CURRENT_APPLIED,CHANGED
lines,LINE:004783,parameter_source,"E-REDES PDIRD-E 2020 Annex B, 31-12-2025 planning table",https://www.e-redes.pt/sites/eredes/files/2022-07/PDIRD-E%202020%20proposta%20final.pdf,CHANGED
lines,LINE:004783,max_i_status,DIRECT_PDIRD_MINIMUM_SUMMER_NOMINAL_CURRENT,DIRECT_PDIRD_MINIMUM_WINTER_NOMINAL_CURRENT,CHANGED
lines,LINE:004783,max_i_ka,0.68885,0.74,CHANGED
lines,LINE:004783,seasonal_rating_status,WINTER_DYNAMIC_AMBIENT_TEMPERATURE_RATING_APPLIED,DIRECT_PDIRD_WINTER_NOMINAL_CURRENT_APPLIED,CHANGED
lines,LINE:004785,parameter_source,"E-REDES PDIRD-E 2020 Annex B, 31-12-2025 planning table",https://www.e-redes.pt/sites/eredes/files/2022-07/PDIRD-E%202020%20proposta%20final.pdf,CHANGED
lines,LINE:004785,max_i_status,DIRECT_PDIRD_MINIMUM_SUMMER_NOMINAL_CURRENT,DIRECT_PDIRD_MINIMUM_WINTER_NOMINAL_CURRENT,CHANGED
lines,LINE:004785,max_i_ka,0.68885,0.74,CHANGED
lines,LINE:004785,seasonal_rating_status,WINTER_DYNAMIC_AMBIENT_TEMPERATURE_RATING_APPLIED,DIRECT_PDIRD_WINTER_NOMINAL_CURRENT_APPLIED,CHANGED
lines,LINE:004786,parameter_source,"E-REDES PDIRD-E 2020 Annex B, 31-12-2025 planning table",https://www.e-redes.pt/sites/eredes/files/2022-07/PDIRD-E%202020%20proposta%20final.pdf,CHANGED
lines,LINE:004786,max_i_status,DIRECT_PDIRD_MINIMUM_SUMMER_NOMINAL_CURRENT,DIRECT_PDIRD_MINIMUM_WINTER_NOMINAL_CURRENT,CHANGED
lines,LINE:004786,max_i_ka,0.68885,0.74,CHANGED
lines,LINE:004786,seasonal_rating_status,WINTER_DYNAMIC_AMBIENT_TEMPERATURE_RATING_APPLIED,DIRECT_PDIRD_WINTER_NOMINAL_CURRENT_APPLIED,CHANGED
lines,LINE:004793,parameter_source,"E-REDES PDIRD-E 2020 Annex B, 31-12-2025 planning table",https://www.e-redes.pt/sites/eredes/files/2022-07/PDIRD-E%202020%20proposta%20final.pdf,CHANGED
lines,LINE:004793,max_i_status,DIRECT_PDIRD_MINIMUM_SUMMER_NOMINAL_CURRENT,DIRECT_PDIRD_MINIMUM_WINTER_NOMINAL_CURRENT,CHANGED
lines,LINE:004793,max_i_ka,0.30015,0.362,CHANGED
lines,LINE:004793,seasonal_rating_status,WINTER_DYNAMIC_AMBIENT_TEMPERATURE_RATING_APPLIED,DIRECT_PDIRD_WINTER_NOMINAL_CURRENT_APPLIED,CHANGED
lines,LINE:004796,parameter_source,"E-REDES PDIRD-E 2020 Annex B, 31-12-2025 planning table",https://www.e-redes.pt/sites/eredes/files/2022-07/PDIRD-E%202020%20proposta%20final.pdf,CHANGED
lines,LINE:004796,max_i_status,DIRECT_PDIRD_MINIMUM_SUMMER_NOMINAL_CURRENT,DIRECT_PDIRD_MINIMUM_WINTER_NOMINAL_CURRENT,CHANGED
lines,LINE:004796,max_i_ka,0.46115,0.451,CHANGED
lines,LINE:004796,seasonal_rating_status,WINTER_DYNAMIC_AMBIENT_TEMPERATURE_RATING_APPLIED,DIRECT_PDIRD_WINTER_NOMINAL_CURRENT_APPLIED,CHANGED
lines,LINE:004799,length_km,1.4513098570756366,1.9103333472075654,CHANGED
lines,LINE:004799,to_bus,BUS:JUNCTION:60:00479,BUS:JUNCTION:60:00479:PI_FEITOSA,CHANGED
lines,LINE:004799,parameter_status,PDIRD_CIRCUIT_PATH_MATCH_PARTIAL_SOURCE_BACKING,PDIRD_CIRCUIT_PATH_MATCH_PARTIAL_SOURCE_BACKING+PUBLIC_PDIRD_SECTION_LENGTH,CHANGED
lines,LINE:004799,parameter_source,"E-REDES PDIRD-E 2020 Annex B, 31-12-2025 planning table",https://www.e-redes.pt/sites/eredes/files/2022-07/PDIRD-E%202020%20proposta%20final.pdf,CHANGED
lines,LINE:004799,max_i_status,DIRECT_PDIRD_MINIMUM_SUMMER_NOMINAL_CURRENT,DIRECT_PDIRD_MINIMUM_WINTER_NOMINAL_CURRENT,CHANGED
lines,LINE:004799,max_i_ka,0.6969,0.686,CHANGED
lines,LINE:004799,seasonal_rating_status,WINTER_DYNAMIC_AMBIENT_TEMPERATURE_RATING_APPLIED,DIRECT_PDIRD_WINTER_NOMINAL_CURRENT_APPLIED,CHANGED
lines,LINE:004800,length_km,0.1511563313998481,0.19896439006934882,CHANGED
lines,LINE:004800,from_bus,BUS:JUNCTION:60:00480,BUS:JUNCTION:60:00480:PI_FEITOSA,CHANGED
lines,LINE:004800,to_bus,BUS:JUNCTION:60:00481,BUS:JUNCTION:60:00481:PI_FEITOSA,CHANGED
lines,LINE:004800,parameter_status,PDIRD_CIRCUIT_PATH_MATCH_PARTIAL_SOURCE_BACKING,PDIRD_CIRCUIT_PATH_MATCH_PARTIAL_SOURCE_BACKING+PUBLIC_PDIRD_SECTION_LENGTH,CHANGED
lines,LINE:004800,parameter_source,"E-REDES PDIRD-E 2020 Annex B, 31-12-2025 planning table",https://www.e-redes.pt/sites/eredes/files/2022-07/PDIRD-E%202020%20proposta%20final.pdf,CHANGED
lines,LINE:004800,max_i_status,DIRECT_PDIRD_MINIMUM_SUMMER_NOMINAL_CURRENT,DIRECT_PDIRD_MINIMUM_WINTER_NOMINAL_CURRENT,CHANGED
lines,LINE:004800,max_i_ka,0.6969,0.686,CHANGED
lines,LINE:004800,seasonal_rating_status,WINTER_DYNAMIC_AMBIENT_TEMPERATURE_RATING_APPLIED,DIRECT_PDIRD_WINTER_NOMINAL_CURRENT_APPLIED,CHANGED
lines,LINE:004805,parameter_source,"E-REDES PDIRD-E 2020 Annex B, 31-12-2025 planning table",https://www.e-redes.pt/sites/eredes/files/2022-07/PDIRD-E%202020%20proposta%20final.pdf,CHANGED
lines,LINE:004805,max_i_status,DIRECT_PDIRD_MINIMUM_SUMMER_NOMINAL_CURRENT,DIRECT_PDIRD_MINIMUM_WINTER_NOMINAL_CURRENT,CHANGED
lines,LINE:004805,max_i_ka,0.6969,0.686,CHANGED
lines,LINE:004805,seasonal_rating_status,WINTER_DYNAMIC_AMBIENT_TEMPERATURE_RATING_APPLIED,DIRECT_PDIRD_WINTER_NOMINAL_CURRENT_APPLIED,CHANGED
lines,LINE:004813,parameter_source,"E-REDES PDIRD-E 2020 Annex B, 31-12-2025 planning table",https://www.e-redes.pt/sites/eredes/files/2022-07/PDIRD-E%202020%20proposta%20final.pdf,CHANGED
lines,LINE:004813,max_i_status,DIRECT_PDIRD_MINIMUM_SUMMER_NOMINAL_CURRENT,DIRECT_PDIRD_MINIMUM_WINTER_NOMINAL_CURRENT,CHANGED
lines,LINE:004813,max_i_ka,0.6014499999999999,0.686,CHANGED
lines,LINE:004813,seasonal_rating_status,WINTER_DYNAMIC_AMBIENT_TEMPERATURE_RATING_APPLIED,DIRECT_PDIRD_WINTER_NOMINAL_CURRENT_APPLIED,CHANGED
lines,LINE:004820,length_km,0.1186305556673084,0.15615129008057987,CHANGED
lines,LINE:004820,from_bus,BUS:JUNCTION:60:00479,BUS:JUNCTION:60:00479:PI_FEITOSA,CHANGED
lines,LINE:004820,to_bus,BUS:JUNCTION:60:00480,BUS:JUNCTION:60:00480:PI_FEITOSA,CHANGED
lines,LINE:004820,parameter_status,PDIRD_CIRCUIT_PATH_MATCH_PARTIAL_SOURCE_BACKING,PDIRD_CIRCUIT_PATH_MATCH_PARTIAL_SOURCE_BACKING+PUBLIC_PDIRD_SECTION_LENGTH,CHANGED
lines,LINE:004820,parameter_source,"E-REDES PDIRD-E 2020 Annex B, 31-12-2025 planning table",https://www.e-redes.pt/sites/eredes/files/2022-07/PDIRD-E%202020%20proposta%20final.pdf,CHANGED
lines,LINE:004820,max_i_status,DIRECT_PDIRD_MINIMUM_SUMMER_NOMINAL_CURRENT,DIRECT_PDIRD_MINIMUM_WINTER_NOMINAL_CURRENT,CHANGED
lines,LINE:004820,max_i_ka,0.6969,0.686,CHANGED
lines,LINE:004820,seasonal_rating_status,WINTER_DYNAMIC_AMBIENT_TEMPERATURE_RATING_APPLIED,DIRECT_PDIRD_WINTER_NOMINAL_CURRENT_APPLIED,CHANGED
lines,LINE:004821,length_km,1.5419189458136644,2.0296004788489945,CHANGED
lines,LINE:004821,from_bus,BUS:JUNCTION:60:00481,BUS:JUNCTION:60:00481:PI_FEITOSA,CHANGED
lines,LINE:004821,to_bus,BUS:JUNCTION:60:02655,BUS:JUNCTION:60:02655:PI_FEITOSA,CHANGED
lines,LINE:004821,parameter_status,PDIRD_CIRCUIT_PATH_MATCH_PARTIAL_SOURCE_BACKING,PDIRD_CIRCUIT_PATH_MATCH_PARTIAL_SOURCE_BACKING+PUBLIC_PDIRD_SECTION_LENGTH,CHANGED
lines,LINE:004821,parameter_source,"E-REDES PDIRD-E 2020 Annex B, 31-12-2025 planning table",https://www.e-redes.pt/sites/eredes/files/2022-07/PDIRD-E%202020%20proposta%20final.pdf,CHANGED
lines,LINE:004821,max_i_status,DIRECT_PDIRD_MINIMUM_SUMMER_NOMINAL_CURRENT,DIRECT_PDIRD_MINIMUM_WINTER_NOMINAL_CURRENT,CHANGED
lines,LINE:004821,max_i_ka,0.6969,0.686,CHANGED
lines,LINE:004821,seasonal_rating_status,WINTER_DYNAMIC_AMBIENT_TEMPERATURE_RATING_APPLIED,DIRECT_PDIRD_WINTER_NOMINAL_CURRENT_APPLIED,CHANGED
lines,LINE:004831,parameter_source,"E-REDES PDIRD-E 2020 Annex B, 31-12-2025 planning table",https://www.e-redes.pt/sites/eredes/files/2022-07/PDIRD-E%202020%20proposta%20final.pdf,CHANGED
lines,LINE:004831,max_i_status,DIRECT_PDIRD_MINIMUM_SUMMER_NOMINAL_CURRENT,DIRECT_PDIRD_MINIMUM_WINTER_NOMINAL_CURRENT,CHANGED
lines,LINE:004831,max_i_ka,0.30015,0.362,CHANGED
lines,LINE:004831,seasonal_rating_status,WINTER_DYNAMIC_AMBIENT_TEMPERATURE_RATING_APPLIED,DIRECT_PDIRD_WINTER_NOMINAL_CURRENT_APPLIED,CHANGED
lines,LINE:004836,parameter_source,"E-REDES PDIRD-E 2020 Annex B, 31-12-2025 planning table",https://www.e-redes.pt/sites/eredes/files/2022-07/PDIRD-E%202020%20proposta%20final.pdf,CHANGED
lines,LINE:004836,max_i_status,DIRECT_PDIRD_MINIMUM_SUMMER_NOMINAL_CURRENT,DIRECT_PDIRD_MINIMUM_WINTER_NOMINAL_CURRENT,CHANGED
lines,LINE:004836,max_i_ka,1.3938,1.372,CHANGED
lines,LINE:004836,seasonal_rating_status,WINTER_DYNAMIC_AMBIENT_TEMPERATURE_RATING_APPLIED,DIRECT_PDIRD_WINTER_NOMINAL_CURRENT_APPLIED,CHANGED
lines,LINE:004837,parameter_source,"E-REDES PDIRD-E 2020 Annex B, 31-12-2025 planning table",https://www.e-redes.pt/sites/eredes/files/2022-07/PDIRD-E%202020%20proposta%20final.pdf,CHANGED
lines,LINE:004837,max_i_status,DIRECT_PDIRD_MINIMUM_SUMMER_NOMINAL_CURRENT,DIRECT_PDIRD_MINIMUM_WINTER_NOMINAL_CURRENT,CHANGED
lines,LINE:004837,max_i_ka,1.3938,1.372,CHANGED
lines,LINE:004837,seasonal_rating_status,WINTER_DYNAMIC_AMBIENT_TEMPERATURE_RATING_APPLIED,DIRECT_PDIRD_WINTER_NOMINAL_CURRENT_APPLIED,CHANGED
lines,LINE:004851,parameter_source,"E-REDES PDIRD-E 2020 Annex B, 31-12-2025 planning table",https://www.e-redes.pt/sites/eredes/files/2022-07/PDIRD-E%202020%20proposta%20final.pdf,CHANGED
lines,LINE:004851,max_i_status,DIRECT_PDIRD_MINIMUM_SUMMER_NOMINAL_CURRENT,DIRECT_PDIRD_MINIMUM_WINTER_NOMINAL_CURRENT,CHANGED
lines,LINE:004851,max_i_ka,0.46115,0.451,CHANGED
lines,LINE:004851,seasonal_rating_status,WINTER_DYNAMIC_AMBIENT_TEMPERATURE_RATING_APPLIED,DIRECT_PDIRD_WINTER_NOMINAL_CURRENT_APPLIED,CHANGED
lines,LINE:004852,parameter_source,"E-REDES PDIRD-E 2020 Annex B, 31-12-2025 planning table",https://www.e-redes.pt/sites/eredes/files/2022-07/PDIRD-E%202020%20proposta%20final.pdf,CHANGED
lines,LINE:004852,max_i_status,DIRECT_PDIRD_MINIMUM_SUMMER_NOMINAL_CURRENT,DIRECT_PDIRD_MINIMUM_WINTER_NOMINAL_CURRENT,CHANGED
lines,LINE:004852,max_i_ka,0.46115,0.451,CHANGED
lines,LINE:004852,seasonal_rating_status,WINTER_DYNAMIC_AMBIENT_TEMPERATURE_RATING_APPLIED,DIRECT_PDIRD_WINTER_NOMINAL_CURRENT_APPLIED,CHANGED
lines,LINE:004854,parameter_source,"E-REDES PDIRD-E 2020 Annex B, 31-12-2025 planning table",https://www.e-redes.pt/sites/eredes/files/2022-07/PDIRD-E%202020%20proposta%20final.pdf,CHANGED
lines,LINE:004854,max_i_status,DIRECT_PDIRD_MINIMUM_SUMMER_NOMINAL_CURRENT,DIRECT_PDIRD_MINIMUM_WINTER_NOMINAL_CURRENT,CHANGED
lines,LINE:004854,max_i_ka,0.4416,0.544,CHANGED
lines,LINE:004854,seasonal_rating_status,WINTER_DYNAMIC_AMBIENT_TEMPERATURE_RATING_APPLIED,DIRECT_PDIRD_WINTER_NOMINAL_CURRENT_APPLIED,CHANGED
lines,LINE:004855,parameter_source,"E-REDES PDIRD-E 2020 Annex B, 31-12-2025 planning table",https://www.e-redes.pt/sites/eredes/files/2022-07/PDIRD-E%202020%20proposta%20final.pdf,CHANGED
lines,LINE:004855,max_i_status,DIRECT_PDIRD_MINIMUM_SUMMER_NOMINAL_CURRENT,DIRECT_PDIRD_MINIMUM_WINTER_NOMINAL_CURRENT,CHANGED
lines,LINE:004855,max_i_ka,0.46115,0.451,CHANGED
lines,LINE:004855,seasonal_rating_status,WINTER_DYNAMIC_AMBIENT_TEMPERATURE_RATING_APPLIED,DIRECT_PDIRD_WINTER_NOMINAL_CURRENT_APPLIED,CHANGED
lines,LINE:004867,parameter_source,"E-REDES PDIRD-E 2020 Annex B, 31-12-2025 planning table",https://www.e-redes.pt/sites/eredes/files/2022-07/PDIRD-E%202020%20proposta%20final.pdf,CHANGED
lines,LINE:004867,max_i_status,DIRECT_PDIRD_MINIMUM_SUMMER_NOMINAL_CURRENT,DIRECT_PDIRD_MINIMUM_WINTER_NOMINAL_CURRENT,CHANGED
lines,LINE:004867,max_i_ka,1.3938,1.372,CHANGED
lines,LINE:004867,seasonal_rating_status,WINTER_DYNAMIC_AMBIENT_TEMPERATURE_RATING_APPLIED,DIRECT_PDIRD_WINTER_NOMINAL_CURRENT_APPLIED,CHANGED
lines,LINE:004874,parameter_source,"E-REDES PDIRD-E 2020 Annex B, 31-12-2025 planning table",https://www.e-redes.pt/sites/eredes/files/2022-07/PDIRD-E%202020%20proposta%20final.pdf,CHANGED
lines,LINE:004874,max_i_status,DIRECT_PDIRD_MINIMUM_SUMMER_NOMINAL_CURRENT,DIRECT_PDIRD_MINIMUM_WINTER_NOMINAL_CURRENT,CHANGED
lines,LINE:004874,max_i_ka,0.6014499999999999,0.686,CHANGED
lines,LINE:004874,seasonal_rating_status,WINTER_DYNAMIC_AMBIENT_TEMPERATURE_RATING_APPLIED,DIRECT_PDIRD_WINTER_NOMINAL_CURRENT_APPLIED,CHANGED
lines,LINE:004878,parameter_source,"E-REDES PDIRD-E 2020 Annex B, 31-12-2025 planning table",https://www.e-redes.pt/sites/eredes/files/2022-07/PDIRD-E%202020%20proposta%20final.pdf,CHANGED
lines,LINE:004878,max_i_status,DIRECT_PDIRD_MINIMUM_SUMMER_NOMINAL_CURRENT,DIRECT_PDIRD_MINIMUM_WINTER_NOMINAL_CURRENT,CHANGED
lines,LINE:004878,max_i_ka,0.6969,0.686,CHANGED
lines,LINE:004878,seasonal_rating_status,WINTER_DYNAMIC_AMBIENT_TEMPERATURE_RATING_APPLIED,DIRECT_PDIRD_WINTER_NOMINAL_CURRENT_APPLIED,CHANGED
lines,LINE:004879,parameter_source,"E-REDES PDIRD-E 2020 Annex B, 31-12-2025 planning table",https://www.e-redes.pt/sites/eredes/files/2022-07/PDIRD-E%202020%20proposta%20final.pdf,CHANGED
lines,LINE:004879,max_i_status,DIRECT_PDIRD_MINIMUM_SUMMER_NOMINAL_CURRENT,DIRECT_PDIRD_MINIMUM_WINTER_NOMINAL_CURRENT,CHANGED
lines,LINE:004879,max_i_ka,0.6969,0.686,CHANGED
lines,LINE:004879,seasonal_rating_status,WINTER_DYNAMIC_AMBIENT_TEMPERATURE_RATING_APPLIED,DIRECT_PDIRD_WINTER_NOMINAL_CURRENT_APPLIED,CHANGED
lines,LINE:004890,parameter_source,"E-REDES PDIRD-E 2020 Annex B, 31-12-2025 planning table",https://www.e-redes.pt/sites/eredes/files/2022-07/PDIRD-E%202020%20proposta%20final.pdf,CHANGED
lines,LINE:004890,max_i_status,DIRECT_PDIRD_MINIMUM_SUMMER_NOMINAL_CURRENT,DIRECT_PDIRD_MINIMUM_WINTER_NOMINAL_CURRENT,CHANGED
lines,LINE:004890,max_i_ka,0.6969,0.686,CHANGED
lines,LINE:004890,seasonal_rating_status,WINTER_DYNAMIC_AMBIENT_TEMPERATURE_RATING_APPLIED,DIRECT_PDIRD_WINTER_NOMINAL_CURRENT_APPLIED,CHANGED
lines,LINE:004893,parameter_source,"E-REDES PDIRD-E 2020 Annex B, 31-12-2025 planning table",https://www.e-redes.pt/sites/eredes/files/2022-07/PDIRD-E%202020%20proposta%20final.pdf,CHANGED
lines,LINE:004893,max_i_status,DIRECT_PDIRD_MINIMUM_SUMMER_NOMINAL_CURRENT,DIRECT_PDIRD_MINIMUM_WINTER_NOMINAL_CURRENT,CHANGED
lines,LINE:004893,max_i_ka,0.6969,0.686,CHANGED
lines,LINE:004893,seasonal_rating_status,WINTER_DYNAMIC_AMBIENT_TEMPERATURE_RATING_APPLIED,DIRECT_PDIRD_WINTER_NOMINAL_CURRENT_APPLIED,CHANGED
lines,LINE:004894,parameter_source,"E-REDES PDIRD-E 2020 Annex B, 31-12-2025 planning table",https://www.e-redes.pt/sites/eredes/files/2022-07/PDIRD-E%202020%20proposta%20final.pdf,CHANGED
lines,LINE:004894,max_i_status,DIRECT_PDIRD_MINIMUM_SUMMER_NOMINAL_CURRENT,DIRECT_PDIRD_MINIMUM_WINTER_NOMINAL_CURRENT,CHANGED
lines,LINE:004894,max_i_ka,0.6014499999999999,0.723,CHANGED
lines,LINE:004894,seasonal_rating_status,WINTER_DYNAMIC_AMBIENT_TEMPERATURE_RATING_APPLIED,DIRECT_PDIRD_WINTER_NOMINAL_CURRENT_APPLIED,CHANGED
lines,LINE:004896,parameter_source,"E-REDES PDIRD-E 2020 Annex B, 31-12-2025 planning table",https://www.e-redes.pt/sites/eredes/files/2022-07/PDIRD-E%202020%20proposta%20final.pdf,CHANGED
lines,LINE:004896,max_i_status,DIRECT_PDIRD_MINIMUM_SUMMER_NOMINAL_CURRENT,DIRECT_PDIRD_MINIMUM_WINTER_NOMINAL_CURRENT,CHANGED
lines,LINE:004896,max_i_ka,0.88435,1.089,CHANGED
lines,LINE:004896,seasonal_rating_status,WINTER_DYNAMIC_AMBIENT_TEMPERATURE_RATING_APPLIED,DIRECT_PDIRD_WINTER_NOMINAL_CURRENT_APPLIED,CHANGED
lines,LINE:004902,parameter_source,"E-REDES PDIRD-E 2020 Annex B, 31-12-2025 planning table",https://www.e-redes.pt/sites/eredes/files/2022-07/PDIRD-E%202020%20proposta%20final.pdf,CHANGED
lines,LINE:004902,max_i_status,DIRECT_PDIRD_MINIMUM_SUMMER_NOMINAL_CURRENT,DIRECT_PDIRD_MINIMUM_WINTER_NOMINAL_CURRENT,CHANGED
lines,LINE:004902,max_i_ka,0.5450999999999999,0.582,CHANGED
lines,LINE:004902,seasonal_rating_status,WINTER_DYNAMIC_AMBIENT_TEMPERATURE_RATING_APPLIED,DIRECT_PDIRD_WINTER_NOMINAL_CURRENT_APPLIED,CHANGED
lines,LINE:004925,parameter_source,"E-REDES PDIRD-E 2020 Annex B, 31-12-2025 planning table",https://www.e-redes.pt/sites/eredes/files/2022-07/PDIRD-E%202020%20proposta%20final.pdf,CHANGED
lines,LINE:004925,max_i_status,DIRECT_PDIRD_MINIMUM_SUMMER_NOMINAL_CURRENT,DIRECT_PDIRD_MINIMUM_WINTER_NOMINAL_CURRENT,CHANGED
lines,LINE:004925,max_i_ka,0.30015,0.362,CHANGED
lines,LINE:004925,seasonal_rating_status,WINTER_DYNAMIC_AMBIENT_TEMPERATURE_RATING_APPLIED,DIRECT_PDIRD_WINTER_NOMINAL_CURRENT_APPLIED,CHANGED
lines,LINE:004934,parameter_source,"E-REDES PDIRD-E 2020 Annex B, 31-12-2025 planning table",https://www.e-redes.pt/sites/eredes/files/2022-07/PDIRD-E%202020%20proposta%20final.pdf,CHANGED
lines,LINE:004934,max_i_status,DIRECT_PDIRD_MINIMUM_SUMMER_NOMINAL_CURRENT,DIRECT_PDIRD_MINIMUM_WINTER_NOMINAL_CURRENT,CHANGED
lines,LINE:004934,max_i_ka,0.6014499999999999,0.686,CHANGED
lines,LINE:004934,seasonal_rating_status,WINTER_DYNAMIC_AMBIENT_TEMPERATURE_RATING_APPLIED,DIRECT_PDIRD_WINTER_NOMINAL_CURRENT_APPLIED,CHANGED
lines,LINE:004935,parameter_source,"E-REDES PDIRD-E 2020 Annex B, 31-12-2025 planning table",https://www.e-redes.pt/sites/eredes/files/2022-07/PDIRD-E%202020%20proposta%20final.pdf,CHANGED
lines,LINE:004935,max_i_status,DIRECT_PDIRD_MINIMUM_SUMMER_NOMINAL_CURRENT,DIRECT_PDIRD_MINIMUM_WINTER_NOMINAL_CURRENT,CHANGED
lines,LINE:004935,max_i_ka,0.6014499999999999,0.686,CHANGED
lines,LINE:004935,seasonal_rating_status,WINTER_DYNAMIC_AMBIENT_TEMPERATURE_RATING_APPLIED,DIRECT_PDIRD_WINTER_NOMINAL_CURRENT_APPLIED,CHANGED
lines,LINE:004936,parameter_source,"E-REDES PDIRD-E 2020 Annex B, 31-12-2025 planning table",https://www.e-redes.pt/sites/eredes/files/2022-07/PDIRD-E%202020%20proposta%20final.pdf,CHANGED
lines,LINE:004936,max_i_status,DIRECT_PDIRD_MINIMUM_SUMMER_NOMINAL_CURRENT,DIRECT_PDIRD_MINIMUM_WINTER_NOMINAL_CURRENT,CHANGED
lines,LINE:004936,max_i_ka,0.6014499999999999,0.686,CHANGED
lines,LINE:004936,seasonal_rating_status,WINTER_DYNAMIC_AMBIENT_TEMPERATURE_RATING_APPLIED,DIRECT_PDIRD_WINTER_NOMINAL_CURRENT_APPLIED,CHANGED
lines,LINE:004937,parameter_source,"E-REDES PDIRD-E 2020 Annex B, 31-12-2025 planning table",https://www.e-redes.pt/sites/eredes/files/2022-07/PDIRD-E%202020%20proposta%20final.pdf,CHANGED
lines,LINE:004937,max_i_status,DIRECT_PDIRD_MINIMUM_SUMMER_NOMINAL_CURRENT,DIRECT_PDIRD_MINIMUM_WINTER_NOMINAL_CURRENT,CHANGED
lines,LINE:004937,max_i_ka,0.6014499999999999,0.686,CHANGED
lines,LINE:004937,seasonal_rating_status,WINTER_DYNAMIC_AMBIENT_TEMPERATURE_RATING_APPLIED,DIRECT_PDIRD_WINTER_NOMINAL_CURRENT_APPLIED,CHANGED
lines,LINE:004947,parameter_source,"E-REDES PDIRD-E 2020 Annex B, 31-12-2025 planning table",https://www.e-redes.pt/sites/eredes/files/2022-07/PDIRD-E%202020%20proposta%20final.pdf,CHANGED
lines,LINE:004947,max_i_status,DIRECT_PDIRD_MINIMUM_SUMMER_NOMINAL_CURRENT,DIRECT_PDIRD_MINIMUM_WINTER_NOMINAL_CURRENT,CHANGED
lines,LINE:004947,max_i_ka,0.6014499999999999,0.723,CHANGED
lines,LINE:004947,seasonal_rating_status,WINTER_DYNAMIC_AMBIENT_TEMPERATURE_RATING_APPLIED,DIRECT_PDIRD_WINTER_NOMINAL_CURRENT_APPLIED,CHANGED
lines,LINE:004948,parameter_source,"E-REDES PDIRD-E 2020 Annex B, 31-12-2025 planning table",https://www.e-redes.pt/sites/eredes/files/2022-07/PDIRD-E%202020%20proposta%20final.pdf,CHANGED
lines,LINE:004948,max_i_status,DIRECT_PDIRD_MINIMUM_SUMMER_NOMINAL_CURRENT,DIRECT_PDIRD_MINIMUM_WINTER_NOMINAL_CURRENT,CHANGED
lines,LINE:004948,max_i_ka,0.6014499999999999,0.723,CHANGED
lines,LINE:004948,seasonal_rating_status,WINTER_DYNAMIC_AMBIENT_TEMPERATURE_RATING_APPLIED,DIRECT_PDIRD_WINTER_NOMINAL_CURRENT_APPLIED,CHANGED
lines,LINE:004955,parameter_source,"E-REDES PDIRD-E 2020 Annex B, 31-12-2025 planning table",https://www.e-redes.pt/sites/eredes/files/2022-07/PDIRD-E%202020%20proposta%20final.pdf,CHANGED
lines,LINE:004955,max_i_status,DIRECT_PDIRD_MINIMUM_SUMMER_NOMINAL_CURRENT,DIRECT_PDIRD_MINIMUM_WINTER_NOMINAL_CURRENT,CHANGED
lines,LINE:004955,max_i_ka,0.6014499999999999,0.723,CHANGED
lines,LINE:004955,seasonal_rating_status,WINTER_DYNAMIC_AMBIENT_TEMPERATURE_RATING_APPLIED,DIRECT_PDIRD_WINTER_NOMINAL_CURRENT_APPLIED,CHANGED
lines,LINE:004956,parameter_source,"E-REDES PDIRD-E 2020 Annex B, 31-12-2025 planning table",https://www.e-redes.pt/sites/eredes/files/2022-07/PDIRD-E%202020%20proposta%20final.pdf,CHANGED
lines,LINE:004956,max_i_status,DIRECT_PDIRD_MINIMUM_SUMMER_NOMINAL_CURRENT,DIRECT_PDIRD_MINIMUM_WINTER_NOMINAL_CURRENT,CHANGED
lines,LINE:004956,max_i_ka,0.46115,0.451,CHANGED
lines,LINE:004956,seasonal_rating_status,WINTER_DYNAMIC_AMBIENT_TEMPERATURE_RATING_APPLIED,DIRECT_PDIRD_WINTER_NOMINAL_CURRENT_APPLIED,CHANGED
lines,LINE:004957,parameter_source,"E-REDES PDIRD-E 2020 Annex B, 31-12-2025 planning table",https://www.e-redes.pt/sites/eredes/files/2022-07/PDIRD-E%202020%20proposta%20final.pdf,CHANGED
lines,LINE:004957,max_i_status,DIRECT_PDIRD_MINIMUM_SUMMER_NOMINAL_CURRENT,DIRECT_PDIRD_MINIMUM_WINTER_NOMINAL_CURRENT,CHANGED
lines,LINE:004957,max_i_ka,0.46115,0.451,CHANGED
lines,LINE:004957,seasonal_rating_status,WINTER_DYNAMIC_AMBIENT_TEMPERATURE_RATING_APPLIED,DIRECT_PDIRD_WINTER_NOMINAL_CURRENT_APPLIED,CHANGED
lines,LINE:004958,parameter_source,"E-REDES PDIRD-E 2020 Annex B, 31-12-2025 planning table",https://www.e-redes.pt/sites/eredes/files/2022-07/PDIRD-E%202020%20proposta%20final.pdf,CHANGED
lines,LINE:004958,max_i_status,DIRECT_PDIRD_MINIMUM_SUMMER_NOMINAL_CURRENT,DIRECT_PDIRD_MINIMUM_WINTER_NOMINAL_CURRENT,CHANGED
lines,LINE:004958,max_i_ka,0.46115,0.451,CHANGED
lines,LINE:004958,seasonal_rating_status,WINTER_DYNAMIC_AMBIENT_TEMPERATURE_RATING_APPLIED,DIRECT_PDIRD_WINTER_NOMINAL_CURRENT_APPLIED,CHANGED
lines,LINE:004973,parameter_source,"E-REDES PDIRD-E 2020 Annex B, 31-12-2025 planning table",https://www.e-redes.pt/sites/eredes/files/2022-07/PDIRD-E%202020%20proposta%20final.pdf,CHANGED
lines,LINE:004973,max_i_status,DIRECT_PDIRD_MINIMUM_SUMMER_NOMINAL_CURRENT,DIRECT_PDIRD_MINIMUM_WINTER_NOMINAL_CURRENT,CHANGED
lines,LINE:004973,max_i_ka,0.6969,0.686,CHANGED
lines,LINE:004973,seasonal_rating_status,WINTER_DYNAMIC_AMBIENT_TEMPERATURE_RATING_APPLIED,DIRECT_PDIRD_WINTER_NOMINAL_CURRENT_APPLIED,CHANGED
lines,LINE:004974,parameter_source,"E-REDES PDIRD-E 2020 Annex B, 31-12-2025 planning table",https://www.e-redes.pt/sites/eredes/files/2022-07/PDIRD-E%202020%20proposta%20final.pdf,CHANGED
lines,LINE:004974,max_i_status,DIRECT_PDIRD_MINIMUM_SUMMER_NOMINAL_CURRENT,DIRECT_PDIRD_MINIMUM_WINTER_NOMINAL_CURRENT,CHANGED
lines,LINE:004974,max_i_ka,0.68885,0.686,CHANGED
lines,LINE:004974,seasonal_rating_status,WINTER_DYNAMIC_AMBIENT_TEMPERATURE_RATING_APPLIED,DIRECT_PDIRD_WINTER_NOMINAL_CURRENT_APPLIED,CHANGED
lines,LINE:004976,parameter_source,"E-REDES PDIRD-E 2020 Annex B, 31-12-2025 planning table",https://www.e-redes.pt/sites/eredes/files/2022-07/PDIRD-E%202020%20proposta%20final.pdf,CHANGED
lines,LINE:004976,max_i_status,DIRECT_PDIRD_MINIMUM_SUMMER_NOMINAL_CURRENT,DIRECT_PDIRD_MINIMUM_WINTER_NOMINAL_CURRENT,CHANGED
lines,LINE:004976,max_i_ka,0.68885,0.686,CHANGED
lines,LINE:004976,seasonal_rating_status,WINTER_DYNAMIC_AMBIENT_TEMPERATURE_RATING_APPLIED,DIRECT_PDIRD_WINTER_NOMINAL_CURRENT_APPLIED,CHANGED
lines,LINE:004978,parameter_source,"E-REDES PDIRD-E 2020 Annex B, 31-12-2025 planning table",https://www.e-redes.pt/sites/eredes/files/2022-07/PDIRD-E%202020%20proposta%20final.pdf,CHANGED
lines,LINE:004978,max_i_status,DIRECT_PDIRD_MINIMUM_SUMMER_NOMINAL_CURRENT,DIRECT_PDIRD_MINIMUM_WINTER_NOMINAL_CURRENT,CHANGED
lines,LINE:004978,max_i_ka,0.4416,0.544,CHANGED
lines,LINE:004978,seasonal_rating_status,WINTER_DYNAMIC_AMBIENT_TEMPERATURE_RATING_APPLIED,DIRECT_PDIRD_WINTER_NOMINAL_CURRENT_APPLIED,CHANGED
lines,LINE:004980,parameter_source,"E-REDES PDIRD-E 2020 Annex B, 31-12-2025 planning table",https://www.e-redes.pt/sites/eredes/files/2022-07/PDIRD-E%202020%20proposta%20final.pdf,CHANGED
lines,LINE:004980,max_i_status,DIRECT_PDIRD_MINIMUM_SUMMER_NOMINAL_CURRENT,DIRECT_PDIRD_MINIMUM_WINTER_NOMINAL_CURRENT,CHANGED
lines,LINE:004980,max_i_ka,0.46115,0.451,CHANGED
lines,LINE:004980,seasonal_rating_status,WINTER_DYNAMIC_AMBIENT_TEMPERATURE_RATING_APPLIED,DIRECT_PDIRD_WINTER_NOMINAL_CURRENT_APPLIED,CHANGED
lines,LINE:004982,parameter_source,"E-REDES PDIRD-E 2020 Annex B, 31-12-2025 planning table",https://www.e-redes.pt/sites/eredes/files/2022-07/PDIRD-E%202020%20proposta%20final.pdf,CHANGED
lines,LINE:004982,max_i_status,DIRECT_PDIRD_MINIMUM_SUMMER_NOMINAL_CURRENT,DIRECT_PDIRD_MINIMUM_WINTER_NOMINAL_CURRENT,CHANGED
lines,LINE:004982,max_i_ka,0.30015,0.362,CHANGED
lines,LINE:004982,seasonal_rating_status,WINTER_DYNAMIC_AMBIENT_TEMPERATURE_RATING_APPLIED,DIRECT_PDIRD_WINTER_NOMINAL_CURRENT_APPLIED,CHANGED
lines,LINE:004983,parameter_source,"E-REDES PDIRD-E 2020 Annex B, 31-12-2025 planning table",https://www.e-redes.pt/sites/eredes/files/2022-07/PDIRD-E%202020%20proposta%20final.pdf,CHANGED
lines,LINE:004983,max_i_status,DIRECT_PDIRD_MINIMUM_SUMMER_NOMINAL_CURRENT,DIRECT_PDIRD_MINIMUM_WINTER_NOMINAL_CURRENT,CHANGED
lines,LINE:004983,max_i_ka,0.6969,0.686,CHANGED
lines,LINE:004983,seasonal_rating_status,WINTER_DYNAMIC_AMBIENT_TEMPERATURE_RATING_APPLIED,DIRECT_PDIRD_WINTER_NOMINAL_CURRENT_APPLIED,CHANGED
lines,LINE:004984,parameter_source,"E-REDES PDIRD-E 2020 Annex B, 31-12-2025 planning table",https://www.e-redes.pt/sites/eredes/files/2022-07/PDIRD-E%202020%20proposta%20final.pdf,CHANGED
lines,LINE:004984,max_i_status,DIRECT_PDIRD_MINIMUM_SUMMER_NOMINAL_CURRENT,DIRECT_PDIRD_MINIMUM_WINTER_NOMINAL_CURRENT,CHANGED
lines,LINE:004984,max_i_ka,0.7566999999999999,0.921,CHANGED
lines,LINE:004984,seasonal_rating_status,WINTER_DYNAMIC_AMBIENT_TEMPERATURE_RATING_APPLIED,DIRECT_PDIRD_WINTER_NOMINAL_CURRENT_APPLIED,CHANGED
lines,LINE:004986,parameter_source,"E-REDES PDIRD-E 2020 Annex B, 31-12-2025 planning table",https://www.e-redes.pt/sites/eredes/files/2022-07/PDIRD-E%202020%20proposta%20final.pdf,CHANGED
lines,LINE:004986,max_i_status,DIRECT_PDIRD_MINIMUM_SUMMER_NOMINAL_CURRENT,DIRECT_PDIRD_MINIMUM_WINTER_NOMINAL_CURRENT,CHANGED
lines,LINE:004986,max_i_ka,0.4416,0.544,CHANGED
lines,LINE:004986,seasonal_rating_status,WINTER_DYNAMIC_AMBIENT_TEMPERATURE_RATING_APPLIED,DIRECT_PDIRD_WINTER_NOMINAL_CURRENT_APPLIED,CHANGED
lines,LINE:004987,parameter_source,"E-REDES PDIRD-E 2020 Annex B, 31-12-2025 planning table",https://www.e-redes.pt/sites/eredes/files/2022-07/PDIRD-E%202020%20proposta%20final.pdf,CHANGED
lines,LINE:004987,max_i_status,DIRECT_PDIRD_MINIMUM_SUMMER_NOMINAL_CURRENT,DIRECT_PDIRD_MINIMUM_WINTER_NOMINAL_CURRENT,CHANGED
lines,LINE:004987,max_i_ka,0.37834999999999996,0.461,CHANGED
lines,LINE:004987,seasonal_rating_status,WINTER_DYNAMIC_AMBIENT_TEMPERATURE_RATING_APPLIED,DIRECT_PDIRD_WINTER_NOMINAL_CURRENT_APPLIED,CHANGED
lines,LINE:004994,parameter_source,"E-REDES PDIRD-E 2020 Annex B, 31-12-2025 planning table",https://www.e-redes.pt/sites/eredes/files/2022-07/PDIRD-E%202020%20proposta%20final.pdf,CHANGED
lines,LINE:004994,max_i_status,DIRECT_PDIRD_MINIMUM_SUMMER_NOMINAL_CURRENT,DIRECT_PDIRD_MINIMUM_WINTER_NOMINAL_CURRENT,CHANGED
lines,LINE:004994,max_i_ka,0.6969,0.686,CHANGED
lines,LINE:004994,seasonal_rating_status,WINTER_DYNAMIC_AMBIENT_TEMPERATURE_RATING_APPLIED,DIRECT_PDIRD_WINTER_NOMINAL_CURRENT_APPLIED,CHANGED
lines,LINE:004995,parameter_source,"E-REDES PDIRD-E 2020 Annex B, 31-12-2025 planning table",https://www.e-redes.pt/sites/eredes/files/2022-07/PDIRD-E%202020%20proposta%20final.pdf,CHANGED
lines,LINE:004995,max_i_status,DIRECT_PDIRD_MINIMUM_SUMMER_NOMINAL_CURRENT,DIRECT_PDIRD_MINIMUM_WINTER_NOMINAL_CURRENT,CHANGED
lines,LINE:004995,max_i_ka,0.6969,0.686,CHANGED
lines,LINE:004995,seasonal_rating_status,WINTER_DYNAMIC_AMBIENT_TEMPERATURE_RATING_APPLIED,DIRECT_PDIRD_WINTER_NOMINAL_CURRENT_APPLIED,CHANGED
lines,LINE:004996,parameter_source,"E-REDES PDIRD-E 2020 Annex B, 31-12-2025 planning table",https://www.e-redes.pt/sites/eredes/files/2022-07/PDIRD-E%202020%20proposta%20final.pdf,CHANGED
lines,LINE:004996,max_i_status,DIRECT_PDIRD_MINIMUM_SUMMER_NOMINAL_CURRENT,DIRECT_PDIRD_MINIMUM_WINTER_NOMINAL_CURRENT,CHANGED
lines,LINE:004996,max_i_ka,0.46115,0.451,CHANGED
lines,LINE:004996,seasonal_rating_status,WINTER_DYNAMIC_AMBIENT_TEMPERATURE_RATING_APPLIED,DIRECT_PDIRD_WINTER_NOMINAL_CURRENT_APPLIED,CHANGED
lines,LINE:004997,parameter_source,"E-REDES PDIRD-E 2020 Annex B, 31-12-2025 planning table",https://www.e-redes.pt/sites/eredes/files/2022-07/PDIRD-E%202020%20proposta%20final.pdf,CHANGED
lines,LINE:004997,max_i_status,DIRECT_PDIRD_MINIMUM_SUMMER_NOMINAL_CURRENT,DIRECT_PDIRD_MINIMUM_WINTER_NOMINAL_CURRENT,CHANGED
lines,LINE:004997,max_i_ka,0.7244999999999999,0.77,CHANGED
lines,LINE:004997,seasonal_rating_status,WINTER_DYNAMIC_AMBIENT_TEMPERATURE_RATING_APPLIED,DIRECT_PDIRD_WINTER_NOMINAL_CURRENT_APPLIED,CHANGED
lines,LINE:005002,parameter_source,"E-REDES PDIRD-E 2020 Annex B, 31-12-2025 planning table",https://www.e-redes.pt/sites/eredes/files/2022-07/PDIRD-E%202020%20proposta%20final.pdf,CHANGED
lines,LINE:005002,max_i_status,DIRECT_PDIRD_MINIMUM_SUMMER_NOMINAL_CURRENT,DIRECT_PDIRD_MINIMUM_WINTER_NOMINAL_CURRENT,CHANGED
lines,LINE:005002,max_i_ka,0.68885,0.74,CHANGED
lines,LINE:005002,seasonal_rating_status,WINTER_DYNAMIC_AMBIENT_TEMPERATURE_RATING_APPLIED,DIRECT_PDIRD_WINTER_NOMINAL_CURRENT_APPLIED,CHANGED
lines,LINE:005004,parameter_source,"E-REDES PDIRD-E 2020 Annex B, 31-12-2025 planning table",https://www.e-redes.pt/sites/eredes/files/2022-07/PDIRD-E%202020%20proposta%20final.pdf,CHANGED
lines,LINE:005004,max_i_status,DIRECT_PDIRD_MINIMUM_SUMMER_NOMINAL_CURRENT,DIRECT_PDIRD_MINIMUM_WINTER_NOMINAL_CURRENT,CHANGED
lines,LINE:005004,max_i_ka,0.68885,0.74,CHANGED
lines,LINE:005004,seasonal_rating_status,WINTER_DYNAMIC_AMBIENT_TEMPERATURE_RATING_APPLIED,DIRECT_PDIRD_WINTER_NOMINAL_CURRENT_APPLIED,CHANGED
lines,LINE:005005,parameter_source,"E-REDES PDIRD-E 2020 Annex B, 31-12-2025 planning table",https://www.e-redes.pt/sites/eredes/files/2022-07/PDIRD-E%202020%20proposta%20final.pdf,CHANGED
lines,LINE:005005,max_i_status,DIRECT_PDIRD_MINIMUM_SUMMER_NOMINAL_CURRENT,DIRECT_PDIRD_MINIMUM_WINTER_NOMINAL_CURRENT,CHANGED
lines,LINE:005005,max_i_ka,0.68885,0.74,CHANGED
lines,LINE:005005,seasonal_rating_status,WINTER_DYNAMIC_AMBIENT_TEMPERATURE_RATING_APPLIED,DIRECT_PDIRD_WINTER_NOMINAL_CURRENT_APPLIED,CHANGED
lines,LINE:005006,parameter_source,"E-REDES PDIRD-E 2020 Annex B, 31-12-2025 planning table",https://www.e-redes.pt/sites/eredes/files/2022-07/PDIRD-E%202020%20proposta%20final.pdf,CHANGED
lines,LINE:005006,max_i_status,DIRECT_PDIRD_MINIMUM_SUMMER_NOMINAL_CURRENT,DIRECT_PDIRD_MINIMUM_WINTER_NOMINAL_CURRENT,CHANGED
lines,LINE:005006,max_i_ka,0.68885,0.74,CHANGED
lines,LINE:005006,seasonal_rating_status,WINTER_DYNAMIC_AMBIENT_TEMPERATURE_RATING_APPLIED,DIRECT_PDIRD_WINTER_NOMINAL_CURRENT_APPLIED,CHANGED
lines,LINE:005012,parameter_source,"E-REDES PDIRD-E 2020 Annex B, 31-12-2025 planning table",https://www.e-redes.pt/sites/eredes/files/2022-07/PDIRD-E%202020%20proposta%20final.pdf,CHANGED
lines,LINE:005012,max_i_status,DIRECT_PDIRD_MINIMUM_SUMMER_NOMINAL_CURRENT,DIRECT_PDIRD_MINIMUM_WINTER_NOMINAL_CURRENT,CHANGED
lines,LINE:005012,max_i_ka,0.6969,0.686,CHANGED
lines,LINE:005012,seasonal_rating_status,WINTER_DYNAMIC_AMBIENT_TEMPERATURE_RATING_APPLIED,DIRECT_PDIRD_WINTER_NOMINAL_CURRENT_APPLIED,CHANGED
lines,LINE:005021,parameter_source,"E-REDES PDIRD-E 2020 Annex B, 31-12-2025 planning table",https://www.e-redes.pt/sites/eredes/files/2022-07/PDIRD-E%202020%20proposta%20final.pdf,CHANGED
lines,LINE:005021,max_i_status,DIRECT_PDIRD_MINIMUM_SUMMER_NOMINAL_CURRENT,DIRECT_PDIRD_MINIMUM_WINTER_NOMINAL_CURRENT,CHANGED
lines,LINE:005021,max_i_ka,0.9223,0.902,CHANGED
lines,LINE:005021,seasonal_rating_status,WINTER_DYNAMIC_AMBIENT_TEMPERATURE_RATING_APPLIED,DIRECT_PDIRD_WINTER_NOMINAL_CURRENT_APPLIED,CHANGED
lines,LINE:005022,parameter_source,"E-REDES PDIRD-E 2020 Annex B, 31-12-2025 planning table",https://www.e-redes.pt/sites/eredes/files/2022-07/PDIRD-E%202020%20proposta%20final.pdf,CHANGED
lines,LINE:005022,max_i_status,DIRECT_PDIRD_MINIMUM_SUMMER_NOMINAL_CURRENT,DIRECT_PDIRD_MINIMUM_WINTER_NOMINAL_CURRENT,CHANGED
lines,LINE:005022,max_i_ka,0.8337499999999999,0.899,CHANGED
lines,LINE:005022,seasonal_rating_status,WINTER_DYNAMIC_AMBIENT_TEMPERATURE_RATING_APPLIED,DIRECT_PDIRD_WINTER_NOMINAL_CURRENT_APPLIED,CHANGED
lines,LINE:005023,parameter_source,"E-REDES PDIRD-E 2020 Annex B, 31-12-2025 planning table",https://www.e-redes.pt/sites/eredes/files/2022-07/PDIRD-E%202020%20proposta%20final.pdf,CHANGED
lines,LINE:005023,max_i_status,DIRECT_PDIRD_MINIMUM_SUMMER_NOMINAL_CURRENT,DIRECT_PDIRD_MINIMUM_WINTER_NOMINAL_CURRENT,CHANGED
lines,LINE:005023,max_i_ka,0.8337499999999999,0.899,CHANGED
lines,LINE:005023,seasonal_rating_status,WINTER_DYNAMIC_AMBIENT_TEMPERATURE_RATING_APPLIED,DIRECT_PDIRD_WINTER_NOMINAL_CURRENT_APPLIED,CHANGED
lines,LINE:005024,parameter_source,"E-REDES PDIRD-E 2020 Annex B, 31-12-2025 planning table",https://www.e-redes.pt/sites/eredes/files/2022-07/PDIRD-E%202020%20proposta%20final.pdf,CHANGED
lines,LINE:005024,max_i_status,DIRECT_PDIRD_MINIMUM_SUMMER_NOMINAL_CURRENT,DIRECT_PDIRD_MINIMUM_WINTER_NOMINAL_CURRENT,CHANGED
lines,LINE:005024,max_i_ka,0.88435,1.089,CHANGED
lines,LINE:005024,seasonal_rating_status,WINTER_DYNAMIC_AMBIENT_TEMPERATURE_RATING_APPLIED,DIRECT_PDIRD_WINTER_NOMINAL_CURRENT_APPLIED,CHANGED
lines,LINE:005026,parameter_source,"E-REDES PDIRD-E 2020 Annex B, 31-12-2025 planning table",https://www.e-redes.pt/sites/eredes/files/2022-07/PDIRD-E%202020%20proposta%20final.pdf,CHANGED
lines,LINE:005026,max_i_status,DIRECT_PDIRD_MINIMUM_SUMMER_NOMINAL_CURRENT,DIRECT_PDIRD_MINIMUM_WINTER_NOMINAL_CURRENT,CHANGED
lines,LINE:005026,max_i_ka,0.8337499999999999,0.899,CHANGED
lines,LINE:005026,seasonal_rating_status,WINTER_DYNAMIC_AMBIENT_TEMPERATURE_RATING_APPLIED,DIRECT_PDIRD_WINTER_NOMINAL_CURRENT_APPLIED,CHANGED
lines,LINE:005030,parameter_source,"E-REDES PDIRD-E 2020 Annex B, 31-12-2025 planning table",https://www.e-redes.pt/sites/eredes/files/2022-07/PDIRD-E%202020%20proposta%20final.pdf,CHANGED
lines,LINE:005030,max_i_status,DIRECT_PDIRD_MINIMUM_SUMMER_NOMINAL_CURRENT,DIRECT_PDIRD_MINIMUM_WINTER_NOMINAL_CURRENT,CHANGED
lines,LINE:005030,max_i_ka,0.6969,0.686,CHANGED
lines,LINE:005030,seasonal_rating_status,WINTER_DYNAMIC_AMBIENT_TEMPERATURE_RATING_APPLIED,DIRECT_PDIRD_WINTER_NOMINAL_CURRENT_APPLIED,CHANGED
lines,LINE:005031,parameter_source,"E-REDES PDIRD-E 2020 Annex B, 31-12-2025 planning table",https://www.e-redes.pt/sites/eredes/files/2022-07/PDIRD-E%202020%20proposta%20final.pdf,CHANGED
lines,LINE:005031,max_i_status,DIRECT_PDIRD_MINIMUM_SUMMER_NOMINAL_CURRENT,DIRECT_PDIRD_MINIMUM_WINTER_NOMINAL_CURRENT,CHANGED
lines,LINE:005031,max_i_ka,0.6969,0.686,CHANGED
lines,LINE:005031,seasonal_rating_status,WINTER_DYNAMIC_AMBIENT_TEMPERATURE_RATING_APPLIED,DIRECT_PDIRD_WINTER_NOMINAL_CURRENT_APPLIED,CHANGED
lines,LINE:005033,parameter_source,"E-REDES PDIRD-E 2020 Annex B, 31-12-2025 planning table",https://www.e-redes.pt/sites/eredes/files/2022-07/PDIRD-E%202020%20proposta%20final.pdf,CHANGED
lines,LINE:005033,max_i_status,DIRECT_PDIRD_MINIMUM_SUMMER_NOMINAL_CURRENT,DIRECT_PDIRD_MINIMUM_WINTER_NOMINAL_CURRENT,CHANGED
lines,LINE:005033,max_i_ka,0.6969,0.686,CHANGED
lines,LINE:005033,seasonal_rating_status,WINTER_DYNAMIC_AMBIENT_TEMPERATURE_RATING_APPLIED,DIRECT_PDIRD_WINTER_NOMINAL_CURRENT_APPLIED,CHANGED
lines,LINE:005038,parameter_source,"E-REDES PDIRD-E 2020 Annex B, 31-12-2025 planning table",https://www.e-redes.pt/sites/eredes/files/2022-07/PDIRD-E%202020%20proposta%20final.pdf,CHANGED
lines,LINE:005038,max_i_status,DIRECT_PDIRD_MINIMUM_SUMMER_NOMINAL_CURRENT,DIRECT_PDIRD_MINIMUM_WINTER_NOMINAL_CURRENT,CHANGED
lines,LINE:005038,max_i_ka,0.46115,0.451,CHANGED
lines,LINE:005038,seasonal_rating_status,WINTER_DYNAMIC_AMBIENT_TEMPERATURE_RATING_APPLIED,DIRECT_PDIRD_WINTER_NOMINAL_CURRENT_APPLIED,CHANGED
lines,LINE:005039,parameter_source,"E-REDES PDIRD-E 2020 Annex B, 31-12-2025 planning table",https://www.e-redes.pt/sites/eredes/files/2022-07/PDIRD-E%202020%20proposta%20final.pdf,CHANGED
lines,LINE:005039,max_i_status,DIRECT_PDIRD_MINIMUM_SUMMER_NOMINAL_CURRENT,DIRECT_PDIRD_MINIMUM_WINTER_NOMINAL_CURRENT,CHANGED
lines,LINE:005039,max_i_ka,0.46115,0.451,CHANGED
lines,LINE:005039,seasonal_rating_status,WINTER_DYNAMIC_AMBIENT_TEMPERATURE_RATING_APPLIED,DIRECT_PDIRD_WINTER_NOMINAL_CURRENT_APPLIED,CHANGED
lines,LINE:005042,parameter_source,"E-REDES PDIRD-E 2020 Annex B, 31-12-2025 planning table",https://www.e-redes.pt/sites/eredes/files/2022-07/PDIRD-E%202020%20proposta%20final.pdf,CHANGED
lines,LINE:005042,max_i_status,DIRECT_PDIRD_MINIMUM_SUMMER_NOMINAL_CURRENT,DIRECT_PDIRD_MINIMUM_WINTER_NOMINAL_CURRENT,CHANGED
lines,LINE:005042,max_i_ka,0.7566999999999999,0.921,CHANGED
lines,LINE:005042,seasonal_rating_status,WINTER_DYNAMIC_AMBIENT_TEMPERATURE_RATING_APPLIED,DIRECT_PDIRD_WINTER_NOMINAL_CURRENT_APPLIED,CHANGED
lines,LINE:005044,parameter_source,"E-REDES PDIRD-E 2020 Annex B, 31-12-2025 planning table",https://www.e-redes.pt/sites/eredes/files/2022-07/PDIRD-E%202020%20proposta%20final.pdf,CHANGED
lines,LINE:005044,max_i_status,DIRECT_PDIRD_MINIMUM_SUMMER_NOMINAL_CURRENT,DIRECT_PDIRD_MINIMUM_WINTER_NOMINAL_CURRENT,CHANGED
lines,LINE:005044,max_i_ka,0.6969,0.686,CHANGED
lines,LINE:005044,seasonal_rating_status,WINTER_DYNAMIC_AMBIENT_TEMPERATURE_RATING_APPLIED,DIRECT_PDIRD_WINTER_NOMINAL_CURRENT_APPLIED,CHANGED
lines,LINE:005055,parameter_source,"E-REDES PDIRD-E 2020 Annex B, 31-12-2025 planning table",https://www.e-redes.pt/sites/eredes/files/2022-07/PDIRD-E%202020%20proposta%20final.pdf,CHANGED
lines,LINE:005055,max_i_status,DIRECT_PDIRD_MINIMUM_SUMMER_NOMINAL_CURRENT,DIRECT_PDIRD_MINIMUM_WINTER_NOMINAL_CURRENT,CHANGED
lines,LINE:005055,max_i_ka,0.6969,0.686,CHANGED
lines,LINE:005055,seasonal_rating_status,WINTER_DYNAMIC_AMBIENT_TEMPERATURE_RATING_APPLIED,DIRECT_PDIRD_WINTER_NOMINAL_CURRENT_APPLIED,CHANGED
lines,LINE:005056,parameter_source,"E-REDES PDIRD-E 2020 Annex B, 31-12-2025 planning table",https://www.e-redes.pt/sites/eredes/files/2022-07/PDIRD-E%202020%20proposta%20final.pdf,CHANGED
lines,LINE:005056,max_i_status,DIRECT_PDIRD_MINIMUM_SUMMER_NOMINAL_CURRENT,DIRECT_PDIRD_MINIMUM_WINTER_NOMINAL_CURRENT,CHANGED
lines,LINE:005056,max_i_ka,0.6969,0.686,CHANGED
lines,LINE:005056,seasonal_rating_status,WINTER_DYNAMIC_AMBIENT_TEMPERATURE_RATING_APPLIED,DIRECT_PDIRD_WINTER_NOMINAL_CURRENT_APPLIED,CHANGED
lines,LINE:005058,parameter_source,"E-REDES PDIRD-E 2020 Annex B, 31-12-2025 planning table",https://www.e-redes.pt/sites/eredes/files/2022-07/PDIRD-E%202020%20proposta%20final.pdf,CHANGED
lines,LINE:005058,max_i_status,DIRECT_PDIRD_MINIMUM_SUMMER_NOMINAL_CURRENT,DIRECT_PDIRD_MINIMUM_WINTER_NOMINAL_CURRENT,CHANGED
lines,LINE:005058,max_i_ka,1.3938,1.372,CHANGED
lines,LINE:005058,seasonal_rating_status,WINTER_DYNAMIC_AMBIENT_TEMPERATURE_RATING_APPLIED,DIRECT_PDIRD_WINTER_NOMINAL_CURRENT_APPLIED,CHANGED
lines,LINE:005059,parameter_source,"E-REDES PDIRD-E 2020 Annex B, 31-12-2025 planning table",https://www.e-redes.pt/sites/eredes/files/2022-07/PDIRD-E%202020%20proposta%20final.pdf,CHANGED
lines,LINE:005059,max_i_status,DIRECT_PDIRD_MINIMUM_SUMMER_NOMINAL_CURRENT,DIRECT_PDIRD_MINIMUM_WINTER_NOMINAL_CURRENT,CHANGED
lines,LINE:005059,max_i_ka,1.3938,1.372,CHANGED
lines,LINE:005059,seasonal_rating_status,WINTER_DYNAMIC_AMBIENT_TEMPERATURE_RATING_APPLIED,DIRECT_PDIRD_WINTER_NOMINAL_CURRENT_APPLIED,CHANGED
lines,LINE:005060,parameter_source,"E-REDES PDIRD-E 2020 Annex B, 31-12-2025 planning table",https://www.e-redes.pt/sites/eredes/files/2022-07/PDIRD-E%202020%20proposta%20final.pdf,CHANGED
lines,LINE:005060,max_i_status,DIRECT_PDIRD_MINIMUM_SUMMER_NOMINAL_CURRENT,DIRECT_PDIRD_MINIMUM_WINTER_NOMINAL_CURRENT,CHANGED
lines,LINE:005060,max_i_ka,0.46115,0.451,CHANGED
lines,LINE:005060,seasonal_rating_status,WINTER_DYNAMIC_AMBIENT_TEMPERATURE_RATING_APPLIED,DIRECT_PDIRD_WINTER_NOMINAL_CURRENT_APPLIED,CHANGED
lines,LINE:005061,parameter_source,"E-REDES PDIRD-E 2020 Annex B, 31-12-2025 planning table",https://www.e-redes.pt/sites/eredes/files/2022-07/PDIRD-E%202020%20proposta%20final.pdf,CHANGED
lines,LINE:005061,max_i_status,DIRECT_PDIRD_MINIMUM_SUMMER_NOMINAL_CURRENT,DIRECT_PDIRD_MINIMUM_WINTER_NOMINAL_CURRENT,CHANGED
lines,LINE:005061,max_i_ka,1.3938,1.372,CHANGED
lines,LINE:005061,seasonal_rating_status,WINTER_DYNAMIC_AMBIENT_TEMPERATURE_RATING_APPLIED,DIRECT_PDIRD_WINTER_NOMINAL_CURRENT_APPLIED,CHANGED
lines,LINE:005062,parameter_source,"E-REDES PDIRD-E 2020 Annex B, 31-12-2025 planning table",https://www.e-redes.pt/sites/eredes/files/2022-07/PDIRD-E%202020%20proposta%20final.pdf,CHANGED
lines,LINE:005062,max_i_status,DIRECT_PDIRD_MINIMUM_SUMMER_NOMINAL_CURRENT,DIRECT_PDIRD_MINIMUM_WINTER_NOMINAL_CURRENT,CHANGED
lines,LINE:005062,max_i_ka,0.6969,0.686,CHANGED
lines,LINE:005062,seasonal_rating_status,WINTER_DYNAMIC_AMBIENT_TEMPERATURE_RATING_APPLIED,DIRECT_PDIRD_WINTER_NOMINAL_CURRENT_APPLIED,CHANGED
lines,LINE:005064,parameter_source,"E-REDES PDIRD-E 2020 Annex B, 31-12-2025 planning table",https://www.e-redes.pt/sites/eredes/files/2022-07/PDIRD-E%202020%20proposta%20final.pdf,CHANGED
lines,LINE:005064,max_i_status,DIRECT_PDIRD_MINIMUM_SUMMER_NOMINAL_CURRENT,DIRECT_PDIRD_MINIMUM_WINTER_NOMINAL_CURRENT,CHANGED
lines,LINE:005064,max_i_ka,0.49565,0.615,CHANGED
lines,LINE:005064,seasonal_rating_status,WINTER_DYNAMIC_AMBIENT_TEMPERATURE_RATING_APPLIED,DIRECT_PDIRD_WINTER_NOMINAL_CURRENT_APPLIED,CHANGED
lines,LINE:005069,parameter_source,"E-REDES PDIRD-E 2020 Annex B, 31-12-2025 planning table",https://www.e-redes.pt/sites/eredes/files/2022-07/PDIRD-E%202020%20proposta%20final.pdf,CHANGED
lines,LINE:005069,max_i_status,DIRECT_PDIRD_MINIMUM_SUMMER_NOMINAL_CURRENT,DIRECT_PDIRD_MINIMUM_WINTER_NOMINAL_CURRENT,CHANGED
lines,LINE:005069,max_i_ka,0.46115,0.451,CHANGED
lines,LINE:005069,seasonal_rating_status,WINTER_DYNAMIC_AMBIENT_TEMPERATURE_RATING_APPLIED,DIRECT_PDIRD_WINTER_NOMINAL_CURRENT_APPLIED,CHANGED
lines,LINE:005074,parameter_source,"E-REDES PDIRD-E 2020 Annex B, 31-12-2025 planning table",https://www.e-redes.pt/sites/eredes/files/2022-07/PDIRD-E%202020%20proposta%20final.pdf,CHANGED
lines,LINE:005074,max_i_status,DIRECT_PDIRD_MINIMUM_SUMMER_NOMINAL_CURRENT,DIRECT_PDIRD_MINIMUM_WINTER_NOMINAL_CURRENT,CHANGED
lines,LINE:005074,max_i_ka,0.46115,0.451,CHANGED
lines,LINE:005074,seasonal_rating_status,WINTER_DYNAMIC_AMBIENT_TEMPERATURE_RATING_APPLIED,DIRECT_PDIRD_WINTER_NOMINAL_CURRENT_APPLIED,CHANGED
lines,LINE:005078,parameter_source,"E-REDES PDIRD-E 2020 Annex B, 31-12-2025 planning table",https://www.e-redes.pt/sites/eredes/files/2022-07/PDIRD-E%202020%20proposta%20final.pdf,CHANGED
lines,LINE:005078,max_i_status,DIRECT_PDIRD_MINIMUM_SUMMER_NOMINAL_CURRENT,DIRECT_PDIRD_MINIMUM_WINTER_NOMINAL_CURRENT,CHANGED
lines,LINE:005078,max_i_ka,0.5450999999999999,0.582,CHANGED
lines,LINE:005078,seasonal_rating_status,WINTER_DYNAMIC_AMBIENT_TEMPERATURE_RATING_APPLIED,DIRECT_PDIRD_WINTER_NOMINAL_CURRENT_APPLIED,CHANGED
lines,LINE:005079,parameter_source,"E-REDES PDIRD-E 2020 Annex B, 31-12-2025 planning table",https://www.e-redes.pt/sites/eredes/files/2022-07/PDIRD-E%202020%20proposta%20final.pdf,CHANGED
lines,LINE:005079,max_i_status,DIRECT_PDIRD_MINIMUM_SUMMER_NOMINAL_CURRENT,DIRECT_PDIRD_MINIMUM_WINTER_NOMINAL_CURRENT,CHANGED
lines,LINE:005079,max_i_ka,0.5450999999999999,0.582,CHANGED
lines,LINE:005079,seasonal_rating_status,WINTER_DYNAMIC_AMBIENT_TEMPERATURE_RATING_APPLIED,DIRECT_PDIRD_WINTER_NOMINAL_CURRENT_APPLIED,CHANGED
lines,LINE:005096,parameter_source,"E-REDES PDIRD-E 2020 Annex B, 31-12-2025 planning table",https://www.e-redes.pt/sites/eredes/files/2022-07/PDIRD-E%202020%20proposta%20final.pdf,CHANGED
lines,LINE:005096,max_i_status,DIRECT_PDIRD_MINIMUM_SUMMER_NOMINAL_CURRENT,DIRECT_PDIRD_MINIMUM_WINTER_NOMINAL_CURRENT,CHANGED
lines,LINE:005096,max_i_ka,0.6969,0.686,CHANGED
lines,LINE:005096,seasonal_rating_status,WINTER_DYNAMIC_AMBIENT_TEMPERATURE_RATING_APPLIED,DIRECT_PDIRD_WINTER_NOMINAL_CURRENT_APPLIED,CHANGED
lines,LINE:005114,parameter_source,"E-REDES PDIRD-E 2020 Annex B, 31-12-2025 planning table",https://www.e-redes.pt/sites/eredes/files/2022-07/PDIRD-E%202020%20proposta%20final.pdf,CHANGED
lines,LINE:005114,max_i_status,DIRECT_PDIRD_MINIMUM_SUMMER_NOMINAL_CURRENT,DIRECT_PDIRD_MINIMUM_WINTER_NOMINAL_CURRENT,CHANGED
lines,LINE:005114,max_i_ka,0.6969,0.686,CHANGED
lines,LINE:005114,seasonal_rating_status,WINTER_DYNAMIC_AMBIENT_TEMPERATURE_RATING_APPLIED,DIRECT_PDIRD_WINTER_NOMINAL_CURRENT_APPLIED,CHANGED
lines,LINE:005115,parameter_source,"E-REDES PDIRD-E 2020 Annex B, 31-12-2025 planning table",https://www.e-redes.pt/sites/eredes/files/2022-07/PDIRD-E%202020%20proposta%20final.pdf,CHANGED
lines,LINE:005115,max_i_status,DIRECT_PDIRD_MINIMUM_SUMMER_NOMINAL_CURRENT,DIRECT_PDIRD_MINIMUM_WINTER_NOMINAL_CURRENT,CHANGED
lines,LINE:005115,max_i_ka,0.6969,0.686,CHANGED
lines,LINE:005115,seasonal_rating_status,WINTER_DYNAMIC_AMBIENT_TEMPERATURE_RATING_APPLIED,DIRECT_PDIRD_WINTER_NOMINAL_CURRENT_APPLIED,CHANGED
lines,LINE:005122,parameter_source,"E-REDES PDIRD-E 2020 Annex B, 31-12-2025 planning table",https://www.e-redes.pt/sites/eredes/files/2022-07/PDIRD-E%202020%20proposta%20final.pdf,CHANGED
lines,LINE:005122,max_i_status,DIRECT_PDIRD_MINIMUM_SUMMER_NOMINAL_CURRENT,DIRECT_PDIRD_MINIMUM_WINTER_NOMINAL_CURRENT,CHANGED
lines,LINE:005122,max_i_ka,0.88435,1.089,CHANGED
lines,LINE:005122,seasonal_rating_status,WINTER_DYNAMIC_AMBIENT_TEMPERATURE_RATING_APPLIED,DIRECT_PDIRD_WINTER_NOMINAL_CURRENT_APPLIED,CHANGED
lines,LINE:005125,parameter_source,"E-REDES PDIRD-E 2020 Annex B, 31-12-2025 planning table",https://www.e-redes.pt/sites/eredes/files/2022-07/PDIRD-E%202020%20proposta%20final.pdf,CHANGED
lines,LINE:005125,max_i_status,DIRECT_PDIRD_MINIMUM_SUMMER_NOMINAL_CURRENT,DIRECT_PDIRD_MINIMUM_WINTER_NOMINAL_CURRENT,CHANGED
lines,LINE:005125,max_i_ka,0.4416,0.544,CHANGED
lines,LINE:005125,seasonal_rating_status,WINTER_DYNAMIC_AMBIENT_TEMPERATURE_RATING_APPLIED,DIRECT_PDIRD_WINTER_NOMINAL_CURRENT_APPLIED,CHANGED
lines,LINE:005128,parameter_source,"E-REDES PDIRD-E 2020 Annex B, 31-12-2025 planning table",https://www.e-redes.pt/sites/eredes/files/2022-07/PDIRD-E%202020%20proposta%20final.pdf,CHANGED
lines,LINE:005128,max_i_status,DIRECT_PDIRD_MINIMUM_SUMMER_NOMINAL_CURRENT,DIRECT_PDIRD_MINIMUM_WINTER_NOMINAL_CURRENT,CHANGED
lines,LINE:005128,max_i_ka,0.6014499999999999,0.686,CHANGED
lines,LINE:005128,seasonal_rating_status,WINTER_DYNAMIC_AMBIENT_TEMPERATURE_RATING_APPLIED,DIRECT_PDIRD_WINTER_NOMINAL_CURRENT_APPLIED,CHANGED
lines,LINE:005136,parameter_source,"E-REDES PDIRD-E 2020 Annex B, 31-12-2025 planning table",https://www.e-redes.pt/sites/eredes/files/2022-07/PDIRD-E%202020%20proposta%20final.pdf,CHANGED
lines,LINE:005136,max_i_status,DIRECT_PDIRD_MINIMUM_SUMMER_NOMINAL_CURRENT,DIRECT_PDIRD_MINIMUM_WINTER_NOMINAL_CURRENT,CHANGED
lines,LINE:005136,max_i_ka,1.3938,1.372,CHANGED
lines,LINE:005136,seasonal_rating_status,WINTER_DYNAMIC_AMBIENT_TEMPERATURE_RATING_APPLIED,DIRECT_PDIRD_WINTER_NOMINAL_CURRENT_APPLIED,CHANGED
lines,LINE:005137,parameter_source,"E-REDES PDIRD-E 2020 Annex B, 31-12-2025 planning table",https://www.e-redes.pt/sites/eredes/files/2022-07/PDIRD-E%202020%20proposta%20final.pdf,CHANGED
lines,LINE:005137,max_i_status,DIRECT_PDIRD_MINIMUM_SUMMER_NOMINAL_CURRENT,DIRECT_PDIRD_MINIMUM_WINTER_NOMINAL_CURRENT,CHANGED
lines,LINE:005137,max_i_ka,0.6014499999999999,0.686,CHANGED
lines,LINE:005137,seasonal_rating_status,WINTER_DYNAMIC_AMBIENT_TEMPERATURE_RATING_APPLIED,DIRECT_PDIRD_WINTER_NOMINAL_CURRENT_APPLIED,CHANGED
lines,LINE:005138,parameter_source,"E-REDES PDIRD-E 2020 Annex B, 31-12-2025 planning table",https://www.e-redes.pt/sites/eredes/files/2022-07/PDIRD-E%202020%20proposta%20final.pdf,CHANGED
lines,LINE:005138,max_i_status,DIRECT_PDIRD_MINIMUM_SUMMER_NOMINAL_CURRENT,DIRECT_PDIRD_MINIMUM_WINTER_NOMINAL_CURRENT,CHANGED
lines,LINE:005138,max_i_ka,1.3938,1.372,CHANGED
lines,LINE:005138,seasonal_rating_status,WINTER_DYNAMIC_AMBIENT_TEMPERATURE_RATING_APPLIED,DIRECT_PDIRD_WINTER_NOMINAL_CURRENT_APPLIED,CHANGED
lines,LINE:005139,parameter_source,"E-REDES PDIRD-E 2020 Annex B, 31-12-2025 planning table",https://www.e-redes.pt/sites/eredes/files/2022-07/PDIRD-E%202020%20proposta%20final.pdf,CHANGED
lines,LINE:005139,max_i_status,DIRECT_PDIRD_MINIMUM_SUMMER_NOMINAL_CURRENT,DIRECT_PDIRD_MINIMUM_WINTER_NOMINAL_CURRENT,CHANGED
lines,LINE:005139,max_i_ka,1.3938,1.372,CHANGED
lines,LINE:005139,seasonal_rating_status,WINTER_DYNAMIC_AMBIENT_TEMPERATURE_RATING_APPLIED,DIRECT_PDIRD_WINTER_NOMINAL_CURRENT_APPLIED,CHANGED
lines,LINE:005140,parameter_source,"E-REDES PDIRD-E 2020 Annex B, 31-12-2025 planning table",https://www.e-redes.pt/sites/eredes/files/2022-07/PDIRD-E%202020%20proposta%20final.pdf,CHANGED
lines,LINE:005140,max_i_status,DIRECT_PDIRD_MINIMUM_SUMMER_NOMINAL_CURRENT,DIRECT_PDIRD_MINIMUM_WINTER_NOMINAL_CURRENT,CHANGED
lines,LINE:005140,max_i_ka,1.3938,1.372,CHANGED
lines,LINE:005140,seasonal_rating_status,WINTER_DYNAMIC_AMBIENT_TEMPERATURE_RATING_APPLIED,DIRECT_PDIRD_WINTER_NOMINAL_CURRENT_APPLIED,CHANGED
lines,LINE:005152,parameter_source,"E-REDES PDIRD-E 2020 Annex B, 31-12-2025 planning table",https://www.e-redes.pt/sites/eredes/files/2022-07/PDIRD-E%202020%20proposta%20final.pdf,CHANGED
lines,LINE:005152,max_i_status,DIRECT_PDIRD_MINIMUM_SUMMER_NOMINAL_CURRENT,DIRECT_PDIRD_MINIMUM_WINTER_NOMINAL_CURRENT,CHANGED
lines,LINE:005152,max_i_ka,0.49565,0.615,CHANGED
lines,LINE:005152,seasonal_rating_status,WINTER_DYNAMIC_AMBIENT_TEMPERATURE_RATING_APPLIED,DIRECT_PDIRD_WINTER_NOMINAL_CURRENT_APPLIED,CHANGED
lines,LINE:005159,parameter_source,"E-REDES PDIRD-E 2020 Annex B, 31-12-2025 planning table",https://www.e-redes.pt/sites/eredes/files/2022-07/PDIRD-E%202020%20proposta%20final.pdf,CHANGED
lines,LINE:005159,max_i_status,DIRECT_PDIRD_MINIMUM_SUMMER_NOMINAL_CURRENT,DIRECT_PDIRD_MINIMUM_WINTER_NOMINAL_CURRENT,CHANGED
lines,LINE:005159,max_i_ka,0.46115,0.451,CHANGED
lines,LINE:005159,seasonal_rating_status,WINTER_DYNAMIC_AMBIENT_TEMPERATURE_RATING_APPLIED,DIRECT_PDIRD_WINTER_NOMINAL_CURRENT_APPLIED,CHANGED
lines,LINE:005164,parameter_source,"E-REDES PDIRD-E 2020 Annex B, 31-12-2025 planning table",https://www.e-redes.pt/sites/eredes/files/2022-07/PDIRD-E%202020%20proposta%20final.pdf,CHANGED
lines,LINE:005164,max_i_status,DIRECT_PDIRD_MINIMUM_SUMMER_NOMINAL_CURRENT,DIRECT_PDIRD_MINIMUM_WINTER_NOMINAL_CURRENT,CHANGED
lines,LINE:005164,max_i_ka,0.6014499999999999,0.723,CHANGED
lines,LINE:005164,seasonal_rating_status,WINTER_DYNAMIC_AMBIENT_TEMPERATURE_RATING_APPLIED,DIRECT_PDIRD_WINTER_NOMINAL_CURRENT_APPLIED,CHANGED
lines,LINE:005165,parameter_source,"E-REDES PDIRD-E 2020 Annex B, 31-12-2025 planning table",https://www.e-redes.pt/sites/eredes/files/2022-07/PDIRD-E%202020%20proposta%20final.pdf,CHANGED
lines,LINE:005165,max_i_status,DIRECT_PDIRD_MINIMUM_SUMMER_NOMINAL_CURRENT,DIRECT_PDIRD_MINIMUM_WINTER_NOMINAL_CURRENT,CHANGED
lines,LINE:005165,max_i_ka,0.46115,0.451,CHANGED
lines,LINE:005165,seasonal_rating_status,WINTER_DYNAMIC_AMBIENT_TEMPERATURE_RATING_APPLIED,DIRECT_PDIRD_WINTER_NOMINAL_CURRENT_APPLIED,CHANGED
lines,LINE:005167,parameter_source,"E-REDES PDIRD-E 2020 Annex B, 31-12-2025 planning table",https://www.e-redes.pt/sites/eredes/files/2022-07/PDIRD-E%202020%20proposta%20final.pdf,CHANGED
lines,LINE:005167,max_i_status,DIRECT_PDIRD_MINIMUM_SUMMER_NOMINAL_CURRENT,DIRECT_PDIRD_MINIMUM_WINTER_NOMINAL_CURRENT,CHANGED
lines,LINE:005167,max_i_ka,0.6969,0.686,CHANGED
lines,LINE:005167,seasonal_rating_status,WINTER_DYNAMIC_AMBIENT_TEMPERATURE_RATING_APPLIED,DIRECT_PDIRD_WINTER_NOMINAL_CURRENT_APPLIED,CHANGED
lines,LINE:005178,parameter_source,"E-REDES PDIRD-E 2020 Annex B, 31-12-2025 planning table",https://www.e-redes.pt/sites/eredes/files/2022-07/PDIRD-E%202020%20proposta%20final.pdf,CHANGED
lines,LINE:005178,max_i_status,DIRECT_PDIRD_MINIMUM_SUMMER_NOMINAL_CURRENT,DIRECT_PDIRD_MINIMUM_WINTER_NOMINAL_CURRENT,CHANGED
lines,LINE:005178,max_i_ka,0.30015,0.362,CHANGED
lines,LINE:005178,seasonal_rating_status,WINTER_DYNAMIC_AMBIENT_TEMPERATURE_RATING_APPLIED,DIRECT_PDIRD_WINTER_NOMINAL_CURRENT_APPLIED,CHANGED
lines,LINE:005179,parameter_source,"E-REDES PDIRD-E 2020 Annex B, 31-12-2025 planning table",https://www.e-redes.pt/sites/eredes/files/2022-07/PDIRD-E%202020%20proposta%20final.pdf,CHANGED
lines,LINE:005179,max_i_status,DIRECT_PDIRD_MINIMUM_SUMMER_NOMINAL_CURRENT,DIRECT_PDIRD_MINIMUM_WINTER_NOMINAL_CURRENT,CHANGED
lines,LINE:005179,max_i_ka,0.30015,0.362,CHANGED
lines,LINE:005179,seasonal_rating_status,WINTER_DYNAMIC_AMBIENT_TEMPERATURE_RATING_APPLIED,DIRECT_PDIRD_WINTER_NOMINAL_CURRENT_APPLIED,CHANGED
lines,LINE:005188,parameter_source,"E-REDES PDIRD-E 2020 Annex B, 31-12-2025 planning table",https://www.e-redes.pt/sites/eredes/files/2022-07/PDIRD-E%202020%20proposta%20final.pdf,CHANGED
lines,LINE:005188,max_i_status,DIRECT_PDIRD_MINIMUM_SUMMER_NOMINAL_CURRENT,DIRECT_PDIRD_MINIMUM_WINTER_NOMINAL_CURRENT,CHANGED
lines,LINE:005188,max_i_ka,0.6969,0.686,CHANGED
lines,LINE:005188,seasonal_rating_status,WINTER_DYNAMIC_AMBIENT_TEMPERATURE_RATING_APPLIED,DIRECT_PDIRD_WINTER_NOMINAL_CURRENT_APPLIED,CHANGED
lines,LINE:005195,parameter_source,"E-REDES PDIRD-E 2020 Annex B, 31-12-2025 planning table",https://www.e-redes.pt/sites/eredes/files/2022-07/PDIRD-E%202020%20proposta%20final.pdf,CHANGED
lines,LINE:005195,max_i_status,DIRECT_PDIRD_MINIMUM_SUMMER_NOMINAL_CURRENT,DIRECT_PDIRD_MINIMUM_WINTER_NOMINAL_CURRENT,CHANGED
lines,LINE:005195,max_i_ka,0.46115,0.451,CHANGED
lines,LINE:005195,seasonal_rating_status,WINTER_DYNAMIC_AMBIENT_TEMPERATURE_RATING_APPLIED,DIRECT_PDIRD_WINTER_NOMINAL_CURRENT_APPLIED,CHANGED
lines,LINE:005199,parameter_source,"E-REDES PDIRD-E 2020 Annex B, 31-12-2025 planning table",https://www.e-redes.pt/sites/eredes/files/2022-07/PDIRD-E%202020%20proposta%20final.pdf,CHANGED
lines,LINE:005199,max_i_status,DIRECT_PDIRD_MINIMUM_SUMMER_NOMINAL_CURRENT,DIRECT_PDIRD_MINIMUM_WINTER_NOMINAL_CURRENT,CHANGED
lines,LINE:005199,max_i_ka,0.6969,0.686,CHANGED
lines,LINE:005199,seasonal_rating_status,WINTER_DYNAMIC_AMBIENT_TEMPERATURE_RATING_APPLIED,DIRECT_PDIRD_WINTER_NOMINAL_CURRENT_APPLIED,CHANGED
lines,LINE:005205,parameter_source,"E-REDES PDIRD-E 2020 Annex B, 31-12-2025 planning table",https://www.e-redes.pt/sites/eredes/files/2022-07/PDIRD-E%202020%20proposta%20final.pdf,CHANGED
lines,LINE:005205,max_i_status,DIRECT_PDIRD_MINIMUM_SUMMER_NOMINAL_CURRENT,DIRECT_PDIRD_MINIMUM_WINTER_NOMINAL_CURRENT,CHANGED
lines,LINE:005205,max_i_ka,1.3938,1.372,CHANGED
lines,LINE:005205,seasonal_rating_status,WINTER_DYNAMIC_AMBIENT_TEMPERATURE_RATING_APPLIED,DIRECT_PDIRD_WINTER_NOMINAL_CURRENT_APPLIED,CHANGED
lines,LINE:005208,parameter_source,"E-REDES PDIRD-E 2020 Annex B, 31-12-2025 planning table",https://www.e-redes.pt/sites/eredes/files/2022-07/PDIRD-E%202020%20proposta%20final.pdf,CHANGED
lines,LINE:005208,max_i_status,DIRECT_PDIRD_MINIMUM_SUMMER_NOMINAL_CURRENT,DIRECT_PDIRD_MINIMUM_WINTER_NOMINAL_CURRENT,CHANGED
lines,LINE:005208,max_i_ka,0.49565,0.615,CHANGED
lines,LINE:005208,seasonal_rating_status,WINTER_DYNAMIC_AMBIENT_TEMPERATURE_RATING_APPLIED,DIRECT_PDIRD_WINTER_NOMINAL_CURRENT_APPLIED,CHANGED
lines,LINE:005218,parameter_source,"E-REDES PDIRD-E 2020 Annex B, 31-12-2025 planning table",https://www.e-redes.pt/sites/eredes/files/2022-07/PDIRD-E%202020%20proposta%20final.pdf,CHANGED
lines,LINE:005218,max_i_status,DIRECT_PDIRD_MINIMUM_SUMMER_NOMINAL_CURRENT,DIRECT_PDIRD_MINIMUM_WINTER_NOMINAL_CURRENT,CHANGED
lines,LINE:005218,max_i_ka,0.4416,0.544,CHANGED
lines,LINE:005218,seasonal_rating_status,WINTER_DYNAMIC_AMBIENT_TEMPERATURE_RATING_APPLIED,DIRECT_PDIRD_WINTER_NOMINAL_CURRENT_APPLIED,CHANGED
lines,LINE:005219,parameter_source,"E-REDES PDIRD-E 2020 Annex B, 31-12-2025 planning table",https://www.e-redes.pt/sites/eredes/files/2022-07/PDIRD-E%202020%20proposta%20final.pdf,CHANGED
lines,LINE:005219,max_i_status,DIRECT_PDIRD_MINIMUM_SUMMER_NOMINAL_CURRENT,DIRECT_PDIRD_MINIMUM_WINTER_NOMINAL_CURRENT,CHANGED
lines,LINE:005219,max_i_ka,0.4416,0.544,CHANGED
lines,LINE:005219,seasonal_rating_status,WINTER_DYNAMIC_AMBIENT_TEMPERATURE_RATING_APPLIED,DIRECT_PDIRD_WINTER_NOMINAL_CURRENT_APPLIED,CHANGED
lines,LINE:005228,parameter_source,"E-REDES PDIRD-E 2020 Annex B, 31-12-2025 planning table",https://www.e-redes.pt/sites/eredes/files/2022-07/PDIRD-E%202020%20proposta%20final.pdf,CHANGED
lines,LINE:005228,max_i_status,DIRECT_PDIRD_MINIMUM_SUMMER_NOMINAL_CURRENT,DIRECT_PDIRD_MINIMUM_WINTER_NOMINAL_CURRENT,CHANGED
lines,LINE:005228,max_i_ka,0.49565,0.615,CHANGED
lines,LINE:005228,seasonal_rating_status,WINTER_DYNAMIC_AMBIENT_TEMPERATURE_RATING_APPLIED,DIRECT_PDIRD_WINTER_NOMINAL_CURRENT_APPLIED,CHANGED
lines,LINE:005229,parameter_source,"E-REDES PDIRD-E 2020 Annex B, 31-12-2025 planning table",https://www.e-redes.pt/sites/eredes/files/2022-07/PDIRD-E%202020%20proposta%20final.pdf,CHANGED
lines,LINE:005229,max_i_status,DIRECT_PDIRD_MINIMUM_SUMMER_NOMINAL_CURRENT,DIRECT_PDIRD_MINIMUM_WINTER_NOMINAL_CURRENT,CHANGED
lines,LINE:005229,max_i_ka,0.49565,0.615,CHANGED
lines,LINE:005229,seasonal_rating_status,WINTER_DYNAMIC_AMBIENT_TEMPERATURE_RATING_APPLIED,DIRECT_PDIRD_WINTER_NOMINAL_CURRENT_APPLIED,CHANGED
lines,LINE:005248,parameter_source,"E-REDES PDIRD-E 2020 Annex B, 31-12-2025 planning table",https://www.e-redes.pt/sites/eredes/files/2022-07/PDIRD-E%202020%20proposta%20final.pdf,CHANGED
lines,LINE:005248,max_i_status,DIRECT_PDIRD_MINIMUM_SUMMER_NOMINAL_CURRENT,DIRECT_PDIRD_MINIMUM_WINTER_NOMINAL_CURRENT,CHANGED
lines,LINE:005248,max_i_ka,0.6969,0.686,CHANGED
lines,LINE:005248,seasonal_rating_status,WINTER_DYNAMIC_AMBIENT_TEMPERATURE_RATING_APPLIED,DIRECT_PDIRD_WINTER_NOMINAL_CURRENT_APPLIED,CHANGED
lines,LINE:005277,parameter_source,"E-REDES PDIRD-E 2020 Annex B, 31-12-2025 planning table",https://www.e-redes.pt/sites/eredes/files/2022-07/PDIRD-E%202020%20proposta%20final.pdf,CHANGED
lines,LINE:005277,max_i_status,DIRECT_PDIRD_MINIMUM_SUMMER_NOMINAL_CURRENT,DIRECT_PDIRD_MINIMUM_WINTER_NOMINAL_CURRENT,CHANGED
lines,LINE:005277,max_i_ka,0.5450999999999999,0.582,CHANGED
lines,LINE:005277,seasonal_rating_status,WINTER_DYNAMIC_AMBIENT_TEMPERATURE_RATING_APPLIED,DIRECT_PDIRD_WINTER_NOMINAL_CURRENT_APPLIED,CHANGED
lines,LINE:005278,parameter_source,"E-REDES PDIRD-E 2020 Annex B, 31-12-2025 planning table",https://www.e-redes.pt/sites/eredes/files/2022-07/PDIRD-E%202020%20proposta%20final.pdf,CHANGED
lines,LINE:005278,max_i_status,DIRECT_PDIRD_MINIMUM_SUMMER_NOMINAL_CURRENT,DIRECT_PDIRD_MINIMUM_WINTER_NOMINAL_CURRENT,CHANGED
lines,LINE:005278,max_i_ka,0.5450999999999999,0.582,CHANGED
lines,LINE:005278,seasonal_rating_status,WINTER_DYNAMIC_AMBIENT_TEMPERATURE_RATING_APPLIED,DIRECT_PDIRD_WINTER_NOMINAL_CURRENT_APPLIED,CHANGED
lines,LINE:005279,parameter_source,"E-REDES PDIRD-E 2020 Annex B, 31-12-2025 planning table",https://www.e-redes.pt/sites/eredes/files/2022-07/PDIRD-E%202020%20proposta%20final.pdf,CHANGED
lines,LINE:005279,max_i_status,DIRECT_PDIRD_MINIMUM_SUMMER_NOMINAL_CURRENT,DIRECT_PDIRD_MINIMUM_WINTER_NOMINAL_CURRENT,CHANGED
lines,LINE:005279,max_i_ka,0.5450999999999999,0.582,CHANGED
lines,LINE:005279,seasonal_rating_status,WINTER_DYNAMIC_AMBIENT_TEMPERATURE_RATING_APPLIED,DIRECT_PDIRD_WINTER_NOMINAL_CURRENT_APPLIED,CHANGED
lines,LINE:005280,parameter_source,"E-REDES PDIRD-E 2020 Annex B, 31-12-2025 planning table",https://www.e-redes.pt/sites/eredes/files/2022-07/PDIRD-E%202020%20proposta%20final.pdf,CHANGED
lines,LINE:005280,max_i_status,DIRECT_PDIRD_MINIMUM_SUMMER_NOMINAL_CURRENT,DIRECT_PDIRD_MINIMUM_WINTER_NOMINAL_CURRENT,CHANGED
lines,LINE:005280,max_i_ka,0.5450999999999999,0.582,CHANGED
lines,LINE:005280,seasonal_rating_status,WINTER_DYNAMIC_AMBIENT_TEMPERATURE_RATING_APPLIED,DIRECT_PDIRD_WINTER_NOMINAL_CURRENT_APPLIED,CHANGED
lines,LINE:005294,parameter_source,"E-REDES PDIRD-E 2020 Annex B, 31-12-2025 planning table",https://www.e-redes.pt/sites/eredes/files/2022-07/PDIRD-E%202020%20proposta%20final.pdf,CHANGED
lines,LINE:005294,max_i_status,DIRECT_PDIRD_MINIMUM_SUMMER_NOMINAL_CURRENT,DIRECT_PDIRD_MINIMUM_WINTER_NOMINAL_CURRENT,CHANGED
lines,LINE:005294,max_i_ka,0.30015,0.362,CHANGED
lines,LINE:005294,seasonal_rating_status,WINTER_DYNAMIC_AMBIENT_TEMPERATURE_RATING_APPLIED,DIRECT_PDIRD_WINTER_NOMINAL_CURRENT_APPLIED,CHANGED
lines,LINE:005295,parameter_source,"E-REDES PDIRD-E 2020 Annex B, 31-12-2025 planning table",https://www.e-redes.pt/sites/eredes/files/2022-07/PDIRD-E%202020%20proposta%20final.pdf,CHANGED
lines,LINE:005295,max_i_status,DIRECT_PDIRD_MINIMUM_SUMMER_NOMINAL_CURRENT,DIRECT_PDIRD_MINIMUM_WINTER_NOMINAL_CURRENT,CHANGED
lines,LINE:005295,max_i_ka,0.30015,0.362,CHANGED
lines,LINE:005295,seasonal_rating_status,WINTER_DYNAMIC_AMBIENT_TEMPERATURE_RATING_APPLIED,DIRECT_PDIRD_WINTER_NOMINAL_CURRENT_APPLIED,CHANGED
lines,LINE:005303,parameter_source,"E-REDES PDIRD-E 2020 Annex B, 31-12-2025 planning table",https://www.e-redes.pt/sites/eredes/files/2022-07/PDIRD-E%202020%20proposta%20final.pdf,CHANGED
lines,LINE:005303,max_i_status,DIRECT_PDIRD_MINIMUM_SUMMER_NOMINAL_CURRENT,DIRECT_PDIRD_MINIMUM_WINTER_NOMINAL_CURRENT,CHANGED
lines,LINE:005303,max_i_ka,0.68885,0.686,CHANGED
lines,LINE:005303,seasonal_rating_status,WINTER_DYNAMIC_AMBIENT_TEMPERATURE_RATING_APPLIED,DIRECT_PDIRD_WINTER_NOMINAL_CURRENT_APPLIED,CHANGED
lines,LINE:005312,parameter_source,"E-REDES PDIRD-E 2020 Annex B, 31-12-2025 planning table",https://www.e-redes.pt/sites/eredes/files/2022-07/PDIRD-E%202020%20proposta%20final.pdf,CHANGED
lines,LINE:005312,max_i_status,DIRECT_PDIRD_MINIMUM_SUMMER_NOMINAL_CURRENT,DIRECT_PDIRD_MINIMUM_WINTER_NOMINAL_CURRENT,CHANGED
lines,LINE:005312,max_i_ka,0.6969,0.686,CHANGED
lines,LINE:005312,seasonal_rating_status,WINTER_DYNAMIC_AMBIENT_TEMPERATURE_RATING_APPLIED,DIRECT_PDIRD_WINTER_NOMINAL_CURRENT_APPLIED,CHANGED
lines,LINE:005315,parameter_source,"E-REDES PDIRD-E 2020 Annex B, 31-12-2025 planning table",https://www.e-redes.pt/sites/eredes/files/2022-07/PDIRD-E%202020%20proposta%20final.pdf,CHANGED
lines,LINE:005315,max_i_status,DIRECT_PDIRD_MINIMUM_SUMMER_NOMINAL_CURRENT,DIRECT_PDIRD_MINIMUM_WINTER_NOMINAL_CURRENT,CHANGED
lines,LINE:005315,max_i_ka,0.6969,0.686,CHANGED
lines,LINE:005315,seasonal_rating_status,WINTER_DYNAMIC_AMBIENT_TEMPERATURE_RATING_APPLIED,DIRECT_PDIRD_WINTER_NOMINAL_CURRENT_APPLIED,CHANGED
lines,LINE:005320,parameter_source,"E-REDES PDIRD-E 2020 Annex B, 31-12-2025 planning table",https://www.e-redes.pt/sites/eredes/files/2022-07/PDIRD-E%202020%20proposta%20final.pdf,CHANGED
lines,LINE:005320,max_i_status,DIRECT_PDIRD_MINIMUM_SUMMER_NOMINAL_CURRENT,DIRECT_PDIRD_MINIMUM_WINTER_NOMINAL_CURRENT,CHANGED
lines,LINE:005320,max_i_ka,0.4416,0.544,CHANGED
lines,LINE:005320,seasonal_rating_status,WINTER_DYNAMIC_AMBIENT_TEMPERATURE_RATING_APPLIED,DIRECT_PDIRD_WINTER_NOMINAL_CURRENT_APPLIED,CHANGED
lines,LINE:005321,parameter_source,"E-REDES PDIRD-E 2020 Annex B, 31-12-2025 planning table",https://www.e-redes.pt/sites/eredes/files/2022-07/PDIRD-E%202020%20proposta%20final.pdf,CHANGED
lines,LINE:005321,max_i_status,DIRECT_PDIRD_MINIMUM_SUMMER_NOMINAL_CURRENT,DIRECT_PDIRD_MINIMUM_WINTER_NOMINAL_CURRENT,CHANGED
lines,LINE:005321,max_i_ka,0.46115,0.451,CHANGED
lines,LINE:005321,seasonal_rating_status,WINTER_DYNAMIC_AMBIENT_TEMPERATURE_RATING_APPLIED,DIRECT_PDIRD_WINTER_NOMINAL_CURRENT_APPLIED,CHANGED
lines,LINE:005330,parameter_source,"E-REDES PDIRD-E 2020 Annex B, 31-12-2025 planning table",https://www.e-redes.pt/sites/eredes/files/2022-07/PDIRD-E%202020%20proposta%20final.pdf,CHANGED
lines,LINE:005330,max_i_status,DIRECT_PDIRD_MINIMUM_SUMMER_NOMINAL_CURRENT,DIRECT_PDIRD_MINIMUM_WINTER_NOMINAL_CURRENT,CHANGED
lines,LINE:005330,max_i_ka,0.6969,0.686,CHANGED
lines,LINE:005330,seasonal_rating_status,WINTER_DYNAMIC_AMBIENT_TEMPERATURE_RATING_APPLIED,DIRECT_PDIRD_WINTER_NOMINAL_CURRENT_APPLIED,CHANGED
lines,LINE:005332,parameter_source,"E-REDES PDIRD-E 2020 Annex B, 31-12-2025 planning table",https://www.e-redes.pt/sites/eredes/files/2022-07/PDIRD-E%202020%20proposta%20final.pdf,CHANGED
lines,LINE:005332,max_i_status,DIRECT_PDIRD_MINIMUM_SUMMER_NOMINAL_CURRENT,DIRECT_PDIRD_MINIMUM_WINTER_NOMINAL_CURRENT,CHANGED
lines,LINE:005332,max_i_ka,0.4416,0.544,CHANGED
lines,LINE:005332,seasonal_rating_status,WINTER_DYNAMIC_AMBIENT_TEMPERATURE_RATING_APPLIED,DIRECT_PDIRD_WINTER_NOMINAL_CURRENT_APPLIED,CHANGED
lines,LINE:005337,parameter_source,"E-REDES PDIRD-E 2020 Annex B, 31-12-2025 planning table",https://www.e-redes.pt/sites/eredes/files/2022-07/PDIRD-E%202020%20proposta%20final.pdf,CHANGED
lines,LINE:005337,max_i_status,DIRECT_PDIRD_MINIMUM_SUMMER_NOMINAL_CURRENT,DIRECT_PDIRD_MINIMUM_WINTER_NOMINAL_CURRENT,CHANGED
lines,LINE:005337,max_i_ka,0.6014499999999999,0.723,CHANGED
lines,LINE:005337,seasonal_rating_status,WINTER_DYNAMIC_AMBIENT_TEMPERATURE_RATING_APPLIED,DIRECT_PDIRD_WINTER_NOMINAL_CURRENT_APPLIED,CHANGED
lines,LINE:005338,parameter_source,"E-REDES PDIRD-E 2020 Annex B, 31-12-2025 planning table",https://www.e-redes.pt/sites/eredes/files/2022-07/PDIRD-E%202020%20proposta%20final.pdf,CHANGED
lines,LINE:005338,max_i_status,DIRECT_PDIRD_MINIMUM_SUMMER_NOMINAL_CURRENT,DIRECT_PDIRD_MINIMUM_WINTER_NOMINAL_CURRENT,CHANGED
lines,LINE:005338,max_i_ka,0.6969,0.686,CHANGED
lines,LINE:005338,seasonal_rating_status,WINTER_DYNAMIC_AMBIENT_TEMPERATURE_RATING_APPLIED,DIRECT_PDIRD_WINTER_NOMINAL_CURRENT_APPLIED,CHANGED
lines,LINE:005346,parameter_source,"E-REDES PDIRD-E 2020 Annex B, 31-12-2025 planning table",https://www.e-redes.pt/sites/eredes/files/2022-07/PDIRD-E%202020%20proposta%20final.pdf,CHANGED
lines,LINE:005346,max_i_status,DIRECT_PDIRD_MINIMUM_SUMMER_NOMINAL_CURRENT,DIRECT_PDIRD_MINIMUM_WINTER_NOMINAL_CURRENT,CHANGED
lines,LINE:005346,max_i_ka,0.30015,0.362,CHANGED
lines,LINE:005346,seasonal_rating_status,WINTER_DYNAMIC_AMBIENT_TEMPERATURE_RATING_APPLIED,DIRECT_PDIRD_WINTER_NOMINAL_CURRENT_APPLIED,CHANGED
lines,LINE:005347,parameter_source,"E-REDES PDIRD-E 2020 Annex B, 31-12-2025 planning table",https://www.e-redes.pt/sites/eredes/files/2022-07/PDIRD-E%202020%20proposta%20final.pdf,CHANGED
lines,LINE:005347,max_i_status,DIRECT_PDIRD_MINIMUM_SUMMER_NOMINAL_CURRENT,DIRECT_PDIRD_MINIMUM_WINTER_NOMINAL_CURRENT,CHANGED
lines,LINE:005347,max_i_ka,0.30015,0.362,CHANGED
lines,LINE:005347,seasonal_rating_status,WINTER_DYNAMIC_AMBIENT_TEMPERATURE_RATING_APPLIED,DIRECT_PDIRD_WINTER_NOMINAL_CURRENT_APPLIED,CHANGED
lines,LINE:005360,parameter_source,"E-REDES PDIRD-E 2020 Annex B, 31-12-2025 planning table",https://www.e-redes.pt/sites/eredes/files/2022-07/PDIRD-E%202020%20proposta%20final.pdf,CHANGED
lines,LINE:005360,max_i_status,DIRECT_PDIRD_MINIMUM_SUMMER_NOMINAL_CURRENT,DIRECT_PDIRD_MINIMUM_WINTER_NOMINAL_CURRENT,CHANGED
lines,LINE:005360,max_i_ka,0.88435,1.089,CHANGED
lines,LINE:005360,seasonal_rating_status,WINTER_DYNAMIC_AMBIENT_TEMPERATURE_RATING_APPLIED,DIRECT_PDIRD_WINTER_NOMINAL_CURRENT_APPLIED,CHANGED
lines,LINE:005363,parameter_source,"E-REDES PDIRD-E 2020 Annex B, 31-12-2025 planning table",https://www.e-redes.pt/sites/eredes/files/2022-07/PDIRD-E%202020%20proposta%20final.pdf,CHANGED
lines,LINE:005363,max_i_status,DIRECT_PDIRD_MINIMUM_SUMMER_NOMINAL_CURRENT,DIRECT_PDIRD_MINIMUM_WINTER_NOMINAL_CURRENT,CHANGED
lines,LINE:005363,max_i_ka,0.88435,1.089,CHANGED
lines,LINE:005363,seasonal_rating_status,WINTER_DYNAMIC_AMBIENT_TEMPERATURE_RATING_APPLIED,DIRECT_PDIRD_WINTER_NOMINAL_CURRENT_APPLIED,CHANGED
lines,LINE:005365,parameter_source,"E-REDES PDIRD-E 2020 Annex B, 31-12-2025 planning table",https://www.e-redes.pt/sites/eredes/files/2022-07/PDIRD-E%202020%20proposta%20final.pdf,CHANGED
lines,LINE:005365,max_i_status,DIRECT_PDIRD_MINIMUM_SUMMER_NOMINAL_CURRENT,DIRECT_PDIRD_MINIMUM_WINTER_NOMINAL_CURRENT,CHANGED
lines,LINE:005365,max_i_ka,0.4416,0.544,CHANGED
lines,LINE:005365,seasonal_rating_status,WINTER_DYNAMIC_AMBIENT_TEMPERATURE_RATING_APPLIED,DIRECT_PDIRD_WINTER_NOMINAL_CURRENT_APPLIED,CHANGED
lines,LINE:005366,parameter_source,"E-REDES PDIRD-E 2020 Annex B, 31-12-2025 planning table",https://www.e-redes.pt/sites/eredes/files/2022-07/PDIRD-E%202020%20proposta%20final.pdf,CHANGED
lines,LINE:005366,max_i_status,DIRECT_PDIRD_MINIMUM_SUMMER_NOMINAL_CURRENT,DIRECT_PDIRD_MINIMUM_WINTER_NOMINAL_CURRENT,CHANGED
lines,LINE:005366,max_i_ka,0.37374999999999997,0.386,CHANGED
lines,LINE:005366,seasonal_rating_status,WINTER_DYNAMIC_AMBIENT_TEMPERATURE_RATING_APPLIED,DIRECT_PDIRD_WINTER_NOMINAL_CURRENT_APPLIED,CHANGED
lines,LINE:005368,parameter_source,"E-REDES PDIRD-E 2020 Annex B, 31-12-2025 planning table",https://www.e-redes.pt/sites/eredes/files/2022-07/PDIRD-E%202020%20proposta%20final.pdf,CHANGED
lines,LINE:005368,max_i_status,DIRECT_PDIRD_MINIMUM_SUMMER_NOMINAL_CURRENT,DIRECT_PDIRD_MINIMUM_WINTER_NOMINAL_CURRENT,CHANGED
lines,LINE:005368,max_i_ka,0.6969,0.686,CHANGED
lines,LINE:005368,seasonal_rating_status,WINTER_DYNAMIC_AMBIENT_TEMPERATURE_RATING_APPLIED,DIRECT_PDIRD_WINTER_NOMINAL_CURRENT_APPLIED,CHANGED
lines,LINE:005369,parameter_source,"E-REDES PDIRD-E 2020 Annex B, 31-12-2025 planning table",https://www.e-redes.pt/sites/eredes/files/2022-07/PDIRD-E%202020%20proposta%20final.pdf,CHANGED
lines,LINE:005369,max_i_status,DIRECT_PDIRD_MINIMUM_SUMMER_NOMINAL_CURRENT,DIRECT_PDIRD_MINIMUM_WINTER_NOMINAL_CURRENT,CHANGED
lines,LINE:005369,max_i_ka,0.46115,0.451,CHANGED
lines,LINE:005369,seasonal_rating_status,WINTER_DYNAMIC_AMBIENT_TEMPERATURE_RATING_APPLIED,DIRECT_PDIRD_WINTER_NOMINAL_CURRENT_APPLIED,CHANGED
lines,LINE:005370,parameter_source,"E-REDES PDIRD-E 2020 Annex B, 31-12-2025 planning table",https://www.e-redes.pt/sites/eredes/files/2022-07/PDIRD-E%202020%20proposta%20final.pdf,CHANGED
lines,LINE:005370,max_i_status,DIRECT_PDIRD_MINIMUM_SUMMER_NOMINAL_CURRENT,DIRECT_PDIRD_MINIMUM_WINTER_NOMINAL_CURRENT,CHANGED
lines,LINE:005370,max_i_ka,0.6969,0.686,CHANGED
lines,LINE:005370,seasonal_rating_status,WINTER_DYNAMIC_AMBIENT_TEMPERATURE_RATING_APPLIED,DIRECT_PDIRD_WINTER_NOMINAL_CURRENT_APPLIED,CHANGED
lines,LINE:005371,parameter_source,"E-REDES PDIRD-E 2020 Annex B, 31-12-2025 planning table",https://www.e-redes.pt/sites/eredes/files/2022-07/PDIRD-E%202020%20proposta%20final.pdf,CHANGED
lines,LINE:005371,max_i_status,DIRECT_PDIRD_MINIMUM_SUMMER_NOMINAL_CURRENT,DIRECT_PDIRD_MINIMUM_WINTER_NOMINAL_CURRENT,CHANGED
lines,LINE:005371,max_i_ka,0.49565,0.615,CHANGED
lines,LINE:005371,seasonal_rating_status,WINTER_DYNAMIC_AMBIENT_TEMPERATURE_RATING_APPLIED,DIRECT_PDIRD_WINTER_NOMINAL_CURRENT_APPLIED,CHANGED
lines,LINE:005372,parameter_source,"E-REDES PDIRD-E 2020 Annex B, 31-12-2025 planning table",https://www.e-redes.pt/sites/eredes/files/2022-07/PDIRD-E%202020%20proposta%20final.pdf,CHANGED
lines,LINE:005372,max_i_status,DIRECT_PDIRD_MINIMUM_SUMMER_NOMINAL_CURRENT,DIRECT_PDIRD_MINIMUM_WINTER_NOMINAL_CURRENT,CHANGED
lines,LINE:005372,max_i_ka,0.49565,0.615,CHANGED
lines,LINE:005372,seasonal_rating_status,WINTER_DYNAMIC_AMBIENT_TEMPERATURE_RATING_APPLIED,DIRECT_PDIRD_WINTER_NOMINAL_CURRENT_APPLIED,CHANGED
lines,LINE:005378,parameter_source,"E-REDES PDIRD-E 2020 Annex B, 31-12-2025 planning table",https://www.e-redes.pt/sites/eredes/files/2022-07/PDIRD-E%202020%20proposta%20final.pdf,CHANGED
lines,LINE:005378,max_i_status,DIRECT_PDIRD_MINIMUM_SUMMER_NOMINAL_CURRENT,DIRECT_PDIRD_MINIMUM_WINTER_NOMINAL_CURRENT,CHANGED
lines,LINE:005378,max_i_ka,0.6969,0.686,CHANGED
lines,LINE:005378,seasonal_rating_status,WINTER_DYNAMIC_AMBIENT_TEMPERATURE_RATING_APPLIED,DIRECT_PDIRD_WINTER_NOMINAL_CURRENT_APPLIED,CHANGED
lines,LINE:005379,parameter_source,"E-REDES PDIRD-E 2020 Annex B, 31-12-2025 planning table",https://www.e-redes.pt/sites/eredes/files/2022-07/PDIRD-E%202020%20proposta%20final.pdf,CHANGED
lines,LINE:005379,max_i_status,DIRECT_PDIRD_MINIMUM_SUMMER_NOMINAL_CURRENT,DIRECT_PDIRD_MINIMUM_WINTER_NOMINAL_CURRENT,CHANGED
lines,LINE:005379,max_i_ka,0.4416,0.544,CHANGED
lines,LINE:005379,seasonal_rating_status,WINTER_DYNAMIC_AMBIENT_TEMPERATURE_RATING_APPLIED,DIRECT_PDIRD_WINTER_NOMINAL_CURRENT_APPLIED,CHANGED
lines,LINE:005380,parameter_source,"E-REDES PDIRD-E 2020 Annex B, 31-12-2025 planning table",https://www.e-redes.pt/sites/eredes/files/2022-07/PDIRD-E%202020%20proposta%20final.pdf,CHANGED
lines,LINE:005380,max_i_status,DIRECT_PDIRD_MINIMUM_SUMMER_NOMINAL_CURRENT,DIRECT_PDIRD_MINIMUM_WINTER_NOMINAL_CURRENT,CHANGED
lines,LINE:005380,max_i_ka,0.4416,0.544,CHANGED
lines,LINE:005380,seasonal_rating_status,WINTER_DYNAMIC_AMBIENT_TEMPERATURE_RATING_APPLIED,DIRECT_PDIRD_WINTER_NOMINAL_CURRENT_APPLIED,CHANGED
lines,LINE:005381,parameter_source,"E-REDES PDIRD-E 2020 Annex B, 31-12-2025 planning table",https://www.e-redes.pt/sites/eredes/files/2022-07/PDIRD-E%202020%20proposta%20final.pdf,CHANGED
lines,LINE:005381,max_i_status,DIRECT_PDIRD_MINIMUM_SUMMER_NOMINAL_CURRENT,DIRECT_PDIRD_MINIMUM_WINTER_NOMINAL_CURRENT,CHANGED
lines,LINE:005381,max_i_ka,0.6969,0.686,CHANGED
lines,LINE:005381,seasonal_rating_status,WINTER_DYNAMIC_AMBIENT_TEMPERATURE_RATING_APPLIED,DIRECT_PDIRD_WINTER_NOMINAL_CURRENT_APPLIED,CHANGED
lines,LINE:005382,parameter_source,"E-REDES PDIRD-E 2020 Annex B, 31-12-2025 planning table",https://www.e-redes.pt/sites/eredes/files/2022-07/PDIRD-E%202020%20proposta%20final.pdf,CHANGED
lines,LINE:005382,max_i_status,DIRECT_PDIRD_MINIMUM_SUMMER_NOMINAL_CURRENT,DIRECT_PDIRD_MINIMUM_WINTER_NOMINAL_CURRENT,CHANGED
lines,LINE:005382,max_i_ka,0.6969,0.686,CHANGED
lines,LINE:005382,seasonal_rating_status,WINTER_DYNAMIC_AMBIENT_TEMPERATURE_RATING_APPLIED,DIRECT_PDIRD_WINTER_NOMINAL_CURRENT_APPLIED,CHANGED
lines,LINE:005383,parameter_source,"E-REDES PDIRD-E 2020 Annex B, 31-12-2025 planning table",https://www.e-redes.pt/sites/eredes/files/2022-07/PDIRD-E%202020%20proposta%20final.pdf,CHANGED
lines,LINE:005383,max_i_status,DIRECT_PDIRD_MINIMUM_SUMMER_NOMINAL_CURRENT,DIRECT_PDIRD_MINIMUM_WINTER_NOMINAL_CURRENT,CHANGED
lines,LINE:005383,max_i_ka,0.6969,0.686,CHANGED
lines,LINE:005383,seasonal_rating_status,WINTER_DYNAMIC_AMBIENT_TEMPERATURE_RATING_APPLIED,DIRECT_PDIRD_WINTER_NOMINAL_CURRENT_APPLIED,CHANGED
lines,LINE:005385,parameter_source,"E-REDES PDIRD-E 2020 Annex B, 31-12-2025 planning table",https://www.e-redes.pt/sites/eredes/files/2022-07/PDIRD-E%202020%20proposta%20final.pdf,CHANGED
lines,LINE:005385,max_i_status,DIRECT_PDIRD_MINIMUM_SUMMER_NOMINAL_CURRENT,DIRECT_PDIRD_MINIMUM_WINTER_NOMINAL_CURRENT,CHANGED
lines,LINE:005385,max_i_ka,0.6969,0.686,CHANGED
lines,LINE:005385,seasonal_rating_status,WINTER_DYNAMIC_AMBIENT_TEMPERATURE_RATING_APPLIED,DIRECT_PDIRD_WINTER_NOMINAL_CURRENT_APPLIED,CHANGED
lines,LINE:005386,parameter_source,"E-REDES PDIRD-E 2020 Annex B, 31-12-2025 planning table",https://www.e-redes.pt/sites/eredes/files/2022-07/PDIRD-E%202020%20proposta%20final.pdf,CHANGED
lines,LINE:005386,max_i_status,DIRECT_PDIRD_MINIMUM_SUMMER_NOMINAL_CURRENT,DIRECT_PDIRD_MINIMUM_WINTER_NOMINAL_CURRENT,CHANGED
lines,LINE:005386,max_i_ka,0.6969,0.686,CHANGED
lines,LINE:005386,seasonal_rating_status,WINTER_DYNAMIC_AMBIENT_TEMPERATURE_RATING_APPLIED,DIRECT_PDIRD_WINTER_NOMINAL_CURRENT_APPLIED,CHANGED
lines,LINE:005387,parameter_source,"E-REDES PDIRD-E 2020 Annex B, 31-12-2025 planning table",https://www.e-redes.pt/sites/eredes/files/2022-07/PDIRD-E%202020%20proposta%20final.pdf,CHANGED
lines,LINE:005387,max_i_status,DIRECT_PDIRD_MINIMUM_SUMMER_NOMINAL_CURRENT,DIRECT_PDIRD_MINIMUM_WINTER_NOMINAL_CURRENT,CHANGED
lines,LINE:005387,max_i_ka,0.6969,0.686,CHANGED
lines,LINE:005387,seasonal_rating_status,WINTER_DYNAMIC_AMBIENT_TEMPERATURE_RATING_APPLIED,DIRECT_PDIRD_WINTER_NOMINAL_CURRENT_APPLIED,CHANGED
lines,LINE:005405,parameter_source,"E-REDES PDIRD-E 2020 Annex B, 31-12-2025 planning table",https://www.e-redes.pt/sites/eredes/files/2022-07/PDIRD-E%202020%20proposta%20final.pdf,CHANGED
lines,LINE:005405,max_i_status,DIRECT_PDIRD_MINIMUM_SUMMER_NOMINAL_CURRENT,DIRECT_PDIRD_MINIMUM_WINTER_NOMINAL_CURRENT,CHANGED
lines,LINE:005405,max_i_ka,0.30015,0.362,CHANGED
lines,LINE:005405,seasonal_rating_status,WINTER_DYNAMIC_AMBIENT_TEMPERATURE_RATING_APPLIED,DIRECT_PDIRD_WINTER_NOMINAL_CURRENT_APPLIED,CHANGED
lines,LINE:005415,parameter_source,"E-REDES PDIRD-E 2020 Annex B, 31-12-2025 planning table",https://www.e-redes.pt/sites/eredes/files/2022-07/PDIRD-E%202020%20proposta%20final.pdf,CHANGED
lines,LINE:005415,max_i_status,DIRECT_PDIRD_MINIMUM_SUMMER_NOMINAL_CURRENT,DIRECT_PDIRD_MINIMUM_WINTER_NOMINAL_CURRENT,CHANGED
lines,LINE:005415,max_i_ka,0.6969,0.686,CHANGED
lines,LINE:005415,seasonal_rating_status,WINTER_DYNAMIC_AMBIENT_TEMPERATURE_RATING_APPLIED,DIRECT_PDIRD_WINTER_NOMINAL_CURRENT_APPLIED,CHANGED
lines,LINE:005416,parameter_source,"E-REDES PDIRD-E 2020 Annex B, 31-12-2025 planning table",https://www.e-redes.pt/sites/eredes/files/2022-07/PDIRD-E%202020%20proposta%20final.pdf,CHANGED
lines,LINE:005416,max_i_status,DIRECT_PDIRD_MINIMUM_SUMMER_NOMINAL_CURRENT,DIRECT_PDIRD_MINIMUM_WINTER_NOMINAL_CURRENT,CHANGED
lines,LINE:005416,max_i_ka,0.6969,0.686,CHANGED
lines,LINE:005416,seasonal_rating_status,WINTER_DYNAMIC_AMBIENT_TEMPERATURE_RATING_APPLIED,DIRECT_PDIRD_WINTER_NOMINAL_CURRENT_APPLIED,CHANGED
lines,LINE:005417,parameter_source,"E-REDES PDIRD-E 2020 Annex B, 31-12-2025 planning table",https://www.e-redes.pt/sites/eredes/files/2022-07/PDIRD-E%202020%20proposta%20final.pdf,CHANGED
lines,LINE:005417,max_i_status,DIRECT_PDIRD_MINIMUM_SUMMER_NOMINAL_CURRENT,DIRECT_PDIRD_MINIMUM_WINTER_NOMINAL_CURRENT,CHANGED
lines,LINE:005417,max_i_ka,0.6969,0.686,CHANGED
lines,LINE:005417,seasonal_rating_status,WINTER_DYNAMIC_AMBIENT_TEMPERATURE_RATING_APPLIED,DIRECT_PDIRD_WINTER_NOMINAL_CURRENT_APPLIED,CHANGED
lines,LINE:005418,parameter_source,"E-REDES PDIRD-E 2020 Annex B, 31-12-2025 planning table",https://www.e-redes.pt/sites/eredes/files/2022-07/PDIRD-E%202020%20proposta%20final.pdf,CHANGED
lines,LINE:005418,max_i_status,DIRECT_PDIRD_MINIMUM_SUMMER_NOMINAL_CURRENT,DIRECT_PDIRD_MINIMUM_WINTER_NOMINAL_CURRENT,CHANGED
lines,LINE:005418,max_i_ka,0.6969,0.686,CHANGED
lines,LINE:005418,seasonal_rating_status,WINTER_DYNAMIC_AMBIENT_TEMPERATURE_RATING_APPLIED,DIRECT_PDIRD_WINTER_NOMINAL_CURRENT_APPLIED,CHANGED
lines,LINE:005419,parameter_source,"E-REDES PDIRD-E 2020 Annex B, 31-12-2025 planning table",https://www.e-redes.pt/sites/eredes/files/2022-07/PDIRD-E%202020%20proposta%20final.pdf,CHANGED
lines,LINE:005419,max_i_status,DIRECT_PDIRD_MINIMUM_SUMMER_NOMINAL_CURRENT,DIRECT_PDIRD_MINIMUM_WINTER_NOMINAL_CURRENT,CHANGED
lines,LINE:005419,max_i_ka,0.6969,0.686,CHANGED
lines,LINE:005419,seasonal_rating_status,WINTER_DYNAMIC_AMBIENT_TEMPERATURE_RATING_APPLIED,DIRECT_PDIRD_WINTER_NOMINAL_CURRENT_APPLIED,CHANGED
lines,LINE:005421,parameter_source,"E-REDES PDIRD-E 2020 Annex B, 31-12-2025 planning table",https://www.e-redes.pt/sites/eredes/files/2022-07/PDIRD-E%202020%20proposta%20final.pdf,CHANGED
lines,LINE:005421,max_i_status,DIRECT_PDIRD_MINIMUM_SUMMER_NOMINAL_CURRENT,DIRECT_PDIRD_MINIMUM_WINTER_NOMINAL_CURRENT,CHANGED
lines,LINE:005421,max_i_ka,0.6969,0.686,CHANGED
lines,LINE:005421,seasonal_rating_status,WINTER_DYNAMIC_AMBIENT_TEMPERATURE_RATING_APPLIED,DIRECT_PDIRD_WINTER_NOMINAL_CURRENT_APPLIED,CHANGED
lines,LINE:005433,parameter_source,"E-REDES PDIRD-E 2020 Annex B, 31-12-2025 planning table",https://www.e-redes.pt/sites/eredes/files/2022-07/PDIRD-E%202020%20proposta%20final.pdf,CHANGED
lines,LINE:005433,max_i_status,DIRECT_PDIRD_MINIMUM_SUMMER_NOMINAL_CURRENT,DIRECT_PDIRD_MINIMUM_WINTER_NOMINAL_CURRENT,CHANGED
lines,LINE:005433,max_i_ka,0.6969,0.686,CHANGED
lines,LINE:005433,seasonal_rating_status,WINTER_DYNAMIC_AMBIENT_TEMPERATURE_RATING_APPLIED,DIRECT_PDIRD_WINTER_NOMINAL_CURRENT_APPLIED,CHANGED
lines,LINE:005435,parameter_source,"E-REDES PDIRD-E 2020 Annex B, 31-12-2025 planning table",https://www.e-redes.pt/sites/eredes/files/2022-07/PDIRD-E%202020%20proposta%20final.pdf,CHANGED
lines,LINE:005435,max_i_status,DIRECT_PDIRD_MINIMUM_SUMMER_NOMINAL_CURRENT,DIRECT_PDIRD_MINIMUM_WINTER_NOMINAL_CURRENT,CHANGED
lines,LINE:005435,max_i_ka,0.6969,0.686,CHANGED
lines,LINE:005435,seasonal_rating_status,WINTER_DYNAMIC_AMBIENT_TEMPERATURE_RATING_APPLIED,DIRECT_PDIRD_WINTER_NOMINAL_CURRENT_APPLIED,CHANGED
lines,LINE:005440,parameter_source,"E-REDES PDIRD-E 2020 Annex B, 31-12-2025 planning table",https://www.e-redes.pt/sites/eredes/files/2022-07/PDIRD-E%202020%20proposta%20final.pdf,CHANGED
lines,LINE:005440,max_i_status,DIRECT_PDIRD_MINIMUM_SUMMER_NOMINAL_CURRENT,DIRECT_PDIRD_MINIMUM_WINTER_NOMINAL_CURRENT,CHANGED
lines,LINE:005440,max_i_ka,0.5450999999999999,0.582,CHANGED
lines,LINE:005440,seasonal_rating_status,WINTER_DYNAMIC_AMBIENT_TEMPERATURE_RATING_APPLIED,DIRECT_PDIRD_WINTER_NOMINAL_CURRENT_APPLIED,CHANGED
lines,LINE:005441,parameter_source,"E-REDES PDIRD-E 2020 Annex B, 31-12-2025 planning table",https://www.e-redes.pt/sites/eredes/files/2022-07/PDIRD-E%202020%20proposta%20final.pdf,CHANGED
lines,LINE:005441,max_i_status,DIRECT_PDIRD_MINIMUM_SUMMER_NOMINAL_CURRENT,DIRECT_PDIRD_MINIMUM_WINTER_NOMINAL_CURRENT,CHANGED
lines,LINE:005441,max_i_ka,0.5450999999999999,0.582,CHANGED
lines,LINE:005441,seasonal_rating_status,WINTER_DYNAMIC_AMBIENT_TEMPERATURE_RATING_APPLIED,DIRECT_PDIRD_WINTER_NOMINAL_CURRENT_APPLIED,CHANGED
lines,LINE:005448,parameter_source,"E-REDES PDIRD-E 2020 Annex B, 31-12-2025 planning table",https://www.e-redes.pt/sites/eredes/files/2022-07/PDIRD-E%202020%20proposta%20final.pdf,CHANGED
lines,LINE:005448,max_i_status,DIRECT_PDIRD_MINIMUM_SUMMER_NOMINAL_CURRENT,DIRECT_PDIRD_MINIMUM_WINTER_NOMINAL_CURRENT,CHANGED
lines,LINE:005448,max_i_ka,0.5450999999999999,0.582,CHANGED
lines,LINE:005448,seasonal_rating_status,WINTER_DYNAMIC_AMBIENT_TEMPERATURE_RATING_APPLIED,DIRECT_PDIRD_WINTER_NOMINAL_CURRENT_APPLIED,CHANGED
lines,LINE:005459,parameter_source,"E-REDES PDIRD-E 2020 Annex B, 31-12-2025 planning table",https://www.e-redes.pt/sites/eredes/files/2022-07/PDIRD-E%202020%20proposta%20final.pdf,CHANGED
lines,LINE:005459,max_i_status,DIRECT_PDIRD_MINIMUM_SUMMER_NOMINAL_CURRENT,DIRECT_PDIRD_MINIMUM_WINTER_NOMINAL_CURRENT,CHANGED
lines,LINE:005459,max_i_ka,0.5450999999999999,0.582,CHANGED
lines,LINE:005459,seasonal_rating_status,WINTER_DYNAMIC_AMBIENT_TEMPERATURE_RATING_APPLIED,DIRECT_PDIRD_WINTER_NOMINAL_CURRENT_APPLIED,CHANGED
lines,LINE:005461,parameter_source,"E-REDES PDIRD-E 2020 Annex B, 31-12-2025 planning table",https://www.e-redes.pt/sites/eredes/files/2022-07/PDIRD-E%202020%20proposta%20final.pdf,CHANGED
lines,LINE:005461,max_i_status,DIRECT_PDIRD_MINIMUM_SUMMER_NOMINAL_CURRENT,DIRECT_PDIRD_MINIMUM_WINTER_NOMINAL_CURRENT,CHANGED
lines,LINE:005461,max_i_ka,0.5450999999999999,0.582,CHANGED
lines,LINE:005461,seasonal_rating_status,WINTER_DYNAMIC_AMBIENT_TEMPERATURE_RATING_APPLIED,DIRECT_PDIRD_WINTER_NOMINAL_CURRENT_APPLIED,CHANGED
lines,LINE:005462,parameter_source,"E-REDES PDIRD-E 2020 Annex B, 31-12-2025 planning table",https://www.e-redes.pt/sites/eredes/files/2022-07/PDIRD-E%202020%20proposta%20final.pdf,CHANGED
lines,LINE:005462,max_i_status,DIRECT_PDIRD_MINIMUM_SUMMER_NOMINAL_CURRENT,DIRECT_PDIRD_MINIMUM_WINTER_NOMINAL_CURRENT,CHANGED
lines,LINE:005462,max_i_ka,0.5450999999999999,0.582,CHANGED
lines,LINE:005462,seasonal_rating_status,WINTER_DYNAMIC_AMBIENT_TEMPERATURE_RATING_APPLIED,DIRECT_PDIRD_WINTER_NOMINAL_CURRENT_APPLIED,CHANGED
lines,LINE:005463,parameter_source,"E-REDES PDIRD-E 2020 Annex B, 31-12-2025 planning table",https://www.e-redes.pt/sites/eredes/files/2022-07/PDIRD-E%202020%20proposta%20final.pdf,CHANGED
lines,LINE:005463,max_i_status,DIRECT_PDIRD_MINIMUM_SUMMER_NOMINAL_CURRENT,DIRECT_PDIRD_MINIMUM_WINTER_NOMINAL_CURRENT,CHANGED
lines,LINE:005463,max_i_ka,0.5450999999999999,0.582,CHANGED
lines,LINE:005463,seasonal_rating_status,WINTER_DYNAMIC_AMBIENT_TEMPERATURE_RATING_APPLIED,DIRECT_PDIRD_WINTER_NOMINAL_CURRENT_APPLIED,CHANGED
lines,LINE:005464,parameter_source,"E-REDES PDIRD-E 2020 Annex B, 31-12-2025 planning table",https://www.e-redes.pt/sites/eredes/files/2022-07/PDIRD-E%202020%20proposta%20final.pdf,CHANGED
lines,LINE:005464,max_i_status,DIRECT_PDIRD_MINIMUM_SUMMER_NOMINAL_CURRENT,DIRECT_PDIRD_MINIMUM_WINTER_NOMINAL_CURRENT,CHANGED
lines,LINE:005464,max_i_ka,0.5450999999999999,0.582,CHANGED
lines,LINE:005464,seasonal_rating_status,WINTER_DYNAMIC_AMBIENT_TEMPERATURE_RATING_APPLIED,DIRECT_PDIRD_WINTER_NOMINAL_CURRENT_APPLIED,CHANGED
lines,LINE:005466,parameter_source,"E-REDES PDIRD-E 2020 Annex B, 31-12-2025 planning table",https://www.e-redes.pt/sites/eredes/files/2022-07/PDIRD-E%202020%20proposta%20final.pdf,CHANGED
lines,LINE:005466,max_i_status,DIRECT_PDIRD_MINIMUM_SUMMER_NOMINAL_CURRENT,DIRECT_PDIRD_MINIMUM_WINTER_NOMINAL_CURRENT,CHANGED
lines,LINE:005466,max_i_ka,0.5450999999999999,0.582,CHANGED
lines,LINE:005466,seasonal_rating_status,WINTER_DYNAMIC_AMBIENT_TEMPERATURE_RATING_APPLIED,DIRECT_PDIRD_WINTER_NOMINAL_CURRENT_APPLIED,CHANGED
lines,LINE:005467,parameter_source,"E-REDES PDIRD-E 2020 Annex B, 31-12-2025 planning table",https://www.e-redes.pt/sites/eredes/files/2022-07/PDIRD-E%202020%20proposta%20final.pdf,CHANGED
lines,LINE:005467,max_i_status,DIRECT_PDIRD_MINIMUM_SUMMER_NOMINAL_CURRENT,DIRECT_PDIRD_MINIMUM_WINTER_NOMINAL_CURRENT,CHANGED
lines,LINE:005467,max_i_ka,0.5450999999999999,0.582,CHANGED
lines,LINE:005467,seasonal_rating_status,WINTER_DYNAMIC_AMBIENT_TEMPERATURE_RATING_APPLIED,DIRECT_PDIRD_WINTER_NOMINAL_CURRENT_APPLIED,CHANGED
lines,LINE:005468,parameter_source,"E-REDES PDIRD-E 2020 Annex B, 31-12-2025 planning table",https://www.e-redes.pt/sites/eredes/files/2022-07/PDIRD-E%202020%20proposta%20final.pdf,CHANGED
lines,LINE:005468,max_i_status,DIRECT_PDIRD_MINIMUM_SUMMER_NOMINAL_CURRENT,DIRECT_PDIRD_MINIMUM_WINTER_NOMINAL_CURRENT,CHANGED
lines,LINE:005468,max_i_ka,0.5450999999999999,0.582,CHANGED
lines,LINE:005468,seasonal_rating_status,WINTER_DYNAMIC_AMBIENT_TEMPERATURE_RATING_APPLIED,DIRECT_PDIRD_WINTER_NOMINAL_CURRENT_APPLIED,CHANGED
lines,LINE:005474,parameter_source,"E-REDES PDIRD-E 2020 Annex B, 31-12-2025 planning table",https://www.e-redes.pt/sites/eredes/files/2022-07/PDIRD-E%202020%20proposta%20final.pdf,CHANGED
lines,LINE:005474,max_i_status,DIRECT_PDIRD_MINIMUM_SUMMER_NOMINAL_CURRENT,DIRECT_PDIRD_MINIMUM_WINTER_NOMINAL_CURRENT,CHANGED
lines,LINE:005474,max_i_ka,1.3938,1.372,CHANGED
lines,LINE:005474,seasonal_rating_status,WINTER_DYNAMIC_AMBIENT_TEMPERATURE_RATING_APPLIED,DIRECT_PDIRD_WINTER_NOMINAL_CURRENT_APPLIED,CHANGED
lines,LINE:005475,parameter_source,"E-REDES PDIRD-E 2020 Annex B, 31-12-2025 planning table",https://www.e-redes.pt/sites/eredes/files/2022-07/PDIRD-E%202020%20proposta%20final.pdf,CHANGED
lines,LINE:005475,max_i_status,DIRECT_PDIRD_MINIMUM_SUMMER_NOMINAL_CURRENT,DIRECT_PDIRD_MINIMUM_WINTER_NOMINAL_CURRENT,CHANGED
lines,LINE:005475,max_i_ka,1.3938,1.372,CHANGED
lines,LINE:005475,seasonal_rating_status,WINTER_DYNAMIC_AMBIENT_TEMPERATURE_RATING_APPLIED,DIRECT_PDIRD_WINTER_NOMINAL_CURRENT_APPLIED,CHANGED
lines,LINE:005487,parameter_source,"E-REDES PDIRD-E 2020 Annex B, 31-12-2025 planning table",https://www.e-redes.pt/sites/eredes/files/2022-07/PDIRD-E%202020%20proposta%20final.pdf,CHANGED
lines,LINE:005487,max_i_status,DIRECT_PDIRD_MINIMUM_SUMMER_NOMINAL_CURRENT,DIRECT_PDIRD_MINIMUM_WINTER_NOMINAL_CURRENT,CHANGED
lines,LINE:005487,max_i_ka,0.46115,0.451,CHANGED
lines,LINE:005487,seasonal_rating_status,WINTER_DYNAMIC_AMBIENT_TEMPERATURE_RATING_APPLIED,DIRECT_PDIRD_WINTER_NOMINAL_CURRENT_APPLIED,CHANGED
lines,LINE:005488,parameter_source,"E-REDES PDIRD-E 2020 Annex B, 31-12-2025 planning table",https://www.e-redes.pt/sites/eredes/files/2022-07/PDIRD-E%202020%20proposta%20final.pdf,CHANGED
lines,LINE:005488,max_i_status,DIRECT_PDIRD_MINIMUM_SUMMER_NOMINAL_CURRENT,DIRECT_PDIRD_MINIMUM_WINTER_NOMINAL_CURRENT,CHANGED
lines,LINE:005488,max_i_ka,0.46115,0.451,CHANGED
lines,LINE:005488,seasonal_rating_status,WINTER_DYNAMIC_AMBIENT_TEMPERATURE_RATING_APPLIED,DIRECT_PDIRD_WINTER_NOMINAL_CURRENT_APPLIED,CHANGED
lines,LINE:005489,parameter_source,"E-REDES PDIRD-E 2020 Annex B, 31-12-2025 planning table",https://www.e-redes.pt/sites/eredes/files/2022-07/PDIRD-E%202020%20proposta%20final.pdf,CHANGED
lines,LINE:005489,max_i_status,DIRECT_PDIRD_MINIMUM_SUMMER_NOMINAL_CURRENT,DIRECT_PDIRD_MINIMUM_WINTER_NOMINAL_CURRENT,CHANGED
lines,LINE:005489,max_i_ka,0.46115,0.451,CHANGED
lines,LINE:005489,seasonal_rating_status,WINTER_DYNAMIC_AMBIENT_TEMPERATURE_RATING_APPLIED,DIRECT_PDIRD_WINTER_NOMINAL_CURRENT_APPLIED,CHANGED
lines,LINE:005492,parameter_source,"E-REDES PDIRD-E 2020 Annex B, 31-12-2025 planning table",https://www.e-redes.pt/sites/eredes/files/2022-07/PDIRD-E%202020%20proposta%20final.pdf,CHANGED
lines,LINE:005492,max_i_status,DIRECT_PDIRD_MINIMUM_SUMMER_NOMINAL_CURRENT,DIRECT_PDIRD_MINIMUM_WINTER_NOMINAL_CURRENT,CHANGED
lines,LINE:005492,max_i_ka,0.4416,0.544,CHANGED
lines,LINE:005492,seasonal_rating_status,WINTER_DYNAMIC_AMBIENT_TEMPERATURE_RATING_APPLIED,DIRECT_PDIRD_WINTER_NOMINAL_CURRENT_APPLIED,CHANGED
lines,LINE:005494,parameter_source,"E-REDES PDIRD-E 2020 Annex B, 31-12-2025 planning table",https://www.e-redes.pt/sites/eredes/files/2022-07/PDIRD-E%202020%20proposta%20final.pdf,CHANGED
lines,LINE:005494,max_i_status,DIRECT_PDIRD_MINIMUM_SUMMER_NOMINAL_CURRENT,DIRECT_PDIRD_MINIMUM_WINTER_NOMINAL_CURRENT,CHANGED
lines,LINE:005494,max_i_ka,0.5450999999999999,0.582,CHANGED
lines,LINE:005494,seasonal_rating_status,WINTER_DYNAMIC_AMBIENT_TEMPERATURE_RATING_APPLIED,DIRECT_PDIRD_WINTER_NOMINAL_CURRENT_APPLIED,CHANGED
lines,LINE:005495,parameter_source,"E-REDES PDIRD-E 2020 Annex B, 31-12-2025 planning table",https://www.e-redes.pt/sites/eredes/files/2022-07/PDIRD-E%202020%20proposta%20final.pdf,CHANGED
lines,LINE:005495,max_i_status,DIRECT_PDIRD_MINIMUM_SUMMER_NOMINAL_CURRENT,DIRECT_PDIRD_MINIMUM_WINTER_NOMINAL_CURRENT,CHANGED
lines,LINE:005495,max_i_ka,0.5450999999999999,0.582,CHANGED
lines,LINE:005495,seasonal_rating_status,WINTER_DYNAMIC_AMBIENT_TEMPERATURE_RATING_APPLIED,DIRECT_PDIRD_WINTER_NOMINAL_CURRENT_APPLIED,CHANGED
lines,LINE:005508,parameter_source,"E-REDES PDIRD-E 2020 Annex B, 31-12-2025 planning table",https://www.e-redes.pt/sites/eredes/files/2022-07/PDIRD-E%202020%20proposta%20final.pdf,CHANGED
lines,LINE:005508,max_i_status,DIRECT_PDIRD_MINIMUM_SUMMER_NOMINAL_CURRENT,DIRECT_PDIRD_MINIMUM_WINTER_NOMINAL_CURRENT,CHANGED
lines,LINE:005508,max_i_ka,0.46115,0.451,CHANGED
lines,LINE:005508,seasonal_rating_status,WINTER_DYNAMIC_AMBIENT_TEMPERATURE_RATING_APPLIED,DIRECT_PDIRD_WINTER_NOMINAL_CURRENT_APPLIED,CHANGED
lines,LINE:005512,parameter_source,"E-REDES PDIRD-E 2020 Annex B, 31-12-2025 planning table",https://www.e-redes.pt/sites/eredes/files/2022-07/PDIRD-E%202020%20proposta%20final.pdf,CHANGED
lines,LINE:005512,max_i_status,DIRECT_PDIRD_MINIMUM_SUMMER_NOMINAL_CURRENT,DIRECT_PDIRD_MINIMUM_WINTER_NOMINAL_CURRENT,CHANGED
lines,LINE:005512,max_i_ka,0.49565,0.615,CHANGED
lines,LINE:005512,seasonal_rating_status,WINTER_DYNAMIC_AMBIENT_TEMPERATURE_RATING_APPLIED,DIRECT_PDIRD_WINTER_NOMINAL_CURRENT_APPLIED,CHANGED
lines,LINE:005513,parameter_source,"E-REDES PDIRD-E 2020 Annex B, 31-12-2025 planning table",https://www.e-redes.pt/sites/eredes/files/2022-07/PDIRD-E%202020%20proposta%20final.pdf,CHANGED
lines,LINE:005513,max_i_status,DIRECT_PDIRD_MINIMUM_SUMMER_NOMINAL_CURRENT,DIRECT_PDIRD_MINIMUM_WINTER_NOMINAL_CURRENT,CHANGED
lines,LINE:005513,max_i_ka,0.49565,0.615,CHANGED
lines,LINE:005513,seasonal_rating_status,WINTER_DYNAMIC_AMBIENT_TEMPERATURE_RATING_APPLIED,DIRECT_PDIRD_WINTER_NOMINAL_CURRENT_APPLIED,CHANGED
lines,LINE:005523,parameter_source,"E-REDES PDIRD-E 2020 Annex B, 31-12-2025 planning table",https://www.e-redes.pt/sites/eredes/files/2022-07/PDIRD-E%202020%20proposta%20final.pdf,CHANGED
lines,LINE:005523,max_i_status,DIRECT_PDIRD_MINIMUM_SUMMER_NOMINAL_CURRENT,DIRECT_PDIRD_MINIMUM_WINTER_NOMINAL_CURRENT,CHANGED
lines,LINE:005523,max_i_ka,0.4416,0.537,CHANGED
lines,LINE:005523,seasonal_rating_status,WINTER_DYNAMIC_AMBIENT_TEMPERATURE_RATING_APPLIED,DIRECT_PDIRD_WINTER_NOMINAL_CURRENT_APPLIED,CHANGED
lines,LINE:005533,parameter_source,"E-REDES PDIRD-E 2020 Annex B, 31-12-2025 planning table",https://www.e-redes.pt/sites/eredes/files/2022-07/PDIRD-E%202020%20proposta%20final.pdf,CHANGED
lines,LINE:005533,max_i_status,DIRECT_PDIRD_MINIMUM_SUMMER_NOMINAL_CURRENT,DIRECT_PDIRD_MINIMUM_WINTER_NOMINAL_CURRENT,CHANGED
lines,LINE:005533,max_i_ka,0.88435,1.089,CHANGED
lines,LINE:005533,seasonal_rating_status,WINTER_DYNAMIC_AMBIENT_TEMPERATURE_RATING_APPLIED,DIRECT_PDIRD_WINTER_NOMINAL_CURRENT_APPLIED,CHANGED
lines,LINE:005534,parameter_source,"E-REDES PDIRD-E 2020 Annex B, 31-12-2025 planning table",https://www.e-redes.pt/sites/eredes/files/2022-07/PDIRD-E%202020%20proposta%20final.pdf,CHANGED
lines,LINE:005534,max_i_status,DIRECT_PDIRD_MINIMUM_SUMMER_NOMINAL_CURRENT,DIRECT_PDIRD_MINIMUM_WINTER_NOMINAL_CURRENT,CHANGED
lines,LINE:005534,max_i_ka,0.88435,1.089,CHANGED
lines,LINE:005534,seasonal_rating_status,WINTER_DYNAMIC_AMBIENT_TEMPERATURE_RATING_APPLIED,DIRECT_PDIRD_WINTER_NOMINAL_CURRENT_APPLIED,CHANGED
lines,LINE:005535,parameter_source,"E-REDES PDIRD-E 2020 Annex B, 31-12-2025 planning table",https://www.e-redes.pt/sites/eredes/files/2022-07/PDIRD-E%202020%20proposta%20final.pdf,CHANGED
lines,LINE:005535,max_i_status,DIRECT_PDIRD_MINIMUM_SUMMER_NOMINAL_CURRENT,DIRECT_PDIRD_MINIMUM_WINTER_NOMINAL_CURRENT,CHANGED
lines,LINE:005535,max_i_ka,0.6969,0.686,CHANGED
lines,LINE:005535,seasonal_rating_status,WINTER_DYNAMIC_AMBIENT_TEMPERATURE_RATING_APPLIED,DIRECT_PDIRD_WINTER_NOMINAL_CURRENT_APPLIED,CHANGED
lines,LINE:005536,parameter_source,"E-REDES PDIRD-E 2020 Annex B, 31-12-2025 planning table",https://www.e-redes.pt/sites/eredes/files/2022-07/PDIRD-E%202020%20proposta%20final.pdf,CHANGED
lines,LINE:005536,max_i_status,DIRECT_PDIRD_MINIMUM_SUMMER_NOMINAL_CURRENT,DIRECT_PDIRD_MINIMUM_WINTER_NOMINAL_CURRENT,CHANGED
lines,LINE:005536,max_i_ka,0.30015,0.362,CHANGED
lines,LINE:005536,seasonal_rating_status,WINTER_DYNAMIC_AMBIENT_TEMPERATURE_RATING_APPLIED,DIRECT_PDIRD_WINTER_NOMINAL_CURRENT_APPLIED,CHANGED
lines,LINE:005553,parameter_source,"E-REDES PDIRD-E 2020 Annex B, 31-12-2025 planning table",https://www.e-redes.pt/sites/eredes/files/2022-07/PDIRD-E%202020%20proposta%20final.pdf,CHANGED
lines,LINE:005553,max_i_status,DIRECT_PDIRD_MINIMUM_SUMMER_NOMINAL_CURRENT,DIRECT_PDIRD_MINIMUM_WINTER_NOMINAL_CURRENT,CHANGED
lines,LINE:005553,max_i_ka,0.6014499999999999,0.686,CHANGED
lines,LINE:005553,seasonal_rating_status,WINTER_DYNAMIC_AMBIENT_TEMPERATURE_RATING_APPLIED,DIRECT_PDIRD_WINTER_NOMINAL_CURRENT_APPLIED,CHANGED
lines,LINE:005559,parameter_source,"E-REDES PDIRD-E 2020 Annex B, 31-12-2025 planning table",https://www.e-redes.pt/sites/eredes/files/2022-07/PDIRD-E%202020%20proposta%20final.pdf,CHANGED
lines,LINE:005559,max_i_status,DIRECT_PDIRD_MINIMUM_SUMMER_NOMINAL_CURRENT,DIRECT_PDIRD_MINIMUM_WINTER_NOMINAL_CURRENT,CHANGED
lines,LINE:005559,max_i_ka,0.6969,0.686,CHANGED
lines,LINE:005559,seasonal_rating_status,WINTER_DYNAMIC_AMBIENT_TEMPERATURE_RATING_APPLIED,DIRECT_PDIRD_WINTER_NOMINAL_CURRENT_APPLIED,CHANGED
lines,LINE:005562,parameter_source,"E-REDES PDIRD-E 2020 Annex B, 31-12-2025 planning table",https://www.e-redes.pt/sites/eredes/files/2022-07/PDIRD-E%202020%20proposta%20final.pdf,CHANGED
lines,LINE:005562,max_i_status,DIRECT_PDIRD_MINIMUM_SUMMER_NOMINAL_CURRENT,DIRECT_PDIRD_MINIMUM_WINTER_NOMINAL_CURRENT,CHANGED
lines,LINE:005562,max_i_ka,0.46115,0.451,CHANGED
lines,LINE:005562,seasonal_rating_status,WINTER_DYNAMIC_AMBIENT_TEMPERATURE_RATING_APPLIED,DIRECT_PDIRD_WINTER_NOMINAL_CURRENT_APPLIED,CHANGED
lines,LINE:005564,parameter_source,"E-REDES PDIRD-E 2020 Annex B, 31-12-2025 planning table",https://www.e-redes.pt/sites/eredes/files/2022-07/PDIRD-E%202020%20proposta%20final.pdf,CHANGED
lines,LINE:005564,max_i_status,DIRECT_PDIRD_MINIMUM_SUMMER_NOMINAL_CURRENT,DIRECT_PDIRD_MINIMUM_WINTER_NOMINAL_CURRENT,CHANGED
lines,LINE:005564,max_i_ka,0.6969,0.686,CHANGED
lines,LINE:005564,seasonal_rating_status,WINTER_DYNAMIC_AMBIENT_TEMPERATURE_RATING_APPLIED,DIRECT_PDIRD_WINTER_NOMINAL_CURRENT_APPLIED,CHANGED
lines,LINE:005566,parameter_source,"E-REDES PDIRD-E 2020 Annex B, 31-12-2025 planning table",https://www.e-redes.pt/sites/eredes/files/2022-07/PDIRD-E%202020%20proposta%20final.pdf,CHANGED
lines,LINE:005566,max_i_status,DIRECT_PDIRD_MINIMUM_SUMMER_NOMINAL_CURRENT,DIRECT_PDIRD_MINIMUM_WINTER_NOMINAL_CURRENT,CHANGED
lines,LINE:005566,max_i_ka,0.6014499999999999,0.723,CHANGED
lines,LINE:005566,seasonal_rating_status,WINTER_DYNAMIC_AMBIENT_TEMPERATURE_RATING_APPLIED,DIRECT_PDIRD_WINTER_NOMINAL_CURRENT_APPLIED,CHANGED
lines,LINE:005569,parameter_source,"E-REDES PDIRD-E 2020 Annex B, 31-12-2025 planning table",https://www.e-redes.pt/sites/eredes/files/2022-07/PDIRD-E%202020%20proposta%20final.pdf,CHANGED
lines,LINE:005569,max_i_status,DIRECT_PDIRD_MINIMUM_SUMMER_NOMINAL_CURRENT,DIRECT_PDIRD_MINIMUM_WINTER_NOMINAL_CURRENT,CHANGED
lines,LINE:005569,max_i_ka,0.88435,1.089,CHANGED
lines,LINE:005569,seasonal_rating_status,WINTER_DYNAMIC_AMBIENT_TEMPERATURE_RATING_APPLIED,DIRECT_PDIRD_WINTER_NOMINAL_CURRENT_APPLIED,CHANGED
lines,LINE:005572,parameter_source,"E-REDES PDIRD-E 2020 Annex B, 31-12-2025 planning table",https://www.e-redes.pt/sites/eredes/files/2022-07/PDIRD-E%202020%20proposta%20final.pdf,CHANGED
lines,LINE:005572,max_i_status,DIRECT_PDIRD_MINIMUM_SUMMER_NOMINAL_CURRENT,DIRECT_PDIRD_MINIMUM_WINTER_NOMINAL_CURRENT,CHANGED
lines,LINE:005572,max_i_ka,0.6969,0.686,CHANGED
lines,LINE:005572,seasonal_rating_status,WINTER_DYNAMIC_AMBIENT_TEMPERATURE_RATING_APPLIED,DIRECT_PDIRD_WINTER_NOMINAL_CURRENT_APPLIED,CHANGED
lines,LINE:005574,parameter_source,"E-REDES PDIRD-E 2020 Annex B, 31-12-2025 planning table",https://www.e-redes.pt/sites/eredes/files/2022-07/PDIRD-E%202020%20proposta%20final.pdf,CHANGED
lines,LINE:005574,max_i_status,DIRECT_PDIRD_MINIMUM_SUMMER_NOMINAL_CURRENT,DIRECT_PDIRD_MINIMUM_WINTER_NOMINAL_CURRENT,CHANGED
lines,LINE:005574,max_i_ka,0.6969,0.686,CHANGED
lines,LINE:005574,seasonal_rating_status,WINTER_DYNAMIC_AMBIENT_TEMPERATURE_RATING_APPLIED,DIRECT_PDIRD_WINTER_NOMINAL_CURRENT_APPLIED,CHANGED
lines,LINE:005576,parameter_source,"E-REDES PDIRD-E 2020 Annex B, 31-12-2025 planning table",https://www.e-redes.pt/sites/eredes/files/2022-07/PDIRD-E%202020%20proposta%20final.pdf,CHANGED
lines,LINE:005576,max_i_status,DIRECT_PDIRD_MINIMUM_SUMMER_NOMINAL_CURRENT,DIRECT_PDIRD_MINIMUM_WINTER_NOMINAL_CURRENT,CHANGED
lines,LINE:005576,max_i_ka,1.3938,1.372,CHANGED
lines,LINE:005576,seasonal_rating_status,WINTER_DYNAMIC_AMBIENT_TEMPERATURE_RATING_APPLIED,DIRECT_PDIRD_WINTER_NOMINAL_CURRENT_APPLIED,CHANGED
lines,LINE:005577,parameter_source,"E-REDES PDIRD-E 2020 Annex B, 31-12-2025 planning table",https://www.e-redes.pt/sites/eredes/files/2022-07/PDIRD-E%202020%20proposta%20final.pdf,CHANGED
lines,LINE:005577,max_i_status,DIRECT_PDIRD_MINIMUM_SUMMER_NOMINAL_CURRENT,DIRECT_PDIRD_MINIMUM_WINTER_NOMINAL_CURRENT,CHANGED
lines,LINE:005577,max_i_ka,0.88435,1.089,CHANGED
lines,LINE:005577,seasonal_rating_status,WINTER_DYNAMIC_AMBIENT_TEMPERATURE_RATING_APPLIED,DIRECT_PDIRD_WINTER_NOMINAL_CURRENT_APPLIED,CHANGED
lines,LINE:005578,parameter_source,"E-REDES PDIRD-E 2020 Annex B, 31-12-2025 planning table",https://www.e-redes.pt/sites/eredes/files/2022-07/PDIRD-E%202020%20proposta%20final.pdf,CHANGED
lines,LINE:005578,max_i_status,DIRECT_PDIRD_MINIMUM_SUMMER_NOMINAL_CURRENT,DIRECT_PDIRD_MINIMUM_WINTER_NOMINAL_CURRENT,CHANGED
lines,LINE:005578,max_i_ka,0.6014499999999999,0.723,CHANGED
lines,LINE:005578,seasonal_rating_status,WINTER_DYNAMIC_AMBIENT_TEMPERATURE_RATING_APPLIED,DIRECT_PDIRD_WINTER_NOMINAL_CURRENT_APPLIED,CHANGED
lines,LINE:005587,parameter_source,"E-REDES PDIRD-E 2020 Annex B, 31-12-2025 planning table",https://www.e-redes.pt/sites/eredes/files/2022-07/PDIRD-E%202020%20proposta%20final.pdf,CHANGED
lines,LINE:005587,max_i_status,DIRECT_PDIRD_MINIMUM_SUMMER_NOMINAL_CURRENT,DIRECT_PDIRD_MINIMUM_WINTER_NOMINAL_CURRENT,CHANGED
lines,LINE:005587,max_i_ka,0.46115,0.451,CHANGED
lines,LINE:005587,seasonal_rating_status,WINTER_DYNAMIC_AMBIENT_TEMPERATURE_RATING_APPLIED,DIRECT_PDIRD_WINTER_NOMINAL_CURRENT_APPLIED,CHANGED
lines,LINE:005588,parameter_source,"E-REDES PDIRD-E 2020 Annex B, 31-12-2025 planning table",https://www.e-redes.pt/sites/eredes/files/2022-07/PDIRD-E%202020%20proposta%20final.pdf,CHANGED
lines,LINE:005588,max_i_status,DIRECT_PDIRD_MINIMUM_SUMMER_NOMINAL_CURRENT,DIRECT_PDIRD_MINIMUM_WINTER_NOMINAL_CURRENT,CHANGED
lines,LINE:005588,max_i_ka,0.46115,0.451,CHANGED
lines,LINE:005588,seasonal_rating_status,WINTER_DYNAMIC_AMBIENT_TEMPERATURE_RATING_APPLIED,DIRECT_PDIRD_WINTER_NOMINAL_CURRENT_APPLIED,CHANGED
lines,LINE:005589,parameter_source,"E-REDES PDIRD-E 2020 Annex B, 31-12-2025 planning table",https://www.e-redes.pt/sites/eredes/files/2022-07/PDIRD-E%202020%20proposta%20final.pdf,CHANGED
lines,LINE:005589,max_i_status,DIRECT_PDIRD_MINIMUM_SUMMER_NOMINAL_CURRENT,DIRECT_PDIRD_MINIMUM_WINTER_NOMINAL_CURRENT,CHANGED
lines,LINE:005589,max_i_ka,0.46115,0.451,CHANGED
lines,LINE:005589,seasonal_rating_status,WINTER_DYNAMIC_AMBIENT_TEMPERATURE_RATING_APPLIED,DIRECT_PDIRD_WINTER_NOMINAL_CURRENT_APPLIED,CHANGED
lines,LINE:005593,parameter_source,"E-REDES PDIRD-E 2020 Annex B, 31-12-2025 planning table",https://www.e-redes.pt/sites/eredes/files/2022-07/PDIRD-E%202020%20proposta%20final.pdf,CHANGED
lines,LINE:005593,max_i_status,DIRECT_PDIRD_MINIMUM_SUMMER_NOMINAL_CURRENT,DIRECT_PDIRD_MINIMUM_WINTER_NOMINAL_CURRENT,CHANGED
lines,LINE:005593,max_i_ka,0.4416,0.544,CHANGED
lines,LINE:005593,seasonal_rating_status,WINTER_DYNAMIC_AMBIENT_TEMPERATURE_RATING_APPLIED,DIRECT_PDIRD_WINTER_NOMINAL_CURRENT_APPLIED,CHANGED
lines,LINE:005594,parameter_source,"E-REDES PDIRD-E 2020 Annex B, 31-12-2025 planning table",https://www.e-redes.pt/sites/eredes/files/2022-07/PDIRD-E%202020%20proposta%20final.pdf,CHANGED
lines,LINE:005594,max_i_status,DIRECT_PDIRD_MINIMUM_SUMMER_NOMINAL_CURRENT,DIRECT_PDIRD_MINIMUM_WINTER_NOMINAL_CURRENT,CHANGED
lines,LINE:005594,max_i_ka,0.4416,0.544,CHANGED
lines,LINE:005594,seasonal_rating_status,WINTER_DYNAMIC_AMBIENT_TEMPERATURE_RATING_APPLIED,DIRECT_PDIRD_WINTER_NOMINAL_CURRENT_APPLIED,CHANGED
lines,LINE:005595,parameter_source,"E-REDES PDIRD-E 2020 Annex B, 31-12-2025 planning table",https://www.e-redes.pt/sites/eredes/files/2022-07/PDIRD-E%202020%20proposta%20final.pdf,CHANGED
lines,LINE:005595,max_i_status,DIRECT_PDIRD_MINIMUM_SUMMER_NOMINAL_CURRENT,DIRECT_PDIRD_MINIMUM_WINTER_NOMINAL_CURRENT,CHANGED
lines,LINE:005595,max_i_ka,0.4416,0.544,CHANGED
lines,LINE:005595,seasonal_rating_status,WINTER_DYNAMIC_AMBIENT_TEMPERATURE_RATING_APPLIED,DIRECT_PDIRD_WINTER_NOMINAL_CURRENT_APPLIED,CHANGED
lines,LINE:005600,parameter_source,"E-REDES PDIRD-E 2020 Annex B, 31-12-2025 planning table",https://www.e-redes.pt/sites/eredes/files/2022-07/PDIRD-E%202020%20proposta%20final.pdf,CHANGED
lines,LINE:005600,max_i_status,DIRECT_PDIRD_MINIMUM_SUMMER_NOMINAL_CURRENT,DIRECT_PDIRD_MINIMUM_WINTER_NOMINAL_CURRENT,CHANGED
lines,LINE:005600,max_i_ka,0.4416,0.544,CHANGED
lines,LINE:005600,seasonal_rating_status,WINTER_DYNAMIC_AMBIENT_TEMPERATURE_RATING_APPLIED,DIRECT_PDIRD_WINTER_NOMINAL_CURRENT_APPLIED,CHANGED
lines,LINE:005602,parameter_source,"E-REDES PDIRD-E 2020 Annex B, 31-12-2025 planning table",https://www.e-redes.pt/sites/eredes/files/2022-07/PDIRD-E%202020%20proposta%20final.pdf,CHANGED
lines,LINE:005602,max_i_status,DIRECT_PDIRD_MINIMUM_SUMMER_NOMINAL_CURRENT,DIRECT_PDIRD_MINIMUM_WINTER_NOMINAL_CURRENT,CHANGED
lines,LINE:005602,max_i_ka,0.23919999999999997,0.285,CHANGED
lines,LINE:005602,seasonal_rating_status,WINTER_DYNAMIC_AMBIENT_TEMPERATURE_RATING_APPLIED,DIRECT_PDIRD_WINTER_NOMINAL_CURRENT_APPLIED,CHANGED
lines,LINE:005603,parameter_status,VOLTAGE_CLASS_ENGINEERING_PROXY,DIRECT_PUBLIC_TWO_CIRCUIT_WINTER_BOTTLENECK,CHANGED
lines,LINE:005603,parameter_source,config/model_config.json,https://www.e-redes.pt/sites/eredes/files/2022-07/PDIRD-E%202020%20proposta%20final.pdf,CHANGED
lines,LINE:005603,parameter_match_designation,,LN60 01/02 PC ORBACÉM-VILA NOVA DE CERVEIRA,CHANGED
lines,LINE:005603,max_i_status,ENGINEERING_PROXY,DIRECT_PUBLIC_TWO_CIRCUIT_WINTER_BOTTLENECK,CHANGED
lines,LINE:005603,max_i_ka,0.6969,0.544,CHANGED
lines,LINE:005603,parallel,1,2,CHANGED
lines,LINE:005603,parallel_status,SOURCE_CIRCUIT_FIELD_OR_SINGLE_CIRCUIT_DEFAULT,PUBLIC_TWO_CIRCUIT_INVENTORY,CHANGED
lines,LINE:005603,rating_override_status,NO_CORRIDOR_OVERRIDE,EXPLICIT_PUBLIC_INVENTORY_CORRECTION,CHANGED
lines,LINE:005603,seasonal_rating_status,WINTER_DYNAMIC_AMBIENT_TEMPERATURE_RATING_APPLIED,DIRECT_PDIRD_WINTER_NOMINAL_CURRENT_APPLIED,CHANGED
lines,LINE:005604,parameter_source,"E-REDES PDIRD-E 2020 Annex B, 31-12-2025 planning table",https://www.e-redes.pt/sites/eredes/files/2022-07/PDIRD-E%202020%20proposta%20final.pdf,CHANGED
lines,LINE:005604,max_i_status,DIRECT_PDIRD_MINIMUM_SUMMER_NOMINAL_CURRENT,DIRECT_PDIRD_MINIMUM_WINTER_NOMINAL_CURRENT,CHANGED
lines,LINE:005604,max_i_ka,0.4416,0.544,CHANGED
lines,LINE:005604,seasonal_rating_status,WINTER_DYNAMIC_AMBIENT_TEMPERATURE_RATING_APPLIED,DIRECT_PDIRD_WINTER_NOMINAL_CURRENT_APPLIED,CHANGED
lines,LINE:005617,parameter_source,"E-REDES PDIRD-E 2020 Annex B, 31-12-2025 planning table",https://www.e-redes.pt/sites/eredes/files/2022-07/PDIRD-E%202020%20proposta%20final.pdf,CHANGED
lines,LINE:005617,max_i_status,DIRECT_PDIRD_MINIMUM_SUMMER_NOMINAL_CURRENT,DIRECT_PDIRD_MINIMUM_WINTER_NOMINAL_CURRENT,CHANGED
lines,LINE:005617,max_i_ka,0.32085,0.387,CHANGED
lines,LINE:005617,seasonal_rating_status,WINTER_DYNAMIC_AMBIENT_TEMPERATURE_RATING_APPLIED,DIRECT_PDIRD_WINTER_NOMINAL_CURRENT_APPLIED,CHANGED
lines,LINE:005620,parameter_source,"E-REDES PDIRD-E 2020 Annex B, 31-12-2025 planning table",https://www.e-redes.pt/sites/eredes/files/2022-07/PDIRD-E%202020%20proposta%20final.pdf,CHANGED
lines,LINE:005620,max_i_status,DIRECT_PDIRD_MINIMUM_SUMMER_NOMINAL_CURRENT,DIRECT_PDIRD_MINIMUM_WINTER_NOMINAL_CURRENT,CHANGED
lines,LINE:005620,max_i_ka,0.88435,1.089,CHANGED
lines,LINE:005620,seasonal_rating_status,WINTER_DYNAMIC_AMBIENT_TEMPERATURE_RATING_APPLIED,DIRECT_PDIRD_WINTER_NOMINAL_CURRENT_APPLIED,CHANGED
lines,LINE:005622,parameter_source,"E-REDES PDIRD-E 2020 Annex B, 31-12-2025 planning table",https://www.e-redes.pt/sites/eredes/files/2022-07/PDIRD-E%202020%20proposta%20final.pdf,CHANGED
lines,LINE:005622,max_i_status,DIRECT_PDIRD_MINIMUM_SUMMER_NOMINAL_CURRENT,DIRECT_PDIRD_MINIMUM_WINTER_NOMINAL_CURRENT,CHANGED
lines,LINE:005622,max_i_ka,0.88435,1.089,CHANGED
lines,LINE:005622,seasonal_rating_status,WINTER_DYNAMIC_AMBIENT_TEMPERATURE_RATING_APPLIED,DIRECT_PDIRD_WINTER_NOMINAL_CURRENT_APPLIED,CHANGED
lines,LINE:005623,parameter_source,"E-REDES PDIRD-E 2020 Annex B, 31-12-2025 planning table",https://www.e-redes.pt/sites/eredes/files/2022-07/PDIRD-E%202020%20proposta%20final.pdf,CHANGED
lines,LINE:005623,max_i_status,DIRECT_PDIRD_MINIMUM_SUMMER_NOMINAL_CURRENT,DIRECT_PDIRD_MINIMUM_WINTER_NOMINAL_CURRENT,CHANGED
lines,LINE:005623,max_i_ka,1.3938,1.372,CHANGED
lines,LINE:005623,seasonal_rating_status,WINTER_DYNAMIC_AMBIENT_TEMPERATURE_RATING_APPLIED,DIRECT_PDIRD_WINTER_NOMINAL_CURRENT_APPLIED,CHANGED
lines,LINE:005624,parameter_source,"E-REDES PDIRD-E 2020 Annex B, 31-12-2025 planning table",https://www.e-redes.pt/sites/eredes/files/2022-07/PDIRD-E%202020%20proposta%20final.pdf,CHANGED
lines,LINE:005624,max_i_status,DIRECT_PDIRD_MINIMUM_SUMMER_NOMINAL_CURRENT,DIRECT_PDIRD_MINIMUM_WINTER_NOMINAL_CURRENT,CHANGED
lines,LINE:005624,max_i_ka,0.88435,1.089,CHANGED
lines,LINE:005624,seasonal_rating_status,WINTER_DYNAMIC_AMBIENT_TEMPERATURE_RATING_APPLIED,DIRECT_PDIRD_WINTER_NOMINAL_CURRENT_APPLIED,CHANGED
lines,LINE:005627,parameter_source,"E-REDES PDIRD-E 2020 Annex B, 31-12-2025 planning table",https://www.e-redes.pt/sites/eredes/files/2022-07/PDIRD-E%202020%20proposta%20final.pdf,CHANGED
lines,LINE:005627,max_i_status,DIRECT_PDIRD_MINIMUM_SUMMER_NOMINAL_CURRENT,DIRECT_PDIRD_MINIMUM_WINTER_NOMINAL_CURRENT,CHANGED
lines,LINE:005627,max_i_ka,0.6014499999999999,0.723,CHANGED
lines,LINE:005627,seasonal_rating_status,WINTER_DYNAMIC_AMBIENT_TEMPERATURE_RATING_APPLIED,DIRECT_PDIRD_WINTER_NOMINAL_CURRENT_APPLIED,CHANGED
lines,LINE:005628,parameter_source,"E-REDES PDIRD-E 2020 Annex B, 31-12-2025 planning table",https://www.e-redes.pt/sites/eredes/files/2022-07/PDIRD-E%202020%20proposta%20final.pdf,CHANGED
lines,LINE:005628,max_i_status,DIRECT_PDIRD_MINIMUM_SUMMER_NOMINAL_CURRENT,DIRECT_PDIRD_MINIMUM_WINTER_NOMINAL_CURRENT,CHANGED
lines,LINE:005628,max_i_ka,0.6014499999999999,0.723,CHANGED
lines,LINE:005628,seasonal_rating_status,WINTER_DYNAMIC_AMBIENT_TEMPERATURE_RATING_APPLIED,DIRECT_PDIRD_WINTER_NOMINAL_CURRENT_APPLIED,CHANGED
lines,LINE:005629,parameter_source,"E-REDES PDIRD-E 2020 Annex B, 31-12-2025 planning table",https://www.e-redes.pt/sites/eredes/files/2022-07/PDIRD-E%202020%20proposta%20final.pdf,CHANGED
lines,LINE:005629,max_i_status,DIRECT_PDIRD_MINIMUM_SUMMER_NOMINAL_CURRENT,DIRECT_PDIRD_MINIMUM_WINTER_NOMINAL_CURRENT,CHANGED
lines,LINE:005629,max_i_ka,0.6014499999999999,0.723,CHANGED
lines,LINE:005629,seasonal_rating_status,WINTER_DYNAMIC_AMBIENT_TEMPERATURE_RATING_APPLIED,DIRECT_PDIRD_WINTER_NOMINAL_CURRENT_APPLIED,CHANGED
lines,LINE:005630,parameter_source,"E-REDES PDIRD-E 2020 Annex B, 31-12-2025 planning table",https://www.e-redes.pt/sites/eredes/files/2022-07/PDIRD-E%202020%20proposta%20final.pdf,CHANGED
lines,LINE:005630,max_i_status,DIRECT_PDIRD_MINIMUM_SUMMER_NOMINAL_CURRENT,DIRECT_PDIRD_MINIMUM_WINTER_NOMINAL_CURRENT,CHANGED
lines,LINE:005630,max_i_ka,0.6014499999999999,0.723,CHANGED
lines,LINE:005630,seasonal_rating_status,WINTER_DYNAMIC_AMBIENT_TEMPERATURE_RATING_APPLIED,DIRECT_PDIRD_WINTER_NOMINAL_CURRENT_APPLIED,CHANGED
lines,LINE:005633,parameter_source,"E-REDES PDIRD-E 2020 Annex B, 31-12-2025 planning table",https://www.e-redes.pt/sites/eredes/files/2022-07/PDIRD-E%202020%20proposta%20final.pdf,CHANGED
lines,LINE:005633,max_i_status,DIRECT_PDIRD_MINIMUM_SUMMER_NOMINAL_CURRENT,DIRECT_PDIRD_MINIMUM_WINTER_NOMINAL_CURRENT,CHANGED
lines,LINE:005633,max_i_ka,0.4416,0.544,CHANGED
lines,LINE:005633,seasonal_rating_status,WINTER_DYNAMIC_AMBIENT_TEMPERATURE_RATING_APPLIED,DIRECT_PDIRD_WINTER_NOMINAL_CURRENT_APPLIED,CHANGED
lines,LINE:005641,parameter_source,"E-REDES PDIRD-E 2020 Annex B, 31-12-2025 planning table",https://www.e-redes.pt/sites/eredes/files/2022-07/PDIRD-E%202020%20proposta%20final.pdf,CHANGED
lines,LINE:005641,max_i_status,DIRECT_PDIRD_MINIMUM_SUMMER_NOMINAL_CURRENT,DIRECT_PDIRD_MINIMUM_WINTER_NOMINAL_CURRENT,CHANGED
lines,LINE:005641,max_i_ka,0.46115,0.451,CHANGED
lines,LINE:005641,seasonal_rating_status,WINTER_DYNAMIC_AMBIENT_TEMPERATURE_RATING_APPLIED,DIRECT_PDIRD_WINTER_NOMINAL_CURRENT_APPLIED,CHANGED
lines,LINE:005642,parameter_source,"E-REDES PDIRD-E 2020 Annex B, 31-12-2025 planning table",https://www.e-redes.pt/sites/eredes/files/2022-07/PDIRD-E%202020%20proposta%20final.pdf,CHANGED
lines,LINE:005642,max_i_status,DIRECT_PDIRD_MINIMUM_SUMMER_NOMINAL_CURRENT,DIRECT_PDIRD_MINIMUM_WINTER_NOMINAL_CURRENT,CHANGED
lines,LINE:005642,max_i_ka,0.46115,0.451,CHANGED
lines,LINE:005642,seasonal_rating_status,WINTER_DYNAMIC_AMBIENT_TEMPERATURE_RATING_APPLIED,DIRECT_PDIRD_WINTER_NOMINAL_CURRENT_APPLIED,CHANGED
lines,LINE:005643,parameter_source,"E-REDES PDIRD-E 2020 Annex B, 31-12-2025 planning table",https://www.e-redes.pt/sites/eredes/files/2022-07/PDIRD-E%202020%20proposta%20final.pdf,CHANGED
lines,LINE:005643,max_i_status,DIRECT_PDIRD_MINIMUM_SUMMER_NOMINAL_CURRENT,DIRECT_PDIRD_MINIMUM_WINTER_NOMINAL_CURRENT,CHANGED
lines,LINE:005643,max_i_ka,0.46115,0.451,CHANGED
lines,LINE:005643,seasonal_rating_status,WINTER_DYNAMIC_AMBIENT_TEMPERATURE_RATING_APPLIED,DIRECT_PDIRD_WINTER_NOMINAL_CURRENT_APPLIED,CHANGED
lines,LINE:005647,parameter_source,"E-REDES PDIRD-E 2020 Annex B, 31-12-2025 planning table",https://www.e-redes.pt/sites/eredes/files/2022-07/PDIRD-E%202020%20proposta%20final.pdf,CHANGED
lines,LINE:005647,max_i_status,DIRECT_PDIRD_MINIMUM_SUMMER_NOMINAL_CURRENT,DIRECT_PDIRD_MINIMUM_WINTER_NOMINAL_CURRENT,CHANGED
lines,LINE:005647,max_i_ka,1.3938,1.372,CHANGED
lines,LINE:005647,seasonal_rating_status,WINTER_DYNAMIC_AMBIENT_TEMPERATURE_RATING_APPLIED,DIRECT_PDIRD_WINTER_NOMINAL_CURRENT_APPLIED,CHANGED
lines,LINE:006138,asset_type,overhead,busbar,CHANGED
lines,LINE:006138,parameter_status,VOLTAGE_CLASS_ENGINEERING_PROXY,OSM_STATION_BUSBAR_CONNECTOR,CHANGED
lines,LINE:006138,max_i_status,ENGINEERING_PROXY,NOT_APPLICABLE_STATION_BUSBAR,CHANGED
lines,LINE:006151,asset_type,overhead,busbar,CHANGED
lines,LINE:006151,parameter_status,VOLTAGE_CLASS_ENGINEERING_PROXY,OSM_STATION_BUSBAR_CONNECTOR,CHANGED
lines,LINE:006151,max_i_status,ENGINEERING_PROXY,NOT_APPLICABLE_STATION_BUSBAR,CHANGED
transformers,TRAFO:00209,lv_bus,BUS:EREDES:0810S5063600:60,BUS:JUNCTION:60:00059,CHANGED
transformers,TRAFO:00209,sn_mva,170.0,126.0,CHANGED
transformers,TRAFO:00209,source_status,RARI_BOUNDARY_NAME_AND_SPATIAL_INFERRED,PUBLIC_PDIRT_2025_PLANNED_INVENTORY_WITH_COLOCATED_60KV_ENDPOINT,CHANGED
transformers,TRAFO:00209,parameter_status,VOLTAGE_PAIR_PROXY+REN_VOLTAGE_PAIR_AGGREGATE_CALIBRATION,PUBLIC_PDIRT_2025_UNIT_RATING_AND_COUNT,CHANGED
