line_id,r_ohm_per_km,r_status,reviewed_evidence_status,evidence_key
LINE:000003,0.05465,CONDUCTOR_DERIVED_USING_DOCUMENTED_PORTUGUESE_PROJECT_RESISTANCE,PROJECT_PARAMETER_TRANSFER_ENGINEERING_ASSUMPTION,CONDUCTOR_R
LINE:000004,0.1093,CONDUCTOR_DERIVED_USING_DOCUMENTED_PORTUGUESE_PROJECT_RESISTANCE,PROJECT_PARAMETER_TRANSFER_ENGINEERING_ASSUMPTION,CONDUCTOR_R
LINE:000007,0.1093,CONDUCTOR_DERIVED_USING_DOCUMENTED_PORTUGUESE_PROJECT_RESISTANCE,PROJECT_PARAMETER_TRANSFER_ENGINEERING_ASSUMPTION,CONDUCTOR_R
LINE:000009,0.1093,CONDUCTOR_DERIVED_USING_DOCUMENTED_PORTUGUESE_PROJECT_RESISTANCE,PROJECT_PARAMETER_TRANSFER_ENGINEERING_ASSUMPTION,CONDUCTOR_R
LINE:000010,0.1093,CONDUCTOR_DERIVED_USING_DOCUMENTED_PORTUGUESE_PROJECT_RESISTANCE,PROJECT_PARAMETER_TRANSFER_ENGINEERING_ASSUMPTION,CONDUCTOR_R
LINE:000014,0.1520021849849094,CONDUCTOR_DERIVED_USING_DOCUMENTED_PORTUGUESE_PROJECT_RESISTANCE,PROJECT_PARAMETER_TRANSFER_ENGINEERING_ASSUMPTION,CONDUCTOR_R
LINE:000015,0.1520021849849094,CONDUCTOR_DERIVED_USING_DOCUMENTED_PORTUGUESE_PROJECT_RESISTANCE,PROJECT_PARAMETER_TRANSFER_ENGINEERING_ASSUMPTION,CONDUCTOR_R
LINE:000017,0.2029857142857143,CONDUCTOR_DERIVED_USING_DOCUMENTED_PORTUGUESE_PROJECT_RESISTANCE,PROJECT_PARAMETER_TRANSFER_ENGINEERING_ASSUMPTION,CONDUCTOR_R
LINE:000020,0.04542818457244,CONDUCTOR_DERIVED_USING_DOCUMENTED_PORTUGUESE_PROJECT_RESISTANCE,PROJECT_PARAMETER_TRANSFER_ENGINEERING_ASSUMPTION,CONDUCTOR_R
LINE:000022,0.0847443820224719,CONDUCTOR_DERIVED_USING_DOCUMENTED_PORTUGUESE_PROJECT_RESISTANCE,PROJECT_PARAMETER_TRANSFER_ENGINEERING_ASSUMPTION,CONDUCTOR_R
LINE:000024,0.1990419861337683,CONDUCTOR_DERIVED_USING_DOCUMENTED_PORTUGUESE_PROJECT_RESISTANCE,PROJECT_PARAMETER_TRANSFER_ENGINEERING_ASSUMPTION,CONDUCTOR_R
LINE:000026,0.1090599455782313,CONDUCTOR_DERIVED_USING_DOCUMENTED_PORTUGUESE_PROJECT_RESISTANCE,PROJECT_PARAMETER_TRANSFER_ENGINEERING_ASSUMPTION,CONDUCTOR_R
LINE:000027,0.1090599455782313,CONDUCTOR_DERIVED_USING_DOCUMENTED_PORTUGUESE_PROJECT_RESISTANCE,PROJECT_PARAMETER_TRANSFER_ENGINEERING_ASSUMPTION,CONDUCTOR_R
LINE:000034,0.0754,CONDUCTOR_DERIVED_USING_DOCUMENTED_PORTUGUESE_PROJECT_RESISTANCE,PROJECT_PARAMETER_TRANSFER_ENGINEERING_ASSUMPTION,CONDUCTOR_R
LINE:000039,0.0754,CONDUCTOR_DERIVED_USING_DOCUMENTED_PORTUGUESE_PROJECT_RESISTANCE,PROJECT_PARAMETER_TRANSFER_ENGINEERING_ASSUMPTION,CONDUCTOR_R
LINE:000052,0.1090599455782313,CONDUCTOR_DERIVED_USING_DOCUMENTED_PORTUGUESE_PROJECT_RESISTANCE,PROJECT_PARAMETER_TRANSFER_ENGINEERING_ASSUMPTION,CONDUCTOR_R
LINE:000054,0.0802957910014513,CONDUCTOR_DERIVED_USING_DOCUMENTED_PORTUGUESE_PROJECT_RESISTANCE,PROJECT_PARAMETER_TRANSFER_ENGINEERING_ASSUMPTION,CONDUCTOR_R
LINE:000055,0.0802957910014513,CONDUCTOR_DERIVED_USING_DOCUMENTED_PORTUGUESE_PROJECT_RESISTANCE,PROJECT_PARAMETER_TRANSFER_ENGINEERING_ASSUMPTION,CONDUCTOR_R
LINE:000056,0.0802957910014513,CONDUCTOR_DERIVED_USING_DOCUMENTED_PORTUGUESE_PROJECT_RESISTANCE,PROJECT_PARAMETER_TRANSFER_ENGINEERING_ASSUMPTION,CONDUCTOR_R
LINE:000066,0.2102536611226611,CONDUCTOR_DERIVED_USING_DOCUMENTED_PORTUGUESE_PROJECT_RESISTANCE,PROJECT_PARAMETER_TRANSFER_ENGINEERING_ASSUMPTION,CONDUCTOR_R
LINE:000067,0.1118582027409046,CONDUCTOR_DERIVED_USING_DOCUMENTED_PORTUGUESE_PROJECT_RESISTANCE,PROJECT_PARAMETER_TRANSFER_ENGINEERING_ASSUMPTION,CONDUCTOR_R
LINE:000069,0.1093,CONDUCTOR_DERIVED_USING_DOCUMENTED_PORTUGUESE_PROJECT_RESISTANCE,PROJECT_PARAMETER_TRANSFER_ENGINEERING_ASSUMPTION,CONDUCTOR_R
LINE:000070,0.1118582027409046,CONDUCTOR_DERIVED_USING_DOCUMENTED_PORTUGUESE_PROJECT_RESISTANCE,PROJECT_PARAMETER_TRANSFER_ENGINEERING_ASSUMPTION,CONDUCTOR_R
LINE:000071,0.1118582027409046,CONDUCTOR_DERIVED_USING_DOCUMENTED_PORTUGUESE_PROJECT_RESISTANCE,PROJECT_PARAMETER_TRANSFER_ENGINEERING_ASSUMPTION,CONDUCTOR_R
LINE:000074,0.1118582027409046,CONDUCTOR_DERIVED_USING_DOCUMENTED_PORTUGUESE_PROJECT_RESISTANCE,PROJECT_PARAMETER_TRANSFER_ENGINEERING_ASSUMPTION,CONDUCTOR_R
LINE:000075,0.1118582027409046,CONDUCTOR_DERIVED_USING_DOCUMENTED_PORTUGUESE_PROJECT_RESISTANCE,PROJECT_PARAMETER_TRANSFER_ENGINEERING_ASSUMPTION,CONDUCTOR_R
LINE:000084,0.1094324128128815,CONDUCTOR_DERIVED_USING_DOCUMENTED_PORTUGUESE_PROJECT_RESISTANCE,PROJECT_PARAMETER_TRANSFER_ENGINEERING_ASSUMPTION,CONDUCTOR_R
LINE:000086,0.05455382685069,CONDUCTOR_DERIVED_USING_DOCUMENTED_PORTUGUESE_PROJECT_RESISTANCE,PROJECT_PARAMETER_TRANSFER_ENGINEERING_ASSUMPTION,CONDUCTOR_R
LINE:000087,0.0754,CONDUCTOR_DERIVED_USING_DOCUMENTED_PORTUGUESE_PROJECT_RESISTANCE,PROJECT_PARAMETER_TRANSFER_ENGINEERING_ASSUMPTION,CONDUCTOR_R
LINE:000088,0.0754,CONDUCTOR_DERIVED_USING_DOCUMENTED_PORTUGUESE_PROJECT_RESISTANCE,PROJECT_PARAMETER_TRANSFER_ENGINEERING_ASSUMPTION,CONDUCTOR_R
LINE:000089,0.0754,CONDUCTOR_DERIVED_USING_DOCUMENTED_PORTUGUESE_PROJECT_RESISTANCE,PROJECT_PARAMETER_TRANSFER_ENGINEERING_ASSUMPTION,CONDUCTOR_R
LINE:000096,0.2220156249999999,CONDUCTOR_DERIVED_USING_DOCUMENTED_PORTUGUESE_PROJECT_RESISTANCE,PROJECT_PARAMETER_TRANSFER_ENGINEERING_ASSUMPTION,CONDUCTOR_R
LINE:000098,0.1093,CONDUCTOR_DERIVED_USING_DOCUMENTED_PORTUGUESE_PROJECT_RESISTANCE,PROJECT_PARAMETER_TRANSFER_ENGINEERING_ASSUMPTION,CONDUCTOR_R
LINE:000113,0.1052867104183757,CONDUCTOR_DERIVED_USING_DOCUMENTED_PORTUGUESE_PROJECT_RESISTANCE,PROJECT_PARAMETER_TRANSFER_ENGINEERING_ASSUMPTION,CONDUCTOR_R
LINE:000117,0.0496335274542429,CONDUCTOR_DERIVED_USING_DOCUMENTED_PORTUGUESE_PROJECT_RESISTANCE,PROJECT_PARAMETER_TRANSFER_ENGINEERING_ASSUMPTION,CONDUCTOR_R
LINE:000125,0.144407845465413,CONDUCTOR_DERIVED_USING_DOCUMENTED_PORTUGUESE_PROJECT_RESISTANCE,PROJECT_PARAMETER_TRANSFER_ENGINEERING_ASSUMPTION,CONDUCTOR_R
LINE:000128,0.1159519890091863,CONDUCTOR_DERIVED_USING_DOCUMENTED_PORTUGUESE_PROJECT_RESISTANCE,PROJECT_PARAMETER_TRANSFER_ENGINEERING_ASSUMPTION,CONDUCTOR_R
LINE:000132,0.144407845465413,CONDUCTOR_DERIVED_USING_DOCUMENTED_PORTUGUESE_PROJECT_RESISTANCE,PROJECT_PARAMETER_TRANSFER_ENGINEERING_ASSUMPTION,CONDUCTOR_R
LINE:000133,0.1093,CONDUCTOR_DERIVED_USING_DOCUMENTED_PORTUGUESE_PROJECT_RESISTANCE,PROJECT_PARAMETER_TRANSFER_ENGINEERING_ASSUMPTION,CONDUCTOR_R
LINE:000151,0.110729485821382,CONDUCTOR_DERIVED_USING_DOCUMENTED_PORTUGUESE_PROJECT_RESISTANCE,PROJECT_PARAMETER_TRANSFER_ENGINEERING_ASSUMPTION,CONDUCTOR_R
LINE:000152,0.1159519890091863,CONDUCTOR_DERIVED_USING_DOCUMENTED_PORTUGUESE_PROJECT_RESISTANCE,PROJECT_PARAMETER_TRANSFER_ENGINEERING_ASSUMPTION,CONDUCTOR_R
LINE:000153,0.1159519890091863,CONDUCTOR_DERIVED_USING_DOCUMENTED_PORTUGUESE_PROJECT_RESISTANCE,PROJECT_PARAMETER_TRANSFER_ENGINEERING_ASSUMPTION,CONDUCTOR_R
LINE:000159,0.05465,CONDUCTOR_DERIVED_USING_DOCUMENTED_PORTUGUESE_PROJECT_RESISTANCE,PROJECT_PARAMETER_TRANSFER_ENGINEERING_ASSUMPTION,CONDUCTOR_R
LINE:000160,0.05465,CONDUCTOR_DERIVED_USING_DOCUMENTED_PORTUGUESE_PROJECT_RESISTANCE,PROJECT_PARAMETER_TRANSFER_ENGINEERING_ASSUMPTION,CONDUCTOR_R
LINE:000166,0.2599710316918243,CONDUCTOR_DERIVED_USING_DOCUMENTED_PORTUGUESE_PROJECT_RESISTANCE,PROJECT_PARAMETER_TRANSFER_ENGINEERING_ASSUMPTION,CONDUCTOR_R
LINE:000167,0.2599710316918243,CONDUCTOR_DERIVED_USING_DOCUMENTED_PORTUGUESE_PROJECT_RESISTANCE,PROJECT_PARAMETER_TRANSFER_ENGINEERING_ASSUMPTION,CONDUCTOR_R
LINE:000168,0.0544222139673105,CONDUCTOR_DERIVED_USING_DOCUMENTED_PORTUGUESE_PROJECT_RESISTANCE,PROJECT_PARAMETER_TRANSFER_ENGINEERING_ASSUMPTION,CONDUCTOR_R
LINE:000169,0.0544222139673105,CONDUCTOR_DERIVED_USING_DOCUMENTED_PORTUGUESE_PROJECT_RESISTANCE,PROJECT_PARAMETER_TRANSFER_ENGINEERING_ASSUMPTION,CONDUCTOR_R
LINE:000172,0.2220156249999999,CONDUCTOR_DERIVED_USING_DOCUMENTED_PORTUGUESE_PROJECT_RESISTANCE,PROJECT_PARAMETER_TRANSFER_ENGINEERING_ASSUMPTION,CONDUCTOR_R
LINE:000173,0.2220156249999999,CONDUCTOR_DERIVED_USING_DOCUMENTED_PORTUGUESE_PROJECT_RESISTANCE,PROJECT_PARAMETER_TRANSFER_ENGINEERING_ASSUMPTION,CONDUCTOR_R
LINE:000174,0.1094324128128815,CONDUCTOR_DERIVED_USING_DOCUMENTED_PORTUGUESE_PROJECT_RESISTANCE,PROJECT_PARAMETER_TRANSFER_ENGINEERING_ASSUMPTION,CONDUCTOR_R
LINE:000178,0.08880625,CONDUCTOR_DERIVED_USING_DOCUMENTED_PORTUGUESE_PROJECT_RESISTANCE,PROJECT_PARAMETER_TRANSFER_ENGINEERING_ASSUMPTION,CONDUCTOR_R
LINE:000179,0.2102536611226611,CONDUCTOR_DERIVED_USING_DOCUMENTED_PORTUGUESE_PROJECT_RESISTANCE,PROJECT_PARAMETER_TRANSFER_ENGINEERING_ASSUMPTION,CONDUCTOR_R
LINE:000180,0.1001458585858586,CONDUCTOR_DERIVED_USING_DOCUMENTED_PORTUGUESE_PROJECT_RESISTANCE,PROJECT_PARAMETER_TRANSFER_ENGINEERING_ASSUMPTION,CONDUCTOR_R
LINE:000181,0.1093,CONDUCTOR_DERIVED_USING_DOCUMENTED_PORTUGUESE_PROJECT_RESISTANCE,PROJECT_PARAMETER_TRANSFER_ENGINEERING_ASSUMPTION,CONDUCTOR_R
LINE:000182,0.2213150725255972,CONDUCTOR_DERIVED_USING_DOCUMENTED_PORTUGUESE_PROJECT_RESISTANCE,PROJECT_PARAMETER_TRANSFER_ENGINEERING_ASSUMPTION,CONDUCTOR_R
LINE:000185,0.1501637099994295,CONDUCTOR_DERIVED_USING_DOCUMENTED_PORTUGUESE_PROJECT_RESISTANCE,PROJECT_PARAMETER_TRANSFER_ENGINEERING_ASSUMPTION,CONDUCTOR_R
LINE:000193,0.2599710316918243,CONDUCTOR_DERIVED_USING_DOCUMENTED_PORTUGUESE_PROJECT_RESISTANCE,PROJECT_PARAMETER_TRANSFER_ENGINEERING_ASSUMPTION,CONDUCTOR_R
LINE:000194,0.2599710316918243,CONDUCTOR_DERIVED_USING_DOCUMENTED_PORTUGUESE_PROJECT_RESISTANCE,PROJECT_PARAMETER_TRANSFER_ENGINEERING_ASSUMPTION,CONDUCTOR_R
LINE:000232,0.1088390804597701,CONDUCTOR_DERIVED_USING_DOCUMENTED_PORTUGUESE_PROJECT_RESISTANCE,PROJECT_PARAMETER_TRANSFER_ENGINEERING_ASSUMPTION,CONDUCTOR_R
LINE:000233,0.1088390804597701,CONDUCTOR_DERIVED_USING_DOCUMENTED_PORTUGUESE_PROJECT_RESISTANCE,PROJECT_PARAMETER_TRANSFER_ENGINEERING_ASSUMPTION,CONDUCTOR_R
LINE:000235,0.1093,CONDUCTOR_DERIVED_USING_DOCUMENTED_PORTUGUESE_PROJECT_RESISTANCE,PROJECT_PARAMETER_TRANSFER_ENGINEERING_ASSUMPTION,CONDUCTOR_R
LINE:000236,0.222015625,CONDUCTOR_DERIVED_USING_DOCUMENTED_PORTUGUESE_PROJECT_RESISTANCE,PROJECT_PARAMETER_TRANSFER_ENGINEERING_ASSUMPTION,CONDUCTOR_R
LINE:000244,0.1667812775633958,CONDUCTOR_DERIVED_USING_DOCUMENTED_PORTUGUESE_PROJECT_RESISTANCE,PROJECT_PARAMETER_TRANSFER_ENGINEERING_ASSUMPTION,CONDUCTOR_R
LINE:000251,0.05465,CONDUCTOR_DERIVED_USING_DOCUMENTED_PORTUGUESE_PROJECT_RESISTANCE,PROJECT_PARAMETER_TRANSFER_ENGINEERING_ASSUMPTION,CONDUCTOR_R
LINE:000257,0.1052867104183757,CONDUCTOR_DERIVED_USING_DOCUMENTED_PORTUGUESE_PROJECT_RESISTANCE,PROJECT_PARAMETER_TRANSFER_ENGINEERING_ASSUMPTION,CONDUCTOR_R
LINE:000260,0.05465,CONDUCTOR_DERIVED_USING_DOCUMENTED_PORTUGUESE_PROJECT_RESISTANCE,PROJECT_PARAMETER_TRANSFER_ENGINEERING_ASSUMPTION,CONDUCTOR_R
LINE:000262,0.0544222139673105,CONDUCTOR_DERIVED_USING_DOCUMENTED_PORTUGUESE_PROJECT_RESISTANCE,PROJECT_PARAMETER_TRANSFER_ENGINEERING_ASSUMPTION,CONDUCTOR_R
LINE:000263,0.222015625,CONDUCTOR_DERIVED_USING_DOCUMENTED_PORTUGUESE_PROJECT_RESISTANCE,PROJECT_PARAMETER_TRANSFER_ENGINEERING_ASSUMPTION,CONDUCTOR_R
LINE:000267,0.1093,CONDUCTOR_DERIVED_USING_DOCUMENTED_PORTUGUESE_PROJECT_RESISTANCE,PROJECT_PARAMETER_TRANSFER_ENGINEERING_ASSUMPTION,CONDUCTOR_R
LINE:000286,0.1093,CONDUCTOR_DERIVED_USING_DOCUMENTED_PORTUGUESE_PROJECT_RESISTANCE,PROJECT_PARAMETER_TRANSFER_ENGINEERING_ASSUMPTION,CONDUCTOR_R
LINE:000294,0.05465,CONDUCTOR_DERIVED_USING_DOCUMENTED_PORTUGUESE_PROJECT_RESISTANCE,PROJECT_PARAMETER_TRANSFER_ENGINEERING_ASSUMPTION,CONDUCTOR_R
LINE:000302,0.0755797872340425,CONDUCTOR_DERIVED_USING_DOCUMENTED_PORTUGUESE_PROJECT_RESISTANCE,PROJECT_PARAMETER_TRANSFER_ENGINEERING_ASSUMPTION,CONDUCTOR_R
LINE:000303,0.1099649466036414,CONDUCTOR_DERIVED_USING_DOCUMENTED_PORTUGUESE_PROJECT_RESISTANCE,PROJECT_PARAMETER_TRANSFER_ENGINEERING_ASSUMPTION,CONDUCTOR_R
LINE:000304,0.1099649466036414,CONDUCTOR_DERIVED_USING_DOCUMENTED_PORTUGUESE_PROJECT_RESISTANCE,PROJECT_PARAMETER_TRANSFER_ENGINEERING_ASSUMPTION,CONDUCTOR_R
LINE:000310,0.1093,CONDUCTOR_DERIVED_USING_DOCUMENTED_PORTUGUESE_PROJECT_RESISTANCE,PROJECT_PARAMETER_TRANSFER_ENGINEERING_ASSUMPTION,CONDUCTOR_R
LINE:000312,0.1667812775633958,CONDUCTOR_DERIVED_USING_DOCUMENTED_PORTUGUESE_PROJECT_RESISTANCE,PROJECT_PARAMETER_TRANSFER_ENGINEERING_ASSUMPTION,CONDUCTOR_R
LINE:000314,0.2839595589539007,CONDUCTOR_DERIVED_USING_DOCUMENTED_PORTUGUESE_PROJECT_RESISTANCE,PROJECT_PARAMETER_TRANSFER_ENGINEERING_ASSUMPTION,CONDUCTOR_R
LINE:000318,0.1093,CONDUCTOR_DERIVED_USING_DOCUMENTED_PORTUGUESE_PROJECT_RESISTANCE,PROJECT_PARAMETER_TRANSFER_ENGINEERING_ASSUMPTION,CONDUCTOR_R
LINE:000325,0.1093,CONDUCTOR_DERIVED_USING_DOCUMENTED_PORTUGUESE_PROJECT_RESISTANCE,PROJECT_PARAMETER_TRANSFER_ENGINEERING_ASSUMPTION,CONDUCTOR_R
LINE:000327,0.1091393484848484,CONDUCTOR_DERIVED_USING_DOCUMENTED_PORTUGUESE_PROJECT_RESISTANCE,PROJECT_PARAMETER_TRANSFER_ENGINEERING_ASSUMPTION,CONDUCTOR_R
LINE:000348,0.222015625,CONDUCTOR_DERIVED_USING_DOCUMENTED_PORTUGUESE_PROJECT_RESISTANCE,PROJECT_PARAMETER_TRANSFER_ENGINEERING_ASSUMPTION,CONDUCTOR_R
LINE:000360,0.1093,CONDUCTOR_DERIVED_USING_DOCUMENTED_PORTUGUESE_PROJECT_RESISTANCE,PROJECT_PARAMETER_TRANSFER_ENGINEERING_ASSUMPTION,CONDUCTOR_R
LINE:000367,0.1005884658454647,CONDUCTOR_DERIVED_USING_DOCUMENTED_PORTUGUESE_PROJECT_RESISTANCE,PROJECT_PARAMETER_TRANSFER_ENGINEERING_ASSUMPTION,CONDUCTOR_R
LINE:000368,0.222015625,CONDUCTOR_DERIVED_USING_DOCUMENTED_PORTUGUESE_PROJECT_RESISTANCE,PROJECT_PARAMETER_TRANSFER_ENGINEERING_ASSUMPTION,CONDUCTOR_R
LINE:000373,0.1093,CONDUCTOR_DERIVED_USING_DOCUMENTED_PORTUGUESE_PROJECT_RESISTANCE,PROJECT_PARAMETER_TRANSFER_ENGINEERING_ASSUMPTION,CONDUCTOR_R
LINE:000377,0.1453472921785422,CONDUCTOR_DERIVED_USING_DOCUMENTED_PORTUGUESE_PROJECT_RESISTANCE,PROJECT_PARAMETER_TRANSFER_ENGINEERING_ASSUMPTION,CONDUCTOR_R
LINE:000378,0.163789854751461,CONDUCTOR_DERIVED_USING_DOCUMENTED_PORTUGUESE_PROJECT_RESISTANCE,PROJECT_PARAMETER_TRANSFER_ENGINEERING_ASSUMPTION,CONDUCTOR_R
LINE:000379,0.1093,CONDUCTOR_DERIVED_USING_DOCUMENTED_PORTUGUESE_PROJECT_RESISTANCE,PROJECT_PARAMETER_TRANSFER_ENGINEERING_ASSUMPTION,CONDUCTOR_R
LINE:000381,0.0765043106252846,CONDUCTOR_DERIVED_USING_DOCUMENTED_PORTUGUESE_PROJECT_RESISTANCE,PROJECT_PARAMETER_TRANSFER_ENGINEERING_ASSUMPTION,CONDUCTOR_R
LINE:000382,0.0765043106252846,CONDUCTOR_DERIVED_USING_DOCUMENTED_PORTUGUESE_PROJECT_RESISTANCE,PROJECT_PARAMETER_TRANSFER_ENGINEERING_ASSUMPTION,CONDUCTOR_R
LINE:000388,0.1093,CONDUCTOR_DERIVED_USING_DOCUMENTED_PORTUGUESE_PROJECT_RESISTANCE,PROJECT_PARAMETER_TRANSFER_ENGINEERING_ASSUMPTION,CONDUCTOR_R
LINE:000389,0.1093,CONDUCTOR_DERIVED_USING_DOCUMENTED_PORTUGUESE_PROJECT_RESISTANCE,PROJECT_PARAMETER_TRANSFER_ENGINEERING_ASSUMPTION,CONDUCTOR_R
LINE:000390,0.1088892445582586,CONDUCTOR_DERIVED_USING_DOCUMENTED_PORTUGUESE_PROJECT_RESISTANCE,PROJECT_PARAMETER_TRANSFER_ENGINEERING_ASSUMPTION,CONDUCTOR_R
LINE:000399,0.1093,CONDUCTOR_DERIVED_USING_DOCUMENTED_PORTUGUESE_PROJECT_RESISTANCE,PROJECT_PARAMETER_TRANSFER_ENGINEERING_ASSUMPTION,CONDUCTOR_R
LINE:000400,0.1093,CONDUCTOR_DERIVED_USING_DOCUMENTED_PORTUGUESE_PROJECT_RESISTANCE,PROJECT_PARAMETER_TRANSFER_ENGINEERING_ASSUMPTION,CONDUCTOR_R
LINE:000403,0.222015625,CONDUCTOR_DERIVED_USING_DOCUMENTED_PORTUGUESE_PROJECT_RESISTANCE,PROJECT_PARAMETER_TRANSFER_ENGINEERING_ASSUMPTION,CONDUCTOR_R
LINE:000404,0.1051847161028993,CONDUCTOR_DERIVED_USING_DOCUMENTED_PORTUGUESE_PROJECT_RESISTANCE,PROJECT_PARAMETER_TRANSFER_ENGINEERING_ASSUMPTION,CONDUCTOR_R
LINE:000413,0.1093,CONDUCTOR_DERIVED_USING_DOCUMENTED_PORTUGUESE_PROJECT_RESISTANCE,PROJECT_PARAMETER_TRANSFER_ENGINEERING_ASSUMPTION,CONDUCTOR_R
LINE:000415,0.222015625,CONDUCTOR_DERIVED_USING_DOCUMENTED_PORTUGUESE_PROJECT_RESISTANCE,PROJECT_PARAMETER_TRANSFER_ENGINEERING_ASSUMPTION,CONDUCTOR_R
LINE:000432,0.0754,CONDUCTOR_DERIVED_USING_DOCUMENTED_PORTUGUESE_PROJECT_RESISTANCE,PROJECT_PARAMETER_TRANSFER_ENGINEERING_ASSUMPTION,CONDUCTOR_R
LINE:000442,0.221562174613402,CONDUCTOR_DERIVED_USING_DOCUMENTED_PORTUGUESE_PROJECT_RESISTANCE,PROJECT_PARAMETER_TRANSFER_ENGINEERING_ASSUMPTION,CONDUCTOR_R
LINE:000446,0.05465,CONDUCTOR_DERIVED_USING_DOCUMENTED_PORTUGUESE_PROJECT_RESISTANCE,PROJECT_PARAMETER_TRANSFER_ENGINEERING_ASSUMPTION,CONDUCTOR_R
LINE:000447,0.05465,CONDUCTOR_DERIVED_USING_DOCUMENTED_PORTUGUESE_PROJECT_RESISTANCE,PROJECT_PARAMETER_TRANSFER_ENGINEERING_ASSUMPTION,CONDUCTOR_R
LINE:000448,0.05465,CONDUCTOR_DERIVED_USING_DOCUMENTED_PORTUGUESE_PROJECT_RESISTANCE,PROJECT_PARAMETER_TRANSFER_ENGINEERING_ASSUMPTION,CONDUCTOR_R
LINE:000450,0.1089433794466403,CONDUCTOR_DERIVED_USING_DOCUMENTED_PORTUGUESE_PROJECT_RESISTANCE,PROJECT_PARAMETER_TRANSFER_ENGINEERING_ASSUMPTION,CONDUCTOR_R
LINE:000453,0.222015625,CONDUCTOR_DERIVED_USING_DOCUMENTED_PORTUGUESE_PROJECT_RESISTANCE,PROJECT_PARAMETER_TRANSFER_ENGINEERING_ASSUMPTION,CONDUCTOR_R
LINE:000462,0.222015625,CONDUCTOR_DERIVED_USING_DOCUMENTED_PORTUGUESE_PROJECT_RESISTANCE,PROJECT_PARAMETER_TRANSFER_ENGINEERING_ASSUMPTION,CONDUCTOR_R
LINE:000463,0.2218801494891827,CONDUCTOR_DERIVED_USING_DOCUMENTED_PORTUGUESE_PROJECT_RESISTANCE,PROJECT_PARAMETER_TRANSFER_ENGINEERING_ASSUMPTION,CONDUCTOR_R
LINE:000464,0.2218801494891827,CONDUCTOR_DERIVED_USING_DOCUMENTED_PORTUGUESE_PROJECT_RESISTANCE,PROJECT_PARAMETER_TRANSFER_ENGINEERING_ASSUMPTION,CONDUCTOR_R
LINE:000469,0.05465,CONDUCTOR_DERIVED_USING_DOCUMENTED_PORTUGUESE_PROJECT_RESISTANCE,PROJECT_PARAMETER_TRANSFER_ENGINEERING_ASSUMPTION,CONDUCTOR_R
LINE:000479,0.047,CONDUCTOR_DERIVED_USING_DOCUMENTED_PORTUGUESE_PROJECT_RESISTANCE,PROJECT_PARAMETER_TRANSFER_ENGINEERING_ASSUMPTION,CONDUCTOR_R
LINE:000480,0.047,CONDUCTOR_DERIVED_USING_DOCUMENTED_PORTUGUESE_PROJECT_RESISTANCE,PROJECT_PARAMETER_TRANSFER_ENGINEERING_ASSUMPTION,CONDUCTOR_R
LINE:000481,0.047,CONDUCTOR_DERIVED_USING_DOCUMENTED_PORTUGUESE_PROJECT_RESISTANCE,PROJECT_PARAMETER_TRANSFER_ENGINEERING_ASSUMPTION,CONDUCTOR_R
LINE:000482,0.047,CONDUCTOR_DERIVED_USING_DOCUMENTED_PORTUGUESE_PROJECT_RESISTANCE,PROJECT_PARAMETER_TRANSFER_ENGINEERING_ASSUMPTION,CONDUCTOR_R
LINE:000483,0.047,CONDUCTOR_DERIVED_USING_DOCUMENTED_PORTUGUESE_PROJECT_RESISTANCE,PROJECT_PARAMETER_TRANSFER_ENGINEERING_ASSUMPTION,CONDUCTOR_R
LINE:000487,0.05465,CONDUCTOR_DERIVED_USING_DOCUMENTED_PORTUGUESE_PROJECT_RESISTANCE,PROJECT_PARAMETER_TRANSFER_ENGINEERING_ASSUMPTION,CONDUCTOR_R
LINE:000488,0.05465,CONDUCTOR_DERIVED_USING_DOCUMENTED_PORTUGUESE_PROJECT_RESISTANCE,PROJECT_PARAMETER_TRANSFER_ENGINEERING_ASSUMPTION,CONDUCTOR_R
LINE:000489,0.1093,CONDUCTOR_DERIVED_USING_DOCUMENTED_PORTUGUESE_PROJECT_RESISTANCE,PROJECT_PARAMETER_TRANSFER_ENGINEERING_ASSUMPTION,CONDUCTOR_R
LINE:000491,0.1093,CONDUCTOR_DERIVED_USING_DOCUMENTED_PORTUGUESE_PROJECT_RESISTANCE,PROJECT_PARAMETER_TRANSFER_ENGINEERING_ASSUMPTION,CONDUCTOR_R
LINE:000492,0.1093,CONDUCTOR_DERIVED_USING_DOCUMENTED_PORTUGUESE_PROJECT_RESISTANCE,PROJECT_PARAMETER_TRANSFER_ENGINEERING_ASSUMPTION,CONDUCTOR_R
LINE:000493,0.1093,CONDUCTOR_DERIVED_USING_DOCUMENTED_PORTUGUESE_PROJECT_RESISTANCE,PROJECT_PARAMETER_TRANSFER_ENGINEERING_ASSUMPTION,CONDUCTOR_R
LINE:000501,0.1093,CONDUCTOR_DERIVED_USING_DOCUMENTED_PORTUGUESE_PROJECT_RESISTANCE,PROJECT_PARAMETER_TRANSFER_ENGINEERING_ASSUMPTION,CONDUCTOR_R
LINE:000502,0.1093,CONDUCTOR_DERIVED_USING_DOCUMENTED_PORTUGUESE_PROJECT_RESISTANCE,PROJECT_PARAMETER_TRANSFER_ENGINEERING_ASSUMPTION,CONDUCTOR_R
LINE:000503,0.222015625,CONDUCTOR_DERIVED_USING_DOCUMENTED_PORTUGUESE_PROJECT_RESISTANCE,PROJECT_PARAMETER_TRANSFER_ENGINEERING_ASSUMPTION,CONDUCTOR_R
LINE:000504,0.11093412048274,CONDUCTOR_DERIVED_USING_DOCUMENTED_PORTUGUESE_PROJECT_RESISTANCE,PROJECT_PARAMETER_TRANSFER_ENGINEERING_ASSUMPTION,CONDUCTOR_R
LINE:000507,0.222015625,CONDUCTOR_DERIVED_USING_DOCUMENTED_PORTUGUESE_PROJECT_RESISTANCE,PROJECT_PARAMETER_TRANSFER_ENGINEERING_ASSUMPTION,CONDUCTOR_R
LINE:000515,0.2220156249999999,CONDUCTOR_DERIVED_USING_DOCUMENTED_PORTUGUESE_PROJECT_RESISTANCE,PROJECT_PARAMETER_TRANSFER_ENGINEERING_ASSUMPTION,CONDUCTOR_R
LINE:000516,0.1093,CONDUCTOR_DERIVED_USING_DOCUMENTED_PORTUGUESE_PROJECT_RESISTANCE,PROJECT_PARAMETER_TRANSFER_ENGINEERING_ASSUMPTION,CONDUCTOR_R
LINE:000517,0.1093,CONDUCTOR_DERIVED_USING_DOCUMENTED_PORTUGUESE_PROJECT_RESISTANCE,PROJECT_PARAMETER_TRANSFER_ENGINEERING_ASSUMPTION,CONDUCTOR_R
LINE:000518,0.1093,CONDUCTOR_DERIVED_USING_DOCUMENTED_PORTUGUESE_PROJECT_RESISTANCE,PROJECT_PARAMETER_TRANSFER_ENGINEERING_ASSUMPTION,CONDUCTOR_R
LINE:000519,0.1093,CONDUCTOR_DERIVED_USING_DOCUMENTED_PORTUGUESE_PROJECT_RESISTANCE,PROJECT_PARAMETER_TRANSFER_ENGINEERING_ASSUMPTION,CONDUCTOR_R
LINE:000520,0.1093,CONDUCTOR_DERIVED_USING_DOCUMENTED_PORTUGUESE_PROJECT_RESISTANCE,PROJECT_PARAMETER_TRANSFER_ENGINEERING_ASSUMPTION,CONDUCTOR_R
LINE:000521,0.1093,CONDUCTOR_DERIVED_USING_DOCUMENTED_PORTUGUESE_PROJECT_RESISTANCE,PROJECT_PARAMETER_TRANSFER_ENGINEERING_ASSUMPTION,CONDUCTOR_R
LINE:000523,0.1093,CONDUCTOR_DERIVED_USING_DOCUMENTED_PORTUGUESE_PROJECT_RESISTANCE,PROJECT_PARAMETER_TRANSFER_ENGINEERING_ASSUMPTION,CONDUCTOR_R
LINE:000524,0.1093,CONDUCTOR_DERIVED_USING_DOCUMENTED_PORTUGUESE_PROJECT_RESISTANCE,PROJECT_PARAMETER_TRANSFER_ENGINEERING_ASSUMPTION,CONDUCTOR_R
LINE:000527,0.222015625,CONDUCTOR_DERIVED_USING_DOCUMENTED_PORTUGUESE_PROJECT_RESISTANCE,PROJECT_PARAMETER_TRANSFER_ENGINEERING_ASSUMPTION,CONDUCTOR_R
LINE:000532,0.1110078125,CONDUCTOR_DERIVED_USING_DOCUMENTED_PORTUGUESE_PROJECT_RESISTANCE,PROJECT_PARAMETER_TRANSFER_ENGINEERING_ASSUMPTION,CONDUCTOR_R
LINE:000533,0.1110078125,CONDUCTOR_DERIVED_USING_DOCUMENTED_PORTUGUESE_PROJECT_RESISTANCE,PROJECT_PARAMETER_TRANSFER_ENGINEERING_ASSUMPTION,CONDUCTOR_R
LINE:000534,0.1110078125,CONDUCTOR_DERIVED_USING_DOCUMENTED_PORTUGUESE_PROJECT_RESISTANCE,PROJECT_PARAMETER_TRANSFER_ENGINEERING_ASSUMPTION,CONDUCTOR_R
LINE:000535,0.1110078125,CONDUCTOR_DERIVED_USING_DOCUMENTED_PORTUGUESE_PROJECT_RESISTANCE,PROJECT_PARAMETER_TRANSFER_ENGINEERING_ASSUMPTION,CONDUCTOR_R
LINE:000540,0.1118582027409046,CONDUCTOR_DERIVED_USING_DOCUMENTED_PORTUGUESE_PROJECT_RESISTANCE,PROJECT_PARAMETER_TRANSFER_ENGINEERING_ASSUMPTION,CONDUCTOR_R
LINE:000541,0.1118582027409046,CONDUCTOR_DERIVED_USING_DOCUMENTED_PORTUGUESE_PROJECT_RESISTANCE,PROJECT_PARAMETER_TRANSFER_ENGINEERING_ASSUMPTION,CONDUCTOR_R
LINE:000542,0.1118582027409046,CONDUCTOR_DERIVED_USING_DOCUMENTED_PORTUGUESE_PROJECT_RESISTANCE,PROJECT_PARAMETER_TRANSFER_ENGINEERING_ASSUMPTION,CONDUCTOR_R
LINE:000547,0.1093,CONDUCTOR_DERIVED_USING_DOCUMENTED_PORTUGUESE_PROJECT_RESISTANCE,PROJECT_PARAMETER_TRANSFER_ENGINEERING_ASSUMPTION,CONDUCTOR_R
LINE:000549,0.1093,CONDUCTOR_DERIVED_USING_DOCUMENTED_PORTUGUESE_PROJECT_RESISTANCE,PROJECT_PARAMETER_TRANSFER_ENGINEERING_ASSUMPTION,CONDUCTOR_R
LINE:000551,0.1093,CONDUCTOR_DERIVED_USING_DOCUMENTED_PORTUGUESE_PROJECT_RESISTANCE,PROJECT_PARAMETER_TRANSFER_ENGINEERING_ASSUMPTION,CONDUCTOR_R
LINE:000552,0.1093,CONDUCTOR_DERIVED_USING_DOCUMENTED_PORTUGUESE_PROJECT_RESISTANCE,PROJECT_PARAMETER_TRANSFER_ENGINEERING_ASSUMPTION,CONDUCTOR_R
LINE:000553,0.1093,CONDUCTOR_DERIVED_USING_DOCUMENTED_PORTUGUESE_PROJECT_RESISTANCE,PROJECT_PARAMETER_TRANSFER_ENGINEERING_ASSUMPTION,CONDUCTOR_R
LINE:000554,0.1093,CONDUCTOR_DERIVED_USING_DOCUMENTED_PORTUGUESE_PROJECT_RESISTANCE,PROJECT_PARAMETER_TRANSFER_ENGINEERING_ASSUMPTION,CONDUCTOR_R
LINE:000555,0.1093,CONDUCTOR_DERIVED_USING_DOCUMENTED_PORTUGUESE_PROJECT_RESISTANCE,PROJECT_PARAMETER_TRANSFER_ENGINEERING_ASSUMPTION,CONDUCTOR_R
LINE:000558,0.1093,CONDUCTOR_DERIVED_USING_DOCUMENTED_PORTUGUESE_PROJECT_RESISTANCE,PROJECT_PARAMETER_TRANSFER_ENGINEERING_ASSUMPTION,CONDUCTOR_R
LINE:000559,0.1066566619915848,CONDUCTOR_DERIVED_USING_DOCUMENTED_PORTUGUESE_PROJECT_RESISTANCE,PROJECT_PARAMETER_TRANSFER_ENGINEERING_ASSUMPTION,CONDUCTOR_R
LINE:000563,0.1093,CONDUCTOR_DERIVED_USING_DOCUMENTED_PORTUGUESE_PROJECT_RESISTANCE,PROJECT_PARAMETER_TRANSFER_ENGINEERING_ASSUMPTION,CONDUCTOR_R
LINE:000568,0.222015625,CONDUCTOR_DERIVED_USING_DOCUMENTED_PORTUGUESE_PROJECT_RESISTANCE,PROJECT_PARAMETER_TRANSFER_ENGINEERING_ASSUMPTION,CONDUCTOR_R
LINE:000572,0.1103667280505952,CONDUCTOR_DERIVED_USING_DOCUMENTED_PORTUGUESE_PROJECT_RESISTANCE,PROJECT_PARAMETER_TRANSFER_ENGINEERING_ASSUMPTION,CONDUCTOR_R
LINE:000574,0.222015625,CONDUCTOR_DERIVED_USING_DOCUMENTED_PORTUGUESE_PROJECT_RESISTANCE,PROJECT_PARAMETER_TRANSFER_ENGINEERING_ASSUMPTION,CONDUCTOR_R
LINE:000583,0.047,CONDUCTOR_DERIVED_USING_DOCUMENTED_PORTUGUESE_PROJECT_RESISTANCE,PROJECT_PARAMETER_TRANSFER_ENGINEERING_ASSUMPTION,CONDUCTOR_R
LINE:000585,0.0754,CONDUCTOR_DERIVED_USING_DOCUMENTED_PORTUGUESE_PROJECT_RESISTANCE,PROJECT_PARAMETER_TRANSFER_ENGINEERING_ASSUMPTION,CONDUCTOR_R
LINE:000586,0.0754,CONDUCTOR_DERIVED_USING_DOCUMENTED_PORTUGUESE_PROJECT_RESISTANCE,PROJECT_PARAMETER_TRANSFER_ENGINEERING_ASSUMPTION,CONDUCTOR_R
LINE:000587,0.0754,CONDUCTOR_DERIVED_USING_DOCUMENTED_PORTUGUESE_PROJECT_RESISTANCE,PROJECT_PARAMETER_TRANSFER_ENGINEERING_ASSUMPTION,CONDUCTOR_R
LINE:000590,0.0754,CONDUCTOR_DERIVED_USING_DOCUMENTED_PORTUGUESE_PROJECT_RESISTANCE,PROJECT_PARAMETER_TRANSFER_ENGINEERING_ASSUMPTION,CONDUCTOR_R
LINE:000591,0.0754,CONDUCTOR_DERIVED_USING_DOCUMENTED_PORTUGUESE_PROJECT_RESISTANCE,PROJECT_PARAMETER_TRANSFER_ENGINEERING_ASSUMPTION,CONDUCTOR_R
LINE:000595,0.1059933606557377,CONDUCTOR_DERIVED_USING_DOCUMENTED_PORTUGUESE_PROJECT_RESISTANCE,PROJECT_PARAMETER_TRANSFER_ENGINEERING_ASSUMPTION,CONDUCTOR_R
LINE:000596,0.1059933606557377,CONDUCTOR_DERIVED_USING_DOCUMENTED_PORTUGUESE_PROJECT_RESISTANCE,PROJECT_PARAMETER_TRANSFER_ENGINEERING_ASSUMPTION,CONDUCTOR_R
LINE:000597,0.0755797872340425,CONDUCTOR_DERIVED_USING_DOCUMENTED_PORTUGUESE_PROJECT_RESISTANCE,PROJECT_PARAMETER_TRANSFER_ENGINEERING_ASSUMPTION,CONDUCTOR_R
LINE:000598,0.1667812775633958,CONDUCTOR_DERIVED_USING_DOCUMENTED_PORTUGUESE_PROJECT_RESISTANCE,PROJECT_PARAMETER_TRANSFER_ENGINEERING_ASSUMPTION,CONDUCTOR_R
LINE:000599,0.1667812775633958,CONDUCTOR_DERIVED_USING_DOCUMENTED_PORTUGUESE_PROJECT_RESISTANCE,PROJECT_PARAMETER_TRANSFER_ENGINEERING_ASSUMPTION,CONDUCTOR_R
LINE:000600,0.1667812775633958,CONDUCTOR_DERIVED_USING_DOCUMENTED_PORTUGUESE_PROJECT_RESISTANCE,PROJECT_PARAMETER_TRANSFER_ENGINEERING_ASSUMPTION,CONDUCTOR_R
LINE:000604,0.222015625,CONDUCTOR_DERIVED_USING_DOCUMENTED_PORTUGUESE_PROJECT_RESISTANCE,PROJECT_PARAMETER_TRANSFER_ENGINEERING_ASSUMPTION,CONDUCTOR_R
LINE:000610,0.1093,CONDUCTOR_DERIVED_USING_DOCUMENTED_PORTUGUESE_PROJECT_RESISTANCE,PROJECT_PARAMETER_TRANSFER_ENGINEERING_ASSUMPTION,CONDUCTOR_R
LINE:000611,0.1093,CONDUCTOR_DERIVED_USING_DOCUMENTED_PORTUGUESE_PROJECT_RESISTANCE,PROJECT_PARAMETER_TRANSFER_ENGINEERING_ASSUMPTION,CONDUCTOR_R
LINE:000612,0.1093,CONDUCTOR_DERIVED_USING_DOCUMENTED_PORTUGUESE_PROJECT_RESISTANCE,PROJECT_PARAMETER_TRANSFER_ENGINEERING_ASSUMPTION,CONDUCTOR_R
LINE:000613,0.1005884658454647,CONDUCTOR_DERIVED_USING_DOCUMENTED_PORTUGUESE_PROJECT_RESISTANCE,PROJECT_PARAMETER_TRANSFER_ENGINEERING_ASSUMPTION,CONDUCTOR_R
LINE:000614,0.1005884658454647,CONDUCTOR_DERIVED_USING_DOCUMENTED_PORTUGUESE_PROJECT_RESISTANCE,PROJECT_PARAMETER_TRANSFER_ENGINEERING_ASSUMPTION,CONDUCTOR_R
LINE:000624,0.1520021849849094,CONDUCTOR_DERIVED_USING_DOCUMENTED_PORTUGUESE_PROJECT_RESISTANCE,PROJECT_PARAMETER_TRANSFER_ENGINEERING_ASSUMPTION,CONDUCTOR_R
LINE:000632,0.05465,CONDUCTOR_DERIVED_USING_DOCUMENTED_PORTUGUESE_PROJECT_RESISTANCE,PROJECT_PARAMETER_TRANSFER_ENGINEERING_ASSUMPTION,CONDUCTOR_R
LINE:000635,0.222015625,CONDUCTOR_DERIVED_USING_DOCUMENTED_PORTUGUESE_PROJECT_RESISTANCE,PROJECT_PARAMETER_TRANSFER_ENGINEERING_ASSUMPTION,CONDUCTOR_R
LINE:000638,0.222015625,CONDUCTOR_DERIVED_USING_DOCUMENTED_PORTUGUESE_PROJECT_RESISTANCE,PROJECT_PARAMETER_TRANSFER_ENGINEERING_ASSUMPTION,CONDUCTOR_R
LINE:000641,0.05465,CONDUCTOR_DERIVED_USING_DOCUMENTED_PORTUGUESE_PROJECT_RESISTANCE,PROJECT_PARAMETER_TRANSFER_ENGINEERING_ASSUMPTION,CONDUCTOR_R
LINE:000658,0.222015625,CONDUCTOR_DERIVED_USING_DOCUMENTED_PORTUGUESE_PROJECT_RESISTANCE,PROJECT_PARAMETER_TRANSFER_ENGINEERING_ASSUMPTION,CONDUCTOR_R
LINE:000660,0.222015625,CONDUCTOR_DERIVED_USING_DOCUMENTED_PORTUGUESE_PROJECT_RESISTANCE,PROJECT_PARAMETER_TRANSFER_ENGINEERING_ASSUMPTION,CONDUCTOR_R
LINE:000662,0.08880625,CONDUCTOR_DERIVED_USING_DOCUMENTED_PORTUGUESE_PROJECT_RESISTANCE,PROJECT_PARAMETER_TRANSFER_ENGINEERING_ASSUMPTION,CONDUCTOR_R
LINE:000664,0.0888062499999999,CONDUCTOR_DERIVED_USING_DOCUMENTED_PORTUGUESE_PROJECT_RESISTANCE,PROJECT_PARAMETER_TRANSFER_ENGINEERING_ASSUMPTION,CONDUCTOR_R
LINE:000665,0.08880625,CONDUCTOR_DERIVED_USING_DOCUMENTED_PORTUGUESE_PROJECT_RESISTANCE,PROJECT_PARAMETER_TRANSFER_ENGINEERING_ASSUMPTION,CONDUCTOR_R
LINE:000666,0.1108449833702882,CONDUCTOR_DERIVED_USING_DOCUMENTED_PORTUGUESE_PROJECT_RESISTANCE,PROJECT_PARAMETER_TRANSFER_ENGINEERING_ASSUMPTION,CONDUCTOR_R
LINE:000667,0.1108449833702882,CONDUCTOR_DERIVED_USING_DOCUMENTED_PORTUGUESE_PROJECT_RESISTANCE,PROJECT_PARAMETER_TRANSFER_ENGINEERING_ASSUMPTION,CONDUCTOR_R
LINE:000669,0.0886263003355704,CONDUCTOR_DERIVED_USING_DOCUMENTED_PORTUGUESE_PROJECT_RESISTANCE,PROJECT_PARAMETER_TRANSFER_ENGINEERING_ASSUMPTION,CONDUCTOR_R
LINE:000670,0.0886263003355704,CONDUCTOR_DERIVED_USING_DOCUMENTED_PORTUGUESE_PROJECT_RESISTANCE,PROJECT_PARAMETER_TRANSFER_ENGINEERING_ASSUMPTION,CONDUCTOR_R
LINE:000671,0.0886263003355704,CONDUCTOR_DERIVED_USING_DOCUMENTED_PORTUGUESE_PROJECT_RESISTANCE,PROJECT_PARAMETER_TRANSFER_ENGINEERING_ASSUMPTION,CONDUCTOR_R
LINE:000672,0.1228465291881477,CONDUCTOR_DERIVED_USING_DOCUMENTED_PORTUGUESE_PROJECT_RESISTANCE,PROJECT_PARAMETER_TRANSFER_ENGINEERING_ASSUMPTION,CONDUCTOR_R
LINE:000673,0.1228465291881477,CONDUCTOR_DERIVED_USING_DOCUMENTED_PORTUGUESE_PROJECT_RESISTANCE,PROJECT_PARAMETER_TRANSFER_ENGINEERING_ASSUMPTION,CONDUCTOR_R
LINE:000674,0.1228465291881477,CONDUCTOR_DERIVED_USING_DOCUMENTED_PORTUGUESE_PROJECT_RESISTANCE,PROJECT_PARAMETER_TRANSFER_ENGINEERING_ASSUMPTION,CONDUCTOR_R
LINE:000675,0.222015625,CONDUCTOR_DERIVED_USING_DOCUMENTED_PORTUGUESE_PROJECT_RESISTANCE,PROJECT_PARAMETER_TRANSFER_ENGINEERING_ASSUMPTION,CONDUCTOR_R
LINE:000682,0.08880625,CONDUCTOR_DERIVED_USING_DOCUMENTED_PORTUGUESE_PROJECT_RESISTANCE,PROJECT_PARAMETER_TRANSFER_ENGINEERING_ASSUMPTION,CONDUCTOR_R
LINE:000683,0.08880625,CONDUCTOR_DERIVED_USING_DOCUMENTED_PORTUGUESE_PROJECT_RESISTANCE,PROJECT_PARAMETER_TRANSFER_ENGINEERING_ASSUMPTION,CONDUCTOR_R
LINE:000699,0.1093,CONDUCTOR_DERIVED_USING_DOCUMENTED_PORTUGUESE_PROJECT_RESISTANCE,PROJECT_PARAMETER_TRANSFER_ENGINEERING_ASSUMPTION,CONDUCTOR_R
LINE:000700,0.1093,CONDUCTOR_DERIVED_USING_DOCUMENTED_PORTUGUESE_PROJECT_RESISTANCE,PROJECT_PARAMETER_TRANSFER_ENGINEERING_ASSUMPTION,CONDUCTOR_R
LINE:000702,0.1093,CONDUCTOR_DERIVED_USING_DOCUMENTED_PORTUGUESE_PROJECT_RESISTANCE,PROJECT_PARAMETER_TRANSFER_ENGINEERING_ASSUMPTION,CONDUCTOR_R
LINE:000704,0.222015625,CONDUCTOR_DERIVED_USING_DOCUMENTED_PORTUGUESE_PROJECT_RESISTANCE,PROJECT_PARAMETER_TRANSFER_ENGINEERING_ASSUMPTION,CONDUCTOR_R
LINE:000705,0.2220156249999999,CONDUCTOR_DERIVED_USING_DOCUMENTED_PORTUGUESE_PROJECT_RESISTANCE,PROJECT_PARAMETER_TRANSFER_ENGINEERING_ASSUMPTION,CONDUCTOR_R
LINE:000706,0.2220156249999999,CONDUCTOR_DERIVED_USING_DOCUMENTED_PORTUGUESE_PROJECT_RESISTANCE,PROJECT_PARAMETER_TRANSFER_ENGINEERING_ASSUMPTION,CONDUCTOR_R
LINE:000708,0.1095673847853535,CONDUCTOR_DERIVED_USING_DOCUMENTED_PORTUGUESE_PROJECT_RESISTANCE,PROJECT_PARAMETER_TRANSFER_ENGINEERING_ASSUMPTION,CONDUCTOR_R
LINE:000718,0.222015625,CONDUCTOR_DERIVED_USING_DOCUMENTED_PORTUGUESE_PROJECT_RESISTANCE,PROJECT_PARAMETER_TRANSFER_ENGINEERING_ASSUMPTION,CONDUCTOR_R
LINE:000720,0.0754,CONDUCTOR_DERIVED_USING_DOCUMENTED_PORTUGUESE_PROJECT_RESISTANCE,PROJECT_PARAMETER_TRANSFER_ENGINEERING_ASSUMPTION,CONDUCTOR_R
LINE:000746,0.0754,CONDUCTOR_DERIVED_USING_DOCUMENTED_PORTUGUESE_PROJECT_RESISTANCE,PROJECT_PARAMETER_TRANSFER_ENGINEERING_ASSUMPTION,CONDUCTOR_R
LINE:000749,0.0754,CONDUCTOR_DERIVED_USING_DOCUMENTED_PORTUGUESE_PROJECT_RESISTANCE,PROJECT_PARAMETER_TRANSFER_ENGINEERING_ASSUMPTION,CONDUCTOR_R
LINE:000756,0.2188283288043478,CONDUCTOR_DERIVED_USING_DOCUMENTED_PORTUGUESE_PROJECT_RESISTANCE,PROJECT_PARAMETER_TRANSFER_ENGINEERING_ASSUMPTION,CONDUCTOR_R
LINE:000757,0.2144148149727148,CONDUCTOR_DERIVED_USING_DOCUMENTED_PORTUGUESE_PROJECT_RESISTANCE,PROJECT_PARAMETER_TRANSFER_ENGINEERING_ASSUMPTION,CONDUCTOR_R
LINE:000776,0.2029857142857143,CONDUCTOR_DERIVED_USING_DOCUMENTED_PORTUGUESE_PROJECT_RESISTANCE,PROJECT_PARAMETER_TRANSFER_ENGINEERING_ASSUMPTION,CONDUCTOR_R
LINE:000782,0.28418,CONDUCTOR_DERIVED_USING_DOCUMENTED_PORTUGUESE_PROJECT_RESISTANCE,PROJECT_PARAMETER_TRANSFER_ENGINEERING_ASSUMPTION,CONDUCTOR_R
LINE:000783,0.1093,CONDUCTOR_DERIVED_USING_DOCUMENTED_PORTUGUESE_PROJECT_RESISTANCE,PROJECT_PARAMETER_TRANSFER_ENGINEERING_ASSUMPTION,CONDUCTOR_R
LINE:000784,0.1093,CONDUCTOR_DERIVED_USING_DOCUMENTED_PORTUGUESE_PROJECT_RESISTANCE,PROJECT_PARAMETER_TRANSFER_ENGINEERING_ASSUMPTION,CONDUCTOR_R
LINE:000785,0.1093,CONDUCTOR_DERIVED_USING_DOCUMENTED_PORTUGUESE_PROJECT_RESISTANCE,PROJECT_PARAMETER_TRANSFER_ENGINEERING_ASSUMPTION,CONDUCTOR_R
LINE:000787,0.1093,CONDUCTOR_DERIVED_USING_DOCUMENTED_PORTUGUESE_PROJECT_RESISTANCE,PROJECT_PARAMETER_TRANSFER_ENGINEERING_ASSUMPTION,CONDUCTOR_R
LINE:000794,0.1093,CONDUCTOR_DERIVED_USING_DOCUMENTED_PORTUGUESE_PROJECT_RESISTANCE,PROJECT_PARAMETER_TRANSFER_ENGINEERING_ASSUMPTION,CONDUCTOR_R
LINE:000799,0.222015625,CONDUCTOR_DERIVED_USING_DOCUMENTED_PORTUGUESE_PROJECT_RESISTANCE,PROJECT_PARAMETER_TRANSFER_ENGINEERING_ASSUMPTION,CONDUCTOR_R
LINE:000802,0.1093,CONDUCTOR_DERIVED_USING_DOCUMENTED_PORTUGUESE_PROJECT_RESISTANCE,PROJECT_PARAMETER_TRANSFER_ENGINEERING_ASSUMPTION,CONDUCTOR_R
LINE:000803,0.1093,CONDUCTOR_DERIVED_USING_DOCUMENTED_PORTUGUESE_PROJECT_RESISTANCE,PROJECT_PARAMETER_TRANSFER_ENGINEERING_ASSUMPTION,CONDUCTOR_R
LINE:000812,0.1093,CONDUCTOR_DERIVED_USING_DOCUMENTED_PORTUGUESE_PROJECT_RESISTANCE,PROJECT_PARAMETER_TRANSFER_ENGINEERING_ASSUMPTION,CONDUCTOR_R
LINE:000813,0.1093,CONDUCTOR_DERIVED_USING_DOCUMENTED_PORTUGUESE_PROJECT_RESISTANCE,PROJECT_PARAMETER_TRANSFER_ENGINEERING_ASSUMPTION,CONDUCTOR_R
LINE:000814,0.1093,CONDUCTOR_DERIVED_USING_DOCUMENTED_PORTUGUESE_PROJECT_RESISTANCE,PROJECT_PARAMETER_TRANSFER_ENGINEERING_ASSUMPTION,CONDUCTOR_R
LINE:000817,0.222015625,CONDUCTOR_DERIVED_USING_DOCUMENTED_PORTUGUESE_PROJECT_RESISTANCE,PROJECT_PARAMETER_TRANSFER_ENGINEERING_ASSUMPTION,CONDUCTOR_R
LINE:000831,0.05465,CONDUCTOR_DERIVED_USING_DOCUMENTED_PORTUGUESE_PROJECT_RESISTANCE,PROJECT_PARAMETER_TRANSFER_ENGINEERING_ASSUMPTION,CONDUCTOR_R
LINE:000832,0.1511595744680851,CONDUCTOR_DERIVED_USING_DOCUMENTED_PORTUGUESE_PROJECT_RESISTANCE,PROJECT_PARAMETER_TRANSFER_ENGINEERING_ASSUMPTION,CONDUCTOR_R
LINE:000839,0.1511595744680851,CONDUCTOR_DERIVED_USING_DOCUMENTED_PORTUGUESE_PROJECT_RESISTANCE,PROJECT_PARAMETER_TRANSFER_ENGINEERING_ASSUMPTION,CONDUCTOR_R
LINE:000840,0.1511595744680851,CONDUCTOR_DERIVED_USING_DOCUMENTED_PORTUGUESE_PROJECT_RESISTANCE,PROJECT_PARAMETER_TRANSFER_ENGINEERING_ASSUMPTION,CONDUCTOR_R
LINE:000847,0.12491493968839,CONDUCTOR_DERIVED_USING_DOCUMENTED_PORTUGUESE_PROJECT_RESISTANCE,PROJECT_PARAMETER_TRANSFER_ENGINEERING_ASSUMPTION,CONDUCTOR_R
LINE:000848,0.12491493968839,CONDUCTOR_DERIVED_USING_DOCUMENTED_PORTUGUESE_PROJECT_RESISTANCE,PROJECT_PARAMETER_TRANSFER_ENGINEERING_ASSUMPTION,CONDUCTOR_R
LINE:000849,0.12491493968839,CONDUCTOR_DERIVED_USING_DOCUMENTED_PORTUGUESE_PROJECT_RESISTANCE,PROJECT_PARAMETER_TRANSFER_ENGINEERING_ASSUMPTION,CONDUCTOR_R
LINE:000851,0.05465,CONDUCTOR_DERIVED_USING_DOCUMENTED_PORTUGUESE_PROJECT_RESISTANCE,PROJECT_PARAMETER_TRANSFER_ENGINEERING_ASSUMPTION,CONDUCTOR_R
LINE:000857,0.1089501635768811,CONDUCTOR_DERIVED_USING_DOCUMENTED_PORTUGUESE_PROJECT_RESISTANCE,PROJECT_PARAMETER_TRANSFER_ENGINEERING_ASSUMPTION,CONDUCTOR_R
LINE:000859,0.08880625,CONDUCTOR_DERIVED_USING_DOCUMENTED_PORTUGUESE_PROJECT_RESISTANCE,PROJECT_PARAMETER_TRANSFER_ENGINEERING_ASSUMPTION,CONDUCTOR_R
LINE:000861,0.3467598157797251,CONDUCTOR_DERIVED_USING_DOCUMENTED_PORTUGUESE_PROJECT_RESISTANCE,PROJECT_PARAMETER_TRANSFER_ENGINEERING_ASSUMPTION,CONDUCTOR_R
LINE:000865,0.3360720782071417,CONDUCTOR_DERIVED_USING_DOCUMENTED_PORTUGUESE_PROJECT_RESISTANCE,PROJECT_PARAMETER_TRANSFER_ENGINEERING_ASSUMPTION,CONDUCTOR_R
LINE:000866,0.0755797872340425,CONDUCTOR_DERIVED_USING_DOCUMENTED_PORTUGUESE_PROJECT_RESISTANCE,PROJECT_PARAMETER_TRANSFER_ENGINEERING_ASSUMPTION,CONDUCTOR_R
LINE:000871,0.222015625,CONDUCTOR_DERIVED_USING_DOCUMENTED_PORTUGUESE_PROJECT_RESISTANCE,PROJECT_PARAMETER_TRANSFER_ENGINEERING_ASSUMPTION,CONDUCTOR_R
LINE:000872,0.1093,CONDUCTOR_DERIVED_USING_DOCUMENTED_PORTUGUESE_PROJECT_RESISTANCE,PROJECT_PARAMETER_TRANSFER_ENGINEERING_ASSUMPTION,CONDUCTOR_R
LINE:000874,0.2200420051070039,CONDUCTOR_DERIVED_USING_DOCUMENTED_PORTUGUESE_PROJECT_RESISTANCE,PROJECT_PARAMETER_TRANSFER_ENGINEERING_ASSUMPTION,CONDUCTOR_R
LINE:000875,0.1093,CONDUCTOR_DERIVED_USING_DOCUMENTED_PORTUGUESE_PROJECT_RESISTANCE,PROJECT_PARAMETER_TRANSFER_ENGINEERING_ASSUMPTION,CONDUCTOR_R
LINE:000880,0.2220156249999999,CONDUCTOR_DERIVED_USING_DOCUMENTED_PORTUGUESE_PROJECT_RESISTANCE,PROJECT_PARAMETER_TRANSFER_ENGINEERING_ASSUMPTION,CONDUCTOR_R
LINE:000881,0.222015625,CONDUCTOR_DERIVED_USING_DOCUMENTED_PORTUGUESE_PROJECT_RESISTANCE,PROJECT_PARAMETER_TRANSFER_ENGINEERING_ASSUMPTION,CONDUCTOR_R
LINE:000882,0.1093,CONDUCTOR_DERIVED_USING_DOCUMENTED_PORTUGUESE_PROJECT_RESISTANCE,PROJECT_PARAMETER_TRANSFER_ENGINEERING_ASSUMPTION,CONDUCTOR_R
LINE:000883,0.1093,CONDUCTOR_DERIVED_USING_DOCUMENTED_PORTUGUESE_PROJECT_RESISTANCE,PROJECT_PARAMETER_TRANSFER_ENGINEERING_ASSUMPTION,CONDUCTOR_R
LINE:000886,0.2220156249999999,CONDUCTOR_DERIVED_USING_DOCUMENTED_PORTUGUESE_PROJECT_RESISTANCE,PROJECT_PARAMETER_TRANSFER_ENGINEERING_ASSUMPTION,CONDUCTOR_R
LINE:000887,0.1093,CONDUCTOR_DERIVED_USING_DOCUMENTED_PORTUGUESE_PROJECT_RESISTANCE,PROJECT_PARAMETER_TRANSFER_ENGINEERING_ASSUMPTION,CONDUCTOR_R
LINE:000892,0.163789854751461,CONDUCTOR_DERIVED_USING_DOCUMENTED_PORTUGUESE_PROJECT_RESISTANCE,PROJECT_PARAMETER_TRANSFER_ENGINEERING_ASSUMPTION,CONDUCTOR_R
LINE:000894,0.222015625,CONDUCTOR_DERIVED_USING_DOCUMENTED_PORTUGUESE_PROJECT_RESISTANCE,PROJECT_PARAMETER_TRANSFER_ENGINEERING_ASSUMPTION,CONDUCTOR_R
LINE:000895,0.05465,CONDUCTOR_DERIVED_USING_DOCUMENTED_PORTUGUESE_PROJECT_RESISTANCE,PROJECT_PARAMETER_TRANSFER_ENGINEERING_ASSUMPTION,CONDUCTOR_R
LINE:000899,0.1108561624829234,CONDUCTOR_DERIVED_USING_DOCUMENTED_PORTUGUESE_PROJECT_RESISTANCE,PROJECT_PARAMETER_TRANSFER_ENGINEERING_ASSUMPTION,CONDUCTOR_R
LINE:000901,0.1093,CONDUCTOR_DERIVED_USING_DOCUMENTED_PORTUGUESE_PROJECT_RESISTANCE,PROJECT_PARAMETER_TRANSFER_ENGINEERING_ASSUMPTION,CONDUCTOR_R
LINE:000902,0.1084484504369825,CONDUCTOR_DERIVED_USING_DOCUMENTED_PORTUGUESE_PROJECT_RESISTANCE,PROJECT_PARAMETER_TRANSFER_ENGINEERING_ASSUMPTION,CONDUCTOR_R
LINE:000905,0.222015625,CONDUCTOR_DERIVED_USING_DOCUMENTED_PORTUGUESE_PROJECT_RESISTANCE,PROJECT_PARAMETER_TRANSFER_ENGINEERING_ASSUMPTION,CONDUCTOR_R
LINE:000906,0.222015625,CONDUCTOR_DERIVED_USING_DOCUMENTED_PORTUGUESE_PROJECT_RESISTANCE,PROJECT_PARAMETER_TRANSFER_ENGINEERING_ASSUMPTION,CONDUCTOR_R
LINE:000907,0.1480104166666666,CONDUCTOR_DERIVED_USING_DOCUMENTED_PORTUGUESE_PROJECT_RESISTANCE,PROJECT_PARAMETER_TRANSFER_ENGINEERING_ASSUMPTION,CONDUCTOR_R
LINE:000910,0.1094324128128815,CONDUCTOR_DERIVED_USING_DOCUMENTED_PORTUGUESE_PROJECT_RESISTANCE,PROJECT_PARAMETER_TRANSFER_ENGINEERING_ASSUMPTION,CONDUCTOR_R
LINE:000911,0.1094324128128815,CONDUCTOR_DERIVED_USING_DOCUMENTED_PORTUGUESE_PROJECT_RESISTANCE,PROJECT_PARAMETER_TRANSFER_ENGINEERING_ASSUMPTION,CONDUCTOR_R
LINE:000912,0.1094324128128815,CONDUCTOR_DERIVED_USING_DOCUMENTED_PORTUGUESE_PROJECT_RESISTANCE,PROJECT_PARAMETER_TRANSFER_ENGINEERING_ASSUMPTION,CONDUCTOR_R
LINE:000914,0.1480104166666666,CONDUCTOR_DERIVED_USING_DOCUMENTED_PORTUGUESE_PROJECT_RESISTANCE,PROJECT_PARAMETER_TRANSFER_ENGINEERING_ASSUMPTION,CONDUCTOR_R
LINE:000915,0.1480104166666666,CONDUCTOR_DERIVED_USING_DOCUMENTED_PORTUGUESE_PROJECT_RESISTANCE,PROJECT_PARAMETER_TRANSFER_ENGINEERING_ASSUMPTION,CONDUCTOR_R
LINE:000920,0.110879817987152,CONDUCTOR_DERIVED_USING_DOCUMENTED_PORTUGUESE_PROJECT_RESISTANCE,PROJECT_PARAMETER_TRANSFER_ENGINEERING_ASSUMPTION,CONDUCTOR_R
LINE:000923,0.222015625,CONDUCTOR_DERIVED_USING_DOCUMENTED_PORTUGUESE_PROJECT_RESISTANCE,PROJECT_PARAMETER_TRANSFER_ENGINEERING_ASSUMPTION,CONDUCTOR_R
LINE:000925,0.1091393484848484,CONDUCTOR_DERIVED_USING_DOCUMENTED_PORTUGUESE_PROJECT_RESISTANCE,PROJECT_PARAMETER_TRANSFER_ENGINEERING_ASSUMPTION,CONDUCTOR_R
LINE:000938,0.1496297382597812,CONDUCTOR_DERIVED_USING_DOCUMENTED_PORTUGUESE_PROJECT_RESISTANCE,PROJECT_PARAMETER_TRANSFER_ENGINEERING_ASSUMPTION,CONDUCTOR_R
LINE:000946,0.1470332054807739,CONDUCTOR_DERIVED_USING_DOCUMENTED_PORTUGUESE_PROJECT_RESISTANCE,PROJECT_PARAMETER_TRANSFER_ENGINEERING_ASSUMPTION,CONDUCTOR_R
LINE:000947,0.1093,CONDUCTOR_DERIVED_USING_DOCUMENTED_PORTUGUESE_PROJECT_RESISTANCE,PROJECT_PARAMETER_TRANSFER_ENGINEERING_ASSUMPTION,CONDUCTOR_R
LINE:000948,0.1093,CONDUCTOR_DERIVED_USING_DOCUMENTED_PORTUGUESE_PROJECT_RESISTANCE,PROJECT_PARAMETER_TRANSFER_ENGINEERING_ASSUMPTION,CONDUCTOR_R
LINE:000949,0.1093,CONDUCTOR_DERIVED_USING_DOCUMENTED_PORTUGUESE_PROJECT_RESISTANCE,PROJECT_PARAMETER_TRANSFER_ENGINEERING_ASSUMPTION,CONDUCTOR_R
LINE:000950,0.1093,CONDUCTOR_DERIVED_USING_DOCUMENTED_PORTUGUESE_PROJECT_RESISTANCE,PROJECT_PARAMETER_TRANSFER_ENGINEERING_ASSUMPTION,CONDUCTOR_R
LINE:000951,0.1005653465346534,CONDUCTOR_DERIVED_USING_DOCUMENTED_PORTUGUESE_PROJECT_RESISTANCE,PROJECT_PARAMETER_TRANSFER_ENGINEERING_ASSUMPTION,CONDUCTOR_R
LINE:000955,0.0559261119347664,CONDUCTOR_DERIVED_USING_DOCUMENTED_PORTUGUESE_PROJECT_RESISTANCE,PROJECT_PARAMETER_TRANSFER_ENGINEERING_ASSUMPTION,CONDUCTOR_R
LINE:000957,0.1093,CONDUCTOR_DERIVED_USING_DOCUMENTED_PORTUGUESE_PROJECT_RESISTANCE,PROJECT_PARAMETER_TRANSFER_ENGINEERING_ASSUMPTION,CONDUCTOR_R
LINE:000964,0.1093,CONDUCTOR_DERIVED_USING_DOCUMENTED_PORTUGUESE_PROJECT_RESISTANCE,PROJECT_PARAMETER_TRANSFER_ENGINEERING_ASSUMPTION,CONDUCTOR_R
LINE:000967,0.0840691145127899,CONDUCTOR_DERIVED_USING_DOCUMENTED_PORTUGUESE_PROJECT_RESISTANCE,PROJECT_PARAMETER_TRANSFER_ENGINEERING_ASSUMPTION,CONDUCTOR_R
LINE:000974,0.1108561624829234,CONDUCTOR_DERIVED_USING_DOCUMENTED_PORTUGUESE_PROJECT_RESISTANCE,PROJECT_PARAMETER_TRANSFER_ENGINEERING_ASSUMPTION,CONDUCTOR_R
LINE:000979,0.047,CONDUCTOR_DERIVED_USING_DOCUMENTED_PORTUGUESE_PROJECT_RESISTANCE,PROJECT_PARAMETER_TRANSFER_ENGINEERING_ASSUMPTION,CONDUCTOR_R
LINE:000980,0.047,CONDUCTOR_DERIVED_USING_DOCUMENTED_PORTUGUESE_PROJECT_RESISTANCE,PROJECT_PARAMETER_TRANSFER_ENGINEERING_ASSUMPTION,CONDUCTOR_R
LINE:000982,0.047,CONDUCTOR_DERIVED_USING_DOCUMENTED_PORTUGUESE_PROJECT_RESISTANCE,PROJECT_PARAMETER_TRANSFER_ENGINEERING_ASSUMPTION,CONDUCTOR_R
LINE:000985,0.047,CONDUCTOR_DERIVED_USING_DOCUMENTED_PORTUGUESE_PROJECT_RESISTANCE,PROJECT_PARAMETER_TRANSFER_ENGINEERING_ASSUMPTION,CONDUCTOR_R
LINE:000990,0.1093,CONDUCTOR_DERIVED_USING_DOCUMENTED_PORTUGUESE_PROJECT_RESISTANCE,PROJECT_PARAMETER_TRANSFER_ENGINEERING_ASSUMPTION,CONDUCTOR_R
LINE:000991,0.1511595744680851,CONDUCTOR_DERIVED_USING_DOCUMENTED_PORTUGUESE_PROJECT_RESISTANCE,PROJECT_PARAMETER_TRANSFER_ENGINEERING_ASSUMPTION,CONDUCTOR_R
LINE:000992,0.1343323036686223,CONDUCTOR_DERIVED_USING_DOCUMENTED_PORTUGUESE_PROJECT_RESISTANCE,PROJECT_PARAMETER_TRANSFER_ENGINEERING_ASSUMPTION,CONDUCTOR_R
LINE:000995,0.1343323036686223,CONDUCTOR_DERIVED_USING_DOCUMENTED_PORTUGUESE_PROJECT_RESISTANCE,PROJECT_PARAMETER_TRANSFER_ENGINEERING_ASSUMPTION,CONDUCTOR_R
LINE:000998,0.1343323036686223,CONDUCTOR_DERIVED_USING_DOCUMENTED_PORTUGUESE_PROJECT_RESISTANCE,PROJECT_PARAMETER_TRANSFER_ENGINEERING_ASSUMPTION,CONDUCTOR_R
LINE:001000,0.1093,CONDUCTOR_DERIVED_USING_DOCUMENTED_PORTUGUESE_PROJECT_RESISTANCE,PROJECT_PARAMETER_TRANSFER_ENGINEERING_ASSUMPTION,CONDUCTOR_R
LINE:001002,0.1093,CONDUCTOR_DERIVED_USING_DOCUMENTED_PORTUGUESE_PROJECT_RESISTANCE,PROJECT_PARAMETER_TRANSFER_ENGINEERING_ASSUMPTION,CONDUCTOR_R
LINE:001004,0.1203663242846661,CONDUCTOR_DERIVED_USING_DOCUMENTED_PORTUGUESE_PROJECT_RESISTANCE,PROJECT_PARAMETER_TRANSFER_ENGINEERING_ASSUMPTION,CONDUCTOR_R
LINE:001005,0.1203663242846661,CONDUCTOR_DERIVED_USING_DOCUMENTED_PORTUGUESE_PROJECT_RESISTANCE,PROJECT_PARAMETER_TRANSFER_ENGINEERING_ASSUMPTION,CONDUCTOR_R
LINE:001006,0.1203663242846661,CONDUCTOR_DERIVED_USING_DOCUMENTED_PORTUGUESE_PROJECT_RESISTANCE,PROJECT_PARAMETER_TRANSFER_ENGINEERING_ASSUMPTION,CONDUCTOR_R
LINE:001010,0.047,CONDUCTOR_DERIVED_USING_DOCUMENTED_PORTUGUESE_PROJECT_RESISTANCE,PROJECT_PARAMETER_TRANSFER_ENGINEERING_ASSUMPTION,CONDUCTOR_R
LINE:001011,0.047,CONDUCTOR_DERIVED_USING_DOCUMENTED_PORTUGUESE_PROJECT_RESISTANCE,PROJECT_PARAMETER_TRANSFER_ENGINEERING_ASSUMPTION,CONDUCTOR_R
LINE:001012,0.047,CONDUCTOR_DERIVED_USING_DOCUMENTED_PORTUGUESE_PROJECT_RESISTANCE,PROJECT_PARAMETER_TRANSFER_ENGINEERING_ASSUMPTION,CONDUCTOR_R
LINE:001013,0.0595754237288135,CONDUCTOR_DERIVED_USING_DOCUMENTED_PORTUGUESE_PROJECT_RESISTANCE,PROJECT_PARAMETER_TRANSFER_ENGINEERING_ASSUMPTION,CONDUCTOR_R
LINE:001015,0.047,CONDUCTOR_DERIVED_USING_DOCUMENTED_PORTUGUESE_PROJECT_RESISTANCE,PROJECT_PARAMETER_TRANSFER_ENGINEERING_ASSUMPTION,CONDUCTOR_R
LINE:001017,0.047,CONDUCTOR_DERIVED_USING_DOCUMENTED_PORTUGUESE_PROJECT_RESISTANCE,PROJECT_PARAMETER_TRANSFER_ENGINEERING_ASSUMPTION,CONDUCTOR_R
LINE:001018,0.0754,CONDUCTOR_DERIVED_USING_DOCUMENTED_PORTUGUESE_PROJECT_RESISTANCE,PROJECT_PARAMETER_TRANSFER_ENGINEERING_ASSUMPTION,CONDUCTOR_R
LINE:001021,0.0754,CONDUCTOR_DERIVED_USING_DOCUMENTED_PORTUGUESE_PROJECT_RESISTANCE,PROJECT_PARAMETER_TRANSFER_ENGINEERING_ASSUMPTION,CONDUCTOR_R
LINE:001022,0.0754,CONDUCTOR_DERIVED_USING_DOCUMENTED_PORTUGUESE_PROJECT_RESISTANCE,PROJECT_PARAMETER_TRANSFER_ENGINEERING_ASSUMPTION,CONDUCTOR_R
LINE:001023,0.0754,CONDUCTOR_DERIVED_USING_DOCUMENTED_PORTUGUESE_PROJECT_RESISTANCE,PROJECT_PARAMETER_TRANSFER_ENGINEERING_ASSUMPTION,CONDUCTOR_R
LINE:001024,0.0754,CONDUCTOR_DERIVED_USING_DOCUMENTED_PORTUGUESE_PROJECT_RESISTANCE,PROJECT_PARAMETER_TRANSFER_ENGINEERING_ASSUMPTION,CONDUCTOR_R
LINE:001025,0.0595754237288135,CONDUCTOR_DERIVED_USING_DOCUMENTED_PORTUGUESE_PROJECT_RESISTANCE,PROJECT_PARAMETER_TRANSFER_ENGINEERING_ASSUMPTION,CONDUCTOR_R
LINE:001043,0.1110078125,CONDUCTOR_DERIVED_USING_DOCUMENTED_PORTUGUESE_PROJECT_RESISTANCE,PROJECT_PARAMETER_TRANSFER_ENGINEERING_ASSUMPTION,CONDUCTOR_R
LINE:001045,0.1093,CONDUCTOR_DERIVED_USING_DOCUMENTED_PORTUGUESE_PROJECT_RESISTANCE,PROJECT_PARAMETER_TRANSFER_ENGINEERING_ASSUMPTION,CONDUCTOR_R
LINE:001047,0.1093,CONDUCTOR_DERIVED_USING_DOCUMENTED_PORTUGUESE_PROJECT_RESISTANCE,PROJECT_PARAMETER_TRANSFER_ENGINEERING_ASSUMPTION,CONDUCTOR_R
LINE:001058,0.05465,CONDUCTOR_DERIVED_USING_DOCUMENTED_PORTUGUESE_PROJECT_RESISTANCE,PROJECT_PARAMETER_TRANSFER_ENGINEERING_ASSUMPTION,CONDUCTOR_R
LINE:001063,0.222015625,CONDUCTOR_DERIVED_USING_DOCUMENTED_PORTUGUESE_PROJECT_RESISTANCE,PROJECT_PARAMETER_TRANSFER_ENGINEERING_ASSUMPTION,CONDUCTOR_R
LINE:001083,0.1093,CONDUCTOR_DERIVED_USING_DOCUMENTED_PORTUGUESE_PROJECT_RESISTANCE,PROJECT_PARAMETER_TRANSFER_ENGINEERING_ASSUMPTION,CONDUCTOR_R
LINE:001088,0.0754,CONDUCTOR_DERIVED_USING_DOCUMENTED_PORTUGUESE_PROJECT_RESISTANCE,PROJECT_PARAMETER_TRANSFER_ENGINEERING_ASSUMPTION,CONDUCTOR_R
LINE:001089,0.0754,CONDUCTOR_DERIVED_USING_DOCUMENTED_PORTUGUESE_PROJECT_RESISTANCE,PROJECT_PARAMETER_TRANSFER_ENGINEERING_ASSUMPTION,CONDUCTOR_R
LINE:001090,0.1093,CONDUCTOR_DERIVED_USING_DOCUMENTED_PORTUGUESE_PROJECT_RESISTANCE,PROJECT_PARAMETER_TRANSFER_ENGINEERING_ASSUMPTION,CONDUCTOR_R
LINE:001091,0.1520021849849094,CONDUCTOR_DERIVED_USING_DOCUMENTED_PORTUGUESE_PROJECT_RESISTANCE,PROJECT_PARAMETER_TRANSFER_ENGINEERING_ASSUMPTION,CONDUCTOR_R
LINE:001092,0.1520021849849094,CONDUCTOR_DERIVED_USING_DOCUMENTED_PORTUGUESE_PROJECT_RESISTANCE,PROJECT_PARAMETER_TRANSFER_ENGINEERING_ASSUMPTION,CONDUCTOR_R
LINE:001095,0.1520021849849094,CONDUCTOR_DERIVED_USING_DOCUMENTED_PORTUGUESE_PROJECT_RESISTANCE,PROJECT_PARAMETER_TRANSFER_ENGINEERING_ASSUMPTION,CONDUCTOR_R
LINE:001097,0.1520021849849094,CONDUCTOR_DERIVED_USING_DOCUMENTED_PORTUGUESE_PROJECT_RESISTANCE,PROJECT_PARAMETER_TRANSFER_ENGINEERING_ASSUMPTION,CONDUCTOR_R
LINE:001104,0.1520021849849094,CONDUCTOR_DERIVED_USING_DOCUMENTED_PORTUGUESE_PROJECT_RESISTANCE,PROJECT_PARAMETER_TRANSFER_ENGINEERING_ASSUMPTION,CONDUCTOR_R
LINE:001106,0.1520021849849094,CONDUCTOR_DERIVED_USING_DOCUMENTED_PORTUGUESE_PROJECT_RESISTANCE,PROJECT_PARAMETER_TRANSFER_ENGINEERING_ASSUMPTION,CONDUCTOR_R
LINE:001107,0.1520021849849094,CONDUCTOR_DERIVED_USING_DOCUMENTED_PORTUGUESE_PROJECT_RESISTANCE,PROJECT_PARAMETER_TRANSFER_ENGINEERING_ASSUMPTION,CONDUCTOR_R
LINE:001109,0.1093,CONDUCTOR_DERIVED_USING_DOCUMENTED_PORTUGUESE_PROJECT_RESISTANCE,PROJECT_PARAMETER_TRANSFER_ENGINEERING_ASSUMPTION,CONDUCTOR_R
LINE:001111,0.1667812775633958,CONDUCTOR_DERIVED_USING_DOCUMENTED_PORTUGUESE_PROJECT_RESISTANCE,PROJECT_PARAMETER_TRANSFER_ENGINEERING_ASSUMPTION,CONDUCTOR_R
LINE:001115,0.1088892445582586,CONDUCTOR_DERIVED_USING_DOCUMENTED_PORTUGUESE_PROJECT_RESISTANCE,PROJECT_PARAMETER_TRANSFER_ENGINEERING_ASSUMPTION,CONDUCTOR_R
LINE:001116,0.2029857142857143,CONDUCTOR_DERIVED_USING_DOCUMENTED_PORTUGUESE_PROJECT_RESISTANCE,PROJECT_PARAMETER_TRANSFER_ENGINEERING_ASSUMPTION,CONDUCTOR_R
LINE:001120,0.222015625,CONDUCTOR_DERIVED_USING_DOCUMENTED_PORTUGUESE_PROJECT_RESISTANCE,PROJECT_PARAMETER_TRANSFER_ENGINEERING_ASSUMPTION,CONDUCTOR_R
LINE:001130,0.3467598157797251,CONDUCTOR_DERIVED_USING_DOCUMENTED_PORTUGUESE_PROJECT_RESISTANCE,PROJECT_PARAMETER_TRANSFER_ENGINEERING_ASSUMPTION,CONDUCTOR_R
LINE:001131,0.3467598157797251,CONDUCTOR_DERIVED_USING_DOCUMENTED_PORTUGUESE_PROJECT_RESISTANCE,PROJECT_PARAMETER_TRANSFER_ENGINEERING_ASSUMPTION,CONDUCTOR_R
LINE:001132,0.3467598157797251,CONDUCTOR_DERIVED_USING_DOCUMENTED_PORTUGUESE_PROJECT_RESISTANCE,PROJECT_PARAMETER_TRANSFER_ENGINEERING_ASSUMPTION,CONDUCTOR_R
LINE:001133,0.3467598157797251,CONDUCTOR_DERIVED_USING_DOCUMENTED_PORTUGUESE_PROJECT_RESISTANCE,PROJECT_PARAMETER_TRANSFER_ENGINEERING_ASSUMPTION,CONDUCTOR_R
LINE:001134,0.3467598157797251,CONDUCTOR_DERIVED_USING_DOCUMENTED_PORTUGUESE_PROJECT_RESISTANCE,PROJECT_PARAMETER_TRANSFER_ENGINEERING_ASSUMPTION,CONDUCTOR_R
LINE:001135,0.222015625,CONDUCTOR_DERIVED_USING_DOCUMENTED_PORTUGUESE_PROJECT_RESISTANCE,PROJECT_PARAMETER_TRANSFER_ENGINEERING_ASSUMPTION,CONDUCTOR_R
LINE:001140,0.2213321022727272,CONDUCTOR_DERIVED_USING_DOCUMENTED_PORTUGUESE_PROJECT_RESISTANCE,PROJECT_PARAMETER_TRANSFER_ENGINEERING_ASSUMPTION,CONDUCTOR_R
LINE:001142,0.05465,CONDUCTOR_DERIVED_USING_DOCUMENTED_PORTUGUESE_PROJECT_RESISTANCE,PROJECT_PARAMETER_TRANSFER_ENGINEERING_ASSUMPTION,CONDUCTOR_R
LINE:001143,0.1084484504369825,CONDUCTOR_DERIVED_USING_DOCUMENTED_PORTUGUESE_PROJECT_RESISTANCE,PROJECT_PARAMETER_TRANSFER_ENGINEERING_ASSUMPTION,CONDUCTOR_R
LINE:001150,0.1093,CONDUCTOR_DERIVED_USING_DOCUMENTED_PORTUGUESE_PROJECT_RESISTANCE,PROJECT_PARAMETER_TRANSFER_ENGINEERING_ASSUMPTION,CONDUCTOR_R
LINE:001151,0.1093,CONDUCTOR_DERIVED_USING_DOCUMENTED_PORTUGUESE_PROJECT_RESISTANCE,PROJECT_PARAMETER_TRANSFER_ENGINEERING_ASSUMPTION,CONDUCTOR_R
LINE:001152,0.1093,CONDUCTOR_DERIVED_USING_DOCUMENTED_PORTUGUESE_PROJECT_RESISTANCE,PROJECT_PARAMETER_TRANSFER_ENGINEERING_ASSUMPTION,CONDUCTOR_R
LINE:001159,0.1093,CONDUCTOR_DERIVED_USING_DOCUMENTED_PORTUGUESE_PROJECT_RESISTANCE,PROJECT_PARAMETER_TRANSFER_ENGINEERING_ASSUMPTION,CONDUCTOR_R
LINE:001164,0.1093,CONDUCTOR_DERIVED_USING_DOCUMENTED_PORTUGUESE_PROJECT_RESISTANCE,PROJECT_PARAMETER_TRANSFER_ENGINEERING_ASSUMPTION,CONDUCTOR_R
LINE:001174,0.1093,CONDUCTOR_DERIVED_USING_DOCUMENTED_PORTUGUESE_PROJECT_RESISTANCE,PROJECT_PARAMETER_TRANSFER_ENGINEERING_ASSUMPTION,CONDUCTOR_R
LINE:001175,0.1110078124999999,CONDUCTOR_DERIVED_USING_DOCUMENTED_PORTUGUESE_PROJECT_RESISTANCE,PROJECT_PARAMETER_TRANSFER_ENGINEERING_ASSUMPTION,CONDUCTOR_R
LINE:001181,0.1361592697740442,CONDUCTOR_DERIVED_USING_DOCUMENTED_PORTUGUESE_PROJECT_RESISTANCE,PROJECT_PARAMETER_TRANSFER_ENGINEERING_ASSUMPTION,CONDUCTOR_R
LINE:001183,0.0607053475935828,CONDUCTOR_DERIVED_USING_DOCUMENTED_PORTUGUESE_PROJECT_RESISTANCE,PROJECT_PARAMETER_TRANSFER_ENGINEERING_ASSUMPTION,CONDUCTOR_R
LINE:001187,0.05465,CONDUCTOR_DERIVED_USING_DOCUMENTED_PORTUGUESE_PROJECT_RESISTANCE,PROJECT_PARAMETER_TRANSFER_ENGINEERING_ASSUMPTION,CONDUCTOR_R
LINE:001188,0.05465,CONDUCTOR_DERIVED_USING_DOCUMENTED_PORTUGUESE_PROJECT_RESISTANCE,PROJECT_PARAMETER_TRANSFER_ENGINEERING_ASSUMPTION,CONDUCTOR_R
LINE:001189,0.1990419861337683,CONDUCTOR_DERIVED_USING_DOCUMENTED_PORTUGUESE_PROJECT_RESISTANCE,PROJECT_PARAMETER_TRANSFER_ENGINEERING_ASSUMPTION,CONDUCTOR_R
LINE:001190,0.05465,CONDUCTOR_DERIVED_USING_DOCUMENTED_PORTUGUESE_PROJECT_RESISTANCE,PROJECT_PARAMETER_TRANSFER_ENGINEERING_ASSUMPTION,CONDUCTOR_R
LINE:001192,0.222015625,CONDUCTOR_DERIVED_USING_DOCUMENTED_PORTUGUESE_PROJECT_RESISTANCE,PROJECT_PARAMETER_TRANSFER_ENGINEERING_ASSUMPTION,CONDUCTOR_R
LINE:001194,0.05465,CONDUCTOR_DERIVED_USING_DOCUMENTED_PORTUGUESE_PROJECT_RESISTANCE,PROJECT_PARAMETER_TRANSFER_ENGINEERING_ASSUMPTION,CONDUCTOR_R
LINE:001195,0.0987394451530612,CONDUCTOR_DERIVED_USING_DOCUMENTED_PORTUGUESE_PROJECT_RESISTANCE,PROJECT_PARAMETER_TRANSFER_ENGINEERING_ASSUMPTION,CONDUCTOR_R
LINE:001196,0.0987394451530612,CONDUCTOR_DERIVED_USING_DOCUMENTED_PORTUGUESE_PROJECT_RESISTANCE,PROJECT_PARAMETER_TRANSFER_ENGINEERING_ASSUMPTION,CONDUCTOR_R
LINE:001197,0.222015625,CONDUCTOR_DERIVED_USING_DOCUMENTED_PORTUGUESE_PROJECT_RESISTANCE,PROJECT_PARAMETER_TRANSFER_ENGINEERING_ASSUMPTION,CONDUCTOR_R
LINE:001199,0.222015625,CONDUCTOR_DERIVED_USING_DOCUMENTED_PORTUGUESE_PROJECT_RESISTANCE,PROJECT_PARAMETER_TRANSFER_ENGINEERING_ASSUMPTION,CONDUCTOR_R
LINE:001202,0.222015625,CONDUCTOR_DERIVED_USING_DOCUMENTED_PORTUGUESE_PROJECT_RESISTANCE,PROJECT_PARAMETER_TRANSFER_ENGINEERING_ASSUMPTION,CONDUCTOR_R
LINE:001206,0.163789854751461,CONDUCTOR_DERIVED_USING_DOCUMENTED_PORTUGUESE_PROJECT_RESISTANCE,PROJECT_PARAMETER_TRANSFER_ENGINEERING_ASSUMPTION,CONDUCTOR_R
LINE:001209,0.2213321022727272,CONDUCTOR_DERIVED_USING_DOCUMENTED_PORTUGUESE_PROJECT_RESISTANCE,PROJECT_PARAMETER_TRANSFER_ENGINEERING_ASSUMPTION,CONDUCTOR_R
LINE:001211,0.1110078125,CONDUCTOR_DERIVED_USING_DOCUMENTED_PORTUGUESE_PROJECT_RESISTANCE,PROJECT_PARAMETER_TRANSFER_ENGINEERING_ASSUMPTION,CONDUCTOR_R
LINE:001212,0.1110078125,CONDUCTOR_DERIVED_USING_DOCUMENTED_PORTUGUESE_PROJECT_RESISTANCE,PROJECT_PARAMETER_TRANSFER_ENGINEERING_ASSUMPTION,CONDUCTOR_R
LINE:001223,0.1066566619915848,CONDUCTOR_DERIVED_USING_DOCUMENTED_PORTUGUESE_PROJECT_RESISTANCE,PROJECT_PARAMETER_TRANSFER_ENGINEERING_ASSUMPTION,CONDUCTOR_R
LINE:001231,0.2118248528587444,CONDUCTOR_DERIVED_USING_DOCUMENTED_PORTUGUESE_PROJECT_RESISTANCE,PROJECT_PARAMETER_TRANSFER_ENGINEERING_ASSUMPTION,CONDUCTOR_R
LINE:001237,0.2400168918918919,CONDUCTOR_DERIVED_USING_DOCUMENTED_PORTUGUESE_PROJECT_RESISTANCE,PROJECT_PARAMETER_TRANSFER_ENGINEERING_ASSUMPTION,CONDUCTOR_R
LINE:001238,0.2400168918918919,CONDUCTOR_DERIVED_USING_DOCUMENTED_PORTUGUESE_PROJECT_RESISTANCE,PROJECT_PARAMETER_TRANSFER_ENGINEERING_ASSUMPTION,CONDUCTOR_R
LINE:001239,0.1093,CONDUCTOR_DERIVED_USING_DOCUMENTED_PORTUGUESE_PROJECT_RESISTANCE,PROJECT_PARAMETER_TRANSFER_ENGINEERING_ASSUMPTION,CONDUCTOR_R
LINE:001243,0.220065084534368,CONDUCTOR_DERIVED_USING_DOCUMENTED_PORTUGUESE_PROJECT_RESISTANCE,PROJECT_PARAMETER_TRANSFER_ENGINEERING_ASSUMPTION,CONDUCTOR_R
LINE:001251,0.0754,CONDUCTOR_DERIVED_USING_DOCUMENTED_PORTUGUESE_PROJECT_RESISTANCE,PROJECT_PARAMETER_TRANSFER_ENGINEERING_ASSUMPTION,CONDUCTOR_R
LINE:001259,0.0754,CONDUCTOR_DERIVED_USING_DOCUMENTED_PORTUGUESE_PROJECT_RESISTANCE,PROJECT_PARAMETER_TRANSFER_ENGINEERING_ASSUMPTION,CONDUCTOR_R
LINE:001290,0.1511595744680851,CONDUCTOR_DERIVED_USING_DOCUMENTED_PORTUGUESE_PROJECT_RESISTANCE,PROJECT_PARAMETER_TRANSFER_ENGINEERING_ASSUMPTION,CONDUCTOR_R
LINE:001291,0.1511595744680851,CONDUCTOR_DERIVED_USING_DOCUMENTED_PORTUGUESE_PROJECT_RESISTANCE,PROJECT_PARAMETER_TRANSFER_ENGINEERING_ASSUMPTION,CONDUCTOR_R
LINE:001292,0.1093,CONDUCTOR_DERIVED_USING_DOCUMENTED_PORTUGUESE_PROJECT_RESISTANCE,PROJECT_PARAMETER_TRANSFER_ENGINEERING_ASSUMPTION,CONDUCTOR_R
LINE:001301,0.1093,CONDUCTOR_DERIVED_USING_DOCUMENTED_PORTUGUESE_PROJECT_RESISTANCE,PROJECT_PARAMETER_TRANSFER_ENGINEERING_ASSUMPTION,CONDUCTOR_R
LINE:001305,0.05465,CONDUCTOR_DERIVED_USING_DOCUMENTED_PORTUGUESE_PROJECT_RESISTANCE,PROJECT_PARAMETER_TRANSFER_ENGINEERING_ASSUMPTION,CONDUCTOR_R
LINE:001307,0.1093,CONDUCTOR_DERIVED_USING_DOCUMENTED_PORTUGUESE_PROJECT_RESISTANCE,PROJECT_PARAMETER_TRANSFER_ENGINEERING_ASSUMPTION,CONDUCTOR_R
LINE:001309,0.05465,CONDUCTOR_DERIVED_USING_DOCUMENTED_PORTUGUESE_PROJECT_RESISTANCE,PROJECT_PARAMETER_TRANSFER_ENGINEERING_ASSUMPTION,CONDUCTOR_R
LINE:001310,0.05465,CONDUCTOR_DERIVED_USING_DOCUMENTED_PORTUGUESE_PROJECT_RESISTANCE,PROJECT_PARAMETER_TRANSFER_ENGINEERING_ASSUMPTION,CONDUCTOR_R
LINE:001316,0.1093,CONDUCTOR_DERIVED_USING_DOCUMENTED_PORTUGUESE_PROJECT_RESISTANCE,PROJECT_PARAMETER_TRANSFER_ENGINEERING_ASSUMPTION,CONDUCTOR_R
LINE:001318,0.222015625,CONDUCTOR_DERIVED_USING_DOCUMENTED_PORTUGUESE_PROJECT_RESISTANCE,PROJECT_PARAMETER_TRANSFER_ENGINEERING_ASSUMPTION,CONDUCTOR_R
LINE:001322,0.0887700204793689,CONDUCTOR_DERIVED_USING_DOCUMENTED_PORTUGUESE_PROJECT_RESISTANCE,PROJECT_PARAMETER_TRANSFER_ENGINEERING_ASSUMPTION,CONDUCTOR_R
LINE:001326,0.222015625,CONDUCTOR_DERIVED_USING_DOCUMENTED_PORTUGUESE_PROJECT_RESISTANCE,PROJECT_PARAMETER_TRANSFER_ENGINEERING_ASSUMPTION,CONDUCTOR_R
LINE:001327,0.222015625,CONDUCTOR_DERIVED_USING_DOCUMENTED_PORTUGUESE_PROJECT_RESISTANCE,PROJECT_PARAMETER_TRANSFER_ENGINEERING_ASSUMPTION,CONDUCTOR_R
LINE:001328,0.1093,CONDUCTOR_DERIVED_USING_DOCUMENTED_PORTUGUESE_PROJECT_RESISTANCE,PROJECT_PARAMETER_TRANSFER_ENGINEERING_ASSUMPTION,CONDUCTOR_R
LINE:001341,0.1520021849849094,CONDUCTOR_DERIVED_USING_DOCUMENTED_PORTUGUESE_PROJECT_RESISTANCE,PROJECT_PARAMETER_TRANSFER_ENGINEERING_ASSUMPTION,CONDUCTOR_R
LINE:001342,0.1093,CONDUCTOR_DERIVED_USING_DOCUMENTED_PORTUGUESE_PROJECT_RESISTANCE,PROJECT_PARAMETER_TRANSFER_ENGINEERING_ASSUMPTION,CONDUCTOR_R
LINE:001344,0.222015625,CONDUCTOR_DERIVED_USING_DOCUMENTED_PORTUGUESE_PROJECT_RESISTANCE,PROJECT_PARAMETER_TRANSFER_ENGINEERING_ASSUMPTION,CONDUCTOR_R
LINE:001345,0.222015625,CONDUCTOR_DERIVED_USING_DOCUMENTED_PORTUGUESE_PROJECT_RESISTANCE,PROJECT_PARAMETER_TRANSFER_ENGINEERING_ASSUMPTION,CONDUCTOR_R
LINE:001355,0.1110078125,CONDUCTOR_DERIVED_USING_DOCUMENTED_PORTUGUESE_PROJECT_RESISTANCE,PROJECT_PARAMETER_TRANSFER_ENGINEERING_ASSUMPTION,CONDUCTOR_R
LINE:001360,0.1093,CONDUCTOR_DERIVED_USING_DOCUMENTED_PORTUGUESE_PROJECT_RESISTANCE,PROJECT_PARAMETER_TRANSFER_ENGINEERING_ASSUMPTION,CONDUCTOR_R
LINE:001384,0.1093,CONDUCTOR_DERIVED_USING_DOCUMENTED_PORTUGUESE_PROJECT_RESISTANCE,PROJECT_PARAMETER_TRANSFER_ENGINEERING_ASSUMPTION,CONDUCTOR_R
LINE:001393,0.1093,CONDUCTOR_DERIVED_USING_DOCUMENTED_PORTUGUESE_PROJECT_RESISTANCE,PROJECT_PARAMETER_TRANSFER_ENGINEERING_ASSUMPTION,CONDUCTOR_R
LINE:001398,0.1093,CONDUCTOR_DERIVED_USING_DOCUMENTED_PORTUGUESE_PROJECT_RESISTANCE,PROJECT_PARAMETER_TRANSFER_ENGINEERING_ASSUMPTION,CONDUCTOR_R
LINE:001403,0.1005884658454647,CONDUCTOR_DERIVED_USING_DOCUMENTED_PORTUGUESE_PROJECT_RESISTANCE,PROJECT_PARAMETER_TRANSFER_ENGINEERING_ASSUMPTION,CONDUCTOR_R
LINE:001421,0.1005884658454647,CONDUCTOR_DERIVED_USING_DOCUMENTED_PORTUGUESE_PROJECT_RESISTANCE,PROJECT_PARAMETER_TRANSFER_ENGINEERING_ASSUMPTION,CONDUCTOR_R
LINE:001423,0.1005884658454647,CONDUCTOR_DERIVED_USING_DOCUMENTED_PORTUGUESE_PROJECT_RESISTANCE,PROJECT_PARAMETER_TRANSFER_ENGINEERING_ASSUMPTION,CONDUCTOR_R
LINE:001425,0.0754,CONDUCTOR_DERIVED_USING_DOCUMENTED_PORTUGUESE_PROJECT_RESISTANCE,PROJECT_PARAMETER_TRANSFER_ENGINEERING_ASSUMPTION,CONDUCTOR_R
LINE:001445,0.05465,CONDUCTOR_DERIVED_USING_DOCUMENTED_PORTUGUESE_PROJECT_RESISTANCE,PROJECT_PARAMETER_TRANSFER_ENGINEERING_ASSUMPTION,CONDUCTOR_R
LINE:001447,0.0802957910014513,CONDUCTOR_DERIVED_USING_DOCUMENTED_PORTUGUESE_PROJECT_RESISTANCE,PROJECT_PARAMETER_TRANSFER_ENGINEERING_ASSUMPTION,CONDUCTOR_R
LINE:001448,0.0802957910014513,CONDUCTOR_DERIVED_USING_DOCUMENTED_PORTUGUESE_PROJECT_RESISTANCE,PROJECT_PARAMETER_TRANSFER_ENGINEERING_ASSUMPTION,CONDUCTOR_R
LINE:001456,0.1093,CONDUCTOR_DERIVED_USING_DOCUMENTED_PORTUGUESE_PROJECT_RESISTANCE,PROJECT_PARAMETER_TRANSFER_ENGINEERING_ASSUMPTION,CONDUCTOR_R
LINE:001468,0.2212299035369774,CONDUCTOR_DERIVED_USING_DOCUMENTED_PORTUGUESE_PROJECT_RESISTANCE,PROJECT_PARAMETER_TRANSFER_ENGINEERING_ASSUMPTION,CONDUCTOR_R
LINE:001469,0.2212299035369774,CONDUCTOR_DERIVED_USING_DOCUMENTED_PORTUGUESE_PROJECT_RESISTANCE,PROJECT_PARAMETER_TRANSFER_ENGINEERING_ASSUMPTION,CONDUCTOR_R
LINE:001481,0.222015625,CONDUCTOR_DERIVED_USING_DOCUMENTED_PORTUGUESE_PROJECT_RESISTANCE,PROJECT_PARAMETER_TRANSFER_ENGINEERING_ASSUMPTION,CONDUCTOR_R
LINE:001484,0.1084484504369825,CONDUCTOR_DERIVED_USING_DOCUMENTED_PORTUGUESE_PROJECT_RESISTANCE,PROJECT_PARAMETER_TRANSFER_ENGINEERING_ASSUMPTION,CONDUCTOR_R
LINE:001485,0.05465,CONDUCTOR_DERIVED_USING_DOCUMENTED_PORTUGUESE_PROJECT_RESISTANCE,PROJECT_PARAMETER_TRANSFER_ENGINEERING_ASSUMPTION,CONDUCTOR_R
LINE:001487,0.1110078125,CONDUCTOR_DERIVED_USING_DOCUMENTED_PORTUGUESE_PROJECT_RESISTANCE,PROJECT_PARAMETER_TRANSFER_ENGINEERING_ASSUMPTION,CONDUCTOR_R
LINE:001488,0.1110078125,CONDUCTOR_DERIVED_USING_DOCUMENTED_PORTUGUESE_PROJECT_RESISTANCE,PROJECT_PARAMETER_TRANSFER_ENGINEERING_ASSUMPTION,CONDUCTOR_R
LINE:001493,0.1093,CONDUCTOR_DERIVED_USING_DOCUMENTED_PORTUGUESE_PROJECT_RESISTANCE,PROJECT_PARAMETER_TRANSFER_ENGINEERING_ASSUMPTION,CONDUCTOR_R
LINE:001494,0.1093,CONDUCTOR_DERIVED_USING_DOCUMENTED_PORTUGUESE_PROJECT_RESISTANCE,PROJECT_PARAMETER_TRANSFER_ENGINEERING_ASSUMPTION,CONDUCTOR_R
LINE:001496,0.222015625,CONDUCTOR_DERIVED_USING_DOCUMENTED_PORTUGUESE_PROJECT_RESISTANCE,PROJECT_PARAMETER_TRANSFER_ENGINEERING_ASSUMPTION,CONDUCTOR_R
LINE:001497,0.1093,CONDUCTOR_DERIVED_USING_DOCUMENTED_PORTUGUESE_PROJECT_RESISTANCE,PROJECT_PARAMETER_TRANSFER_ENGINEERING_ASSUMPTION,CONDUCTOR_R
LINE:001508,0.0847443820224719,CONDUCTOR_DERIVED_USING_DOCUMENTED_PORTUGUESE_PROJECT_RESISTANCE,PROJECT_PARAMETER_TRANSFER_ENGINEERING_ASSUMPTION,CONDUCTOR_R
LINE:001509,0.1990419861337683,CONDUCTOR_DERIVED_USING_DOCUMENTED_PORTUGUESE_PROJECT_RESISTANCE,PROJECT_PARAMETER_TRANSFER_ENGINEERING_ASSUMPTION,CONDUCTOR_R
LINE:001510,0.0754,CONDUCTOR_DERIVED_USING_DOCUMENTED_PORTUGUESE_PROJECT_RESISTANCE,PROJECT_PARAMETER_TRANSFER_ENGINEERING_ASSUMPTION,CONDUCTOR_R
LINE:001511,0.0754,CONDUCTOR_DERIVED_USING_DOCUMENTED_PORTUGUESE_PROJECT_RESISTANCE,PROJECT_PARAMETER_TRANSFER_ENGINEERING_ASSUMPTION,CONDUCTOR_R
LINE:001512,0.0754,CONDUCTOR_DERIVED_USING_DOCUMENTED_PORTUGUESE_PROJECT_RESISTANCE,PROJECT_PARAMETER_TRANSFER_ENGINEERING_ASSUMPTION,CONDUCTOR_R
LINE:001513,0.0754,CONDUCTOR_DERIVED_USING_DOCUMENTED_PORTUGUESE_PROJECT_RESISTANCE,PROJECT_PARAMETER_TRANSFER_ENGINEERING_ASSUMPTION,CONDUCTOR_R
LINE:001514,0.0754,CONDUCTOR_DERIVED_USING_DOCUMENTED_PORTUGUESE_PROJECT_RESISTANCE,PROJECT_PARAMETER_TRANSFER_ENGINEERING_ASSUMPTION,CONDUCTOR_R
LINE:001515,0.1093,CONDUCTOR_DERIVED_USING_DOCUMENTED_PORTUGUESE_PROJECT_RESISTANCE,PROJECT_PARAMETER_TRANSFER_ENGINEERING_ASSUMPTION,CONDUCTOR_R
LINE:001517,0.1093,CONDUCTOR_DERIVED_USING_DOCUMENTED_PORTUGUESE_PROJECT_RESISTANCE,PROJECT_PARAMETER_TRANSFER_ENGINEERING_ASSUMPTION,CONDUCTOR_R
LINE:001518,0.0754,CONDUCTOR_DERIVED_USING_DOCUMENTED_PORTUGUESE_PROJECT_RESISTANCE,PROJECT_PARAMETER_TRANSFER_ENGINEERING_ASSUMPTION,CONDUCTOR_R
LINE:001520,0.222015625,CONDUCTOR_DERIVED_USING_DOCUMENTED_PORTUGUESE_PROJECT_RESISTANCE,PROJECT_PARAMETER_TRANSFER_ENGINEERING_ASSUMPTION,CONDUCTOR_R
LINE:001521,0.222015625,CONDUCTOR_DERIVED_USING_DOCUMENTED_PORTUGUESE_PROJECT_RESISTANCE,PROJECT_PARAMETER_TRANSFER_ENGINEERING_ASSUMPTION,CONDUCTOR_R
LINE:001522,0.1093,CONDUCTOR_DERIVED_USING_DOCUMENTED_PORTUGUESE_PROJECT_RESISTANCE,PROJECT_PARAMETER_TRANSFER_ENGINEERING_ASSUMPTION,CONDUCTOR_R
LINE:001523,0.1093,CONDUCTOR_DERIVED_USING_DOCUMENTED_PORTUGUESE_PROJECT_RESISTANCE,PROJECT_PARAMETER_TRANSFER_ENGINEERING_ASSUMPTION,CONDUCTOR_R
LINE:001524,0.1093,CONDUCTOR_DERIVED_USING_DOCUMENTED_PORTUGUESE_PROJECT_RESISTANCE,PROJECT_PARAMETER_TRANSFER_ENGINEERING_ASSUMPTION,CONDUCTOR_R
LINE:001529,0.1093,CONDUCTOR_DERIVED_USING_DOCUMENTED_PORTUGUESE_PROJECT_RESISTANCE,PROJECT_PARAMETER_TRANSFER_ENGINEERING_ASSUMPTION,CONDUCTOR_R
LINE:001539,0.1091043425225665,CONDUCTOR_DERIVED_USING_DOCUMENTED_PORTUGUESE_PROJECT_RESISTANCE,PROJECT_PARAMETER_TRANSFER_ENGINEERING_ASSUMPTION,CONDUCTOR_R
LINE:001548,0.222015625,CONDUCTOR_DERIVED_USING_DOCUMENTED_PORTUGUESE_PROJECT_RESISTANCE,PROJECT_PARAMETER_TRANSFER_ENGINEERING_ASSUMPTION,CONDUCTOR_R
LINE:001549,0.2218801494891827,CONDUCTOR_DERIVED_USING_DOCUMENTED_PORTUGUESE_PROJECT_RESISTANCE,PROJECT_PARAMETER_TRANSFER_ENGINEERING_ASSUMPTION,CONDUCTOR_R
LINE:001555,0.1093,CONDUCTOR_DERIVED_USING_DOCUMENTED_PORTUGUESE_PROJECT_RESISTANCE,PROJECT_PARAMETER_TRANSFER_ENGINEERING_ASSUMPTION,CONDUCTOR_R
LINE:001556,0.1093,CONDUCTOR_DERIVED_USING_DOCUMENTED_PORTUGUESE_PROJECT_RESISTANCE,PROJECT_PARAMETER_TRANSFER_ENGINEERING_ASSUMPTION,CONDUCTOR_R
LINE:001561,0.1093,CONDUCTOR_DERIVED_USING_DOCUMENTED_PORTUGUESE_PROJECT_RESISTANCE,PROJECT_PARAMETER_TRANSFER_ENGINEERING_ASSUMPTION,CONDUCTOR_R
LINE:001564,0.1093,CONDUCTOR_DERIVED_USING_DOCUMENTED_PORTUGUESE_PROJECT_RESISTANCE,PROJECT_PARAMETER_TRANSFER_ENGINEERING_ASSUMPTION,CONDUCTOR_R
LINE:001569,0.0754,CONDUCTOR_DERIVED_USING_DOCUMENTED_PORTUGUESE_PROJECT_RESISTANCE,PROJECT_PARAMETER_TRANSFER_ENGINEERING_ASSUMPTION,CONDUCTOR_R
LINE:001570,0.0754,CONDUCTOR_DERIVED_USING_DOCUMENTED_PORTUGUESE_PROJECT_RESISTANCE,PROJECT_PARAMETER_TRANSFER_ENGINEERING_ASSUMPTION,CONDUCTOR_R
LINE:001571,0.0754,CONDUCTOR_DERIVED_USING_DOCUMENTED_PORTUGUESE_PROJECT_RESISTANCE,PROJECT_PARAMETER_TRANSFER_ENGINEERING_ASSUMPTION,CONDUCTOR_R
LINE:001583,0.0754,CONDUCTOR_DERIVED_USING_DOCUMENTED_PORTUGUESE_PROJECT_RESISTANCE,PROJECT_PARAMETER_TRANSFER_ENGINEERING_ASSUMPTION,CONDUCTOR_R
LINE:001584,0.0754,CONDUCTOR_DERIVED_USING_DOCUMENTED_PORTUGUESE_PROJECT_RESISTANCE,PROJECT_PARAMETER_TRANSFER_ENGINEERING_ASSUMPTION,CONDUCTOR_R
LINE:001589,0.1090964467005076,CONDUCTOR_DERIVED_USING_DOCUMENTED_PORTUGUESE_PROJECT_RESISTANCE,PROJECT_PARAMETER_TRANSFER_ENGINEERING_ASSUMPTION,CONDUCTOR_R
LINE:001590,0.1090964467005076,CONDUCTOR_DERIVED_USING_DOCUMENTED_PORTUGUESE_PROJECT_RESISTANCE,PROJECT_PARAMETER_TRANSFER_ENGINEERING_ASSUMPTION,CONDUCTOR_R
LINE:001595,0.05452621124031,CONDUCTOR_DERIVED_USING_DOCUMENTED_PORTUGUESE_PROJECT_RESISTANCE,PROJECT_PARAMETER_TRANSFER_ENGINEERING_ASSUMPTION,CONDUCTOR_R
LINE:001596,0.05452621124031,CONDUCTOR_DERIVED_USING_DOCUMENTED_PORTUGUESE_PROJECT_RESISTANCE,PROJECT_PARAMETER_TRANSFER_ENGINEERING_ASSUMPTION,CONDUCTOR_R
LINE:001611,0.222015625,CONDUCTOR_DERIVED_USING_DOCUMENTED_PORTUGUESE_PROJECT_RESISTANCE,PROJECT_PARAMETER_TRANSFER_ENGINEERING_ASSUMPTION,CONDUCTOR_R
LINE:001613,0.222015625,CONDUCTOR_DERIVED_USING_DOCUMENTED_PORTUGUESE_PROJECT_RESISTANCE,PROJECT_PARAMETER_TRANSFER_ENGINEERING_ASSUMPTION,CONDUCTOR_R
LINE:001630,0.222015625,CONDUCTOR_DERIVED_USING_DOCUMENTED_PORTUGUESE_PROJECT_RESISTANCE,PROJECT_PARAMETER_TRANSFER_ENGINEERING_ASSUMPTION,CONDUCTOR_R
LINE:001637,0.194932923340961,CONDUCTOR_DERIVED_USING_DOCUMENTED_PORTUGUESE_PROJECT_RESISTANCE,PROJECT_PARAMETER_TRANSFER_ENGINEERING_ASSUMPTION,CONDUCTOR_R
LINE:001639,0.08880625,CONDUCTOR_DERIVED_USING_DOCUMENTED_PORTUGUESE_PROJECT_RESISTANCE,PROJECT_PARAMETER_TRANSFER_ENGINEERING_ASSUMPTION,CONDUCTOR_R
LINE:001640,0.08880625,CONDUCTOR_DERIVED_USING_DOCUMENTED_PORTUGUESE_PROJECT_RESISTANCE,PROJECT_PARAMETER_TRANSFER_ENGINEERING_ASSUMPTION,CONDUCTOR_R
LINE:001641,0.08880625,CONDUCTOR_DERIVED_USING_DOCUMENTED_PORTUGUESE_PROJECT_RESISTANCE,PROJECT_PARAMETER_TRANSFER_ENGINEERING_ASSUMPTION,CONDUCTOR_R
LINE:001642,0.08880625,CONDUCTOR_DERIVED_USING_DOCUMENTED_PORTUGUESE_PROJECT_RESISTANCE,PROJECT_PARAMETER_TRANSFER_ENGINEERING_ASSUMPTION,CONDUCTOR_R
LINE:001656,0.0355225,CONDUCTOR_DERIVED_USING_DOCUMENTED_PORTUGUESE_PROJECT_RESISTANCE,PROJECT_PARAMETER_TRANSFER_ENGINEERING_ASSUMPTION,CONDUCTOR_R
LINE:001659,0.1228465291881477,CONDUCTOR_DERIVED_USING_DOCUMENTED_PORTUGUESE_PROJECT_RESISTANCE,PROJECT_PARAMETER_TRANSFER_ENGINEERING_ASSUMPTION,CONDUCTOR_R
LINE:001665,0.1093,CONDUCTOR_DERIVED_USING_DOCUMENTED_PORTUGUESE_PROJECT_RESISTANCE,PROJECT_PARAMETER_TRANSFER_ENGINEERING_ASSUMPTION,CONDUCTOR_R
LINE:001674,0.0847443820224719,CONDUCTOR_DERIVED_USING_DOCUMENTED_PORTUGUESE_PROJECT_RESISTANCE,PROJECT_PARAMETER_TRANSFER_ENGINEERING_ASSUMPTION,CONDUCTOR_R
LINE:001675,0.0847443820224719,CONDUCTOR_DERIVED_USING_DOCUMENTED_PORTUGUESE_PROJECT_RESISTANCE,PROJECT_PARAMETER_TRANSFER_ENGINEERING_ASSUMPTION,CONDUCTOR_R
LINE:001693,0.1089501635768811,CONDUCTOR_DERIVED_USING_DOCUMENTED_PORTUGUESE_PROJECT_RESISTANCE,PROJECT_PARAMETER_TRANSFER_ENGINEERING_ASSUMPTION,CONDUCTOR_R
LINE:001694,0.1126182131158786,CONDUCTOR_DERIVED_USING_DOCUMENTED_PORTUGUESE_PROJECT_RESISTANCE,PROJECT_PARAMETER_TRANSFER_ENGINEERING_ASSUMPTION,CONDUCTOR_R
LINE:001695,0.1126182131158786,CONDUCTOR_DERIVED_USING_DOCUMENTED_PORTUGUESE_PROJECT_RESISTANCE,PROJECT_PARAMETER_TRANSFER_ENGINEERING_ASSUMPTION,CONDUCTOR_R
LINE:001696,0.1126182131158786,CONDUCTOR_DERIVED_USING_DOCUMENTED_PORTUGUESE_PROJECT_RESISTANCE,PROJECT_PARAMETER_TRANSFER_ENGINEERING_ASSUMPTION,CONDUCTOR_R
LINE:001709,0.222015625,CONDUCTOR_DERIVED_USING_DOCUMENTED_PORTUGUESE_PROJECT_RESISTANCE,PROJECT_PARAMETER_TRANSFER_ENGINEERING_ASSUMPTION,CONDUCTOR_R
LINE:001713,0.222015625,CONDUCTOR_DERIVED_USING_DOCUMENTED_PORTUGUESE_PROJECT_RESISTANCE,PROJECT_PARAMETER_TRANSFER_ENGINEERING_ASSUMPTION,CONDUCTOR_R
LINE:001716,0.0993870810659317,CONDUCTOR_DERIVED_USING_DOCUMENTED_PORTUGUESE_PROJECT_RESISTANCE,PROJECT_PARAMETER_TRANSFER_ENGINEERING_ASSUMPTION,CONDUCTOR_R
LINE:001724,0.05465,CONDUCTOR_DERIVED_USING_DOCUMENTED_PORTUGUESE_PROJECT_RESISTANCE,PROJECT_PARAMETER_TRANSFER_ENGINEERING_ASSUMPTION,CONDUCTOR_R
LINE:001725,0.2220156249999999,CONDUCTOR_DERIVED_USING_DOCUMENTED_PORTUGUESE_PROJECT_RESISTANCE,PROJECT_PARAMETER_TRANSFER_ENGINEERING_ASSUMPTION,CONDUCTOR_R
LINE:001726,0.2220156249999999,CONDUCTOR_DERIVED_USING_DOCUMENTED_PORTUGUESE_PROJECT_RESISTANCE,PROJECT_PARAMETER_TRANSFER_ENGINEERING_ASSUMPTION,CONDUCTOR_R
LINE:001727,0.2220156249999999,CONDUCTOR_DERIVED_USING_DOCUMENTED_PORTUGUESE_PROJECT_RESISTANCE,PROJECT_PARAMETER_TRANSFER_ENGINEERING_ASSUMPTION,CONDUCTOR_R
LINE:001728,0.2220156249999999,CONDUCTOR_DERIVED_USING_DOCUMENTED_PORTUGUESE_PROJECT_RESISTANCE,PROJECT_PARAMETER_TRANSFER_ENGINEERING_ASSUMPTION,CONDUCTOR_R
LINE:001729,0.2220156249999999,CONDUCTOR_DERIVED_USING_DOCUMENTED_PORTUGUESE_PROJECT_RESISTANCE,PROJECT_PARAMETER_TRANSFER_ENGINEERING_ASSUMPTION,CONDUCTOR_R
LINE:001736,0.1093,CONDUCTOR_DERIVED_USING_DOCUMENTED_PORTUGUESE_PROJECT_RESISTANCE,PROJECT_PARAMETER_TRANSFER_ENGINEERING_ASSUMPTION,CONDUCTOR_R
LINE:001738,0.1093,CONDUCTOR_DERIVED_USING_DOCUMENTED_PORTUGUESE_PROJECT_RESISTANCE,PROJECT_PARAMETER_TRANSFER_ENGINEERING_ASSUMPTION,CONDUCTOR_R
LINE:001740,0.1110078124999999,CONDUCTOR_DERIVED_USING_DOCUMENTED_PORTUGUESE_PROJECT_RESISTANCE,PROJECT_PARAMETER_TRANSFER_ENGINEERING_ASSUMPTION,CONDUCTOR_R
LINE:001741,0.1110078125,CONDUCTOR_DERIVED_USING_DOCUMENTED_PORTUGUESE_PROJECT_RESISTANCE,PROJECT_PARAMETER_TRANSFER_ENGINEERING_ASSUMPTION,CONDUCTOR_R
LINE:001753,0.222015625,CONDUCTOR_DERIVED_USING_DOCUMENTED_PORTUGUESE_PROJECT_RESISTANCE,PROJECT_PARAMETER_TRANSFER_ENGINEERING_ASSUMPTION,CONDUCTOR_R
LINE:001766,0.1093,CONDUCTOR_DERIVED_USING_DOCUMENTED_PORTUGUESE_PROJECT_RESISTANCE,PROJECT_PARAMETER_TRANSFER_ENGINEERING_ASSUMPTION,CONDUCTOR_R
LINE:001771,0.222015625,CONDUCTOR_DERIVED_USING_DOCUMENTED_PORTUGUESE_PROJECT_RESISTANCE,PROJECT_PARAMETER_TRANSFER_ENGINEERING_ASSUMPTION,CONDUCTOR_R
LINE:001781,0.0754,CONDUCTOR_DERIVED_USING_DOCUMENTED_PORTUGUESE_PROJECT_RESISTANCE,PROJECT_PARAMETER_TRANSFER_ENGINEERING_ASSUMPTION,CONDUCTOR_R
LINE:001795,0.08880625,CONDUCTOR_DERIVED_USING_DOCUMENTED_PORTUGUESE_PROJECT_RESISTANCE,PROJECT_PARAMETER_TRANSFER_ENGINEERING_ASSUMPTION,CONDUCTOR_R
LINE:001797,0.222015625,CONDUCTOR_DERIVED_USING_DOCUMENTED_PORTUGUESE_PROJECT_RESISTANCE,PROJECT_PARAMETER_TRANSFER_ENGINEERING_ASSUMPTION,CONDUCTOR_R
LINE:001798,0.222015625,CONDUCTOR_DERIVED_USING_DOCUMENTED_PORTUGUESE_PROJECT_RESISTANCE,PROJECT_PARAMETER_TRANSFER_ENGINEERING_ASSUMPTION,CONDUCTOR_R
LINE:001801,0.05465,CONDUCTOR_DERIVED_USING_DOCUMENTED_PORTUGUESE_PROJECT_RESISTANCE,PROJECT_PARAMETER_TRANSFER_ENGINEERING_ASSUMPTION,CONDUCTOR_R
LINE:001804,0.1876636663866829,CONDUCTOR_DERIVED_USING_DOCUMENTED_PORTUGUESE_PROJECT_RESISTANCE,PROJECT_PARAMETER_TRANSFER_ENGINEERING_ASSUMPTION,CONDUCTOR_R
LINE:001817,0.1093,CONDUCTOR_DERIVED_USING_DOCUMENTED_PORTUGUESE_PROJECT_RESISTANCE,PROJECT_PARAMETER_TRANSFER_ENGINEERING_ASSUMPTION,CONDUCTOR_R
LINE:001833,0.222015625,CONDUCTOR_DERIVED_USING_DOCUMENTED_PORTUGUESE_PROJECT_RESISTANCE,PROJECT_PARAMETER_TRANSFER_ENGINEERING_ASSUMPTION,CONDUCTOR_R
LINE:001834,0.222015625,CONDUCTOR_DERIVED_USING_DOCUMENTED_PORTUGUESE_PROJECT_RESISTANCE,PROJECT_PARAMETER_TRANSFER_ENGINEERING_ASSUMPTION,CONDUCTOR_R
LINE:001837,0.1093,CONDUCTOR_DERIVED_USING_DOCUMENTED_PORTUGUESE_PROJECT_RESISTANCE,PROJECT_PARAMETER_TRANSFER_ENGINEERING_ASSUMPTION,CONDUCTOR_R
LINE:001838,0.1093,CONDUCTOR_DERIVED_USING_DOCUMENTED_PORTUGUESE_PROJECT_RESISTANCE,PROJECT_PARAMETER_TRANSFER_ENGINEERING_ASSUMPTION,CONDUCTOR_R
LINE:001840,0.1361592697740442,CONDUCTOR_DERIVED_USING_DOCUMENTED_PORTUGUESE_PROJECT_RESISTANCE,PROJECT_PARAMETER_TRANSFER_ENGINEERING_ASSUMPTION,CONDUCTOR_R
LINE:001848,0.05465,CONDUCTOR_DERIVED_USING_DOCUMENTED_PORTUGUESE_PROJECT_RESISTANCE,PROJECT_PARAMETER_TRANSFER_ENGINEERING_ASSUMPTION,CONDUCTOR_R
LINE:001849,0.1005884658454647,CONDUCTOR_DERIVED_USING_DOCUMENTED_PORTUGUESE_PROJECT_RESISTANCE,PROJECT_PARAMETER_TRANSFER_ENGINEERING_ASSUMPTION,CONDUCTOR_R
LINE:001850,0.0885622691292876,CONDUCTOR_DERIVED_USING_DOCUMENTED_PORTUGUESE_PROJECT_RESISTANCE,PROJECT_PARAMETER_TRANSFER_ENGINEERING_ASSUMPTION,CONDUCTOR_R
LINE:001851,0.1005884658454647,CONDUCTOR_DERIVED_USING_DOCUMENTED_PORTUGUESE_PROJECT_RESISTANCE,PROJECT_PARAMETER_TRANSFER_ENGINEERING_ASSUMPTION,CONDUCTOR_R
LINE:001852,0.194932923340961,CONDUCTOR_DERIVED_USING_DOCUMENTED_PORTUGUESE_PROJECT_RESISTANCE,PROJECT_PARAMETER_TRANSFER_ENGINEERING_ASSUMPTION,CONDUCTOR_R
LINE:001853,0.2052078533568904,CONDUCTOR_DERIVED_USING_DOCUMENTED_PORTUGUESE_PROJECT_RESISTANCE,PROJECT_PARAMETER_TRANSFER_ENGINEERING_ASSUMPTION,CONDUCTOR_R
LINE:001856,0.0595754237288135,CONDUCTOR_DERIVED_USING_DOCUMENTED_PORTUGUESE_PROJECT_RESISTANCE,PROJECT_PARAMETER_TRANSFER_ENGINEERING_ASSUMPTION,CONDUCTOR_R
LINE:001857,0.0595754237288135,CONDUCTOR_DERIVED_USING_DOCUMENTED_PORTUGUESE_PROJECT_RESISTANCE,PROJECT_PARAMETER_TRANSFER_ENGINEERING_ASSUMPTION,CONDUCTOR_R
LINE:001858,0.047,CONDUCTOR_DERIVED_USING_DOCUMENTED_PORTUGUESE_PROJECT_RESISTANCE,PROJECT_PARAMETER_TRANSFER_ENGINEERING_ASSUMPTION,CONDUCTOR_R
LINE:001859,0.047,CONDUCTOR_DERIVED_USING_DOCUMENTED_PORTUGUESE_PROJECT_RESISTANCE,PROJECT_PARAMETER_TRANSFER_ENGINEERING_ASSUMPTION,CONDUCTOR_R
LINE:001860,0.047,CONDUCTOR_DERIVED_USING_DOCUMENTED_PORTUGUESE_PROJECT_RESISTANCE,PROJECT_PARAMETER_TRANSFER_ENGINEERING_ASSUMPTION,CONDUCTOR_R
LINE:001861,0.2599710316918243,CONDUCTOR_DERIVED_USING_DOCUMENTED_PORTUGUESE_PROJECT_RESISTANCE,PROJECT_PARAMETER_TRANSFER_ENGINEERING_ASSUMPTION,CONDUCTOR_R
LINE:001881,0.0291,CONDUCTOR_DERIVED_USING_DOCUMENTED_PORTUGUESE_PROJECT_RESISTANCE,PROJECT_PARAMETER_TRANSFER_ENGINEERING_ASSUMPTION,CONDUCTOR_R
LINE:001882,0.0472952606635071,CONDUCTOR_DERIVED_USING_DOCUMENTED_PORTUGUESE_PROJECT_RESISTANCE,PROJECT_PARAMETER_TRANSFER_ENGINEERING_ASSUMPTION,CONDUCTOR_R
LINE:001884,0.1103667280505952,CONDUCTOR_DERIVED_USING_DOCUMENTED_PORTUGUESE_PROJECT_RESISTANCE,PROJECT_PARAMETER_TRANSFER_ENGINEERING_ASSUMPTION,CONDUCTOR_R
LINE:001885,0.1093,CONDUCTOR_DERIVED_USING_DOCUMENTED_PORTUGUESE_PROJECT_RESISTANCE,PROJECT_PARAMETER_TRANSFER_ENGINEERING_ASSUMPTION,CONDUCTOR_R
LINE:001889,0.1093,CONDUCTOR_DERIVED_USING_DOCUMENTED_PORTUGUESE_PROJECT_RESISTANCE,PROJECT_PARAMETER_TRANSFER_ENGINEERING_ASSUMPTION,CONDUCTOR_R
LINE:001892,0.05452621124031,CONDUCTOR_DERIVED_USING_DOCUMENTED_PORTUGUESE_PROJECT_RESISTANCE,PROJECT_PARAMETER_TRANSFER_ENGINEERING_ASSUMPTION,CONDUCTOR_R
LINE:001893,0.05452621124031,CONDUCTOR_DERIVED_USING_DOCUMENTED_PORTUGUESE_PROJECT_RESISTANCE,PROJECT_PARAMETER_TRANSFER_ENGINEERING_ASSUMPTION,CONDUCTOR_R
LINE:001894,0.05452621124031,CONDUCTOR_DERIVED_USING_DOCUMENTED_PORTUGUESE_PROJECT_RESISTANCE,PROJECT_PARAMETER_TRANSFER_ENGINEERING_ASSUMPTION,CONDUCTOR_R
LINE:001898,0.1093,CONDUCTOR_DERIVED_USING_DOCUMENTED_PORTUGUESE_PROJECT_RESISTANCE,PROJECT_PARAMETER_TRANSFER_ENGINEERING_ASSUMPTION,CONDUCTOR_R
LINE:001899,0.222015625,CONDUCTOR_DERIVED_USING_DOCUMENTED_PORTUGUESE_PROJECT_RESISTANCE,PROJECT_PARAMETER_TRANSFER_ENGINEERING_ASSUMPTION,CONDUCTOR_R
LINE:001901,0.1110078124999999,CONDUCTOR_DERIVED_USING_DOCUMENTED_PORTUGUESE_PROJECT_RESISTANCE,PROJECT_PARAMETER_TRANSFER_ENGINEERING_ASSUMPTION,CONDUCTOR_R
LINE:001956,0.08880625,CONDUCTOR_DERIVED_USING_DOCUMENTED_PORTUGUESE_PROJECT_RESISTANCE,PROJECT_PARAMETER_TRANSFER_ENGINEERING_ASSUMPTION,CONDUCTOR_R
LINE:001957,0.222015625,CONDUCTOR_DERIVED_USING_DOCUMENTED_PORTUGUESE_PROJECT_RESISTANCE,PROJECT_PARAMETER_TRANSFER_ENGINEERING_ASSUMPTION,CONDUCTOR_R
LINE:001958,0.1093,CONDUCTOR_DERIVED_USING_DOCUMENTED_PORTUGUESE_PROJECT_RESISTANCE,PROJECT_PARAMETER_TRANSFER_ENGINEERING_ASSUMPTION,CONDUCTOR_R
LINE:001975,0.05465,CONDUCTOR_DERIVED_USING_DOCUMENTED_PORTUGUESE_PROJECT_RESISTANCE,PROJECT_PARAMETER_TRANSFER_ENGINEERING_ASSUMPTION,CONDUCTOR_R
LINE:001982,0.222015625,CONDUCTOR_DERIVED_USING_DOCUMENTED_PORTUGUESE_PROJECT_RESISTANCE,PROJECT_PARAMETER_TRANSFER_ENGINEERING_ASSUMPTION,CONDUCTOR_R
LINE:001984,0.1585306361607142,CONDUCTOR_DERIVED_USING_DOCUMENTED_PORTUGUESE_PROJECT_RESISTANCE,PROJECT_PARAMETER_TRANSFER_ENGINEERING_ASSUMPTION,CONDUCTOR_R
LINE:002005,0.1086013084112149,CONDUCTOR_DERIVED_USING_DOCUMENTED_PORTUGUESE_PROJECT_RESISTANCE,PROJECT_PARAMETER_TRANSFER_ENGINEERING_ASSUMPTION,CONDUCTOR_R
LINE:002006,0.1086013084112149,CONDUCTOR_DERIVED_USING_DOCUMENTED_PORTUGUESE_PROJECT_RESISTANCE,PROJECT_PARAMETER_TRANSFER_ENGINEERING_ASSUMPTION,CONDUCTOR_R
LINE:002009,0.222015625,CONDUCTOR_DERIVED_USING_DOCUMENTED_PORTUGUESE_PROJECT_RESISTANCE,PROJECT_PARAMETER_TRANSFER_ENGINEERING_ASSUMPTION,CONDUCTOR_R
LINE:002010,0.222015625,CONDUCTOR_DERIVED_USING_DOCUMENTED_PORTUGUESE_PROJECT_RESISTANCE,PROJECT_PARAMETER_TRANSFER_ENGINEERING_ASSUMPTION,CONDUCTOR_R
LINE:002012,0.1090964467005076,CONDUCTOR_DERIVED_USING_DOCUMENTED_PORTUGUESE_PROJECT_RESISTANCE,PROJECT_PARAMETER_TRANSFER_ENGINEERING_ASSUMPTION,CONDUCTOR_R
LINE:002016,0.0755797872340425,CONDUCTOR_DERIVED_USING_DOCUMENTED_PORTUGUESE_PROJECT_RESISTANCE,PROJECT_PARAMETER_TRANSFER_ENGINEERING_ASSUMPTION,CONDUCTOR_R
LINE:002017,0.1093,CONDUCTOR_DERIVED_USING_DOCUMENTED_PORTUGUESE_PROJECT_RESISTANCE,PROJECT_PARAMETER_TRANSFER_ENGINEERING_ASSUMPTION,CONDUCTOR_R
LINE:002022,0.05465,CONDUCTOR_DERIVED_USING_DOCUMENTED_PORTUGUESE_PROJECT_RESISTANCE,PROJECT_PARAMETER_TRANSFER_ENGINEERING_ASSUMPTION,CONDUCTOR_R
LINE:002033,0.0753740168539326,CONDUCTOR_DERIVED_USING_DOCUMENTED_PORTUGUESE_PROJECT_RESISTANCE,PROJECT_PARAMETER_TRANSFER_ENGINEERING_ASSUMPTION,CONDUCTOR_R
LINE:002034,0.05465,CONDUCTOR_DERIVED_USING_DOCUMENTED_PORTUGUESE_PROJECT_RESISTANCE,PROJECT_PARAMETER_TRANSFER_ENGINEERING_ASSUMPTION,CONDUCTOR_R
LINE:002039,0.0595754237288135,CONDUCTOR_DERIVED_USING_DOCUMENTED_PORTUGUESE_PROJECT_RESISTANCE,PROJECT_PARAMETER_TRANSFER_ENGINEERING_ASSUMPTION,CONDUCTOR_R
LINE:002040,0.047,CONDUCTOR_DERIVED_USING_DOCUMENTED_PORTUGUESE_PROJECT_RESISTANCE,PROJECT_PARAMETER_TRANSFER_ENGINEERING_ASSUMPTION,CONDUCTOR_R
LINE:002041,0.047,CONDUCTOR_DERIVED_USING_DOCUMENTED_PORTUGUESE_PROJECT_RESISTANCE,PROJECT_PARAMETER_TRANSFER_ENGINEERING_ASSUMPTION,CONDUCTOR_R
LINE:002043,0.2599710316918243,CONDUCTOR_DERIVED_USING_DOCUMENTED_PORTUGUESE_PROJECT_RESISTANCE,PROJECT_PARAMETER_TRANSFER_ENGINEERING_ASSUMPTION,CONDUCTOR_R
LINE:002044,0.1093,CONDUCTOR_DERIVED_USING_DOCUMENTED_PORTUGUESE_PROJECT_RESISTANCE,PROJECT_PARAMETER_TRANSFER_ENGINEERING_ASSUMPTION,CONDUCTOR_R
LINE:002053,0.0887700204793689,CONDUCTOR_DERIVED_USING_DOCUMENTED_PORTUGUESE_PROJECT_RESISTANCE,PROJECT_PARAMETER_TRANSFER_ENGINEERING_ASSUMPTION,CONDUCTOR_R
LINE:002057,0.0291,CONDUCTOR_DERIVED_USING_DOCUMENTED_PORTUGUESE_PROJECT_RESISTANCE,PROJECT_PARAMETER_TRANSFER_ENGINEERING_ASSUMPTION,CONDUCTOR_R
LINE:002058,0.0291,CONDUCTOR_DERIVED_USING_DOCUMENTED_PORTUGUESE_PROJECT_RESISTANCE,PROJECT_PARAMETER_TRANSFER_ENGINEERING_ASSUMPTION,CONDUCTOR_R
LINE:002059,0.0291,CONDUCTOR_DERIVED_USING_DOCUMENTED_PORTUGUESE_PROJECT_RESISTANCE,PROJECT_PARAMETER_TRANSFER_ENGINEERING_ASSUMPTION,CONDUCTOR_R
LINE:002060,0.0291,CONDUCTOR_DERIVED_USING_DOCUMENTED_PORTUGUESE_PROJECT_RESISTANCE,PROJECT_PARAMETER_TRANSFER_ENGINEERING_ASSUMPTION,CONDUCTOR_R
LINE:002061,0.0291,CONDUCTOR_DERIVED_USING_DOCUMENTED_PORTUGUESE_PROJECT_RESISTANCE,PROJECT_PARAMETER_TRANSFER_ENGINEERING_ASSUMPTION,CONDUCTOR_R
LINE:002062,0.0291,CONDUCTOR_DERIVED_USING_DOCUMENTED_PORTUGUESE_PROJECT_RESISTANCE,PROJECT_PARAMETER_TRANSFER_ENGINEERING_ASSUMPTION,CONDUCTOR_R
LINE:002063,0.0472952606635071,CONDUCTOR_DERIVED_USING_DOCUMENTED_PORTUGUESE_PROJECT_RESISTANCE,PROJECT_PARAMETER_TRANSFER_ENGINEERING_ASSUMPTION,CONDUCTOR_R
LINE:002072,0.1093,CONDUCTOR_DERIVED_USING_DOCUMENTED_PORTUGUESE_PROJECT_RESISTANCE,PROJECT_PARAMETER_TRANSFER_ENGINEERING_ASSUMPTION,CONDUCTOR_R
LINE:002073,0.1093,CONDUCTOR_DERIVED_USING_DOCUMENTED_PORTUGUESE_PROJECT_RESISTANCE,PROJECT_PARAMETER_TRANSFER_ENGINEERING_ASSUMPTION,CONDUCTOR_R
LINE:002075,0.222015625,CONDUCTOR_DERIVED_USING_DOCUMENTED_PORTUGUESE_PROJECT_RESISTANCE,PROJECT_PARAMETER_TRANSFER_ENGINEERING_ASSUMPTION,CONDUCTOR_R
LINE:002081,0.1066566619915848,CONDUCTOR_DERIVED_USING_DOCUMENTED_PORTUGUESE_PROJECT_RESISTANCE,PROJECT_PARAMETER_TRANSFER_ENGINEERING_ASSUMPTION,CONDUCTOR_R
LINE:002082,0.1066566619915848,CONDUCTOR_DERIVED_USING_DOCUMENTED_PORTUGUESE_PROJECT_RESISTANCE,PROJECT_PARAMETER_TRANSFER_ENGINEERING_ASSUMPTION,CONDUCTOR_R
LINE:002085,0.1093,CONDUCTOR_DERIVED_USING_DOCUMENTED_PORTUGUESE_PROJECT_RESISTANCE,PROJECT_PARAMETER_TRANSFER_ENGINEERING_ASSUMPTION,CONDUCTOR_R
LINE:002091,0.0361270595690747,CONDUCTOR_DERIVED_USING_DOCUMENTED_PORTUGUESE_PROJECT_RESISTANCE,PROJECT_PARAMETER_TRANSFER_ENGINEERING_ASSUMPTION,CONDUCTOR_R
LINE:002092,0.1093,CONDUCTOR_DERIVED_USING_DOCUMENTED_PORTUGUESE_PROJECT_RESISTANCE,PROJECT_PARAMETER_TRANSFER_ENGINEERING_ASSUMPTION,CONDUCTOR_R
LINE:002093,0.1093,CONDUCTOR_DERIVED_USING_DOCUMENTED_PORTUGUESE_PROJECT_RESISTANCE,PROJECT_PARAMETER_TRANSFER_ENGINEERING_ASSUMPTION,CONDUCTOR_R
LINE:002102,0.1093,CONDUCTOR_DERIVED_USING_DOCUMENTED_PORTUGUESE_PROJECT_RESISTANCE,PROJECT_PARAMETER_TRANSFER_ENGINEERING_ASSUMPTION,CONDUCTOR_R
LINE:002104,0.05465,CONDUCTOR_DERIVED_USING_DOCUMENTED_PORTUGUESE_PROJECT_RESISTANCE,PROJECT_PARAMETER_TRANSFER_ENGINEERING_ASSUMPTION,CONDUCTOR_R
LINE:002113,0.0754,CONDUCTOR_DERIVED_USING_DOCUMENTED_PORTUGUESE_PROJECT_RESISTANCE,PROJECT_PARAMETER_TRANSFER_ENGINEERING_ASSUMPTION,CONDUCTOR_R
LINE:002115,0.0754,CONDUCTOR_DERIVED_USING_DOCUMENTED_PORTUGUESE_PROJECT_RESISTANCE,PROJECT_PARAMETER_TRANSFER_ENGINEERING_ASSUMPTION,CONDUCTOR_R
LINE:002126,0.0754,CONDUCTOR_DERIVED_USING_DOCUMENTED_PORTUGUESE_PROJECT_RESISTANCE,PROJECT_PARAMETER_TRANSFER_ENGINEERING_ASSUMPTION,CONDUCTOR_R
LINE:002132,0.1093,CONDUCTOR_DERIVED_USING_DOCUMENTED_PORTUGUESE_PROJECT_RESISTANCE,PROJECT_PARAMETER_TRANSFER_ENGINEERING_ASSUMPTION,CONDUCTOR_R
LINE:002157,0.0847443820224719,CONDUCTOR_DERIVED_USING_DOCUMENTED_PORTUGUESE_PROJECT_RESISTANCE,PROJECT_PARAMETER_TRANSFER_ENGINEERING_ASSUMPTION,CONDUCTOR_R
LINE:002174,0.05465,CONDUCTOR_DERIVED_USING_DOCUMENTED_PORTUGUESE_PROJECT_RESISTANCE,PROJECT_PARAMETER_TRANSFER_ENGINEERING_ASSUMPTION,CONDUCTOR_R
LINE:002178,0.1093,CONDUCTOR_DERIVED_USING_DOCUMENTED_PORTUGUESE_PROJECT_RESISTANCE,PROJECT_PARAMETER_TRANSFER_ENGINEERING_ASSUMPTION,CONDUCTOR_R
LINE:002181,0.11093412048274,CONDUCTOR_DERIVED_USING_DOCUMENTED_PORTUGUESE_PROJECT_RESISTANCE,PROJECT_PARAMETER_TRANSFER_ENGINEERING_ASSUMPTION,CONDUCTOR_R
LINE:002187,0.0887700204793689,CONDUCTOR_DERIVED_USING_DOCUMENTED_PORTUGUESE_PROJECT_RESISTANCE,PROJECT_PARAMETER_TRANSFER_ENGINEERING_ASSUMPTION,CONDUCTOR_R
LINE:002188,0.1093,CONDUCTOR_DERIVED_USING_DOCUMENTED_PORTUGUESE_PROJECT_RESISTANCE,PROJECT_PARAMETER_TRANSFER_ENGINEERING_ASSUMPTION,CONDUCTOR_R
LINE:002196,0.222015625,CONDUCTOR_DERIVED_USING_DOCUMENTED_PORTUGUESE_PROJECT_RESISTANCE,PROJECT_PARAMETER_TRANSFER_ENGINEERING_ASSUMPTION,CONDUCTOR_R
LINE:002207,0.222015625,CONDUCTOR_DERIVED_USING_DOCUMENTED_PORTUGUESE_PROJECT_RESISTANCE,PROJECT_PARAMETER_TRANSFER_ENGINEERING_ASSUMPTION,CONDUCTOR_R
LINE:002215,0.0595754237288135,CONDUCTOR_DERIVED_USING_DOCUMENTED_PORTUGUESE_PROJECT_RESISTANCE,PROJECT_PARAMETER_TRANSFER_ENGINEERING_ASSUMPTION,CONDUCTOR_R
LINE:002223,0.1520021849849094,CONDUCTOR_DERIVED_USING_DOCUMENTED_PORTUGUESE_PROJECT_RESISTANCE,PROJECT_PARAMETER_TRANSFER_ENGINEERING_ASSUMPTION,CONDUCTOR_R
LINE:002224,0.1520021849849094,CONDUCTOR_DERIVED_USING_DOCUMENTED_PORTUGUESE_PROJECT_RESISTANCE,PROJECT_PARAMETER_TRANSFER_ENGINEERING_ASSUMPTION,CONDUCTOR_R
LINE:002225,0.20628275695598,CONDUCTOR_DERIVED_USING_DOCUMENTED_PORTUGUESE_PROJECT_RESISTANCE,PROJECT_PARAMETER_TRANSFER_ENGINEERING_ASSUMPTION,CONDUCTOR_R
LINE:002227,0.1093,CONDUCTOR_DERIVED_USING_DOCUMENTED_PORTUGUESE_PROJECT_RESISTANCE,PROJECT_PARAMETER_TRANSFER_ENGINEERING_ASSUMPTION,CONDUCTOR_R
LINE:002228,0.1088892445582586,CONDUCTOR_DERIVED_USING_DOCUMENTED_PORTUGUESE_PROJECT_RESISTANCE,PROJECT_PARAMETER_TRANSFER_ENGINEERING_ASSUMPTION,CONDUCTOR_R
LINE:002229,0.1088892445582586,CONDUCTOR_DERIVED_USING_DOCUMENTED_PORTUGUESE_PROJECT_RESISTANCE,PROJECT_PARAMETER_TRANSFER_ENGINEERING_ASSUMPTION,CONDUCTOR_R
LINE:002232,0.1093,CONDUCTOR_DERIVED_USING_DOCUMENTED_PORTUGUESE_PROJECT_RESISTANCE,PROJECT_PARAMETER_TRANSFER_ENGINEERING_ASSUMPTION,CONDUCTOR_R
LINE:002235,0.0888062499999999,CONDUCTOR_DERIVED_USING_DOCUMENTED_PORTUGUESE_PROJECT_RESISTANCE,PROJECT_PARAMETER_TRANSFER_ENGINEERING_ASSUMPTION,CONDUCTOR_R
LINE:002247,0.1089501635768811,CONDUCTOR_DERIVED_USING_DOCUMENTED_PORTUGUESE_PROJECT_RESISTANCE,PROJECT_PARAMETER_TRANSFER_ENGINEERING_ASSUMPTION,CONDUCTOR_R
LINE:002254,0.1086924242424242,CONDUCTOR_DERIVED_USING_DOCUMENTED_PORTUGUESE_PROJECT_RESISTANCE,PROJECT_PARAMETER_TRANSFER_ENGINEERING_ASSUMPTION,CONDUCTOR_R
LINE:002277,0.1091043425225665,CONDUCTOR_DERIVED_USING_DOCUMENTED_PORTUGUESE_PROJECT_RESISTANCE,PROJECT_PARAMETER_TRANSFER_ENGINEERING_ASSUMPTION,CONDUCTOR_R
LINE:002289,0.1005884658454647,CONDUCTOR_DERIVED_USING_DOCUMENTED_PORTUGUESE_PROJECT_RESISTANCE,PROJECT_PARAMETER_TRANSFER_ENGINEERING_ASSUMPTION,CONDUCTOR_R
LINE:002290,0.0952582491582491,CONDUCTOR_DERIVED_USING_DOCUMENTED_PORTUGUESE_PROJECT_RESISTANCE,PROJECT_PARAMETER_TRANSFER_ENGINEERING_ASSUMPTION,CONDUCTOR_R
LINE:002293,0.1093,CONDUCTOR_DERIVED_USING_DOCUMENTED_PORTUGUESE_PROJECT_RESISTANCE,PROJECT_PARAMETER_TRANSFER_ENGINEERING_ASSUMPTION,CONDUCTOR_R
LINE:002305,0.0754,CONDUCTOR_DERIVED_USING_DOCUMENTED_PORTUGUESE_PROJECT_RESISTANCE,PROJECT_PARAMETER_TRANSFER_ENGINEERING_ASSUMPTION,CONDUCTOR_R
LINE:002306,0.0754,CONDUCTOR_DERIVED_USING_DOCUMENTED_PORTUGUESE_PROJECT_RESISTANCE,PROJECT_PARAMETER_TRANSFER_ENGINEERING_ASSUMPTION,CONDUCTOR_R
LINE:002307,0.0754,CONDUCTOR_DERIVED_USING_DOCUMENTED_PORTUGUESE_PROJECT_RESISTANCE,PROJECT_PARAMETER_TRANSFER_ENGINEERING_ASSUMPTION,CONDUCTOR_R
LINE:002329,0.0802957910014513,CONDUCTOR_DERIVED_USING_DOCUMENTED_PORTUGUESE_PROJECT_RESISTANCE,PROJECT_PARAMETER_TRANSFER_ENGINEERING_ASSUMPTION,CONDUCTOR_R
LINE:002330,0.0802957910014513,CONDUCTOR_DERIVED_USING_DOCUMENTED_PORTUGUESE_PROJECT_RESISTANCE,PROJECT_PARAMETER_TRANSFER_ENGINEERING_ASSUMPTION,CONDUCTOR_R
LINE:002333,0.0802957910014513,CONDUCTOR_DERIVED_USING_DOCUMENTED_PORTUGUESE_PROJECT_RESISTANCE,PROJECT_PARAMETER_TRANSFER_ENGINEERING_ASSUMPTION,CONDUCTOR_R
LINE:002336,0.222015625,CONDUCTOR_DERIVED_USING_DOCUMENTED_PORTUGUESE_PROJECT_RESISTANCE,PROJECT_PARAMETER_TRANSFER_ENGINEERING_ASSUMPTION,CONDUCTOR_R
LINE:002337,0.2144148149727148,CONDUCTOR_DERIVED_USING_DOCUMENTED_PORTUGUESE_PROJECT_RESISTANCE,PROJECT_PARAMETER_TRANSFER_ENGINEERING_ASSUMPTION,CONDUCTOR_R
LINE:002338,0.2144148149727148,CONDUCTOR_DERIVED_USING_DOCUMENTED_PORTUGUESE_PROJECT_RESISTANCE,PROJECT_PARAMETER_TRANSFER_ENGINEERING_ASSUMPTION,CONDUCTOR_R
LINE:002340,0.2212299035369774,CONDUCTOR_DERIVED_USING_DOCUMENTED_PORTUGUESE_PROJECT_RESISTANCE,PROJECT_PARAMETER_TRANSFER_ENGINEERING_ASSUMPTION,CONDUCTOR_R
LINE:002349,0.1084484504369825,CONDUCTOR_DERIVED_USING_DOCUMENTED_PORTUGUESE_PROJECT_RESISTANCE,PROJECT_PARAMETER_TRANSFER_ENGINEERING_ASSUMPTION,CONDUCTOR_R
LINE:002353,0.1110078125,CONDUCTOR_DERIVED_USING_DOCUMENTED_PORTUGUESE_PROJECT_RESISTANCE,PROJECT_PARAMETER_TRANSFER_ENGINEERING_ASSUMPTION,CONDUCTOR_R
LINE:002357,0.1110078125,CONDUCTOR_DERIVED_USING_DOCUMENTED_PORTUGUESE_PROJECT_RESISTANCE,PROJECT_PARAMETER_TRANSFER_ENGINEERING_ASSUMPTION,CONDUCTOR_R
LINE:002360,0.1051847161028993,CONDUCTOR_DERIVED_USING_DOCUMENTED_PORTUGUESE_PROJECT_RESISTANCE,PROJECT_PARAMETER_TRANSFER_ENGINEERING_ASSUMPTION,CONDUCTOR_R
LINE:002369,0.222015625,CONDUCTOR_DERIVED_USING_DOCUMENTED_PORTUGUESE_PROJECT_RESISTANCE,PROJECT_PARAMETER_TRANSFER_ENGINEERING_ASSUMPTION,CONDUCTOR_R
LINE:002370,0.222015625,CONDUCTOR_DERIVED_USING_DOCUMENTED_PORTUGUESE_PROJECT_RESISTANCE,PROJECT_PARAMETER_TRANSFER_ENGINEERING_ASSUMPTION,CONDUCTOR_R
LINE:002371,0.1093,CONDUCTOR_DERIVED_USING_DOCUMENTED_PORTUGUESE_PROJECT_RESISTANCE,PROJECT_PARAMETER_TRANSFER_ENGINEERING_ASSUMPTION,CONDUCTOR_R
LINE:002372,0.0754,CONDUCTOR_DERIVED_USING_DOCUMENTED_PORTUGUESE_PROJECT_RESISTANCE,PROJECT_PARAMETER_TRANSFER_ENGINEERING_ASSUMPTION,CONDUCTOR_R
LINE:002373,0.0754,CONDUCTOR_DERIVED_USING_DOCUMENTED_PORTUGUESE_PROJECT_RESISTANCE,PROJECT_PARAMETER_TRANSFER_ENGINEERING_ASSUMPTION,CONDUCTOR_R
LINE:002374,0.0754,CONDUCTOR_DERIVED_USING_DOCUMENTED_PORTUGUESE_PROJECT_RESISTANCE,PROJECT_PARAMETER_TRANSFER_ENGINEERING_ASSUMPTION,CONDUCTOR_R
LINE:002375,0.0754,CONDUCTOR_DERIVED_USING_DOCUMENTED_PORTUGUESE_PROJECT_RESISTANCE,PROJECT_PARAMETER_TRANSFER_ENGINEERING_ASSUMPTION,CONDUCTOR_R
LINE:002378,0.05465,CONDUCTOR_DERIVED_USING_DOCUMENTED_PORTUGUESE_PROJECT_RESISTANCE,PROJECT_PARAMETER_TRANSFER_ENGINEERING_ASSUMPTION,CONDUCTOR_R
LINE:002381,0.222015625,CONDUCTOR_DERIVED_USING_DOCUMENTED_PORTUGUESE_PROJECT_RESISTANCE,PROJECT_PARAMETER_TRANSFER_ENGINEERING_ASSUMPTION,CONDUCTOR_R
LINE:002382,0.1093,CONDUCTOR_DERIVED_USING_DOCUMENTED_PORTUGUESE_PROJECT_RESISTANCE,PROJECT_PARAMETER_TRANSFER_ENGINEERING_ASSUMPTION,CONDUCTOR_R
LINE:002384,0.1093,CONDUCTOR_DERIVED_USING_DOCUMENTED_PORTUGUESE_PROJECT_RESISTANCE,PROJECT_PARAMETER_TRANSFER_ENGINEERING_ASSUMPTION,CONDUCTOR_R
LINE:002396,0.222015625,CONDUCTOR_DERIVED_USING_DOCUMENTED_PORTUGUESE_PROJECT_RESISTANCE,PROJECT_PARAMETER_TRANSFER_ENGINEERING_ASSUMPTION,CONDUCTOR_R
LINE:002401,0.1093,CONDUCTOR_DERIVED_USING_DOCUMENTED_PORTUGUESE_PROJECT_RESISTANCE,PROJECT_PARAMETER_TRANSFER_ENGINEERING_ASSUMPTION,CONDUCTOR_R
LINE:002410,0.1093,CONDUCTOR_DERIVED_USING_DOCUMENTED_PORTUGUESE_PROJECT_RESISTANCE,PROJECT_PARAMETER_TRANSFER_ENGINEERING_ASSUMPTION,CONDUCTOR_R
LINE:002411,0.1093,CONDUCTOR_DERIVED_USING_DOCUMENTED_PORTUGUESE_PROJECT_RESISTANCE,PROJECT_PARAMETER_TRANSFER_ENGINEERING_ASSUMPTION,CONDUCTOR_R
LINE:002418,0.1093,CONDUCTOR_DERIVED_USING_DOCUMENTED_PORTUGUESE_PROJECT_RESISTANCE,PROJECT_PARAMETER_TRANSFER_ENGINEERING_ASSUMPTION,CONDUCTOR_R
LINE:002419,0.2212299035369774,CONDUCTOR_DERIVED_USING_DOCUMENTED_PORTUGUESE_PROJECT_RESISTANCE,PROJECT_PARAMETER_TRANSFER_ENGINEERING_ASSUMPTION,CONDUCTOR_R
LINE:002429,0.05465,CONDUCTOR_DERIVED_USING_DOCUMENTED_PORTUGUESE_PROJECT_RESISTANCE,PROJECT_PARAMETER_TRANSFER_ENGINEERING_ASSUMPTION,CONDUCTOR_R
LINE:002430,0.05465,CONDUCTOR_DERIVED_USING_DOCUMENTED_PORTUGUESE_PROJECT_RESISTANCE,PROJECT_PARAMETER_TRANSFER_ENGINEERING_ASSUMPTION,CONDUCTOR_R
LINE:002437,0.0754,CONDUCTOR_DERIVED_USING_DOCUMENTED_PORTUGUESE_PROJECT_RESISTANCE,PROJECT_PARAMETER_TRANSFER_ENGINEERING_ASSUMPTION,CONDUCTOR_R
LINE:002439,0.0754,CONDUCTOR_DERIVED_USING_DOCUMENTED_PORTUGUESE_PROJECT_RESISTANCE,PROJECT_PARAMETER_TRANSFER_ENGINEERING_ASSUMPTION,CONDUCTOR_R
LINE:002446,0.0754,CONDUCTOR_DERIVED_USING_DOCUMENTED_PORTUGUESE_PROJECT_RESISTANCE,PROJECT_PARAMETER_TRANSFER_ENGINEERING_ASSUMPTION,CONDUCTOR_R
LINE:002447,0.0754,CONDUCTOR_DERIVED_USING_DOCUMENTED_PORTUGUESE_PROJECT_RESISTANCE,PROJECT_PARAMETER_TRANSFER_ENGINEERING_ASSUMPTION,CONDUCTOR_R
LINE:002449,0.0754,CONDUCTOR_DERIVED_USING_DOCUMENTED_PORTUGUESE_PROJECT_RESISTANCE,PROJECT_PARAMETER_TRANSFER_ENGINEERING_ASSUMPTION,CONDUCTOR_R
LINE:002453,0.05465,CONDUCTOR_DERIVED_USING_DOCUMENTED_PORTUGUESE_PROJECT_RESISTANCE,PROJECT_PARAMETER_TRANSFER_ENGINEERING_ASSUMPTION,CONDUCTOR_R
LINE:002454,0.05452621124031,CONDUCTOR_DERIVED_USING_DOCUMENTED_PORTUGUESE_PROJECT_RESISTANCE,PROJECT_PARAMETER_TRANSFER_ENGINEERING_ASSUMPTION,CONDUCTOR_R
LINE:002455,0.05465,CONDUCTOR_DERIVED_USING_DOCUMENTED_PORTUGUESE_PROJECT_RESISTANCE,PROJECT_PARAMETER_TRANSFER_ENGINEERING_ASSUMPTION,CONDUCTOR_R
LINE:002462,0.1110078125,CONDUCTOR_DERIVED_USING_DOCUMENTED_PORTUGUESE_PROJECT_RESISTANCE,PROJECT_PARAMETER_TRANSFER_ENGINEERING_ASSUMPTION,CONDUCTOR_R
LINE:002474,0.222015625,CONDUCTOR_DERIVED_USING_DOCUMENTED_PORTUGUESE_PROJECT_RESISTANCE,PROJECT_PARAMETER_TRANSFER_ENGINEERING_ASSUMPTION,CONDUCTOR_R
LINE:002475,0.222015625,CONDUCTOR_DERIVED_USING_DOCUMENTED_PORTUGUESE_PROJECT_RESISTANCE,PROJECT_PARAMETER_TRANSFER_ENGINEERING_ASSUMPTION,CONDUCTOR_R
LINE:002496,0.222015625,CONDUCTOR_DERIVED_USING_DOCUMENTED_PORTUGUESE_PROJECT_RESISTANCE,PROJECT_PARAMETER_TRANSFER_ENGINEERING_ASSUMPTION,CONDUCTOR_R
LINE:002499,0.194932923340961,CONDUCTOR_DERIVED_USING_DOCUMENTED_PORTUGUESE_PROJECT_RESISTANCE,PROJECT_PARAMETER_TRANSFER_ENGINEERING_ASSUMPTION,CONDUCTOR_R
LINE:002500,0.08880625,CONDUCTOR_DERIVED_USING_DOCUMENTED_PORTUGUESE_PROJECT_RESISTANCE,PROJECT_PARAMETER_TRANSFER_ENGINEERING_ASSUMPTION,CONDUCTOR_R
LINE:002501,0.08880625,CONDUCTOR_DERIVED_USING_DOCUMENTED_PORTUGUESE_PROJECT_RESISTANCE,PROJECT_PARAMETER_TRANSFER_ENGINEERING_ASSUMPTION,CONDUCTOR_R
LINE:002515,0.0355225,CONDUCTOR_DERIVED_USING_DOCUMENTED_PORTUGUESE_PROJECT_RESISTANCE,PROJECT_PARAMETER_TRANSFER_ENGINEERING_ASSUMPTION,CONDUCTOR_R
LINE:002516,0.0355225,CONDUCTOR_DERIVED_USING_DOCUMENTED_PORTUGUESE_PROJECT_RESISTANCE,PROJECT_PARAMETER_TRANSFER_ENGINEERING_ASSUMPTION,CONDUCTOR_R
LINE:002517,0.0355225,CONDUCTOR_DERIVED_USING_DOCUMENTED_PORTUGUESE_PROJECT_RESISTANCE,PROJECT_PARAMETER_TRANSFER_ENGINEERING_ASSUMPTION,CONDUCTOR_R
LINE:002518,0.0355225,CONDUCTOR_DERIVED_USING_DOCUMENTED_PORTUGUESE_PROJECT_RESISTANCE,PROJECT_PARAMETER_TRANSFER_ENGINEERING_ASSUMPTION,CONDUCTOR_R
LINE:002520,0.1093,CONDUCTOR_DERIVED_USING_DOCUMENTED_PORTUGUESE_PROJECT_RESISTANCE,PROJECT_PARAMETER_TRANSFER_ENGINEERING_ASSUMPTION,CONDUCTOR_R
LINE:002521,0.1093,CONDUCTOR_DERIVED_USING_DOCUMENTED_PORTUGUESE_PROJECT_RESISTANCE,PROJECT_PARAMETER_TRANSFER_ENGINEERING_ASSUMPTION,CONDUCTOR_R
LINE:002529,0.1093,CONDUCTOR_DERIVED_USING_DOCUMENTED_PORTUGUESE_PROJECT_RESISTANCE,PROJECT_PARAMETER_TRANSFER_ENGINEERING_ASSUMPTION,CONDUCTOR_R
LINE:002532,0.0543549653579676,CONDUCTOR_DERIVED_USING_DOCUMENTED_PORTUGUESE_PROJECT_RESISTANCE,PROJECT_PARAMETER_TRANSFER_ENGINEERING_ASSUMPTION,CONDUCTOR_R
LINE:002535,0.0543549653579676,CONDUCTOR_DERIVED_USING_DOCUMENTED_PORTUGUESE_PROJECT_RESISTANCE,PROJECT_PARAMETER_TRANSFER_ENGINEERING_ASSUMPTION,CONDUCTOR_R
LINE:002557,0.1103667280505952,CONDUCTOR_DERIVED_USING_DOCUMENTED_PORTUGUESE_PROJECT_RESISTANCE,PROJECT_PARAMETER_TRANSFER_ENGINEERING_ASSUMPTION,CONDUCTOR_R
LINE:002558,0.1103667280505952,CONDUCTOR_DERIVED_USING_DOCUMENTED_PORTUGUESE_PROJECT_RESISTANCE,PROJECT_PARAMETER_TRANSFER_ENGINEERING_ASSUMPTION,CONDUCTOR_R
LINE:002559,0.1103667280505952,CONDUCTOR_DERIVED_USING_DOCUMENTED_PORTUGUESE_PROJECT_RESISTANCE,PROJECT_PARAMETER_TRANSFER_ENGINEERING_ASSUMPTION,CONDUCTOR_R
LINE:002563,0.1090599455782313,CONDUCTOR_DERIVED_USING_DOCUMENTED_PORTUGUESE_PROJECT_RESISTANCE,PROJECT_PARAMETER_TRANSFER_ENGINEERING_ASSUMPTION,CONDUCTOR_R
LINE:002564,0.1093,CONDUCTOR_DERIVED_USING_DOCUMENTED_PORTUGUESE_PROJECT_RESISTANCE,PROJECT_PARAMETER_TRANSFER_ENGINEERING_ASSUMPTION,CONDUCTOR_R
LINE:002567,0.222015625,CONDUCTOR_DERIVED_USING_DOCUMENTED_PORTUGUESE_PROJECT_RESISTANCE,PROJECT_PARAMETER_TRANSFER_ENGINEERING_ASSUMPTION,CONDUCTOR_R
LINE:002568,0.222015625,CONDUCTOR_DERIVED_USING_DOCUMENTED_PORTUGUESE_PROJECT_RESISTANCE,PROJECT_PARAMETER_TRANSFER_ENGINEERING_ASSUMPTION,CONDUCTOR_R
LINE:002569,0.222015625,CONDUCTOR_DERIVED_USING_DOCUMENTED_PORTUGUESE_PROJECT_RESISTANCE,PROJECT_PARAMETER_TRANSFER_ENGINEERING_ASSUMPTION,CONDUCTOR_R
LINE:002570,0.222015625,CONDUCTOR_DERIVED_USING_DOCUMENTED_PORTUGUESE_PROJECT_RESISTANCE,PROJECT_PARAMETER_TRANSFER_ENGINEERING_ASSUMPTION,CONDUCTOR_R
LINE:002571,0.222015625,CONDUCTOR_DERIVED_USING_DOCUMENTED_PORTUGUESE_PROJECT_RESISTANCE,PROJECT_PARAMETER_TRANSFER_ENGINEERING_ASSUMPTION,CONDUCTOR_R
LINE:002572,0.222015625,CONDUCTOR_DERIVED_USING_DOCUMENTED_PORTUGUESE_PROJECT_RESISTANCE,PROJECT_PARAMETER_TRANSFER_ENGINEERING_ASSUMPTION,CONDUCTOR_R
LINE:002573,0.110729485821382,CONDUCTOR_DERIVED_USING_DOCUMENTED_PORTUGUESE_PROJECT_RESISTANCE,PROJECT_PARAMETER_TRANSFER_ENGINEERING_ASSUMPTION,CONDUCTOR_R
LINE:002575,0.222015625,CONDUCTOR_DERIVED_USING_DOCUMENTED_PORTUGUESE_PROJECT_RESISTANCE,PROJECT_PARAMETER_TRANSFER_ENGINEERING_ASSUMPTION,CONDUCTOR_R
LINE:002576,0.222015625,CONDUCTOR_DERIVED_USING_DOCUMENTED_PORTUGUESE_PROJECT_RESISTANCE,PROJECT_PARAMETER_TRANSFER_ENGINEERING_ASSUMPTION,CONDUCTOR_R
LINE:002579,0.222015625,CONDUCTOR_DERIVED_USING_DOCUMENTED_PORTUGUESE_PROJECT_RESISTANCE,PROJECT_PARAMETER_TRANSFER_ENGINEERING_ASSUMPTION,CONDUCTOR_R
LINE:002598,0.1093,CONDUCTOR_DERIVED_USING_DOCUMENTED_PORTUGUESE_PROJECT_RESISTANCE,PROJECT_PARAMETER_TRANSFER_ENGINEERING_ASSUMPTION,CONDUCTOR_R
LINE:002607,0.1093,CONDUCTOR_DERIVED_USING_DOCUMENTED_PORTUGUESE_PROJECT_RESISTANCE,PROJECT_PARAMETER_TRANSFER_ENGINEERING_ASSUMPTION,CONDUCTOR_R
LINE:002609,0.3360720782071417,CONDUCTOR_DERIVED_USING_DOCUMENTED_PORTUGUESE_PROJECT_RESISTANCE,PROJECT_PARAMETER_TRANSFER_ENGINEERING_ASSUMPTION,CONDUCTOR_R
LINE:002610,0.3360720782071417,CONDUCTOR_DERIVED_USING_DOCUMENTED_PORTUGUESE_PROJECT_RESISTANCE,PROJECT_PARAMETER_TRANSFER_ENGINEERING_ASSUMPTION,CONDUCTOR_R
LINE:002613,0.222015625,CONDUCTOR_DERIVED_USING_DOCUMENTED_PORTUGUESE_PROJECT_RESISTANCE,PROJECT_PARAMETER_TRANSFER_ENGINEERING_ASSUMPTION,CONDUCTOR_R
LINE:002614,0.222015625,CONDUCTOR_DERIVED_USING_DOCUMENTED_PORTUGUESE_PROJECT_RESISTANCE,PROJECT_PARAMETER_TRANSFER_ENGINEERING_ASSUMPTION,CONDUCTOR_R
LINE:002615,0.222015625,CONDUCTOR_DERIVED_USING_DOCUMENTED_PORTUGUESE_PROJECT_RESISTANCE,PROJECT_PARAMETER_TRANSFER_ENGINEERING_ASSUMPTION,CONDUCTOR_R
LINE:002616,0.110729485821382,CONDUCTOR_DERIVED_USING_DOCUMENTED_PORTUGUESE_PROJECT_RESISTANCE,PROJECT_PARAMETER_TRANSFER_ENGINEERING_ASSUMPTION,CONDUCTOR_R
LINE:002625,0.05465,CONDUCTOR_DERIVED_USING_DOCUMENTED_PORTUGUESE_PROJECT_RESISTANCE,PROJECT_PARAMETER_TRANSFER_ENGINEERING_ASSUMPTION,CONDUCTOR_R
LINE:002632,0.1090599455782313,CONDUCTOR_DERIVED_USING_DOCUMENTED_PORTUGUESE_PROJECT_RESISTANCE,PROJECT_PARAMETER_TRANSFER_ENGINEERING_ASSUMPTION,CONDUCTOR_R
LINE:002633,0.0754,CONDUCTOR_DERIVED_USING_DOCUMENTED_PORTUGUESE_PROJECT_RESISTANCE,PROJECT_PARAMETER_TRANSFER_ENGINEERING_ASSUMPTION,CONDUCTOR_R
LINE:002643,0.1093,CONDUCTOR_DERIVED_USING_DOCUMENTED_PORTUGUESE_PROJECT_RESISTANCE,PROJECT_PARAMETER_TRANSFER_ENGINEERING_ASSUMPTION,CONDUCTOR_R
LINE:002648,0.2029857142857143,CONDUCTOR_DERIVED_USING_DOCUMENTED_PORTUGUESE_PROJECT_RESISTANCE,PROJECT_PARAMETER_TRANSFER_ENGINEERING_ASSUMPTION,CONDUCTOR_R
LINE:002663,0.2102536611226611,CONDUCTOR_DERIVED_USING_DOCUMENTED_PORTUGUESE_PROJECT_RESISTANCE,PROJECT_PARAMETER_TRANSFER_ENGINEERING_ASSUMPTION,CONDUCTOR_R
LINE:002665,0.1118582027409046,CONDUCTOR_DERIVED_USING_DOCUMENTED_PORTUGUESE_PROJECT_RESISTANCE,PROJECT_PARAMETER_TRANSFER_ENGINEERING_ASSUMPTION,CONDUCTOR_R
LINE:002666,0.1118582027409046,CONDUCTOR_DERIVED_USING_DOCUMENTED_PORTUGUESE_PROJECT_RESISTANCE,PROJECT_PARAMETER_TRANSFER_ENGINEERING_ASSUMPTION,CONDUCTOR_R
LINE:002667,0.222015625,CONDUCTOR_DERIVED_USING_DOCUMENTED_PORTUGUESE_PROJECT_RESISTANCE,PROJECT_PARAMETER_TRANSFER_ENGINEERING_ASSUMPTION,CONDUCTOR_R
LINE:002668,0.1118582027409046,CONDUCTOR_DERIVED_USING_DOCUMENTED_PORTUGUESE_PROJECT_RESISTANCE,PROJECT_PARAMETER_TRANSFER_ENGINEERING_ASSUMPTION,CONDUCTOR_R
LINE:002669,0.1118582027409046,CONDUCTOR_DERIVED_USING_DOCUMENTED_PORTUGUESE_PROJECT_RESISTANCE,PROJECT_PARAMETER_TRANSFER_ENGINEERING_ASSUMPTION,CONDUCTOR_R
LINE:002671,0.1093,CONDUCTOR_DERIVED_USING_DOCUMENTED_PORTUGUESE_PROJECT_RESISTANCE,PROJECT_PARAMETER_TRANSFER_ENGINEERING_ASSUMPTION,CONDUCTOR_R
LINE:002678,0.3228911507656659,CONDUCTOR_DERIVED_USING_DOCUMENTED_PORTUGUESE_PROJECT_RESISTANCE,PROJECT_PARAMETER_TRANSFER_ENGINEERING_ASSUMPTION,CONDUCTOR_R
LINE:002679,0.3228911507656659,CONDUCTOR_DERIVED_USING_DOCUMENTED_PORTUGUESE_PROJECT_RESISTANCE,PROJECT_PARAMETER_TRANSFER_ENGINEERING_ASSUMPTION,CONDUCTOR_R
LINE:002686,0.0754,CONDUCTOR_DERIVED_USING_DOCUMENTED_PORTUGUESE_PROJECT_RESISTANCE,PROJECT_PARAMETER_TRANSFER_ENGINEERING_ASSUMPTION,CONDUCTOR_R
LINE:002687,0.0754,CONDUCTOR_DERIVED_USING_DOCUMENTED_PORTUGUESE_PROJECT_RESISTANCE,PROJECT_PARAMETER_TRANSFER_ENGINEERING_ASSUMPTION,CONDUCTOR_R
LINE:002688,0.0754,CONDUCTOR_DERIVED_USING_DOCUMENTED_PORTUGUESE_PROJECT_RESISTANCE,PROJECT_PARAMETER_TRANSFER_ENGINEERING_ASSUMPTION,CONDUCTOR_R
LINE:002689,0.0754,CONDUCTOR_DERIVED_USING_DOCUMENTED_PORTUGUESE_PROJECT_RESISTANCE,PROJECT_PARAMETER_TRANSFER_ENGINEERING_ASSUMPTION,CONDUCTOR_R
LINE:002691,0.2220156249999999,CONDUCTOR_DERIVED_USING_DOCUMENTED_PORTUGUESE_PROJECT_RESISTANCE,PROJECT_PARAMETER_TRANSFER_ENGINEERING_ASSUMPTION,CONDUCTOR_R
LINE:002693,0.1093,CONDUCTOR_DERIVED_USING_DOCUMENTED_PORTUGUESE_PROJECT_RESISTANCE,PROJECT_PARAMETER_TRANSFER_ENGINEERING_ASSUMPTION,CONDUCTOR_R
LINE:002694,0.110729485821382,CONDUCTOR_DERIVED_USING_DOCUMENTED_PORTUGUESE_PROJECT_RESISTANCE,PROJECT_PARAMETER_TRANSFER_ENGINEERING_ASSUMPTION,CONDUCTOR_R
LINE:002695,0.110729485821382,CONDUCTOR_DERIVED_USING_DOCUMENTED_PORTUGUESE_PROJECT_RESISTANCE,PROJECT_PARAMETER_TRANSFER_ENGINEERING_ASSUMPTION,CONDUCTOR_R
LINE:002697,0.110729485821382,CONDUCTOR_DERIVED_USING_DOCUMENTED_PORTUGUESE_PROJECT_RESISTANCE,PROJECT_PARAMETER_TRANSFER_ENGINEERING_ASSUMPTION,CONDUCTOR_R
LINE:002698,0.110729485821382,CONDUCTOR_DERIVED_USING_DOCUMENTED_PORTUGUESE_PROJECT_RESISTANCE,PROJECT_PARAMETER_TRANSFER_ENGINEERING_ASSUMPTION,CONDUCTOR_R
LINE:002706,0.05465,CONDUCTOR_DERIVED_USING_DOCUMENTED_PORTUGUESE_PROJECT_RESISTANCE,PROJECT_PARAMETER_TRANSFER_ENGINEERING_ASSUMPTION,CONDUCTOR_R
LINE:002707,0.0541841514726507,CONDUCTOR_DERIVED_USING_DOCUMENTED_PORTUGUESE_PROJECT_RESISTANCE,PROJECT_PARAMETER_TRANSFER_ENGINEERING_ASSUMPTION,CONDUCTOR_R
LINE:002710,0.1052867104183757,CONDUCTOR_DERIVED_USING_DOCUMENTED_PORTUGUESE_PROJECT_RESISTANCE,PROJECT_PARAMETER_TRANSFER_ENGINEERING_ASSUMPTION,CONDUCTOR_R
LINE:002715,0.0496335274542429,CONDUCTOR_DERIVED_USING_DOCUMENTED_PORTUGUESE_PROJECT_RESISTANCE,PROJECT_PARAMETER_TRANSFER_ENGINEERING_ASSUMPTION,CONDUCTOR_R
LINE:002718,0.1089501635768811,CONDUCTOR_DERIVED_USING_DOCUMENTED_PORTUGUESE_PROJECT_RESISTANCE,PROJECT_PARAMETER_TRANSFER_ENGINEERING_ASSUMPTION,CONDUCTOR_R
LINE:002723,0.144407845465413,CONDUCTOR_DERIVED_USING_DOCUMENTED_PORTUGUESE_PROJECT_RESISTANCE,PROJECT_PARAMETER_TRANSFER_ENGINEERING_ASSUMPTION,CONDUCTOR_R
LINE:002724,0.144407845465413,CONDUCTOR_DERIVED_USING_DOCUMENTED_PORTUGUESE_PROJECT_RESISTANCE,PROJECT_PARAMETER_TRANSFER_ENGINEERING_ASSUMPTION,CONDUCTOR_R
LINE:002725,0.1059933606557377,CONDUCTOR_DERIVED_USING_DOCUMENTED_PORTUGUESE_PROJECT_RESISTANCE,PROJECT_PARAMETER_TRANSFER_ENGINEERING_ASSUMPTION,CONDUCTOR_R
LINE:002726,0.1059933606557377,CONDUCTOR_DERIVED_USING_DOCUMENTED_PORTUGUESE_PROJECT_RESISTANCE,PROJECT_PARAMETER_TRANSFER_ENGINEERING_ASSUMPTION,CONDUCTOR_R
LINE:002737,0.1501637099994295,CONDUCTOR_DERIVED_USING_DOCUMENTED_PORTUGUESE_PROJECT_RESISTANCE,PROJECT_PARAMETER_TRANSFER_ENGINEERING_ASSUMPTION,CONDUCTOR_R
LINE:002742,0.110729485821382,CONDUCTOR_DERIVED_USING_DOCUMENTED_PORTUGUESE_PROJECT_RESISTANCE,PROJECT_PARAMETER_TRANSFER_ENGINEERING_ASSUMPTION,CONDUCTOR_R
LINE:002744,0.0993870810659317,CONDUCTOR_DERIVED_USING_DOCUMENTED_PORTUGUESE_PROJECT_RESISTANCE,PROJECT_PARAMETER_TRANSFER_ENGINEERING_ASSUMPTION,CONDUCTOR_R
LINE:002745,0.1005653465346534,CONDUCTOR_DERIVED_USING_DOCUMENTED_PORTUGUESE_PROJECT_RESISTANCE,PROJECT_PARAMETER_TRANSFER_ENGINEERING_ASSUMPTION,CONDUCTOR_R
LINE:002752,0.05465,CONDUCTOR_DERIVED_USING_DOCUMENTED_PORTUGUESE_PROJECT_RESISTANCE,PROJECT_PARAMETER_TRANSFER_ENGINEERING_ASSUMPTION,CONDUCTOR_R
LINE:002760,0.0544222139673105,CONDUCTOR_DERIVED_USING_DOCUMENTED_PORTUGUESE_PROJECT_RESISTANCE,PROJECT_PARAMETER_TRANSFER_ENGINEERING_ASSUMPTION,CONDUCTOR_R
LINE:002761,0.0544222139673105,CONDUCTOR_DERIVED_USING_DOCUMENTED_PORTUGUESE_PROJECT_RESISTANCE,PROJECT_PARAMETER_TRANSFER_ENGINEERING_ASSUMPTION,CONDUCTOR_R
LINE:002766,0.1001458585858586,CONDUCTOR_DERIVED_USING_DOCUMENTED_PORTUGUESE_PROJECT_RESISTANCE,PROJECT_PARAMETER_TRANSFER_ENGINEERING_ASSUMPTION,CONDUCTOR_R
LINE:002767,0.1001458585858586,CONDUCTOR_DERIVED_USING_DOCUMENTED_PORTUGUESE_PROJECT_RESISTANCE,PROJECT_PARAMETER_TRANSFER_ENGINEERING_ASSUMPTION,CONDUCTOR_R
LINE:002785,0.0754,CONDUCTOR_DERIVED_USING_DOCUMENTED_PORTUGUESE_PROJECT_RESISTANCE,PROJECT_PARAMETER_TRANSFER_ENGINEERING_ASSUMPTION,CONDUCTOR_R
LINE:002787,0.0754,CONDUCTOR_DERIVED_USING_DOCUMENTED_PORTUGUESE_PROJECT_RESISTANCE,PROJECT_PARAMETER_TRANSFER_ENGINEERING_ASSUMPTION,CONDUCTOR_R
LINE:002798,0.0754,CONDUCTOR_DERIVED_USING_DOCUMENTED_PORTUGUESE_PROJECT_RESISTANCE,PROJECT_PARAMETER_TRANSFER_ENGINEERING_ASSUMPTION,CONDUCTOR_R
LINE:002808,0.1093,CONDUCTOR_DERIVED_USING_DOCUMENTED_PORTUGUESE_PROJECT_RESISTANCE,PROJECT_PARAMETER_TRANSFER_ENGINEERING_ASSUMPTION,CONDUCTOR_R
LINE:002812,0.222015625,CONDUCTOR_DERIVED_USING_DOCUMENTED_PORTUGUESE_PROJECT_RESISTANCE,PROJECT_PARAMETER_TRANSFER_ENGINEERING_ASSUMPTION,CONDUCTOR_R
LINE:002817,0.1667812775633958,CONDUCTOR_DERIVED_USING_DOCUMENTED_PORTUGUESE_PROJECT_RESISTANCE,PROJECT_PARAMETER_TRANSFER_ENGINEERING_ASSUMPTION,CONDUCTOR_R
LINE:002826,0.05465,CONDUCTOR_DERIVED_USING_DOCUMENTED_PORTUGUESE_PROJECT_RESISTANCE,PROJECT_PARAMETER_TRANSFER_ENGINEERING_ASSUMPTION,CONDUCTOR_R
LINE:002827,0.05465,CONDUCTOR_DERIVED_USING_DOCUMENTED_PORTUGUESE_PROJECT_RESISTANCE,PROJECT_PARAMETER_TRANSFER_ENGINEERING_ASSUMPTION,CONDUCTOR_R
LINE:002829,0.05465,CONDUCTOR_DERIVED_USING_DOCUMENTED_PORTUGUESE_PROJECT_RESISTANCE,PROJECT_PARAMETER_TRANSFER_ENGINEERING_ASSUMPTION,CONDUCTOR_R
LINE:002831,0.05465,CONDUCTOR_DERIVED_USING_DOCUMENTED_PORTUGUESE_PROJECT_RESISTANCE,PROJECT_PARAMETER_TRANSFER_ENGINEERING_ASSUMPTION,CONDUCTOR_R
LINE:002832,0.05465,CONDUCTOR_DERIVED_USING_DOCUMENTED_PORTUGUESE_PROJECT_RESISTANCE,PROJECT_PARAMETER_TRANSFER_ENGINEERING_ASSUMPTION,CONDUCTOR_R
LINE:002848,0.1093,CONDUCTOR_DERIVED_USING_DOCUMENTED_PORTUGUESE_PROJECT_RESISTANCE,PROJECT_PARAMETER_TRANSFER_ENGINEERING_ASSUMPTION,CONDUCTOR_R
LINE:002850,0.2839595589539007,CONDUCTOR_DERIVED_USING_DOCUMENTED_PORTUGUESE_PROJECT_RESISTANCE,PROJECT_PARAMETER_TRANSFER_ENGINEERING_ASSUMPTION,CONDUCTOR_R
LINE:002851,0.1093,CONDUCTOR_DERIVED_USING_DOCUMENTED_PORTUGUESE_PROJECT_RESISTANCE,PROJECT_PARAMETER_TRANSFER_ENGINEERING_ASSUMPTION,CONDUCTOR_R
LINE:002852,0.1093,CONDUCTOR_DERIVED_USING_DOCUMENTED_PORTUGUESE_PROJECT_RESISTANCE,PROJECT_PARAMETER_TRANSFER_ENGINEERING_ASSUMPTION,CONDUCTOR_R
LINE:002857,0.1093,CONDUCTOR_DERIVED_USING_DOCUMENTED_PORTUGUESE_PROJECT_RESISTANCE,PROJECT_PARAMETER_TRANSFER_ENGINEERING_ASSUMPTION,CONDUCTOR_R
LINE:002858,0.1093,CONDUCTOR_DERIVED_USING_DOCUMENTED_PORTUGUESE_PROJECT_RESISTANCE,PROJECT_PARAMETER_TRANSFER_ENGINEERING_ASSUMPTION,CONDUCTOR_R
LINE:002863,0.05465,CONDUCTOR_DERIVED_USING_DOCUMENTED_PORTUGUESE_PROJECT_RESISTANCE,PROJECT_PARAMETER_TRANSFER_ENGINEERING_ASSUMPTION,CONDUCTOR_R
LINE:002864,0.05465,CONDUCTOR_DERIVED_USING_DOCUMENTED_PORTUGUESE_PROJECT_RESISTANCE,PROJECT_PARAMETER_TRANSFER_ENGINEERING_ASSUMPTION,CONDUCTOR_R
LINE:002872,0.1086924242424242,CONDUCTOR_DERIVED_USING_DOCUMENTED_PORTUGUESE_PROJECT_RESISTANCE,PROJECT_PARAMETER_TRANSFER_ENGINEERING_ASSUMPTION,CONDUCTOR_R
LINE:002878,0.1093,CONDUCTOR_DERIVED_USING_DOCUMENTED_PORTUGUESE_PROJECT_RESISTANCE,PROJECT_PARAMETER_TRANSFER_ENGINEERING_ASSUMPTION,CONDUCTOR_R
LINE:002879,0.1093,CONDUCTOR_DERIVED_USING_DOCUMENTED_PORTUGUESE_PROJECT_RESISTANCE,PROJECT_PARAMETER_TRANSFER_ENGINEERING_ASSUMPTION,CONDUCTOR_R
LINE:002880,0.0754,CONDUCTOR_DERIVED_USING_DOCUMENTED_PORTUGUESE_PROJECT_RESISTANCE,PROJECT_PARAMETER_TRANSFER_ENGINEERING_ASSUMPTION,CONDUCTOR_R
LINE:002881,0.1667812775633958,CONDUCTOR_DERIVED_USING_DOCUMENTED_PORTUGUESE_PROJECT_RESISTANCE,PROJECT_PARAMETER_TRANSFER_ENGINEERING_ASSUMPTION,CONDUCTOR_R
LINE:002888,0.1093,CONDUCTOR_DERIVED_USING_DOCUMENTED_PORTUGUESE_PROJECT_RESISTANCE,PROJECT_PARAMETER_TRANSFER_ENGINEERING_ASSUMPTION,CONDUCTOR_R
LINE:002899,0.222015625,CONDUCTOR_DERIVED_USING_DOCUMENTED_PORTUGUESE_PROJECT_RESISTANCE,PROJECT_PARAMETER_TRANSFER_ENGINEERING_ASSUMPTION,CONDUCTOR_R
LINE:002901,0.047,CONDUCTOR_DERIVED_USING_DOCUMENTED_PORTUGUESE_PROJECT_RESISTANCE,PROJECT_PARAMETER_TRANSFER_ENGINEERING_ASSUMPTION,CONDUCTOR_R
LINE:002908,0.110879817987152,CONDUCTOR_DERIVED_USING_DOCUMENTED_PORTUGUESE_PROJECT_RESISTANCE,PROJECT_PARAMETER_TRANSFER_ENGINEERING_ASSUMPTION,CONDUCTOR_R
LINE:002909,0.110879817987152,CONDUCTOR_DERIVED_USING_DOCUMENTED_PORTUGUESE_PROJECT_RESISTANCE,PROJECT_PARAMETER_TRANSFER_ENGINEERING_ASSUMPTION,CONDUCTOR_R
LINE:002910,0.1103667280505952,CONDUCTOR_DERIVED_USING_DOCUMENTED_PORTUGUESE_PROJECT_RESISTANCE,PROJECT_PARAMETER_TRANSFER_ENGINEERING_ASSUMPTION,CONDUCTOR_R
LINE:002911,0.1103667280505952,CONDUCTOR_DERIVED_USING_DOCUMENTED_PORTUGUESE_PROJECT_RESISTANCE,PROJECT_PARAMETER_TRANSFER_ENGINEERING_ASSUMPTION,CONDUCTOR_R
LINE:002919,0.222015625,CONDUCTOR_DERIVED_USING_DOCUMENTED_PORTUGUESE_PROJECT_RESISTANCE,PROJECT_PARAMETER_TRANSFER_ENGINEERING_ASSUMPTION,CONDUCTOR_R
LINE:002921,0.1093,CONDUCTOR_DERIVED_USING_DOCUMENTED_PORTUGUESE_PROJECT_RESISTANCE,PROJECT_PARAMETER_TRANSFER_ENGINEERING_ASSUMPTION,CONDUCTOR_R
LINE:002927,0.222015625,CONDUCTOR_DERIVED_USING_DOCUMENTED_PORTUGUESE_PROJECT_RESISTANCE,PROJECT_PARAMETER_TRANSFER_ENGINEERING_ASSUMPTION,CONDUCTOR_R
LINE:002928,0.11093412048274,CONDUCTOR_DERIVED_USING_DOCUMENTED_PORTUGUESE_PROJECT_RESISTANCE,PROJECT_PARAMETER_TRANSFER_ENGINEERING_ASSUMPTION,CONDUCTOR_R
LINE:002931,0.1005884658454647,CONDUCTOR_DERIVED_USING_DOCUMENTED_PORTUGUESE_PROJECT_RESISTANCE,PROJECT_PARAMETER_TRANSFER_ENGINEERING_ASSUMPTION,CONDUCTOR_R
LINE:002932,0.1005884658454647,CONDUCTOR_DERIVED_USING_DOCUMENTED_PORTUGUESE_PROJECT_RESISTANCE,PROJECT_PARAMETER_TRANSFER_ENGINEERING_ASSUMPTION,CONDUCTOR_R
LINE:002938,0.1093,CONDUCTOR_DERIVED_USING_DOCUMENTED_PORTUGUESE_PROJECT_RESISTANCE,PROJECT_PARAMETER_TRANSFER_ENGINEERING_ASSUMPTION,CONDUCTOR_R
LINE:002952,0.14704265625,CONDUCTOR_DERIVED_USING_DOCUMENTED_PORTUGUESE_PROJECT_RESISTANCE,PROJECT_PARAMETER_TRANSFER_ENGINEERING_ASSUMPTION,CONDUCTOR_R
LINE:002953,0.14704265625,CONDUCTOR_DERIVED_USING_DOCUMENTED_PORTUGUESE_PROJECT_RESISTANCE,PROJECT_PARAMETER_TRANSFER_ENGINEERING_ASSUMPTION,CONDUCTOR_R
LINE:002956,0.163789854751461,CONDUCTOR_DERIVED_USING_DOCUMENTED_PORTUGUESE_PROJECT_RESISTANCE,PROJECT_PARAMETER_TRANSFER_ENGINEERING_ASSUMPTION,CONDUCTOR_R
LINE:002957,0.1093,CONDUCTOR_DERIVED_USING_DOCUMENTED_PORTUGUESE_PROJECT_RESISTANCE,PROJECT_PARAMETER_TRANSFER_ENGINEERING_ASSUMPTION,CONDUCTOR_R
LINE:002974,0.1088892445582586,CONDUCTOR_DERIVED_USING_DOCUMENTED_PORTUGUESE_PROJECT_RESISTANCE,PROJECT_PARAMETER_TRANSFER_ENGINEERING_ASSUMPTION,CONDUCTOR_R
LINE:002975,0.1088892445582586,CONDUCTOR_DERIVED_USING_DOCUMENTED_PORTUGUESE_PROJECT_RESISTANCE,PROJECT_PARAMETER_TRANSFER_ENGINEERING_ASSUMPTION,CONDUCTOR_R
LINE:002982,0.144407845465413,CONDUCTOR_DERIVED_USING_DOCUMENTED_PORTUGUESE_PROJECT_RESISTANCE,PROJECT_PARAMETER_TRANSFER_ENGINEERING_ASSUMPTION,CONDUCTOR_R
LINE:002986,0.222015625,CONDUCTOR_DERIVED_USING_DOCUMENTED_PORTUGUESE_PROJECT_RESISTANCE,PROJECT_PARAMETER_TRANSFER_ENGINEERING_ASSUMPTION,CONDUCTOR_R
LINE:002987,0.1051847161028993,CONDUCTOR_DERIVED_USING_DOCUMENTED_PORTUGUESE_PROJECT_RESISTANCE,PROJECT_PARAMETER_TRANSFER_ENGINEERING_ASSUMPTION,CONDUCTOR_R
LINE:002988,0.1051847161028993,CONDUCTOR_DERIVED_USING_DOCUMENTED_PORTUGUESE_PROJECT_RESISTANCE,PROJECT_PARAMETER_TRANSFER_ENGINEERING_ASSUMPTION,CONDUCTOR_R
LINE:002991,0.1093,CONDUCTOR_DERIVED_USING_DOCUMENTED_PORTUGUESE_PROJECT_RESISTANCE,PROJECT_PARAMETER_TRANSFER_ENGINEERING_ASSUMPTION,CONDUCTOR_R
LINE:002992,0.1110078125,CONDUCTOR_DERIVED_USING_DOCUMENTED_PORTUGUESE_PROJECT_RESISTANCE,PROJECT_PARAMETER_TRANSFER_ENGINEERING_ASSUMPTION,CONDUCTOR_R
LINE:003004,0.0754,CONDUCTOR_DERIVED_USING_DOCUMENTED_PORTUGUESE_PROJECT_RESISTANCE,PROJECT_PARAMETER_TRANSFER_ENGINEERING_ASSUMPTION,CONDUCTOR_R
LINE:003005,0.0754,CONDUCTOR_DERIVED_USING_DOCUMENTED_PORTUGUESE_PROJECT_RESISTANCE,PROJECT_PARAMETER_TRANSFER_ENGINEERING_ASSUMPTION,CONDUCTOR_R
LINE:003013,0.05465,CONDUCTOR_DERIVED_USING_DOCUMENTED_PORTUGUESE_PROJECT_RESISTANCE,PROJECT_PARAMETER_TRANSFER_ENGINEERING_ASSUMPTION,CONDUCTOR_R
LINE:003014,0.05465,CONDUCTOR_DERIVED_USING_DOCUMENTED_PORTUGUESE_PROJECT_RESISTANCE,PROJECT_PARAMETER_TRANSFER_ENGINEERING_ASSUMPTION,CONDUCTOR_R
LINE:003017,0.1110078125,CONDUCTOR_DERIVED_USING_DOCUMENTED_PORTUGUESE_PROJECT_RESISTANCE,PROJECT_PARAMETER_TRANSFER_ENGINEERING_ASSUMPTION,CONDUCTOR_R
LINE:003019,0.221562174613402,CONDUCTOR_DERIVED_USING_DOCUMENTED_PORTUGUESE_PROJECT_RESISTANCE,PROJECT_PARAMETER_TRANSFER_ENGINEERING_ASSUMPTION,CONDUCTOR_R
LINE:003024,0.05465,CONDUCTOR_DERIVED_USING_DOCUMENTED_PORTUGUESE_PROJECT_RESISTANCE,PROJECT_PARAMETER_TRANSFER_ENGINEERING_ASSUMPTION,CONDUCTOR_R
LINE:003042,0.05465,CONDUCTOR_DERIVED_USING_DOCUMENTED_PORTUGUESE_PROJECT_RESISTANCE,PROJECT_PARAMETER_TRANSFER_ENGINEERING_ASSUMPTION,CONDUCTOR_R
LINE:003043,0.05465,CONDUCTOR_DERIVED_USING_DOCUMENTED_PORTUGUESE_PROJECT_RESISTANCE,PROJECT_PARAMETER_TRANSFER_ENGINEERING_ASSUMPTION,CONDUCTOR_R
LINE:003051,0.047,CONDUCTOR_DERIVED_USING_DOCUMENTED_PORTUGUESE_PROJECT_RESISTANCE,PROJECT_PARAMETER_TRANSFER_ENGINEERING_ASSUMPTION,CONDUCTOR_R
LINE:003052,0.047,CONDUCTOR_DERIVED_USING_DOCUMENTED_PORTUGUESE_PROJECT_RESISTANCE,PROJECT_PARAMETER_TRANSFER_ENGINEERING_ASSUMPTION,CONDUCTOR_R
LINE:003053,0.047,CONDUCTOR_DERIVED_USING_DOCUMENTED_PORTUGUESE_PROJECT_RESISTANCE,PROJECT_PARAMETER_TRANSFER_ENGINEERING_ASSUMPTION,CONDUCTOR_R
LINE:003054,0.047,CONDUCTOR_DERIVED_USING_DOCUMENTED_PORTUGUESE_PROJECT_RESISTANCE,PROJECT_PARAMETER_TRANSFER_ENGINEERING_ASSUMPTION,CONDUCTOR_R
LINE:003055,0.047,CONDUCTOR_DERIVED_USING_DOCUMENTED_PORTUGUESE_PROJECT_RESISTANCE,PROJECT_PARAMETER_TRANSFER_ENGINEERING_ASSUMPTION,CONDUCTOR_R
LINE:003056,0.047,CONDUCTOR_DERIVED_USING_DOCUMENTED_PORTUGUESE_PROJECT_RESISTANCE,PROJECT_PARAMETER_TRANSFER_ENGINEERING_ASSUMPTION,CONDUCTOR_R
LINE:003059,0.047,CONDUCTOR_DERIVED_USING_DOCUMENTED_PORTUGUESE_PROJECT_RESISTANCE,PROJECT_PARAMETER_TRANSFER_ENGINEERING_ASSUMPTION,CONDUCTOR_R
LINE:003060,0.05465,CONDUCTOR_DERIVED_USING_DOCUMENTED_PORTUGUESE_PROJECT_RESISTANCE,PROJECT_PARAMETER_TRANSFER_ENGINEERING_ASSUMPTION,CONDUCTOR_R
LINE:003061,0.1093,CONDUCTOR_DERIVED_USING_DOCUMENTED_PORTUGUESE_PROJECT_RESISTANCE,PROJECT_PARAMETER_TRANSFER_ENGINEERING_ASSUMPTION,CONDUCTOR_R
LINE:003062,0.1093,CONDUCTOR_DERIVED_USING_DOCUMENTED_PORTUGUESE_PROJECT_RESISTANCE,PROJECT_PARAMETER_TRANSFER_ENGINEERING_ASSUMPTION,CONDUCTOR_R
LINE:003066,0.1093,CONDUCTOR_DERIVED_USING_DOCUMENTED_PORTUGUESE_PROJECT_RESISTANCE,PROJECT_PARAMETER_TRANSFER_ENGINEERING_ASSUMPTION,CONDUCTOR_R
LINE:003070,0.1093,CONDUCTOR_DERIVED_USING_DOCUMENTED_PORTUGUESE_PROJECT_RESISTANCE,PROJECT_PARAMETER_TRANSFER_ENGINEERING_ASSUMPTION,CONDUCTOR_R
LINE:003072,0.1093,CONDUCTOR_DERIVED_USING_DOCUMENTED_PORTUGUESE_PROJECT_RESISTANCE,PROJECT_PARAMETER_TRANSFER_ENGINEERING_ASSUMPTION,CONDUCTOR_R
LINE:003074,0.1110078125,CONDUCTOR_DERIVED_USING_DOCUMENTED_PORTUGUESE_PROJECT_RESISTANCE,PROJECT_PARAMETER_TRANSFER_ENGINEERING_ASSUMPTION,CONDUCTOR_R
LINE:003075,0.1110078125,CONDUCTOR_DERIVED_USING_DOCUMENTED_PORTUGUESE_PROJECT_RESISTANCE,PROJECT_PARAMETER_TRANSFER_ENGINEERING_ASSUMPTION,CONDUCTOR_R
LINE:003076,0.1110078125,CONDUCTOR_DERIVED_USING_DOCUMENTED_PORTUGUESE_PROJECT_RESISTANCE,PROJECT_PARAMETER_TRANSFER_ENGINEERING_ASSUMPTION,CONDUCTOR_R
LINE:003077,0.1110078125,CONDUCTOR_DERIVED_USING_DOCUMENTED_PORTUGUESE_PROJECT_RESISTANCE,PROJECT_PARAMETER_TRANSFER_ENGINEERING_ASSUMPTION,CONDUCTOR_R
LINE:003084,0.1667812775633958,CONDUCTOR_DERIVED_USING_DOCUMENTED_PORTUGUESE_PROJECT_RESISTANCE,PROJECT_PARAMETER_TRANSFER_ENGINEERING_ASSUMPTION,CONDUCTOR_R
LINE:003085,0.1667812775633958,CONDUCTOR_DERIVED_USING_DOCUMENTED_PORTUGUESE_PROJECT_RESISTANCE,PROJECT_PARAMETER_TRANSFER_ENGINEERING_ASSUMPTION,CONDUCTOR_R
LINE:003086,0.1093,CONDUCTOR_DERIVED_USING_DOCUMENTED_PORTUGUESE_PROJECT_RESISTANCE,PROJECT_PARAMETER_TRANSFER_ENGINEERING_ASSUMPTION,CONDUCTOR_R
LINE:003089,0.222015625,CONDUCTOR_DERIVED_USING_DOCUMENTED_PORTUGUESE_PROJECT_RESISTANCE,PROJECT_PARAMETER_TRANSFER_ENGINEERING_ASSUMPTION,CONDUCTOR_R
LINE:003092,0.222015625,CONDUCTOR_DERIVED_USING_DOCUMENTED_PORTUGUESE_PROJECT_RESISTANCE,PROJECT_PARAMETER_TRANSFER_ENGINEERING_ASSUMPTION,CONDUCTOR_R
LINE:003096,0.1093,CONDUCTOR_DERIVED_USING_DOCUMENTED_PORTUGUESE_PROJECT_RESISTANCE,PROJECT_PARAMETER_TRANSFER_ENGINEERING_ASSUMPTION,CONDUCTOR_R
LINE:003098,0.1093,CONDUCTOR_DERIVED_USING_DOCUMENTED_PORTUGUESE_PROJECT_RESISTANCE,PROJECT_PARAMETER_TRANSFER_ENGINEERING_ASSUMPTION,CONDUCTOR_R
LINE:003099,0.1093,CONDUCTOR_DERIVED_USING_DOCUMENTED_PORTUGUESE_PROJECT_RESISTANCE,PROJECT_PARAMETER_TRANSFER_ENGINEERING_ASSUMPTION,CONDUCTOR_R
LINE:003105,0.1093,CONDUCTOR_DERIVED_USING_DOCUMENTED_PORTUGUESE_PROJECT_RESISTANCE,PROJECT_PARAMETER_TRANSFER_ENGINEERING_ASSUMPTION,CONDUCTOR_R
LINE:003106,0.1093,CONDUCTOR_DERIVED_USING_DOCUMENTED_PORTUGUESE_PROJECT_RESISTANCE,PROJECT_PARAMETER_TRANSFER_ENGINEERING_ASSUMPTION,CONDUCTOR_R
LINE:003111,0.1110078125,CONDUCTOR_DERIVED_USING_DOCUMENTED_PORTUGUESE_PROJECT_RESISTANCE,PROJECT_PARAMETER_TRANSFER_ENGINEERING_ASSUMPTION,CONDUCTOR_R
LINE:003112,0.1110078125,CONDUCTOR_DERIVED_USING_DOCUMENTED_PORTUGUESE_PROJECT_RESISTANCE,PROJECT_PARAMETER_TRANSFER_ENGINEERING_ASSUMPTION,CONDUCTOR_R
LINE:003117,0.1118582027409046,CONDUCTOR_DERIVED_USING_DOCUMENTED_PORTUGUESE_PROJECT_RESISTANCE,PROJECT_PARAMETER_TRANSFER_ENGINEERING_ASSUMPTION,CONDUCTOR_R
LINE:003121,0.1093,CONDUCTOR_DERIVED_USING_DOCUMENTED_PORTUGUESE_PROJECT_RESISTANCE,PROJECT_PARAMETER_TRANSFER_ENGINEERING_ASSUMPTION,CONDUCTOR_R
LINE:003122,0.1066566619915848,CONDUCTOR_DERIVED_USING_DOCUMENTED_PORTUGUESE_PROJECT_RESISTANCE,PROJECT_PARAMETER_TRANSFER_ENGINEERING_ASSUMPTION,CONDUCTOR_R
LINE:003123,0.222015625,CONDUCTOR_DERIVED_USING_DOCUMENTED_PORTUGUESE_PROJECT_RESISTANCE,PROJECT_PARAMETER_TRANSFER_ENGINEERING_ASSUMPTION,CONDUCTOR_R
LINE:003124,0.222015625,CONDUCTOR_DERIVED_USING_DOCUMENTED_PORTUGUESE_PROJECT_RESISTANCE,PROJECT_PARAMETER_TRANSFER_ENGINEERING_ASSUMPTION,CONDUCTOR_R
LINE:003139,0.1110078125,CONDUCTOR_DERIVED_USING_DOCUMENTED_PORTUGUESE_PROJECT_RESISTANCE,PROJECT_PARAMETER_TRANSFER_ENGINEERING_ASSUMPTION,CONDUCTOR_R
LINE:003140,0.222015625,CONDUCTOR_DERIVED_USING_DOCUMENTED_PORTUGUESE_PROJECT_RESISTANCE,PROJECT_PARAMETER_TRANSFER_ENGINEERING_ASSUMPTION,CONDUCTOR_R
LINE:003141,0.1110078125,CONDUCTOR_DERIVED_USING_DOCUMENTED_PORTUGUESE_PROJECT_RESISTANCE,PROJECT_PARAMETER_TRANSFER_ENGINEERING_ASSUMPTION,CONDUCTOR_R
LINE:003156,0.1051847161028993,CONDUCTOR_DERIVED_USING_DOCUMENTED_PORTUGUESE_PROJECT_RESISTANCE,PROJECT_PARAMETER_TRANSFER_ENGINEERING_ASSUMPTION,CONDUCTOR_R
LINE:003159,0.047,CONDUCTOR_DERIVED_USING_DOCUMENTED_PORTUGUESE_PROJECT_RESISTANCE,PROJECT_PARAMETER_TRANSFER_ENGINEERING_ASSUMPTION,CONDUCTOR_R
LINE:003162,0.047,CONDUCTOR_DERIVED_USING_DOCUMENTED_PORTUGUESE_PROJECT_RESISTANCE,PROJECT_PARAMETER_TRANSFER_ENGINEERING_ASSUMPTION,CONDUCTOR_R
LINE:003163,0.047,CONDUCTOR_DERIVED_USING_DOCUMENTED_PORTUGUESE_PROJECT_RESISTANCE,PROJECT_PARAMETER_TRANSFER_ENGINEERING_ASSUMPTION,CONDUCTOR_R
LINE:003164,0.047,CONDUCTOR_DERIVED_USING_DOCUMENTED_PORTUGUESE_PROJECT_RESISTANCE,PROJECT_PARAMETER_TRANSFER_ENGINEERING_ASSUMPTION,CONDUCTOR_R
LINE:003165,0.0754,CONDUCTOR_DERIVED_USING_DOCUMENTED_PORTUGUESE_PROJECT_RESISTANCE,PROJECT_PARAMETER_TRANSFER_ENGINEERING_ASSUMPTION,CONDUCTOR_R
LINE:003166,0.0754,CONDUCTOR_DERIVED_USING_DOCUMENTED_PORTUGUESE_PROJECT_RESISTANCE,PROJECT_PARAMETER_TRANSFER_ENGINEERING_ASSUMPTION,CONDUCTOR_R
LINE:003167,0.0754,CONDUCTOR_DERIVED_USING_DOCUMENTED_PORTUGUESE_PROJECT_RESISTANCE,PROJECT_PARAMETER_TRANSFER_ENGINEERING_ASSUMPTION,CONDUCTOR_R
LINE:003168,0.0754,CONDUCTOR_DERIVED_USING_DOCUMENTED_PORTUGUESE_PROJECT_RESISTANCE,PROJECT_PARAMETER_TRANSFER_ENGINEERING_ASSUMPTION,CONDUCTOR_R
LINE:003179,0.1005884658454647,CONDUCTOR_DERIVED_USING_DOCUMENTED_PORTUGUESE_PROJECT_RESISTANCE,PROJECT_PARAMETER_TRANSFER_ENGINEERING_ASSUMPTION,CONDUCTOR_R
LINE:003180,0.1005884658454647,CONDUCTOR_DERIVED_USING_DOCUMENTED_PORTUGUESE_PROJECT_RESISTANCE,PROJECT_PARAMETER_TRANSFER_ENGINEERING_ASSUMPTION,CONDUCTOR_R
LINE:003181,0.1093,CONDUCTOR_DERIVED_USING_DOCUMENTED_PORTUGUESE_PROJECT_RESISTANCE,PROJECT_PARAMETER_TRANSFER_ENGINEERING_ASSUMPTION,CONDUCTOR_R
LINE:003195,0.1093,CONDUCTOR_DERIVED_USING_DOCUMENTED_PORTUGUESE_PROJECT_RESISTANCE,PROJECT_PARAMETER_TRANSFER_ENGINEERING_ASSUMPTION,CONDUCTOR_R
LINE:003200,0.05465,CONDUCTOR_DERIVED_USING_DOCUMENTED_PORTUGUESE_PROJECT_RESISTANCE,PROJECT_PARAMETER_TRANSFER_ENGINEERING_ASSUMPTION,CONDUCTOR_R
LINE:003203,0.1093,CONDUCTOR_DERIVED_USING_DOCUMENTED_PORTUGUESE_PROJECT_RESISTANCE,PROJECT_PARAMETER_TRANSFER_ENGINEERING_ASSUMPTION,CONDUCTOR_R
LINE:003206,0.1103667280505952,CONDUCTOR_DERIVED_USING_DOCUMENTED_PORTUGUESE_PROJECT_RESISTANCE,PROJECT_PARAMETER_TRANSFER_ENGINEERING_ASSUMPTION,CONDUCTOR_R
LINE:003207,0.1103667280505952,CONDUCTOR_DERIVED_USING_DOCUMENTED_PORTUGUESE_PROJECT_RESISTANCE,PROJECT_PARAMETER_TRANSFER_ENGINEERING_ASSUMPTION,CONDUCTOR_R
LINE:003208,0.1103667280505952,CONDUCTOR_DERIVED_USING_DOCUMENTED_PORTUGUESE_PROJECT_RESISTANCE,PROJECT_PARAMETER_TRANSFER_ENGINEERING_ASSUMPTION,CONDUCTOR_R
LINE:003209,0.222015625,CONDUCTOR_DERIVED_USING_DOCUMENTED_PORTUGUESE_PROJECT_RESISTANCE,PROJECT_PARAMETER_TRANSFER_ENGINEERING_ASSUMPTION,CONDUCTOR_R
LINE:003215,0.222015625,CONDUCTOR_DERIVED_USING_DOCUMENTED_PORTUGUESE_PROJECT_RESISTANCE,PROJECT_PARAMETER_TRANSFER_ENGINEERING_ASSUMPTION,CONDUCTOR_R
LINE:003216,0.222015625,CONDUCTOR_DERIVED_USING_DOCUMENTED_PORTUGUESE_PROJECT_RESISTANCE,PROJECT_PARAMETER_TRANSFER_ENGINEERING_ASSUMPTION,CONDUCTOR_R
LINE:003224,0.05465,CONDUCTOR_DERIVED_USING_DOCUMENTED_PORTUGUESE_PROJECT_RESISTANCE,PROJECT_PARAMETER_TRANSFER_ENGINEERING_ASSUMPTION,CONDUCTOR_R
LINE:003233,0.222015625,CONDUCTOR_DERIVED_USING_DOCUMENTED_PORTUGUESE_PROJECT_RESISTANCE,PROJECT_PARAMETER_TRANSFER_ENGINEERING_ASSUMPTION,CONDUCTOR_R
LINE:003239,0.05465,CONDUCTOR_DERIVED_USING_DOCUMENTED_PORTUGUESE_PROJECT_RESISTANCE,PROJECT_PARAMETER_TRANSFER_ENGINEERING_ASSUMPTION,CONDUCTOR_R
LINE:003240,0.05465,CONDUCTOR_DERIVED_USING_DOCUMENTED_PORTUGUESE_PROJECT_RESISTANCE,PROJECT_PARAMETER_TRANSFER_ENGINEERING_ASSUMPTION,CONDUCTOR_R
LINE:003246,0.2200420051070039,CONDUCTOR_DERIVED_USING_DOCUMENTED_PORTUGUESE_PROJECT_RESISTANCE,PROJECT_PARAMETER_TRANSFER_ENGINEERING_ASSUMPTION,CONDUCTOR_R
LINE:003248,0.0361270595690747,CONDUCTOR_DERIVED_USING_DOCUMENTED_PORTUGUESE_PROJECT_RESISTANCE,PROJECT_PARAMETER_TRANSFER_ENGINEERING_ASSUMPTION,CONDUCTOR_R
LINE:003250,0.05465,CONDUCTOR_DERIVED_USING_DOCUMENTED_PORTUGUESE_PROJECT_RESISTANCE,PROJECT_PARAMETER_TRANSFER_ENGINEERING_ASSUMPTION,CONDUCTOR_R
LINE:003251,0.1093,CONDUCTOR_DERIVED_USING_DOCUMENTED_PORTUGUESE_PROJECT_RESISTANCE,PROJECT_PARAMETER_TRANSFER_ENGINEERING_ASSUMPTION,CONDUCTOR_R
LINE:003252,0.1093,CONDUCTOR_DERIVED_USING_DOCUMENTED_PORTUGUESE_PROJECT_RESISTANCE,PROJECT_PARAMETER_TRANSFER_ENGINEERING_ASSUMPTION,CONDUCTOR_R
LINE:003254,0.12491493968839,CONDUCTOR_DERIVED_USING_DOCUMENTED_PORTUGUESE_PROJECT_RESISTANCE,PROJECT_PARAMETER_TRANSFER_ENGINEERING_ASSUMPTION,CONDUCTOR_R
LINE:003255,0.12491493968839,CONDUCTOR_DERIVED_USING_DOCUMENTED_PORTUGUESE_PROJECT_RESISTANCE,PROJECT_PARAMETER_TRANSFER_ENGINEERING_ASSUMPTION,CONDUCTOR_R
LINE:003256,0.12491493968839,CONDUCTOR_DERIVED_USING_DOCUMENTED_PORTUGUESE_PROJECT_RESISTANCE,PROJECT_PARAMETER_TRANSFER_ENGINEERING_ASSUMPTION,CONDUCTOR_R
LINE:003259,0.05465,CONDUCTOR_DERIVED_USING_DOCUMENTED_PORTUGUESE_PROJECT_RESISTANCE,PROJECT_PARAMETER_TRANSFER_ENGINEERING_ASSUMPTION,CONDUCTOR_R
LINE:003261,0.1089433794466403,CONDUCTOR_DERIVED_USING_DOCUMENTED_PORTUGUESE_PROJECT_RESISTANCE,PROJECT_PARAMETER_TRANSFER_ENGINEERING_ASSUMPTION,CONDUCTOR_R
LINE:003267,0.0812407494028662,CONDUCTOR_DERIVED_USING_DOCUMENTED_PORTUGUESE_PROJECT_RESISTANCE,PROJECT_PARAMETER_TRANSFER_ENGINEERING_ASSUMPTION,CONDUCTOR_R
LINE:003268,0.0812407494028662,CONDUCTOR_DERIVED_USING_DOCUMENTED_PORTUGUESE_PROJECT_RESISTANCE,PROJECT_PARAMETER_TRANSFER_ENGINEERING_ASSUMPTION,CONDUCTOR_R
LINE:003269,0.3467598157797251,CONDUCTOR_DERIVED_USING_DOCUMENTED_PORTUGUESE_PROJECT_RESISTANCE,PROJECT_PARAMETER_TRANSFER_ENGINEERING_ASSUMPTION,CONDUCTOR_R
LINE:003270,0.3467598157797251,CONDUCTOR_DERIVED_USING_DOCUMENTED_PORTUGUESE_PROJECT_RESISTANCE,PROJECT_PARAMETER_TRANSFER_ENGINEERING_ASSUMPTION,CONDUCTOR_R
LINE:003271,0.12491493968839,CONDUCTOR_DERIVED_USING_DOCUMENTED_PORTUGUESE_PROJECT_RESISTANCE,PROJECT_PARAMETER_TRANSFER_ENGINEERING_ASSUMPTION,CONDUCTOR_R
LINE:003272,0.12491493968839,CONDUCTOR_DERIVED_USING_DOCUMENTED_PORTUGUESE_PROJECT_RESISTANCE,PROJECT_PARAMETER_TRANSFER_ENGINEERING_ASSUMPTION,CONDUCTOR_R
LINE:003278,0.0545037911301859,CONDUCTOR_DERIVED_USING_DOCUMENTED_PORTUGUESE_PROJECT_RESISTANCE,PROJECT_PARAMETER_TRANSFER_ENGINEERING_ASSUMPTION,CONDUCTOR_R
LINE:003283,0.0755797872340425,CONDUCTOR_DERIVED_USING_DOCUMENTED_PORTUGUESE_PROJECT_RESISTANCE,PROJECT_PARAMETER_TRANSFER_ENGINEERING_ASSUMPTION,CONDUCTOR_R
LINE:003286,0.1159519890091863,CONDUCTOR_DERIVED_USING_DOCUMENTED_PORTUGUESE_PROJECT_RESISTANCE,PROJECT_PARAMETER_TRANSFER_ENGINEERING_ASSUMPTION,CONDUCTOR_R
LINE:003287,0.1159519890091863,CONDUCTOR_DERIVED_USING_DOCUMENTED_PORTUGUESE_PROJECT_RESISTANCE,PROJECT_PARAMETER_TRANSFER_ENGINEERING_ASSUMPTION,CONDUCTOR_R
LINE:003288,0.1093,CONDUCTOR_DERIVED_USING_DOCUMENTED_PORTUGUESE_PROJECT_RESISTANCE,PROJECT_PARAMETER_TRANSFER_ENGINEERING_ASSUMPTION,CONDUCTOR_R
LINE:003289,0.2220156249999999,CONDUCTOR_DERIVED_USING_DOCUMENTED_PORTUGUESE_PROJECT_RESISTANCE,PROJECT_PARAMETER_TRANSFER_ENGINEERING_ASSUMPTION,CONDUCTOR_R
LINE:003290,0.2220156249999999,CONDUCTOR_DERIVED_USING_DOCUMENTED_PORTUGUESE_PROJECT_RESISTANCE,PROJECT_PARAMETER_TRANSFER_ENGINEERING_ASSUMPTION,CONDUCTOR_R
LINE:003291,0.2220156249999999,CONDUCTOR_DERIVED_USING_DOCUMENTED_PORTUGUESE_PROJECT_RESISTANCE,PROJECT_PARAMETER_TRANSFER_ENGINEERING_ASSUMPTION,CONDUCTOR_R
LINE:003297,0.1624790510100145,CONDUCTOR_DERIVED_USING_DOCUMENTED_PORTUGUESE_PROJECT_RESISTANCE,PROJECT_PARAMETER_TRANSFER_ENGINEERING_ASSUMPTION,CONDUCTOR_R
LINE:003298,0.1624790510100145,CONDUCTOR_DERIVED_USING_DOCUMENTED_PORTUGUESE_PROJECT_RESISTANCE,PROJECT_PARAMETER_TRANSFER_ENGINEERING_ASSUMPTION,CONDUCTOR_R
LINE:003299,0.1624790510100145,CONDUCTOR_DERIVED_USING_DOCUMENTED_PORTUGUESE_PROJECT_RESISTANCE,PROJECT_PARAMETER_TRANSFER_ENGINEERING_ASSUMPTION,CONDUCTOR_R
LINE:003300,0.222015625,CONDUCTOR_DERIVED_USING_DOCUMENTED_PORTUGUESE_PROJECT_RESISTANCE,PROJECT_PARAMETER_TRANSFER_ENGINEERING_ASSUMPTION,CONDUCTOR_R
LINE:003303,0.0755797872340425,CONDUCTOR_DERIVED_USING_DOCUMENTED_PORTUGUESE_PROJECT_RESISTANCE,PROJECT_PARAMETER_TRANSFER_ENGINEERING_ASSUMPTION,CONDUCTOR_R
LINE:003304,0.3228911507656659,CONDUCTOR_DERIVED_USING_DOCUMENTED_PORTUGUESE_PROJECT_RESISTANCE,PROJECT_PARAMETER_TRANSFER_ENGINEERING_ASSUMPTION,CONDUCTOR_R
LINE:003305,0.0755797872340425,CONDUCTOR_DERIVED_USING_DOCUMENTED_PORTUGUESE_PROJECT_RESISTANCE,PROJECT_PARAMETER_TRANSFER_ENGINEERING_ASSUMPTION,CONDUCTOR_R
LINE:003316,0.1093,CONDUCTOR_DERIVED_USING_DOCUMENTED_PORTUGUESE_PROJECT_RESISTANCE,PROJECT_PARAMETER_TRANSFER_ENGINEERING_ASSUMPTION,CONDUCTOR_R
LINE:003318,0.0545037911301859,CONDUCTOR_DERIVED_USING_DOCUMENTED_PORTUGUESE_PROJECT_RESISTANCE,PROJECT_PARAMETER_TRANSFER_ENGINEERING_ASSUMPTION,CONDUCTOR_R
LINE:003319,0.14704265625,CONDUCTOR_DERIVED_USING_DOCUMENTED_PORTUGUESE_PROJECT_RESISTANCE,PROJECT_PARAMETER_TRANSFER_ENGINEERING_ASSUMPTION,CONDUCTOR_R
LINE:003326,0.0765043106252846,CONDUCTOR_DERIVED_USING_DOCUMENTED_PORTUGUESE_PROJECT_RESISTANCE,PROJECT_PARAMETER_TRANSFER_ENGINEERING_ASSUMPTION,CONDUCTOR_R
LINE:003327,0.2217746130136986,CONDUCTOR_DERIVED_USING_DOCUMENTED_PORTUGUESE_PROJECT_RESISTANCE,PROJECT_PARAMETER_TRANSFER_ENGINEERING_ASSUMPTION,CONDUCTOR_R
LINE:003328,0.1108561624829234,CONDUCTOR_DERIVED_USING_DOCUMENTED_PORTUGUESE_PROJECT_RESISTANCE,PROJECT_PARAMETER_TRANSFER_ENGINEERING_ASSUMPTION,CONDUCTOR_R
LINE:003329,0.1412920098418056,CONDUCTOR_DERIVED_USING_DOCUMENTED_PORTUGUESE_PROJECT_RESISTANCE,PROJECT_PARAMETER_TRANSFER_ENGINEERING_ASSUMPTION,CONDUCTOR_R
LINE:003333,0.1091393484848484,CONDUCTOR_DERIVED_USING_DOCUMENTED_PORTUGUESE_PROJECT_RESISTANCE,PROJECT_PARAMETER_TRANSFER_ENGINEERING_ASSUMPTION,CONDUCTOR_R
LINE:003337,0.1412920098418056,CONDUCTOR_DERIVED_USING_DOCUMENTED_PORTUGUESE_PROJECT_RESISTANCE,PROJECT_PARAMETER_TRANSFER_ENGINEERING_ASSUMPTION,CONDUCTOR_R
LINE:003339,0.1412920098418056,CONDUCTOR_DERIVED_USING_DOCUMENTED_PORTUGUESE_PROJECT_RESISTANCE,PROJECT_PARAMETER_TRANSFER_ENGINEERING_ASSUMPTION,CONDUCTOR_R
LINE:003340,0.1453472921785422,CONDUCTOR_DERIVED_USING_DOCUMENTED_PORTUGUESE_PROJECT_RESISTANCE,PROJECT_PARAMETER_TRANSFER_ENGINEERING_ASSUMPTION,CONDUCTOR_R
LINE:003341,0.1453472921785422,CONDUCTOR_DERIVED_USING_DOCUMENTED_PORTUGUESE_PROJECT_RESISTANCE,PROJECT_PARAMETER_TRANSFER_ENGINEERING_ASSUMPTION,CONDUCTOR_R
LINE:003343,0.1093,CONDUCTOR_DERIVED_USING_DOCUMENTED_PORTUGUESE_PROJECT_RESISTANCE,PROJECT_PARAMETER_TRANSFER_ENGINEERING_ASSUMPTION,CONDUCTOR_R
LINE:003345,0.1091393484848484,CONDUCTOR_DERIVED_USING_DOCUMENTED_PORTUGUESE_PROJECT_RESISTANCE,PROJECT_PARAMETER_TRANSFER_ENGINEERING_ASSUMPTION,CONDUCTOR_R
LINE:003346,0.110879817987152,CONDUCTOR_DERIVED_USING_DOCUMENTED_PORTUGUESE_PROJECT_RESISTANCE,PROJECT_PARAMETER_TRANSFER_ENGINEERING_ASSUMPTION,CONDUCTOR_R
LINE:003347,0.1110078125,CONDUCTOR_DERIVED_USING_DOCUMENTED_PORTUGUESE_PROJECT_RESISTANCE,PROJECT_PARAMETER_TRANSFER_ENGINEERING_ASSUMPTION,CONDUCTOR_R
LINE:003348,0.222015625,CONDUCTOR_DERIVED_USING_DOCUMENTED_PORTUGUESE_PROJECT_RESISTANCE,PROJECT_PARAMETER_TRANSFER_ENGINEERING_ASSUMPTION,CONDUCTOR_R
LINE:003352,0.1099649466036414,CONDUCTOR_DERIVED_USING_DOCUMENTED_PORTUGUESE_PROJECT_RESISTANCE,PROJECT_PARAMETER_TRANSFER_ENGINEERING_ASSUMPTION,CONDUCTOR_R
LINE:003353,0.222015625,CONDUCTOR_DERIVED_USING_DOCUMENTED_PORTUGUESE_PROJECT_RESISTANCE,PROJECT_PARAMETER_TRANSFER_ENGINEERING_ASSUMPTION,CONDUCTOR_R
LINE:003358,0.1567488150921444,CONDUCTOR_DERIVED_USING_DOCUMENTED_PORTUGUESE_PROJECT_RESISTANCE,PROJECT_PARAMETER_TRANSFER_ENGINEERING_ASSUMPTION,CONDUCTOR_R
LINE:003366,0.1093,CONDUCTOR_DERIVED_USING_DOCUMENTED_PORTUGUESE_PROJECT_RESISTANCE,PROJECT_PARAMETER_TRANSFER_ENGINEERING_ASSUMPTION,CONDUCTOR_R
LINE:003369,0.0559261119347664,CONDUCTOR_DERIVED_USING_DOCUMENTED_PORTUGUESE_PROJECT_RESISTANCE,PROJECT_PARAMETER_TRANSFER_ENGINEERING_ASSUMPTION,CONDUCTOR_R
LINE:003373,0.1093,CONDUCTOR_DERIVED_USING_DOCUMENTED_PORTUGUESE_PROJECT_RESISTANCE,PROJECT_PARAMETER_TRANSFER_ENGINEERING_ASSUMPTION,CONDUCTOR_R
LINE:003377,0.1093,CONDUCTOR_DERIVED_USING_DOCUMENTED_PORTUGUESE_PROJECT_RESISTANCE,PROJECT_PARAMETER_TRANSFER_ENGINEERING_ASSUMPTION,CONDUCTOR_R
LINE:003379,0.1110078125,CONDUCTOR_DERIVED_USING_DOCUMENTED_PORTUGUESE_PROJECT_RESISTANCE,PROJECT_PARAMETER_TRANSFER_ENGINEERING_ASSUMPTION,CONDUCTOR_R
LINE:003381,0.0993870810659317,CONDUCTOR_DERIVED_USING_DOCUMENTED_PORTUGUESE_PROJECT_RESISTANCE,PROJECT_PARAMETER_TRANSFER_ENGINEERING_ASSUMPTION,CONDUCTOR_R
LINE:003389,0.0559261119347664,CONDUCTOR_DERIVED_USING_DOCUMENTED_PORTUGUESE_PROJECT_RESISTANCE,PROJECT_PARAMETER_TRANSFER_ENGINEERING_ASSUMPTION,CONDUCTOR_R
LINE:003397,0.1093,CONDUCTOR_DERIVED_USING_DOCUMENTED_PORTUGUESE_PROJECT_RESISTANCE,PROJECT_PARAMETER_TRANSFER_ENGINEERING_ASSUMPTION,CONDUCTOR_R
LINE:003406,0.1103667280505952,CONDUCTOR_DERIVED_USING_DOCUMENTED_PORTUGUESE_PROJECT_RESISTANCE,PROJECT_PARAMETER_TRANSFER_ENGINEERING_ASSUMPTION,CONDUCTOR_R
LINE:003407,0.1108561624829234,CONDUCTOR_DERIVED_USING_DOCUMENTED_PORTUGUESE_PROJECT_RESISTANCE,PROJECT_PARAMETER_TRANSFER_ENGINEERING_ASSUMPTION,CONDUCTOR_R
LINE:003413,0.1108561624829234,CONDUCTOR_DERIVED_USING_DOCUMENTED_PORTUGUESE_PROJECT_RESISTANCE,PROJECT_PARAMETER_TRANSFER_ENGINEERING_ASSUMPTION,CONDUCTOR_R
LINE:003414,0.05465,CONDUCTOR_DERIVED_USING_DOCUMENTED_PORTUGUESE_PROJECT_RESISTANCE,PROJECT_PARAMETER_TRANSFER_ENGINEERING_ASSUMPTION,CONDUCTOR_R
LINE:003421,0.047,CONDUCTOR_DERIVED_USING_DOCUMENTED_PORTUGUESE_PROJECT_RESISTANCE,PROJECT_PARAMETER_TRANSFER_ENGINEERING_ASSUMPTION,CONDUCTOR_R
LINE:003423,0.047,CONDUCTOR_DERIVED_USING_DOCUMENTED_PORTUGUESE_PROJECT_RESISTANCE,PROJECT_PARAMETER_TRANSFER_ENGINEERING_ASSUMPTION,CONDUCTOR_R
LINE:003424,0.047,CONDUCTOR_DERIVED_USING_DOCUMENTED_PORTUGUESE_PROJECT_RESISTANCE,PROJECT_PARAMETER_TRANSFER_ENGINEERING_ASSUMPTION,CONDUCTOR_R
LINE:003425,0.047,CONDUCTOR_DERIVED_USING_DOCUMENTED_PORTUGUESE_PROJECT_RESISTANCE,PROJECT_PARAMETER_TRANSFER_ENGINEERING_ASSUMPTION,CONDUCTOR_R
LINE:003426,0.047,CONDUCTOR_DERIVED_USING_DOCUMENTED_PORTUGUESE_PROJECT_RESISTANCE,PROJECT_PARAMETER_TRANSFER_ENGINEERING_ASSUMPTION,CONDUCTOR_R
LINE:003427,0.047,CONDUCTOR_DERIVED_USING_DOCUMENTED_PORTUGUESE_PROJECT_RESISTANCE,PROJECT_PARAMETER_TRANSFER_ENGINEERING_ASSUMPTION,CONDUCTOR_R
LINE:003428,0.047,CONDUCTOR_DERIVED_USING_DOCUMENTED_PORTUGUESE_PROJECT_RESISTANCE,PROJECT_PARAMETER_TRANSFER_ENGINEERING_ASSUMPTION,CONDUCTOR_R
LINE:003429,0.047,CONDUCTOR_DERIVED_USING_DOCUMENTED_PORTUGUESE_PROJECT_RESISTANCE,PROJECT_PARAMETER_TRANSFER_ENGINEERING_ASSUMPTION,CONDUCTOR_R
LINE:003431,0.1093,CONDUCTOR_DERIVED_USING_DOCUMENTED_PORTUGUESE_PROJECT_RESISTANCE,PROJECT_PARAMETER_TRANSFER_ENGINEERING_ASSUMPTION,CONDUCTOR_R
LINE:003435,0.1511595744680851,CONDUCTOR_DERIVED_USING_DOCUMENTED_PORTUGUESE_PROJECT_RESISTANCE,PROJECT_PARAMETER_TRANSFER_ENGINEERING_ASSUMPTION,CONDUCTOR_R
LINE:003438,0.05465,CONDUCTOR_DERIVED_USING_DOCUMENTED_PORTUGUESE_PROJECT_RESISTANCE,PROJECT_PARAMETER_TRANSFER_ENGINEERING_ASSUMPTION,CONDUCTOR_R
LINE:003457,0.047,CONDUCTOR_DERIVED_USING_DOCUMENTED_PORTUGUESE_PROJECT_RESISTANCE,PROJECT_PARAMETER_TRANSFER_ENGINEERING_ASSUMPTION,CONDUCTOR_R
LINE:003459,0.047,CONDUCTOR_DERIVED_USING_DOCUMENTED_PORTUGUESE_PROJECT_RESISTANCE,PROJECT_PARAMETER_TRANSFER_ENGINEERING_ASSUMPTION,CONDUCTOR_R
LINE:003460,0.047,CONDUCTOR_DERIVED_USING_DOCUMENTED_PORTUGUESE_PROJECT_RESISTANCE,PROJECT_PARAMETER_TRANSFER_ENGINEERING_ASSUMPTION,CONDUCTOR_R
LINE:003462,0.0754,CONDUCTOR_DERIVED_USING_DOCUMENTED_PORTUGUESE_PROJECT_RESISTANCE,PROJECT_PARAMETER_TRANSFER_ENGINEERING_ASSUMPTION,CONDUCTOR_R
LINE:003464,0.0595754237288135,CONDUCTOR_DERIVED_USING_DOCUMENTED_PORTUGUESE_PROJECT_RESISTANCE,PROJECT_PARAMETER_TRANSFER_ENGINEERING_ASSUMPTION,CONDUCTOR_R
LINE:003470,0.047,CONDUCTOR_DERIVED_USING_DOCUMENTED_PORTUGUESE_PROJECT_RESISTANCE,PROJECT_PARAMETER_TRANSFER_ENGINEERING_ASSUMPTION,CONDUCTOR_R
LINE:003476,0.128498015037594,CONDUCTOR_DERIVED_USING_DOCUMENTED_PORTUGUESE_PROJECT_RESISTANCE,PROJECT_PARAMETER_TRANSFER_ENGINEERING_ASSUMPTION,CONDUCTOR_R
LINE:003480,0.128498015037594,CONDUCTOR_DERIVED_USING_DOCUMENTED_PORTUGUESE_PROJECT_RESISTANCE,PROJECT_PARAMETER_TRANSFER_ENGINEERING_ASSUMPTION,CONDUCTOR_R
LINE:003481,0.1361592697740442,CONDUCTOR_DERIVED_USING_DOCUMENTED_PORTUGUESE_PROJECT_RESISTANCE,PROJECT_PARAMETER_TRANSFER_ENGINEERING_ASSUMPTION,CONDUCTOR_R
LINE:003482,0.1361592697740442,CONDUCTOR_DERIVED_USING_DOCUMENTED_PORTUGUESE_PROJECT_RESISTANCE,PROJECT_PARAMETER_TRANSFER_ENGINEERING_ASSUMPTION,CONDUCTOR_R
LINE:003483,0.05465,CONDUCTOR_DERIVED_USING_DOCUMENTED_PORTUGUESE_PROJECT_RESISTANCE,PROJECT_PARAMETER_TRANSFER_ENGINEERING_ASSUMPTION,CONDUCTOR_R
LINE:003485,0.1093,CONDUCTOR_DERIVED_USING_DOCUMENTED_PORTUGUESE_PROJECT_RESISTANCE,PROJECT_PARAMETER_TRANSFER_ENGINEERING_ASSUMPTION,CONDUCTOR_R
LINE:003486,0.1093,CONDUCTOR_DERIVED_USING_DOCUMENTED_PORTUGUESE_PROJECT_RESISTANCE,PROJECT_PARAMETER_TRANSFER_ENGINEERING_ASSUMPTION,CONDUCTOR_R
LINE:003488,0.1110078125,CONDUCTOR_DERIVED_USING_DOCUMENTED_PORTUGUESE_PROJECT_RESISTANCE,PROJECT_PARAMETER_TRANSFER_ENGINEERING_ASSUMPTION,CONDUCTOR_R
LINE:003489,0.1093,CONDUCTOR_DERIVED_USING_DOCUMENTED_PORTUGUESE_PROJECT_RESISTANCE,PROJECT_PARAMETER_TRANSFER_ENGINEERING_ASSUMPTION,CONDUCTOR_R
LINE:003493,0.1093,CONDUCTOR_DERIVED_USING_DOCUMENTED_PORTUGUESE_PROJECT_RESISTANCE,PROJECT_PARAMETER_TRANSFER_ENGINEERING_ASSUMPTION,CONDUCTOR_R
LINE:003515,0.1093,CONDUCTOR_DERIVED_USING_DOCUMENTED_PORTUGUESE_PROJECT_RESISTANCE,PROJECT_PARAMETER_TRANSFER_ENGINEERING_ASSUMPTION,CONDUCTOR_R
LINE:003516,0.0754,CONDUCTOR_DERIVED_USING_DOCUMENTED_PORTUGUESE_PROJECT_RESISTANCE,PROJECT_PARAMETER_TRANSFER_ENGINEERING_ASSUMPTION,CONDUCTOR_R
LINE:003518,0.1005884658454647,CONDUCTOR_DERIVED_USING_DOCUMENTED_PORTUGUESE_PROJECT_RESISTANCE,PROJECT_PARAMETER_TRANSFER_ENGINEERING_ASSUMPTION,CONDUCTOR_R
LINE:003525,0.1520021849849094,CONDUCTOR_DERIVED_USING_DOCUMENTED_PORTUGUESE_PROJECT_RESISTANCE,PROJECT_PARAMETER_TRANSFER_ENGINEERING_ASSUMPTION,CONDUCTOR_R
LINE:003526,0.1093,CONDUCTOR_DERIVED_USING_DOCUMENTED_PORTUGUESE_PROJECT_RESISTANCE,PROJECT_PARAMETER_TRANSFER_ENGINEERING_ASSUMPTION,CONDUCTOR_R
LINE:003527,0.1093,CONDUCTOR_DERIVED_USING_DOCUMENTED_PORTUGUESE_PROJECT_RESISTANCE,PROJECT_PARAMETER_TRANSFER_ENGINEERING_ASSUMPTION,CONDUCTOR_R
LINE:003529,0.1667812775633958,CONDUCTOR_DERIVED_USING_DOCUMENTED_PORTUGUESE_PROJECT_RESISTANCE,PROJECT_PARAMETER_TRANSFER_ENGINEERING_ASSUMPTION,CONDUCTOR_R
LINE:003537,0.222015625,CONDUCTOR_DERIVED_USING_DOCUMENTED_PORTUGUESE_PROJECT_RESISTANCE,PROJECT_PARAMETER_TRANSFER_ENGINEERING_ASSUMPTION,CONDUCTOR_R
LINE:003538,0.222015625,CONDUCTOR_DERIVED_USING_DOCUMENTED_PORTUGUESE_PROJECT_RESISTANCE,PROJECT_PARAMETER_TRANSFER_ENGINEERING_ASSUMPTION,CONDUCTOR_R
LINE:003544,0.222015625,CONDUCTOR_DERIVED_USING_DOCUMENTED_PORTUGUESE_PROJECT_RESISTANCE,PROJECT_PARAMETER_TRANSFER_ENGINEERING_ASSUMPTION,CONDUCTOR_R
LINE:003551,0.1082951612903225,CONDUCTOR_DERIVED_USING_DOCUMENTED_PORTUGUESE_PROJECT_RESISTANCE,PROJECT_PARAMETER_TRANSFER_ENGINEERING_ASSUMPTION,CONDUCTOR_R
LINE:003552,0.1082951612903225,CONDUCTOR_DERIVED_USING_DOCUMENTED_PORTUGUESE_PROJECT_RESISTANCE,PROJECT_PARAMETER_TRANSFER_ENGINEERING_ASSUMPTION,CONDUCTOR_R
LINE:003553,0.1099649466036414,CONDUCTOR_DERIVED_USING_DOCUMENTED_PORTUGUESE_PROJECT_RESISTANCE,PROJECT_PARAMETER_TRANSFER_ENGINEERING_ASSUMPTION,CONDUCTOR_R
LINE:003556,0.1084484504369825,CONDUCTOR_DERIVED_USING_DOCUMENTED_PORTUGUESE_PROJECT_RESISTANCE,PROJECT_PARAMETER_TRANSFER_ENGINEERING_ASSUMPTION,CONDUCTOR_R
LINE:003561,0.1093,CONDUCTOR_DERIVED_USING_DOCUMENTED_PORTUGUESE_PROJECT_RESISTANCE,PROJECT_PARAMETER_TRANSFER_ENGINEERING_ASSUMPTION,CONDUCTOR_R
LINE:003562,0.1093,CONDUCTOR_DERIVED_USING_DOCUMENTED_PORTUGUESE_PROJECT_RESISTANCE,PROJECT_PARAMETER_TRANSFER_ENGINEERING_ASSUMPTION,CONDUCTOR_R
LINE:003563,0.1093,CONDUCTOR_DERIVED_USING_DOCUMENTED_PORTUGUESE_PROJECT_RESISTANCE,PROJECT_PARAMETER_TRANSFER_ENGINEERING_ASSUMPTION,CONDUCTOR_R
LINE:003564,0.1093,CONDUCTOR_DERIVED_USING_DOCUMENTED_PORTUGUESE_PROJECT_RESISTANCE,PROJECT_PARAMETER_TRANSFER_ENGINEERING_ASSUMPTION,CONDUCTOR_R
LINE:003566,0.1089501635768811,CONDUCTOR_DERIVED_USING_DOCUMENTED_PORTUGUESE_PROJECT_RESISTANCE,PROJECT_PARAMETER_TRANSFER_ENGINEERING_ASSUMPTION,CONDUCTOR_R
LINE:003567,0.1089501635768811,CONDUCTOR_DERIVED_USING_DOCUMENTED_PORTUGUESE_PROJECT_RESISTANCE,PROJECT_PARAMETER_TRANSFER_ENGINEERING_ASSUMPTION,CONDUCTOR_R
LINE:003569,0.2029857142857143,CONDUCTOR_DERIVED_USING_DOCUMENTED_PORTUGUESE_PROJECT_RESISTANCE,PROJECT_PARAMETER_TRANSFER_ENGINEERING_ASSUMPTION,CONDUCTOR_R
LINE:003575,0.1093,CONDUCTOR_DERIVED_USING_DOCUMENTED_PORTUGUESE_PROJECT_RESISTANCE,PROJECT_PARAMETER_TRANSFER_ENGINEERING_ASSUMPTION,CONDUCTOR_R
LINE:003576,0.1093,CONDUCTOR_DERIVED_USING_DOCUMENTED_PORTUGUESE_PROJECT_RESISTANCE,PROJECT_PARAMETER_TRANSFER_ENGINEERING_ASSUMPTION,CONDUCTOR_R
LINE:003577,0.1093,CONDUCTOR_DERIVED_USING_DOCUMENTED_PORTUGUESE_PROJECT_RESISTANCE,PROJECT_PARAMETER_TRANSFER_ENGINEERING_ASSUMPTION,CONDUCTOR_R
LINE:003578,0.1093,CONDUCTOR_DERIVED_USING_DOCUMENTED_PORTUGUESE_PROJECT_RESISTANCE,PROJECT_PARAMETER_TRANSFER_ENGINEERING_ASSUMPTION,CONDUCTOR_R
LINE:003582,0.1093,CONDUCTOR_DERIVED_USING_DOCUMENTED_PORTUGUESE_PROJECT_RESISTANCE,PROJECT_PARAMETER_TRANSFER_ENGINEERING_ASSUMPTION,CONDUCTOR_R
LINE:003583,0.222015625,CONDUCTOR_DERIVED_USING_DOCUMENTED_PORTUGUESE_PROJECT_RESISTANCE,PROJECT_PARAMETER_TRANSFER_ENGINEERING_ASSUMPTION,CONDUCTOR_R
LINE:003586,0.0607053475935828,CONDUCTOR_DERIVED_USING_DOCUMENTED_PORTUGUESE_PROJECT_RESISTANCE,PROJECT_PARAMETER_TRANSFER_ENGINEERING_ASSUMPTION,CONDUCTOR_R
LINE:003587,0.1110078125,CONDUCTOR_DERIVED_USING_DOCUMENTED_PORTUGUESE_PROJECT_RESISTANCE,PROJECT_PARAMETER_TRANSFER_ENGINEERING_ASSUMPTION,CONDUCTOR_R
LINE:003591,0.1990419861337683,CONDUCTOR_DERIVED_USING_DOCUMENTED_PORTUGUESE_PROJECT_RESISTANCE,PROJECT_PARAMETER_TRANSFER_ENGINEERING_ASSUMPTION,CONDUCTOR_R
LINE:003592,0.05465,CONDUCTOR_DERIVED_USING_DOCUMENTED_PORTUGUESE_PROJECT_RESISTANCE,PROJECT_PARAMETER_TRANSFER_ENGINEERING_ASSUMPTION,CONDUCTOR_R
LINE:003593,0.05465,CONDUCTOR_DERIVED_USING_DOCUMENTED_PORTUGUESE_PROJECT_RESISTANCE,PROJECT_PARAMETER_TRANSFER_ENGINEERING_ASSUMPTION,CONDUCTOR_R
LINE:003597,0.222015625,CONDUCTOR_DERIVED_USING_DOCUMENTED_PORTUGUESE_PROJECT_RESISTANCE,PROJECT_PARAMETER_TRANSFER_ENGINEERING_ASSUMPTION,CONDUCTOR_R
LINE:003602,0.222015625,CONDUCTOR_DERIVED_USING_DOCUMENTED_PORTUGUESE_PROJECT_RESISTANCE,PROJECT_PARAMETER_TRANSFER_ENGINEERING_ASSUMPTION,CONDUCTOR_R
LINE:003610,0.163789854751461,CONDUCTOR_DERIVED_USING_DOCUMENTED_PORTUGUESE_PROJECT_RESISTANCE,PROJECT_PARAMETER_TRANSFER_ENGINEERING_ASSUMPTION,CONDUCTOR_R
LINE:003611,0.163789854751461,CONDUCTOR_DERIVED_USING_DOCUMENTED_PORTUGUESE_PROJECT_RESISTANCE,PROJECT_PARAMETER_TRANSFER_ENGINEERING_ASSUMPTION,CONDUCTOR_R
LINE:003612,0.163789854751461,CONDUCTOR_DERIVED_USING_DOCUMENTED_PORTUGUESE_PROJECT_RESISTANCE,PROJECT_PARAMETER_TRANSFER_ENGINEERING_ASSUMPTION,CONDUCTOR_R
LINE:003613,0.2213321022727272,CONDUCTOR_DERIVED_USING_DOCUMENTED_PORTUGUESE_PROJECT_RESISTANCE,PROJECT_PARAMETER_TRANSFER_ENGINEERING_ASSUMPTION,CONDUCTOR_R
LINE:003625,0.0888062499999999,CONDUCTOR_DERIVED_USING_DOCUMENTED_PORTUGUESE_PROJECT_RESISTANCE,PROJECT_PARAMETER_TRANSFER_ENGINEERING_ASSUMPTION,CONDUCTOR_R
LINE:003626,0.0888062499999999,CONDUCTOR_DERIVED_USING_DOCUMENTED_PORTUGUESE_PROJECT_RESISTANCE,PROJECT_PARAMETER_TRANSFER_ENGINEERING_ASSUMPTION,CONDUCTOR_R
LINE:003629,0.0888062499999999,CONDUCTOR_DERIVED_USING_DOCUMENTED_PORTUGUESE_PROJECT_RESISTANCE,PROJECT_PARAMETER_TRANSFER_ENGINEERING_ASSUMPTION,CONDUCTOR_R
LINE:003632,0.0886263003355704,CONDUCTOR_DERIVED_USING_DOCUMENTED_PORTUGUESE_PROJECT_RESISTANCE,PROJECT_PARAMETER_TRANSFER_ENGINEERING_ASSUMPTION,CONDUCTOR_R
LINE:003634,0.1108449833702882,CONDUCTOR_DERIVED_USING_DOCUMENTED_PORTUGUESE_PROJECT_RESISTANCE,PROJECT_PARAMETER_TRANSFER_ENGINEERING_ASSUMPTION,CONDUCTOR_R
LINE:003638,0.1110078125,CONDUCTOR_DERIVED_USING_DOCUMENTED_PORTUGUESE_PROJECT_RESISTANCE,PROJECT_PARAMETER_TRANSFER_ENGINEERING_ASSUMPTION,CONDUCTOR_R
LINE:003643,0.08880625,CONDUCTOR_DERIVED_USING_DOCUMENTED_PORTUGUESE_PROJECT_RESISTANCE,PROJECT_PARAMETER_TRANSFER_ENGINEERING_ASSUMPTION,CONDUCTOR_R
LINE:003644,0.08880625,CONDUCTOR_DERIVED_USING_DOCUMENTED_PORTUGUESE_PROJECT_RESISTANCE,PROJECT_PARAMETER_TRANSFER_ENGINEERING_ASSUMPTION,CONDUCTOR_R
LINE:003645,0.08880625,CONDUCTOR_DERIVED_USING_DOCUMENTED_PORTUGUESE_PROJECT_RESISTANCE,PROJECT_PARAMETER_TRANSFER_ENGINEERING_ASSUMPTION,CONDUCTOR_R
LINE:003646,0.08880625,CONDUCTOR_DERIVED_USING_DOCUMENTED_PORTUGUESE_PROJECT_RESISTANCE,PROJECT_PARAMETER_TRANSFER_ENGINEERING_ASSUMPTION,CONDUCTOR_R
LINE:003654,0.1095673847853535,CONDUCTOR_DERIVED_USING_DOCUMENTED_PORTUGUESE_PROJECT_RESISTANCE,PROJECT_PARAMETER_TRANSFER_ENGINEERING_ASSUMPTION,CONDUCTOR_R
LINE:003655,0.222015625,CONDUCTOR_DERIVED_USING_DOCUMENTED_PORTUGUESE_PROJECT_RESISTANCE,PROJECT_PARAMETER_TRANSFER_ENGINEERING_ASSUMPTION,CONDUCTOR_R
LINE:003657,0.222015625,CONDUCTOR_DERIVED_USING_DOCUMENTED_PORTUGUESE_PROJECT_RESISTANCE,PROJECT_PARAMETER_TRANSFER_ENGINEERING_ASSUMPTION,CONDUCTOR_R
LINE:003659,0.222015625,CONDUCTOR_DERIVED_USING_DOCUMENTED_PORTUGUESE_PROJECT_RESISTANCE,PROJECT_PARAMETER_TRANSFER_ENGINEERING_ASSUMPTION,CONDUCTOR_R
LINE:003660,0.0987394451530612,CONDUCTOR_DERIVED_USING_DOCUMENTED_PORTUGUESE_PROJECT_RESISTANCE,PROJECT_PARAMETER_TRANSFER_ENGINEERING_ASSUMPTION,CONDUCTOR_R
LINE:003662,0.222015625,CONDUCTOR_DERIVED_USING_DOCUMENTED_PORTUGUESE_PROJECT_RESISTANCE,PROJECT_PARAMETER_TRANSFER_ENGINEERING_ASSUMPTION,CONDUCTOR_R
LINE:003670,0.0754,CONDUCTOR_DERIVED_USING_DOCUMENTED_PORTUGUESE_PROJECT_RESISTANCE,PROJECT_PARAMETER_TRANSFER_ENGINEERING_ASSUMPTION,CONDUCTOR_R
LINE:003671,0.0754,CONDUCTOR_DERIVED_USING_DOCUMENTED_PORTUGUESE_PROJECT_RESISTANCE,PROJECT_PARAMETER_TRANSFER_ENGINEERING_ASSUMPTION,CONDUCTOR_R
LINE:003676,0.0754,CONDUCTOR_DERIVED_USING_DOCUMENTED_PORTUGUESE_PROJECT_RESISTANCE,PROJECT_PARAMETER_TRANSFER_ENGINEERING_ASSUMPTION,CONDUCTOR_R
LINE:003677,0.0754,CONDUCTOR_DERIVED_USING_DOCUMENTED_PORTUGUESE_PROJECT_RESISTANCE,PROJECT_PARAMETER_TRANSFER_ENGINEERING_ASSUMPTION,CONDUCTOR_R
LINE:003693,0.0754,CONDUCTOR_DERIVED_USING_DOCUMENTED_PORTUGUESE_PROJECT_RESISTANCE,PROJECT_PARAMETER_TRANSFER_ENGINEERING_ASSUMPTION,CONDUCTOR_R
LINE:003694,0.0754,CONDUCTOR_DERIVED_USING_DOCUMENTED_PORTUGUESE_PROJECT_RESISTANCE,PROJECT_PARAMETER_TRANSFER_ENGINEERING_ASSUMPTION,CONDUCTOR_R
LINE:003695,0.0754,CONDUCTOR_DERIVED_USING_DOCUMENTED_PORTUGUESE_PROJECT_RESISTANCE,PROJECT_PARAMETER_TRANSFER_ENGINEERING_ASSUMPTION,CONDUCTOR_R
LINE:003707,0.2144148149727148,CONDUCTOR_DERIVED_USING_DOCUMENTED_PORTUGUESE_PROJECT_RESISTANCE,PROJECT_PARAMETER_TRANSFER_ENGINEERING_ASSUMPTION,CONDUCTOR_R
LINE:003716,0.2188283288043478,CONDUCTOR_DERIVED_USING_DOCUMENTED_PORTUGUESE_PROJECT_RESISTANCE,PROJECT_PARAMETER_TRANSFER_ENGINEERING_ASSUMPTION,CONDUCTOR_R
LINE:003717,0.1667812775633958,CONDUCTOR_DERIVED_USING_DOCUMENTED_PORTUGUESE_PROJECT_RESISTANCE,PROJECT_PARAMETER_TRANSFER_ENGINEERING_ASSUMPTION,CONDUCTOR_R
LINE:003718,0.1667812775633958,CONDUCTOR_DERIVED_USING_DOCUMENTED_PORTUGUESE_PROJECT_RESISTANCE,PROJECT_PARAMETER_TRANSFER_ENGINEERING_ASSUMPTION,CONDUCTOR_R
LINE:003719,0.2400168918918919,CONDUCTOR_DERIVED_USING_DOCUMENTED_PORTUGUESE_PROJECT_RESISTANCE,PROJECT_PARAMETER_TRANSFER_ENGINEERING_ASSUMPTION,CONDUCTOR_R
LINE:003721,0.2029857142857143,CONDUCTOR_DERIVED_USING_DOCUMENTED_PORTUGUESE_PROJECT_RESISTANCE,PROJECT_PARAMETER_TRANSFER_ENGINEERING_ASSUMPTION,CONDUCTOR_R
LINE:003722,0.2029857142857143,CONDUCTOR_DERIVED_USING_DOCUMENTED_PORTUGUESE_PROJECT_RESISTANCE,PROJECT_PARAMETER_TRANSFER_ENGINEERING_ASSUMPTION,CONDUCTOR_R
LINE:003726,0.2029857142857143,CONDUCTOR_DERIVED_USING_DOCUMENTED_PORTUGUESE_PROJECT_RESISTANCE,PROJECT_PARAMETER_TRANSFER_ENGINEERING_ASSUMPTION,CONDUCTOR_R
LINE:003732,0.1093,CONDUCTOR_DERIVED_USING_DOCUMENTED_PORTUGUESE_PROJECT_RESISTANCE,PROJECT_PARAMETER_TRANSFER_ENGINEERING_ASSUMPTION,CONDUCTOR_R
LINE:003735,0.2188283288043478,CONDUCTOR_DERIVED_USING_DOCUMENTED_PORTUGUESE_PROJECT_RESISTANCE,PROJECT_PARAMETER_TRANSFER_ENGINEERING_ASSUMPTION,CONDUCTOR_R
LINE:003737,0.1093,CONDUCTOR_DERIVED_USING_DOCUMENTED_PORTUGUESE_PROJECT_RESISTANCE,PROJECT_PARAMETER_TRANSFER_ENGINEERING_ASSUMPTION,CONDUCTOR_R
LINE:003738,0.1093,CONDUCTOR_DERIVED_USING_DOCUMENTED_PORTUGUESE_PROJECT_RESISTANCE,PROJECT_PARAMETER_TRANSFER_ENGINEERING_ASSUMPTION,CONDUCTOR_R
LINE:003741,0.1093,CONDUCTOR_DERIVED_USING_DOCUMENTED_PORTUGUESE_PROJECT_RESISTANCE,PROJECT_PARAMETER_TRANSFER_ENGINEERING_ASSUMPTION,CONDUCTOR_R
LINE:003746,0.1093,CONDUCTOR_DERIVED_USING_DOCUMENTED_PORTUGUESE_PROJECT_RESISTANCE,PROJECT_PARAMETER_TRANSFER_ENGINEERING_ASSUMPTION,CONDUCTOR_R
LINE:003747,0.1093,CONDUCTOR_DERIVED_USING_DOCUMENTED_PORTUGUESE_PROJECT_RESISTANCE,PROJECT_PARAMETER_TRANSFER_ENGINEERING_ASSUMPTION,CONDUCTOR_R
LINE:003748,0.1093,CONDUCTOR_DERIVED_USING_DOCUMENTED_PORTUGUESE_PROJECT_RESISTANCE,PROJECT_PARAMETER_TRANSFER_ENGINEERING_ASSUMPTION,CONDUCTOR_R
LINE:003763,0.1093,CONDUCTOR_DERIVED_USING_DOCUMENTED_PORTUGUESE_PROJECT_RESISTANCE,PROJECT_PARAMETER_TRANSFER_ENGINEERING_ASSUMPTION,CONDUCTOR_R
LINE:003766,0.1091043425225665,CONDUCTOR_DERIVED_USING_DOCUMENTED_PORTUGUESE_PROJECT_RESISTANCE,PROJECT_PARAMETER_TRANSFER_ENGINEERING_ASSUMPTION,CONDUCTOR_R
LINE:003767,0.1093,CONDUCTOR_DERIVED_USING_DOCUMENTED_PORTUGUESE_PROJECT_RESISTANCE,PROJECT_PARAMETER_TRANSFER_ENGINEERING_ASSUMPTION,CONDUCTOR_R
LINE:003773,0.1934453450520833,CONDUCTOR_DERIVED_USING_DOCUMENTED_PORTUGUESE_PROJECT_RESISTANCE,PROJECT_PARAMETER_TRANSFER_ENGINEERING_ASSUMPTION,CONDUCTOR_R
LINE:003777,0.05465,CONDUCTOR_DERIVED_USING_DOCUMENTED_PORTUGUESE_PROJECT_RESISTANCE,PROJECT_PARAMETER_TRANSFER_ENGINEERING_ASSUMPTION,CONDUCTOR_R
LINE:003778,0.2599710316918243,CONDUCTOR_DERIVED_USING_DOCUMENTED_PORTUGUESE_PROJECT_RESISTANCE,PROJECT_PARAMETER_TRANSFER_ENGINEERING_ASSUMPTION,CONDUCTOR_R
LINE:003779,0.2599710316918243,CONDUCTOR_DERIVED_USING_DOCUMENTED_PORTUGUESE_PROJECT_RESISTANCE,PROJECT_PARAMETER_TRANSFER_ENGINEERING_ASSUMPTION,CONDUCTOR_R
LINE:003781,0.1093,CONDUCTOR_DERIVED_USING_DOCUMENTED_PORTUGUESE_PROJECT_RESISTANCE,PROJECT_PARAMETER_TRANSFER_ENGINEERING_ASSUMPTION,CONDUCTOR_R
LINE:003783,0.1511595744680851,CONDUCTOR_DERIVED_USING_DOCUMENTED_PORTUGUESE_PROJECT_RESISTANCE,PROJECT_PARAMETER_TRANSFER_ENGINEERING_ASSUMPTION,CONDUCTOR_R
LINE:003792,0.1934453450520833,CONDUCTOR_DERIVED_USING_DOCUMENTED_PORTUGUESE_PROJECT_RESISTANCE,PROJECT_PARAMETER_TRANSFER_ENGINEERING_ASSUMPTION,CONDUCTOR_R
LINE:003796,0.08880625,CONDUCTOR_DERIVED_USING_DOCUMENTED_PORTUGUESE_PROJECT_RESISTANCE,PROJECT_PARAMETER_TRANSFER_ENGINEERING_ASSUMPTION,CONDUCTOR_R
LINE:003797,0.05465,CONDUCTOR_DERIVED_USING_DOCUMENTED_PORTUGUESE_PROJECT_RESISTANCE,PROJECT_PARAMETER_TRANSFER_ENGINEERING_ASSUMPTION,CONDUCTOR_R
LINE:003801,0.0888062499999999,CONDUCTOR_DERIVED_USING_DOCUMENTED_PORTUGUESE_PROJECT_RESISTANCE,PROJECT_PARAMETER_TRANSFER_ENGINEERING_ASSUMPTION,CONDUCTOR_R
LINE:003802,0.0888062499999999,CONDUCTOR_DERIVED_USING_DOCUMENTED_PORTUGUESE_PROJECT_RESISTANCE,PROJECT_PARAMETER_TRANSFER_ENGINEERING_ASSUMPTION,CONDUCTOR_R
LINE:003803,0.0888062499999999,CONDUCTOR_DERIVED_USING_DOCUMENTED_PORTUGUESE_PROJECT_RESISTANCE,PROJECT_PARAMETER_TRANSFER_ENGINEERING_ASSUMPTION,CONDUCTOR_R
LINE:003804,0.08880625,CONDUCTOR_DERIVED_USING_DOCUMENTED_PORTUGUESE_PROJECT_RESISTANCE,PROJECT_PARAMETER_TRANSFER_ENGINEERING_ASSUMPTION,CONDUCTOR_R
LINE:003805,0.08880625,CONDUCTOR_DERIVED_USING_DOCUMENTED_PORTUGUESE_PROJECT_RESISTANCE,PROJECT_PARAMETER_TRANSFER_ENGINEERING_ASSUMPTION,CONDUCTOR_R
LINE:003806,0.08880625,CONDUCTOR_DERIVED_USING_DOCUMENTED_PORTUGUESE_PROJECT_RESISTANCE,PROJECT_PARAMETER_TRANSFER_ENGINEERING_ASSUMPTION,CONDUCTOR_R
LINE:003808,0.0886263003355704,CONDUCTOR_DERIVED_USING_DOCUMENTED_PORTUGUESE_PROJECT_RESISTANCE,PROJECT_PARAMETER_TRANSFER_ENGINEERING_ASSUMPTION,CONDUCTOR_R
LINE:003809,0.0886263003355704,CONDUCTOR_DERIVED_USING_DOCUMENTED_PORTUGUESE_PROJECT_RESISTANCE,PROJECT_PARAMETER_TRANSFER_ENGINEERING_ASSUMPTION,CONDUCTOR_R
LINE:003810,0.0886263003355704,CONDUCTOR_DERIVED_USING_DOCUMENTED_PORTUGUESE_PROJECT_RESISTANCE,PROJECT_PARAMETER_TRANSFER_ENGINEERING_ASSUMPTION,CONDUCTOR_R
LINE:003811,0.0886263003355704,CONDUCTOR_DERIVED_USING_DOCUMENTED_PORTUGUESE_PROJECT_RESISTANCE,PROJECT_PARAMETER_TRANSFER_ENGINEERING_ASSUMPTION,CONDUCTOR_R
LINE:003812,0.0886263003355704,CONDUCTOR_DERIVED_USING_DOCUMENTED_PORTUGUESE_PROJECT_RESISTANCE,PROJECT_PARAMETER_TRANSFER_ENGINEERING_ASSUMPTION,CONDUCTOR_R
LINE:003813,0.0886263003355704,CONDUCTOR_DERIVED_USING_DOCUMENTED_PORTUGUESE_PROJECT_RESISTANCE,PROJECT_PARAMETER_TRANSFER_ENGINEERING_ASSUMPTION,CONDUCTOR_R
LINE:003814,0.0886263003355704,CONDUCTOR_DERIVED_USING_DOCUMENTED_PORTUGUESE_PROJECT_RESISTANCE,PROJECT_PARAMETER_TRANSFER_ENGINEERING_ASSUMPTION,CONDUCTOR_R
LINE:003815,0.0886263003355704,CONDUCTOR_DERIVED_USING_DOCUMENTED_PORTUGUESE_PROJECT_RESISTANCE,PROJECT_PARAMETER_TRANSFER_ENGINEERING_ASSUMPTION,CONDUCTOR_R
LINE:003816,0.08880625,CONDUCTOR_DERIVED_USING_DOCUMENTED_PORTUGUESE_PROJECT_RESISTANCE,PROJECT_PARAMETER_TRANSFER_ENGINEERING_ASSUMPTION,CONDUCTOR_R
LINE:003817,0.1108449833702882,CONDUCTOR_DERIVED_USING_DOCUMENTED_PORTUGUESE_PROJECT_RESISTANCE,PROJECT_PARAMETER_TRANSFER_ENGINEERING_ASSUMPTION,CONDUCTOR_R
LINE:003819,0.1093,CONDUCTOR_DERIVED_USING_DOCUMENTED_PORTUGUESE_PROJECT_RESISTANCE,PROJECT_PARAMETER_TRANSFER_ENGINEERING_ASSUMPTION,CONDUCTOR_R
LINE:003820,0.1228465291881477,CONDUCTOR_DERIVED_USING_DOCUMENTED_PORTUGUESE_PROJECT_RESISTANCE,PROJECT_PARAMETER_TRANSFER_ENGINEERING_ASSUMPTION,CONDUCTOR_R
LINE:003821,0.1228465291881477,CONDUCTOR_DERIVED_USING_DOCUMENTED_PORTUGUESE_PROJECT_RESISTANCE,PROJECT_PARAMETER_TRANSFER_ENGINEERING_ASSUMPTION,CONDUCTOR_R
LINE:003835,0.08880625,CONDUCTOR_DERIVED_USING_DOCUMENTED_PORTUGUESE_PROJECT_RESISTANCE,PROJECT_PARAMETER_TRANSFER_ENGINEERING_ASSUMPTION,CONDUCTOR_R
LINE:003836,0.08880625,CONDUCTOR_DERIVED_USING_DOCUMENTED_PORTUGUESE_PROJECT_RESISTANCE,PROJECT_PARAMETER_TRANSFER_ENGINEERING_ASSUMPTION,CONDUCTOR_R
LINE:003841,0.1093,CONDUCTOR_DERIVED_USING_DOCUMENTED_PORTUGUESE_PROJECT_RESISTANCE,PROJECT_PARAMETER_TRANSFER_ENGINEERING_ASSUMPTION,CONDUCTOR_R
LINE:003842,0.1093,CONDUCTOR_DERIVED_USING_DOCUMENTED_PORTUGUESE_PROJECT_RESISTANCE,PROJECT_PARAMETER_TRANSFER_ENGINEERING_ASSUMPTION,CONDUCTOR_R
LINE:003843,0.1093,CONDUCTOR_DERIVED_USING_DOCUMENTED_PORTUGUESE_PROJECT_RESISTANCE,PROJECT_PARAMETER_TRANSFER_ENGINEERING_ASSUMPTION,CONDUCTOR_R
LINE:003850,0.1876636663866829,CONDUCTOR_DERIVED_USING_DOCUMENTED_PORTUGUESE_PROJECT_RESISTANCE,PROJECT_PARAMETER_TRANSFER_ENGINEERING_ASSUMPTION,CONDUCTOR_R
LINE:003852,0.1093,CONDUCTOR_DERIVED_USING_DOCUMENTED_PORTUGUESE_PROJECT_RESISTANCE,PROJECT_PARAMETER_TRANSFER_ENGINEERING_ASSUMPTION,CONDUCTOR_R
LINE:003855,0.222015625,CONDUCTOR_DERIVED_USING_DOCUMENTED_PORTUGUESE_PROJECT_RESISTANCE,PROJECT_PARAMETER_TRANSFER_ENGINEERING_ASSUMPTION,CONDUCTOR_R
LINE:003859,0.1095673847853535,CONDUCTOR_DERIVED_USING_DOCUMENTED_PORTUGUESE_PROJECT_RESISTANCE,PROJECT_PARAMETER_TRANSFER_ENGINEERING_ASSUMPTION,CONDUCTOR_R
LINE:003860,0.222015625,CONDUCTOR_DERIVED_USING_DOCUMENTED_PORTUGUESE_PROJECT_RESISTANCE,PROJECT_PARAMETER_TRANSFER_ENGINEERING_ASSUMPTION,CONDUCTOR_R
LINE:003861,0.11093412048274,CONDUCTOR_DERIVED_USING_DOCUMENTED_PORTUGUESE_PROJECT_RESISTANCE,PROJECT_PARAMETER_TRANSFER_ENGINEERING_ASSUMPTION,CONDUCTOR_R
LINE:003862,0.222015625,CONDUCTOR_DERIVED_USING_DOCUMENTED_PORTUGUESE_PROJECT_RESISTANCE,PROJECT_PARAMETER_TRANSFER_ENGINEERING_ASSUMPTION,CONDUCTOR_R
LINE:003863,0.222015625,CONDUCTOR_DERIVED_USING_DOCUMENTED_PORTUGUESE_PROJECT_RESISTANCE,PROJECT_PARAMETER_TRANSFER_ENGINEERING_ASSUMPTION,CONDUCTOR_R
LINE:003864,0.222015625,CONDUCTOR_DERIVED_USING_DOCUMENTED_PORTUGUESE_PROJECT_RESISTANCE,PROJECT_PARAMETER_TRANSFER_ENGINEERING_ASSUMPTION,CONDUCTOR_R
LINE:003865,0.1093,CONDUCTOR_DERIVED_USING_DOCUMENTED_PORTUGUESE_PROJECT_RESISTANCE,PROJECT_PARAMETER_TRANSFER_ENGINEERING_ASSUMPTION,CONDUCTOR_R
LINE:003869,0.222015625,CONDUCTOR_DERIVED_USING_DOCUMENTED_PORTUGUESE_PROJECT_RESISTANCE,PROJECT_PARAMETER_TRANSFER_ENGINEERING_ASSUMPTION,CONDUCTOR_R
LINE:003871,0.0754,CONDUCTOR_DERIVED_USING_DOCUMENTED_PORTUGUESE_PROJECT_RESISTANCE,PROJECT_PARAMETER_TRANSFER_ENGINEERING_ASSUMPTION,CONDUCTOR_R
LINE:003882,0.0754,CONDUCTOR_DERIVED_USING_DOCUMENTED_PORTUGUESE_PROJECT_RESISTANCE,PROJECT_PARAMETER_TRANSFER_ENGINEERING_ASSUMPTION,CONDUCTOR_R
LINE:003884,0.0754,CONDUCTOR_DERIVED_USING_DOCUMENTED_PORTUGUESE_PROJECT_RESISTANCE,PROJECT_PARAMETER_TRANSFER_ENGINEERING_ASSUMPTION,CONDUCTOR_R
LINE:003885,0.0754,CONDUCTOR_DERIVED_USING_DOCUMENTED_PORTUGUESE_PROJECT_RESISTANCE,PROJECT_PARAMETER_TRANSFER_ENGINEERING_ASSUMPTION,CONDUCTOR_R
LINE:003886,0.0754,CONDUCTOR_DERIVED_USING_DOCUMENTED_PORTUGUESE_PROJECT_RESISTANCE,PROJECT_PARAMETER_TRANSFER_ENGINEERING_ASSUMPTION,CONDUCTOR_R
LINE:003898,0.2188283288043478,CONDUCTOR_DERIVED_USING_DOCUMENTED_PORTUGUESE_PROJECT_RESISTANCE,PROJECT_PARAMETER_TRANSFER_ENGINEERING_ASSUMPTION,CONDUCTOR_R
LINE:003900,0.2144148149727148,CONDUCTOR_DERIVED_USING_DOCUMENTED_PORTUGUESE_PROJECT_RESISTANCE,PROJECT_PARAMETER_TRANSFER_ENGINEERING_ASSUMPTION,CONDUCTOR_R
LINE:003911,0.1667812775633958,CONDUCTOR_DERIVED_USING_DOCUMENTED_PORTUGUESE_PROJECT_RESISTANCE,PROJECT_PARAMETER_TRANSFER_ENGINEERING_ASSUMPTION,CONDUCTOR_R
LINE:003912,0.1093,CONDUCTOR_DERIVED_USING_DOCUMENTED_PORTUGUESE_PROJECT_RESISTANCE,PROJECT_PARAMETER_TRANSFER_ENGINEERING_ASSUMPTION,CONDUCTOR_R
LINE:003914,0.0754,CONDUCTOR_DERIVED_USING_DOCUMENTED_PORTUGUESE_PROJECT_RESISTANCE,PROJECT_PARAMETER_TRANSFER_ENGINEERING_ASSUMPTION,CONDUCTOR_R
LINE:003922,0.1093,CONDUCTOR_DERIVED_USING_DOCUMENTED_PORTUGUESE_PROJECT_RESISTANCE,PROJECT_PARAMETER_TRANSFER_ENGINEERING_ASSUMPTION,CONDUCTOR_R
LINE:003923,0.1093,CONDUCTOR_DERIVED_USING_DOCUMENTED_PORTUGUESE_PROJECT_RESISTANCE,PROJECT_PARAMETER_TRANSFER_ENGINEERING_ASSUMPTION,CONDUCTOR_R
LINE:003934,0.1093,CONDUCTOR_DERIVED_USING_DOCUMENTED_PORTUGUESE_PROJECT_RESISTANCE,PROJECT_PARAMETER_TRANSFER_ENGINEERING_ASSUMPTION,CONDUCTOR_R
LINE:003935,0.1093,CONDUCTOR_DERIVED_USING_DOCUMENTED_PORTUGUESE_PROJECT_RESISTANCE,PROJECT_PARAMETER_TRANSFER_ENGINEERING_ASSUMPTION,CONDUCTOR_R
LINE:003938,0.1093,CONDUCTOR_DERIVED_USING_DOCUMENTED_PORTUGUESE_PROJECT_RESISTANCE,PROJECT_PARAMETER_TRANSFER_ENGINEERING_ASSUMPTION,CONDUCTOR_R
LINE:003939,0.1093,CONDUCTOR_DERIVED_USING_DOCUMENTED_PORTUGUESE_PROJECT_RESISTANCE,PROJECT_PARAMETER_TRANSFER_ENGINEERING_ASSUMPTION,CONDUCTOR_R
LINE:003940,0.222015625,CONDUCTOR_DERIVED_USING_DOCUMENTED_PORTUGUESE_PROJECT_RESISTANCE,PROJECT_PARAMETER_TRANSFER_ENGINEERING_ASSUMPTION,CONDUCTOR_R
LINE:003944,0.222015625,CONDUCTOR_DERIVED_USING_DOCUMENTED_PORTUGUESE_PROJECT_RESISTANCE,PROJECT_PARAMETER_TRANSFER_ENGINEERING_ASSUMPTION,CONDUCTOR_R
LINE:003947,0.2599710316918243,CONDUCTOR_DERIVED_USING_DOCUMENTED_PORTUGUESE_PROJECT_RESISTANCE,PROJECT_PARAMETER_TRANSFER_ENGINEERING_ASSUMPTION,CONDUCTOR_R
LINE:003960,0.1511595744680851,CONDUCTOR_DERIVED_USING_DOCUMENTED_PORTUGUESE_PROJECT_RESISTANCE,PROJECT_PARAMETER_TRANSFER_ENGINEERING_ASSUMPTION,CONDUCTOR_R
LINE:003961,0.05465,CONDUCTOR_DERIVED_USING_DOCUMENTED_PORTUGUESE_PROJECT_RESISTANCE,PROJECT_PARAMETER_TRANSFER_ENGINEERING_ASSUMPTION,CONDUCTOR_R
LINE:003962,0.05465,CONDUCTOR_DERIVED_USING_DOCUMENTED_PORTUGUESE_PROJECT_RESISTANCE,PROJECT_PARAMETER_TRANSFER_ENGINEERING_ASSUMPTION,CONDUCTOR_R
LINE:003963,0.1093,CONDUCTOR_DERIVED_USING_DOCUMENTED_PORTUGUESE_PROJECT_RESISTANCE,PROJECT_PARAMETER_TRANSFER_ENGINEERING_ASSUMPTION,CONDUCTOR_R
LINE:003964,0.1934453450520833,CONDUCTOR_DERIVED_USING_DOCUMENTED_PORTUGUESE_PROJECT_RESISTANCE,PROJECT_PARAMETER_TRANSFER_ENGINEERING_ASSUMPTION,CONDUCTOR_R
LINE:003965,0.1934453450520833,CONDUCTOR_DERIVED_USING_DOCUMENTED_PORTUGUESE_PROJECT_RESISTANCE,PROJECT_PARAMETER_TRANSFER_ENGINEERING_ASSUMPTION,CONDUCTOR_R
LINE:003966,0.1934453450520833,CONDUCTOR_DERIVED_USING_DOCUMENTED_PORTUGUESE_PROJECT_RESISTANCE,PROJECT_PARAMETER_TRANSFER_ENGINEERING_ASSUMPTION,CONDUCTOR_R
LINE:003967,0.2200420051070039,CONDUCTOR_DERIVED_USING_DOCUMENTED_PORTUGUESE_PROJECT_RESISTANCE,PROJECT_PARAMETER_TRANSFER_ENGINEERING_ASSUMPTION,CONDUCTOR_R
LINE:003977,0.12491493968839,CONDUCTOR_DERIVED_USING_DOCUMENTED_PORTUGUESE_PROJECT_RESISTANCE,PROJECT_PARAMETER_TRANSFER_ENGINEERING_ASSUMPTION,CONDUCTOR_R
LINE:003978,0.12491493968839,CONDUCTOR_DERIVED_USING_DOCUMENTED_PORTUGUESE_PROJECT_RESISTANCE,PROJECT_PARAMETER_TRANSFER_ENGINEERING_ASSUMPTION,CONDUCTOR_R
LINE:003979,0.12491493968839,CONDUCTOR_DERIVED_USING_DOCUMENTED_PORTUGUESE_PROJECT_RESISTANCE,PROJECT_PARAMETER_TRANSFER_ENGINEERING_ASSUMPTION,CONDUCTOR_R
LINE:003980,0.12491493968839,CONDUCTOR_DERIVED_USING_DOCUMENTED_PORTUGUESE_PROJECT_RESISTANCE,PROJECT_PARAMETER_TRANSFER_ENGINEERING_ASSUMPTION,CONDUCTOR_R
LINE:003981,0.12491493968839,CONDUCTOR_DERIVED_USING_DOCUMENTED_PORTUGUESE_PROJECT_RESISTANCE,PROJECT_PARAMETER_TRANSFER_ENGINEERING_ASSUMPTION,CONDUCTOR_R
LINE:003982,0.04542818457244,CONDUCTOR_DERIVED_USING_DOCUMENTED_PORTUGUESE_PROJECT_RESISTANCE,PROJECT_PARAMETER_TRANSFER_ENGINEERING_ASSUMPTION,CONDUCTOR_R
LINE:003983,0.222015625,CONDUCTOR_DERIVED_USING_DOCUMENTED_PORTUGUESE_PROJECT_RESISTANCE,PROJECT_PARAMETER_TRANSFER_ENGINEERING_ASSUMPTION,CONDUCTOR_R
LINE:003984,0.05465,CONDUCTOR_DERIVED_USING_DOCUMENTED_PORTUGUESE_PROJECT_RESISTANCE,PROJECT_PARAMETER_TRANSFER_ENGINEERING_ASSUMPTION,CONDUCTOR_R
LINE:003987,0.05465,CONDUCTOR_DERIVED_USING_DOCUMENTED_PORTUGUESE_PROJECT_RESISTANCE,PROJECT_PARAMETER_TRANSFER_ENGINEERING_ASSUMPTION,CONDUCTOR_R
LINE:003988,0.1511595744680851,CONDUCTOR_DERIVED_USING_DOCUMENTED_PORTUGUESE_PROJECT_RESISTANCE,PROJECT_PARAMETER_TRANSFER_ENGINEERING_ASSUMPTION,CONDUCTOR_R
LINE:003991,0.1089501635768811,CONDUCTOR_DERIVED_USING_DOCUMENTED_PORTUGUESE_PROJECT_RESISTANCE,PROJECT_PARAMETER_TRANSFER_ENGINEERING_ASSUMPTION,CONDUCTOR_R
LINE:003996,0.0545037911301859,CONDUCTOR_DERIVED_USING_DOCUMENTED_PORTUGUESE_PROJECT_RESISTANCE,PROJECT_PARAMETER_TRANSFER_ENGINEERING_ASSUMPTION,CONDUCTOR_R
LINE:003999,0.3467598157797251,CONDUCTOR_DERIVED_USING_DOCUMENTED_PORTUGUESE_PROJECT_RESISTANCE,PROJECT_PARAMETER_TRANSFER_ENGINEERING_ASSUMPTION,CONDUCTOR_R
LINE:004001,0.1093,CONDUCTOR_DERIVED_USING_DOCUMENTED_PORTUGUESE_PROJECT_RESISTANCE,PROJECT_PARAMETER_TRANSFER_ENGINEERING_ASSUMPTION,CONDUCTOR_R
LINE:004002,0.1934453450520833,CONDUCTOR_DERIVED_USING_DOCUMENTED_PORTUGUESE_PROJECT_RESISTANCE,PROJECT_PARAMETER_TRANSFER_ENGINEERING_ASSUMPTION,CONDUCTOR_R
LINE:004004,0.1624790510100145,CONDUCTOR_DERIVED_USING_DOCUMENTED_PORTUGUESE_PROJECT_RESISTANCE,PROJECT_PARAMETER_TRANSFER_ENGINEERING_ASSUMPTION,CONDUCTOR_R
LINE:004006,0.1624790510100145,CONDUCTOR_DERIVED_USING_DOCUMENTED_PORTUGUESE_PROJECT_RESISTANCE,PROJECT_PARAMETER_TRANSFER_ENGINEERING_ASSUMPTION,CONDUCTOR_R
LINE:004007,0.1624790510100145,CONDUCTOR_DERIVED_USING_DOCUMENTED_PORTUGUESE_PROJECT_RESISTANCE,PROJECT_PARAMETER_TRANSFER_ENGINEERING_ASSUMPTION,CONDUCTOR_R
LINE:004008,0.1624790510100145,CONDUCTOR_DERIVED_USING_DOCUMENTED_PORTUGUESE_PROJECT_RESISTANCE,PROJECT_PARAMETER_TRANSFER_ENGINEERING_ASSUMPTION,CONDUCTOR_R
LINE:004009,0.222015625,CONDUCTOR_DERIVED_USING_DOCUMENTED_PORTUGUESE_PROJECT_RESISTANCE,PROJECT_PARAMETER_TRANSFER_ENGINEERING_ASSUMPTION,CONDUCTOR_R
LINE:004011,0.0755797872340425,CONDUCTOR_DERIVED_USING_DOCUMENTED_PORTUGUESE_PROJECT_RESISTANCE,PROJECT_PARAMETER_TRANSFER_ENGINEERING_ASSUMPTION,CONDUCTOR_R
LINE:004013,0.1093,CONDUCTOR_DERIVED_USING_DOCUMENTED_PORTUGUESE_PROJECT_RESISTANCE,PROJECT_PARAMETER_TRANSFER_ENGINEERING_ASSUMPTION,CONDUCTOR_R
LINE:004014,0.1093,CONDUCTOR_DERIVED_USING_DOCUMENTED_PORTUGUESE_PROJECT_RESISTANCE,PROJECT_PARAMETER_TRANSFER_ENGINEERING_ASSUMPTION,CONDUCTOR_R
LINE:004015,0.2220156249999999,CONDUCTOR_DERIVED_USING_DOCUMENTED_PORTUGUESE_PROJECT_RESISTANCE,PROJECT_PARAMETER_TRANSFER_ENGINEERING_ASSUMPTION,CONDUCTOR_R
LINE:004017,0.3228911507656659,CONDUCTOR_DERIVED_USING_DOCUMENTED_PORTUGUESE_PROJECT_RESISTANCE,PROJECT_PARAMETER_TRANSFER_ENGINEERING_ASSUMPTION,CONDUCTOR_R
LINE:004022,0.05465,CONDUCTOR_DERIVED_USING_DOCUMENTED_PORTUGUESE_PROJECT_RESISTANCE,PROJECT_PARAMETER_TRANSFER_ENGINEERING_ASSUMPTION,CONDUCTOR_R
LINE:004023,0.2200420051070039,CONDUCTOR_DERIVED_USING_DOCUMENTED_PORTUGUESE_PROJECT_RESISTANCE,PROJECT_PARAMETER_TRANSFER_ENGINEERING_ASSUMPTION,CONDUCTOR_R
LINE:004025,0.222015625,CONDUCTOR_DERIVED_USING_DOCUMENTED_PORTUGUESE_PROJECT_RESISTANCE,PROJECT_PARAMETER_TRANSFER_ENGINEERING_ASSUMPTION,CONDUCTOR_R
LINE:004027,0.0765043106252846,CONDUCTOR_DERIVED_USING_DOCUMENTED_PORTUGUESE_PROJECT_RESISTANCE,PROJECT_PARAMETER_TRANSFER_ENGINEERING_ASSUMPTION,CONDUCTOR_R
LINE:004028,0.14704265625,CONDUCTOR_DERIVED_USING_DOCUMENTED_PORTUGUESE_PROJECT_RESISTANCE,PROJECT_PARAMETER_TRANSFER_ENGINEERING_ASSUMPTION,CONDUCTOR_R
LINE:004032,0.05465,CONDUCTOR_DERIVED_USING_DOCUMENTED_PORTUGUESE_PROJECT_RESISTANCE,PROJECT_PARAMETER_TRANSFER_ENGINEERING_ASSUMPTION,CONDUCTOR_R
LINE:004033,0.14704265625,CONDUCTOR_DERIVED_USING_DOCUMENTED_PORTUGUESE_PROJECT_RESISTANCE,PROJECT_PARAMETER_TRANSFER_ENGINEERING_ASSUMPTION,CONDUCTOR_R
LINE:004034,0.2217746130136986,CONDUCTOR_DERIVED_USING_DOCUMENTED_PORTUGUESE_PROJECT_RESISTANCE,PROJECT_PARAMETER_TRANSFER_ENGINEERING_ASSUMPTION,CONDUCTOR_R
LINE:004035,0.222015625,CONDUCTOR_DERIVED_USING_DOCUMENTED_PORTUGUESE_PROJECT_RESISTANCE,PROJECT_PARAMETER_TRANSFER_ENGINEERING_ASSUMPTION,CONDUCTOR_R
LINE:004046,0.1480104166666666,CONDUCTOR_DERIVED_USING_DOCUMENTED_PORTUGUESE_PROJECT_RESISTANCE,PROJECT_PARAMETER_TRANSFER_ENGINEERING_ASSUMPTION,CONDUCTOR_R
LINE:004047,0.14704265625,CONDUCTOR_DERIVED_USING_DOCUMENTED_PORTUGUESE_PROJECT_RESISTANCE,PROJECT_PARAMETER_TRANSFER_ENGINEERING_ASSUMPTION,CONDUCTOR_R
LINE:004048,0.1412920098418056,CONDUCTOR_DERIVED_USING_DOCUMENTED_PORTUGUESE_PROJECT_RESISTANCE,PROJECT_PARAMETER_TRANSFER_ENGINEERING_ASSUMPTION,CONDUCTOR_R
LINE:004050,0.1412920098418056,CONDUCTOR_DERIVED_USING_DOCUMENTED_PORTUGUESE_PROJECT_RESISTANCE,PROJECT_PARAMETER_TRANSFER_ENGINEERING_ASSUMPTION,CONDUCTOR_R
LINE:004053,0.1110078125,CONDUCTOR_DERIVED_USING_DOCUMENTED_PORTUGUESE_PROJECT_RESISTANCE,PROJECT_PARAMETER_TRANSFER_ENGINEERING_ASSUMPTION,CONDUCTOR_R
LINE:004056,0.222015625,CONDUCTOR_DERIVED_USING_DOCUMENTED_PORTUGUESE_PROJECT_RESISTANCE,PROJECT_PARAMETER_TRANSFER_ENGINEERING_ASSUMPTION,CONDUCTOR_R
LINE:004061,0.1099649466036414,CONDUCTOR_DERIVED_USING_DOCUMENTED_PORTUGUESE_PROJECT_RESISTANCE,PROJECT_PARAMETER_TRANSFER_ENGINEERING_ASSUMPTION,CONDUCTOR_R
LINE:004062,0.1099649466036414,CONDUCTOR_DERIVED_USING_DOCUMENTED_PORTUGUESE_PROJECT_RESISTANCE,PROJECT_PARAMETER_TRANSFER_ENGINEERING_ASSUMPTION,CONDUCTOR_R
LINE:004064,0.1624790510100145,CONDUCTOR_DERIVED_USING_DOCUMENTED_PORTUGUESE_PROJECT_RESISTANCE,PROJECT_PARAMETER_TRANSFER_ENGINEERING_ASSUMPTION,CONDUCTOR_R
LINE:004065,0.1624790510100145,CONDUCTOR_DERIVED_USING_DOCUMENTED_PORTUGUESE_PROJECT_RESISTANCE,PROJECT_PARAMETER_TRANSFER_ENGINEERING_ASSUMPTION,CONDUCTOR_R
LINE:004072,0.222015625,CONDUCTOR_DERIVED_USING_DOCUMENTED_PORTUGUESE_PROJECT_RESISTANCE,PROJECT_PARAMETER_TRANSFER_ENGINEERING_ASSUMPTION,CONDUCTOR_R
LINE:004073,0.1567488150921444,CONDUCTOR_DERIVED_USING_DOCUMENTED_PORTUGUESE_PROJECT_RESISTANCE,PROJECT_PARAMETER_TRANSFER_ENGINEERING_ASSUMPTION,CONDUCTOR_R
LINE:004080,0.1511595744680851,CONDUCTOR_DERIVED_USING_DOCUMENTED_PORTUGUESE_PROJECT_RESISTANCE,PROJECT_PARAMETER_TRANSFER_ENGINEERING_ASSUMPTION,CONDUCTOR_R
LINE:004086,0.1470332054807739,CONDUCTOR_DERIVED_USING_DOCUMENTED_PORTUGUESE_PROJECT_RESISTANCE,PROJECT_PARAMETER_TRANSFER_ENGINEERING_ASSUMPTION,CONDUCTOR_R
LINE:004089,0.1110078125,CONDUCTOR_DERIVED_USING_DOCUMENTED_PORTUGUESE_PROJECT_RESISTANCE,PROJECT_PARAMETER_TRANSFER_ENGINEERING_ASSUMPTION,CONDUCTOR_R
LINE:004090,0.1110078125,CONDUCTOR_DERIVED_USING_DOCUMENTED_PORTUGUESE_PROJECT_RESISTANCE,PROJECT_PARAMETER_TRANSFER_ENGINEERING_ASSUMPTION,CONDUCTOR_R
LINE:004091,0.1093,CONDUCTOR_DERIVED_USING_DOCUMENTED_PORTUGUESE_PROJECT_RESISTANCE,PROJECT_PARAMETER_TRANSFER_ENGINEERING_ASSUMPTION,CONDUCTOR_R
LINE:004106,0.05465,CONDUCTOR_DERIVED_USING_DOCUMENTED_PORTUGUESE_PROJECT_RESISTANCE,PROJECT_PARAMETER_TRANSFER_ENGINEERING_ASSUMPTION,CONDUCTOR_R
LINE:004111,0.0840691145127899,CONDUCTOR_DERIVED_USING_DOCUMENTED_PORTUGUESE_PROJECT_RESISTANCE,PROJECT_PARAMETER_TRANSFER_ENGINEERING_ASSUMPTION,CONDUCTOR_R
LINE:004112,0.1108561624829234,CONDUCTOR_DERIVED_USING_DOCUMENTED_PORTUGUESE_PROJECT_RESISTANCE,PROJECT_PARAMETER_TRANSFER_ENGINEERING_ASSUMPTION,CONDUCTOR_R
LINE:004113,0.0840691145127899,CONDUCTOR_DERIVED_USING_DOCUMENTED_PORTUGUESE_PROJECT_RESISTANCE,PROJECT_PARAMETER_TRANSFER_ENGINEERING_ASSUMPTION,CONDUCTOR_R
LINE:004122,0.047,CONDUCTOR_DERIVED_USING_DOCUMENTED_PORTUGUESE_PROJECT_RESISTANCE,PROJECT_PARAMETER_TRANSFER_ENGINEERING_ASSUMPTION,CONDUCTOR_R
LINE:004123,0.047,CONDUCTOR_DERIVED_USING_DOCUMENTED_PORTUGUESE_PROJECT_RESISTANCE,PROJECT_PARAMETER_TRANSFER_ENGINEERING_ASSUMPTION,CONDUCTOR_R
LINE:004125,0.047,CONDUCTOR_DERIVED_USING_DOCUMENTED_PORTUGUESE_PROJECT_RESISTANCE,PROJECT_PARAMETER_TRANSFER_ENGINEERING_ASSUMPTION,CONDUCTOR_R
LINE:004126,0.047,CONDUCTOR_DERIVED_USING_DOCUMENTED_PORTUGUESE_PROJECT_RESISTANCE,PROJECT_PARAMETER_TRANSFER_ENGINEERING_ASSUMPTION,CONDUCTOR_R
LINE:004129,0.047,CONDUCTOR_DERIVED_USING_DOCUMENTED_PORTUGUESE_PROJECT_RESISTANCE,PROJECT_PARAMETER_TRANSFER_ENGINEERING_ASSUMPTION,CONDUCTOR_R
LINE:004133,0.1093,CONDUCTOR_DERIVED_USING_DOCUMENTED_PORTUGUESE_PROJECT_RESISTANCE,PROJECT_PARAMETER_TRANSFER_ENGINEERING_ASSUMPTION,CONDUCTOR_R
LINE:004136,0.1343323036686223,CONDUCTOR_DERIVED_USING_DOCUMENTED_PORTUGUESE_PROJECT_RESISTANCE,PROJECT_PARAMETER_TRANSFER_ENGINEERING_ASSUMPTION,CONDUCTOR_R
LINE:004140,0.0607053475935828,CONDUCTOR_DERIVED_USING_DOCUMENTED_PORTUGUESE_PROJECT_RESISTANCE,PROJECT_PARAMETER_TRANSFER_ENGINEERING_ASSUMPTION,CONDUCTOR_R
LINE:004143,0.05465,CONDUCTOR_DERIVED_USING_DOCUMENTED_PORTUGUESE_PROJECT_RESISTANCE,PROJECT_PARAMETER_TRANSFER_ENGINEERING_ASSUMPTION,CONDUCTOR_R
LINE:004153,0.0595754237288135,CONDUCTOR_DERIVED_USING_DOCUMENTED_PORTUGUESE_PROJECT_RESISTANCE,PROJECT_PARAMETER_TRANSFER_ENGINEERING_ASSUMPTION,CONDUCTOR_R
LINE:004155,0.0595754237288135,CONDUCTOR_DERIVED_USING_DOCUMENTED_PORTUGUESE_PROJECT_RESISTANCE,PROJECT_PARAMETER_TRANSFER_ENGINEERING_ASSUMPTION,CONDUCTOR_R
LINE:004156,0.0595754237288135,CONDUCTOR_DERIVED_USING_DOCUMENTED_PORTUGUESE_PROJECT_RESISTANCE,PROJECT_PARAMETER_TRANSFER_ENGINEERING_ASSUMPTION,CONDUCTOR_R
LINE:004157,0.0754,CONDUCTOR_DERIVED_USING_DOCUMENTED_PORTUGUESE_PROJECT_RESISTANCE,PROJECT_PARAMETER_TRANSFER_ENGINEERING_ASSUMPTION,CONDUCTOR_R
LINE:004158,0.0754,CONDUCTOR_DERIVED_USING_DOCUMENTED_PORTUGUESE_PROJECT_RESISTANCE,PROJECT_PARAMETER_TRANSFER_ENGINEERING_ASSUMPTION,CONDUCTOR_R
LINE:004159,0.0754,CONDUCTOR_DERIVED_USING_DOCUMENTED_PORTUGUESE_PROJECT_RESISTANCE,PROJECT_PARAMETER_TRANSFER_ENGINEERING_ASSUMPTION,CONDUCTOR_R
LINE:004162,0.0595754237288135,CONDUCTOR_DERIVED_USING_DOCUMENTED_PORTUGUESE_PROJECT_RESISTANCE,PROJECT_PARAMETER_TRANSFER_ENGINEERING_ASSUMPTION,CONDUCTOR_R
LINE:004163,0.047,CONDUCTOR_DERIVED_USING_DOCUMENTED_PORTUGUESE_PROJECT_RESISTANCE,PROJECT_PARAMETER_TRANSFER_ENGINEERING_ASSUMPTION,CONDUCTOR_R
LINE:004179,0.05465,CONDUCTOR_DERIVED_USING_DOCUMENTED_PORTUGUESE_PROJECT_RESISTANCE,PROJECT_PARAMETER_TRANSFER_ENGINEERING_ASSUMPTION,CONDUCTOR_R
LINE:004181,0.1110078125,CONDUCTOR_DERIVED_USING_DOCUMENTED_PORTUGUESE_PROJECT_RESISTANCE,PROJECT_PARAMETER_TRANSFER_ENGINEERING_ASSUMPTION,CONDUCTOR_R
LINE:004183,0.2220156249999999,CONDUCTOR_DERIVED_USING_DOCUMENTED_PORTUGUESE_PROJECT_RESISTANCE,PROJECT_PARAMETER_TRANSFER_ENGINEERING_ASSUMPTION,CONDUCTOR_R
LINE:004184,0.1093,CONDUCTOR_DERIVED_USING_DOCUMENTED_PORTUGUESE_PROJECT_RESISTANCE,PROJECT_PARAMETER_TRANSFER_ENGINEERING_ASSUMPTION,CONDUCTOR_R
LINE:004197,0.1093,CONDUCTOR_DERIVED_USING_DOCUMENTED_PORTUGUESE_PROJECT_RESISTANCE,PROJECT_PARAMETER_TRANSFER_ENGINEERING_ASSUMPTION,CONDUCTOR_R
LINE:004201,0.05465,CONDUCTOR_DERIVED_USING_DOCUMENTED_PORTUGUESE_PROJECT_RESISTANCE,PROJECT_PARAMETER_TRANSFER_ENGINEERING_ASSUMPTION,CONDUCTOR_R
LINE:004205,0.2220156249999999,CONDUCTOR_DERIVED_USING_DOCUMENTED_PORTUGUESE_PROJECT_RESISTANCE,PROJECT_PARAMETER_TRANSFER_ENGINEERING_ASSUMPTION,CONDUCTOR_R
LINE:004218,0.20628275695598,CONDUCTOR_DERIVED_USING_DOCUMENTED_PORTUGUESE_PROJECT_RESISTANCE,PROJECT_PARAMETER_TRANSFER_ENGINEERING_ASSUMPTION,CONDUCTOR_R
LINE:004219,0.20628275695598,CONDUCTOR_DERIVED_USING_DOCUMENTED_PORTUGUESE_PROJECT_RESISTANCE,PROJECT_PARAMETER_TRANSFER_ENGINEERING_ASSUMPTION,CONDUCTOR_R
LINE:004220,0.20628275695598,CONDUCTOR_DERIVED_USING_DOCUMENTED_PORTUGUESE_PROJECT_RESISTANCE,PROJECT_PARAMETER_TRANSFER_ENGINEERING_ASSUMPTION,CONDUCTOR_R
LINE:004221,0.20628275695598,CONDUCTOR_DERIVED_USING_DOCUMENTED_PORTUGUESE_PROJECT_RESISTANCE,PROJECT_PARAMETER_TRANSFER_ENGINEERING_ASSUMPTION,CONDUCTOR_R
LINE:004222,0.1520021849849094,CONDUCTOR_DERIVED_USING_DOCUMENTED_PORTUGUESE_PROJECT_RESISTANCE,PROJECT_PARAMETER_TRANSFER_ENGINEERING_ASSUMPTION,CONDUCTOR_R
LINE:004223,0.1520021849849094,CONDUCTOR_DERIVED_USING_DOCUMENTED_PORTUGUESE_PROJECT_RESISTANCE,PROJECT_PARAMETER_TRANSFER_ENGINEERING_ASSUMPTION,CONDUCTOR_R
LINE:004225,0.1520021849849094,CONDUCTOR_DERIVED_USING_DOCUMENTED_PORTUGUESE_PROJECT_RESISTANCE,PROJECT_PARAMETER_TRANSFER_ENGINEERING_ASSUMPTION,CONDUCTOR_R
LINE:004226,0.1520021849849094,CONDUCTOR_DERIVED_USING_DOCUMENTED_PORTUGUESE_PROJECT_RESISTANCE,PROJECT_PARAMETER_TRANSFER_ENGINEERING_ASSUMPTION,CONDUCTOR_R
LINE:004229,0.1667812775633958,CONDUCTOR_DERIVED_USING_DOCUMENTED_PORTUGUESE_PROJECT_RESISTANCE,PROJECT_PARAMETER_TRANSFER_ENGINEERING_ASSUMPTION,CONDUCTOR_R
LINE:004230,0.1667812775633958,CONDUCTOR_DERIVED_USING_DOCUMENTED_PORTUGUESE_PROJECT_RESISTANCE,PROJECT_PARAMETER_TRANSFER_ENGINEERING_ASSUMPTION,CONDUCTOR_R
LINE:004231,0.1667812775633958,CONDUCTOR_DERIVED_USING_DOCUMENTED_PORTUGUESE_PROJECT_RESISTANCE,PROJECT_PARAMETER_TRANSFER_ENGINEERING_ASSUMPTION,CONDUCTOR_R
LINE:004232,0.1667812775633958,CONDUCTOR_DERIVED_USING_DOCUMENTED_PORTUGUESE_PROJECT_RESISTANCE,PROJECT_PARAMETER_TRANSFER_ENGINEERING_ASSUMPTION,CONDUCTOR_R
LINE:004245,0.1093,CONDUCTOR_DERIVED_USING_DOCUMENTED_PORTUGUESE_PROJECT_RESISTANCE,PROJECT_PARAMETER_TRANSFER_ENGINEERING_ASSUMPTION,CONDUCTOR_R
LINE:004251,0.222015625,CONDUCTOR_DERIVED_USING_DOCUMENTED_PORTUGUESE_PROJECT_RESISTANCE,PROJECT_PARAMETER_TRANSFER_ENGINEERING_ASSUMPTION,CONDUCTOR_R
LINE:004252,0.222015625,CONDUCTOR_DERIVED_USING_DOCUMENTED_PORTUGUESE_PROJECT_RESISTANCE,PROJECT_PARAMETER_TRANSFER_ENGINEERING_ASSUMPTION,CONDUCTOR_R
LINE:004253,0.05465,CONDUCTOR_DERIVED_USING_DOCUMENTED_PORTUGUESE_PROJECT_RESISTANCE,PROJECT_PARAMETER_TRANSFER_ENGINEERING_ASSUMPTION,CONDUCTOR_R
LINE:004257,0.2029857142857143,CONDUCTOR_DERIVED_USING_DOCUMENTED_PORTUGUESE_PROJECT_RESISTANCE,PROJECT_PARAMETER_TRANSFER_ENGINEERING_ASSUMPTION,CONDUCTOR_R
LINE:004260,0.1093,CONDUCTOR_DERIVED_USING_DOCUMENTED_PORTUGUESE_PROJECT_RESISTANCE,PROJECT_PARAMETER_TRANSFER_ENGINEERING_ASSUMPTION,CONDUCTOR_R
LINE:004264,0.1093,CONDUCTOR_DERIVED_USING_DOCUMENTED_PORTUGUESE_PROJECT_RESISTANCE,PROJECT_PARAMETER_TRANSFER_ENGINEERING_ASSUMPTION,CONDUCTOR_R
LINE:004268,0.2213150725255972,CONDUCTOR_DERIVED_USING_DOCUMENTED_PORTUGUESE_PROJECT_RESISTANCE,PROJECT_PARAMETER_TRANSFER_ENGINEERING_ASSUMPTION,CONDUCTOR_R
LINE:004269,0.2213150725255972,CONDUCTOR_DERIVED_USING_DOCUMENTED_PORTUGUESE_PROJECT_RESISTANCE,PROJECT_PARAMETER_TRANSFER_ENGINEERING_ASSUMPTION,CONDUCTOR_R
LINE:004270,0.222015625,CONDUCTOR_DERIVED_USING_DOCUMENTED_PORTUGUESE_PROJECT_RESISTANCE,PROJECT_PARAMETER_TRANSFER_ENGINEERING_ASSUMPTION,CONDUCTOR_R
LINE:004271,0.2213150725255972,CONDUCTOR_DERIVED_USING_DOCUMENTED_PORTUGUESE_PROJECT_RESISTANCE,PROJECT_PARAMETER_TRANSFER_ENGINEERING_ASSUMPTION,CONDUCTOR_R
LINE:004272,0.2213150725255972,CONDUCTOR_DERIVED_USING_DOCUMENTED_PORTUGUESE_PROJECT_RESISTANCE,PROJECT_PARAMETER_TRANSFER_ENGINEERING_ASSUMPTION,CONDUCTOR_R
LINE:004276,0.0607053475935828,CONDUCTOR_DERIVED_USING_DOCUMENTED_PORTUGUESE_PROJECT_RESISTANCE,PROJECT_PARAMETER_TRANSFER_ENGINEERING_ASSUMPTION,CONDUCTOR_R
LINE:004282,0.05465,CONDUCTOR_DERIVED_USING_DOCUMENTED_PORTUGUESE_PROJECT_RESISTANCE,PROJECT_PARAMETER_TRANSFER_ENGINEERING_ASSUMPTION,CONDUCTOR_R
LINE:004283,0.05465,CONDUCTOR_DERIVED_USING_DOCUMENTED_PORTUGUESE_PROJECT_RESISTANCE,PROJECT_PARAMETER_TRANSFER_ENGINEERING_ASSUMPTION,CONDUCTOR_R
LINE:004284,0.222015625,CONDUCTOR_DERIVED_USING_DOCUMENTED_PORTUGUESE_PROJECT_RESISTANCE,PROJECT_PARAMETER_TRANSFER_ENGINEERING_ASSUMPTION,CONDUCTOR_R
LINE:004285,0.222015625,CONDUCTOR_DERIVED_USING_DOCUMENTED_PORTUGUESE_PROJECT_RESISTANCE,PROJECT_PARAMETER_TRANSFER_ENGINEERING_ASSUMPTION,CONDUCTOR_R
LINE:004296,0.1361592697740442,CONDUCTOR_DERIVED_USING_DOCUMENTED_PORTUGUESE_PROJECT_RESISTANCE,PROJECT_PARAMETER_TRANSFER_ENGINEERING_ASSUMPTION,CONDUCTOR_R
LINE:004303,0.1110078125,CONDUCTOR_DERIVED_USING_DOCUMENTED_PORTUGUESE_PROJECT_RESISTANCE,PROJECT_PARAMETER_TRANSFER_ENGINEERING_ASSUMPTION,CONDUCTOR_R
LINE:004304,0.1110078125,CONDUCTOR_DERIVED_USING_DOCUMENTED_PORTUGUESE_PROJECT_RESISTANCE,PROJECT_PARAMETER_TRANSFER_ENGINEERING_ASSUMPTION,CONDUCTOR_R
LINE:004305,0.1110078125,CONDUCTOR_DERIVED_USING_DOCUMENTED_PORTUGUESE_PROJECT_RESISTANCE,PROJECT_PARAMETER_TRANSFER_ENGINEERING_ASSUMPTION,CONDUCTOR_R
LINE:004312,0.0993870810659317,CONDUCTOR_DERIVED_USING_DOCUMENTED_PORTUGUESE_PROJECT_RESISTANCE,PROJECT_PARAMETER_TRANSFER_ENGINEERING_ASSUMPTION,CONDUCTOR_R
LINE:004314,0.0993870810659317,CONDUCTOR_DERIVED_USING_DOCUMENTED_PORTUGUESE_PROJECT_RESISTANCE,PROJECT_PARAMETER_TRANSFER_ENGINEERING_ASSUMPTION,CONDUCTOR_R
LINE:004315,0.0993870810659317,CONDUCTOR_DERIVED_USING_DOCUMENTED_PORTUGUESE_PROJECT_RESISTANCE,PROJECT_PARAMETER_TRANSFER_ENGINEERING_ASSUMPTION,CONDUCTOR_R
LINE:004318,0.1093,CONDUCTOR_DERIVED_USING_DOCUMENTED_PORTUGUESE_PROJECT_RESISTANCE,PROJECT_PARAMETER_TRANSFER_ENGINEERING_ASSUMPTION,CONDUCTOR_R
LINE:004319,0.1118582027409046,CONDUCTOR_DERIVED_USING_DOCUMENTED_PORTUGUESE_PROJECT_RESISTANCE,PROJECT_PARAMETER_TRANSFER_ENGINEERING_ASSUMPTION,CONDUCTOR_R
LINE:004320,0.1118582027409046,CONDUCTOR_DERIVED_USING_DOCUMENTED_PORTUGUESE_PROJECT_RESISTANCE,PROJECT_PARAMETER_TRANSFER_ENGINEERING_ASSUMPTION,CONDUCTOR_R
LINE:004323,0.1093,CONDUCTOR_DERIVED_USING_DOCUMENTED_PORTUGUESE_PROJECT_RESISTANCE,PROJECT_PARAMETER_TRANSFER_ENGINEERING_ASSUMPTION,CONDUCTOR_R
LINE:004326,0.1118582027409046,CONDUCTOR_DERIVED_USING_DOCUMENTED_PORTUGUESE_PROJECT_RESISTANCE,PROJECT_PARAMETER_TRANSFER_ENGINEERING_ASSUMPTION,CONDUCTOR_R
LINE:004327,0.1001458585858586,CONDUCTOR_DERIVED_USING_DOCUMENTED_PORTUGUESE_PROJECT_RESISTANCE,PROJECT_PARAMETER_TRANSFER_ENGINEERING_ASSUMPTION,CONDUCTOR_R
LINE:004328,0.1094324128128815,CONDUCTOR_DERIVED_USING_DOCUMENTED_PORTUGUESE_PROJECT_RESISTANCE,PROJECT_PARAMETER_TRANSFER_ENGINEERING_ASSUMPTION,CONDUCTOR_R
LINE:004335,0.0754,CONDUCTOR_DERIVED_USING_DOCUMENTED_PORTUGUESE_PROJECT_RESISTANCE,PROJECT_PARAMETER_TRANSFER_ENGINEERING_ASSUMPTION,CONDUCTOR_R
LINE:004336,0.0754,CONDUCTOR_DERIVED_USING_DOCUMENTED_PORTUGUESE_PROJECT_RESISTANCE,PROJECT_PARAMETER_TRANSFER_ENGINEERING_ASSUMPTION,CONDUCTOR_R
LINE:004337,0.0754,CONDUCTOR_DERIVED_USING_DOCUMENTED_PORTUGUESE_PROJECT_RESISTANCE,PROJECT_PARAMETER_TRANSFER_ENGINEERING_ASSUMPTION,CONDUCTOR_R
LINE:004341,0.222015625,CONDUCTOR_DERIVED_USING_DOCUMENTED_PORTUGUESE_PROJECT_RESISTANCE,PROJECT_PARAMETER_TRANSFER_ENGINEERING_ASSUMPTION,CONDUCTOR_R
LINE:004348,0.1093,CONDUCTOR_DERIVED_USING_DOCUMENTED_PORTUGUESE_PROJECT_RESISTANCE,PROJECT_PARAMETER_TRANSFER_ENGINEERING_ASSUMPTION,CONDUCTOR_R
LINE:004350,0.222015625,CONDUCTOR_DERIVED_USING_DOCUMENTED_PORTUGUESE_PROJECT_RESISTANCE,PROJECT_PARAMETER_TRANSFER_ENGINEERING_ASSUMPTION,CONDUCTOR_R
LINE:004359,0.0496335274542429,CONDUCTOR_DERIVED_USING_DOCUMENTED_PORTUGUESE_PROJECT_RESISTANCE,PROJECT_PARAMETER_TRANSFER_ENGINEERING_ASSUMPTION,CONDUCTOR_R
LINE:004367,0.144407845465413,CONDUCTOR_DERIVED_USING_DOCUMENTED_PORTUGUESE_PROJECT_RESISTANCE,PROJECT_PARAMETER_TRANSFER_ENGINEERING_ASSUMPTION,CONDUCTOR_R
LINE:004368,0.144407845465413,CONDUCTOR_DERIVED_USING_DOCUMENTED_PORTUGUESE_PROJECT_RESISTANCE,PROJECT_PARAMETER_TRANSFER_ENGINEERING_ASSUMPTION,CONDUCTOR_R
LINE:004369,0.1159519890091863,CONDUCTOR_DERIVED_USING_DOCUMENTED_PORTUGUESE_PROJECT_RESISTANCE,PROJECT_PARAMETER_TRANSFER_ENGINEERING_ASSUMPTION,CONDUCTOR_R
LINE:004373,0.1059933606557377,CONDUCTOR_DERIVED_USING_DOCUMENTED_PORTUGUESE_PROJECT_RESISTANCE,PROJECT_PARAMETER_TRANSFER_ENGINEERING_ASSUMPTION,CONDUCTOR_R
LINE:004383,0.05465,CONDUCTOR_DERIVED_USING_DOCUMENTED_PORTUGUESE_PROJECT_RESISTANCE,PROJECT_PARAMETER_TRANSFER_ENGINEERING_ASSUMPTION,CONDUCTOR_R
LINE:004388,0.222015625,CONDUCTOR_DERIVED_USING_DOCUMENTED_PORTUGUESE_PROJECT_RESISTANCE,PROJECT_PARAMETER_TRANSFER_ENGINEERING_ASSUMPTION,CONDUCTOR_R
LINE:004394,0.1501637099994295,CONDUCTOR_DERIVED_USING_DOCUMENTED_PORTUGUESE_PROJECT_RESISTANCE,PROJECT_PARAMETER_TRANSFER_ENGINEERING_ASSUMPTION,CONDUCTOR_R
LINE:004395,0.1089433794466403,CONDUCTOR_DERIVED_USING_DOCUMENTED_PORTUGUESE_PROJECT_RESISTANCE,PROJECT_PARAMETER_TRANSFER_ENGINEERING_ASSUMPTION,CONDUCTOR_R
LINE:004399,0.1088390804597701,CONDUCTOR_DERIVED_USING_DOCUMENTED_PORTUGUESE_PROJECT_RESISTANCE,PROJECT_PARAMETER_TRANSFER_ENGINEERING_ASSUMPTION,CONDUCTOR_R
LINE:004401,0.0993870810659317,CONDUCTOR_DERIVED_USING_DOCUMENTED_PORTUGUESE_PROJECT_RESISTANCE,PROJECT_PARAMETER_TRANSFER_ENGINEERING_ASSUMPTION,CONDUCTOR_R
LINE:004403,0.0993870810659317,CONDUCTOR_DERIVED_USING_DOCUMENTED_PORTUGUESE_PROJECT_RESISTANCE,PROJECT_PARAMETER_TRANSFER_ENGINEERING_ASSUMPTION,CONDUCTOR_R
LINE:004404,0.0993870810659317,CONDUCTOR_DERIVED_USING_DOCUMENTED_PORTUGUESE_PROJECT_RESISTANCE,PROJECT_PARAMETER_TRANSFER_ENGINEERING_ASSUMPTION,CONDUCTOR_R
LINE:004408,0.1088892445582586,CONDUCTOR_DERIVED_USING_DOCUMENTED_PORTUGUESE_PROJECT_RESISTANCE,PROJECT_PARAMETER_TRANSFER_ENGINEERING_ASSUMPTION,CONDUCTOR_R
LINE:004409,0.1088892445582586,CONDUCTOR_DERIVED_USING_DOCUMENTED_PORTUGUESE_PROJECT_RESISTANCE,PROJECT_PARAMETER_TRANSFER_ENGINEERING_ASSUMPTION,CONDUCTOR_R
LINE:004412,0.1093,CONDUCTOR_DERIVED_USING_DOCUMENTED_PORTUGUESE_PROJECT_RESISTANCE,PROJECT_PARAMETER_TRANSFER_ENGINEERING_ASSUMPTION,CONDUCTOR_R
LINE:004414,0.1093,CONDUCTOR_DERIVED_USING_DOCUMENTED_PORTUGUESE_PROJECT_RESISTANCE,PROJECT_PARAMETER_TRANSFER_ENGINEERING_ASSUMPTION,CONDUCTOR_R
LINE:004416,0.0544222139673105,CONDUCTOR_DERIVED_USING_DOCUMENTED_PORTUGUESE_PROJECT_RESISTANCE,PROJECT_PARAMETER_TRANSFER_ENGINEERING_ASSUMPTION,CONDUCTOR_R
LINE:004417,0.0544222139673105,CONDUCTOR_DERIVED_USING_DOCUMENTED_PORTUGUESE_PROJECT_RESISTANCE,PROJECT_PARAMETER_TRANSFER_ENGINEERING_ASSUMPTION,CONDUCTOR_R
LINE:004421,0.1093,CONDUCTOR_DERIVED_USING_DOCUMENTED_PORTUGUESE_PROJECT_RESISTANCE,PROJECT_PARAMETER_TRANSFER_ENGINEERING_ASSUMPTION,CONDUCTOR_R
LINE:004422,0.2220156249999999,CONDUCTOR_DERIVED_USING_DOCUMENTED_PORTUGUESE_PROJECT_RESISTANCE,PROJECT_PARAMETER_TRANSFER_ENGINEERING_ASSUMPTION,CONDUCTOR_R
LINE:004424,0.1094324128128815,CONDUCTOR_DERIVED_USING_DOCUMENTED_PORTUGUESE_PROJECT_RESISTANCE,PROJECT_PARAMETER_TRANSFER_ENGINEERING_ASSUMPTION,CONDUCTOR_R
LINE:004425,0.1094324128128815,CONDUCTOR_DERIVED_USING_DOCUMENTED_PORTUGUESE_PROJECT_RESISTANCE,PROJECT_PARAMETER_TRANSFER_ENGINEERING_ASSUMPTION,CONDUCTOR_R
LINE:004426,0.110879817987152,CONDUCTOR_DERIVED_USING_DOCUMENTED_PORTUGUESE_PROJECT_RESISTANCE,PROJECT_PARAMETER_TRANSFER_ENGINEERING_ASSUMPTION,CONDUCTOR_R
LINE:004427,0.08880625,CONDUCTOR_DERIVED_USING_DOCUMENTED_PORTUGUESE_PROJECT_RESISTANCE,PROJECT_PARAMETER_TRANSFER_ENGINEERING_ASSUMPTION,CONDUCTOR_R
LINE:004429,0.1059933606557377,CONDUCTOR_DERIVED_USING_DOCUMENTED_PORTUGUESE_PROJECT_RESISTANCE,PROJECT_PARAMETER_TRANSFER_ENGINEERING_ASSUMPTION,CONDUCTOR_R
LINE:004432,0.2213150725255972,CONDUCTOR_DERIVED_USING_DOCUMENTED_PORTUGUESE_PROJECT_RESISTANCE,PROJECT_PARAMETER_TRANSFER_ENGINEERING_ASSUMPTION,CONDUCTOR_R
LINE:004437,0.2946145150663943,CONDUCTOR_DERIVED_USING_DOCUMENTED_PORTUGUESE_PROJECT_RESISTANCE,PROJECT_PARAMETER_TRANSFER_ENGINEERING_ASSUMPTION,CONDUCTOR_R
LINE:004438,0.2946145150663943,CONDUCTOR_DERIVED_USING_DOCUMENTED_PORTUGUESE_PROJECT_RESISTANCE,PROJECT_PARAMETER_TRANSFER_ENGINEERING_ASSUMPTION,CONDUCTOR_R
LINE:004468,0.11093412048274,CONDUCTOR_DERIVED_USING_DOCUMENTED_PORTUGUESE_PROJECT_RESISTANCE,PROJECT_PARAMETER_TRANSFER_ENGINEERING_ASSUMPTION,CONDUCTOR_R
LINE:004470,0.1093,CONDUCTOR_DERIVED_USING_DOCUMENTED_PORTUGUESE_PROJECT_RESISTANCE,PROJECT_PARAMETER_TRANSFER_ENGINEERING_ASSUMPTION,CONDUCTOR_R
LINE:004471,0.2144148149727148,CONDUCTOR_DERIVED_USING_DOCUMENTED_PORTUGUESE_PROJECT_RESISTANCE,PROJECT_PARAMETER_TRANSFER_ENGINEERING_ASSUMPTION,CONDUCTOR_R
LINE:004482,0.2220156249999999,CONDUCTOR_DERIVED_USING_DOCUMENTED_PORTUGUESE_PROJECT_RESISTANCE,PROJECT_PARAMETER_TRANSFER_ENGINEERING_ASSUMPTION,CONDUCTOR_R
LINE:004483,0.2220156249999999,CONDUCTOR_DERIVED_USING_DOCUMENTED_PORTUGUESE_PROJECT_RESISTANCE,PROJECT_PARAMETER_TRANSFER_ENGINEERING_ASSUMPTION,CONDUCTOR_R
LINE:004495,0.2839595589539007,CONDUCTOR_DERIVED_USING_DOCUMENTED_PORTUGUESE_PROJECT_RESISTANCE,PROJECT_PARAMETER_TRANSFER_ENGINEERING_ASSUMPTION,CONDUCTOR_R
LINE:004505,0.05465,CONDUCTOR_DERIVED_USING_DOCUMENTED_PORTUGUESE_PROJECT_RESISTANCE,PROJECT_PARAMETER_TRANSFER_ENGINEERING_ASSUMPTION,CONDUCTOR_R
LINE:004506,0.05465,CONDUCTOR_DERIVED_USING_DOCUMENTED_PORTUGUESE_PROJECT_RESISTANCE,PROJECT_PARAMETER_TRANSFER_ENGINEERING_ASSUMPTION,CONDUCTOR_R
LINE:004507,0.05465,CONDUCTOR_DERIVED_USING_DOCUMENTED_PORTUGUESE_PROJECT_RESISTANCE,PROJECT_PARAMETER_TRANSFER_ENGINEERING_ASSUMPTION,CONDUCTOR_R
LINE:004508,0.05465,CONDUCTOR_DERIVED_USING_DOCUMENTED_PORTUGUESE_PROJECT_RESISTANCE,PROJECT_PARAMETER_TRANSFER_ENGINEERING_ASSUMPTION,CONDUCTOR_R
LINE:004509,0.05465,CONDUCTOR_DERIVED_USING_DOCUMENTED_PORTUGUESE_PROJECT_RESISTANCE,PROJECT_PARAMETER_TRANSFER_ENGINEERING_ASSUMPTION,CONDUCTOR_R
LINE:004510,0.05465,CONDUCTOR_DERIVED_USING_DOCUMENTED_PORTUGUESE_PROJECT_RESISTANCE,PROJECT_PARAMETER_TRANSFER_ENGINEERING_ASSUMPTION,CONDUCTOR_R
LINE:004514,0.0812407494028662,CONDUCTOR_DERIVED_USING_DOCUMENTED_PORTUGUESE_PROJECT_RESISTANCE,PROJECT_PARAMETER_TRANSFER_ENGINEERING_ASSUMPTION,CONDUCTOR_R
LINE:004517,0.1077688162918964,CONDUCTOR_DERIVED_USING_DOCUMENTED_PORTUGUESE_PROJECT_RESISTANCE,PROJECT_PARAMETER_TRANSFER_ENGINEERING_ASSUMPTION,CONDUCTOR_R
LINE:004521,0.1086924242424242,CONDUCTOR_DERIVED_USING_DOCUMENTED_PORTUGUESE_PROJECT_RESISTANCE,PROJECT_PARAMETER_TRANSFER_ENGINEERING_ASSUMPTION,CONDUCTOR_R
LINE:004529,0.1667812775633958,CONDUCTOR_DERIVED_USING_DOCUMENTED_PORTUGUESE_PROJECT_RESISTANCE,PROJECT_PARAMETER_TRANSFER_ENGINEERING_ASSUMPTION,CONDUCTOR_R
LINE:004531,0.1667812775633958,CONDUCTOR_DERIVED_USING_DOCUMENTED_PORTUGUESE_PROJECT_RESISTANCE,PROJECT_PARAMETER_TRANSFER_ENGINEERING_ASSUMPTION,CONDUCTOR_R
LINE:004537,0.1093,CONDUCTOR_DERIVED_USING_DOCUMENTED_PORTUGUESE_PROJECT_RESISTANCE,PROJECT_PARAMETER_TRANSFER_ENGINEERING_ASSUMPTION,CONDUCTOR_R
LINE:004538,0.1093,CONDUCTOR_DERIVED_USING_DOCUMENTED_PORTUGUESE_PROJECT_RESISTANCE,PROJECT_PARAMETER_TRANSFER_ENGINEERING_ASSUMPTION,CONDUCTOR_R
LINE:004559,0.222015625,CONDUCTOR_DERIVED_USING_DOCUMENTED_PORTUGUESE_PROJECT_RESISTANCE,PROJECT_PARAMETER_TRANSFER_ENGINEERING_ASSUMPTION,CONDUCTOR_R
LINE:004574,0.1005884658454647,CONDUCTOR_DERIVED_USING_DOCUMENTED_PORTUGUESE_PROJECT_RESISTANCE,PROJECT_PARAMETER_TRANSFER_ENGINEERING_ASSUMPTION,CONDUCTOR_R
LINE:004576,0.222015625,CONDUCTOR_DERIVED_USING_DOCUMENTED_PORTUGUESE_PROJECT_RESISTANCE,PROJECT_PARAMETER_TRANSFER_ENGINEERING_ASSUMPTION,CONDUCTOR_R
LINE:004578,0.1093,CONDUCTOR_DERIVED_USING_DOCUMENTED_PORTUGUESE_PROJECT_RESISTANCE,PROJECT_PARAMETER_TRANSFER_ENGINEERING_ASSUMPTION,CONDUCTOR_R
LINE:004582,0.1077688162918964,CONDUCTOR_DERIVED_USING_DOCUMENTED_PORTUGUESE_PROJECT_RESISTANCE,PROJECT_PARAMETER_TRANSFER_ENGINEERING_ASSUMPTION,CONDUCTOR_R
LINE:004587,0.163789854751461,CONDUCTOR_DERIVED_USING_DOCUMENTED_PORTUGUESE_PROJECT_RESISTANCE,PROJECT_PARAMETER_TRANSFER_ENGINEERING_ASSUMPTION,CONDUCTOR_R
LINE:004600,0.1093,CONDUCTOR_DERIVED_USING_DOCUMENTED_PORTUGUESE_PROJECT_RESISTANCE,PROJECT_PARAMETER_TRANSFER_ENGINEERING_ASSUMPTION,CONDUCTOR_R
LINE:004602,0.1093,CONDUCTOR_DERIVED_USING_DOCUMENTED_PORTUGUESE_PROJECT_RESISTANCE,PROJECT_PARAMETER_TRANSFER_ENGINEERING_ASSUMPTION,CONDUCTOR_R
LINE:004604,0.2144148149727148,CONDUCTOR_DERIVED_USING_DOCUMENTED_PORTUGUESE_PROJECT_RESISTANCE,PROJECT_PARAMETER_TRANSFER_ENGINEERING_ASSUMPTION,CONDUCTOR_R
LINE:004608,0.1088892445582586,CONDUCTOR_DERIVED_USING_DOCUMENTED_PORTUGUESE_PROJECT_RESISTANCE,PROJECT_PARAMETER_TRANSFER_ENGINEERING_ASSUMPTION,CONDUCTOR_R
LINE:004615,0.1051847161028993,CONDUCTOR_DERIVED_USING_DOCUMENTED_PORTUGUESE_PROJECT_RESISTANCE,PROJECT_PARAMETER_TRANSFER_ENGINEERING_ASSUMPTION,CONDUCTOR_R
LINE:004616,0.1051847161028993,CONDUCTOR_DERIVED_USING_DOCUMENTED_PORTUGUESE_PROJECT_RESISTANCE,PROJECT_PARAMETER_TRANSFER_ENGINEERING_ASSUMPTION,CONDUCTOR_R
LINE:004622,0.1093,CONDUCTOR_DERIVED_USING_DOCUMENTED_PORTUGUESE_PROJECT_RESISTANCE,PROJECT_PARAMETER_TRANSFER_ENGINEERING_ASSUMPTION,CONDUCTOR_R
LINE:004623,0.1110078125,CONDUCTOR_DERIVED_USING_DOCUMENTED_PORTUGUESE_PROJECT_RESISTANCE,PROJECT_PARAMETER_TRANSFER_ENGINEERING_ASSUMPTION,CONDUCTOR_R
LINE:004624,0.222015625,CONDUCTOR_DERIVED_USING_DOCUMENTED_PORTUGUESE_PROJECT_RESISTANCE,PROJECT_PARAMETER_TRANSFER_ENGINEERING_ASSUMPTION,CONDUCTOR_R
LINE:004625,0.222015625,CONDUCTOR_DERIVED_USING_DOCUMENTED_PORTUGUESE_PROJECT_RESISTANCE,PROJECT_PARAMETER_TRANSFER_ENGINEERING_ASSUMPTION,CONDUCTOR_R
LINE:004640,0.0754,CONDUCTOR_DERIVED_USING_DOCUMENTED_PORTUGUESE_PROJECT_RESISTANCE,PROJECT_PARAMETER_TRANSFER_ENGINEERING_ASSUMPTION,CONDUCTOR_R
LINE:004641,0.0754,CONDUCTOR_DERIVED_USING_DOCUMENTED_PORTUGUESE_PROJECT_RESISTANCE,PROJECT_PARAMETER_TRANSFER_ENGINEERING_ASSUMPTION,CONDUCTOR_R
LINE:004643,0.0754,CONDUCTOR_DERIVED_USING_DOCUMENTED_PORTUGUESE_PROJECT_RESISTANCE,PROJECT_PARAMETER_TRANSFER_ENGINEERING_ASSUMPTION,CONDUCTOR_R
LINE:004650,0.05465,CONDUCTOR_DERIVED_USING_DOCUMENTED_PORTUGUESE_PROJECT_RESISTANCE,PROJECT_PARAMETER_TRANSFER_ENGINEERING_ASSUMPTION,CONDUCTOR_R
LINE:004658,0.1089433794466403,CONDUCTOR_DERIVED_USING_DOCUMENTED_PORTUGUESE_PROJECT_RESISTANCE,PROJECT_PARAMETER_TRANSFER_ENGINEERING_ASSUMPTION,CONDUCTOR_R
LINE:004666,0.222015625,CONDUCTOR_DERIVED_USING_DOCUMENTED_PORTUGUESE_PROJECT_RESISTANCE,PROJECT_PARAMETER_TRANSFER_ENGINEERING_ASSUMPTION,CONDUCTOR_R
LINE:004673,0.1093,CONDUCTOR_DERIVED_USING_DOCUMENTED_PORTUGUESE_PROJECT_RESISTANCE,PROJECT_PARAMETER_TRANSFER_ENGINEERING_ASSUMPTION,CONDUCTOR_R
LINE:004674,0.222015625,CONDUCTOR_DERIVED_USING_DOCUMENTED_PORTUGUESE_PROJECT_RESISTANCE,PROJECT_PARAMETER_TRANSFER_ENGINEERING_ASSUMPTION,CONDUCTOR_R
LINE:004675,0.222015625,CONDUCTOR_DERIVED_USING_DOCUMENTED_PORTUGUESE_PROJECT_RESISTANCE,PROJECT_PARAMETER_TRANSFER_ENGINEERING_ASSUMPTION,CONDUCTOR_R
LINE:004682,0.05465,CONDUCTOR_DERIVED_USING_DOCUMENTED_PORTUGUESE_PROJECT_RESISTANCE,PROJECT_PARAMETER_TRANSFER_ENGINEERING_ASSUMPTION,CONDUCTOR_R
LINE:004687,0.05465,CONDUCTOR_DERIVED_USING_DOCUMENTED_PORTUGUESE_PROJECT_RESISTANCE,PROJECT_PARAMETER_TRANSFER_ENGINEERING_ASSUMPTION,CONDUCTOR_R
LINE:004688,0.05465,CONDUCTOR_DERIVED_USING_DOCUMENTED_PORTUGUESE_PROJECT_RESISTANCE,PROJECT_PARAMETER_TRANSFER_ENGINEERING_ASSUMPTION,CONDUCTOR_R
LINE:004689,0.05465,CONDUCTOR_DERIVED_USING_DOCUMENTED_PORTUGUESE_PROJECT_RESISTANCE,PROJECT_PARAMETER_TRANSFER_ENGINEERING_ASSUMPTION,CONDUCTOR_R
LINE:004690,0.1093,CONDUCTOR_DERIVED_USING_DOCUMENTED_PORTUGUESE_PROJECT_RESISTANCE,PROJECT_PARAMETER_TRANSFER_ENGINEERING_ASSUMPTION,CONDUCTOR_R
LINE:004691,0.1093,CONDUCTOR_DERIVED_USING_DOCUMENTED_PORTUGUESE_PROJECT_RESISTANCE,PROJECT_PARAMETER_TRANSFER_ENGINEERING_ASSUMPTION,CONDUCTOR_R
LINE:004694,0.1110078125,CONDUCTOR_DERIVED_USING_DOCUMENTED_PORTUGUESE_PROJECT_RESISTANCE,PROJECT_PARAMETER_TRANSFER_ENGINEERING_ASSUMPTION,CONDUCTOR_R
LINE:004696,0.1110078125,CONDUCTOR_DERIVED_USING_DOCUMENTED_PORTUGUESE_PROJECT_RESISTANCE,PROJECT_PARAMETER_TRANSFER_ENGINEERING_ASSUMPTION,CONDUCTOR_R
LINE:004700,0.1667812775633958,CONDUCTOR_DERIVED_USING_DOCUMENTED_PORTUGUESE_PROJECT_RESISTANCE,PROJECT_PARAMETER_TRANSFER_ENGINEERING_ASSUMPTION,CONDUCTOR_R
LINE:004701,0.1667812775633958,CONDUCTOR_DERIVED_USING_DOCUMENTED_PORTUGUESE_PROJECT_RESISTANCE,PROJECT_PARAMETER_TRANSFER_ENGINEERING_ASSUMPTION,CONDUCTOR_R
LINE:004702,0.11093412048274,CONDUCTOR_DERIVED_USING_DOCUMENTED_PORTUGUESE_PROJECT_RESISTANCE,PROJECT_PARAMETER_TRANSFER_ENGINEERING_ASSUMPTION,CONDUCTOR_R
LINE:004703,0.222015625,CONDUCTOR_DERIVED_USING_DOCUMENTED_PORTUGUESE_PROJECT_RESISTANCE,PROJECT_PARAMETER_TRANSFER_ENGINEERING_ASSUMPTION,CONDUCTOR_R
LINE:004704,0.222015625,CONDUCTOR_DERIVED_USING_DOCUMENTED_PORTUGUESE_PROJECT_RESISTANCE,PROJECT_PARAMETER_TRANSFER_ENGINEERING_ASSUMPTION,CONDUCTOR_R
LINE:004711,0.2220156249999999,CONDUCTOR_DERIVED_USING_DOCUMENTED_PORTUGUESE_PROJECT_RESISTANCE,PROJECT_PARAMETER_TRANSFER_ENGINEERING_ASSUMPTION,CONDUCTOR_R
LINE:004712,0.2220156249999999,CONDUCTOR_DERIVED_USING_DOCUMENTED_PORTUGUESE_PROJECT_RESISTANCE,PROJECT_PARAMETER_TRANSFER_ENGINEERING_ASSUMPTION,CONDUCTOR_R
LINE:004714,0.1093,CONDUCTOR_DERIVED_USING_DOCUMENTED_PORTUGUESE_PROJECT_RESISTANCE,PROJECT_PARAMETER_TRANSFER_ENGINEERING_ASSUMPTION,CONDUCTOR_R
LINE:004715,0.1093,CONDUCTOR_DERIVED_USING_DOCUMENTED_PORTUGUESE_PROJECT_RESISTANCE,PROJECT_PARAMETER_TRANSFER_ENGINEERING_ASSUMPTION,CONDUCTOR_R
LINE:004716,0.1093,CONDUCTOR_DERIVED_USING_DOCUMENTED_PORTUGUESE_PROJECT_RESISTANCE,PROJECT_PARAMETER_TRANSFER_ENGINEERING_ASSUMPTION,CONDUCTOR_R
LINE:004723,0.1093,CONDUCTOR_DERIVED_USING_DOCUMENTED_PORTUGUESE_PROJECT_RESISTANCE,PROJECT_PARAMETER_TRANSFER_ENGINEERING_ASSUMPTION,CONDUCTOR_R
LINE:004724,0.1093,CONDUCTOR_DERIVED_USING_DOCUMENTED_PORTUGUESE_PROJECT_RESISTANCE,PROJECT_PARAMETER_TRANSFER_ENGINEERING_ASSUMPTION,CONDUCTOR_R
LINE:004727,0.222015625,CONDUCTOR_DERIVED_USING_DOCUMENTED_PORTUGUESE_PROJECT_RESISTANCE,PROJECT_PARAMETER_TRANSFER_ENGINEERING_ASSUMPTION,CONDUCTOR_R
LINE:004733,0.1118582027409046,CONDUCTOR_DERIVED_USING_DOCUMENTED_PORTUGUESE_PROJECT_RESISTANCE,PROJECT_PARAMETER_TRANSFER_ENGINEERING_ASSUMPTION,CONDUCTOR_R
LINE:004734,0.1118582027409046,CONDUCTOR_DERIVED_USING_DOCUMENTED_PORTUGUESE_PROJECT_RESISTANCE,PROJECT_PARAMETER_TRANSFER_ENGINEERING_ASSUMPTION,CONDUCTOR_R
LINE:004735,0.1118582027409046,CONDUCTOR_DERIVED_USING_DOCUMENTED_PORTUGUESE_PROJECT_RESISTANCE,PROJECT_PARAMETER_TRANSFER_ENGINEERING_ASSUMPTION,CONDUCTOR_R
LINE:004736,0.1118582027409046,CONDUCTOR_DERIVED_USING_DOCUMENTED_PORTUGUESE_PROJECT_RESISTANCE,PROJECT_PARAMETER_TRANSFER_ENGINEERING_ASSUMPTION,CONDUCTOR_R
LINE:004737,0.222015625,CONDUCTOR_DERIVED_USING_DOCUMENTED_PORTUGUESE_PROJECT_RESISTANCE,PROJECT_PARAMETER_TRANSFER_ENGINEERING_ASSUMPTION,CONDUCTOR_R
LINE:004739,0.222015625,CONDUCTOR_DERIVED_USING_DOCUMENTED_PORTUGUESE_PROJECT_RESISTANCE,PROJECT_PARAMETER_TRANSFER_ENGINEERING_ASSUMPTION,CONDUCTOR_R
LINE:004741,0.1093,CONDUCTOR_DERIVED_USING_DOCUMENTED_PORTUGUESE_PROJECT_RESISTANCE,PROJECT_PARAMETER_TRANSFER_ENGINEERING_ASSUMPTION,CONDUCTOR_R
LINE:004752,0.1093,CONDUCTOR_DERIVED_USING_DOCUMENTED_PORTUGUESE_PROJECT_RESISTANCE,PROJECT_PARAMETER_TRANSFER_ENGINEERING_ASSUMPTION,CONDUCTOR_R
LINE:004753,0.222015625,CONDUCTOR_DERIVED_USING_DOCUMENTED_PORTUGUESE_PROJECT_RESISTANCE,PROJECT_PARAMETER_TRANSFER_ENGINEERING_ASSUMPTION,CONDUCTOR_R
LINE:004754,0.222015625,CONDUCTOR_DERIVED_USING_DOCUMENTED_PORTUGUESE_PROJECT_RESISTANCE,PROJECT_PARAMETER_TRANSFER_ENGINEERING_ASSUMPTION,CONDUCTOR_R
LINE:004755,0.222015625,CONDUCTOR_DERIVED_USING_DOCUMENTED_PORTUGUESE_PROJECT_RESISTANCE,PROJECT_PARAMETER_TRANSFER_ENGINEERING_ASSUMPTION,CONDUCTOR_R
LINE:004758,0.1110078125,CONDUCTOR_DERIVED_USING_DOCUMENTED_PORTUGUESE_PROJECT_RESISTANCE,PROJECT_PARAMETER_TRANSFER_ENGINEERING_ASSUMPTION,CONDUCTOR_R
LINE:004762,0.1110078125,CONDUCTOR_DERIVED_USING_DOCUMENTED_PORTUGUESE_PROJECT_RESISTANCE,PROJECT_PARAMETER_TRANSFER_ENGINEERING_ASSUMPTION,CONDUCTOR_R
LINE:004763,0.222015625,CONDUCTOR_DERIVED_USING_DOCUMENTED_PORTUGUESE_PROJECT_RESISTANCE,PROJECT_PARAMETER_TRANSFER_ENGINEERING_ASSUMPTION,CONDUCTOR_R
LINE:004764,0.222015625,CONDUCTOR_DERIVED_USING_DOCUMENTED_PORTUGUESE_PROJECT_RESISTANCE,PROJECT_PARAMETER_TRANSFER_ENGINEERING_ASSUMPTION,CONDUCTOR_R
LINE:004765,0.1110078125,CONDUCTOR_DERIVED_USING_DOCUMENTED_PORTUGUESE_PROJECT_RESISTANCE,PROJECT_PARAMETER_TRANSFER_ENGINEERING_ASSUMPTION,CONDUCTOR_R
LINE:004766,0.222015625,CONDUCTOR_DERIVED_USING_DOCUMENTED_PORTUGUESE_PROJECT_RESISTANCE,PROJECT_PARAMETER_TRANSFER_ENGINEERING_ASSUMPTION,CONDUCTOR_R
LINE:004778,0.1051847161028993,CONDUCTOR_DERIVED_USING_DOCUMENTED_PORTUGUESE_PROJECT_RESISTANCE,PROJECT_PARAMETER_TRANSFER_ENGINEERING_ASSUMPTION,CONDUCTOR_R
LINE:004779,0.222015625,CONDUCTOR_DERIVED_USING_DOCUMENTED_PORTUGUESE_PROJECT_RESISTANCE,PROJECT_PARAMETER_TRANSFER_ENGINEERING_ASSUMPTION,CONDUCTOR_R
LINE:004780,0.1051847161028993,CONDUCTOR_DERIVED_USING_DOCUMENTED_PORTUGUESE_PROJECT_RESISTANCE,PROJECT_PARAMETER_TRANSFER_ENGINEERING_ASSUMPTION,CONDUCTOR_R
LINE:004783,0.047,CONDUCTOR_DERIVED_USING_DOCUMENTED_PORTUGUESE_PROJECT_RESISTANCE,PROJECT_PARAMETER_TRANSFER_ENGINEERING_ASSUMPTION,CONDUCTOR_R
LINE:004785,0.047,CONDUCTOR_DERIVED_USING_DOCUMENTED_PORTUGUESE_PROJECT_RESISTANCE,PROJECT_PARAMETER_TRANSFER_ENGINEERING_ASSUMPTION,CONDUCTOR_R
LINE:004786,0.047,CONDUCTOR_DERIVED_USING_DOCUMENTED_PORTUGUESE_PROJECT_RESISTANCE,PROJECT_PARAMETER_TRANSFER_ENGINEERING_ASSUMPTION,CONDUCTOR_R
LINE:004793,0.1667812775633958,CONDUCTOR_DERIVED_USING_DOCUMENTED_PORTUGUESE_PROJECT_RESISTANCE,PROJECT_PARAMETER_TRANSFER_ENGINEERING_ASSUMPTION,CONDUCTOR_R
LINE:004796,0.222015625,CONDUCTOR_DERIVED_USING_DOCUMENTED_PORTUGUESE_PROJECT_RESISTANCE,PROJECT_PARAMETER_TRANSFER_ENGINEERING_ASSUMPTION,CONDUCTOR_R
LINE:004799,0.1093,CONDUCTOR_DERIVED_USING_DOCUMENTED_PORTUGUESE_PROJECT_RESISTANCE,PROJECT_PARAMETER_TRANSFER_ENGINEERING_ASSUMPTION,CONDUCTOR_R
LINE:004800,0.1093,CONDUCTOR_DERIVED_USING_DOCUMENTED_PORTUGUESE_PROJECT_RESISTANCE,PROJECT_PARAMETER_TRANSFER_ENGINEERING_ASSUMPTION,CONDUCTOR_R
LINE:004805,0.1093,CONDUCTOR_DERIVED_USING_DOCUMENTED_PORTUGUESE_PROJECT_RESISTANCE,PROJECT_PARAMETER_TRANSFER_ENGINEERING_ASSUMPTION,CONDUCTOR_R
LINE:004813,0.1876636663866829,CONDUCTOR_DERIVED_USING_DOCUMENTED_PORTUGUESE_PROJECT_RESISTANCE,PROJECT_PARAMETER_TRANSFER_ENGINEERING_ASSUMPTION,CONDUCTOR_R
LINE:004820,0.1093,CONDUCTOR_DERIVED_USING_DOCUMENTED_PORTUGUESE_PROJECT_RESISTANCE,PROJECT_PARAMETER_TRANSFER_ENGINEERING_ASSUMPTION,CONDUCTOR_R
LINE:004821,0.1093,CONDUCTOR_DERIVED_USING_DOCUMENTED_PORTUGUESE_PROJECT_RESISTANCE,PROJECT_PARAMETER_TRANSFER_ENGINEERING_ASSUMPTION,CONDUCTOR_R
LINE:004831,0.222015625,CONDUCTOR_DERIVED_USING_DOCUMENTED_PORTUGUESE_PROJECT_RESISTANCE,PROJECT_PARAMETER_TRANSFER_ENGINEERING_ASSUMPTION,CONDUCTOR_R
LINE:004833,0.222015625,CONDUCTOR_DERIVED_USING_DOCUMENTED_PORTUGUESE_PROJECT_RESISTANCE,PROJECT_PARAMETER_TRANSFER_ENGINEERING_ASSUMPTION,CONDUCTOR_R
LINE:004836,0.05465,CONDUCTOR_DERIVED_USING_DOCUMENTED_PORTUGUESE_PROJECT_RESISTANCE,PROJECT_PARAMETER_TRANSFER_ENGINEERING_ASSUMPTION,CONDUCTOR_R
LINE:004837,0.05465,CONDUCTOR_DERIVED_USING_DOCUMENTED_PORTUGUESE_PROJECT_RESISTANCE,PROJECT_PARAMETER_TRANSFER_ENGINEERING_ASSUMPTION,CONDUCTOR_R
LINE:004851,0.222015625,CONDUCTOR_DERIVED_USING_DOCUMENTED_PORTUGUESE_PROJECT_RESISTANCE,PROJECT_PARAMETER_TRANSFER_ENGINEERING_ASSUMPTION,CONDUCTOR_R
LINE:004852,0.222015625,CONDUCTOR_DERIVED_USING_DOCUMENTED_PORTUGUESE_PROJECT_RESISTANCE,PROJECT_PARAMETER_TRANSFER_ENGINEERING_ASSUMPTION,CONDUCTOR_R
LINE:004854,0.1093,CONDUCTOR_DERIVED_USING_DOCUMENTED_PORTUGUESE_PROJECT_RESISTANCE,PROJECT_PARAMETER_TRANSFER_ENGINEERING_ASSUMPTION,CONDUCTOR_R
LINE:004855,0.222015625,CONDUCTOR_DERIVED_USING_DOCUMENTED_PORTUGUESE_PROJECT_RESISTANCE,PROJECT_PARAMETER_TRANSFER_ENGINEERING_ASSUMPTION,CONDUCTOR_R
LINE:004867,0.0554589638157894,CONDUCTOR_DERIVED_USING_DOCUMENTED_PORTUGUESE_PROJECT_RESISTANCE,PROJECT_PARAMETER_TRANSFER_ENGINEERING_ASSUMPTION,CONDUCTOR_R
LINE:004874,0.1876636663866829,CONDUCTOR_DERIVED_USING_DOCUMENTED_PORTUGUESE_PROJECT_RESISTANCE,PROJECT_PARAMETER_TRANSFER_ENGINEERING_ASSUMPTION,CONDUCTOR_R
LINE:004878,0.1066566619915848,CONDUCTOR_DERIVED_USING_DOCUMENTED_PORTUGUESE_PROJECT_RESISTANCE,PROJECT_PARAMETER_TRANSFER_ENGINEERING_ASSUMPTION,CONDUCTOR_R
LINE:004879,0.1066566619915848,CONDUCTOR_DERIVED_USING_DOCUMENTED_PORTUGUESE_PROJECT_RESISTANCE,PROJECT_PARAMETER_TRANSFER_ENGINEERING_ASSUMPTION,CONDUCTOR_R
LINE:004890,0.1093,CONDUCTOR_DERIVED_USING_DOCUMENTED_PORTUGUESE_PROJECT_RESISTANCE,PROJECT_PARAMETER_TRANSFER_ENGINEERING_ASSUMPTION,CONDUCTOR_R
LINE:004893,0.1093,CONDUCTOR_DERIVED_USING_DOCUMENTED_PORTUGUESE_PROJECT_RESISTANCE,PROJECT_PARAMETER_TRANSFER_ENGINEERING_ASSUMPTION,CONDUCTOR_R
LINE:004894,0.222015625,CONDUCTOR_DERIVED_USING_DOCUMENTED_PORTUGUESE_PROJECT_RESISTANCE,PROJECT_PARAMETER_TRANSFER_ENGINEERING_ASSUMPTION,CONDUCTOR_R
LINE:004896,0.1093,CONDUCTOR_DERIVED_USING_DOCUMENTED_PORTUGUESE_PROJECT_RESISTANCE,PROJECT_PARAMETER_TRANSFER_ENGINEERING_ASSUMPTION,CONDUCTOR_R
LINE:004902,0.0754,CONDUCTOR_DERIVED_USING_DOCUMENTED_PORTUGUESE_PROJECT_RESISTANCE,PROJECT_PARAMETER_TRANSFER_ENGINEERING_ASSUMPTION,CONDUCTOR_R
LINE:004925,0.222015625,CONDUCTOR_DERIVED_USING_DOCUMENTED_PORTUGUESE_PROJECT_RESISTANCE,PROJECT_PARAMETER_TRANSFER_ENGINEERING_ASSUMPTION,CONDUCTOR_R
LINE:004934,0.1876636663866829,CONDUCTOR_DERIVED_USING_DOCUMENTED_PORTUGUESE_PROJECT_RESISTANCE,PROJECT_PARAMETER_TRANSFER_ENGINEERING_ASSUMPTION,CONDUCTOR_R
LINE:004935,0.1876636663866829,CONDUCTOR_DERIVED_USING_DOCUMENTED_PORTUGUESE_PROJECT_RESISTANCE,PROJECT_PARAMETER_TRANSFER_ENGINEERING_ASSUMPTION,CONDUCTOR_R
LINE:004936,0.1876636663866829,CONDUCTOR_DERIVED_USING_DOCUMENTED_PORTUGUESE_PROJECT_RESISTANCE,PROJECT_PARAMETER_TRANSFER_ENGINEERING_ASSUMPTION,CONDUCTOR_R
LINE:004937,0.1876636663866829,CONDUCTOR_DERIVED_USING_DOCUMENTED_PORTUGUESE_PROJECT_RESISTANCE,PROJECT_PARAMETER_TRANSFER_ENGINEERING_ASSUMPTION,CONDUCTOR_R
LINE:004947,0.222015625,CONDUCTOR_DERIVED_USING_DOCUMENTED_PORTUGUESE_PROJECT_RESISTANCE,PROJECT_PARAMETER_TRANSFER_ENGINEERING_ASSUMPTION,CONDUCTOR_R
LINE:004948,0.222015625,CONDUCTOR_DERIVED_USING_DOCUMENTED_PORTUGUESE_PROJECT_RESISTANCE,PROJECT_PARAMETER_TRANSFER_ENGINEERING_ASSUMPTION,CONDUCTOR_R
LINE:004955,0.222015625,CONDUCTOR_DERIVED_USING_DOCUMENTED_PORTUGUESE_PROJECT_RESISTANCE,PROJECT_PARAMETER_TRANSFER_ENGINEERING_ASSUMPTION,CONDUCTOR_R
LINE:004956,0.1585306361607142,CONDUCTOR_DERIVED_USING_DOCUMENTED_PORTUGUESE_PROJECT_RESISTANCE,PROJECT_PARAMETER_TRANSFER_ENGINEERING_ASSUMPTION,CONDUCTOR_R
LINE:004957,0.1585306361607142,CONDUCTOR_DERIVED_USING_DOCUMENTED_PORTUGUESE_PROJECT_RESISTANCE,PROJECT_PARAMETER_TRANSFER_ENGINEERING_ASSUMPTION,CONDUCTOR_R
LINE:004958,0.1585306361607142,CONDUCTOR_DERIVED_USING_DOCUMENTED_PORTUGUESE_PROJECT_RESISTANCE,PROJECT_PARAMETER_TRANSFER_ENGINEERING_ASSUMPTION,CONDUCTOR_R
LINE:004973,0.1093,CONDUCTOR_DERIVED_USING_DOCUMENTED_PORTUGUESE_PROJECT_RESISTANCE,PROJECT_PARAMETER_TRANSFER_ENGINEERING_ASSUMPTION,CONDUCTOR_R
LINE:004974,0.1086013084112149,CONDUCTOR_DERIVED_USING_DOCUMENTED_PORTUGUESE_PROJECT_RESISTANCE,PROJECT_PARAMETER_TRANSFER_ENGINEERING_ASSUMPTION,CONDUCTOR_R
LINE:004976,0.1086013084112149,CONDUCTOR_DERIVED_USING_DOCUMENTED_PORTUGUESE_PROJECT_RESISTANCE,PROJECT_PARAMETER_TRANSFER_ENGINEERING_ASSUMPTION,CONDUCTOR_R
LINE:004978,0.1093,CONDUCTOR_DERIVED_USING_DOCUMENTED_PORTUGUESE_PROJECT_RESISTANCE,PROJECT_PARAMETER_TRANSFER_ENGINEERING_ASSUMPTION,CONDUCTOR_R
LINE:004980,0.222015625,CONDUCTOR_DERIVED_USING_DOCUMENTED_PORTUGUESE_PROJECT_RESISTANCE,PROJECT_PARAMETER_TRANSFER_ENGINEERING_ASSUMPTION,CONDUCTOR_R
LINE:004982,0.222015625,CONDUCTOR_DERIVED_USING_DOCUMENTED_PORTUGUESE_PROJECT_RESISTANCE,PROJECT_PARAMETER_TRANSFER_ENGINEERING_ASSUMPTION,CONDUCTOR_R
LINE:004983,0.1090964467005076,CONDUCTOR_DERIVED_USING_DOCUMENTED_PORTUGUESE_PROJECT_RESISTANCE,PROJECT_PARAMETER_TRANSFER_ENGINEERING_ASSUMPTION,CONDUCTOR_R
LINE:004984,0.0755797872340425,CONDUCTOR_DERIVED_USING_DOCUMENTED_PORTUGUESE_PROJECT_RESISTANCE,PROJECT_PARAMETER_TRANSFER_ENGINEERING_ASSUMPTION,CONDUCTOR_R
LINE:004986,0.1093,CONDUCTOR_DERIVED_USING_DOCUMENTED_PORTUGUESE_PROJECT_RESISTANCE,PROJECT_PARAMETER_TRANSFER_ENGINEERING_ASSUMPTION,CONDUCTOR_R
LINE:004987,0.1361592697740442,CONDUCTOR_DERIVED_USING_DOCUMENTED_PORTUGUESE_PROJECT_RESISTANCE,PROJECT_PARAMETER_TRANSFER_ENGINEERING_ASSUMPTION,CONDUCTOR_R
LINE:004994,0.1005884658454647,CONDUCTOR_DERIVED_USING_DOCUMENTED_PORTUGUESE_PROJECT_RESISTANCE,PROJECT_PARAMETER_TRANSFER_ENGINEERING_ASSUMPTION,CONDUCTOR_R
LINE:004995,0.1005884658454647,CONDUCTOR_DERIVED_USING_DOCUMENTED_PORTUGUESE_PROJECT_RESISTANCE,PROJECT_PARAMETER_TRANSFER_ENGINEERING_ASSUMPTION,CONDUCTOR_R
LINE:004996,0.2118248528587444,CONDUCTOR_DERIVED_USING_DOCUMENTED_PORTUGUESE_PROJECT_RESISTANCE,PROJECT_PARAMETER_TRANSFER_ENGINEERING_ASSUMPTION,CONDUCTOR_R
LINE:004997,0.0754,CONDUCTOR_DERIVED_USING_DOCUMENTED_PORTUGUESE_PROJECT_RESISTANCE,PROJECT_PARAMETER_TRANSFER_ENGINEERING_ASSUMPTION,CONDUCTOR_R
LINE:005002,0.0595754237288135,CONDUCTOR_DERIVED_USING_DOCUMENTED_PORTUGUESE_PROJECT_RESISTANCE,PROJECT_PARAMETER_TRANSFER_ENGINEERING_ASSUMPTION,CONDUCTOR_R
LINE:005004,0.047,CONDUCTOR_DERIVED_USING_DOCUMENTED_PORTUGUESE_PROJECT_RESISTANCE,PROJECT_PARAMETER_TRANSFER_ENGINEERING_ASSUMPTION,CONDUCTOR_R
LINE:005005,0.047,CONDUCTOR_DERIVED_USING_DOCUMENTED_PORTUGUESE_PROJECT_RESISTANCE,PROJECT_PARAMETER_TRANSFER_ENGINEERING_ASSUMPTION,CONDUCTOR_R
LINE:005006,0.047,CONDUCTOR_DERIVED_USING_DOCUMENTED_PORTUGUESE_PROJECT_RESISTANCE,PROJECT_PARAMETER_TRANSFER_ENGINEERING_ASSUMPTION,CONDUCTOR_R
LINE:005012,0.1093,CONDUCTOR_DERIVED_USING_DOCUMENTED_PORTUGUESE_PROJECT_RESISTANCE,PROJECT_PARAMETER_TRANSFER_ENGINEERING_ASSUMPTION,CONDUCTOR_R
LINE:005021,0.1110078125,CONDUCTOR_DERIVED_USING_DOCUMENTED_PORTUGUESE_PROJECT_RESISTANCE,PROJECT_PARAMETER_TRANSFER_ENGINEERING_ASSUMPTION,CONDUCTOR_R
LINE:005022,0.0291,CONDUCTOR_DERIVED_USING_DOCUMENTED_PORTUGUESE_PROJECT_RESISTANCE,PROJECT_PARAMETER_TRANSFER_ENGINEERING_ASSUMPTION,CONDUCTOR_R
LINE:005023,0.0291,CONDUCTOR_DERIVED_USING_DOCUMENTED_PORTUGUESE_PROJECT_RESISTANCE,PROJECT_PARAMETER_TRANSFER_ENGINEERING_ASSUMPTION,CONDUCTOR_R
LINE:005024,0.0472952606635071,CONDUCTOR_DERIVED_USING_DOCUMENTED_PORTUGUESE_PROJECT_RESISTANCE,PROJECT_PARAMETER_TRANSFER_ENGINEERING_ASSUMPTION,CONDUCTOR_R
LINE:005026,0.0291,CONDUCTOR_DERIVED_USING_DOCUMENTED_PORTUGUESE_PROJECT_RESISTANCE,PROJECT_PARAMETER_TRANSFER_ENGINEERING_ASSUMPTION,CONDUCTOR_R
LINE:005030,0.1093,CONDUCTOR_DERIVED_USING_DOCUMENTED_PORTUGUESE_PROJECT_RESISTANCE,PROJECT_PARAMETER_TRANSFER_ENGINEERING_ASSUMPTION,CONDUCTOR_R
LINE:005031,0.1093,CONDUCTOR_DERIVED_USING_DOCUMENTED_PORTUGUESE_PROJECT_RESISTANCE,PROJECT_PARAMETER_TRANSFER_ENGINEERING_ASSUMPTION,CONDUCTOR_R
LINE:005033,0.1090964467005076,CONDUCTOR_DERIVED_USING_DOCUMENTED_PORTUGUESE_PROJECT_RESISTANCE,PROJECT_PARAMETER_TRANSFER_ENGINEERING_ASSUMPTION,CONDUCTOR_R
LINE:005038,0.2052078533568904,CONDUCTOR_DERIVED_USING_DOCUMENTED_PORTUGUESE_PROJECT_RESISTANCE,PROJECT_PARAMETER_TRANSFER_ENGINEERING_ASSUMPTION,CONDUCTOR_R
LINE:005039,0.2052078533568904,CONDUCTOR_DERIVED_USING_DOCUMENTED_PORTUGUESE_PROJECT_RESISTANCE,PROJECT_PARAMETER_TRANSFER_ENGINEERING_ASSUMPTION,CONDUCTOR_R
LINE:005042,0.0753740168539326,CONDUCTOR_DERIVED_USING_DOCUMENTED_PORTUGUESE_PROJECT_RESISTANCE,PROJECT_PARAMETER_TRANSFER_ENGINEERING_ASSUMPTION,CONDUCTOR_R
LINE:005044,0.1093,CONDUCTOR_DERIVED_USING_DOCUMENTED_PORTUGUESE_PROJECT_RESISTANCE,PROJECT_PARAMETER_TRANSFER_ENGINEERING_ASSUMPTION,CONDUCTOR_R
LINE:005055,0.1093,CONDUCTOR_DERIVED_USING_DOCUMENTED_PORTUGUESE_PROJECT_RESISTANCE,PROJECT_PARAMETER_TRANSFER_ENGINEERING_ASSUMPTION,CONDUCTOR_R
LINE:005056,0.1066566619915848,CONDUCTOR_DERIVED_USING_DOCUMENTED_PORTUGUESE_PROJECT_RESISTANCE,PROJECT_PARAMETER_TRANSFER_ENGINEERING_ASSUMPTION,CONDUCTOR_R
LINE:005058,0.05465,CONDUCTOR_DERIVED_USING_DOCUMENTED_PORTUGUESE_PROJECT_RESISTANCE,PROJECT_PARAMETER_TRANSFER_ENGINEERING_ASSUMPTION,CONDUCTOR_R
LINE:005059,0.05465,CONDUCTOR_DERIVED_USING_DOCUMENTED_PORTUGUESE_PROJECT_RESISTANCE,PROJECT_PARAMETER_TRANSFER_ENGINEERING_ASSUMPTION,CONDUCTOR_R
LINE:005060,0.0757417613636363,CONDUCTOR_DERIVED_USING_DOCUMENTED_PORTUGUESE_PROJECT_RESISTANCE,PROJECT_PARAMETER_TRANSFER_ENGINEERING_ASSUMPTION,CONDUCTOR_R
LINE:005061,0.0361270595690747,CONDUCTOR_DERIVED_USING_DOCUMENTED_PORTUGUESE_PROJECT_RESISTANCE,PROJECT_PARAMETER_TRANSFER_ENGINEERING_ASSUMPTION,CONDUCTOR_R
LINE:005062,0.1093,CONDUCTOR_DERIVED_USING_DOCUMENTED_PORTUGUESE_PROJECT_RESISTANCE,PROJECT_PARAMETER_TRANSFER_ENGINEERING_ASSUMPTION,CONDUCTOR_R
LINE:005064,0.0887700204793689,CONDUCTOR_DERIVED_USING_DOCUMENTED_PORTUGUESE_PROJECT_RESISTANCE,PROJECT_PARAMETER_TRANSFER_ENGINEERING_ASSUMPTION,CONDUCTOR_R
LINE:005069,0.222015625,CONDUCTOR_DERIVED_USING_DOCUMENTED_PORTUGUESE_PROJECT_RESISTANCE,PROJECT_PARAMETER_TRANSFER_ENGINEERING_ASSUMPTION,CONDUCTOR_R
LINE:005074,0.220065084534368,CONDUCTOR_DERIVED_USING_DOCUMENTED_PORTUGUESE_PROJECT_RESISTANCE,PROJECT_PARAMETER_TRANSFER_ENGINEERING_ASSUMPTION,CONDUCTOR_R
LINE:005078,0.0754,CONDUCTOR_DERIVED_USING_DOCUMENTED_PORTUGUESE_PROJECT_RESISTANCE,PROJECT_PARAMETER_TRANSFER_ENGINEERING_ASSUMPTION,CONDUCTOR_R
LINE:005079,0.0754,CONDUCTOR_DERIVED_USING_DOCUMENTED_PORTUGUESE_PROJECT_RESISTANCE,PROJECT_PARAMETER_TRANSFER_ENGINEERING_ASSUMPTION,CONDUCTOR_R
LINE:005096,0.1093,CONDUCTOR_DERIVED_USING_DOCUMENTED_PORTUGUESE_PROJECT_RESISTANCE,PROJECT_PARAMETER_TRANSFER_ENGINEERING_ASSUMPTION,CONDUCTOR_R
LINE:005114,0.1093,CONDUCTOR_DERIVED_USING_DOCUMENTED_PORTUGUESE_PROJECT_RESISTANCE,PROJECT_PARAMETER_TRANSFER_ENGINEERING_ASSUMPTION,CONDUCTOR_R
LINE:005115,0.1093,CONDUCTOR_DERIVED_USING_DOCUMENTED_PORTUGUESE_PROJECT_RESISTANCE,PROJECT_PARAMETER_TRANSFER_ENGINEERING_ASSUMPTION,CONDUCTOR_R
LINE:005122,0.0847443820224719,CONDUCTOR_DERIVED_USING_DOCUMENTED_PORTUGUESE_PROJECT_RESISTANCE,PROJECT_PARAMETER_TRANSFER_ENGINEERING_ASSUMPTION,CONDUCTOR_R
LINE:005125,0.1093,CONDUCTOR_DERIVED_USING_DOCUMENTED_PORTUGUESE_PROJECT_RESISTANCE,PROJECT_PARAMETER_TRANSFER_ENGINEERING_ASSUMPTION,CONDUCTOR_R
LINE:005128,0.1876636663866829,CONDUCTOR_DERIVED_USING_DOCUMENTED_PORTUGUESE_PROJECT_RESISTANCE,PROJECT_PARAMETER_TRANSFER_ENGINEERING_ASSUMPTION,CONDUCTOR_R
LINE:005136,0.05465,CONDUCTOR_DERIVED_USING_DOCUMENTED_PORTUGUESE_PROJECT_RESISTANCE,PROJECT_PARAMETER_TRANSFER_ENGINEERING_ASSUMPTION,CONDUCTOR_R
LINE:005137,0.1876636663866829,CONDUCTOR_DERIVED_USING_DOCUMENTED_PORTUGUESE_PROJECT_RESISTANCE,PROJECT_PARAMETER_TRANSFER_ENGINEERING_ASSUMPTION,CONDUCTOR_R
LINE:005138,0.05465,CONDUCTOR_DERIVED_USING_DOCUMENTED_PORTUGUESE_PROJECT_RESISTANCE,PROJECT_PARAMETER_TRANSFER_ENGINEERING_ASSUMPTION,CONDUCTOR_R
LINE:005139,0.05465,CONDUCTOR_DERIVED_USING_DOCUMENTED_PORTUGUESE_PROJECT_RESISTANCE,PROJECT_PARAMETER_TRANSFER_ENGINEERING_ASSUMPTION,CONDUCTOR_R
LINE:005140,0.05465,CONDUCTOR_DERIVED_USING_DOCUMENTED_PORTUGUESE_PROJECT_RESISTANCE,PROJECT_PARAMETER_TRANSFER_ENGINEERING_ASSUMPTION,CONDUCTOR_R
LINE:005152,0.0887700204793689,CONDUCTOR_DERIVED_USING_DOCUMENTED_PORTUGUESE_PROJECT_RESISTANCE,PROJECT_PARAMETER_TRANSFER_ENGINEERING_ASSUMPTION,CONDUCTOR_R
LINE:005159,0.222015625,CONDUCTOR_DERIVED_USING_DOCUMENTED_PORTUGUESE_PROJECT_RESISTANCE,PROJECT_PARAMETER_TRANSFER_ENGINEERING_ASSUMPTION,CONDUCTOR_R
LINE:005164,0.2220156249999999,CONDUCTOR_DERIVED_USING_DOCUMENTED_PORTUGUESE_PROJECT_RESISTANCE,PROJECT_PARAMETER_TRANSFER_ENGINEERING_ASSUMPTION,CONDUCTOR_R
LINE:005165,0.222015625,CONDUCTOR_DERIVED_USING_DOCUMENTED_PORTUGUESE_PROJECT_RESISTANCE,PROJECT_PARAMETER_TRANSFER_ENGINEERING_ASSUMPTION,CONDUCTOR_R
LINE:005167,0.1093,CONDUCTOR_DERIVED_USING_DOCUMENTED_PORTUGUESE_PROJECT_RESISTANCE,PROJECT_PARAMETER_TRANSFER_ENGINEERING_ASSUMPTION,CONDUCTOR_R
LINE:005178,0.222015625,CONDUCTOR_DERIVED_USING_DOCUMENTED_PORTUGUESE_PROJECT_RESISTANCE,PROJECT_PARAMETER_TRANSFER_ENGINEERING_ASSUMPTION,CONDUCTOR_R
LINE:005179,0.222015625,CONDUCTOR_DERIVED_USING_DOCUMENTED_PORTUGUESE_PROJECT_RESISTANCE,PROJECT_PARAMETER_TRANSFER_ENGINEERING_ASSUMPTION,CONDUCTOR_R
LINE:005188,0.1093,CONDUCTOR_DERIVED_USING_DOCUMENTED_PORTUGUESE_PROJECT_RESISTANCE,PROJECT_PARAMETER_TRANSFER_ENGINEERING_ASSUMPTION,CONDUCTOR_R
LINE:005195,0.222015625,CONDUCTOR_DERIVED_USING_DOCUMENTED_PORTUGUESE_PROJECT_RESISTANCE,PROJECT_PARAMETER_TRANSFER_ENGINEERING_ASSUMPTION,CONDUCTOR_R
LINE:005199,0.1093,CONDUCTOR_DERIVED_USING_DOCUMENTED_PORTUGUESE_PROJECT_RESISTANCE,PROJECT_PARAMETER_TRANSFER_ENGINEERING_ASSUMPTION,CONDUCTOR_R
LINE:005205,0.05465,CONDUCTOR_DERIVED_USING_DOCUMENTED_PORTUGUESE_PROJECT_RESISTANCE,PROJECT_PARAMETER_TRANSFER_ENGINEERING_ASSUMPTION,CONDUCTOR_R
LINE:005208,0.0888062499999999,CONDUCTOR_DERIVED_USING_DOCUMENTED_PORTUGUESE_PROJECT_RESISTANCE,PROJECT_PARAMETER_TRANSFER_ENGINEERING_ASSUMPTION,CONDUCTOR_R
LINE:005218,0.1089501635768811,CONDUCTOR_DERIVED_USING_DOCUMENTED_PORTUGUESE_PROJECT_RESISTANCE,PROJECT_PARAMETER_TRANSFER_ENGINEERING_ASSUMPTION,CONDUCTOR_R
LINE:005219,0.1093,CONDUCTOR_DERIVED_USING_DOCUMENTED_PORTUGUESE_PROJECT_RESISTANCE,PROJECT_PARAMETER_TRANSFER_ENGINEERING_ASSUMPTION,CONDUCTOR_R
LINE:005228,0.0888062499999999,CONDUCTOR_DERIVED_USING_DOCUMENTED_PORTUGUESE_PROJECT_RESISTANCE,PROJECT_PARAMETER_TRANSFER_ENGINEERING_ASSUMPTION,CONDUCTOR_R
LINE:005229,0.0888062499999999,CONDUCTOR_DERIVED_USING_DOCUMENTED_PORTUGUESE_PROJECT_RESISTANCE,PROJECT_PARAMETER_TRANSFER_ENGINEERING_ASSUMPTION,CONDUCTOR_R
LINE:005248,0.1093,CONDUCTOR_DERIVED_USING_DOCUMENTED_PORTUGUESE_PROJECT_RESISTANCE,PROJECT_PARAMETER_TRANSFER_ENGINEERING_ASSUMPTION,CONDUCTOR_R
LINE:005277,0.0754,CONDUCTOR_DERIVED_USING_DOCUMENTED_PORTUGUESE_PROJECT_RESISTANCE,PROJECT_PARAMETER_TRANSFER_ENGINEERING_ASSUMPTION,CONDUCTOR_R
LINE:005278,0.0754,CONDUCTOR_DERIVED_USING_DOCUMENTED_PORTUGUESE_PROJECT_RESISTANCE,PROJECT_PARAMETER_TRANSFER_ENGINEERING_ASSUMPTION,CONDUCTOR_R
LINE:005279,0.0754,CONDUCTOR_DERIVED_USING_DOCUMENTED_PORTUGUESE_PROJECT_RESISTANCE,PROJECT_PARAMETER_TRANSFER_ENGINEERING_ASSUMPTION,CONDUCTOR_R
LINE:005280,0.0754,CONDUCTOR_DERIVED_USING_DOCUMENTED_PORTUGUESE_PROJECT_RESISTANCE,PROJECT_PARAMETER_TRANSFER_ENGINEERING_ASSUMPTION,CONDUCTOR_R
LINE:005294,0.222015625,CONDUCTOR_DERIVED_USING_DOCUMENTED_PORTUGUESE_PROJECT_RESISTANCE,PROJECT_PARAMETER_TRANSFER_ENGINEERING_ASSUMPTION,CONDUCTOR_R
LINE:005295,0.222015625,CONDUCTOR_DERIVED_USING_DOCUMENTED_PORTUGUESE_PROJECT_RESISTANCE,PROJECT_PARAMETER_TRANSFER_ENGINEERING_ASSUMPTION,CONDUCTOR_R
LINE:005303,0.0802957910014513,CONDUCTOR_DERIVED_USING_DOCUMENTED_PORTUGUESE_PROJECT_RESISTANCE,PROJECT_PARAMETER_TRANSFER_ENGINEERING_ASSUMPTION,CONDUCTOR_R
LINE:005312,0.1093,CONDUCTOR_DERIVED_USING_DOCUMENTED_PORTUGUESE_PROJECT_RESISTANCE,PROJECT_PARAMETER_TRANSFER_ENGINEERING_ASSUMPTION,CONDUCTOR_R
LINE:005315,0.1088892445582586,CONDUCTOR_DERIVED_USING_DOCUMENTED_PORTUGUESE_PROJECT_RESISTANCE,PROJECT_PARAMETER_TRANSFER_ENGINEERING_ASSUMPTION,CONDUCTOR_R
LINE:005320,0.1093,CONDUCTOR_DERIVED_USING_DOCUMENTED_PORTUGUESE_PROJECT_RESISTANCE,PROJECT_PARAMETER_TRANSFER_ENGINEERING_ASSUMPTION,CONDUCTOR_R
LINE:005321,0.2212299035369774,CONDUCTOR_DERIVED_USING_DOCUMENTED_PORTUGUESE_PROJECT_RESISTANCE,PROJECT_PARAMETER_TRANSFER_ENGINEERING_ASSUMPTION,CONDUCTOR_R
LINE:005330,0.1093,CONDUCTOR_DERIVED_USING_DOCUMENTED_PORTUGUESE_PROJECT_RESISTANCE,PROJECT_PARAMETER_TRANSFER_ENGINEERING_ASSUMPTION,CONDUCTOR_R
LINE:005332,0.1084484504369825,CONDUCTOR_DERIVED_USING_DOCUMENTED_PORTUGUESE_PROJECT_RESISTANCE,PROJECT_PARAMETER_TRANSFER_ENGINEERING_ASSUMPTION,CONDUCTOR_R
LINE:005337,0.1110078125,CONDUCTOR_DERIVED_USING_DOCUMENTED_PORTUGUESE_PROJECT_RESISTANCE,PROJECT_PARAMETER_TRANSFER_ENGINEERING_ASSUMPTION,CONDUCTOR_R
LINE:005338,0.1093,CONDUCTOR_DERIVED_USING_DOCUMENTED_PORTUGUESE_PROJECT_RESISTANCE,PROJECT_PARAMETER_TRANSFER_ENGINEERING_ASSUMPTION,CONDUCTOR_R
LINE:005346,0.222015625,CONDUCTOR_DERIVED_USING_DOCUMENTED_PORTUGUESE_PROJECT_RESISTANCE,PROJECT_PARAMETER_TRANSFER_ENGINEERING_ASSUMPTION,CONDUCTOR_R
LINE:005347,0.222015625,CONDUCTOR_DERIVED_USING_DOCUMENTED_PORTUGUESE_PROJECT_RESISTANCE,PROJECT_PARAMETER_TRANSFER_ENGINEERING_ASSUMPTION,CONDUCTOR_R
LINE:005348,0.1093,CONDUCTOR_DERIVED_USING_DOCUMENTED_PORTUGUESE_PROJECT_RESISTANCE,PROJECT_PARAMETER_TRANSFER_ENGINEERING_ASSUMPTION,CONDUCTOR_R
LINE:005360,0.1093,CONDUCTOR_DERIVED_USING_DOCUMENTED_PORTUGUESE_PROJECT_RESISTANCE,PROJECT_PARAMETER_TRANSFER_ENGINEERING_ASSUMPTION,CONDUCTOR_R
LINE:005363,0.1093,CONDUCTOR_DERIVED_USING_DOCUMENTED_PORTUGUESE_PROJECT_RESISTANCE,PROJECT_PARAMETER_TRANSFER_ENGINEERING_ASSUMPTION,CONDUCTOR_R
LINE:005365,0.1093,CONDUCTOR_DERIVED_USING_DOCUMENTED_PORTUGUESE_PROJECT_RESISTANCE,PROJECT_PARAMETER_TRANSFER_ENGINEERING_ASSUMPTION,CONDUCTOR_R
LINE:005366,0.0754,CONDUCTOR_DERIVED_USING_DOCUMENTED_PORTUGUESE_PROJECT_RESISTANCE,PROJECT_PARAMETER_TRANSFER_ENGINEERING_ASSUMPTION,CONDUCTOR_R
LINE:005368,0.1093,CONDUCTOR_DERIVED_USING_DOCUMENTED_PORTUGUESE_PROJECT_RESISTANCE,PROJECT_PARAMETER_TRANSFER_ENGINEERING_ASSUMPTION,CONDUCTOR_R
LINE:005369,0.2188283288043478,CONDUCTOR_DERIVED_USING_DOCUMENTED_PORTUGUESE_PROJECT_RESISTANCE,PROJECT_PARAMETER_TRANSFER_ENGINEERING_ASSUMPTION,CONDUCTOR_R
LINE:005370,0.1093,CONDUCTOR_DERIVED_USING_DOCUMENTED_PORTUGUESE_PROJECT_RESISTANCE,PROJECT_PARAMETER_TRANSFER_ENGINEERING_ASSUMPTION,CONDUCTOR_R
LINE:005371,0.0888062499999999,CONDUCTOR_DERIVED_USING_DOCUMENTED_PORTUGUESE_PROJECT_RESISTANCE,PROJECT_PARAMETER_TRANSFER_ENGINEERING_ASSUMPTION,CONDUCTOR_R
LINE:005372,0.0888062499999999,CONDUCTOR_DERIVED_USING_DOCUMENTED_PORTUGUESE_PROJECT_RESISTANCE,PROJECT_PARAMETER_TRANSFER_ENGINEERING_ASSUMPTION,CONDUCTOR_R
LINE:005378,0.1093,CONDUCTOR_DERIVED_USING_DOCUMENTED_PORTUGUESE_PROJECT_RESISTANCE,PROJECT_PARAMETER_TRANSFER_ENGINEERING_ASSUMPTION,CONDUCTOR_R
LINE:005379,0.1093,CONDUCTOR_DERIVED_USING_DOCUMENTED_PORTUGUESE_PROJECT_RESISTANCE,PROJECT_PARAMETER_TRANSFER_ENGINEERING_ASSUMPTION,CONDUCTOR_R
LINE:005380,0.1093,CONDUCTOR_DERIVED_USING_DOCUMENTED_PORTUGUESE_PROJECT_RESISTANCE,PROJECT_PARAMETER_TRANSFER_ENGINEERING_ASSUMPTION,CONDUCTOR_R
LINE:005381,0.1093,CONDUCTOR_DERIVED_USING_DOCUMENTED_PORTUGUESE_PROJECT_RESISTANCE,PROJECT_PARAMETER_TRANSFER_ENGINEERING_ASSUMPTION,CONDUCTOR_R
LINE:005382,0.1093,CONDUCTOR_DERIVED_USING_DOCUMENTED_PORTUGUESE_PROJECT_RESISTANCE,PROJECT_PARAMETER_TRANSFER_ENGINEERING_ASSUMPTION,CONDUCTOR_R
LINE:005383,0.1093,CONDUCTOR_DERIVED_USING_DOCUMENTED_PORTUGUESE_PROJECT_RESISTANCE,PROJECT_PARAMETER_TRANSFER_ENGINEERING_ASSUMPTION,CONDUCTOR_R
LINE:005385,0.1093,CONDUCTOR_DERIVED_USING_DOCUMENTED_PORTUGUESE_PROJECT_RESISTANCE,PROJECT_PARAMETER_TRANSFER_ENGINEERING_ASSUMPTION,CONDUCTOR_R
LINE:005386,0.1093,CONDUCTOR_DERIVED_USING_DOCUMENTED_PORTUGUESE_PROJECT_RESISTANCE,PROJECT_PARAMETER_TRANSFER_ENGINEERING_ASSUMPTION,CONDUCTOR_R
LINE:005387,0.1093,CONDUCTOR_DERIVED_USING_DOCUMENTED_PORTUGUESE_PROJECT_RESISTANCE,PROJECT_PARAMETER_TRANSFER_ENGINEERING_ASSUMPTION,CONDUCTOR_R
LINE:005405,0.1159519890091863,CONDUCTOR_DERIVED_USING_DOCUMENTED_PORTUGUESE_PROJECT_RESISTANCE,PROJECT_PARAMETER_TRANSFER_ENGINEERING_ASSUMPTION,CONDUCTOR_R
LINE:005408,0.222015625,CONDUCTOR_DERIVED_USING_DOCUMENTED_PORTUGUESE_PROJECT_RESISTANCE,PROJECT_PARAMETER_TRANSFER_ENGINEERING_ASSUMPTION,CONDUCTOR_R
LINE:005409,0.2218801494891827,CONDUCTOR_DERIVED_USING_DOCUMENTED_PORTUGUESE_PROJECT_RESISTANCE,PROJECT_PARAMETER_TRANSFER_ENGINEERING_ASSUMPTION,CONDUCTOR_R
LINE:005410,0.222015625,CONDUCTOR_DERIVED_USING_DOCUMENTED_PORTUGUESE_PROJECT_RESISTANCE,PROJECT_PARAMETER_TRANSFER_ENGINEERING_ASSUMPTION,CONDUCTOR_R
LINE:005415,0.1093,CONDUCTOR_DERIVED_USING_DOCUMENTED_PORTUGUESE_PROJECT_RESISTANCE,PROJECT_PARAMETER_TRANSFER_ENGINEERING_ASSUMPTION,CONDUCTOR_R
LINE:005416,0.1093,CONDUCTOR_DERIVED_USING_DOCUMENTED_PORTUGUESE_PROJECT_RESISTANCE,PROJECT_PARAMETER_TRANSFER_ENGINEERING_ASSUMPTION,CONDUCTOR_R
LINE:005417,0.1093,CONDUCTOR_DERIVED_USING_DOCUMENTED_PORTUGUESE_PROJECT_RESISTANCE,PROJECT_PARAMETER_TRANSFER_ENGINEERING_ASSUMPTION,CONDUCTOR_R
LINE:005418,0.1093,CONDUCTOR_DERIVED_USING_DOCUMENTED_PORTUGUESE_PROJECT_RESISTANCE,PROJECT_PARAMETER_TRANSFER_ENGINEERING_ASSUMPTION,CONDUCTOR_R
LINE:005419,0.1093,CONDUCTOR_DERIVED_USING_DOCUMENTED_PORTUGUESE_PROJECT_RESISTANCE,PROJECT_PARAMETER_TRANSFER_ENGINEERING_ASSUMPTION,CONDUCTOR_R
LINE:005421,0.1093,CONDUCTOR_DERIVED_USING_DOCUMENTED_PORTUGUESE_PROJECT_RESISTANCE,PROJECT_PARAMETER_TRANSFER_ENGINEERING_ASSUMPTION,CONDUCTOR_R
LINE:005433,0.1093,CONDUCTOR_DERIVED_USING_DOCUMENTED_PORTUGUESE_PROJECT_RESISTANCE,PROJECT_PARAMETER_TRANSFER_ENGINEERING_ASSUMPTION,CONDUCTOR_R
LINE:005435,0.1093,CONDUCTOR_DERIVED_USING_DOCUMENTED_PORTUGUESE_PROJECT_RESISTANCE,PROJECT_PARAMETER_TRANSFER_ENGINEERING_ASSUMPTION,CONDUCTOR_R
LINE:005440,0.0754,CONDUCTOR_DERIVED_USING_DOCUMENTED_PORTUGUESE_PROJECT_RESISTANCE,PROJECT_PARAMETER_TRANSFER_ENGINEERING_ASSUMPTION,CONDUCTOR_R
LINE:005441,0.0754,CONDUCTOR_DERIVED_USING_DOCUMENTED_PORTUGUESE_PROJECT_RESISTANCE,PROJECT_PARAMETER_TRANSFER_ENGINEERING_ASSUMPTION,CONDUCTOR_R
LINE:005448,0.0754,CONDUCTOR_DERIVED_USING_DOCUMENTED_PORTUGUESE_PROJECT_RESISTANCE,PROJECT_PARAMETER_TRANSFER_ENGINEERING_ASSUMPTION,CONDUCTOR_R
LINE:005459,0.0754,CONDUCTOR_DERIVED_USING_DOCUMENTED_PORTUGUESE_PROJECT_RESISTANCE,PROJECT_PARAMETER_TRANSFER_ENGINEERING_ASSUMPTION,CONDUCTOR_R
LINE:005461,0.0754,CONDUCTOR_DERIVED_USING_DOCUMENTED_PORTUGUESE_PROJECT_RESISTANCE,PROJECT_PARAMETER_TRANSFER_ENGINEERING_ASSUMPTION,CONDUCTOR_R
LINE:005462,0.0754,CONDUCTOR_DERIVED_USING_DOCUMENTED_PORTUGUESE_PROJECT_RESISTANCE,PROJECT_PARAMETER_TRANSFER_ENGINEERING_ASSUMPTION,CONDUCTOR_R
LINE:005463,0.0754,CONDUCTOR_DERIVED_USING_DOCUMENTED_PORTUGUESE_PROJECT_RESISTANCE,PROJECT_PARAMETER_TRANSFER_ENGINEERING_ASSUMPTION,CONDUCTOR_R
LINE:005464,0.0754,CONDUCTOR_DERIVED_USING_DOCUMENTED_PORTUGUESE_PROJECT_RESISTANCE,PROJECT_PARAMETER_TRANSFER_ENGINEERING_ASSUMPTION,CONDUCTOR_R
LINE:005466,0.0754,CONDUCTOR_DERIVED_USING_DOCUMENTED_PORTUGUESE_PROJECT_RESISTANCE,PROJECT_PARAMETER_TRANSFER_ENGINEERING_ASSUMPTION,CONDUCTOR_R
LINE:005467,0.0754,CONDUCTOR_DERIVED_USING_DOCUMENTED_PORTUGUESE_PROJECT_RESISTANCE,PROJECT_PARAMETER_TRANSFER_ENGINEERING_ASSUMPTION,CONDUCTOR_R
LINE:005468,0.0754,CONDUCTOR_DERIVED_USING_DOCUMENTED_PORTUGUESE_PROJECT_RESISTANCE,PROJECT_PARAMETER_TRANSFER_ENGINEERING_ASSUMPTION,CONDUCTOR_R
LINE:005474,0.05452621124031,CONDUCTOR_DERIVED_USING_DOCUMENTED_PORTUGUESE_PROJECT_RESISTANCE,PROJECT_PARAMETER_TRANSFER_ENGINEERING_ASSUMPTION,CONDUCTOR_R
LINE:005475,0.05452621124031,CONDUCTOR_DERIVED_USING_DOCUMENTED_PORTUGUESE_PROJECT_RESISTANCE,PROJECT_PARAMETER_TRANSFER_ENGINEERING_ASSUMPTION,CONDUCTOR_R
LINE:005487,0.2220156249999999,CONDUCTOR_DERIVED_USING_DOCUMENTED_PORTUGUESE_PROJECT_RESISTANCE,PROJECT_PARAMETER_TRANSFER_ENGINEERING_ASSUMPTION,CONDUCTOR_R
LINE:005488,0.2220156249999999,CONDUCTOR_DERIVED_USING_DOCUMENTED_PORTUGUESE_PROJECT_RESISTANCE,PROJECT_PARAMETER_TRANSFER_ENGINEERING_ASSUMPTION,CONDUCTOR_R
LINE:005489,0.2220156249999999,CONDUCTOR_DERIVED_USING_DOCUMENTED_PORTUGUESE_PROJECT_RESISTANCE,PROJECT_PARAMETER_TRANSFER_ENGINEERING_ASSUMPTION,CONDUCTOR_R
LINE:005492,0.1093,CONDUCTOR_DERIVED_USING_DOCUMENTED_PORTUGUESE_PROJECT_RESISTANCE,PROJECT_PARAMETER_TRANSFER_ENGINEERING_ASSUMPTION,CONDUCTOR_R
LINE:005494,0.0886263003355704,CONDUCTOR_DERIVED_USING_DOCUMENTED_PORTUGUESE_PROJECT_RESISTANCE,PROJECT_PARAMETER_TRANSFER_ENGINEERING_ASSUMPTION,CONDUCTOR_R
LINE:005495,0.0886263003355704,CONDUCTOR_DERIVED_USING_DOCUMENTED_PORTUGUESE_PROJECT_RESISTANCE,PROJECT_PARAMETER_TRANSFER_ENGINEERING_ASSUMPTION,CONDUCTOR_R
LINE:005508,0.194932923340961,CONDUCTOR_DERIVED_USING_DOCUMENTED_PORTUGUESE_PROJECT_RESISTANCE,PROJECT_PARAMETER_TRANSFER_ENGINEERING_ASSUMPTION,CONDUCTOR_R
LINE:005512,0.08880625,CONDUCTOR_DERIVED_USING_DOCUMENTED_PORTUGUESE_PROJECT_RESISTANCE,PROJECT_PARAMETER_TRANSFER_ENGINEERING_ASSUMPTION,CONDUCTOR_R
LINE:005513,0.0888062499999999,CONDUCTOR_DERIVED_USING_DOCUMENTED_PORTUGUESE_PROJECT_RESISTANCE,PROJECT_PARAMETER_TRANSFER_ENGINEERING_ASSUMPTION,CONDUCTOR_R
LINE:005523,0.1228465291881477,CONDUCTOR_DERIVED_USING_DOCUMENTED_PORTUGUESE_PROJECT_RESISTANCE,PROJECT_PARAMETER_TRANSFER_ENGINEERING_ASSUMPTION,CONDUCTOR_R
LINE:005533,0.0847443820224719,CONDUCTOR_DERIVED_USING_DOCUMENTED_PORTUGUESE_PROJECT_RESISTANCE,PROJECT_PARAMETER_TRANSFER_ENGINEERING_ASSUMPTION,CONDUCTOR_R
LINE:005534,0.0847443820224719,CONDUCTOR_DERIVED_USING_DOCUMENTED_PORTUGUESE_PROJECT_RESISTANCE,PROJECT_PARAMETER_TRANSFER_ENGINEERING_ASSUMPTION,CONDUCTOR_R
LINE:005535,0.1093,CONDUCTOR_DERIVED_USING_DOCUMENTED_PORTUGUESE_PROJECT_RESISTANCE,PROJECT_PARAMETER_TRANSFER_ENGINEERING_ASSUMPTION,CONDUCTOR_R
LINE:005536,0.222015625,CONDUCTOR_DERIVED_USING_DOCUMENTED_PORTUGUESE_PROJECT_RESISTANCE,PROJECT_PARAMETER_TRANSFER_ENGINEERING_ASSUMPTION,CONDUCTOR_R
LINE:005553,0.1103667280505952,CONDUCTOR_DERIVED_USING_DOCUMENTED_PORTUGUESE_PROJECT_RESISTANCE,PROJECT_PARAMETER_TRANSFER_ENGINEERING_ASSUMPTION,CONDUCTOR_R
LINE:005559,0.110729485821382,CONDUCTOR_DERIVED_USING_DOCUMENTED_PORTUGUESE_PROJECT_RESISTANCE,PROJECT_PARAMETER_TRANSFER_ENGINEERING_ASSUMPTION,CONDUCTOR_R
LINE:005562,0.222015625,CONDUCTOR_DERIVED_USING_DOCUMENTED_PORTUGUESE_PROJECT_RESISTANCE,PROJECT_PARAMETER_TRANSFER_ENGINEERING_ASSUMPTION,CONDUCTOR_R
LINE:005564,0.110729485821382,CONDUCTOR_DERIVED_USING_DOCUMENTED_PORTUGUESE_PROJECT_RESISTANCE,PROJECT_PARAMETER_TRANSFER_ENGINEERING_ASSUMPTION,CONDUCTOR_R
LINE:005566,0.222015625,CONDUCTOR_DERIVED_USING_DOCUMENTED_PORTUGUESE_PROJECT_RESISTANCE,PROJECT_PARAMETER_TRANSFER_ENGINEERING_ASSUMPTION,CONDUCTOR_R
LINE:005569,0.1093,CONDUCTOR_DERIVED_USING_DOCUMENTED_PORTUGUESE_PROJECT_RESISTANCE,PROJECT_PARAMETER_TRANSFER_ENGINEERING_ASSUMPTION,CONDUCTOR_R
LINE:005572,0.1077688162918964,CONDUCTOR_DERIVED_USING_DOCUMENTED_PORTUGUESE_PROJECT_RESISTANCE,PROJECT_PARAMETER_TRANSFER_ENGINEERING_ASSUMPTION,CONDUCTOR_R
LINE:005574,0.0993870810659317,CONDUCTOR_DERIVED_USING_DOCUMENTED_PORTUGUESE_PROJECT_RESISTANCE,PROJECT_PARAMETER_TRANSFER_ENGINEERING_ASSUMPTION,CONDUCTOR_R
LINE:005576,0.05465,CONDUCTOR_DERIVED_USING_DOCUMENTED_PORTUGUESE_PROJECT_RESISTANCE,PROJECT_PARAMETER_TRANSFER_ENGINEERING_ASSUMPTION,CONDUCTOR_R
LINE:005577,0.05465,CONDUCTOR_DERIVED_USING_DOCUMENTED_PORTUGUESE_PROJECT_RESISTANCE,PROJECT_PARAMETER_TRANSFER_ENGINEERING_ASSUMPTION,CONDUCTOR_R
LINE:005578,0.2220156249999999,CONDUCTOR_DERIVED_USING_DOCUMENTED_PORTUGUESE_PROJECT_RESISTANCE,PROJECT_PARAMETER_TRANSFER_ENGINEERING_ASSUMPTION,CONDUCTOR_R
LINE:005587,0.222015625,CONDUCTOR_DERIVED_USING_DOCUMENTED_PORTUGUESE_PROJECT_RESISTANCE,PROJECT_PARAMETER_TRANSFER_ENGINEERING_ASSUMPTION,CONDUCTOR_R
LINE:005588,0.222015625,CONDUCTOR_DERIVED_USING_DOCUMENTED_PORTUGUESE_PROJECT_RESISTANCE,PROJECT_PARAMETER_TRANSFER_ENGINEERING_ASSUMPTION,CONDUCTOR_R
LINE:005589,0.222015625,CONDUCTOR_DERIVED_USING_DOCUMENTED_PORTUGUESE_PROJECT_RESISTANCE,PROJECT_PARAMETER_TRANSFER_ENGINEERING_ASSUMPTION,CONDUCTOR_R
LINE:005593,0.1093,CONDUCTOR_DERIVED_USING_DOCUMENTED_PORTUGUESE_PROJECT_RESISTANCE,PROJECT_PARAMETER_TRANSFER_ENGINEERING_ASSUMPTION,CONDUCTOR_R
LINE:005594,0.1093,CONDUCTOR_DERIVED_USING_DOCUMENTED_PORTUGUESE_PROJECT_RESISTANCE,PROJECT_PARAMETER_TRANSFER_ENGINEERING_ASSUMPTION,CONDUCTOR_R
LINE:005595,0.1093,CONDUCTOR_DERIVED_USING_DOCUMENTED_PORTUGUESE_PROJECT_RESISTANCE,PROJECT_PARAMETER_TRANSFER_ENGINEERING_ASSUMPTION,CONDUCTOR_R
LINE:005600,0.1093,CONDUCTOR_DERIVED_USING_DOCUMENTED_PORTUGUESE_PROJECT_RESISTANCE,PROJECT_PARAMETER_TRANSFER_ENGINEERING_ASSUMPTION,CONDUCTOR_R
LINE:005602,0.3467598157797251,CONDUCTOR_DERIVED_USING_DOCUMENTED_PORTUGUESE_PROJECT_RESISTANCE,PROJECT_PARAMETER_TRANSFER_ENGINEERING_ASSUMPTION,CONDUCTOR_R
LINE:005604,0.1090599455782313,CONDUCTOR_DERIVED_USING_DOCUMENTED_PORTUGUESE_PROJECT_RESISTANCE,PROJECT_PARAMETER_TRANSFER_ENGINEERING_ASSUMPTION,CONDUCTOR_R
LINE:005617,0.2029857142857143,CONDUCTOR_DERIVED_USING_DOCUMENTED_PORTUGUESE_PROJECT_RESISTANCE,PROJECT_PARAMETER_TRANSFER_ENGINEERING_ASSUMPTION,CONDUCTOR_R
LINE:005620,0.04542818457244,CONDUCTOR_DERIVED_USING_DOCUMENTED_PORTUGUESE_PROJECT_RESISTANCE,PROJECT_PARAMETER_TRANSFER_ENGINEERING_ASSUMPTION,CONDUCTOR_R
LINE:005622,0.04542818457244,CONDUCTOR_DERIVED_USING_DOCUMENTED_PORTUGUESE_PROJECT_RESISTANCE,PROJECT_PARAMETER_TRANSFER_ENGINEERING_ASSUMPTION,CONDUCTOR_R
LINE:005623,0.05465,CONDUCTOR_DERIVED_USING_DOCUMENTED_PORTUGUESE_PROJECT_RESISTANCE,PROJECT_PARAMETER_TRANSFER_ENGINEERING_ASSUMPTION,CONDUCTOR_R
LINE:005624,0.0847443820224719,CONDUCTOR_DERIVED_USING_DOCUMENTED_PORTUGUESE_PROJECT_RESISTANCE,PROJECT_PARAMETER_TRANSFER_ENGINEERING_ASSUMPTION,CONDUCTOR_R
LINE:005627,0.1990419861337683,CONDUCTOR_DERIVED_USING_DOCUMENTED_PORTUGUESE_PROJECT_RESISTANCE,PROJECT_PARAMETER_TRANSFER_ENGINEERING_ASSUMPTION,CONDUCTOR_R
LINE:005628,0.1990419861337683,CONDUCTOR_DERIVED_USING_DOCUMENTED_PORTUGUESE_PROJECT_RESISTANCE,PROJECT_PARAMETER_TRANSFER_ENGINEERING_ASSUMPTION,CONDUCTOR_R
LINE:005629,0.1990419861337683,CONDUCTOR_DERIVED_USING_DOCUMENTED_PORTUGUESE_PROJECT_RESISTANCE,PROJECT_PARAMETER_TRANSFER_ENGINEERING_ASSUMPTION,CONDUCTOR_R
LINE:005630,0.1990419861337683,CONDUCTOR_DERIVED_USING_DOCUMENTED_PORTUGUESE_PROJECT_RESISTANCE,PROJECT_PARAMETER_TRANSFER_ENGINEERING_ASSUMPTION,CONDUCTOR_R
LINE:005633,0.1090599455782313,CONDUCTOR_DERIVED_USING_DOCUMENTED_PORTUGUESE_PROJECT_RESISTANCE,PROJECT_PARAMETER_TRANSFER_ENGINEERING_ASSUMPTION,CONDUCTOR_R
LINE:005641,0.2220156249999999,CONDUCTOR_DERIVED_USING_DOCUMENTED_PORTUGUESE_PROJECT_RESISTANCE,PROJECT_PARAMETER_TRANSFER_ENGINEERING_ASSUMPTION,CONDUCTOR_R
LINE:005642,0.1585306361607142,CONDUCTOR_DERIVED_USING_DOCUMENTED_PORTUGUESE_PROJECT_RESISTANCE,PROJECT_PARAMETER_TRANSFER_ENGINEERING_ASSUMPTION,CONDUCTOR_R
LINE:005643,0.1585306361607142,CONDUCTOR_DERIVED_USING_DOCUMENTED_PORTUGUESE_PROJECT_RESISTANCE,PROJECT_PARAMETER_TRANSFER_ENGINEERING_ASSUMPTION,CONDUCTOR_R
LINE:005647,0.0540136973180076,CONDUCTOR_DERIVED_USING_DOCUMENTED_PORTUGUESE_PROJECT_RESISTANCE,PROJECT_PARAMETER_TRANSFER_ENGINEERING_ASSUMPTION,CONDUCTOR_R
