line_id,total_selections,total_solved_experiments,overall_frequency,states_selected,persistent_states,max_within_state_frequency
LINE:000001,0,264,0.0,0,0,0.0
LINE:000002,0,264,0.0,0,0,0.0
LINE:000003,0,264,0.0,0,0,0.0
LINE:000004,0,264,0.0,0,0,0.0
LINE:000006,0,264,0.0,0,0,0.0
LINE:000007,0,264,0.0,0,0,0.0
LINE:000009,0,264,0.0,0,0,0.0
LINE:000010,0,264,0.0,0,0,0.0
LINE:000011,0,264,0.0,0,0,0.0
LINE:000012,0,264,0.0,0,0,0.0
LINE:000014,0,264,0.0,0,0,0.0
LINE:000015,0,264,0.0,0,0,0.0
LINE:000017,43,264,0.16287878787878787,10,1,0.9166666666666666
LINE:000018,0,264,0.0,0,0,0.0
LINE:000019,0,264,0.0,0,0,0.0
LINE:000020,0,264,0.0,0,0,0.0
LINE:000022,0,264,0.0,0,0,0.0
LINE:000023,0,264,0.0,0,0,0.0
LINE:000024,0,264,0.0,0,0,0.0
LINE:000026,0,264,0.0,0,0,0.0
LINE:000027,0,264,0.0,0,0,0.0
LINE:000028,0,264,0.0,0,0,0.0
LINE:000029,0,264,0.0,0,0,0.0
LINE:000031,0,264,0.0,0,0,0.0
LINE:000034,0,264,0.0,0,0,0.0
LINE:000039,0,264,0.0,0,0,0.0
LINE:000041,0,264,0.0,0,0,0.0
LINE:000042,0,264,0.0,0,0,0.0
LINE:000043,0,264,0.0,0,0,0.0
LINE:000044,0,264,0.0,0,0,0.0
LINE:000045,0,264,0.0,0,0,0.0
LINE:000047,0,264,0.0,0,0,0.0
LINE:000052,0,264,0.0,0,0,0.0
LINE:000053,0,264,0.0,0,0,0.0
LINE:000054,0,264,0.0,0,0,0.0
LINE:000055,0,264,0.0,0,0,0.0
LINE:000056,0,264,0.0,0,0,0.0
LINE:000057,0,264,0.0,0,0,0.0
LINE:000058,0,264,0.0,0,0,0.0
LINE:000059,0,264,0.0,0,0,0.0
LINE:000060,0,264,0.0,0,0,0.0
LINE:000062,0,264,0.0,0,0,0.0
LINE:000066,0,264,0.0,0,0,0.0
LINE:000067,0,264,0.0,0,0,0.0
LINE:000069,0,264,0.0,0,0,0.0
LINE:000070,0,264,0.0,0,0,0.0
LINE:000071,0,264,0.0,0,0,0.0
LINE:000074,0,264,0.0,0,0,0.0
LINE:000075,0,264,0.0,0,0,0.0
LINE:000078,0,264,0.0,0,0,0.0
LINE:000081,0,264,0.0,0,0,0.0
LINE:000084,0,264,0.0,0,0,0.0
LINE:000085,0,264,0.0,0,0,0.0
LINE:000086,0,264,0.0,0,0,0.0
LINE:000087,0,264,0.0,0,0,0.0
LINE:000088,0,264,0.0,0,0,0.0
LINE:000089,0,264,0.0,0,0,0.0
LINE:000094,0,264,0.0,0,0,0.0
LINE:000096,0,264,0.0,0,0,0.0
LINE:000097,0,264,0.0,0,0,0.0
LINE:000098,0,264,0.0,0,0,0.0
LINE:000099,0,264,0.0,0,0,0.0
LINE:000100,0,264,0.0,0,0,0.0
LINE:000106,0,264,0.0,0,0,0.0
LINE:000107,0,264,0.0,0,0,0.0
LINE:000108,0,264,0.0,0,0,0.0
LINE:000109,0,264,0.0,0,0,0.0
LINE:000111,0,264,0.0,0,0,0.0
LINE:000112,0,264,0.0,0,0,0.0
LINE:000113,0,264,0.0,0,0,0.0
LINE:000114,0,264,0.0,0,0,0.0
LINE:000117,0,264,0.0,0,0,0.0
LINE:000120,0,264,0.0,0,0,0.0
LINE:000121,0,264,0.0,0,0,0.0
LINE:000122,0,264,0.0,0,0,0.0
LINE:000123,0,264,0.0,0,0,0.0
LINE:000124,0,264,0.0,0,0,0.0
LINE:000125,0,264,0.0,0,0,0.0
LINE:000126,0,264,0.0,0,0,0.0
LINE:000127,0,264,0.0,0,0,0.0
LINE:000128,0,264,0.0,0,0,0.0
LINE:000129,0,264,0.0,0,0,0.0
LINE:000132,0,264,0.0,0,0,0.0
LINE:000133,0,264,0.0,0,0,0.0
LINE:000134,0,264,0.0,0,0,0.0
LINE:000135,0,264,0.0,0,0,0.0
LINE:000137,0,264,0.0,0,0,0.0
LINE:000140,0,264,0.0,0,0,0.0
LINE:000142,0,264,0.0,0,0,0.0
LINE:000143,0,264,0.0,0,0,0.0
LINE:000144,0,264,0.0,0,0,0.0
LINE:000149,0,264,0.0,0,0,0.0
LINE:000151,0,264,0.0,0,0,0.0
LINE:000152,0,264,0.0,0,0,0.0
LINE:000153,0,264,0.0,0,0,0.0
LINE:000154,0,264,0.0,0,0,0.0
LINE:000155,0,264,0.0,0,0,0.0
LINE:000157,0,264,0.0,0,0,0.0
LINE:000158,0,264,0.0,0,0,0.0
LINE:000159,0,264,0.0,0,0,0.0
LINE:000160,0,264,0.0,0,0,0.0
LINE:000161,0,264,0.0,0,0,0.0
LINE:000162,0,264,0.0,0,0,0.0
LINE:000163,0,264,0.0,0,0,0.0
LINE:000166,0,264,0.0,0,0,0.0
LINE:000167,80,264,0.30303030303030304,11,6,1.0
LINE:000168,0,264,0.0,0,0,0.0
LINE:000169,0,264,0.0,0,0,0.0
LINE:000170,0,264,0.0,0,0,0.0
LINE:000171,0,264,0.0,0,0,0.0
LINE:000172,0,264,0.0,0,0,0.0
LINE:000173,0,264,0.0,0,0,0.0
LINE:000174,0,264,0.0,0,0,0.0
LINE:000176,0,264,0.0,0,0,0.0
LINE:000178,0,264,0.0,0,0,0.0
LINE:000179,0,264,0.0,0,0,0.0
LINE:000180,0,264,0.0,0,0,0.0
LINE:000181,0,264,0.0,0,0,0.0
LINE:000182,0,264,0.0,0,0,0.0
LINE:000185,0,264,0.0,0,0,0.0
LINE:000186,0,264,0.0,0,0,0.0
LINE:000187,0,264,0.0,0,0,0.0
LINE:000189,0,264,0.0,0,0,0.0
LINE:000190,0,264,0.0,0,0,0.0
LINE:000191,0,264,0.0,0,0,0.0
LINE:000192,0,264,0.0,0,0,0.0
LINE:000193,0,264,0.0,0,0,0.0
LINE:000194,82,264,0.3106060606060606,11,6,1.0
LINE:000195,0,264,0.0,0,0,0.0
LINE:000196,0,264,0.0,0,0,0.0
LINE:000197,0,264,0.0,0,0,0.0
LINE:000199,0,264,0.0,0,0,0.0
LINE:000211,0,264,0.0,0,0,0.0
LINE:000215,0,264,0.0,0,0,0.0
LINE:000216,0,264,0.0,0,0,0.0
LINE:000217,0,264,0.0,0,0,0.0
LINE:000218,0,264,0.0,0,0,0.0
LINE:000219,0,264,0.0,0,0,0.0
LINE:000220,0,264,0.0,0,0,0.0
LINE:000221,0,264,0.0,0,0,0.0
LINE:000222,0,264,0.0,0,0,0.0
LINE:000223,0,264,0.0,0,0,0.0
LINE:000224,0,264,0.0,0,0,0.0
LINE:000225,0,264,0.0,0,0,0.0
LINE:000226,0,264,0.0,0,0,0.0
LINE:000227,0,264,0.0,0,0,0.0
LINE:000229,0,264,0.0,0,0,0.0
LINE:000231,0,264,0.0,0,0,0.0
LINE:000232,0,264,0.0,0,0,0.0
LINE:000233,0,264,0.0,0,0,0.0
LINE:000235,0,264,0.0,0,0,0.0
LINE:000236,0,264,0.0,0,0,0.0
LINE:000238,0,264,0.0,0,0,0.0
LINE:000239,0,264,0.0,0,0,0.0
LINE:000240,0,264,0.0,0,0,0.0
LINE:000241,0,264,0.0,0,0,0.0
LINE:000244,0,264,0.0,0,0,0.0
LINE:000245,0,264,0.0,0,0,0.0
LINE:000246,0,264,0.0,0,0,0.0
LINE:000249,0,264,0.0,0,0,0.0
LINE:000250,0,264,0.0,0,0,0.0
LINE:000251,0,264,0.0,0,0,0.0
LINE:000254,0,264,0.0,0,0,0.0
LINE:000255,0,264,0.0,0,0,0.0
LINE:000256,0,264,0.0,0,0,0.0
LINE:000257,0,264,0.0,0,0,0.0
LINE:000260,0,264,0.0,0,0,0.0
LINE:000262,0,264,0.0,0,0,0.0
LINE:000263,0,264,0.0,0,0,0.0
LINE:000265,0,264,0.0,0,0,0.0
LINE:000266,0,264,0.0,0,0,0.0
LINE:000267,0,264,0.0,0,0,0.0
LINE:000270,0,264,0.0,0,0,0.0
LINE:000271,0,264,0.0,0,0,0.0
LINE:000272,0,264,0.0,0,0,0.0
LINE:000274,0,264,0.0,0,0,0.0
LINE:000275,0,264,0.0,0,0,0.0
LINE:000278,0,264,0.0,0,0,0.0
LINE:000280,0,264,0.0,0,0,0.0
LINE:000281,0,264,0.0,0,0,0.0
LINE:000284,0,264,0.0,0,0,0.0
LINE:000286,0,264,0.0,0,0,0.0
LINE:000288,0,264,0.0,0,0,0.0
LINE:000293,0,264,0.0,0,0,0.0
LINE:000294,0,264,0.0,0,0,0.0
LINE:000299,0,264,0.0,0,0,0.0
LINE:000300,0,264,0.0,0,0,0.0
LINE:000302,0,264,0.0,0,0,0.0
LINE:000303,0,264,0.0,0,0,0.0
LINE:000304,0,264,0.0,0,0,0.0
LINE:000307,0,264,0.0,0,0,0.0
LINE:000308,0,264,0.0,0,0,0.0
LINE:000310,0,264,0.0,0,0,0.0
LINE:000312,0,264,0.0,0,0,0.0
LINE:000313,0,264,0.0,0,0,0.0
LINE:000314,37,264,0.14015151515151514,8,2,0.9166666666666666
LINE:000315,0,264,0.0,0,0,0.0
LINE:000316,0,264,0.0,0,0,0.0
LINE:000317,0,264,0.0,0,0,0.0
LINE:000318,0,264,0.0,0,0,0.0
LINE:000320,0,264,0.0,0,0,0.0
LINE:000321,0,264,0.0,0,0,0.0
LINE:000323,0,264,0.0,0,0,0.0
LINE:000324,0,264,0.0,0,0,0.0
LINE:000325,0,264,0.0,0,0,0.0
LINE:000326,0,264,0.0,0,0,0.0
LINE:000327,0,264,0.0,0,0,0.0
LINE:000329,0,264,0.0,0,0,0.0
LINE:000330,0,264,0.0,0,0,0.0
LINE:000331,0,264,0.0,0,0,0.0
LINE:000332,0,264,0.0,0,0,0.0
LINE:000333,0,264,0.0,0,0,0.0
LINE:000339,0,264,0.0,0,0,0.0
LINE:000340,0,264,0.0,0,0,0.0
LINE:000341,0,264,0.0,0,0,0.0
LINE:000344,0,264,0.0,0,0,0.0
LINE:000345,0,264,0.0,0,0,0.0
LINE:000347,0,264,0.0,0,0,0.0
LINE:000348,0,264,0.0,0,0,0.0
LINE:000349,0,264,0.0,0,0,0.0
LINE:000350,0,264,0.0,0,0,0.0
LINE:000351,0,264,0.0,0,0,0.0
LINE:000353,0,264,0.0,0,0,0.0
LINE:000354,0,264,0.0,0,0,0.0
LINE:000355,0,264,0.0,0,0,0.0
LINE:000356,0,264,0.0,0,0,0.0
LINE:000357,0,264,0.0,0,0,0.0
LINE:000359,0,264,0.0,0,0,0.0
LINE:000360,0,264,0.0,0,0,0.0
LINE:000361,0,264,0.0,0,0,0.0
LINE:000362,0,264,0.0,0,0,0.0
LINE:000364,0,264,0.0,0,0,0.0
LINE:000365,0,264,0.0,0,0,0.0
LINE:000366,0,264,0.0,0,0,0.0
LINE:000367,0,264,0.0,0,0,0.0
LINE:000368,0,264,0.0,0,0,0.0
LINE:000369,0,264,0.0,0,0,0.0
LINE:000370,0,264,0.0,0,0,0.0
LINE:000371,0,264,0.0,0,0,0.0
LINE:000373,0,264,0.0,0,0,0.0
LINE:000374,0,264,0.0,0,0,0.0
LINE:000375,0,264,0.0,0,0,0.0
LINE:000376,0,264,0.0,0,0,0.0
LINE:000377,0,264,0.0,0,0,0.0
LINE:000378,0,264,0.0,0,0,0.0
LINE:000379,0,264,0.0,0,0,0.0
LINE:000380,0,264,0.0,0,0,0.0
LINE:000381,0,264,0.0,0,0,0.0
LINE:000382,0,264,0.0,0,0,0.0
LINE:000383,0,264,0.0,0,0,0.0
LINE:000386,0,264,0.0,0,0,0.0
LINE:000388,0,264,0.0,0,0,0.0
LINE:000389,0,264,0.0,0,0,0.0
LINE:000390,0,264,0.0,0,0,0.0
LINE:000393,2,264,0.007575757575757576,2,0,0.08333333333333333
LINE:000394,0,264,0.0,0,0,0.0
LINE:000395,0,264,0.0,0,0,0.0
LINE:000396,0,264,0.0,0,0,0.0
LINE:000397,0,264,0.0,0,0,0.0
LINE:000398,0,264,0.0,0,0,0.0
LINE:000399,0,264,0.0,0,0,0.0
LINE:000400,0,264,0.0,0,0,0.0
LINE:000401,0,264,0.0,0,0,0.0
LINE:000402,0,264,0.0,0,0,0.0
LINE:000403,0,264,0.0,0,0,0.0
LINE:000404,0,264,0.0,0,0,0.0
LINE:000405,0,264,0.0,0,0,0.0
LINE:000406,0,264,0.0,0,0,0.0
LINE:000411,0,264,0.0,0,0,0.0
LINE:000413,0,264,0.0,0,0,0.0
LINE:000414,0,264,0.0,0,0,0.0
LINE:000415,0,264,0.0,0,0,0.0
LINE:000416,0,264,0.0,0,0,0.0
LINE:000417,0,264,0.0,0,0,0.0
LINE:000418,0,264,0.0,0,0,0.0
LINE:000423,0,264,0.0,0,0,0.0
LINE:000424,0,264,0.0,0,0,0.0
LINE:000425,0,264,0.0,0,0,0.0
LINE:000426,0,264,0.0,0,0,0.0
LINE:000427,0,264,0.0,0,0,0.0
LINE:000428,0,264,0.0,0,0,0.0
LINE:000429,0,264,0.0,0,0,0.0
LINE:000430,0,264,0.0,0,0,0.0
LINE:000431,0,264,0.0,0,0,0.0
LINE:000432,0,264,0.0,0,0,0.0
LINE:000434,0,264,0.0,0,0,0.0
LINE:000435,0,264,0.0,0,0,0.0
LINE:000438,0,264,0.0,0,0,0.0
LINE:000440,0,264,0.0,0,0,0.0
LINE:000441,0,264,0.0,0,0,0.0
LINE:000442,0,264,0.0,0,0,0.0
LINE:000445,0,264,0.0,0,0,0.0
LINE:000446,0,264,0.0,0,0,0.0
LINE:000447,0,264,0.0,0,0,0.0
LINE:000448,0,264,0.0,0,0,0.0
LINE:000449,0,264,0.0,0,0,0.0
LINE:000450,0,264,0.0,0,0,0.0
LINE:000452,0,264,0.0,0,0,0.0
LINE:000453,0,264,0.0,0,0,0.0
LINE:000454,0,264,0.0,0,0,0.0
LINE:000455,9,264,0.03409090909090909,1,0,0.75
LINE:000456,0,264,0.0,0,0,0.0
LINE:000457,0,264,0.0,0,0,0.0
LINE:000459,0,264,0.0,0,0,0.0
LINE:000462,0,264,0.0,0,0,0.0
LINE:000463,0,264,0.0,0,0,0.0
LINE:000464,0,264,0.0,0,0,0.0
LINE:000465,0,264,0.0,0,0,0.0
LINE:000466,0,264,0.0,0,0,0.0
LINE:000467,0,264,0.0,0,0,0.0
LINE:000469,0,264,0.0,0,0,0.0
LINE:000470,0,264,0.0,0,0,0.0
LINE:000471,0,264,0.0,0,0,0.0
LINE:000472,0,264,0.0,0,0,0.0
LINE:000473,0,264,0.0,0,0,0.0
LINE:000475,0,264,0.0,0,0,0.0
LINE:000476,0,264,0.0,0,0,0.0
LINE:000478,0,264,0.0,0,0,0.0
LINE:000479,0,264,0.0,0,0,0.0
LINE:000480,0,264,0.0,0,0,0.0
LINE:000481,0,264,0.0,0,0,0.0
LINE:000482,0,264,0.0,0,0,0.0
LINE:000483,0,264,0.0,0,0,0.0
LINE:000484,0,264,0.0,0,0,0.0
LINE:000485,0,264,0.0,0,0,0.0
LINE:000486,0,264,0.0,0,0,0.0
LINE:000487,0,264,0.0,0,0,0.0
LINE:000488,0,264,0.0,0,0,0.0
LINE:000489,0,264,0.0,0,0,0.0
LINE:000490,0,264,0.0,0,0,0.0
LINE:000491,0,264,0.0,0,0,0.0
LINE:000492,0,264,0.0,0,0,0.0
LINE:000493,0,264,0.0,0,0,0.0
LINE:000494,0,264,0.0,0,0,0.0
LINE:000495,0,264,0.0,0,0,0.0
LINE:000496,0,264,0.0,0,0,0.0
LINE:000497,0,264,0.0,0,0,0.0
LINE:000498,0,264,0.0,0,0,0.0
LINE:000500,0,264,0.0,0,0,0.0
LINE:000501,0,264,0.0,0,0,0.0
LINE:000502,0,264,0.0,0,0,0.0
LINE:000503,0,264,0.0,0,0,0.0
LINE:000504,0,264,0.0,0,0,0.0
LINE:000505,0,264,0.0,0,0,0.0
LINE:000506,0,264,0.0,0,0,0.0
LINE:000507,0,264,0.0,0,0,0.0
LINE:000508,0,264,0.0,0,0,0.0
LINE:000509,0,264,0.0,0,0,0.0
LINE:000510,0,264,0.0,0,0,0.0
LINE:000511,0,264,0.0,0,0,0.0
LINE:000512,0,264,0.0,0,0,0.0
LINE:000513,0,264,0.0,0,0,0.0
LINE:000515,0,264,0.0,0,0,0.0
LINE:000516,0,264,0.0,0,0,0.0
LINE:000517,0,264,0.0,0,0,0.0
LINE:000518,0,264,0.0,0,0,0.0
LINE:000519,0,264,0.0,0,0,0.0
LINE:000520,0,264,0.0,0,0,0.0
LINE:000521,0,264,0.0,0,0,0.0
LINE:000522,0,264,0.0,0,0,0.0
LINE:000523,0,264,0.0,0,0,0.0
LINE:000524,0,264,0.0,0,0,0.0
LINE:000525,0,264,0.0,0,0,0.0
LINE:000526,0,264,0.0,0,0,0.0
LINE:000527,0,264,0.0,0,0,0.0
LINE:000528,0,264,0.0,0,0,0.0
LINE:000529,0,264,0.0,0,0,0.0
LINE:000530,0,264,0.0,0,0,0.0
LINE:000531,0,264,0.0,0,0,0.0
LINE:000532,0,264,0.0,0,0,0.0
LINE:000533,0,264,0.0,0,0,0.0
LINE:000534,0,264,0.0,0,0,0.0
LINE:000535,0,264,0.0,0,0,0.0
LINE:000536,0,264,0.0,0,0,0.0
LINE:000537,0,264,0.0,0,0,0.0
LINE:000538,0,264,0.0,0,0,0.0
LINE:000539,0,264,0.0,0,0,0.0
LINE:000540,0,264,0.0,0,0,0.0
LINE:000541,0,264,0.0,0,0,0.0
LINE:000542,0,264,0.0,0,0,0.0
LINE:000543,0,264,0.0,0,0,0.0
LINE:000544,0,264,0.0,0,0,0.0
LINE:000547,0,264,0.0,0,0,0.0
LINE:000549,0,264,0.0,0,0,0.0
LINE:000551,0,264,0.0,0,0,0.0
LINE:000552,0,264,0.0,0,0,0.0
LINE:000553,0,264,0.0,0,0,0.0
LINE:000554,0,264,0.0,0,0,0.0
LINE:000555,0,264,0.0,0,0,0.0
LINE:000558,0,264,0.0,0,0,0.0
LINE:000559,0,264,0.0,0,0,0.0
LINE:000560,0,264,0.0,0,0,0.0
LINE:000561,31,264,0.11742424242424243,6,2,1.0
LINE:000562,0,264,0.0,0,0,0.0
LINE:000563,0,264,0.0,0,0,0.0
LINE:000564,0,264,0.0,0,0,0.0
LINE:000566,0,264,0.0,0,0,0.0
LINE:000567,0,264,0.0,0,0,0.0
LINE:000568,0,264,0.0,0,0,0.0
LINE:000570,0,264,0.0,0,0,0.0
LINE:000572,0,264,0.0,0,0,0.0
LINE:000573,0,264,0.0,0,0,0.0
LINE:000574,0,264,0.0,0,0,0.0
LINE:000575,0,264,0.0,0,0,0.0
LINE:000577,0,264,0.0,0,0,0.0
LINE:000578,0,264,0.0,0,0,0.0
LINE:000579,0,264,0.0,0,0,0.0
LINE:000581,0,264,0.0,0,0,0.0
LINE:000582,0,264,0.0,0,0,0.0
LINE:000583,0,264,0.0,0,0,0.0
LINE:000584,0,264,0.0,0,0,0.0
LINE:000585,0,264,0.0,0,0,0.0
LINE:000586,0,264,0.0,0,0,0.0
LINE:000587,0,264,0.0,0,0,0.0
LINE:000590,0,264,0.0,0,0,0.0
LINE:000591,0,264,0.0,0,0,0.0
LINE:000593,0,264,0.0,0,0,0.0
LINE:000594,0,264,0.0,0,0,0.0
LINE:000595,0,264,0.0,0,0,0.0
LINE:000596,0,264,0.0,0,0,0.0
LINE:000597,0,264,0.0,0,0,0.0
LINE:000598,0,264,0.0,0,0,0.0
LINE:000599,0,264,0.0,0,0,0.0
LINE:000600,0,264,0.0,0,0,0.0
LINE:000601,0,264,0.0,0,0,0.0
LINE:000602,0,264,0.0,0,0,0.0
LINE:000604,0,264,0.0,0,0,0.0
LINE:000606,0,264,0.0,0,0,0.0
LINE:000607,0,264,0.0,0,0,0.0
LINE:000610,0,264,0.0,0,0,0.0
LINE:000611,0,264,0.0,0,0,0.0
LINE:000612,0,264,0.0,0,0,0.0
LINE:000613,0,264,0.0,0,0,0.0
LINE:000614,0,264,0.0,0,0,0.0
LINE:000616,0,264,0.0,0,0,0.0
LINE:000618,0,264,0.0,0,0,0.0
LINE:000619,0,264,0.0,0,0,0.0
LINE:000620,0,264,0.0,0,0,0.0
LINE:000621,0,264,0.0,0,0,0.0
LINE:000622,0,264,0.0,0,0,0.0
LINE:000623,0,264,0.0,0,0,0.0
LINE:000624,0,264,0.0,0,0,0.0
LINE:000625,0,264,0.0,0,0,0.0
LINE:000626,0,264,0.0,0,0,0.0
LINE:000627,0,264,0.0,0,0,0.0
LINE:000629,0,264,0.0,0,0,0.0
LINE:000630,0,264,0.0,0,0,0.0
LINE:000631,0,264,0.0,0,0,0.0
LINE:000632,0,264,0.0,0,0,0.0
LINE:000633,0,264,0.0,0,0,0.0
LINE:000634,0,264,0.0,0,0,0.0
LINE:000635,0,264,0.0,0,0,0.0
LINE:000636,0,264,0.0,0,0,0.0
LINE:000637,0,264,0.0,0,0,0.0
LINE:000638,0,264,0.0,0,0,0.0
LINE:000641,0,264,0.0,0,0,0.0
LINE:000642,0,264,0.0,0,0,0.0
LINE:000643,0,264,0.0,0,0,0.0
LINE:000644,0,264,0.0,0,0,0.0
LINE:000645,0,264,0.0,0,0,0.0
LINE:000647,0,264,0.0,0,0,0.0
LINE:000648,0,264,0.0,0,0,0.0
LINE:000649,0,264,0.0,0,0,0.0
LINE:000650,0,264,0.0,0,0,0.0
LINE:000651,0,264,0.0,0,0,0.0
LINE:000652,0,264,0.0,0,0,0.0
LINE:000653,0,264,0.0,0,0,0.0
LINE:000654,0,264,0.0,0,0,0.0
LINE:000655,0,264,0.0,0,0,0.0
LINE:000656,0,264,0.0,0,0,0.0
LINE:000657,0,264,0.0,0,0,0.0
LINE:000658,0,264,0.0,0,0,0.0
LINE:000659,0,264,0.0,0,0,0.0
LINE:000660,0,264,0.0,0,0,0.0
LINE:000662,0,264,0.0,0,0,0.0
LINE:000664,0,264,0.0,0,0,0.0
LINE:000665,0,264,0.0,0,0,0.0
LINE:000666,0,264,0.0,0,0,0.0
LINE:000667,0,264,0.0,0,0,0.0
LINE:000668,0,264,0.0,0,0,0.0
LINE:000669,0,264,0.0,0,0,0.0
LINE:000670,0,264,0.0,0,0,0.0
LINE:000671,0,264,0.0,0,0,0.0
LINE:000672,0,264,0.0,0,0,0.0
LINE:000673,0,264,0.0,0,0,0.0
LINE:000674,0,264,0.0,0,0,0.0
LINE:000675,0,264,0.0,0,0,0.0
LINE:000678,0,264,0.0,0,0,0.0
LINE:000679,0,264,0.0,0,0,0.0
LINE:000682,0,264,0.0,0,0,0.0
LINE:000683,0,264,0.0,0,0,0.0
LINE:000684,0,264,0.0,0,0,0.0
LINE:000685,0,264,0.0,0,0,0.0
LINE:000686,0,264,0.0,0,0,0.0
LINE:000688,0,264,0.0,0,0,0.0
LINE:000689,0,264,0.0,0,0,0.0
LINE:000690,0,264,0.0,0,0,0.0
LINE:000691,0,264,0.0,0,0,0.0
LINE:000693,0,264,0.0,0,0,0.0
LINE:000695,0,264,0.0,0,0,0.0
LINE:000696,0,264,0.0,0,0,0.0
LINE:000699,0,264,0.0,0,0,0.0
LINE:000700,0,264,0.0,0,0,0.0
LINE:000702,0,264,0.0,0,0,0.0
LINE:000703,0,264,0.0,0,0,0.0
LINE:000704,0,264,0.0,0,0,0.0
LINE:000705,0,264,0.0,0,0,0.0
LINE:000706,0,264,0.0,0,0,0.0
LINE:000707,0,264,0.0,0,0,0.0
LINE:000708,0,264,0.0,0,0,0.0
LINE:000711,0,264,0.0,0,0,0.0
LINE:000712,0,264,0.0,0,0,0.0
LINE:000713,0,264,0.0,0,0,0.0
LINE:000714,0,264,0.0,0,0,0.0
LINE:000716,0,264,0.0,0,0,0.0
LINE:000718,0,264,0.0,0,0,0.0
LINE:000719,0,264,0.0,0,0,0.0
LINE:000720,0,264,0.0,0,0,0.0
LINE:000721,0,264,0.0,0,0,0.0
LINE:000722,0,264,0.0,0,0,0.0
LINE:000723,0,264,0.0,0,0,0.0
LINE:000724,0,264,0.0,0,0,0.0
LINE:000726,0,264,0.0,0,0,0.0
LINE:000730,0,264,0.0,0,0,0.0
LINE:000731,0,264,0.0,0,0,0.0
LINE:000732,0,264,0.0,0,0,0.0
LINE:000733,0,264,0.0,0,0,0.0
LINE:000734,0,264,0.0,0,0,0.0
LINE:000735,0,264,0.0,0,0,0.0
LINE:000736,0,264,0.0,0,0,0.0
LINE:000737,0,264,0.0,0,0,0.0
LINE:000738,0,264,0.0,0,0,0.0
LINE:000739,0,264,0.0,0,0,0.0
LINE:000740,0,264,0.0,0,0,0.0
LINE:000741,0,264,0.0,0,0,0.0
LINE:000742,0,264,0.0,0,0,0.0
LINE:000743,0,264,0.0,0,0,0.0
LINE:000744,0,264,0.0,0,0,0.0
LINE:000745,0,264,0.0,0,0,0.0
LINE:000746,0,264,0.0,0,0,0.0
LINE:000748,0,264,0.0,0,0,0.0
LINE:000749,0,264,0.0,0,0,0.0
LINE:000750,0,264,0.0,0,0,0.0
LINE:000751,0,264,0.0,0,0,0.0
LINE:000752,0,264,0.0,0,0,0.0
LINE:000753,0,264,0.0,0,0,0.0
LINE:000755,0,264,0.0,0,0,0.0
LINE:000756,0,264,0.0,0,0,0.0
LINE:000757,0,264,0.0,0,0,0.0
LINE:000758,0,264,0.0,0,0,0.0
LINE:000759,0,264,0.0,0,0,0.0
LINE:000761,0,264,0.0,0,0,0.0
LINE:000764,0,264,0.0,0,0,0.0
LINE:000765,0,264,0.0,0,0,0.0
LINE:000766,0,264,0.0,0,0,0.0
LINE:000769,0,264,0.0,0,0,0.0
LINE:000770,0,264,0.0,0,0,0.0
LINE:000771,0,264,0.0,0,0,0.0
LINE:000772,0,264,0.0,0,0,0.0
LINE:000774,0,264,0.0,0,0,0.0
LINE:000775,0,264,0.0,0,0,0.0
LINE:000776,0,264,0.0,0,0,0.0
LINE:000777,0,264,0.0,0,0,0.0
LINE:000778,0,264,0.0,0,0,0.0
LINE:000779,0,264,0.0,0,0,0.0
LINE:000780,0,264,0.0,0,0,0.0
LINE:000781,0,264,0.0,0,0,0.0
LINE:000782,0,264,0.0,0,0,0.0
LINE:000783,0,264,0.0,0,0,0.0
LINE:000784,0,264,0.0,0,0,0.0
LINE:000785,0,264,0.0,0,0,0.0
LINE:000786,0,264,0.0,0,0,0.0
LINE:000787,0,264,0.0,0,0,0.0
LINE:000788,0,264,0.0,0,0,0.0
LINE:000790,0,264,0.0,0,0,0.0
LINE:000791,0,264,0.0,0,0,0.0
LINE:000792,0,264,0.0,0,0,0.0
LINE:000793,0,264,0.0,0,0,0.0
LINE:000794,0,264,0.0,0,0,0.0
LINE:000795,0,264,0.0,0,0,0.0
LINE:000797,0,264,0.0,0,0,0.0
LINE:000799,207,264,0.7840909090909091,19,16,1.0
LINE:000800,0,264,0.0,0,0,0.0
LINE:000801,0,264,0.0,0,0,0.0
LINE:000802,0,264,0.0,0,0,0.0
LINE:000803,0,264,0.0,0,0,0.0
LINE:000804,0,264,0.0,0,0,0.0
LINE:000805,0,264,0.0,0,0,0.0
LINE:000806,0,264,0.0,0,0,0.0
LINE:000807,0,264,0.0,0,0,0.0
LINE:000808,0,264,0.0,0,0,0.0
LINE:000809,0,264,0.0,0,0,0.0
LINE:000810,0,264,0.0,0,0,0.0
LINE:000811,0,264,0.0,0,0,0.0
LINE:000812,0,264,0.0,0,0,0.0
LINE:000813,0,264,0.0,0,0,0.0
LINE:000814,0,264,0.0,0,0,0.0
LINE:000815,0,264,0.0,0,0,0.0
LINE:000816,0,264,0.0,0,0,0.0
LINE:000817,0,264,0.0,0,0,0.0
LINE:000818,0,264,0.0,0,0,0.0
LINE:000819,0,264,0.0,0,0,0.0
LINE:000820,0,264,0.0,0,0,0.0
LINE:000821,0,264,0.0,0,0,0.0
LINE:000822,0,264,0.0,0,0,0.0
LINE:000824,0,264,0.0,0,0,0.0
LINE:000825,0,264,0.0,0,0,0.0
LINE:000826,0,264,0.0,0,0,0.0
LINE:000827,0,264,0.0,0,0,0.0
LINE:000828,0,264,0.0,0,0,0.0
LINE:000829,0,264,0.0,0,0,0.0
LINE:000830,0,264,0.0,0,0,0.0
LINE:000831,0,264,0.0,0,0,0.0
LINE:000832,0,264,0.0,0,0,0.0
LINE:000834,0,264,0.0,0,0,0.0
LINE:000835,0,264,0.0,0,0,0.0
LINE:000836,0,264,0.0,0,0,0.0
LINE:000838,0,264,0.0,0,0,0.0
LINE:000839,0,264,0.0,0,0,0.0
LINE:000840,0,264,0.0,0,0,0.0
LINE:000841,0,264,0.0,0,0,0.0
LINE:000847,0,264,0.0,0,0,0.0
LINE:000848,0,264,0.0,0,0,0.0
LINE:000849,0,264,0.0,0,0,0.0
LINE:000850,0,264,0.0,0,0,0.0
LINE:000851,0,264,0.0,0,0,0.0
LINE:000852,0,264,0.0,0,0,0.0
LINE:000853,0,264,0.0,0,0,0.0
LINE:000854,0,264,0.0,0,0,0.0
LINE:000856,50,264,0.1893939393939394,6,3,1.0
LINE:000857,0,264,0.0,0,0,0.0
LINE:000858,0,264,0.0,0,0,0.0
LINE:000859,0,264,0.0,0,0,0.0
LINE:000860,0,264,0.0,0,0,0.0
LINE:000861,0,264,0.0,0,0,0.0
LINE:000863,0,264,0.0,0,0,0.0
LINE:000864,0,264,0.0,0,0,0.0
LINE:000865,2,264,0.007575757575757576,1,0,0.16666666666666666
LINE:000866,0,264,0.0,0,0,0.0
LINE:000867,0,264,0.0,0,0,0.0
LINE:000868,0,264,0.0,0,0,0.0
LINE:000869,0,264,0.0,0,0,0.0
LINE:000870,0,264,0.0,0,0,0.0
LINE:000871,0,264,0.0,0,0,0.0
LINE:000872,0,264,0.0,0,0,0.0
LINE:000873,0,264,0.0,0,0,0.0
LINE:000874,0,264,0.0,0,0,0.0
LINE:000875,0,264,0.0,0,0,0.0
LINE:000876,0,264,0.0,0,0,0.0
LINE:000877,0,264,0.0,0,0,0.0
LINE:000878,0,264,0.0,0,0,0.0
LINE:000879,0,264,0.0,0,0,0.0
LINE:000880,0,264,0.0,0,0,0.0
LINE:000881,0,264,0.0,0,0,0.0
LINE:000882,0,264,0.0,0,0,0.0
LINE:000883,0,264,0.0,0,0,0.0
LINE:000884,93,264,0.3522727272727273,8,7,1.0
LINE:000885,0,264,0.0,0,0,0.0
LINE:000886,0,264,0.0,0,0,0.0
LINE:000887,0,264,0.0,0,0,0.0
LINE:000888,0,264,0.0,0,0,0.0
LINE:000889,49,264,0.1856060606060606,6,3,1.0
LINE:000890,0,264,0.0,0,0,0.0
LINE:000891,0,264,0.0,0,0,0.0
LINE:000892,0,264,0.0,0,0,0.0
LINE:000894,0,264,0.0,0,0,0.0
LINE:000895,0,264,0.0,0,0,0.0
LINE:000896,0,264,0.0,0,0,0.0
LINE:000897,0,264,0.0,0,0,0.0
LINE:000898,0,264,0.0,0,0,0.0
LINE:000899,0,264,0.0,0,0,0.0
LINE:000901,0,264,0.0,0,0,0.0
LINE:000902,0,264,0.0,0,0,0.0
LINE:000903,0,264,0.0,0,0,0.0
LINE:000904,0,264,0.0,0,0,0.0
LINE:000905,0,264,0.0,0,0,0.0
LINE:000906,0,264,0.0,0,0,0.0
LINE:000907,0,264,0.0,0,0,0.0
LINE:000908,0,264,0.0,0,0,0.0
LINE:000910,0,264,0.0,0,0,0.0
LINE:000911,0,264,0.0,0,0,0.0
LINE:000912,0,264,0.0,0,0,0.0
LINE:000913,0,264,0.0,0,0,0.0
LINE:000914,0,264,0.0,0,0,0.0
LINE:000915,0,264,0.0,0,0,0.0
LINE:000916,0,264,0.0,0,0,0.0
LINE:000917,0,264,0.0,0,0,0.0
LINE:000918,0,264,0.0,0,0,0.0
LINE:000920,0,264,0.0,0,0,0.0
LINE:000921,0,264,0.0,0,0,0.0
LINE:000922,0,264,0.0,0,0,0.0
LINE:000923,0,264,0.0,0,0,0.0
LINE:000924,0,264,0.0,0,0,0.0
LINE:000925,0,264,0.0,0,0,0.0
LINE:000926,0,264,0.0,0,0,0.0
LINE:000927,0,264,0.0,0,0,0.0
LINE:000928,0,264,0.0,0,0,0.0
LINE:000929,0,264,0.0,0,0,0.0
LINE:000930,0,264,0.0,0,0,0.0
LINE:000931,0,264,0.0,0,0,0.0
LINE:000932,0,264,0.0,0,0,0.0
LINE:000933,0,264,0.0,0,0,0.0
LINE:000934,0,264,0.0,0,0,0.0
LINE:000935,0,264,0.0,0,0,0.0
LINE:000936,0,264,0.0,0,0,0.0
LINE:000937,0,264,0.0,0,0,0.0
LINE:000938,0,264,0.0,0,0,0.0
LINE:000939,0,264,0.0,0,0,0.0
LINE:000940,0,264,0.0,0,0,0.0
LINE:000941,0,264,0.0,0,0,0.0
LINE:000943,0,264,0.0,0,0,0.0
LINE:000945,0,264,0.0,0,0,0.0
LINE:000946,0,264,0.0,0,0,0.0
LINE:000947,0,264,0.0,0,0,0.0
LINE:000948,0,264,0.0,0,0,0.0
LINE:000949,0,264,0.0,0,0,0.0
LINE:000950,0,264,0.0,0,0,0.0
LINE:000951,0,264,0.0,0,0,0.0
LINE:000952,0,264,0.0,0,0,0.0
LINE:000953,0,264,0.0,0,0,0.0
LINE:000954,0,264,0.0,0,0,0.0
LINE:000955,0,264,0.0,0,0,0.0
LINE:000956,0,264,0.0,0,0,0.0
LINE:000957,0,264,0.0,0,0,0.0
LINE:000958,0,264,0.0,0,0,0.0
LINE:000959,0,264,0.0,0,0,0.0
LINE:000960,0,264,0.0,0,0,0.0
LINE:000961,0,264,0.0,0,0,0.0
LINE:000963,0,264,0.0,0,0,0.0
LINE:000964,0,264,0.0,0,0,0.0
LINE:000965,0,264,0.0,0,0,0.0
LINE:000966,0,264,0.0,0,0,0.0
LINE:000967,0,264,0.0,0,0,0.0
LINE:000968,0,264,0.0,0,0,0.0
LINE:000969,0,264,0.0,0,0,0.0
LINE:000970,0,264,0.0,0,0,0.0
LINE:000971,0,264,0.0,0,0,0.0
LINE:000972,0,264,0.0,0,0,0.0
LINE:000973,0,264,0.0,0,0,0.0
LINE:000974,0,264,0.0,0,0,0.0
LINE:000975,0,264,0.0,0,0,0.0
LINE:000976,0,264,0.0,0,0,0.0
LINE:000977,0,264,0.0,0,0,0.0
LINE:000978,0,264,0.0,0,0,0.0
LINE:000979,0,264,0.0,0,0,0.0
LINE:000980,0,264,0.0,0,0,0.0
LINE:000982,0,264,0.0,0,0,0.0
LINE:000983,0,264,0.0,0,0,0.0
LINE:000984,0,264,0.0,0,0,0.0
LINE:000985,0,264,0.0,0,0,0.0
LINE:000987,0,264,0.0,0,0,0.0
LINE:000988,0,264,0.0,0,0,0.0
LINE:000989,0,264,0.0,0,0,0.0
LINE:000990,0,264,0.0,0,0,0.0
LINE:000991,0,264,0.0,0,0,0.0
LINE:000992,64,264,0.24242424242424243,6,4,1.0
LINE:000993,0,264,0.0,0,0,0.0
LINE:000994,0,264,0.0,0,0,0.0
LINE:000995,65,264,0.24621212121212122,6,5,1.0
LINE:000996,0,264,0.0,0,0,0.0
LINE:000997,0,264,0.0,0,0,0.0
LINE:000998,0,264,0.0,0,0,0.0
LINE:001000,0,264,0.0,0,0,0.0
LINE:001001,0,264,0.0,0,0,0.0
LINE:001002,0,264,0.0,0,0,0.0
LINE:001003,0,264,0.0,0,0,0.0
LINE:001004,0,264,0.0,0,0,0.0
LINE:001005,0,264,0.0,0,0,0.0
LINE:001006,0,264,0.0,0,0,0.0
LINE:001010,0,264,0.0,0,0,0.0
LINE:001011,0,264,0.0,0,0,0.0
LINE:001012,0,264,0.0,0,0,0.0
LINE:001013,0,264,0.0,0,0,0.0
LINE:001014,0,264,0.0,0,0,0.0
LINE:001015,0,264,0.0,0,0,0.0
LINE:001016,0,264,0.0,0,0,0.0
LINE:001017,0,264,0.0,0,0,0.0
LINE:001018,0,264,0.0,0,0,0.0
LINE:001019,0,264,0.0,0,0,0.0
LINE:001021,0,264,0.0,0,0,0.0
LINE:001022,0,264,0.0,0,0,0.0
LINE:001023,0,264,0.0,0,0,0.0
LINE:001024,0,264,0.0,0,0,0.0
LINE:001025,0,264,0.0,0,0,0.0
LINE:001026,0,264,0.0,0,0,0.0
LINE:001031,0,264,0.0,0,0,0.0
LINE:001033,0,264,0.0,0,0,0.0
LINE:001035,0,264,0.0,0,0,0.0
LINE:001036,0,264,0.0,0,0,0.0
LINE:001037,0,264,0.0,0,0,0.0
LINE:001038,0,264,0.0,0,0,0.0
LINE:001039,0,264,0.0,0,0,0.0
LINE:001040,0,264,0.0,0,0,0.0
LINE:001041,0,264,0.0,0,0,0.0
LINE:001042,0,264,0.0,0,0,0.0
LINE:001043,0,264,0.0,0,0,0.0
LINE:001045,0,264,0.0,0,0,0.0
LINE:001047,0,264,0.0,0,0,0.0
LINE:001048,0,264,0.0,0,0,0.0
LINE:001049,0,264,0.0,0,0,0.0
LINE:001050,0,264,0.0,0,0,0.0
LINE:001053,0,264,0.0,0,0,0.0
LINE:001054,0,264,0.0,0,0,0.0
LINE:001056,0,264,0.0,0,0,0.0
LINE:001057,0,264,0.0,0,0,0.0
LINE:001058,0,264,0.0,0,0,0.0
LINE:001061,0,264,0.0,0,0,0.0
LINE:001062,0,264,0.0,0,0,0.0
LINE:001063,0,264,0.0,0,0,0.0
LINE:001064,0,264,0.0,0,0,0.0
LINE:001065,0,264,0.0,0,0,0.0
LINE:001066,0,264,0.0,0,0,0.0
LINE:001067,0,264,0.0,0,0,0.0
LINE:001068,0,264,0.0,0,0,0.0
LINE:001070,0,264,0.0,0,0,0.0
LINE:001072,0,264,0.0,0,0,0.0
LINE:001073,0,264,0.0,0,0,0.0
LINE:001074,0,264,0.0,0,0,0.0
LINE:001075,0,264,0.0,0,0,0.0
LINE:001076,0,264,0.0,0,0,0.0
LINE:001079,0,264,0.0,0,0,0.0
LINE:001082,0,264,0.0,0,0,0.0
LINE:001083,0,264,0.0,0,0,0.0
LINE:001084,0,264,0.0,0,0,0.0
LINE:001085,0,264,0.0,0,0,0.0
LINE:001086,0,264,0.0,0,0,0.0
LINE:001087,0,264,0.0,0,0,0.0
LINE:001088,0,264,0.0,0,0,0.0
LINE:001089,0,264,0.0,0,0,0.0
LINE:001090,0,264,0.0,0,0,0.0
LINE:001091,0,264,0.0,0,0,0.0
LINE:001092,0,264,0.0,0,0,0.0
LINE:001093,0,264,0.0,0,0,0.0
LINE:001094,0,264,0.0,0,0,0.0
LINE:001095,0,264,0.0,0,0,0.0
LINE:001097,0,264,0.0,0,0,0.0
LINE:001098,0,264,0.0,0,0,0.0
LINE:001101,0,264,0.0,0,0,0.0
LINE:001102,0,264,0.0,0,0,0.0
LINE:001104,0,264,0.0,0,0,0.0
LINE:001105,0,264,0.0,0,0,0.0
LINE:001106,0,264,0.0,0,0,0.0
LINE:001107,0,264,0.0,0,0,0.0
LINE:001108,0,264,0.0,0,0,0.0
LINE:001109,0,264,0.0,0,0,0.0
LINE:001111,0,264,0.0,0,0,0.0
LINE:001112,0,264,0.0,0,0,0.0
LINE:001113,0,264,0.0,0,0,0.0
LINE:001114,0,264,0.0,0,0,0.0
LINE:001115,0,264,0.0,0,0,0.0
LINE:001116,0,264,0.0,0,0,0.0
LINE:001117,0,264,0.0,0,0,0.0
LINE:001118,0,264,0.0,0,0,0.0
LINE:001119,0,264,0.0,0,0,0.0
LINE:001120,0,264,0.0,0,0,0.0
LINE:001121,0,264,0.0,0,0,0.0
LINE:001122,0,264,0.0,0,0,0.0
LINE:001123,0,264,0.0,0,0,0.0
LINE:001124,0,264,0.0,0,0,0.0
LINE:001125,0,264,0.0,0,0,0.0
LINE:001130,0,264,0.0,0,0,0.0
LINE:001131,0,264,0.0,0,0,0.0
LINE:001132,0,264,0.0,0,0,0.0
LINE:001133,0,264,0.0,0,0,0.0
LINE:001134,0,264,0.0,0,0,0.0
LINE:001135,0,264,0.0,0,0,0.0
LINE:001138,0,264,0.0,0,0,0.0
LINE:001139,0,264,0.0,0,0,0.0
LINE:001140,0,264,0.0,0,0,0.0
LINE:001141,0,264,0.0,0,0,0.0
LINE:001142,0,264,0.0,0,0,0.0
LINE:001143,0,264,0.0,0,0,0.0
LINE:001144,0,264,0.0,0,0,0.0
LINE:001146,0,264,0.0,0,0,0.0
LINE:001147,0,264,0.0,0,0,0.0
LINE:001148,0,264,0.0,0,0,0.0
LINE:001149,0,264,0.0,0,0,0.0
LINE:001150,0,264,0.0,0,0,0.0
LINE:001151,0,264,0.0,0,0,0.0
LINE:001152,0,264,0.0,0,0,0.0
LINE:001153,10,264,0.03787878787878788,1,1,0.8333333333333334
LINE:001155,0,264,0.0,0,0,0.0
LINE:001156,12,264,0.045454545454545456,1,1,1.0
LINE:001159,0,264,0.0,0,0,0.0
LINE:001161,0,264,0.0,0,0,0.0
LINE:001162,0,264,0.0,0,0,0.0
LINE:001163,0,264,0.0,0,0,0.0
LINE:001164,0,264,0.0,0,0,0.0
LINE:001166,0,264,0.0,0,0,0.0
LINE:001167,0,264,0.0,0,0,0.0
LINE:001169,0,264,0.0,0,0,0.0
LINE:001170,0,264,0.0,0,0,0.0
LINE:001172,0,264,0.0,0,0,0.0
LINE:001174,0,264,0.0,0,0,0.0
LINE:001175,0,264,0.0,0,0,0.0
LINE:001176,0,264,0.0,0,0,0.0
LINE:001177,0,264,0.0,0,0,0.0
LINE:001179,0,264,0.0,0,0,0.0
LINE:001180,0,264,0.0,0,0,0.0
LINE:001181,0,264,0.0,0,0,0.0
LINE:001183,0,264,0.0,0,0,0.0
LINE:001187,0,264,0.0,0,0,0.0
LINE:001188,0,264,0.0,0,0,0.0
LINE:001189,0,264,0.0,0,0,0.0
LINE:001190,0,264,0.0,0,0,0.0
LINE:001192,0,264,0.0,0,0,0.0
LINE:001193,0,264,0.0,0,0,0.0
LINE:001194,0,264,0.0,0,0,0.0
LINE:001195,0,264,0.0,0,0,0.0
LINE:001196,0,264,0.0,0,0,0.0
LINE:001197,0,264,0.0,0,0,0.0
LINE:001198,0,264,0.0,0,0,0.0
LINE:001199,0,264,0.0,0,0,0.0
LINE:001200,0,264,0.0,0,0,0.0
LINE:001202,0,264,0.0,0,0,0.0
LINE:001203,0,264,0.0,0,0,0.0
LINE:001204,0,264,0.0,0,0,0.0
LINE:001205,0,264,0.0,0,0,0.0
LINE:001206,0,264,0.0,0,0,0.0
LINE:001209,0,264,0.0,0,0,0.0
LINE:001211,0,264,0.0,0,0,0.0
LINE:001212,0,264,0.0,0,0,0.0
LINE:001213,0,264,0.0,0,0,0.0
LINE:001214,0,264,0.0,0,0,0.0
LINE:001215,0,264,0.0,0,0,0.0
LINE:001216,0,264,0.0,0,0,0.0
LINE:001217,0,264,0.0,0,0,0.0
LINE:001218,0,264,0.0,0,0,0.0
LINE:001219,0,264,0.0,0,0,0.0
LINE:001220,0,264,0.0,0,0,0.0
LINE:001221,0,264,0.0,0,0,0.0
LINE:001222,0,264,0.0,0,0,0.0
LINE:001223,0,264,0.0,0,0,0.0
LINE:001228,0,264,0.0,0,0,0.0
LINE:001229,0,264,0.0,0,0,0.0
LINE:001231,0,264,0.0,0,0,0.0
LINE:001233,0,264,0.0,0,0,0.0
LINE:001235,0,264,0.0,0,0,0.0
LINE:001236,0,264,0.0,0,0,0.0
LINE:001237,0,264,0.0,0,0,0.0
LINE:001238,0,264,0.0,0,0,0.0
LINE:001239,0,264,0.0,0,0,0.0
LINE:001240,0,264,0.0,0,0,0.0
LINE:001241,0,264,0.0,0,0,0.0
LINE:001242,0,264,0.0,0,0,0.0
LINE:001243,0,264,0.0,0,0,0.0
LINE:001247,0,264,0.0,0,0,0.0
LINE:001251,0,264,0.0,0,0,0.0
LINE:001254,0,264,0.0,0,0,0.0
LINE:001255,0,264,0.0,0,0,0.0
LINE:001256,0,264,0.0,0,0,0.0
LINE:001257,0,264,0.0,0,0,0.0
LINE:001259,0,264,0.0,0,0,0.0
LINE:001260,0,264,0.0,0,0,0.0
LINE:001261,0,264,0.0,0,0,0.0
LINE:001262,0,264,0.0,0,0,0.0
LINE:001263,0,264,0.0,0,0,0.0
LINE:001266,0,264,0.0,0,0,0.0
LINE:001267,0,264,0.0,0,0,0.0
LINE:001268,0,264,0.0,0,0,0.0
LINE:001269,0,264,0.0,0,0,0.0
LINE:001270,0,264,0.0,0,0,0.0
LINE:001271,0,264,0.0,0,0,0.0
LINE:001272,0,264,0.0,0,0,0.0
LINE:001274,0,264,0.0,0,0,0.0
LINE:001275,0,264,0.0,0,0,0.0
LINE:001276,0,264,0.0,0,0,0.0
LINE:001279,0,264,0.0,0,0,0.0
LINE:001280,0,264,0.0,0,0,0.0
LINE:001281,0,264,0.0,0,0,0.0
LINE:001282,0,264,0.0,0,0,0.0
LINE:001283,0,264,0.0,0,0,0.0
LINE:001286,0,264,0.0,0,0,0.0
LINE:001287,0,264,0.0,0,0,0.0
LINE:001288,0,264,0.0,0,0,0.0
LINE:001290,0,264,0.0,0,0,0.0
LINE:001291,0,264,0.0,0,0,0.0
LINE:001292,0,264,0.0,0,0,0.0
LINE:001293,0,264,0.0,0,0,0.0
LINE:001294,0,264,0.0,0,0,0.0
LINE:001295,0,264,0.0,0,0,0.0
LINE:001296,0,264,0.0,0,0,0.0
LINE:001297,0,264,0.0,0,0,0.0
LINE:001298,0,264,0.0,0,0,0.0
LINE:001299,0,264,0.0,0,0,0.0
LINE:001301,0,264,0.0,0,0,0.0
LINE:001304,0,264,0.0,0,0,0.0
LINE:001305,0,264,0.0,0,0,0.0
LINE:001306,0,264,0.0,0,0,0.0
LINE:001307,0,264,0.0,0,0,0.0
LINE:001309,0,264,0.0,0,0,0.0
LINE:001310,0,264,0.0,0,0,0.0
LINE:001311,0,264,0.0,0,0,0.0
LINE:001315,0,264,0.0,0,0,0.0
LINE:001316,0,264,0.0,0,0,0.0
LINE:001317,0,264,0.0,0,0,0.0
LINE:001318,0,264,0.0,0,0,0.0
LINE:001319,0,264,0.0,0,0,0.0
LINE:001320,0,264,0.0,0,0,0.0
LINE:001322,0,264,0.0,0,0,0.0
LINE:001323,0,264,0.0,0,0,0.0
LINE:001324,0,264,0.0,0,0,0.0
LINE:001325,0,264,0.0,0,0,0.0
LINE:001326,0,264,0.0,0,0,0.0
LINE:001327,0,264,0.0,0,0,0.0
LINE:001328,0,264,0.0,0,0,0.0
LINE:001331,0,264,0.0,0,0,0.0
LINE:001332,0,264,0.0,0,0,0.0
LINE:001333,0,264,0.0,0,0,0.0
LINE:001334,0,264,0.0,0,0,0.0
LINE:001335,0,264,0.0,0,0,0.0
LINE:001337,0,264,0.0,0,0,0.0
LINE:001338,0,264,0.0,0,0,0.0
LINE:001339,0,264,0.0,0,0,0.0
LINE:001340,0,264,0.0,0,0,0.0
LINE:001341,0,264,0.0,0,0,0.0
LINE:001342,0,264,0.0,0,0,0.0
LINE:001343,0,264,0.0,0,0,0.0
LINE:001344,0,264,0.0,0,0,0.0
LINE:001345,0,264,0.0,0,0,0.0
LINE:001346,0,264,0.0,0,0,0.0
LINE:001347,0,264,0.0,0,0,0.0
LINE:001348,0,264,0.0,0,0,0.0
LINE:001349,0,264,0.0,0,0,0.0
LINE:001350,0,264,0.0,0,0,0.0
LINE:001351,0,264,0.0,0,0,0.0
LINE:001352,0,264,0.0,0,0,0.0
LINE:001353,0,264,0.0,0,0,0.0
LINE:001354,0,264,0.0,0,0,0.0
LINE:001355,0,264,0.0,0,0,0.0
LINE:001356,0,264,0.0,0,0,0.0
LINE:001358,0,264,0.0,0,0,0.0
LINE:001360,12,264,0.045454545454545456,1,1,1.0
LINE:001361,0,264,0.0,0,0,0.0
LINE:001362,0,264,0.0,0,0,0.0
LINE:001363,41,264,0.1553030303030303,4,2,1.0
LINE:001364,0,264,0.0,0,0,0.0
LINE:001365,60,264,0.22727272727272727,7,5,1.0
LINE:001366,0,264,0.0,0,0,0.0
LINE:001367,0,264,0.0,0,0,0.0
LINE:001368,0,264,0.0,0,0,0.0
LINE:001369,0,264,0.0,0,0,0.0
LINE:001370,0,264,0.0,0,0,0.0
LINE:001371,0,264,0.0,0,0,0.0
LINE:001373,0,264,0.0,0,0,0.0
LINE:001374,0,264,0.0,0,0,0.0
LINE:001375,0,264,0.0,0,0,0.0
LINE:001379,0,264,0.0,0,0,0.0
LINE:001380,0,264,0.0,0,0,0.0
LINE:001381,0,264,0.0,0,0,0.0
LINE:001382,0,264,0.0,0,0,0.0
LINE:001383,0,264,0.0,0,0,0.0
LINE:001384,0,264,0.0,0,0,0.0
LINE:001392,0,264,0.0,0,0,0.0
LINE:001393,0,264,0.0,0,0,0.0
LINE:001396,0,264,0.0,0,0,0.0
LINE:001397,0,264,0.0,0,0,0.0
LINE:001398,0,264,0.0,0,0,0.0
LINE:001399,0,264,0.0,0,0,0.0
LINE:001400,0,264,0.0,0,0,0.0
LINE:001401,0,264,0.0,0,0,0.0
LINE:001403,0,264,0.0,0,0,0.0
LINE:001405,0,264,0.0,0,0,0.0
LINE:001406,0,264,0.0,0,0,0.0
LINE:001407,0,264,0.0,0,0,0.0
LINE:001408,0,264,0.0,0,0,0.0
LINE:001409,0,264,0.0,0,0,0.0
LINE:001410,0,264,0.0,0,0,0.0
LINE:001411,0,264,0.0,0,0,0.0
LINE:001412,0,264,0.0,0,0,0.0
LINE:001413,0,264,0.0,0,0,0.0
LINE:001414,0,264,0.0,0,0,0.0
LINE:001415,0,264,0.0,0,0,0.0
LINE:001416,0,264,0.0,0,0,0.0
LINE:001417,0,264,0.0,0,0,0.0
LINE:001418,0,264,0.0,0,0,0.0
LINE:001419,0,264,0.0,0,0,0.0
LINE:001421,0,264,0.0,0,0,0.0
LINE:001423,0,264,0.0,0,0,0.0
LINE:001425,0,264,0.0,0,0,0.0
LINE:001427,0,264,0.0,0,0,0.0
LINE:001430,0,264,0.0,0,0,0.0
LINE:001431,0,264,0.0,0,0,0.0
LINE:001432,0,264,0.0,0,0,0.0
LINE:001439,0,264,0.0,0,0,0.0
LINE:001443,0,264,0.0,0,0,0.0
LINE:001445,0,264,0.0,0,0,0.0
LINE:001446,0,264,0.0,0,0,0.0
LINE:001447,0,264,0.0,0,0,0.0
LINE:001448,0,264,0.0,0,0,0.0
LINE:001449,0,264,0.0,0,0,0.0
LINE:001450,0,264,0.0,0,0,0.0
LINE:001451,0,264,0.0,0,0,0.0
LINE:001452,0,264,0.0,0,0,0.0
LINE:001453,0,264,0.0,0,0,0.0
LINE:001454,0,264,0.0,0,0,0.0
LINE:001455,0,264,0.0,0,0,0.0
LINE:001456,0,264,0.0,0,0,0.0
LINE:001457,0,264,0.0,0,0,0.0
LINE:001459,0,264,0.0,0,0,0.0
LINE:001460,0,264,0.0,0,0,0.0
LINE:001461,0,264,0.0,0,0,0.0
LINE:001463,0,264,0.0,0,0,0.0
LINE:001467,0,264,0.0,0,0,0.0
LINE:001468,0,264,0.0,0,0,0.0
LINE:001469,0,264,0.0,0,0,0.0
LINE:001471,0,264,0.0,0,0,0.0
LINE:001472,0,264,0.0,0,0,0.0
LINE:001473,0,264,0.0,0,0,0.0
LINE:001474,0,264,0.0,0,0,0.0
LINE:001475,0,264,0.0,0,0,0.0
LINE:001476,0,264,0.0,0,0,0.0
LINE:001478,0,264,0.0,0,0,0.0
LINE:001479,0,264,0.0,0,0,0.0
LINE:001480,0,264,0.0,0,0,0.0
LINE:001481,0,264,0.0,0,0,0.0
LINE:001482,0,264,0.0,0,0,0.0
LINE:001484,0,264,0.0,0,0,0.0
LINE:001485,0,264,0.0,0,0,0.0
LINE:001486,0,264,0.0,0,0,0.0
LINE:001487,0,264,0.0,0,0,0.0
LINE:001488,0,264,0.0,0,0,0.0
LINE:001490,0,264,0.0,0,0,0.0
LINE:001491,0,264,0.0,0,0,0.0
LINE:001492,0,264,0.0,0,0,0.0
LINE:001493,0,264,0.0,0,0,0.0
LINE:001494,0,264,0.0,0,0,0.0
LINE:001495,0,264,0.0,0,0,0.0
LINE:001496,0,264,0.0,0,0,0.0
LINE:001497,0,264,0.0,0,0,0.0
LINE:001498,0,264,0.0,0,0,0.0
LINE:001499,0,264,0.0,0,0,0.0
LINE:001500,0,264,0.0,0,0,0.0
LINE:001501,0,264,0.0,0,0,0.0
LINE:001504,0,264,0.0,0,0,0.0
LINE:001508,0,264,0.0,0,0,0.0
LINE:001509,0,264,0.0,0,0,0.0
LINE:001510,0,264,0.0,0,0,0.0
LINE:001511,0,264,0.0,0,0,0.0
LINE:001512,0,264,0.0,0,0,0.0
LINE:001513,0,264,0.0,0,0,0.0
LINE:001514,0,264,0.0,0,0,0.0
LINE:001515,0,264,0.0,0,0,0.0
LINE:001516,0,264,0.0,0,0,0.0
LINE:001517,0,264,0.0,0,0,0.0
LINE:001518,0,264,0.0,0,0,0.0
LINE:001519,0,264,0.0,0,0,0.0
LINE:001520,0,264,0.0,0,0,0.0
LINE:001521,0,264,0.0,0,0,0.0
LINE:001522,0,264,0.0,0,0,0.0
LINE:001523,0,264,0.0,0,0,0.0
LINE:001524,0,264,0.0,0,0,0.0
LINE:001528,0,264,0.0,0,0,0.0
LINE:001529,0,264,0.0,0,0,0.0
LINE:001531,0,264,0.0,0,0,0.0
LINE:001532,0,264,0.0,0,0,0.0
LINE:001533,0,264,0.0,0,0,0.0
LINE:001534,0,264,0.0,0,0,0.0
LINE:001535,0,264,0.0,0,0,0.0
LINE:001536,0,264,0.0,0,0,0.0
LINE:001537,0,264,0.0,0,0,0.0
LINE:001539,0,264,0.0,0,0,0.0
LINE:001541,0,264,0.0,0,0,0.0
LINE:001542,0,264,0.0,0,0,0.0
LINE:001543,0,264,0.0,0,0,0.0
LINE:001546,0,264,0.0,0,0,0.0
LINE:001548,0,264,0.0,0,0,0.0
LINE:001549,0,264,0.0,0,0,0.0
LINE:001550,0,264,0.0,0,0,0.0
LINE:001551,0,264,0.0,0,0,0.0
LINE:001553,0,264,0.0,0,0,0.0
LINE:001554,0,264,0.0,0,0,0.0
LINE:001555,0,264,0.0,0,0,0.0
LINE:001556,0,264,0.0,0,0,0.0
LINE:001557,0,264,0.0,0,0,0.0
LINE:001559,0,264,0.0,0,0,0.0
LINE:001560,0,264,0.0,0,0,0.0
LINE:001561,0,264,0.0,0,0,0.0
LINE:001562,0,264,0.0,0,0,0.0
LINE:001563,0,264,0.0,0,0,0.0
LINE:001564,0,264,0.0,0,0,0.0
LINE:001565,0,264,0.0,0,0,0.0
LINE:001567,0,264,0.0,0,0,0.0
LINE:001569,0,264,0.0,0,0,0.0
LINE:001570,0,264,0.0,0,0,0.0
LINE:001571,0,264,0.0,0,0,0.0
LINE:001573,0,264,0.0,0,0,0.0
LINE:001574,0,264,0.0,0,0,0.0
LINE:001575,0,264,0.0,0,0,0.0
LINE:001582,0,264,0.0,0,0,0.0
LINE:001583,0,264,0.0,0,0,0.0
LINE:001584,0,264,0.0,0,0,0.0
LINE:001587,0,264,0.0,0,0,0.0
LINE:001588,0,264,0.0,0,0,0.0
LINE:001589,0,264,0.0,0,0,0.0
LINE:001590,0,264,0.0,0,0,0.0
LINE:001595,0,264,0.0,0,0,0.0
LINE:001596,0,264,0.0,0,0,0.0
LINE:001602,0,264,0.0,0,0,0.0
LINE:001603,0,264,0.0,0,0,0.0
LINE:001604,0,264,0.0,0,0,0.0
LINE:001605,0,264,0.0,0,0,0.0
LINE:001606,0,264,0.0,0,0,0.0
LINE:001607,0,264,0.0,0,0,0.0
LINE:001608,0,264,0.0,0,0,0.0
LINE:001609,0,264,0.0,0,0,0.0
LINE:001610,0,264,0.0,0,0,0.0
LINE:001611,0,264,0.0,0,0,0.0
LINE:001613,0,264,0.0,0,0,0.0
LINE:001614,0,264,0.0,0,0,0.0
LINE:001619,0,264,0.0,0,0,0.0
LINE:001621,0,264,0.0,0,0,0.0
LINE:001623,0,264,0.0,0,0,0.0
LINE:001624,0,264,0.0,0,0,0.0
LINE:001625,0,264,0.0,0,0,0.0
LINE:001626,0,264,0.0,0,0,0.0
LINE:001627,0,264,0.0,0,0,0.0
LINE:001628,0,264,0.0,0,0,0.0
LINE:001629,0,264,0.0,0,0,0.0
LINE:001630,0,264,0.0,0,0,0.0
LINE:001633,0,264,0.0,0,0,0.0
LINE:001637,0,264,0.0,0,0,0.0
LINE:001638,0,264,0.0,0,0,0.0
LINE:001639,0,264,0.0,0,0,0.0
LINE:001640,0,264,0.0,0,0,0.0
LINE:001641,0,264,0.0,0,0,0.0
LINE:001642,0,264,0.0,0,0,0.0
LINE:001644,0,264,0.0,0,0,0.0
LINE:001645,0,264,0.0,0,0,0.0
LINE:001647,0,264,0.0,0,0,0.0
LINE:001653,0,264,0.0,0,0,0.0
LINE:001654,0,264,0.0,0,0,0.0
LINE:001655,0,264,0.0,0,0,0.0
LINE:001656,0,264,0.0,0,0,0.0
LINE:001659,0,264,0.0,0,0,0.0
LINE:001663,0,264,0.0,0,0,0.0
LINE:001664,0,264,0.0,0,0,0.0
LINE:001665,0,264,0.0,0,0,0.0
LINE:001666,0,264,0.0,0,0,0.0
LINE:001667,0,264,0.0,0,0,0.0
LINE:001668,0,264,0.0,0,0,0.0
LINE:001669,0,264,0.0,0,0,0.0
LINE:001670,0,264,0.0,0,0,0.0
LINE:001671,0,264,0.0,0,0,0.0
LINE:001672,0,264,0.0,0,0,0.0
LINE:001673,0,264,0.0,0,0,0.0
LINE:001674,0,264,0.0,0,0,0.0
LINE:001675,0,264,0.0,0,0,0.0
LINE:001678,0,264,0.0,0,0,0.0
LINE:001679,0,264,0.0,0,0,0.0
LINE:001684,0,264,0.0,0,0,0.0
LINE:001686,0,264,0.0,0,0,0.0
LINE:001687,0,264,0.0,0,0,0.0
LINE:001688,0,264,0.0,0,0,0.0
LINE:001689,0,264,0.0,0,0,0.0
LINE:001690,0,264,0.0,0,0,0.0
LINE:001693,0,264,0.0,0,0,0.0
LINE:001694,0,264,0.0,0,0,0.0
LINE:001695,0,264,0.0,0,0,0.0
LINE:001696,0,264,0.0,0,0,0.0
LINE:001698,0,264,0.0,0,0,0.0
LINE:001699,0,264,0.0,0,0,0.0
LINE:001700,0,264,0.0,0,0,0.0
LINE:001701,0,264,0.0,0,0,0.0
LINE:001702,0,264,0.0,0,0,0.0
LINE:001703,0,264,0.0,0,0,0.0
LINE:001704,0,264,0.0,0,0,0.0
LINE:001705,0,264,0.0,0,0,0.0
LINE:001706,0,264,0.0,0,0,0.0
LINE:001707,0,264,0.0,0,0,0.0
LINE:001708,0,264,0.0,0,0,0.0
LINE:001709,0,264,0.0,0,0,0.0
LINE:001712,0,264,0.0,0,0,0.0
LINE:001713,0,264,0.0,0,0,0.0
LINE:001714,0,264,0.0,0,0,0.0
LINE:001715,0,264,0.0,0,0,0.0
LINE:001716,0,264,0.0,0,0,0.0
LINE:001717,0,264,0.0,0,0,0.0
LINE:001718,0,264,0.0,0,0,0.0
LINE:001719,0,264,0.0,0,0,0.0
LINE:001720,0,264,0.0,0,0,0.0
LINE:001722,0,264,0.0,0,0,0.0
LINE:001723,0,264,0.0,0,0,0.0
LINE:001724,0,264,0.0,0,0,0.0
LINE:001725,0,264,0.0,0,0,0.0
LINE:001726,0,264,0.0,0,0,0.0
LINE:001727,0,264,0.0,0,0,0.0
LINE:001728,0,264,0.0,0,0,0.0
LINE:001729,0,264,0.0,0,0,0.0
LINE:001730,0,264,0.0,0,0,0.0
LINE:001731,0,264,0.0,0,0,0.0
LINE:001732,0,264,0.0,0,0,0.0
LINE:001734,0,264,0.0,0,0,0.0
LINE:001735,0,264,0.0,0,0,0.0
LINE:001736,0,264,0.0,0,0,0.0
LINE:001737,0,264,0.0,0,0,0.0
LINE:001738,0,264,0.0,0,0,0.0
LINE:001740,0,264,0.0,0,0,0.0
LINE:001741,0,264,0.0,0,0,0.0
LINE:001743,0,264,0.0,0,0,0.0
LINE:001744,0,264,0.0,0,0,0.0
LINE:001745,0,264,0.0,0,0,0.0
LINE:001746,0,264,0.0,0,0,0.0
LINE:001747,0,264,0.0,0,0,0.0
LINE:001749,0,264,0.0,0,0,0.0
LINE:001750,0,264,0.0,0,0,0.0
LINE:001751,0,264,0.0,0,0,0.0
LINE:001752,0,264,0.0,0,0,0.0
LINE:001753,0,264,0.0,0,0,0.0
LINE:001754,0,264,0.0,0,0,0.0
LINE:001755,0,264,0.0,0,0,0.0
LINE:001757,0,264,0.0,0,0,0.0
LINE:001758,0,264,0.0,0,0,0.0
LINE:001759,0,264,0.0,0,0,0.0
LINE:001760,0,264,0.0,0,0,0.0
LINE:001761,0,264,0.0,0,0,0.0
LINE:001762,0,264,0.0,0,0,0.0
LINE:001763,0,264,0.0,0,0,0.0
LINE:001766,0,264,0.0,0,0,0.0
LINE:001767,0,264,0.0,0,0,0.0
LINE:001768,0,264,0.0,0,0,0.0
LINE:001770,0,264,0.0,0,0,0.0
LINE:001771,0,264,0.0,0,0,0.0
LINE:001772,0,264,0.0,0,0,0.0
LINE:001774,0,264,0.0,0,0,0.0
LINE:001775,0,264,0.0,0,0,0.0
LINE:001777,0,264,0.0,0,0,0.0
LINE:001779,0,264,0.0,0,0,0.0
LINE:001780,0,264,0.0,0,0,0.0
LINE:001781,0,264,0.0,0,0,0.0
LINE:001789,0,264,0.0,0,0,0.0
LINE:001792,0,264,0.0,0,0,0.0
LINE:001793,0,264,0.0,0,0,0.0
LINE:001794,0,264,0.0,0,0,0.0
LINE:001795,0,264,0.0,0,0,0.0
LINE:001796,0,264,0.0,0,0,0.0
LINE:001797,0,264,0.0,0,0,0.0
LINE:001798,0,264,0.0,0,0,0.0
LINE:001799,0,264,0.0,0,0,0.0
LINE:001801,0,264,0.0,0,0,0.0
LINE:001802,0,264,0.0,0,0,0.0
LINE:001803,0,264,0.0,0,0,0.0
LINE:001804,0,264,0.0,0,0,0.0
LINE:001807,0,264,0.0,0,0,0.0
LINE:001808,0,264,0.0,0,0,0.0
LINE:001809,0,264,0.0,0,0,0.0
LINE:001815,0,264,0.0,0,0,0.0
LINE:001816,0,264,0.0,0,0,0.0
LINE:001817,0,264,0.0,0,0,0.0
LINE:001818,0,264,0.0,0,0,0.0
LINE:001819,0,264,0.0,0,0,0.0
LINE:001820,0,264,0.0,0,0,0.0
LINE:001821,0,264,0.0,0,0,0.0
LINE:001822,0,264,0.0,0,0,0.0
LINE:001825,0,264,0.0,0,0,0.0
LINE:001826,0,264,0.0,0,0,0.0
LINE:001827,0,264,0.0,0,0,0.0
LINE:001828,0,264,0.0,0,0,0.0
LINE:001829,0,264,0.0,0,0,0.0
LINE:001830,0,264,0.0,0,0,0.0
LINE:001831,0,264,0.0,0,0,0.0
LINE:001833,0,264,0.0,0,0,0.0
LINE:001834,0,264,0.0,0,0,0.0
LINE:001837,0,264,0.0,0,0,0.0
LINE:001838,0,264,0.0,0,0,0.0
LINE:001839,0,264,0.0,0,0,0.0
LINE:001840,0,264,0.0,0,0,0.0
LINE:001843,0,264,0.0,0,0,0.0
LINE:001844,0,264,0.0,0,0,0.0
LINE:001846,0,264,0.0,0,0,0.0
LINE:001847,0,264,0.0,0,0,0.0
LINE:001848,0,264,0.0,0,0,0.0
LINE:001849,0,264,0.0,0,0,0.0
LINE:001850,0,264,0.0,0,0,0.0
LINE:001851,0,264,0.0,0,0,0.0
LINE:001852,0,264,0.0,0,0,0.0
LINE:001853,0,264,0.0,0,0,0.0
LINE:001854,0,264,0.0,0,0,0.0
LINE:001855,0,264,0.0,0,0,0.0
LINE:001856,0,264,0.0,0,0,0.0
LINE:001857,0,264,0.0,0,0,0.0
LINE:001858,0,264,0.0,0,0,0.0
LINE:001859,0,264,0.0,0,0,0.0
LINE:001860,0,264,0.0,0,0,0.0
LINE:001861,124,264,0.4696969696969697,12,10,1.0
LINE:001863,0,264,0.0,0,0,0.0
LINE:001864,0,264,0.0,0,0,0.0
LINE:001865,0,264,0.0,0,0,0.0
LINE:001866,0,264,0.0,0,0,0.0
LINE:001867,0,264,0.0,0,0,0.0
LINE:001869,0,264,0.0,0,0,0.0
LINE:001870,0,264,0.0,0,0,0.0
LINE:001871,0,264,0.0,0,0,0.0
LINE:001872,0,264,0.0,0,0,0.0
LINE:001873,0,264,0.0,0,0,0.0
LINE:001874,0,264,0.0,0,0,0.0
LINE:001875,0,264,0.0,0,0,0.0
LINE:001876,0,264,0.0,0,0,0.0
LINE:001877,0,264,0.0,0,0,0.0
LINE:001878,0,264,0.0,0,0,0.0
LINE:001879,0,264,0.0,0,0,0.0
LINE:001881,0,264,0.0,0,0,0.0
LINE:001882,0,264,0.0,0,0,0.0
LINE:001883,0,264,0.0,0,0,0.0
LINE:001884,0,264,0.0,0,0,0.0
LINE:001885,0,264,0.0,0,0,0.0
LINE:001886,0,264,0.0,0,0,0.0
LINE:001887,0,264,0.0,0,0,0.0
LINE:001888,0,264,0.0,0,0,0.0
LINE:001889,0,264,0.0,0,0,0.0
LINE:001890,0,264,0.0,0,0,0.0
LINE:001891,0,264,0.0,0,0,0.0
LINE:001892,0,264,0.0,0,0,0.0
LINE:001893,0,264,0.0,0,0,0.0
LINE:001894,0,264,0.0,0,0,0.0
LINE:001896,1,264,0.003787878787878788,1,0,0.08333333333333333
LINE:001897,1,264,0.003787878787878788,1,0,0.08333333333333333
LINE:001898,0,264,0.0,0,0,0.0
LINE:001899,0,264,0.0,0,0,0.0
LINE:001901,0,264,0.0,0,0,0.0
LINE:001902,0,264,0.0,0,0,0.0
LINE:001905,0,264,0.0,0,0,0.0
LINE:001906,0,264,0.0,0,0,0.0
LINE:001907,0,264,0.0,0,0,0.0
LINE:001908,0,264,0.0,0,0,0.0
LINE:001909,0,264,0.0,0,0,0.0
LINE:001910,0,264,0.0,0,0,0.0
LINE:001911,0,264,0.0,0,0,0.0
LINE:001912,0,264,0.0,0,0,0.0
LINE:001913,0,264,0.0,0,0,0.0
LINE:001914,0,264,0.0,0,0,0.0
LINE:001915,0,264,0.0,0,0,0.0
LINE:001916,0,264,0.0,0,0,0.0
LINE:001917,0,264,0.0,0,0,0.0
LINE:001918,0,264,0.0,0,0,0.0
LINE:001919,0,264,0.0,0,0,0.0
LINE:001920,0,264,0.0,0,0,0.0
LINE:001921,0,264,0.0,0,0,0.0
LINE:001922,0,264,0.0,0,0,0.0
LINE:001923,0,264,0.0,0,0,0.0
LINE:001924,0,264,0.0,0,0,0.0
LINE:001925,0,264,0.0,0,0,0.0
LINE:001926,0,264,0.0,0,0,0.0
LINE:001927,0,264,0.0,0,0,0.0
LINE:001928,0,264,0.0,0,0,0.0
LINE:001929,0,264,0.0,0,0,0.0
LINE:001930,0,264,0.0,0,0,0.0
LINE:001931,0,264,0.0,0,0,0.0
LINE:001932,0,264,0.0,0,0,0.0
LINE:001933,0,264,0.0,0,0,0.0
LINE:001934,0,264,0.0,0,0,0.0
LINE:001935,0,264,0.0,0,0,0.0
LINE:001938,0,264,0.0,0,0,0.0
LINE:001939,0,264,0.0,0,0,0.0
LINE:001940,0,264,0.0,0,0,0.0
LINE:001941,0,264,0.0,0,0,0.0
LINE:001944,0,264,0.0,0,0,0.0
LINE:001946,0,264,0.0,0,0,0.0
LINE:001948,0,264,0.0,0,0,0.0
LINE:001953,0,264,0.0,0,0,0.0
LINE:001954,0,264,0.0,0,0,0.0
LINE:001955,0,264,0.0,0,0,0.0
LINE:001956,0,264,0.0,0,0,0.0
LINE:001957,0,264,0.0,0,0,0.0
LINE:001958,0,264,0.0,0,0,0.0
LINE:001960,0,264,0.0,0,0,0.0
LINE:001962,0,264,0.0,0,0,0.0
LINE:001964,0,264,0.0,0,0,0.0
LINE:001965,0,264,0.0,0,0,0.0
LINE:001967,0,264,0.0,0,0,0.0
LINE:001968,0,264,0.0,0,0,0.0
LINE:001970,0,264,0.0,0,0,0.0
LINE:001971,0,264,0.0,0,0,0.0
LINE:001973,0,264,0.0,0,0,0.0
LINE:001974,0,264,0.0,0,0,0.0
LINE:001975,0,264,0.0,0,0,0.0
LINE:001976,0,264,0.0,0,0,0.0
LINE:001977,0,264,0.0,0,0,0.0
LINE:001978,0,264,0.0,0,0,0.0
LINE:001979,0,264,0.0,0,0,0.0
LINE:001980,0,264,0.0,0,0,0.0
LINE:001981,0,264,0.0,0,0,0.0
LINE:001982,0,264,0.0,0,0,0.0
LINE:001983,0,264,0.0,0,0,0.0
LINE:001984,0,264,0.0,0,0,0.0
LINE:001985,0,264,0.0,0,0,0.0
LINE:001986,0,264,0.0,0,0,0.0
LINE:001987,0,264,0.0,0,0,0.0
LINE:001988,0,264,0.0,0,0,0.0
LINE:001989,0,264,0.0,0,0,0.0
LINE:001990,0,264,0.0,0,0,0.0
LINE:001991,0,264,0.0,0,0,0.0
LINE:001992,0,264,0.0,0,0,0.0
LINE:001993,0,264,0.0,0,0,0.0
LINE:001994,0,264,0.0,0,0,0.0
LINE:001995,0,264,0.0,0,0,0.0
LINE:001998,0,264,0.0,0,0,0.0
LINE:001999,0,264,0.0,0,0,0.0
LINE:002000,0,264,0.0,0,0,0.0
LINE:002001,0,264,0.0,0,0,0.0
LINE:002002,0,264,0.0,0,0,0.0
LINE:002003,0,264,0.0,0,0,0.0
LINE:002004,0,264,0.0,0,0,0.0
LINE:002005,0,264,0.0,0,0,0.0
LINE:002006,0,264,0.0,0,0,0.0
LINE:002009,0,264,0.0,0,0,0.0
LINE:002010,0,264,0.0,0,0,0.0
LINE:002011,0,264,0.0,0,0,0.0
LINE:002012,0,264,0.0,0,0,0.0
LINE:002014,0,264,0.0,0,0,0.0
LINE:002015,0,264,0.0,0,0,0.0
LINE:002016,0,264,0.0,0,0,0.0
LINE:002017,0,264,0.0,0,0,0.0
LINE:002018,0,264,0.0,0,0,0.0
LINE:002022,0,264,0.0,0,0,0.0
LINE:002023,0,264,0.0,0,0,0.0
LINE:002024,0,264,0.0,0,0,0.0
LINE:002026,0,264,0.0,0,0,0.0
LINE:002027,0,264,0.0,0,0,0.0
LINE:002029,0,264,0.0,0,0,0.0
LINE:002030,0,264,0.0,0,0,0.0
LINE:002031,0,264,0.0,0,0,0.0
LINE:002032,0,264,0.0,0,0,0.0
LINE:002033,0,264,0.0,0,0,0.0
LINE:002034,0,264,0.0,0,0,0.0
LINE:002035,0,264,0.0,0,0,0.0
LINE:002036,0,264,0.0,0,0,0.0
LINE:002037,0,264,0.0,0,0,0.0
LINE:002038,0,264,0.0,0,0,0.0
LINE:002039,0,264,0.0,0,0,0.0
LINE:002040,0,264,0.0,0,0,0.0
LINE:002041,0,264,0.0,0,0,0.0
LINE:002042,0,264,0.0,0,0,0.0
LINE:002043,99,264,0.375,11,7,1.0
LINE:002044,0,264,0.0,0,0,0.0
LINE:002045,0,264,0.0,0,0,0.0
LINE:002046,0,264,0.0,0,0,0.0
LINE:002047,0,264,0.0,0,0,0.0
LINE:002048,0,264,0.0,0,0,0.0
LINE:002049,0,264,0.0,0,0,0.0
LINE:002050,0,264,0.0,0,0,0.0
LINE:002051,0,264,0.0,0,0,0.0
LINE:002052,0,264,0.0,0,0,0.0
LINE:002053,0,264,0.0,0,0,0.0
LINE:002054,0,264,0.0,0,0,0.0
LINE:002055,0,264,0.0,0,0,0.0
LINE:002057,0,264,0.0,0,0,0.0
LINE:002058,0,264,0.0,0,0,0.0
LINE:002059,0,264,0.0,0,0,0.0
LINE:002060,0,264,0.0,0,0,0.0
LINE:002061,0,264,0.0,0,0,0.0
LINE:002062,0,264,0.0,0,0,0.0
LINE:002063,0,264,0.0,0,0,0.0
LINE:002065,0,264,0.0,0,0,0.0
LINE:002066,0,264,0.0,0,0,0.0
LINE:002067,0,264,0.0,0,0,0.0
LINE:002068,0,264,0.0,0,0,0.0
LINE:002069,0,264,0.0,0,0,0.0
LINE:002070,0,264,0.0,0,0,0.0
LINE:002071,0,264,0.0,0,0,0.0
LINE:002072,0,264,0.0,0,0,0.0
LINE:002073,0,264,0.0,0,0,0.0
LINE:002075,0,264,0.0,0,0,0.0
LINE:002076,0,264,0.0,0,0,0.0
LINE:002077,0,264,0.0,0,0,0.0
LINE:002079,0,264,0.0,0,0,0.0
LINE:002081,0,264,0.0,0,0,0.0
LINE:002082,0,264,0.0,0,0,0.0
LINE:002085,0,264,0.0,0,0,0.0
LINE:002086,0,264,0.0,0,0,0.0
LINE:002088,0,264,0.0,0,0,0.0
LINE:002091,0,264,0.0,0,0,0.0
LINE:002092,0,264,0.0,0,0,0.0
LINE:002093,0,264,0.0,0,0,0.0
LINE:002095,0,264,0.0,0,0,0.0
LINE:002097,0,264,0.0,0,0,0.0
LINE:002098,0,264,0.0,0,0,0.0
LINE:002099,0,264,0.0,0,0,0.0
LINE:002100,0,264,0.0,0,0,0.0
LINE:002101,0,264,0.0,0,0,0.0
LINE:002102,0,264,0.0,0,0,0.0
LINE:002103,0,264,0.0,0,0,0.0
LINE:002104,0,264,0.0,0,0,0.0
LINE:002105,0,264,0.0,0,0,0.0
LINE:002106,0,264,0.0,0,0,0.0
LINE:002107,0,264,0.0,0,0,0.0
LINE:002109,0,264,0.0,0,0,0.0
LINE:002110,0,264,0.0,0,0,0.0
LINE:002112,0,264,0.0,0,0,0.0
LINE:002113,0,264,0.0,0,0,0.0
LINE:002115,0,264,0.0,0,0,0.0
LINE:002117,0,264,0.0,0,0,0.0
LINE:002119,0,264,0.0,0,0,0.0
LINE:002120,0,264,0.0,0,0,0.0
LINE:002122,0,264,0.0,0,0,0.0
LINE:002123,0,264,0.0,0,0,0.0
LINE:002124,0,264,0.0,0,0,0.0
LINE:002125,0,264,0.0,0,0,0.0
LINE:002126,0,264,0.0,0,0,0.0
LINE:002128,0,264,0.0,0,0,0.0
LINE:002129,0,264,0.0,0,0,0.0
LINE:002130,0,264,0.0,0,0,0.0
LINE:002131,0,264,0.0,0,0,0.0
LINE:002132,0,264,0.0,0,0,0.0
LINE:002133,0,264,0.0,0,0,0.0
LINE:002134,0,264,0.0,0,0,0.0
LINE:002135,0,264,0.0,0,0,0.0
LINE:002136,0,264,0.0,0,0,0.0
LINE:002137,0,264,0.0,0,0,0.0
LINE:002138,0,264,0.0,0,0,0.0
LINE:002139,0,264,0.0,0,0,0.0
LINE:002140,0,264,0.0,0,0,0.0
LINE:002144,0,264,0.0,0,0,0.0
LINE:002145,0,264,0.0,0,0,0.0
LINE:002146,0,264,0.0,0,0,0.0
LINE:002147,0,264,0.0,0,0,0.0
LINE:002148,0,264,0.0,0,0,0.0
LINE:002149,0,264,0.0,0,0,0.0
LINE:002151,0,264,0.0,0,0,0.0
LINE:002152,0,264,0.0,0,0,0.0
LINE:002155,0,264,0.0,0,0,0.0
LINE:002156,0,264,0.0,0,0,0.0
LINE:002157,0,264,0.0,0,0,0.0
LINE:002158,0,264,0.0,0,0,0.0
LINE:002159,0,264,0.0,0,0,0.0
LINE:002160,0,264,0.0,0,0,0.0
LINE:002161,0,264,0.0,0,0,0.0
LINE:002163,0,264,0.0,0,0,0.0
LINE:002165,0,264,0.0,0,0,0.0
LINE:002168,0,264,0.0,0,0,0.0
LINE:002169,0,264,0.0,0,0,0.0
LINE:002171,0,264,0.0,0,0,0.0
LINE:002172,0,264,0.0,0,0,0.0
LINE:002174,0,264,0.0,0,0,0.0
LINE:002175,0,264,0.0,0,0,0.0
LINE:002178,0,264,0.0,0,0,0.0
LINE:002179,0,264,0.0,0,0,0.0
LINE:002180,0,264,0.0,0,0,0.0
LINE:002181,0,264,0.0,0,0,0.0
LINE:002182,0,264,0.0,0,0,0.0
LINE:002183,0,264,0.0,0,0,0.0
LINE:002184,0,264,0.0,0,0,0.0
LINE:002185,0,264,0.0,0,0,0.0
LINE:002187,0,264,0.0,0,0,0.0
LINE:002188,0,264,0.0,0,0,0.0
LINE:002189,0,264,0.0,0,0,0.0
LINE:002190,0,264,0.0,0,0,0.0
LINE:002191,0,264,0.0,0,0,0.0
LINE:002192,0,264,0.0,0,0,0.0
LINE:002193,0,264,0.0,0,0,0.0
LINE:002194,0,264,0.0,0,0,0.0
LINE:002195,0,264,0.0,0,0,0.0
LINE:002196,0,264,0.0,0,0,0.0
LINE:002197,0,264,0.0,0,0,0.0
LINE:002198,0,264,0.0,0,0,0.0
LINE:002199,0,264,0.0,0,0,0.0
LINE:002200,0,264,0.0,0,0,0.0
LINE:002202,0,264,0.0,0,0,0.0
LINE:002204,0,264,0.0,0,0,0.0
LINE:002205,0,264,0.0,0,0,0.0
LINE:002206,0,264,0.0,0,0,0.0
LINE:002207,183,264,0.6931818181818182,18,16,1.0
LINE:002208,0,264,0.0,0,0,0.0
LINE:002209,0,264,0.0,0,0,0.0
LINE:002211,0,264,0.0,0,0,0.0
LINE:002212,0,264,0.0,0,0,0.0
LINE:002213,0,264,0.0,0,0,0.0
LINE:002214,0,264,0.0,0,0,0.0
LINE:002215,0,264,0.0,0,0,0.0
LINE:002216,0,264,0.0,0,0,0.0
LINE:002217,0,264,0.0,0,0,0.0
LINE:002218,0,264,0.0,0,0,0.0
LINE:002220,0,264,0.0,0,0,0.0
LINE:002221,0,264,0.0,0,0,0.0
LINE:002223,0,264,0.0,0,0,0.0
LINE:002224,0,264,0.0,0,0,0.0
LINE:002225,0,264,0.0,0,0,0.0
LINE:002226,0,264,0.0,0,0,0.0
LINE:002227,0,264,0.0,0,0,0.0
LINE:002228,0,264,0.0,0,0,0.0
LINE:002229,0,264,0.0,0,0,0.0
LINE:002230,0,264,0.0,0,0,0.0
LINE:002231,0,264,0.0,0,0,0.0
LINE:002232,0,264,0.0,0,0,0.0
LINE:002233,0,264,0.0,0,0,0.0
LINE:002235,0,264,0.0,0,0,0.0
LINE:002236,0,264,0.0,0,0,0.0
LINE:002237,0,264,0.0,0,0,0.0
LINE:002238,0,264,0.0,0,0,0.0
LINE:002239,0,264,0.0,0,0,0.0
LINE:002240,0,264,0.0,0,0,0.0
LINE:002241,0,264,0.0,0,0,0.0
LINE:002242,0,264,0.0,0,0,0.0
LINE:002244,0,264,0.0,0,0,0.0
LINE:002245,0,264,0.0,0,0,0.0
LINE:002246,0,264,0.0,0,0,0.0
LINE:002247,0,264,0.0,0,0,0.0
LINE:002249,0,264,0.0,0,0,0.0
LINE:002252,0,264,0.0,0,0,0.0
LINE:002253,0,264,0.0,0,0,0.0
LINE:002254,0,264,0.0,0,0,0.0
LINE:002255,0,264,0.0,0,0,0.0
LINE:002257,0,264,0.0,0,0,0.0
LINE:002258,0,264,0.0,0,0,0.0
LINE:002259,0,264,0.0,0,0,0.0
LINE:002260,0,264,0.0,0,0,0.0
LINE:002261,0,264,0.0,0,0,0.0
LINE:002262,0,264,0.0,0,0,0.0
LINE:002264,0,264,0.0,0,0,0.0
LINE:002266,0,264,0.0,0,0,0.0
LINE:002267,0,264,0.0,0,0,0.0
LINE:002271,0,264,0.0,0,0,0.0
LINE:002272,0,264,0.0,0,0,0.0
LINE:002273,0,264,0.0,0,0,0.0
LINE:002275,0,264,0.0,0,0,0.0
LINE:002277,0,264,0.0,0,0,0.0
LINE:002280,144,264,0.5454545454545454,13,12,1.0
LINE:002282,175,264,0.6628787878787878,16,14,1.0
LINE:002284,0,264,0.0,0,0,0.0
LINE:002286,0,264,0.0,0,0,0.0
LINE:002287,0,264,0.0,0,0,0.0
LINE:002288,0,264,0.0,0,0,0.0
LINE:002289,0,264,0.0,0,0,0.0
LINE:002290,0,264,0.0,0,0,0.0
LINE:002292,0,264,0.0,0,0,0.0
LINE:002293,0,264,0.0,0,0,0.0
LINE:002294,0,264,0.0,0,0,0.0
LINE:002295,0,264,0.0,0,0,0.0
LINE:002296,0,264,0.0,0,0,0.0
LINE:002297,0,264,0.0,0,0,0.0
LINE:002298,0,264,0.0,0,0,0.0
LINE:002299,0,264,0.0,0,0,0.0
LINE:002300,0,264,0.0,0,0,0.0
LINE:002301,0,264,0.0,0,0,0.0
LINE:002302,0,264,0.0,0,0,0.0
LINE:002305,0,264,0.0,0,0,0.0
LINE:002306,0,264,0.0,0,0,0.0
LINE:002307,0,264,0.0,0,0,0.0
LINE:002308,0,264,0.0,0,0,0.0
LINE:002309,0,264,0.0,0,0,0.0
LINE:002310,0,264,0.0,0,0,0.0
LINE:002311,0,264,0.0,0,0,0.0
LINE:002312,0,264,0.0,0,0,0.0
LINE:002313,0,264,0.0,0,0,0.0
LINE:002314,0,264,0.0,0,0,0.0
LINE:002315,0,264,0.0,0,0,0.0
LINE:002316,0,264,0.0,0,0,0.0
LINE:002317,0,264,0.0,0,0,0.0
LINE:002319,0,264,0.0,0,0,0.0
LINE:002320,0,264,0.0,0,0,0.0
LINE:002322,0,264,0.0,0,0,0.0
LINE:002323,0,264,0.0,0,0,0.0
LINE:002324,0,264,0.0,0,0,0.0
LINE:002325,0,264,0.0,0,0,0.0
LINE:002326,0,264,0.0,0,0,0.0
LINE:002327,0,264,0.0,0,0,0.0
LINE:002328,0,264,0.0,0,0,0.0
LINE:002329,0,264,0.0,0,0,0.0
LINE:002330,0,264,0.0,0,0,0.0
LINE:002331,0,264,0.0,0,0,0.0
LINE:002332,0,264,0.0,0,0,0.0
LINE:002333,0,264,0.0,0,0,0.0
LINE:002334,0,264,0.0,0,0,0.0
LINE:002335,0,264,0.0,0,0,0.0
LINE:002336,0,264,0.0,0,0,0.0
LINE:002337,0,264,0.0,0,0,0.0
LINE:002338,0,264,0.0,0,0,0.0
LINE:002339,0,264,0.0,0,0,0.0
LINE:002340,0,264,0.0,0,0,0.0
LINE:002341,0,264,0.0,0,0,0.0
LINE:002342,0,264,0.0,0,0,0.0
LINE:002343,0,264,0.0,0,0,0.0
LINE:002344,0,264,0.0,0,0,0.0
LINE:002349,0,264,0.0,0,0,0.0
LINE:002350,0,264,0.0,0,0,0.0
LINE:002351,0,264,0.0,0,0,0.0
LINE:002352,0,264,0.0,0,0,0.0
LINE:002353,0,264,0.0,0,0,0.0
LINE:002354,0,264,0.0,0,0,0.0
LINE:002355,0,264,0.0,0,0,0.0
LINE:002357,0,264,0.0,0,0,0.0
LINE:002358,0,264,0.0,0,0,0.0
LINE:002359,0,264,0.0,0,0,0.0
LINE:002360,0,264,0.0,0,0,0.0
LINE:002361,0,264,0.0,0,0,0.0
LINE:002362,0,264,0.0,0,0,0.0
LINE:002363,0,264,0.0,0,0,0.0
LINE:002364,0,264,0.0,0,0,0.0
LINE:002366,0,264,0.0,0,0,0.0
LINE:002367,0,264,0.0,0,0,0.0
LINE:002369,0,264,0.0,0,0,0.0
LINE:002370,0,264,0.0,0,0,0.0
LINE:002371,0,264,0.0,0,0,0.0
LINE:002372,0,264,0.0,0,0,0.0
LINE:002373,0,264,0.0,0,0,0.0
LINE:002374,0,264,0.0,0,0,0.0
LINE:002375,0,264,0.0,0,0,0.0
LINE:002376,0,264,0.0,0,0,0.0
LINE:002377,0,264,0.0,0,0,0.0
LINE:002378,0,264,0.0,0,0,0.0
LINE:002379,0,264,0.0,0,0,0.0
LINE:002381,0,264,0.0,0,0,0.0
LINE:002382,0,264,0.0,0,0,0.0
LINE:002383,0,264,0.0,0,0,0.0
LINE:002384,0,264,0.0,0,0,0.0
LINE:002385,0,264,0.0,0,0,0.0
LINE:002386,0,264,0.0,0,0,0.0
LINE:002388,0,264,0.0,0,0,0.0
LINE:002390,0,264,0.0,0,0,0.0
LINE:002391,0,264,0.0,0,0,0.0
LINE:002392,0,264,0.0,0,0,0.0
LINE:002393,0,264,0.0,0,0,0.0
LINE:002394,0,264,0.0,0,0,0.0
LINE:002396,0,264,0.0,0,0,0.0
LINE:002401,0,264,0.0,0,0,0.0
LINE:002404,0,264,0.0,0,0,0.0
LINE:002406,0,264,0.0,0,0,0.0
LINE:002407,0,264,0.0,0,0,0.0
LINE:002408,0,264,0.0,0,0,0.0
LINE:002409,0,264,0.0,0,0,0.0
LINE:002410,0,264,0.0,0,0,0.0
LINE:002411,0,264,0.0,0,0,0.0
LINE:002412,0,264,0.0,0,0,0.0
LINE:002413,0,264,0.0,0,0,0.0
LINE:002414,0,264,0.0,0,0,0.0
LINE:002415,0,264,0.0,0,0,0.0
LINE:002416,0,264,0.0,0,0,0.0
LINE:002417,0,264,0.0,0,0,0.0
LINE:002418,0,264,0.0,0,0,0.0
LINE:002419,0,264,0.0,0,0,0.0
LINE:002422,0,264,0.0,0,0,0.0
LINE:002429,0,264,0.0,0,0,0.0
LINE:002430,0,264,0.0,0,0,0.0
LINE:002431,0,264,0.0,0,0,0.0
LINE:002432,0,264,0.0,0,0,0.0
LINE:002433,0,264,0.0,0,0,0.0
LINE:002434,0,264,0.0,0,0,0.0
LINE:002435,0,264,0.0,0,0,0.0
LINE:002436,0,264,0.0,0,0,0.0
LINE:002437,0,264,0.0,0,0,0.0
LINE:002439,0,264,0.0,0,0,0.0
LINE:002443,0,264,0.0,0,0,0.0
LINE:002446,0,264,0.0,0,0,0.0
LINE:002447,0,264,0.0,0,0,0.0
LINE:002449,0,264,0.0,0,0,0.0
LINE:002450,0,264,0.0,0,0,0.0
LINE:002451,0,264,0.0,0,0,0.0
LINE:002453,0,264,0.0,0,0,0.0
LINE:002454,0,264,0.0,0,0,0.0
LINE:002455,0,264,0.0,0,0,0.0
LINE:002456,0,264,0.0,0,0,0.0
LINE:002461,0,264,0.0,0,0,0.0
LINE:002462,0,264,0.0,0,0,0.0
LINE:002463,0,264,0.0,0,0,0.0
LINE:002464,0,264,0.0,0,0,0.0
LINE:002465,0,264,0.0,0,0,0.0
LINE:002466,0,264,0.0,0,0,0.0
LINE:002467,0,264,0.0,0,0,0.0
LINE:002468,0,264,0.0,0,0,0.0
LINE:002469,0,264,0.0,0,0,0.0
LINE:002470,0,264,0.0,0,0,0.0
LINE:002471,0,264,0.0,0,0,0.0
LINE:002472,0,264,0.0,0,0,0.0
LINE:002473,0,264,0.0,0,0,0.0
LINE:002474,0,264,0.0,0,0,0.0
LINE:002475,0,264,0.0,0,0,0.0
LINE:002476,0,264,0.0,0,0,0.0
LINE:002477,0,264,0.0,0,0,0.0
LINE:002478,0,264,0.0,0,0,0.0
LINE:002480,0,264,0.0,0,0,0.0
LINE:002482,0,264,0.0,0,0,0.0
LINE:002483,0,264,0.0,0,0,0.0
LINE:002486,0,264,0.0,0,0,0.0
LINE:002487,0,264,0.0,0,0,0.0
LINE:002488,0,264,0.0,0,0,0.0
LINE:002490,0,264,0.0,0,0,0.0
LINE:002492,0,264,0.0,0,0,0.0
LINE:002493,0,264,0.0,0,0,0.0
LINE:002494,0,264,0.0,0,0,0.0
LINE:002495,0,264,0.0,0,0,0.0
LINE:002496,0,264,0.0,0,0,0.0
LINE:002498,0,264,0.0,0,0,0.0
LINE:002499,0,264,0.0,0,0,0.0
LINE:002500,0,264,0.0,0,0,0.0
LINE:002501,0,264,0.0,0,0,0.0
LINE:002502,0,264,0.0,0,0,0.0
LINE:002504,0,264,0.0,0,0,0.0
LINE:002507,0,264,0.0,0,0,0.0
LINE:002508,0,264,0.0,0,0,0.0
LINE:002510,0,264,0.0,0,0,0.0
LINE:002511,0,264,0.0,0,0,0.0
LINE:002513,0,264,0.0,0,0,0.0
LINE:002514,0,264,0.0,0,0,0.0
LINE:002515,0,264,0.0,0,0,0.0
LINE:002516,0,264,0.0,0,0,0.0
LINE:002517,0,264,0.0,0,0,0.0
LINE:002518,0,264,0.0,0,0,0.0
LINE:002520,0,264,0.0,0,0,0.0
LINE:002521,0,264,0.0,0,0,0.0
LINE:002522,0,264,0.0,0,0,0.0
LINE:002526,0,264,0.0,0,0,0.0
LINE:002527,0,264,0.0,0,0,0.0
LINE:002528,0,264,0.0,0,0,0.0
LINE:002529,0,264,0.0,0,0,0.0
LINE:002530,0,264,0.0,0,0,0.0
LINE:002531,0,264,0.0,0,0,0.0
LINE:002532,0,264,0.0,0,0,0.0
LINE:002534,0,264,0.0,0,0,0.0
LINE:002535,0,264,0.0,0,0,0.0
LINE:002538,0,264,0.0,0,0,0.0
LINE:002539,0,264,0.0,0,0,0.0
LINE:002540,0,264,0.0,0,0,0.0
LINE:002541,0,264,0.0,0,0,0.0
LINE:002542,0,264,0.0,0,0,0.0
LINE:002543,0,264,0.0,0,0,0.0
LINE:002544,0,264,0.0,0,0,0.0
LINE:002546,0,264,0.0,0,0,0.0
LINE:002548,0,264,0.0,0,0,0.0
LINE:002549,0,264,0.0,0,0,0.0
LINE:002550,0,264,0.0,0,0,0.0
LINE:002551,0,264,0.0,0,0,0.0
LINE:002555,0,264,0.0,0,0,0.0
LINE:002556,0,264,0.0,0,0,0.0
LINE:002557,0,264,0.0,0,0,0.0
LINE:002558,0,264,0.0,0,0,0.0
LINE:002559,0,264,0.0,0,0,0.0
LINE:002561,0,264,0.0,0,0,0.0
LINE:002563,0,264,0.0,0,0,0.0
LINE:002564,0,264,0.0,0,0,0.0
LINE:002566,0,264,0.0,0,0,0.0
LINE:002567,0,264,0.0,0,0,0.0
LINE:002568,0,264,0.0,0,0,0.0
LINE:002569,0,264,0.0,0,0,0.0
LINE:002570,0,264,0.0,0,0,0.0
LINE:002571,0,264,0.0,0,0,0.0
LINE:002572,0,264,0.0,0,0,0.0
LINE:002573,0,264,0.0,0,0,0.0
LINE:002574,0,264,0.0,0,0,0.0
LINE:002575,0,264,0.0,0,0,0.0
LINE:002576,0,264,0.0,0,0,0.0
LINE:002578,24,264,0.09090909090909091,3,2,1.0
LINE:002579,0,264,0.0,0,0,0.0
LINE:002580,0,264,0.0,0,0,0.0
LINE:002582,0,264,0.0,0,0,0.0
LINE:002584,0,264,0.0,0,0,0.0
LINE:002585,0,264,0.0,0,0,0.0
LINE:002588,0,264,0.0,0,0,0.0
LINE:002589,0,264,0.0,0,0,0.0
LINE:002590,97,264,0.36742424242424243,10,7,1.0
LINE:002591,0,264,0.0,0,0,0.0
LINE:002593,97,264,0.36742424242424243,10,7,1.0
LINE:002594,0,264,0.0,0,0,0.0
LINE:002597,0,264,0.0,0,0,0.0
LINE:002598,0,264,0.0,0,0,0.0
LINE:002600,0,264,0.0,0,0,0.0
LINE:002601,0,264,0.0,0,0,0.0
LINE:002604,0,264,0.0,0,0,0.0
LINE:002607,0,264,0.0,0,0,0.0
LINE:002608,0,264,0.0,0,0,0.0
LINE:002609,1,264,0.003787878787878788,1,0,0.08333333333333333
LINE:002610,2,264,0.007575757575757576,1,0,0.16666666666666666
LINE:002611,0,264,0.0,0,0,0.0
LINE:002612,0,264,0.0,0,0,0.0
LINE:002613,0,264,0.0,0,0,0.0
LINE:002614,0,264,0.0,0,0,0.0
LINE:002615,0,264,0.0,0,0,0.0
LINE:002616,0,264,0.0,0,0,0.0
LINE:002617,0,264,0.0,0,0,0.0
LINE:002618,0,264,0.0,0,0,0.0
LINE:002621,0,264,0.0,0,0,0.0
LINE:002622,0,264,0.0,0,0,0.0
LINE:002623,0,264,0.0,0,0,0.0
LINE:002625,0,264,0.0,0,0,0.0
LINE:002629,0,264,0.0,0,0,0.0
LINE:002631,0,264,0.0,0,0,0.0
LINE:002632,0,264,0.0,0,0,0.0
LINE:002633,0,264,0.0,0,0,0.0
LINE:002639,0,264,0.0,0,0,0.0
LINE:002641,0,264,0.0,0,0,0.0
LINE:002643,0,264,0.0,0,0,0.0
LINE:002648,26,264,0.09848484848484848,9,1,0.9166666666666666
LINE:002649,0,264,0.0,0,0,0.0
LINE:002650,0,264,0.0,0,0,0.0
LINE:002651,0,264,0.0,0,0,0.0
LINE:002653,0,264,0.0,0,0,0.0
LINE:002654,0,264,0.0,0,0,0.0
LINE:002656,0,264,0.0,0,0,0.0
LINE:002657,0,264,0.0,0,0,0.0
LINE:002659,0,264,0.0,0,0,0.0
LINE:002662,0,264,0.0,0,0,0.0
LINE:002663,0,264,0.0,0,0,0.0
LINE:002665,0,264,0.0,0,0,0.0
LINE:002666,0,264,0.0,0,0,0.0
LINE:002667,0,264,0.0,0,0,0.0
LINE:002668,0,264,0.0,0,0,0.0
LINE:002669,0,264,0.0,0,0,0.0
LINE:002671,0,264,0.0,0,0,0.0
LINE:002674,0,264,0.0,0,0,0.0
LINE:002678,0,264,0.0,0,0,0.0
LINE:002679,0,264,0.0,0,0,0.0
LINE:002680,0,264,0.0,0,0,0.0
LINE:002681,0,264,0.0,0,0,0.0
LINE:002682,0,264,0.0,0,0,0.0
LINE:002684,0,264,0.0,0,0,0.0
LINE:002685,0,264,0.0,0,0,0.0
LINE:002686,0,264,0.0,0,0,0.0
LINE:002687,0,264,0.0,0,0,0.0
LINE:002688,0,264,0.0,0,0,0.0
LINE:002689,0,264,0.0,0,0,0.0
LINE:002690,0,264,0.0,0,0,0.0
LINE:002691,0,264,0.0,0,0,0.0
LINE:002692,0,264,0.0,0,0,0.0
LINE:002693,0,264,0.0,0,0,0.0
LINE:002694,0,264,0.0,0,0,0.0
LINE:002695,0,264,0.0,0,0,0.0
LINE:002697,0,264,0.0,0,0,0.0
LINE:002698,0,264,0.0,0,0,0.0
LINE:002700,0,264,0.0,0,0,0.0
LINE:002702,0,264,0.0,0,0,0.0
LINE:002706,0,264,0.0,0,0,0.0
LINE:002707,0,264,0.0,0,0,0.0
LINE:002709,0,264,0.0,0,0,0.0
LINE:002710,0,264,0.0,0,0,0.0
LINE:002712,0,264,0.0,0,0,0.0
LINE:002715,0,264,0.0,0,0,0.0
LINE:002718,0,264,0.0,0,0,0.0
LINE:002721,0,264,0.0,0,0,0.0
LINE:002722,0,264,0.0,0,0,0.0
LINE:002723,0,264,0.0,0,0,0.0
LINE:002724,0,264,0.0,0,0,0.0
LINE:002725,0,264,0.0,0,0,0.0
LINE:002726,0,264,0.0,0,0,0.0
LINE:002727,0,264,0.0,0,0,0.0
LINE:002728,0,264,0.0,0,0,0.0
LINE:002730,0,264,0.0,0,0,0.0
LINE:002731,0,264,0.0,0,0,0.0
LINE:002733,0,264,0.0,0,0,0.0
LINE:002737,0,264,0.0,0,0,0.0
LINE:002738,0,264,0.0,0,0,0.0
LINE:002742,0,264,0.0,0,0,0.0
LINE:002743,0,264,0.0,0,0,0.0
LINE:002744,0,264,0.0,0,0,0.0
LINE:002745,0,264,0.0,0,0,0.0
LINE:002747,0,264,0.0,0,0,0.0
LINE:002748,0,264,0.0,0,0,0.0
LINE:002750,0,264,0.0,0,0,0.0
LINE:002751,0,264,0.0,0,0,0.0
LINE:002752,0,264,0.0,0,0,0.0
LINE:002755,0,264,0.0,0,0,0.0
LINE:002758,0,264,0.0,0,0,0.0
LINE:002760,0,264,0.0,0,0,0.0
LINE:002761,0,264,0.0,0,0,0.0
LINE:002764,0,264,0.0,0,0,0.0
LINE:002765,0,264,0.0,0,0,0.0
LINE:002766,0,264,0.0,0,0,0.0
LINE:002767,0,264,0.0,0,0,0.0
LINE:002768,0,264,0.0,0,0,0.0
LINE:002772,0,264,0.0,0,0,0.0
LINE:002773,0,264,0.0,0,0,0.0
LINE:002774,0,264,0.0,0,0,0.0
LINE:002775,0,264,0.0,0,0,0.0
LINE:002778,0,264,0.0,0,0,0.0
LINE:002779,0,264,0.0,0,0,0.0
LINE:002781,0,264,0.0,0,0,0.0
LINE:002784,0,264,0.0,0,0,0.0
LINE:002785,0,264,0.0,0,0,0.0
LINE:002787,0,264,0.0,0,0,0.0
LINE:002789,0,264,0.0,0,0,0.0
LINE:002794,0,264,0.0,0,0,0.0
LINE:002798,0,264,0.0,0,0,0.0
LINE:002799,0,264,0.0,0,0,0.0
LINE:002802,0,264,0.0,0,0,0.0
LINE:002803,0,264,0.0,0,0,0.0
LINE:002804,0,264,0.0,0,0,0.0
LINE:002805,0,264,0.0,0,0,0.0
LINE:002806,0,264,0.0,0,0,0.0
LINE:002808,12,264,0.045454545454545456,1,1,1.0
LINE:002809,0,264,0.0,0,0,0.0
LINE:002810,0,264,0.0,0,0,0.0
LINE:002812,0,264,0.0,0,0,0.0
LINE:002813,0,264,0.0,0,0,0.0
LINE:002814,0,264,0.0,0,0,0.0
LINE:002815,0,264,0.0,0,0,0.0
LINE:002817,0,264,0.0,0,0,0.0
LINE:002819,0,264,0.0,0,0,0.0
LINE:002820,0,264,0.0,0,0,0.0
LINE:002821,0,264,0.0,0,0,0.0
LINE:002823,0,264,0.0,0,0,0.0
LINE:002826,0,264,0.0,0,0,0.0
LINE:002827,0,264,0.0,0,0,0.0
LINE:002828,0,264,0.0,0,0,0.0
LINE:002829,0,264,0.0,0,0,0.0
LINE:002831,0,264,0.0,0,0,0.0
LINE:002832,0,264,0.0,0,0,0.0
LINE:002833,0,264,0.0,0,0,0.0
LINE:002834,0,264,0.0,0,0,0.0
LINE:002836,10,264,0.03787878787878788,1,1,0.8333333333333334
LINE:002837,0,264,0.0,0,0,0.0
LINE:002838,0,264,0.0,0,0,0.0
LINE:002839,0,264,0.0,0,0,0.0
LINE:002845,0,264,0.0,0,0,0.0
LINE:002848,0,264,0.0,0,0,0.0
LINE:002850,188,264,0.7121212121212122,18,15,1.0
LINE:002851,0,264,0.0,0,0,0.0
LINE:002852,0,264,0.0,0,0,0.0
LINE:002853,0,264,0.0,0,0,0.0
LINE:002855,0,264,0.0,0,0,0.0
LINE:002857,0,264,0.0,0,0,0.0
LINE:002858,1,264,0.003787878787878788,1,0,0.08333333333333333
LINE:002863,0,264,0.0,0,0,0.0
LINE:002864,0,264,0.0,0,0,0.0
LINE:002867,0,264,0.0,0,0,0.0
LINE:002870,0,264,0.0,0,0,0.0
LINE:002871,0,264,0.0,0,0,0.0
LINE:002872,0,264,0.0,0,0,0.0
LINE:002876,0,264,0.0,0,0,0.0
LINE:002877,0,264,0.0,0,0,0.0
LINE:002878,0,264,0.0,0,0,0.0
LINE:002879,2,264,0.007575757575757576,1,0,0.16666666666666666
LINE:002880,0,264,0.0,0,0,0.0
LINE:002881,0,264,0.0,0,0,0.0
LINE:002882,0,264,0.0,0,0,0.0
LINE:002883,0,264,0.0,0,0,0.0
LINE:002886,0,264,0.0,0,0,0.0
LINE:002887,0,264,0.0,0,0,0.0
LINE:002888,0,264,0.0,0,0,0.0
LINE:002890,0,264,0.0,0,0,0.0
LINE:002891,0,264,0.0,0,0,0.0
LINE:002892,0,264,0.0,0,0,0.0
LINE:002893,0,264,0.0,0,0,0.0
LINE:002894,0,264,0.0,0,0,0.0
LINE:002895,0,264,0.0,0,0,0.0
LINE:002896,0,264,0.0,0,0,0.0
LINE:002899,0,264,0.0,0,0,0.0
LINE:002900,0,264,0.0,0,0,0.0
LINE:002901,0,264,0.0,0,0,0.0
LINE:002902,0,264,0.0,0,0,0.0
LINE:002904,0,264,0.0,0,0,0.0
LINE:002905,5,264,0.01893939393939394,1,0,0.4166666666666667
LINE:002907,0,264,0.0,0,0,0.0
LINE:002908,0,264,0.0,0,0,0.0
LINE:002909,0,264,0.0,0,0,0.0
LINE:002910,0,264,0.0,0,0,0.0
LINE:002911,0,264,0.0,0,0,0.0
LINE:002912,0,264,0.0,0,0,0.0
LINE:002913,0,264,0.0,0,0,0.0
LINE:002914,0,264,0.0,0,0,0.0
LINE:002915,0,264,0.0,0,0,0.0
LINE:002917,0,264,0.0,0,0,0.0
LINE:002918,0,264,0.0,0,0,0.0
LINE:002919,0,264,0.0,0,0,0.0
LINE:002920,0,264,0.0,0,0,0.0
LINE:002921,0,264,0.0,0,0,0.0
LINE:002922,0,264,0.0,0,0,0.0
LINE:002923,0,264,0.0,0,0,0.0
LINE:002924,0,264,0.0,0,0,0.0
LINE:002925,0,264,0.0,0,0,0.0
LINE:002926,0,264,0.0,0,0,0.0
LINE:002927,0,264,0.0,0,0,0.0
LINE:002928,0,264,0.0,0,0,0.0
LINE:002930,0,264,0.0,0,0,0.0
LINE:002931,0,264,0.0,0,0,0.0
LINE:002932,0,264,0.0,0,0,0.0
LINE:002933,0,264,0.0,0,0,0.0
LINE:002935,0,264,0.0,0,0,0.0
LINE:002936,0,264,0.0,0,0,0.0
LINE:002937,0,264,0.0,0,0,0.0
LINE:002938,0,264,0.0,0,0,0.0
LINE:002941,0,264,0.0,0,0,0.0
LINE:002942,0,264,0.0,0,0,0.0
LINE:002943,0,264,0.0,0,0,0.0
LINE:002944,0,264,0.0,0,0,0.0
LINE:002945,0,264,0.0,0,0,0.0
LINE:002947,0,264,0.0,0,0,0.0
LINE:002948,0,264,0.0,0,0,0.0
LINE:002951,5,264,0.01893939393939394,1,0,0.4166666666666667
LINE:002952,0,264,0.0,0,0,0.0
LINE:002953,0,264,0.0,0,0,0.0
LINE:002954,0,264,0.0,0,0,0.0
LINE:002956,0,264,0.0,0,0,0.0
LINE:002957,0,264,0.0,0,0,0.0
LINE:002962,0,264,0.0,0,0,0.0
LINE:002963,0,264,0.0,0,0,0.0
LINE:002965,0,264,0.0,0,0,0.0
LINE:002966,0,264,0.0,0,0,0.0
LINE:002967,0,264,0.0,0,0,0.0
LINE:002968,0,264,0.0,0,0,0.0
LINE:002969,0,264,0.0,0,0,0.0
LINE:002972,0,264,0.0,0,0,0.0
LINE:002973,0,264,0.0,0,0,0.0
LINE:002974,0,264,0.0,0,0,0.0
LINE:002975,0,264,0.0,0,0,0.0
LINE:002976,0,264,0.0,0,0,0.0
LINE:002977,0,264,0.0,0,0,0.0
LINE:002978,0,264,0.0,0,0,0.0
LINE:002979,0,264,0.0,0,0,0.0
LINE:002981,0,264,0.0,0,0,0.0
LINE:002982,0,264,0.0,0,0,0.0
LINE:002983,0,264,0.0,0,0,0.0
LINE:002986,0,264,0.0,0,0,0.0
LINE:002987,0,264,0.0,0,0,0.0
LINE:002988,0,264,0.0,0,0,0.0
LINE:002989,0,264,0.0,0,0,0.0
LINE:002990,0,264,0.0,0,0,0.0
LINE:002991,0,264,0.0,0,0,0.0
LINE:002992,0,264,0.0,0,0,0.0
LINE:002993,0,264,0.0,0,0,0.0
LINE:002995,0,264,0.0,0,0,0.0
LINE:002996,0,264,0.0,0,0,0.0
LINE:002997,0,264,0.0,0,0,0.0
LINE:002999,4,264,0.015151515151515152,3,0,0.16666666666666666
LINE:003000,0,264,0.0,0,0,0.0
LINE:003001,0,264,0.0,0,0,0.0
LINE:003002,0,264,0.0,0,0,0.0
LINE:003003,0,264,0.0,0,0,0.0
LINE:003004,0,264,0.0,0,0,0.0
LINE:003005,0,264,0.0,0,0,0.0
LINE:003008,0,264,0.0,0,0,0.0
LINE:003009,0,264,0.0,0,0,0.0
LINE:003010,0,264,0.0,0,0,0.0
LINE:003012,0,264,0.0,0,0,0.0
LINE:003013,0,264,0.0,0,0,0.0
LINE:003014,0,264,0.0,0,0,0.0
LINE:003015,0,264,0.0,0,0,0.0
LINE:003016,0,264,0.0,0,0,0.0
LINE:003017,0,264,0.0,0,0,0.0
LINE:003019,0,264,0.0,0,0,0.0
LINE:003021,0,264,0.0,0,0,0.0
LINE:003023,0,264,0.0,0,0,0.0
LINE:003024,0,264,0.0,0,0,0.0
LINE:003025,0,264,0.0,0,0,0.0
LINE:003026,0,264,0.0,0,0,0.0
LINE:003027,0,264,0.0,0,0,0.0
LINE:003028,0,264,0.0,0,0,0.0
LINE:003029,0,264,0.0,0,0,0.0
LINE:003032,0,264,0.0,0,0,0.0
LINE:003033,0,264,0.0,0,0,0.0
LINE:003035,0,264,0.0,0,0,0.0
LINE:003036,0,264,0.0,0,0,0.0
LINE:003037,0,264,0.0,0,0,0.0
LINE:003038,0,264,0.0,0,0,0.0
LINE:003039,0,264,0.0,0,0,0.0
LINE:003040,0,264,0.0,0,0,0.0
LINE:003042,0,264,0.0,0,0,0.0
LINE:003043,0,264,0.0,0,0,0.0
LINE:003044,0,264,0.0,0,0,0.0
LINE:003046,0,264,0.0,0,0,0.0
LINE:003047,0,264,0.0,0,0,0.0
LINE:003049,0,264,0.0,0,0,0.0
LINE:003051,0,264,0.0,0,0,0.0
LINE:003052,0,264,0.0,0,0,0.0
LINE:003053,0,264,0.0,0,0,0.0
LINE:003054,0,264,0.0,0,0,0.0
LINE:003055,0,264,0.0,0,0,0.0
LINE:003056,0,264,0.0,0,0,0.0
LINE:003057,0,264,0.0,0,0,0.0
LINE:003058,0,264,0.0,0,0,0.0
LINE:003059,0,264,0.0,0,0,0.0
LINE:003060,0,264,0.0,0,0,0.0
LINE:003061,0,264,0.0,0,0,0.0
LINE:003062,0,264,0.0,0,0,0.0
LINE:003063,0,264,0.0,0,0,0.0
LINE:003064,0,264,0.0,0,0,0.0
LINE:003065,0,264,0.0,0,0,0.0
LINE:003066,0,264,0.0,0,0,0.0
LINE:003070,0,264,0.0,0,0,0.0
LINE:003072,0,264,0.0,0,0,0.0
LINE:003073,0,264,0.0,0,0,0.0
LINE:003074,0,264,0.0,0,0,0.0
LINE:003075,0,264,0.0,0,0,0.0
LINE:003076,0,264,0.0,0,0,0.0
LINE:003077,0,264,0.0,0,0,0.0
LINE:003083,0,264,0.0,0,0,0.0
LINE:003084,0,264,0.0,0,0,0.0
LINE:003085,0,264,0.0,0,0,0.0
LINE:003086,0,264,0.0,0,0,0.0
LINE:003087,0,264,0.0,0,0,0.0
LINE:003089,0,264,0.0,0,0,0.0
LINE:003091,0,264,0.0,0,0,0.0
LINE:003092,0,264,0.0,0,0,0.0
LINE:003093,0,264,0.0,0,0,0.0
LINE:003096,0,264,0.0,0,0,0.0
LINE:003098,0,264,0.0,0,0,0.0
LINE:003099,0,264,0.0,0,0,0.0
LINE:003100,0,264,0.0,0,0,0.0
LINE:003101,0,264,0.0,0,0,0.0
LINE:003102,0,264,0.0,0,0,0.0
LINE:003103,0,264,0.0,0,0,0.0
LINE:003104,0,264,0.0,0,0,0.0
LINE:003105,0,264,0.0,0,0,0.0
LINE:003106,0,264,0.0,0,0,0.0
LINE:003107,0,264,0.0,0,0,0.0
LINE:003108,0,264,0.0,0,0,0.0
LINE:003109,0,264,0.0,0,0,0.0
LINE:003110,0,264,0.0,0,0,0.0
LINE:003111,0,264,0.0,0,0,0.0
LINE:003112,0,264,0.0,0,0,0.0
LINE:003113,0,264,0.0,0,0,0.0
LINE:003114,0,264,0.0,0,0,0.0
LINE:003115,0,264,0.0,0,0,0.0
LINE:003116,0,264,0.0,0,0,0.0
LINE:003117,0,264,0.0,0,0,0.0
LINE:003118,0,264,0.0,0,0,0.0
LINE:003119,0,264,0.0,0,0,0.0
LINE:003121,0,264,0.0,0,0,0.0
LINE:003122,0,264,0.0,0,0,0.0
LINE:003123,0,264,0.0,0,0,0.0
LINE:003124,0,264,0.0,0,0,0.0
LINE:003125,34,264,0.12878787878787878,6,2,1.0
LINE:003127,0,264,0.0,0,0,0.0
LINE:003128,0,264,0.0,0,0,0.0
LINE:003129,0,264,0.0,0,0,0.0
LINE:003130,0,264,0.0,0,0,0.0
LINE:003131,0,264,0.0,0,0,0.0
LINE:003132,0,264,0.0,0,0,0.0
LINE:003138,0,264,0.0,0,0,0.0
LINE:003139,0,264,0.0,0,0,0.0
LINE:003140,0,264,0.0,0,0,0.0
LINE:003141,0,264,0.0,0,0,0.0
LINE:003143,0,264,0.0,0,0,0.0
LINE:003144,0,264,0.0,0,0,0.0
LINE:003146,0,264,0.0,0,0,0.0
LINE:003147,0,264,0.0,0,0,0.0
LINE:003148,0,264,0.0,0,0,0.0
LINE:003149,0,264,0.0,0,0,0.0
LINE:003152,0,264,0.0,0,0,0.0
LINE:003153,0,264,0.0,0,0,0.0
LINE:003154,0,264,0.0,0,0,0.0
LINE:003155,0,264,0.0,0,0,0.0
LINE:003156,0,264,0.0,0,0,0.0
LINE:003159,0,264,0.0,0,0,0.0
LINE:003160,0,264,0.0,0,0,0.0
LINE:003161,0,264,0.0,0,0,0.0
LINE:003162,0,264,0.0,0,0,0.0
LINE:003163,0,264,0.0,0,0,0.0
LINE:003164,0,264,0.0,0,0,0.0
LINE:003165,0,264,0.0,0,0,0.0
LINE:003166,0,264,0.0,0,0,0.0
LINE:003167,0,264,0.0,0,0,0.0
LINE:003168,0,264,0.0,0,0,0.0
LINE:003171,0,264,0.0,0,0,0.0
LINE:003172,0,264,0.0,0,0,0.0
LINE:003174,0,264,0.0,0,0,0.0
LINE:003175,0,264,0.0,0,0,0.0
LINE:003177,0,264,0.0,0,0,0.0
LINE:003178,0,264,0.0,0,0,0.0
LINE:003179,0,264,0.0,0,0,0.0
LINE:003180,0,264,0.0,0,0,0.0
LINE:003181,0,264,0.0,0,0,0.0
LINE:003183,0,264,0.0,0,0,0.0
LINE:003184,0,264,0.0,0,0,0.0
LINE:003186,0,264,0.0,0,0,0.0
LINE:003187,0,264,0.0,0,0,0.0
LINE:003188,0,264,0.0,0,0,0.0
LINE:003191,0,264,0.0,0,0,0.0
LINE:003192,0,264,0.0,0,0,0.0
LINE:003193,0,264,0.0,0,0,0.0
LINE:003194,0,264,0.0,0,0,0.0
LINE:003195,0,264,0.0,0,0,0.0
LINE:003196,0,264,0.0,0,0,0.0
LINE:003199,0,264,0.0,0,0,0.0
LINE:003200,0,264,0.0,0,0,0.0
LINE:003201,0,264,0.0,0,0,0.0
LINE:003203,0,264,0.0,0,0,0.0
LINE:003206,0,264,0.0,0,0,0.0
LINE:003207,0,264,0.0,0,0,0.0
LINE:003208,0,264,0.0,0,0,0.0
LINE:003209,0,264,0.0,0,0,0.0
LINE:003211,0,264,0.0,0,0,0.0
LINE:003212,0,264,0.0,0,0,0.0
LINE:003213,0,264,0.0,0,0,0.0
LINE:003215,0,264,0.0,0,0,0.0
LINE:003216,0,264,0.0,0,0,0.0
LINE:003217,0,264,0.0,0,0,0.0
LINE:003218,0,264,0.0,0,0,0.0
LINE:003220,0,264,0.0,0,0,0.0
LINE:003221,0,264,0.0,0,0,0.0
LINE:003222,0,264,0.0,0,0,0.0
LINE:003223,0,264,0.0,0,0,0.0
LINE:003224,0,264,0.0,0,0,0.0
LINE:003225,0,264,0.0,0,0,0.0
LINE:003226,0,264,0.0,0,0,0.0
LINE:003227,0,264,0.0,0,0,0.0
LINE:003228,0,264,0.0,0,0,0.0
LINE:003229,0,264,0.0,0,0,0.0
LINE:003230,0,264,0.0,0,0,0.0
LINE:003231,0,264,0.0,0,0,0.0
LINE:003232,0,264,0.0,0,0,0.0
LINE:003233,0,264,0.0,0,0,0.0
LINE:003235,0,264,0.0,0,0,0.0
LINE:003236,0,264,0.0,0,0,0.0
LINE:003238,0,264,0.0,0,0,0.0
LINE:003239,0,264,0.0,0,0,0.0
LINE:003240,0,264,0.0,0,0,0.0
LINE:003243,0,264,0.0,0,0,0.0
LINE:003244,0,264,0.0,0,0,0.0
LINE:003245,0,264,0.0,0,0,0.0
LINE:003246,0,264,0.0,0,0,0.0
LINE:003247,0,264,0.0,0,0,0.0
LINE:003248,0,264,0.0,0,0,0.0
LINE:003250,0,264,0.0,0,0,0.0
LINE:003251,0,264,0.0,0,0,0.0
LINE:003252,0,264,0.0,0,0,0.0
LINE:003254,0,264,0.0,0,0,0.0
LINE:003255,0,264,0.0,0,0,0.0
LINE:003256,0,264,0.0,0,0,0.0
LINE:003257,0,264,0.0,0,0,0.0
LINE:003258,0,264,0.0,0,0,0.0
LINE:003259,0,264,0.0,0,0,0.0
LINE:003260,0,264,0.0,0,0,0.0
LINE:003261,0,264,0.0,0,0,0.0
LINE:003262,0,264,0.0,0,0,0.0
LINE:003263,0,264,0.0,0,0,0.0
LINE:003264,0,264,0.0,0,0,0.0
LINE:003265,0,264,0.0,0,0,0.0
LINE:003266,0,264,0.0,0,0,0.0
LINE:003267,0,264,0.0,0,0,0.0
LINE:003268,0,264,0.0,0,0,0.0
LINE:003269,0,264,0.0,0,0,0.0
LINE:003270,0,264,0.0,0,0,0.0
LINE:003271,0,264,0.0,0,0,0.0
LINE:003272,0,264,0.0,0,0,0.0
LINE:003273,0,264,0.0,0,0,0.0
LINE:003274,0,264,0.0,0,0,0.0
LINE:003276,0,264,0.0,0,0,0.0
LINE:003277,0,264,0.0,0,0,0.0
LINE:003278,0,264,0.0,0,0,0.0
LINE:003279,0,264,0.0,0,0,0.0
LINE:003280,0,264,0.0,0,0,0.0
LINE:003281,0,264,0.0,0,0,0.0
LINE:003282,0,264,0.0,0,0,0.0
LINE:003283,0,264,0.0,0,0,0.0
LINE:003284,0,264,0.0,0,0,0.0
LINE:003285,0,264,0.0,0,0,0.0
LINE:003286,0,264,0.0,0,0,0.0
LINE:003287,0,264,0.0,0,0,0.0
LINE:003288,0,264,0.0,0,0,0.0
LINE:003289,0,264,0.0,0,0,0.0
LINE:003290,0,264,0.0,0,0,0.0
LINE:003291,0,264,0.0,0,0,0.0
LINE:003292,0,264,0.0,0,0,0.0
LINE:003293,0,264,0.0,0,0,0.0
LINE:003294,0,264,0.0,0,0,0.0
LINE:003295,0,264,0.0,0,0,0.0
LINE:003296,0,264,0.0,0,0,0.0
LINE:003297,0,264,0.0,0,0,0.0
LINE:003298,0,264,0.0,0,0,0.0
LINE:003299,0,264,0.0,0,0,0.0
LINE:003300,0,264,0.0,0,0,0.0
LINE:003301,0,264,0.0,0,0,0.0
LINE:003302,0,264,0.0,0,0,0.0
LINE:003303,0,264,0.0,0,0,0.0
LINE:003304,0,264,0.0,0,0,0.0
LINE:003305,0,264,0.0,0,0,0.0
LINE:003306,0,264,0.0,0,0,0.0
LINE:003308,0,264,0.0,0,0,0.0
LINE:003309,0,264,0.0,0,0,0.0
LINE:003311,0,264,0.0,0,0,0.0
LINE:003312,0,264,0.0,0,0,0.0
LINE:003313,0,264,0.0,0,0,0.0
LINE:003314,0,264,0.0,0,0,0.0
LINE:003315,0,264,0.0,0,0,0.0
LINE:003316,0,264,0.0,0,0,0.0
LINE:003317,0,264,0.0,0,0,0.0
LINE:003318,0,264,0.0,0,0,0.0
LINE:003319,0,264,0.0,0,0,0.0
LINE:003320,0,264,0.0,0,0,0.0
LINE:003321,0,264,0.0,0,0,0.0
LINE:003322,0,264,0.0,0,0,0.0
LINE:003323,0,264,0.0,0,0,0.0
LINE:003324,0,264,0.0,0,0,0.0
LINE:003325,0,264,0.0,0,0,0.0
LINE:003326,0,264,0.0,0,0,0.0
LINE:003327,149,264,0.5643939393939394,14,11,1.0
LINE:003328,0,264,0.0,0,0,0.0
LINE:003329,0,264,0.0,0,0,0.0
LINE:003330,0,264,0.0,0,0,0.0
LINE:003331,0,264,0.0,0,0,0.0
LINE:003332,0,264,0.0,0,0,0.0
LINE:003333,0,264,0.0,0,0,0.0
LINE:003334,0,264,0.0,0,0,0.0
LINE:003336,0,264,0.0,0,0,0.0
LINE:003337,0,264,0.0,0,0,0.0
LINE:003339,0,264,0.0,0,0,0.0
LINE:003340,0,264,0.0,0,0,0.0
LINE:003341,0,264,0.0,0,0,0.0
LINE:003342,0,264,0.0,0,0,0.0
LINE:003343,0,264,0.0,0,0,0.0
LINE:003344,0,264,0.0,0,0,0.0
LINE:003345,0,264,0.0,0,0,0.0
LINE:003346,0,264,0.0,0,0,0.0
LINE:003347,0,264,0.0,0,0,0.0
LINE:003348,0,264,0.0,0,0,0.0
LINE:003349,0,264,0.0,0,0,0.0
LINE:003350,0,264,0.0,0,0,0.0
LINE:003351,0,264,0.0,0,0,0.0
LINE:003352,0,264,0.0,0,0,0.0
LINE:003353,0,264,0.0,0,0,0.0
LINE:003354,0,264,0.0,0,0,0.0
LINE:003355,0,264,0.0,0,0,0.0
LINE:003356,0,264,0.0,0,0,0.0
LINE:003357,0,264,0.0,0,0,0.0
LINE:003358,0,264,0.0,0,0,0.0
LINE:003359,0,264,0.0,0,0,0.0
LINE:003360,0,264,0.0,0,0,0.0
LINE:003361,0,264,0.0,0,0,0.0
LINE:003365,0,264,0.0,0,0,0.0
LINE:003366,0,264,0.0,0,0,0.0
LINE:003367,0,264,0.0,0,0,0.0
LINE:003368,0,264,0.0,0,0,0.0
LINE:003369,0,264,0.0,0,0,0.0
LINE:003370,0,264,0.0,0,0,0.0
LINE:003371,0,264,0.0,0,0,0.0
LINE:003372,0,264,0.0,0,0,0.0
LINE:003373,0,264,0.0,0,0,0.0
LINE:003374,0,264,0.0,0,0,0.0
LINE:003375,0,264,0.0,0,0,0.0
LINE:003376,0,264,0.0,0,0,0.0
LINE:003377,0,264,0.0,0,0,0.0
LINE:003378,0,264,0.0,0,0,0.0
LINE:003379,0,264,0.0,0,0,0.0
LINE:003380,0,264,0.0,0,0,0.0
LINE:003381,0,264,0.0,0,0,0.0
LINE:003382,0,264,0.0,0,0,0.0
LINE:003383,0,264,0.0,0,0,0.0
LINE:003384,0,264,0.0,0,0,0.0
LINE:003385,0,264,0.0,0,0,0.0
LINE:003386,0,264,0.0,0,0,0.0
LINE:003387,0,264,0.0,0,0,0.0
LINE:003388,0,264,0.0,0,0,0.0
LINE:003389,0,264,0.0,0,0,0.0
LINE:003391,0,264,0.0,0,0,0.0
LINE:003393,0,264,0.0,0,0,0.0
LINE:003394,0,264,0.0,0,0,0.0
LINE:003395,0,264,0.0,0,0,0.0
LINE:003397,0,264,0.0,0,0,0.0
LINE:003398,0,264,0.0,0,0,0.0
LINE:003399,0,264,0.0,0,0,0.0
LINE:003401,0,264,0.0,0,0,0.0
LINE:003402,0,264,0.0,0,0,0.0
LINE:003403,0,264,0.0,0,0,0.0
LINE:003404,0,264,0.0,0,0,0.0
LINE:003406,0,264,0.0,0,0,0.0
LINE:003407,0,264,0.0,0,0,0.0
LINE:003408,0,264,0.0,0,0,0.0
LINE:003409,0,264,0.0,0,0,0.0
LINE:003410,0,264,0.0,0,0,0.0
LINE:003411,0,264,0.0,0,0,0.0
LINE:003412,0,264,0.0,0,0,0.0
LINE:003413,0,264,0.0,0,0,0.0
LINE:003414,0,264,0.0,0,0,0.0
LINE:003415,0,264,0.0,0,0,0.0
LINE:003416,0,264,0.0,0,0,0.0
LINE:003417,0,264,0.0,0,0,0.0
LINE:003418,0,264,0.0,0,0,0.0
LINE:003420,0,264,0.0,0,0,0.0
LINE:003421,0,264,0.0,0,0,0.0
LINE:003423,0,264,0.0,0,0,0.0
LINE:003424,0,264,0.0,0,0,0.0
LINE:003425,0,264,0.0,0,0,0.0
LINE:003426,0,264,0.0,0,0,0.0
LINE:003427,0,264,0.0,0,0,0.0
LINE:003428,0,264,0.0,0,0,0.0
LINE:003429,0,264,0.0,0,0,0.0
LINE:003431,0,264,0.0,0,0,0.0
LINE:003432,0,264,0.0,0,0,0.0
LINE:003433,0,264,0.0,0,0,0.0
LINE:003434,0,264,0.0,0,0,0.0
LINE:003435,0,264,0.0,0,0,0.0
LINE:003436,0,264,0.0,0,0,0.0
LINE:003438,0,264,0.0,0,0,0.0
LINE:003439,0,264,0.0,0,0,0.0
LINE:003440,0,264,0.0,0,0,0.0
LINE:003441,0,264,0.0,0,0,0.0
LINE:003442,15,264,0.056818181818181816,3,1,1.0
LINE:003443,0,264,0.0,0,0,0.0
LINE:003444,0,264,0.0,0,0,0.0
LINE:003445,0,264,0.0,0,0,0.0
LINE:003446,0,264,0.0,0,0,0.0
LINE:003447,23,264,0.08712121212121213,5,1,0.8333333333333334
LINE:003448,0,264,0.0,0,0,0.0
LINE:003450,0,264,0.0,0,0,0.0
LINE:003451,0,264,0.0,0,0,0.0
LINE:003457,0,264,0.0,0,0,0.0
LINE:003459,0,264,0.0,0,0,0.0
LINE:003460,0,264,0.0,0,0,0.0
LINE:003462,0,264,0.0,0,0,0.0
LINE:003463,0,264,0.0,0,0,0.0
LINE:003464,0,264,0.0,0,0,0.0
LINE:003470,0,264,0.0,0,0,0.0
LINE:003471,0,264,0.0,0,0,0.0
LINE:003472,0,264,0.0,0,0,0.0
LINE:003476,153,264,0.5795454545454546,14,13,1.0
LINE:003477,0,264,0.0,0,0,0.0
LINE:003478,73,264,0.2765151515151515,8,5,1.0
LINE:003480,158,264,0.5984848484848485,14,14,1.0
LINE:003481,0,264,0.0,0,0,0.0
LINE:003482,0,264,0.0,0,0,0.0
LINE:003483,0,264,0.0,0,0,0.0
LINE:003484,0,264,0.0,0,0,0.0
LINE:003485,0,264,0.0,0,0,0.0
LINE:003486,0,264,0.0,0,0,0.0
LINE:003488,0,264,0.0,0,0,0.0
LINE:003489,0,264,0.0,0,0,0.0
LINE:003490,0,264,0.0,0,0,0.0
LINE:003491,0,264,0.0,0,0,0.0
LINE:003493,0,264,0.0,0,0,0.0
LINE:003495,0,264,0.0,0,0,0.0
LINE:003496,0,264,0.0,0,0,0.0
LINE:003497,0,264,0.0,0,0,0.0
LINE:003498,0,264,0.0,0,0,0.0
LINE:003501,0,264,0.0,0,0,0.0
LINE:003504,0,264,0.0,0,0,0.0
LINE:003505,0,264,0.0,0,0,0.0
LINE:003511,0,264,0.0,0,0,0.0
LINE:003512,0,264,0.0,0,0,0.0
LINE:003514,0,264,0.0,0,0,0.0
LINE:003515,0,264,0.0,0,0,0.0
LINE:003516,0,264,0.0,0,0,0.0
LINE:003517,0,264,0.0,0,0,0.0
LINE:003518,0,264,0.0,0,0,0.0
LINE:003519,0,264,0.0,0,0,0.0
LINE:003520,0,264,0.0,0,0,0.0
LINE:003521,0,264,0.0,0,0,0.0
LINE:003522,0,264,0.0,0,0,0.0
LINE:003523,0,264,0.0,0,0,0.0
LINE:003524,0,264,0.0,0,0,0.0
LINE:003525,0,264,0.0,0,0,0.0
LINE:003526,0,264,0.0,0,0,0.0
LINE:003527,0,264,0.0,0,0,0.0
LINE:003528,0,264,0.0,0,0,0.0
LINE:003529,0,264,0.0,0,0,0.0
LINE:003530,0,264,0.0,0,0,0.0
LINE:003532,0,264,0.0,0,0,0.0
LINE:003533,0,264,0.0,0,0,0.0
LINE:003535,0,264,0.0,0,0,0.0
LINE:003536,0,264,0.0,0,0,0.0
LINE:003537,0,264,0.0,0,0,0.0
LINE:003538,0,264,0.0,0,0,0.0
LINE:003539,0,264,0.0,0,0,0.0
LINE:003540,0,264,0.0,0,0,0.0
LINE:003541,0,264,0.0,0,0,0.0
LINE:003542,0,264,0.0,0,0,0.0
LINE:003544,203,264,0.7689393939393939,17,17,1.0
LINE:003545,0,264,0.0,0,0,0.0
LINE:003546,0,264,0.0,0,0,0.0
LINE:003547,0,264,0.0,0,0,0.0
LINE:003548,0,264,0.0,0,0,0.0
LINE:003549,0,264,0.0,0,0,0.0
LINE:003550,0,264,0.0,0,0,0.0
LINE:003551,0,264,0.0,0,0,0.0
LINE:003552,0,264,0.0,0,0,0.0
LINE:003553,0,264,0.0,0,0,0.0
LINE:003554,0,264,0.0,0,0,0.0
LINE:003556,0,264,0.0,0,0,0.0
LINE:003558,0,264,0.0,0,0,0.0
LINE:003559,0,264,0.0,0,0,0.0
LINE:003560,0,264,0.0,0,0,0.0
LINE:003561,0,264,0.0,0,0,0.0
LINE:003562,0,264,0.0,0,0,0.0
LINE:003563,0,264,0.0,0,0,0.0
LINE:003564,0,264,0.0,0,0,0.0
LINE:003565,0,264,0.0,0,0,0.0
LINE:003566,0,264,0.0,0,0,0.0
LINE:003567,0,264,0.0,0,0,0.0
LINE:003569,0,264,0.0,0,0,0.0
LINE:003570,0,264,0.0,0,0,0.0
LINE:003571,0,264,0.0,0,0,0.0
LINE:003573,0,264,0.0,0,0,0.0
LINE:003574,0,264,0.0,0,0,0.0
LINE:003575,0,264,0.0,0,0,0.0
LINE:003576,0,264,0.0,0,0,0.0
LINE:003577,0,264,0.0,0,0,0.0
LINE:003578,0,264,0.0,0,0,0.0
LINE:003579,0,264,0.0,0,0,0.0
LINE:003580,0,264,0.0,0,0,0.0
LINE:003581,0,264,0.0,0,0,0.0
LINE:003582,0,264,0.0,0,0,0.0
LINE:003583,0,264,0.0,0,0,0.0
LINE:003584,0,264,0.0,0,0,0.0
LINE:003585,0,264,0.0,0,0,0.0
LINE:003586,0,264,0.0,0,0,0.0
LINE:003587,0,264,0.0,0,0,0.0
LINE:003591,0,264,0.0,0,0,0.0
LINE:003592,0,264,0.0,0,0,0.0
LINE:003593,0,264,0.0,0,0,0.0
LINE:003595,0,264,0.0,0,0,0.0
LINE:003596,0,264,0.0,0,0,0.0
LINE:003597,0,264,0.0,0,0,0.0
LINE:003599,0,264,0.0,0,0,0.0
LINE:003600,0,264,0.0,0,0,0.0
LINE:003601,0,264,0.0,0,0,0.0
LINE:003602,0,264,0.0,0,0,0.0
LINE:003603,0,264,0.0,0,0,0.0
LINE:003605,0,264,0.0,0,0,0.0
LINE:003606,0,264,0.0,0,0,0.0
LINE:003608,0,264,0.0,0,0,0.0
LINE:003609,0,264,0.0,0,0,0.0
LINE:003610,0,264,0.0,0,0,0.0
LINE:003611,0,264,0.0,0,0,0.0
LINE:003612,0,264,0.0,0,0,0.0
LINE:003613,0,264,0.0,0,0,0.0
LINE:003614,0,264,0.0,0,0,0.0
LINE:003615,86,264,0.32575757575757575,9,7,1.0
LINE:003616,0,264,0.0,0,0,0.0
LINE:003619,0,264,0.0,0,0,0.0
LINE:003620,0,264,0.0,0,0,0.0
LINE:003625,0,264,0.0,0,0,0.0
LINE:003626,0,264,0.0,0,0,0.0
LINE:003629,0,264,0.0,0,0,0.0
LINE:003630,0,264,0.0,0,0,0.0
LINE:003631,0,264,0.0,0,0,0.0
LINE:003632,0,264,0.0,0,0,0.0
LINE:003633,0,264,0.0,0,0,0.0
LINE:003634,0,264,0.0,0,0,0.0
LINE:003635,0,264,0.0,0,0,0.0
LINE:003637,0,264,0.0,0,0,0.0
LINE:003638,0,264,0.0,0,0,0.0
LINE:003642,0,264,0.0,0,0,0.0
LINE:003643,0,264,0.0,0,0,0.0
LINE:003644,0,264,0.0,0,0,0.0
LINE:003645,0,264,0.0,0,0,0.0
LINE:003646,0,264,0.0,0,0,0.0
LINE:003647,0,264,0.0,0,0,0.0
LINE:003650,0,264,0.0,0,0,0.0
LINE:003651,0,264,0.0,0,0,0.0
LINE:003652,0,264,0.0,0,0,0.0
LINE:003654,0,264,0.0,0,0,0.0
LINE:003655,0,264,0.0,0,0,0.0
LINE:003656,0,264,0.0,0,0,0.0
LINE:003657,0,264,0.0,0,0,0.0
LINE:003659,0,264,0.0,0,0,0.0
LINE:003660,0,264,0.0,0,0,0.0
LINE:003661,0,264,0.0,0,0,0.0
LINE:003662,0,264,0.0,0,0,0.0
LINE:003665,0,264,0.0,0,0,0.0
LINE:003666,0,264,0.0,0,0,0.0
LINE:003668,0,264,0.0,0,0,0.0
LINE:003669,0,264,0.0,0,0,0.0
LINE:003670,0,264,0.0,0,0,0.0
LINE:003671,0,264,0.0,0,0,0.0
LINE:003672,0,264,0.0,0,0,0.0
LINE:003673,0,264,0.0,0,0,0.0
LINE:003674,0,264,0.0,0,0,0.0
LINE:003675,0,264,0.0,0,0,0.0
LINE:003676,0,264,0.0,0,0,0.0
LINE:003677,0,264,0.0,0,0,0.0
LINE:003678,0,264,0.0,0,0,0.0
LINE:003680,0,264,0.0,0,0,0.0
LINE:003681,0,264,0.0,0,0,0.0
LINE:003682,0,264,0.0,0,0,0.0
LINE:003683,0,264,0.0,0,0,0.0
LINE:003684,0,264,0.0,0,0,0.0
LINE:003685,0,264,0.0,0,0,0.0
LINE:003686,0,264,0.0,0,0,0.0
LINE:003687,0,264,0.0,0,0,0.0
LINE:003688,0,264,0.0,0,0,0.0
LINE:003689,0,264,0.0,0,0,0.0
LINE:003690,0,264,0.0,0,0,0.0
LINE:003691,0,264,0.0,0,0,0.0
LINE:003692,0,264,0.0,0,0,0.0
LINE:003693,0,264,0.0,0,0,0.0
LINE:003694,0,264,0.0,0,0,0.0
LINE:003695,0,264,0.0,0,0,0.0
LINE:003696,0,264,0.0,0,0,0.0
LINE:003698,0,264,0.0,0,0,0.0
LINE:003700,0,264,0.0,0,0,0.0
LINE:003701,120,264,0.45454545454545453,12,9,1.0
LINE:003702,128,264,0.48484848484848486,12,10,1.0
LINE:003703,0,264,0.0,0,0,0.0
LINE:003704,0,264,0.0,0,0,0.0
LINE:003705,0,264,0.0,0,0,0.0
LINE:003706,0,264,0.0,0,0,0.0
LINE:003707,0,264,0.0,0,0,0.0
LINE:003710,0,264,0.0,0,0,0.0
LINE:003711,0,264,0.0,0,0,0.0
LINE:003712,0,264,0.0,0,0,0.0
LINE:003713,0,264,0.0,0,0,0.0
LINE:003714,0,264,0.0,0,0,0.0
LINE:003715,0,264,0.0,0,0,0.0
LINE:003716,0,264,0.0,0,0,0.0
LINE:003717,0,264,0.0,0,0,0.0
LINE:003718,0,264,0.0,0,0,0.0
LINE:003719,0,264,0.0,0,0,0.0
LINE:003720,0,264,0.0,0,0,0.0
LINE:003721,0,264,0.0,0,0,0.0
LINE:003722,0,264,0.0,0,0,0.0
LINE:003723,0,264,0.0,0,0,0.0
LINE:003725,0,264,0.0,0,0,0.0
LINE:003726,0,264,0.0,0,0,0.0
LINE:003727,0,264,0.0,0,0,0.0
LINE:003728,0,264,0.0,0,0,0.0
LINE:003730,0,264,0.0,0,0,0.0
LINE:003731,0,264,0.0,0,0,0.0
LINE:003732,0,264,0.0,0,0,0.0
LINE:003734,0,264,0.0,0,0,0.0
LINE:003735,0,264,0.0,0,0,0.0
LINE:003737,0,264,0.0,0,0,0.0
LINE:003738,0,264,0.0,0,0,0.0
LINE:003739,0,264,0.0,0,0,0.0
LINE:003740,0,264,0.0,0,0,0.0
LINE:003741,0,264,0.0,0,0,0.0
LINE:003742,0,264,0.0,0,0,0.0
LINE:003743,0,264,0.0,0,0,0.0
LINE:003744,0,264,0.0,0,0,0.0
LINE:003745,0,264,0.0,0,0,0.0
LINE:003746,0,264,0.0,0,0,0.0
LINE:003747,0,264,0.0,0,0,0.0
LINE:003748,0,264,0.0,0,0,0.0
LINE:003749,0,264,0.0,0,0,0.0
LINE:003750,0,264,0.0,0,0,0.0
LINE:003751,0,264,0.0,0,0,0.0
LINE:003754,0,264,0.0,0,0,0.0
LINE:003756,0,264,0.0,0,0,0.0
LINE:003757,0,264,0.0,0,0,0.0
LINE:003758,0,264,0.0,0,0,0.0
LINE:003759,0,264,0.0,0,0,0.0
LINE:003760,0,264,0.0,0,0,0.0
LINE:003761,0,264,0.0,0,0,0.0
LINE:003762,0,264,0.0,0,0,0.0
LINE:003763,0,264,0.0,0,0,0.0
LINE:003764,0,264,0.0,0,0,0.0
LINE:003766,0,264,0.0,0,0,0.0
LINE:003767,0,264,0.0,0,0,0.0
LINE:003768,0,264,0.0,0,0,0.0
LINE:003769,0,264,0.0,0,0,0.0
LINE:003770,0,264,0.0,0,0,0.0
LINE:003771,0,264,0.0,0,0,0.0
LINE:003773,0,264,0.0,0,0,0.0
LINE:003774,0,264,0.0,0,0,0.0
LINE:003775,0,264,0.0,0,0,0.0
LINE:003776,0,264,0.0,0,0,0.0
LINE:003777,0,264,0.0,0,0,0.0
LINE:003778,131,264,0.4962121212121212,12,10,1.0
LINE:003779,0,264,0.0,0,0,0.0
LINE:003780,0,264,0.0,0,0,0.0
LINE:003781,0,264,0.0,0,0,0.0
LINE:003783,0,264,0.0,0,0,0.0
LINE:003784,0,264,0.0,0,0,0.0
LINE:003786,0,264,0.0,0,0,0.0
LINE:003787,0,264,0.0,0,0,0.0
LINE:003788,0,264,0.0,0,0,0.0
LINE:003789,0,264,0.0,0,0,0.0
LINE:003790,0,264,0.0,0,0,0.0
LINE:003791,0,264,0.0,0,0,0.0
LINE:003792,0,264,0.0,0,0,0.0
LINE:003794,0,264,0.0,0,0,0.0
LINE:003796,0,264,0.0,0,0,0.0
LINE:003797,0,264,0.0,0,0,0.0
LINE:003799,0,264,0.0,0,0,0.0
LINE:003800,0,264,0.0,0,0,0.0
LINE:003801,0,264,0.0,0,0,0.0
LINE:003802,0,264,0.0,0,0,0.0
LINE:003803,0,264,0.0,0,0,0.0
LINE:003804,0,264,0.0,0,0,0.0
LINE:003805,0,264,0.0,0,0,0.0
LINE:003806,0,264,0.0,0,0,0.0
LINE:003808,0,264,0.0,0,0,0.0
LINE:003809,0,264,0.0,0,0,0.0
LINE:003810,0,264,0.0,0,0,0.0
LINE:003811,0,264,0.0,0,0,0.0
LINE:003812,0,264,0.0,0,0,0.0
LINE:003813,0,264,0.0,0,0,0.0
LINE:003814,0,264,0.0,0,0,0.0
LINE:003815,0,264,0.0,0,0,0.0
LINE:003816,0,264,0.0,0,0,0.0
LINE:003817,0,264,0.0,0,0,0.0
LINE:003818,0,264,0.0,0,0,0.0
LINE:003819,0,264,0.0,0,0,0.0
LINE:003820,0,264,0.0,0,0,0.0
LINE:003821,0,264,0.0,0,0,0.0
LINE:003823,0,264,0.0,0,0,0.0
LINE:003824,0,264,0.0,0,0,0.0
LINE:003827,0,264,0.0,0,0,0.0
LINE:003830,0,264,0.0,0,0,0.0
LINE:003832,0,264,0.0,0,0,0.0
LINE:003835,0,264,0.0,0,0,0.0
LINE:003836,0,264,0.0,0,0,0.0
LINE:003838,0,264,0.0,0,0,0.0
LINE:003839,0,264,0.0,0,0,0.0
LINE:003841,0,264,0.0,0,0,0.0
LINE:003842,0,264,0.0,0,0,0.0
LINE:003843,0,264,0.0,0,0,0.0
LINE:003844,0,264,0.0,0,0,0.0
LINE:003845,0,264,0.0,0,0,0.0
LINE:003846,0,264,0.0,0,0,0.0
LINE:003848,0,264,0.0,0,0,0.0
LINE:003849,0,264,0.0,0,0,0.0
LINE:003850,0,264,0.0,0,0,0.0
LINE:003852,0,264,0.0,0,0,0.0
LINE:003854,0,264,0.0,0,0,0.0
LINE:003855,0,264,0.0,0,0,0.0
LINE:003859,0,264,0.0,0,0,0.0
LINE:003860,0,264,0.0,0,0,0.0
LINE:003861,0,264,0.0,0,0,0.0
LINE:003862,0,264,0.0,0,0,0.0
LINE:003863,0,264,0.0,0,0,0.0
LINE:003864,0,264,0.0,0,0,0.0
LINE:003865,0,264,0.0,0,0,0.0
LINE:003868,0,264,0.0,0,0,0.0
LINE:003869,0,264,0.0,0,0,0.0
LINE:003870,0,264,0.0,0,0,0.0
LINE:003871,0,264,0.0,0,0,0.0
LINE:003872,0,264,0.0,0,0,0.0
LINE:003873,0,264,0.0,0,0,0.0
LINE:003874,0,264,0.0,0,0,0.0
LINE:003875,0,264,0.0,0,0,0.0
LINE:003876,0,264,0.0,0,0,0.0
LINE:003877,0,264,0.0,0,0,0.0
LINE:003878,0,264,0.0,0,0,0.0
LINE:003879,0,264,0.0,0,0,0.0
LINE:003880,0,264,0.0,0,0,0.0
LINE:003881,0,264,0.0,0,0,0.0
LINE:003882,0,264,0.0,0,0,0.0
LINE:003883,0,264,0.0,0,0,0.0
LINE:003884,0,264,0.0,0,0,0.0
LINE:003885,0,264,0.0,0,0,0.0
LINE:003886,0,264,0.0,0,0,0.0
LINE:003888,0,264,0.0,0,0,0.0
LINE:003889,0,264,0.0,0,0,0.0
LINE:003892,0,264,0.0,0,0,0.0
LINE:003893,118,264,0.44696969696969696,11,9,1.0
LINE:003895,0,264,0.0,0,0,0.0
LINE:003896,0,264,0.0,0,0,0.0
LINE:003897,0,264,0.0,0,0,0.0
LINE:003898,0,264,0.0,0,0,0.0
LINE:003899,0,264,0.0,0,0,0.0
LINE:003900,0,264,0.0,0,0,0.0
LINE:003901,0,264,0.0,0,0,0.0
LINE:003904,0,264,0.0,0,0,0.0
LINE:003905,0,264,0.0,0,0,0.0
LINE:003906,0,264,0.0,0,0,0.0
LINE:003907,0,264,0.0,0,0,0.0
LINE:003908,0,264,0.0,0,0,0.0
LINE:003911,0,264,0.0,0,0,0.0
LINE:003912,0,264,0.0,0,0,0.0
LINE:003913,0,264,0.0,0,0,0.0
LINE:003914,0,264,0.0,0,0,0.0
LINE:003915,0,264,0.0,0,0,0.0
LINE:003916,0,264,0.0,0,0,0.0
LINE:003917,0,264,0.0,0,0,0.0
LINE:003918,0,264,0.0,0,0,0.0
LINE:003919,0,264,0.0,0,0,0.0
LINE:003920,0,264,0.0,0,0,0.0
LINE:003921,0,264,0.0,0,0,0.0
LINE:003922,0,264,0.0,0,0,0.0
LINE:003923,0,264,0.0,0,0,0.0
LINE:003925,0,264,0.0,0,0,0.0
LINE:003926,0,264,0.0,0,0,0.0
LINE:003927,0,264,0.0,0,0,0.0
LINE:003928,0,264,0.0,0,0,0.0
LINE:003929,0,264,0.0,0,0,0.0
LINE:003931,0,264,0.0,0,0,0.0
LINE:003932,0,264,0.0,0,0,0.0
LINE:003933,0,264,0.0,0,0,0.0
LINE:003934,0,264,0.0,0,0,0.0
LINE:003935,0,264,0.0,0,0,0.0
LINE:003936,0,264,0.0,0,0,0.0
LINE:003937,0,264,0.0,0,0,0.0
LINE:003938,0,264,0.0,0,0,0.0
LINE:003939,0,264,0.0,0,0,0.0
LINE:003940,178,264,0.6742424242424242,18,14,1.0
LINE:003941,0,264,0.0,0,0,0.0
LINE:003942,0,264,0.0,0,0,0.0
LINE:003943,0,264,0.0,0,0,0.0
LINE:003944,0,264,0.0,0,0,0.0
LINE:003945,0,264,0.0,0,0,0.0
LINE:003946,0,264,0.0,0,0,0.0
LINE:003947,0,264,0.0,0,0,0.0
LINE:003948,0,264,0.0,0,0,0.0
LINE:003951,0,264,0.0,0,0,0.0
LINE:003952,0,264,0.0,0,0,0.0
LINE:003953,0,264,0.0,0,0,0.0
LINE:003954,0,264,0.0,0,0,0.0
LINE:003955,0,264,0.0,0,0,0.0
LINE:003956,0,264,0.0,0,0,0.0
LINE:003957,0,264,0.0,0,0,0.0
LINE:003958,0,264,0.0,0,0,0.0
LINE:003959,0,264,0.0,0,0,0.0
LINE:003960,0,264,0.0,0,0,0.0
LINE:003961,0,264,0.0,0,0,0.0
LINE:003962,0,264,0.0,0,0,0.0
LINE:003963,0,264,0.0,0,0,0.0
LINE:003964,0,264,0.0,0,0,0.0
LINE:003965,0,264,0.0,0,0,0.0
LINE:003966,0,264,0.0,0,0,0.0
LINE:003967,0,264,0.0,0,0,0.0
LINE:003972,0,264,0.0,0,0,0.0
LINE:003973,0,264,0.0,0,0,0.0
LINE:003976,0,264,0.0,0,0,0.0
LINE:003977,0,264,0.0,0,0,0.0
LINE:003978,0,264,0.0,0,0,0.0
LINE:003979,0,264,0.0,0,0,0.0
LINE:003980,0,264,0.0,0,0,0.0
LINE:003981,0,264,0.0,0,0,0.0
LINE:003982,0,264,0.0,0,0,0.0
LINE:003983,0,264,0.0,0,0,0.0
LINE:003984,0,264,0.0,0,0,0.0
LINE:003986,0,264,0.0,0,0,0.0
LINE:003987,0,264,0.0,0,0,0.0
LINE:003988,0,264,0.0,0,0,0.0
LINE:003990,0,264,0.0,0,0,0.0
LINE:003991,0,264,0.0,0,0,0.0
LINE:003992,0,264,0.0,0,0,0.0
LINE:003993,0,264,0.0,0,0,0.0
LINE:003994,0,264,0.0,0,0,0.0
LINE:003995,0,264,0.0,0,0,0.0
LINE:003996,0,264,0.0,0,0,0.0
LINE:003997,0,264,0.0,0,0,0.0
LINE:003998,0,264,0.0,0,0,0.0
LINE:003999,0,264,0.0,0,0,0.0
LINE:004000,0,264,0.0,0,0,0.0
LINE:004001,0,264,0.0,0,0,0.0
LINE:004002,0,264,0.0,0,0,0.0
LINE:004003,0,264,0.0,0,0,0.0
LINE:004004,0,264,0.0,0,0,0.0
LINE:004005,0,264,0.0,0,0,0.0
LINE:004006,0,264,0.0,0,0,0.0
LINE:004007,0,264,0.0,0,0,0.0
LINE:004008,0,264,0.0,0,0,0.0
LINE:004009,0,264,0.0,0,0,0.0
LINE:004010,0,264,0.0,0,0,0.0
LINE:004011,0,264,0.0,0,0,0.0
LINE:004012,0,264,0.0,0,0,0.0
LINE:004013,206,264,0.7803030303030303,18,17,1.0
LINE:004014,0,264,0.0,0,0,0.0
LINE:004015,0,264,0.0,0,0,0.0
LINE:004016,0,264,0.0,0,0,0.0
LINE:004017,0,264,0.0,0,0,0.0
LINE:004018,0,264,0.0,0,0,0.0
LINE:004019,0,264,0.0,0,0,0.0
LINE:004020,0,264,0.0,0,0,0.0
LINE:004021,0,264,0.0,0,0,0.0
LINE:004022,0,264,0.0,0,0,0.0
LINE:004023,0,264,0.0,0,0,0.0
LINE:004025,0,264,0.0,0,0,0.0
LINE:004027,0,264,0.0,0,0,0.0
LINE:004028,0,264,0.0,0,0,0.0
LINE:004029,0,264,0.0,0,0,0.0
LINE:004031,0,264,0.0,0,0,0.0
LINE:004032,0,264,0.0,0,0,0.0
LINE:004033,0,264,0.0,0,0,0.0
LINE:004034,153,264,0.5795454545454546,14,13,1.0
LINE:004035,0,264,0.0,0,0,0.0
LINE:004036,0,264,0.0,0,0,0.0
LINE:004037,0,264,0.0,0,0,0.0
LINE:004038,0,264,0.0,0,0,0.0
LINE:004039,0,264,0.0,0,0,0.0
LINE:004040,0,264,0.0,0,0,0.0
LINE:004041,0,264,0.0,0,0,0.0
LINE:004042,0,264,0.0,0,0,0.0
LINE:004046,0,264,0.0,0,0,0.0
LINE:004047,0,264,0.0,0,0,0.0
LINE:004048,0,264,0.0,0,0,0.0
LINE:004050,0,264,0.0,0,0,0.0
LINE:004051,0,264,0.0,0,0,0.0
LINE:004052,0,264,0.0,0,0,0.0
LINE:004053,0,264,0.0,0,0,0.0
LINE:004054,0,264,0.0,0,0,0.0
LINE:004055,0,264,0.0,0,0,0.0
LINE:004056,0,264,0.0,0,0,0.0
LINE:004057,0,264,0.0,0,0,0.0
LINE:004058,0,264,0.0,0,0,0.0
LINE:004059,0,264,0.0,0,0,0.0
LINE:004060,0,264,0.0,0,0,0.0
LINE:004061,0,264,0.0,0,0,0.0
LINE:004062,0,264,0.0,0,0,0.0
LINE:004063,0,264,0.0,0,0,0.0
LINE:004064,0,264,0.0,0,0,0.0
LINE:004065,0,264,0.0,0,0,0.0
LINE:004067,0,264,0.0,0,0,0.0
LINE:004068,0,264,0.0,0,0,0.0
LINE:004069,0,264,0.0,0,0,0.0
LINE:004071,0,264,0.0,0,0,0.0
LINE:004072,0,264,0.0,0,0,0.0
LINE:004073,0,264,0.0,0,0,0.0
LINE:004075,0,264,0.0,0,0,0.0
LINE:004076,0,264,0.0,0,0,0.0
LINE:004077,0,264,0.0,0,0,0.0
LINE:004078,0,264,0.0,0,0,0.0
LINE:004079,0,264,0.0,0,0,0.0
LINE:004080,0,264,0.0,0,0,0.0
LINE:004081,0,264,0.0,0,0,0.0
LINE:004082,0,264,0.0,0,0,0.0
LINE:004083,0,264,0.0,0,0,0.0
LINE:004085,0,264,0.0,0,0,0.0
LINE:004086,0,264,0.0,0,0,0.0
LINE:004087,0,264,0.0,0,0,0.0
LINE:004088,0,264,0.0,0,0,0.0
LINE:004089,0,264,0.0,0,0,0.0
LINE:004090,0,264,0.0,0,0,0.0
LINE:004091,0,264,0.0,0,0,0.0
LINE:004092,0,264,0.0,0,0,0.0
LINE:004093,0,264,0.0,0,0,0.0
LINE:004094,0,264,0.0,0,0,0.0
LINE:004096,0,264,0.0,0,0,0.0
LINE:004098,0,264,0.0,0,0,0.0
LINE:004099,0,264,0.0,0,0,0.0
LINE:004100,0,264,0.0,0,0,0.0
LINE:004101,0,264,0.0,0,0,0.0
LINE:004102,0,264,0.0,0,0,0.0
LINE:004103,0,264,0.0,0,0,0.0
LINE:004105,0,264,0.0,0,0,0.0
LINE:004106,0,264,0.0,0,0,0.0
LINE:004107,0,264,0.0,0,0,0.0
LINE:004108,0,264,0.0,0,0,0.0
LINE:004110,0,264,0.0,0,0,0.0
LINE:004111,0,264,0.0,0,0,0.0
LINE:004112,0,264,0.0,0,0,0.0
LINE:004113,0,264,0.0,0,0,0.0
LINE:004114,0,264,0.0,0,0,0.0
LINE:004115,0,264,0.0,0,0,0.0
LINE:004116,0,264,0.0,0,0,0.0
LINE:004117,0,264,0.0,0,0,0.0
LINE:004118,0,264,0.0,0,0,0.0
LINE:004119,0,264,0.0,0,0,0.0
LINE:004120,0,264,0.0,0,0,0.0
LINE:004121,0,264,0.0,0,0,0.0
LINE:004122,0,264,0.0,0,0,0.0
LINE:004123,0,264,0.0,0,0,0.0
LINE:004125,0,264,0.0,0,0,0.0
LINE:004126,0,264,0.0,0,0,0.0
LINE:004129,0,264,0.0,0,0,0.0
LINE:004132,0,264,0.0,0,0,0.0
LINE:004133,0,264,0.0,0,0,0.0
LINE:004134,0,264,0.0,0,0,0.0
LINE:004135,0,264,0.0,0,0,0.0
LINE:004136,0,264,0.0,0,0,0.0
LINE:004137,0,264,0.0,0,0,0.0
LINE:004138,0,264,0.0,0,0,0.0
LINE:004139,0,264,0.0,0,0,0.0
LINE:004140,0,264,0.0,0,0,0.0
LINE:004142,0,264,0.0,0,0,0.0
LINE:004143,0,264,0.0,0,0,0.0
LINE:004144,0,264,0.0,0,0,0.0
LINE:004145,0,264,0.0,0,0,0.0
LINE:004146,0,264,0.0,0,0,0.0
LINE:004147,0,264,0.0,0,0,0.0
LINE:004148,0,264,0.0,0,0,0.0
LINE:004149,0,264,0.0,0,0,0.0
LINE:004152,0,264,0.0,0,0,0.0
LINE:004153,0,264,0.0,0,0,0.0
LINE:004155,0,264,0.0,0,0,0.0
LINE:004156,0,264,0.0,0,0,0.0
LINE:004157,0,264,0.0,0,0,0.0
LINE:004158,0,264,0.0,0,0,0.0
LINE:004159,0,264,0.0,0,0,0.0
LINE:004162,0,264,0.0,0,0,0.0
LINE:004163,0,264,0.0,0,0,0.0
LINE:004167,0,264,0.0,0,0,0.0
LINE:004168,0,264,0.0,0,0,0.0
LINE:004169,0,264,0.0,0,0,0.0
LINE:004170,0,264,0.0,0,0,0.0
LINE:004172,0,264,0.0,0,0,0.0
LINE:004173,0,264,0.0,0,0,0.0
LINE:004174,0,264,0.0,0,0,0.0
LINE:004175,0,264,0.0,0,0,0.0
LINE:004177,0,264,0.0,0,0,0.0
LINE:004179,0,264,0.0,0,0,0.0
LINE:004180,0,264,0.0,0,0,0.0
LINE:004181,0,264,0.0,0,0,0.0
LINE:004182,0,264,0.0,0,0,0.0
LINE:004183,0,264,0.0,0,0,0.0
LINE:004184,0,264,0.0,0,0,0.0
LINE:004186,0,264,0.0,0,0,0.0
LINE:004189,0,264,0.0,0,0,0.0
LINE:004190,0,264,0.0,0,0,0.0
LINE:004192,0,264,0.0,0,0,0.0
LINE:004193,0,264,0.0,0,0,0.0
LINE:004194,0,264,0.0,0,0,0.0
LINE:004196,0,264,0.0,0,0,0.0
LINE:004197,0,264,0.0,0,0,0.0
LINE:004198,0,264,0.0,0,0,0.0
LINE:004199,0,264,0.0,0,0,0.0
LINE:004200,0,264,0.0,0,0,0.0
LINE:004201,0,264,0.0,0,0,0.0
LINE:004202,0,264,0.0,0,0,0.0
LINE:004203,0,264,0.0,0,0,0.0
LINE:004205,0,264,0.0,0,0,0.0
LINE:004206,0,264,0.0,0,0,0.0
LINE:004208,0,264,0.0,0,0,0.0
LINE:004209,0,264,0.0,0,0,0.0
LINE:004210,0,264,0.0,0,0,0.0
LINE:004211,0,264,0.0,0,0,0.0
LINE:004212,0,264,0.0,0,0,0.0
LINE:004213,0,264,0.0,0,0,0.0
LINE:004214,0,264,0.0,0,0,0.0
LINE:004215,0,264,0.0,0,0,0.0
LINE:004216,0,264,0.0,0,0,0.0
LINE:004218,0,264,0.0,0,0,0.0
LINE:004219,0,264,0.0,0,0,0.0
LINE:004220,0,264,0.0,0,0,0.0
LINE:004221,0,264,0.0,0,0,0.0
LINE:004222,0,264,0.0,0,0,0.0
LINE:004223,0,264,0.0,0,0,0.0
LINE:004224,0,264,0.0,0,0,0.0
LINE:004225,0,264,0.0,0,0,0.0
LINE:004226,0,264,0.0,0,0,0.0
LINE:004227,0,264,0.0,0,0,0.0
LINE:004228,0,264,0.0,0,0,0.0
LINE:004229,0,264,0.0,0,0,0.0
LINE:004230,0,264,0.0,0,0,0.0
LINE:004231,0,264,0.0,0,0,0.0
LINE:004232,0,264,0.0,0,0,0.0
LINE:004235,0,264,0.0,0,0,0.0
LINE:004237,0,264,0.0,0,0,0.0
LINE:004238,0,264,0.0,0,0,0.0
LINE:004239,0,264,0.0,0,0,0.0
LINE:004240,0,264,0.0,0,0,0.0
LINE:004241,0,264,0.0,0,0,0.0
LINE:004242,0,264,0.0,0,0,0.0
LINE:004245,0,264,0.0,0,0,0.0
LINE:004246,0,264,0.0,0,0,0.0
LINE:004247,0,264,0.0,0,0,0.0
LINE:004250,0,264,0.0,0,0,0.0
LINE:004251,4,264,0.015151515151515152,3,0,0.16666666666666666
LINE:004252,18,264,0.06818181818181818,6,0,0.6666666666666666
LINE:004253,0,264,0.0,0,0,0.0
LINE:004255,0,264,0.0,0,0,0.0
LINE:004256,0,264,0.0,0,0,0.0
LINE:004257,0,264,0.0,0,0,0.0
LINE:004258,0,264,0.0,0,0,0.0
LINE:004260,0,264,0.0,0,0,0.0
LINE:004261,0,264,0.0,0,0,0.0
LINE:004264,0,264,0.0,0,0,0.0
LINE:004267,0,264,0.0,0,0,0.0
LINE:004268,0,264,0.0,0,0,0.0
LINE:004269,0,264,0.0,0,0,0.0
LINE:004270,0,264,0.0,0,0,0.0
LINE:004271,0,264,0.0,0,0,0.0
LINE:004272,0,264,0.0,0,0,0.0
LINE:004273,0,264,0.0,0,0,0.0
LINE:004274,0,264,0.0,0,0,0.0
LINE:004275,0,264,0.0,0,0,0.0
LINE:004276,0,264,0.0,0,0,0.0
LINE:004281,0,264,0.0,0,0,0.0
LINE:004282,0,264,0.0,0,0,0.0
LINE:004283,0,264,0.0,0,0,0.0
LINE:004284,0,264,0.0,0,0,0.0
LINE:004285,0,264,0.0,0,0,0.0
LINE:004286,0,264,0.0,0,0,0.0
LINE:004287,0,264,0.0,0,0,0.0
LINE:004289,0,264,0.0,0,0,0.0
LINE:004290,0,264,0.0,0,0,0.0
LINE:004291,0,264,0.0,0,0,0.0
LINE:004292,0,264,0.0,0,0,0.0
LINE:004293,0,264,0.0,0,0,0.0
LINE:004294,0,264,0.0,0,0,0.0
LINE:004296,0,264,0.0,0,0,0.0
LINE:004298,0,264,0.0,0,0,0.0
LINE:004302,0,264,0.0,0,0,0.0
LINE:004303,0,264,0.0,0,0,0.0
LINE:004304,0,264,0.0,0,0,0.0
LINE:004305,0,264,0.0,0,0,0.0
LINE:004306,0,264,0.0,0,0,0.0
LINE:004309,0,264,0.0,0,0,0.0
LINE:004310,0,264,0.0,0,0,0.0
LINE:004311,0,264,0.0,0,0,0.0
LINE:004312,0,264,0.0,0,0,0.0
LINE:004314,0,264,0.0,0,0,0.0
LINE:004315,0,264,0.0,0,0,0.0
LINE:004317,0,264,0.0,0,0,0.0
LINE:004318,0,264,0.0,0,0,0.0
LINE:004319,0,264,0.0,0,0,0.0
LINE:004320,0,264,0.0,0,0,0.0
LINE:004323,0,264,0.0,0,0,0.0
LINE:004326,0,264,0.0,0,0,0.0
LINE:004327,0,264,0.0,0,0,0.0
LINE:004328,0,264,0.0,0,0,0.0
LINE:004331,0,264,0.0,0,0,0.0
LINE:004332,0,264,0.0,0,0,0.0
LINE:004333,0,264,0.0,0,0,0.0
LINE:004335,0,264,0.0,0,0,0.0
LINE:004336,0,264,0.0,0,0,0.0
LINE:004337,0,264,0.0,0,0,0.0
LINE:004339,0,264,0.0,0,0,0.0
LINE:004340,0,264,0.0,0,0,0.0
LINE:004341,0,264,0.0,0,0,0.0
LINE:004344,0,264,0.0,0,0,0.0
LINE:004345,0,264,0.0,0,0,0.0
LINE:004346,0,264,0.0,0,0,0.0
LINE:004348,0,264,0.0,0,0,0.0
LINE:004350,0,264,0.0,0,0,0.0
LINE:004352,0,264,0.0,0,0,0.0
LINE:004353,0,264,0.0,0,0,0.0
LINE:004359,0,264,0.0,0,0,0.0
LINE:004366,0,264,0.0,0,0,0.0
LINE:004367,0,264,0.0,0,0,0.0
LINE:004368,0,264,0.0,0,0,0.0
LINE:004369,0,264,0.0,0,0,0.0
LINE:004371,0,264,0.0,0,0,0.0
LINE:004373,0,264,0.0,0,0,0.0
LINE:004375,0,264,0.0,0,0,0.0
LINE:004376,0,264,0.0,0,0,0.0
LINE:004378,0,264,0.0,0,0,0.0
LINE:004379,0,264,0.0,0,0,0.0
LINE:004380,0,264,0.0,0,0,0.0
LINE:004381,0,264,0.0,0,0,0.0
LINE:004383,0,264,0.0,0,0,0.0
LINE:004384,0,264,0.0,0,0,0.0
LINE:004385,0,264,0.0,0,0,0.0
LINE:004386,0,264,0.0,0,0,0.0
LINE:004388,0,264,0.0,0,0,0.0
LINE:004390,0,264,0.0,0,0,0.0
LINE:004391,0,264,0.0,0,0,0.0
LINE:004393,0,264,0.0,0,0,0.0
LINE:004394,0,264,0.0,0,0,0.0
LINE:004395,0,264,0.0,0,0,0.0
LINE:004397,0,264,0.0,0,0,0.0
LINE:004399,0,264,0.0,0,0,0.0
LINE:004400,0,264,0.0,0,0,0.0
LINE:004401,0,264,0.0,0,0,0.0
LINE:004403,0,264,0.0,0,0,0.0
LINE:004404,0,264,0.0,0,0,0.0
LINE:004406,0,264,0.0,0,0,0.0
LINE:004407,0,264,0.0,0,0,0.0
LINE:004408,0,264,0.0,0,0,0.0
LINE:004409,0,264,0.0,0,0,0.0
LINE:004411,0,264,0.0,0,0,0.0
LINE:004412,0,264,0.0,0,0,0.0
LINE:004413,0,264,0.0,0,0,0.0
LINE:004414,0,264,0.0,0,0,0.0
LINE:004415,0,264,0.0,0,0,0.0
LINE:004416,0,264,0.0,0,0,0.0
LINE:004417,0,264,0.0,0,0,0.0
LINE:004418,0,264,0.0,0,0,0.0
LINE:004419,0,264,0.0,0,0,0.0
LINE:004420,0,264,0.0,0,0,0.0
LINE:004421,0,264,0.0,0,0,0.0
LINE:004422,0,264,0.0,0,0,0.0
LINE:004423,0,264,0.0,0,0,0.0
LINE:004424,0,264,0.0,0,0,0.0
LINE:004425,0,264,0.0,0,0,0.0
LINE:004426,0,264,0.0,0,0,0.0
LINE:004427,0,264,0.0,0,0,0.0
LINE:004428,0,264,0.0,0,0,0.0
LINE:004429,0,264,0.0,0,0,0.0
LINE:004432,0,264,0.0,0,0,0.0
LINE:004434,0,264,0.0,0,0,0.0
LINE:004435,0,264,0.0,0,0,0.0
LINE:004436,0,264,0.0,0,0,0.0
LINE:004437,0,264,0.0,0,0,0.0
LINE:004438,0,264,0.0,0,0,0.0
LINE:004440,0,264,0.0,0,0,0.0
LINE:004441,0,264,0.0,0,0,0.0
LINE:004442,0,264,0.0,0,0,0.0
LINE:004443,0,264,0.0,0,0,0.0
LINE:004445,0,264,0.0,0,0,0.0
LINE:004447,0,264,0.0,0,0,0.0
LINE:004448,0,264,0.0,0,0,0.0
LINE:004459,0,264,0.0,0,0,0.0
LINE:004460,0,264,0.0,0,0,0.0
LINE:004461,0,264,0.0,0,0,0.0
LINE:004462,0,264,0.0,0,0,0.0
LINE:004463,0,264,0.0,0,0,0.0
LINE:004464,0,264,0.0,0,0,0.0
LINE:004465,0,264,0.0,0,0,0.0
LINE:004466,0,264,0.0,0,0,0.0
LINE:004467,0,264,0.0,0,0,0.0
LINE:004468,0,264,0.0,0,0,0.0
LINE:004469,0,264,0.0,0,0,0.0
LINE:004470,0,264,0.0,0,0,0.0
LINE:004471,0,264,0.0,0,0,0.0
LINE:004472,0,264,0.0,0,0,0.0
LINE:004475,0,264,0.0,0,0,0.0
LINE:004478,0,264,0.0,0,0,0.0
LINE:004482,0,264,0.0,0,0,0.0
LINE:004483,0,264,0.0,0,0,0.0
LINE:004484,0,264,0.0,0,0,0.0
LINE:004485,0,264,0.0,0,0,0.0
LINE:004486,0,264,0.0,0,0,0.0
LINE:004488,0,264,0.0,0,0,0.0
LINE:004492,0,264,0.0,0,0,0.0
LINE:004495,45,264,0.17045454545454544,9,2,0.9166666666666666
LINE:004497,0,264,0.0,0,0,0.0
LINE:004499,0,264,0.0,0,0,0.0
LINE:004501,0,264,0.0,0,0,0.0
LINE:004502,0,264,0.0,0,0,0.0
LINE:004503,0,264,0.0,0,0,0.0
LINE:004504,0,264,0.0,0,0,0.0
LINE:004505,0,264,0.0,0,0,0.0
LINE:004506,0,264,0.0,0,0,0.0
LINE:004507,0,264,0.0,0,0,0.0
LINE:004508,0,264,0.0,0,0,0.0
LINE:004509,0,264,0.0,0,0,0.0
LINE:004510,0,264,0.0,0,0,0.0
LINE:004512,0,264,0.0,0,0,0.0
LINE:004514,0,264,0.0,0,0,0.0
LINE:004516,0,264,0.0,0,0,0.0
LINE:004517,0,264,0.0,0,0,0.0
LINE:004519,0,264,0.0,0,0,0.0
LINE:004521,0,264,0.0,0,0,0.0
LINE:004522,0,264,0.0,0,0,0.0
LINE:004523,0,264,0.0,0,0,0.0
LINE:004524,0,264,0.0,0,0,0.0
LINE:004525,0,264,0.0,0,0,0.0
LINE:004527,0,264,0.0,0,0,0.0
LINE:004528,0,264,0.0,0,0,0.0
LINE:004529,0,264,0.0,0,0,0.0
LINE:004531,0,264,0.0,0,0,0.0
LINE:004534,0,264,0.0,0,0,0.0
LINE:004535,0,264,0.0,0,0,0.0
LINE:004536,0,264,0.0,0,0,0.0
LINE:004537,0,264,0.0,0,0,0.0
LINE:004538,0,264,0.0,0,0,0.0
LINE:004541,0,264,0.0,0,0,0.0
LINE:004542,0,264,0.0,0,0,0.0
LINE:004543,0,264,0.0,0,0,0.0
LINE:004544,0,264,0.0,0,0,0.0
LINE:004546,0,264,0.0,0,0,0.0
LINE:004547,0,264,0.0,0,0,0.0
LINE:004549,0,264,0.0,0,0,0.0
LINE:004551,0,264,0.0,0,0,0.0
LINE:004552,0,264,0.0,0,0,0.0
LINE:004553,0,264,0.0,0,0,0.0
LINE:004554,0,264,0.0,0,0,0.0
LINE:004556,0,264,0.0,0,0,0.0
LINE:004559,0,264,0.0,0,0,0.0
LINE:004560,0,264,0.0,0,0,0.0
LINE:004561,0,264,0.0,0,0,0.0
LINE:004562,0,264,0.0,0,0,0.0
LINE:004563,0,264,0.0,0,0,0.0
LINE:004564,0,264,0.0,0,0,0.0
LINE:004565,0,264,0.0,0,0,0.0
LINE:004566,0,264,0.0,0,0,0.0
LINE:004567,0,264,0.0,0,0,0.0
LINE:004568,0,264,0.0,0,0,0.0
LINE:004571,0,264,0.0,0,0,0.0
LINE:004572,0,264,0.0,0,0,0.0
LINE:004573,0,264,0.0,0,0,0.0
LINE:004574,0,264,0.0,0,0,0.0
LINE:004576,0,264,0.0,0,0,0.0
LINE:004577,0,264,0.0,0,0,0.0
LINE:004578,0,264,0.0,0,0,0.0
LINE:004579,0,264,0.0,0,0,0.0
LINE:004580,0,264,0.0,0,0,0.0
LINE:004582,0,264,0.0,0,0,0.0
LINE:004584,0,264,0.0,0,0,0.0
LINE:004585,0,264,0.0,0,0,0.0
LINE:004587,0,264,0.0,0,0,0.0
LINE:004588,0,264,0.0,0,0,0.0
LINE:004589,0,264,0.0,0,0,0.0
LINE:004590,0,264,0.0,0,0,0.0
LINE:004592,0,264,0.0,0,0,0.0
LINE:004593,0,264,0.0,0,0,0.0
LINE:004594,0,264,0.0,0,0,0.0
LINE:004597,0,264,0.0,0,0,0.0
LINE:004600,0,264,0.0,0,0,0.0
LINE:004601,0,264,0.0,0,0,0.0
LINE:004602,0,264,0.0,0,0,0.0
LINE:004603,0,264,0.0,0,0,0.0
LINE:004604,0,264,0.0,0,0,0.0
LINE:004605,0,264,0.0,0,0,0.0
LINE:004606,0,264,0.0,0,0,0.0
LINE:004607,0,264,0.0,0,0,0.0
LINE:004608,0,264,0.0,0,0,0.0
LINE:004609,0,264,0.0,0,0,0.0
LINE:004610,0,264,0.0,0,0,0.0
LINE:004614,0,264,0.0,0,0,0.0
LINE:004615,0,264,0.0,0,0,0.0
LINE:004616,0,264,0.0,0,0,0.0
LINE:004617,0,264,0.0,0,0,0.0
LINE:004618,0,264,0.0,0,0,0.0
LINE:004619,0,264,0.0,0,0,0.0
LINE:004622,0,264,0.0,0,0,0.0
LINE:004623,0,264,0.0,0,0,0.0
LINE:004624,0,264,0.0,0,0,0.0
LINE:004625,0,264,0.0,0,0,0.0
LINE:004627,0,264,0.0,0,0,0.0
LINE:004629,0,264,0.0,0,0,0.0
LINE:004630,0,264,0.0,0,0,0.0
LINE:004631,0,264,0.0,0,0,0.0
LINE:004633,0,264,0.0,0,0,0.0
LINE:004634,0,264,0.0,0,0,0.0
LINE:004635,3,264,0.011363636363636364,3,0,0.08333333333333333
LINE:004636,0,264,0.0,0,0,0.0
LINE:004637,0,264,0.0,0,0,0.0
LINE:004638,0,264,0.0,0,0,0.0
LINE:004639,0,264,0.0,0,0,0.0
LINE:004640,0,264,0.0,0,0,0.0
LINE:004641,0,264,0.0,0,0,0.0
LINE:004643,0,264,0.0,0,0,0.0
LINE:004645,0,264,0.0,0,0,0.0
LINE:004648,0,264,0.0,0,0,0.0
LINE:004650,0,264,0.0,0,0,0.0
LINE:004651,0,264,0.0,0,0,0.0
LINE:004652,0,264,0.0,0,0,0.0
LINE:004653,0,264,0.0,0,0,0.0
LINE:004654,0,264,0.0,0,0,0.0
LINE:004655,0,264,0.0,0,0,0.0
LINE:004656,0,264,0.0,0,0,0.0
LINE:004657,0,264,0.0,0,0,0.0
LINE:004658,0,264,0.0,0,0,0.0
LINE:004659,0,264,0.0,0,0,0.0
LINE:004661,0,264,0.0,0,0,0.0
LINE:004662,0,264,0.0,0,0,0.0
LINE:004664,0,264,0.0,0,0,0.0
LINE:004665,0,264,0.0,0,0,0.0
LINE:004666,0,264,0.0,0,0,0.0
LINE:004667,0,264,0.0,0,0,0.0
LINE:004670,0,264,0.0,0,0,0.0
LINE:004671,0,264,0.0,0,0,0.0
LINE:004672,0,264,0.0,0,0,0.0
LINE:004673,0,264,0.0,0,0,0.0
LINE:004674,0,264,0.0,0,0,0.0
LINE:004675,0,264,0.0,0,0,0.0
LINE:004676,0,264,0.0,0,0,0.0
LINE:004677,0,264,0.0,0,0,0.0
LINE:004678,0,264,0.0,0,0,0.0
LINE:004680,0,264,0.0,0,0,0.0
LINE:004682,0,264,0.0,0,0,0.0
LINE:004683,0,264,0.0,0,0,0.0
LINE:004685,0,264,0.0,0,0,0.0
LINE:004686,0,264,0.0,0,0,0.0
LINE:004687,0,264,0.0,0,0,0.0
LINE:004688,0,264,0.0,0,0,0.0
LINE:004689,0,264,0.0,0,0,0.0
LINE:004690,0,264,0.0,0,0,0.0
LINE:004691,0,264,0.0,0,0,0.0
LINE:004692,0,264,0.0,0,0,0.0
LINE:004694,0,264,0.0,0,0,0.0
LINE:004695,0,264,0.0,0,0,0.0
LINE:004696,0,264,0.0,0,0,0.0
LINE:004697,0,264,0.0,0,0,0.0
LINE:004700,0,264,0.0,0,0,0.0
LINE:004701,0,264,0.0,0,0,0.0
LINE:004702,0,264,0.0,0,0,0.0
LINE:004703,0,264,0.0,0,0,0.0
LINE:004704,0,264,0.0,0,0,0.0
LINE:004705,0,264,0.0,0,0,0.0
LINE:004706,0,264,0.0,0,0,0.0
LINE:004708,0,264,0.0,0,0,0.0
LINE:004709,0,264,0.0,0,0,0.0
LINE:004710,0,264,0.0,0,0,0.0
LINE:004711,0,264,0.0,0,0,0.0
LINE:004712,0,264,0.0,0,0,0.0
LINE:004713,0,264,0.0,0,0,0.0
LINE:004714,0,264,0.0,0,0,0.0
LINE:004715,0,264,0.0,0,0,0.0
LINE:004716,0,264,0.0,0,0,0.0
LINE:004717,0,264,0.0,0,0,0.0
LINE:004718,0,264,0.0,0,0,0.0
LINE:004719,0,264,0.0,0,0,0.0
LINE:004721,0,264,0.0,0,0,0.0
LINE:004723,0,264,0.0,0,0,0.0
LINE:004724,0,264,0.0,0,0,0.0
LINE:004725,0,264,0.0,0,0,0.0
LINE:004726,0,264,0.0,0,0,0.0
LINE:004727,0,264,0.0,0,0,0.0
LINE:004728,0,264,0.0,0,0,0.0
LINE:004729,0,264,0.0,0,0,0.0
LINE:004730,0,264,0.0,0,0,0.0
LINE:004731,9,264,0.03409090909090909,1,0,0.75
LINE:004732,0,264,0.0,0,0,0.0
LINE:004733,0,264,0.0,0,0,0.0
LINE:004734,0,264,0.0,0,0,0.0
LINE:004735,0,264,0.0,0,0,0.0
LINE:004736,0,264,0.0,0,0,0.0
LINE:004737,0,264,0.0,0,0,0.0
LINE:004739,0,264,0.0,0,0,0.0
LINE:004740,0,264,0.0,0,0,0.0
LINE:004741,0,264,0.0,0,0,0.0
LINE:004742,0,264,0.0,0,0,0.0
LINE:004747,0,264,0.0,0,0,0.0
LINE:004748,0,264,0.0,0,0,0.0
LINE:004749,0,264,0.0,0,0,0.0
LINE:004751,0,264,0.0,0,0,0.0
LINE:004752,0,264,0.0,0,0,0.0
LINE:004753,0,264,0.0,0,0,0.0
LINE:004754,0,264,0.0,0,0,0.0
LINE:004755,0,264,0.0,0,0,0.0
LINE:004756,0,264,0.0,0,0,0.0
LINE:004758,0,264,0.0,0,0,0.0
LINE:004759,0,264,0.0,0,0,0.0
LINE:004760,0,264,0.0,0,0,0.0
LINE:004762,0,264,0.0,0,0,0.0
LINE:004763,0,264,0.0,0,0,0.0
LINE:004764,0,264,0.0,0,0,0.0
LINE:004765,0,264,0.0,0,0,0.0
LINE:004766,0,264,0.0,0,0,0.0
LINE:004767,0,264,0.0,0,0,0.0
LINE:004770,0,264,0.0,0,0,0.0
LINE:004771,0,264,0.0,0,0,0.0
LINE:004772,0,264,0.0,0,0,0.0
LINE:004774,0,264,0.0,0,0,0.0
LINE:004777,0,264,0.0,0,0,0.0
LINE:004778,0,264,0.0,0,0,0.0
LINE:004779,0,264,0.0,0,0,0.0
LINE:004780,0,264,0.0,0,0,0.0
LINE:004783,0,264,0.0,0,0,0.0
LINE:004785,0,264,0.0,0,0,0.0
LINE:004786,0,264,0.0,0,0,0.0
LINE:004793,0,264,0.0,0,0,0.0
LINE:004796,0,264,0.0,0,0,0.0
LINE:004798,0,264,0.0,0,0,0.0
LINE:004799,0,264,0.0,0,0,0.0
LINE:004800,0,264,0.0,0,0,0.0
LINE:004801,0,264,0.0,0,0,0.0
LINE:004802,0,264,0.0,0,0,0.0
LINE:004803,0,264,0.0,0,0,0.0
LINE:004804,0,264,0.0,0,0,0.0
LINE:004805,0,264,0.0,0,0,0.0
LINE:004811,0,264,0.0,0,0,0.0
LINE:004812,0,264,0.0,0,0,0.0
LINE:004813,0,264,0.0,0,0,0.0
LINE:004815,0,264,0.0,0,0,0.0
LINE:004816,0,264,0.0,0,0,0.0
LINE:004817,0,264,0.0,0,0,0.0
LINE:004818,0,264,0.0,0,0,0.0
LINE:004819,0,264,0.0,0,0,0.0
LINE:004820,0,264,0.0,0,0,0.0
LINE:004821,0,264,0.0,0,0,0.0
LINE:004822,0,264,0.0,0,0,0.0
LINE:004823,0,264,0.0,0,0,0.0
LINE:004824,0,264,0.0,0,0,0.0
LINE:004825,0,264,0.0,0,0,0.0
LINE:004828,0,264,0.0,0,0,0.0
LINE:004829,0,264,0.0,0,0,0.0
LINE:004830,0,264,0.0,0,0,0.0
LINE:004831,0,264,0.0,0,0,0.0
LINE:004833,0,264,0.0,0,0,0.0
LINE:004834,0,264,0.0,0,0,0.0
LINE:004836,0,264,0.0,0,0,0.0
LINE:004837,0,264,0.0,0,0,0.0
LINE:004838,0,264,0.0,0,0,0.0
LINE:004839,0,264,0.0,0,0,0.0
LINE:004840,0,264,0.0,0,0,0.0
LINE:004841,0,264,0.0,0,0,0.0
LINE:004842,0,264,0.0,0,0,0.0
LINE:004843,0,264,0.0,0,0,0.0
LINE:004844,0,264,0.0,0,0,0.0
LINE:004845,0,264,0.0,0,0,0.0
LINE:004846,0,264,0.0,0,0,0.0
LINE:004847,0,264,0.0,0,0,0.0
LINE:004848,0,264,0.0,0,0,0.0
LINE:004849,0,264,0.0,0,0,0.0
LINE:004851,0,264,0.0,0,0,0.0
LINE:004852,0,264,0.0,0,0,0.0
LINE:004853,0,264,0.0,0,0,0.0
LINE:004854,0,264,0.0,0,0,0.0
LINE:004855,0,264,0.0,0,0,0.0
LINE:004856,0,264,0.0,0,0,0.0
LINE:004857,0,264,0.0,0,0,0.0
LINE:004858,0,264,0.0,0,0,0.0
LINE:004859,0,264,0.0,0,0,0.0
LINE:004863,0,264,0.0,0,0,0.0
LINE:004864,0,264,0.0,0,0,0.0
LINE:004865,0,264,0.0,0,0,0.0
LINE:004866,0,264,0.0,0,0,0.0
LINE:004867,0,264,0.0,0,0,0.0
LINE:004868,0,264,0.0,0,0,0.0
LINE:004869,0,264,0.0,0,0,0.0
LINE:004870,0,264,0.0,0,0,0.0
LINE:004871,0,264,0.0,0,0,0.0
LINE:004872,0,264,0.0,0,0,0.0
LINE:004873,0,264,0.0,0,0,0.0
LINE:004874,0,264,0.0,0,0,0.0
LINE:004875,0,264,0.0,0,0,0.0
LINE:004876,0,264,0.0,0,0,0.0
LINE:004878,0,264,0.0,0,0,0.0
LINE:004879,0,264,0.0,0,0,0.0
LINE:004880,0,264,0.0,0,0,0.0
LINE:004881,0,264,0.0,0,0,0.0
LINE:004882,0,264,0.0,0,0,0.0
LINE:004883,0,264,0.0,0,0,0.0
LINE:004884,0,264,0.0,0,0,0.0
LINE:004885,0,264,0.0,0,0,0.0
LINE:004886,0,264,0.0,0,0,0.0
LINE:004889,0,264,0.0,0,0,0.0
LINE:004890,0,264,0.0,0,0,0.0
LINE:004893,0,264,0.0,0,0,0.0
LINE:004894,0,264,0.0,0,0,0.0
LINE:004896,0,264,0.0,0,0,0.0
LINE:004897,0,264,0.0,0,0,0.0
LINE:004898,0,264,0.0,0,0,0.0
LINE:004899,0,264,0.0,0,0,0.0
LINE:004901,0,264,0.0,0,0,0.0
LINE:004902,0,264,0.0,0,0,0.0
LINE:004903,0,264,0.0,0,0,0.0
LINE:004904,0,264,0.0,0,0,0.0
LINE:004905,0,264,0.0,0,0,0.0
LINE:004906,0,264,0.0,0,0,0.0
LINE:004907,0,264,0.0,0,0,0.0
LINE:004908,0,264,0.0,0,0,0.0
LINE:004911,0,264,0.0,0,0,0.0
LINE:004918,0,264,0.0,0,0,0.0
LINE:004919,0,264,0.0,0,0,0.0
LINE:004920,0,264,0.0,0,0,0.0
LINE:004921,0,264,0.0,0,0,0.0
LINE:004922,0,264,0.0,0,0,0.0
LINE:004923,0,264,0.0,0,0,0.0
LINE:004925,207,264,0.7840909090909091,19,16,1.0
LINE:004926,0,264,0.0,0,0,0.0
LINE:004927,0,264,0.0,0,0,0.0
LINE:004929,0,264,0.0,0,0,0.0
LINE:004931,0,264,0.0,0,0,0.0
LINE:004932,0,264,0.0,0,0,0.0
LINE:004933,0,264,0.0,0,0,0.0
LINE:004934,0,264,0.0,0,0,0.0
LINE:004935,0,264,0.0,0,0,0.0
LINE:004936,0,264,0.0,0,0,0.0
LINE:004937,0,264,0.0,0,0,0.0
LINE:004938,0,264,0.0,0,0,0.0
LINE:004939,0,264,0.0,0,0,0.0
LINE:004942,0,264,0.0,0,0,0.0
LINE:004943,0,264,0.0,0,0,0.0
LINE:004945,0,264,0.0,0,0,0.0
LINE:004946,0,264,0.0,0,0,0.0
LINE:004947,0,264,0.0,0,0,0.0
LINE:004948,0,264,0.0,0,0,0.0
LINE:004951,0,264,0.0,0,0,0.0
LINE:004952,0,264,0.0,0,0,0.0
LINE:004953,0,264,0.0,0,0,0.0
LINE:004954,0,264,0.0,0,0,0.0
LINE:004955,0,264,0.0,0,0,0.0
LINE:004956,0,264,0.0,0,0,0.0
LINE:004957,0,264,0.0,0,0,0.0
LINE:004958,0,264,0.0,0,0,0.0
LINE:004959,0,264,0.0,0,0,0.0
LINE:004960,0,264,0.0,0,0,0.0
LINE:004961,0,264,0.0,0,0,0.0
LINE:004962,0,264,0.0,0,0,0.0
LINE:004963,0,264,0.0,0,0,0.0
LINE:004964,0,264,0.0,0,0,0.0
LINE:004965,0,264,0.0,0,0,0.0
LINE:004966,0,264,0.0,0,0,0.0
LINE:004967,0,264,0.0,0,0,0.0
LINE:004968,0,264,0.0,0,0,0.0
LINE:004969,0,264,0.0,0,0,0.0
LINE:004970,0,264,0.0,0,0,0.0
LINE:004971,0,264,0.0,0,0,0.0
LINE:004972,0,264,0.0,0,0,0.0
LINE:004973,0,264,0.0,0,0,0.0
LINE:004974,0,264,0.0,0,0,0.0
LINE:004976,0,264,0.0,0,0,0.0
LINE:004977,0,264,0.0,0,0,0.0
LINE:004978,0,264,0.0,0,0,0.0
LINE:004980,0,264,0.0,0,0,0.0
LINE:004982,187,264,0.7083333333333334,18,16,1.0
LINE:004983,0,264,0.0,0,0,0.0
LINE:004984,0,264,0.0,0,0,0.0
LINE:004986,0,264,0.0,0,0,0.0
LINE:004987,0,264,0.0,0,0,0.0
LINE:004989,0,264,0.0,0,0,0.0
LINE:004991,0,264,0.0,0,0,0.0
LINE:004992,0,264,0.0,0,0,0.0
LINE:004993,0,264,0.0,0,0,0.0
LINE:004994,0,264,0.0,0,0,0.0
LINE:004995,0,264,0.0,0,0,0.0
LINE:004996,0,264,0.0,0,0,0.0
LINE:004997,0,264,0.0,0,0,0.0
LINE:004998,0,264,0.0,0,0,0.0
LINE:004999,0,264,0.0,0,0,0.0
LINE:005000,0,264,0.0,0,0,0.0
LINE:005001,0,264,0.0,0,0,0.0
LINE:005002,0,264,0.0,0,0,0.0
LINE:005004,0,264,0.0,0,0,0.0
LINE:005005,0,264,0.0,0,0,0.0
LINE:005006,0,264,0.0,0,0,0.0
LINE:005008,0,264,0.0,0,0,0.0
LINE:005009,4,264,0.015151515151515152,1,0,0.3333333333333333
LINE:005010,0,264,0.0,0,0,0.0
LINE:005011,0,264,0.0,0,0,0.0
LINE:005012,0,264,0.0,0,0,0.0
LINE:005015,0,264,0.0,0,0,0.0
LINE:005017,0,264,0.0,0,0,0.0
LINE:005018,0,264,0.0,0,0,0.0
LINE:005019,0,264,0.0,0,0,0.0
LINE:005020,0,264,0.0,0,0,0.0
LINE:005021,0,264,0.0,0,0,0.0
LINE:005022,0,264,0.0,0,0,0.0
LINE:005023,0,264,0.0,0,0,0.0
LINE:005024,0,264,0.0,0,0,0.0
LINE:005026,0,264,0.0,0,0,0.0
LINE:005027,0,264,0.0,0,0,0.0
LINE:005028,0,264,0.0,0,0,0.0
LINE:005029,0,264,0.0,0,0,0.0
LINE:005030,0,264,0.0,0,0,0.0
LINE:005031,0,264,0.0,0,0,0.0
LINE:005033,0,264,0.0,0,0,0.0
LINE:005034,0,264,0.0,0,0,0.0
LINE:005035,0,264,0.0,0,0,0.0
LINE:005036,0,264,0.0,0,0,0.0
LINE:005038,0,264,0.0,0,0,0.0
LINE:005039,0,264,0.0,0,0,0.0
LINE:005041,0,264,0.0,0,0,0.0
LINE:005042,0,264,0.0,0,0,0.0
LINE:005044,0,264,0.0,0,0,0.0
LINE:005046,0,264,0.0,0,0,0.0
LINE:005047,0,264,0.0,0,0,0.0
LINE:005048,0,264,0.0,0,0,0.0
LINE:005049,0,264,0.0,0,0,0.0
LINE:005050,0,264,0.0,0,0,0.0
LINE:005051,0,264,0.0,0,0,0.0
LINE:005052,0,264,0.0,0,0,0.0
LINE:005053,0,264,0.0,0,0,0.0
LINE:005055,0,264,0.0,0,0,0.0
LINE:005056,0,264,0.0,0,0,0.0
LINE:005057,0,264,0.0,0,0,0.0
LINE:005058,0,264,0.0,0,0,0.0
LINE:005059,0,264,0.0,0,0,0.0
LINE:005060,0,264,0.0,0,0,0.0
LINE:005061,0,264,0.0,0,0,0.0
LINE:005062,0,264,0.0,0,0,0.0
LINE:005063,0,264,0.0,0,0,0.0
LINE:005064,0,264,0.0,0,0,0.0
LINE:005068,0,264,0.0,0,0,0.0
LINE:005069,0,264,0.0,0,0,0.0
LINE:005070,0,264,0.0,0,0,0.0
LINE:005071,0,264,0.0,0,0,0.0
LINE:005072,0,264,0.0,0,0,0.0
LINE:005073,0,264,0.0,0,0,0.0
LINE:005074,0,264,0.0,0,0,0.0
LINE:005075,0,264,0.0,0,0,0.0
LINE:005076,0,264,0.0,0,0,0.0
LINE:005077,0,264,0.0,0,0,0.0
LINE:005078,0,264,0.0,0,0,0.0
LINE:005079,0,264,0.0,0,0,0.0
LINE:005083,0,264,0.0,0,0,0.0
LINE:005084,0,264,0.0,0,0,0.0
LINE:005085,0,264,0.0,0,0,0.0
LINE:005086,0,264,0.0,0,0,0.0
LINE:005087,0,264,0.0,0,0,0.0
LINE:005088,0,264,0.0,0,0,0.0
LINE:005089,0,264,0.0,0,0,0.0
LINE:005090,0,264,0.0,0,0,0.0
LINE:005091,0,264,0.0,0,0,0.0
LINE:005092,0,264,0.0,0,0,0.0
LINE:005093,0,264,0.0,0,0,0.0
LINE:005094,0,264,0.0,0,0,0.0
LINE:005095,0,264,0.0,0,0,0.0
LINE:005096,0,264,0.0,0,0,0.0
LINE:005097,0,264,0.0,0,0,0.0
LINE:005098,0,264,0.0,0,0,0.0
LINE:005099,0,264,0.0,0,0,0.0
LINE:005101,0,264,0.0,0,0,0.0
LINE:005102,0,264,0.0,0,0,0.0
LINE:005103,0,264,0.0,0,0,0.0
LINE:005104,0,264,0.0,0,0,0.0
LINE:005105,0,264,0.0,0,0,0.0
LINE:005109,0,264,0.0,0,0,0.0
LINE:005110,0,264,0.0,0,0,0.0
LINE:005111,0,264,0.0,0,0,0.0
LINE:005113,0,264,0.0,0,0,0.0
LINE:005114,0,264,0.0,0,0,0.0
LINE:005115,0,264,0.0,0,0,0.0
LINE:005116,0,264,0.0,0,0,0.0
LINE:005117,0,264,0.0,0,0,0.0
LINE:005118,0,264,0.0,0,0,0.0
LINE:005119,0,264,0.0,0,0,0.0
LINE:005120,0,264,0.0,0,0,0.0
LINE:005122,0,264,0.0,0,0,0.0
LINE:005123,0,264,0.0,0,0,0.0
LINE:005124,0,264,0.0,0,0,0.0
LINE:005125,0,264,0.0,0,0,0.0
LINE:005126,0,264,0.0,0,0,0.0
LINE:005127,0,264,0.0,0,0,0.0
LINE:005128,0,264,0.0,0,0,0.0
LINE:005129,0,264,0.0,0,0,0.0
LINE:005130,0,264,0.0,0,0,0.0
LINE:005131,0,264,0.0,0,0,0.0
LINE:005133,0,264,0.0,0,0,0.0
LINE:005135,0,264,0.0,0,0,0.0
LINE:005136,0,264,0.0,0,0,0.0
LINE:005137,0,264,0.0,0,0,0.0
LINE:005138,0,264,0.0,0,0,0.0
LINE:005139,0,264,0.0,0,0,0.0
LINE:005140,0,264,0.0,0,0,0.0
LINE:005141,0,264,0.0,0,0,0.0
LINE:005142,0,264,0.0,0,0,0.0
LINE:005143,0,264,0.0,0,0,0.0
LINE:005144,0,264,0.0,0,0,0.0
LINE:005145,0,264,0.0,0,0,0.0
LINE:005146,0,264,0.0,0,0,0.0
LINE:005148,0,264,0.0,0,0,0.0
LINE:005150,0,264,0.0,0,0,0.0
LINE:005151,0,264,0.0,0,0,0.0
LINE:005152,0,264,0.0,0,0,0.0
LINE:005153,0,264,0.0,0,0,0.0
LINE:005154,0,264,0.0,0,0,0.0
LINE:005155,0,264,0.0,0,0,0.0
LINE:005158,0,264,0.0,0,0,0.0
LINE:005159,0,264,0.0,0,0,0.0
LINE:005163,0,264,0.0,0,0,0.0
LINE:005164,0,264,0.0,0,0,0.0
LINE:005165,0,264,0.0,0,0,0.0
LINE:005167,0,264,0.0,0,0,0.0
LINE:005168,0,264,0.0,0,0,0.0
LINE:005169,0,264,0.0,0,0,0.0
LINE:005171,0,264,0.0,0,0,0.0
LINE:005172,0,264,0.0,0,0,0.0
LINE:005173,0,264,0.0,0,0,0.0
LINE:005174,0,264,0.0,0,0,0.0
LINE:005175,0,264,0.0,0,0,0.0
LINE:005176,0,264,0.0,0,0,0.0
LINE:005177,0,264,0.0,0,0,0.0
LINE:005178,187,264,0.7083333333333334,18,16,1.0
LINE:005179,0,264,0.0,0,0,0.0
LINE:005180,0,264,0.0,0,0,0.0
LINE:005181,0,264,0.0,0,0,0.0
LINE:005182,0,264,0.0,0,0,0.0
LINE:005183,0,264,0.0,0,0,0.0
LINE:005184,0,264,0.0,0,0,0.0
LINE:005185,0,264,0.0,0,0,0.0
LINE:005186,0,264,0.0,0,0,0.0
LINE:005187,0,264,0.0,0,0,0.0
LINE:005188,0,264,0.0,0,0,0.0
LINE:005189,0,264,0.0,0,0,0.0
LINE:005190,0,264,0.0,0,0,0.0
LINE:005191,0,264,0.0,0,0,0.0
LINE:005192,0,264,0.0,0,0,0.0
LINE:005193,0,264,0.0,0,0,0.0
LINE:005194,0,264,0.0,0,0,0.0
LINE:005195,0,264,0.0,0,0,0.0
LINE:005196,0,264,0.0,0,0,0.0
LINE:005197,0,264,0.0,0,0,0.0
LINE:005198,0,264,0.0,0,0,0.0
LINE:005199,0,264,0.0,0,0,0.0
LINE:005201,0,264,0.0,0,0,0.0
LINE:005203,0,264,0.0,0,0,0.0
LINE:005205,0,264,0.0,0,0,0.0
LINE:005206,0,264,0.0,0,0,0.0
LINE:005207,0,264,0.0,0,0,0.0
LINE:005208,0,264,0.0,0,0,0.0
LINE:005209,0,264,0.0,0,0,0.0
LINE:005210,0,264,0.0,0,0,0.0
LINE:005211,0,264,0.0,0,0,0.0
LINE:005212,0,264,0.0,0,0,0.0
LINE:005213,0,264,0.0,0,0,0.0
LINE:005214,0,264,0.0,0,0,0.0
LINE:005216,0,264,0.0,0,0,0.0
LINE:005217,0,264,0.0,0,0,0.0
LINE:005218,0,264,0.0,0,0,0.0
LINE:005219,12,264,0.045454545454545456,1,1,1.0
LINE:005220,0,264,0.0,0,0,0.0
LINE:005225,0,264,0.0,0,0,0.0
LINE:005226,0,264,0.0,0,0,0.0
LINE:005227,0,264,0.0,0,0,0.0
LINE:005228,0,264,0.0,0,0,0.0
LINE:005229,0,264,0.0,0,0,0.0
LINE:005230,0,264,0.0,0,0,0.0
LINE:005232,0,264,0.0,0,0,0.0
LINE:005233,0,264,0.0,0,0,0.0
LINE:005234,0,264,0.0,0,0,0.0
LINE:005235,0,264,0.0,0,0,0.0
LINE:005236,0,264,0.0,0,0,0.0
LINE:005237,0,264,0.0,0,0,0.0
LINE:005238,0,264,0.0,0,0,0.0
LINE:005241,0,264,0.0,0,0,0.0
LINE:005242,0,264,0.0,0,0,0.0
LINE:005243,0,264,0.0,0,0,0.0
LINE:005244,0,264,0.0,0,0,0.0
LINE:005248,0,264,0.0,0,0,0.0
LINE:005249,0,264,0.0,0,0,0.0
LINE:005251,145,264,0.5492424242424242,13,12,1.0
LINE:005256,0,264,0.0,0,0,0.0
LINE:005257,0,264,0.0,0,0,0.0
LINE:005258,0,264,0.0,0,0,0.0
LINE:005259,0,264,0.0,0,0,0.0
LINE:005260,0,264,0.0,0,0,0.0
LINE:005262,0,264,0.0,0,0,0.0
LINE:005263,0,264,0.0,0,0,0.0
LINE:005264,0,264,0.0,0,0,0.0
LINE:005265,0,264,0.0,0,0,0.0
LINE:005266,0,264,0.0,0,0,0.0
LINE:005267,0,264,0.0,0,0,0.0
LINE:005268,0,264,0.0,0,0,0.0
LINE:005269,0,264,0.0,0,0,0.0
LINE:005270,0,264,0.0,0,0,0.0
LINE:005271,0,264,0.0,0,0,0.0
LINE:005272,0,264,0.0,0,0,0.0
LINE:005273,0,264,0.0,0,0,0.0
LINE:005274,0,264,0.0,0,0,0.0
LINE:005277,0,264,0.0,0,0,0.0
LINE:005278,0,264,0.0,0,0,0.0
LINE:005279,0,264,0.0,0,0,0.0
LINE:005280,0,264,0.0,0,0,0.0
LINE:005281,0,264,0.0,0,0,0.0
LINE:005282,0,264,0.0,0,0,0.0
LINE:005284,0,264,0.0,0,0,0.0
LINE:005288,0,264,0.0,0,0,0.0
LINE:005289,0,264,0.0,0,0,0.0
LINE:005290,0,264,0.0,0,0,0.0
LINE:005291,0,264,0.0,0,0,0.0
LINE:005292,0,264,0.0,0,0,0.0
LINE:005293,0,264,0.0,0,0,0.0
LINE:005294,0,264,0.0,0,0,0.0
LINE:005295,0,264,0.0,0,0,0.0
LINE:005296,0,264,0.0,0,0,0.0
LINE:005297,0,264,0.0,0,0,0.0
LINE:005299,0,264,0.0,0,0,0.0
LINE:005300,0,264,0.0,0,0,0.0
LINE:005301,0,264,0.0,0,0,0.0
LINE:005302,0,264,0.0,0,0,0.0
LINE:005303,0,264,0.0,0,0,0.0
LINE:005304,0,264,0.0,0,0,0.0
LINE:005305,0,264,0.0,0,0,0.0
LINE:005306,0,264,0.0,0,0,0.0
LINE:005307,0,264,0.0,0,0,0.0
LINE:005308,0,264,0.0,0,0,0.0
LINE:005309,0,264,0.0,0,0,0.0
LINE:005310,0,264,0.0,0,0,0.0
LINE:005311,0,264,0.0,0,0,0.0
LINE:005312,0,264,0.0,0,0,0.0
LINE:005313,0,264,0.0,0,0,0.0
LINE:005314,0,264,0.0,0,0,0.0
LINE:005315,0,264,0.0,0,0,0.0
LINE:005316,0,264,0.0,0,0,0.0
LINE:005320,0,264,0.0,0,0,0.0
LINE:005321,0,264,0.0,0,0,0.0
LINE:005322,0,264,0.0,0,0,0.0
LINE:005323,0,264,0.0,0,0,0.0
LINE:005324,0,264,0.0,0,0,0.0
LINE:005325,0,264,0.0,0,0,0.0
LINE:005326,0,264,0.0,0,0,0.0
LINE:005327,0,264,0.0,0,0,0.0
LINE:005328,0,264,0.0,0,0,0.0
LINE:005330,0,264,0.0,0,0,0.0
LINE:005332,0,264,0.0,0,0,0.0
LINE:005333,0,264,0.0,0,0,0.0
LINE:005334,0,264,0.0,0,0,0.0
LINE:005335,0,264,0.0,0,0,0.0
LINE:005336,0,264,0.0,0,0,0.0
LINE:005337,0,264,0.0,0,0,0.0
LINE:005338,0,264,0.0,0,0,0.0
LINE:005339,0,264,0.0,0,0,0.0
LINE:005340,0,264,0.0,0,0,0.0
LINE:005341,0,264,0.0,0,0,0.0
LINE:005344,0,264,0.0,0,0,0.0
LINE:005345,0,264,0.0,0,0,0.0
LINE:005346,0,264,0.0,0,0,0.0
LINE:005347,0,264,0.0,0,0,0.0
LINE:005348,0,264,0.0,0,0,0.0
LINE:005351,0,264,0.0,0,0,0.0
LINE:005354,0,264,0.0,0,0,0.0
LINE:005356,0,264,0.0,0,0,0.0
LINE:005357,0,264,0.0,0,0,0.0
LINE:005358,0,264,0.0,0,0,0.0
LINE:005360,0,264,0.0,0,0,0.0
LINE:005363,0,264,0.0,0,0,0.0
LINE:005365,0,264,0.0,0,0,0.0
LINE:005366,0,264,0.0,0,0,0.0
LINE:005367,0,264,0.0,0,0,0.0
LINE:005368,0,264,0.0,0,0,0.0
LINE:005369,0,264,0.0,0,0,0.0
LINE:005370,0,264,0.0,0,0,0.0
LINE:005371,0,264,0.0,0,0,0.0
LINE:005372,0,264,0.0,0,0,0.0
LINE:005373,0,264,0.0,0,0,0.0
LINE:005374,0,264,0.0,0,0,0.0
LINE:005378,0,264,0.0,0,0,0.0
LINE:005379,0,264,0.0,0,0,0.0
LINE:005380,0,264,0.0,0,0,0.0
LINE:005381,0,264,0.0,0,0,0.0
LINE:005382,0,264,0.0,0,0,0.0
LINE:005383,0,264,0.0,0,0,0.0
LINE:005385,0,264,0.0,0,0,0.0
LINE:005386,0,264,0.0,0,0,0.0
LINE:005387,0,264,0.0,0,0,0.0
LINE:005388,0,264,0.0,0,0,0.0
LINE:005390,0,264,0.0,0,0,0.0
LINE:005391,0,264,0.0,0,0,0.0
LINE:005392,0,264,0.0,0,0,0.0
LINE:005393,0,264,0.0,0,0,0.0
LINE:005394,0,264,0.0,0,0,0.0
LINE:005396,0,264,0.0,0,0,0.0
LINE:005398,0,264,0.0,0,0,0.0
LINE:005401,0,264,0.0,0,0,0.0
LINE:005403,0,264,0.0,0,0,0.0
LINE:005405,0,264,0.0,0,0,0.0
LINE:005407,0,264,0.0,0,0,0.0
LINE:005408,0,264,0.0,0,0,0.0
LINE:005409,0,264,0.0,0,0,0.0
LINE:005410,0,264,0.0,0,0,0.0
LINE:005411,0,264,0.0,0,0,0.0
LINE:005412,0,264,0.0,0,0,0.0
LINE:005414,0,264,0.0,0,0,0.0
LINE:005415,0,264,0.0,0,0,0.0
LINE:005416,0,264,0.0,0,0,0.0
LINE:005417,0,264,0.0,0,0,0.0
LINE:005418,0,264,0.0,0,0,0.0
LINE:005419,0,264,0.0,0,0,0.0
LINE:005420,0,264,0.0,0,0,0.0
LINE:005421,0,264,0.0,0,0,0.0
LINE:005422,0,264,0.0,0,0,0.0
LINE:005423,0,264,0.0,0,0,0.0
LINE:005424,0,264,0.0,0,0,0.0
LINE:005425,0,264,0.0,0,0,0.0
LINE:005426,0,264,0.0,0,0,0.0
LINE:005427,0,264,0.0,0,0,0.0
LINE:005428,0,264,0.0,0,0,0.0
LINE:005429,0,264,0.0,0,0,0.0
LINE:005430,0,264,0.0,0,0,0.0
LINE:005431,0,264,0.0,0,0,0.0
LINE:005432,0,264,0.0,0,0,0.0
LINE:005433,0,264,0.0,0,0,0.0
LINE:005434,0,264,0.0,0,0,0.0
LINE:005435,0,264,0.0,0,0,0.0
LINE:005440,0,264,0.0,0,0,0.0
LINE:005441,0,264,0.0,0,0,0.0
LINE:005443,0,264,0.0,0,0,0.0
LINE:005444,0,264,0.0,0,0,0.0
LINE:005445,0,264,0.0,0,0,0.0
LINE:005446,0,264,0.0,0,0,0.0
LINE:005447,0,264,0.0,0,0,0.0
LINE:005448,0,264,0.0,0,0,0.0
LINE:005456,0,264,0.0,0,0,0.0
LINE:005457,0,264,0.0,0,0,0.0
LINE:005459,0,264,0.0,0,0,0.0
LINE:005461,0,264,0.0,0,0,0.0
LINE:005462,0,264,0.0,0,0,0.0
LINE:005463,0,264,0.0,0,0,0.0
LINE:005464,0,264,0.0,0,0,0.0
LINE:005465,0,264,0.0,0,0,0.0
LINE:005466,0,264,0.0,0,0,0.0
LINE:005467,0,264,0.0,0,0,0.0
LINE:005468,0,264,0.0,0,0,0.0
LINE:005471,0,264,0.0,0,0,0.0
LINE:005472,0,264,0.0,0,0,0.0
LINE:005473,0,264,0.0,0,0,0.0
LINE:005474,0,264,0.0,0,0,0.0
LINE:005475,0,264,0.0,0,0,0.0
LINE:005476,0,264,0.0,0,0,0.0
LINE:005477,0,264,0.0,0,0,0.0
LINE:005482,0,264,0.0,0,0,0.0
LINE:005483,0,264,0.0,0,0,0.0
LINE:005484,0,264,0.0,0,0,0.0
LINE:005485,0,264,0.0,0,0,0.0
LINE:005486,0,264,0.0,0,0,0.0
LINE:005487,0,264,0.0,0,0,0.0
LINE:005488,0,264,0.0,0,0,0.0
LINE:005489,0,264,0.0,0,0,0.0
LINE:005490,0,264,0.0,0,0,0.0
LINE:005492,0,264,0.0,0,0,0.0
LINE:005493,0,264,0.0,0,0,0.0
LINE:005494,0,264,0.0,0,0,0.0
LINE:005495,0,264,0.0,0,0,0.0
LINE:005500,0,264,0.0,0,0,0.0
LINE:005501,0,264,0.0,0,0,0.0
LINE:005502,0,264,0.0,0,0,0.0
LINE:005503,0,264,0.0,0,0,0.0
LINE:005504,0,264,0.0,0,0,0.0
LINE:005505,0,264,0.0,0,0,0.0
LINE:005506,0,264,0.0,0,0,0.0
LINE:005507,0,264,0.0,0,0,0.0
LINE:005508,0,264,0.0,0,0,0.0
LINE:005509,0,264,0.0,0,0,0.0
LINE:005510,0,264,0.0,0,0,0.0
LINE:005511,0,264,0.0,0,0,0.0
LINE:005512,0,264,0.0,0,0,0.0
LINE:005513,0,264,0.0,0,0,0.0
LINE:005514,0,264,0.0,0,0,0.0
LINE:005515,0,264,0.0,0,0,0.0
LINE:005516,0,264,0.0,0,0,0.0
LINE:005518,0,264,0.0,0,0,0.0
LINE:005520,0,264,0.0,0,0,0.0
LINE:005521,0,264,0.0,0,0,0.0
LINE:005522,0,264,0.0,0,0,0.0
LINE:005523,0,264,0.0,0,0,0.0
LINE:005524,0,264,0.0,0,0,0.0
LINE:005525,0,264,0.0,0,0,0.0
LINE:005526,0,264,0.0,0,0,0.0
LINE:005528,0,264,0.0,0,0,0.0
LINE:005529,0,264,0.0,0,0,0.0
LINE:005530,0,264,0.0,0,0,0.0
LINE:005532,0,264,0.0,0,0,0.0
LINE:005533,0,264,0.0,0,0,0.0
LINE:005534,0,264,0.0,0,0,0.0
LINE:005535,0,264,0.0,0,0,0.0
LINE:005536,0,264,0.0,0,0,0.0
LINE:005539,0,264,0.0,0,0,0.0
LINE:005540,0,264,0.0,0,0,0.0
LINE:005541,0,264,0.0,0,0,0.0
LINE:005543,0,264,0.0,0,0,0.0
LINE:005544,0,264,0.0,0,0,0.0
LINE:005545,0,264,0.0,0,0,0.0
LINE:005547,0,264,0.0,0,0,0.0
LINE:005549,0,264,0.0,0,0,0.0
LINE:005553,0,264,0.0,0,0,0.0
LINE:005559,0,264,0.0,0,0,0.0
LINE:005560,0,264,0.0,0,0,0.0
LINE:005561,0,264,0.0,0,0,0.0
LINE:005562,0,264,0.0,0,0,0.0
LINE:005563,0,264,0.0,0,0,0.0
LINE:005564,0,264,0.0,0,0,0.0
LINE:005566,0,264,0.0,0,0,0.0
LINE:005567,0,264,0.0,0,0,0.0
LINE:005568,22,264,0.08333333333333333,3,1,1.0
LINE:005569,0,264,0.0,0,0,0.0
LINE:005570,0,264,0.0,0,0,0.0
LINE:005572,0,264,0.0,0,0,0.0
LINE:005573,0,264,0.0,0,0,0.0
LINE:005574,0,264,0.0,0,0,0.0
LINE:005575,0,264,0.0,0,0,0.0
LINE:005576,0,264,0.0,0,0,0.0
LINE:005577,0,264,0.0,0,0,0.0
LINE:005578,0,264,0.0,0,0,0.0
LINE:005579,0,264,0.0,0,0,0.0
LINE:005580,0,264,0.0,0,0,0.0
LINE:005581,0,264,0.0,0,0,0.0
LINE:005585,0,264,0.0,0,0,0.0
LINE:005586,0,264,0.0,0,0,0.0
LINE:005587,0,264,0.0,0,0,0.0
LINE:005588,0,264,0.0,0,0,0.0
LINE:005589,0,264,0.0,0,0,0.0
LINE:005590,0,264,0.0,0,0,0.0
LINE:005591,0,264,0.0,0,0,0.0
LINE:005592,0,264,0.0,0,0,0.0
LINE:005593,0,264,0.0,0,0,0.0
LINE:005594,0,264,0.0,0,0,0.0
LINE:005595,0,264,0.0,0,0,0.0
LINE:005600,0,264,0.0,0,0,0.0
LINE:005601,0,264,0.0,0,0,0.0
LINE:005602,0,264,0.0,0,0,0.0
LINE:005603,0,264,0.0,0,0,0.0
LINE:005604,0,264,0.0,0,0,0.0
LINE:005605,0,264,0.0,0,0,0.0
LINE:005606,0,264,0.0,0,0,0.0
LINE:005607,0,264,0.0,0,0,0.0
LINE:005608,0,264,0.0,0,0,0.0
LINE:005612,0,264,0.0,0,0,0.0
LINE:005613,0,264,0.0,0,0,0.0
LINE:005614,0,264,0.0,0,0,0.0
LINE:005616,0,264,0.0,0,0,0.0
LINE:005617,32,264,0.12121212121212122,10,1,0.9166666666666666
LINE:005618,0,264,0.0,0,0,0.0
LINE:005619,0,264,0.0,0,0,0.0
LINE:005620,0,264,0.0,0,0,0.0
LINE:005621,0,264,0.0,0,0,0.0
LINE:005622,0,264,0.0,0,0,0.0
LINE:005623,0,264,0.0,0,0,0.0
LINE:005624,0,264,0.0,0,0,0.0
LINE:005627,0,264,0.0,0,0,0.0
LINE:005628,0,264,0.0,0,0,0.0
LINE:005629,0,264,0.0,0,0,0.0
LINE:005630,0,264,0.0,0,0,0.0
LINE:005633,0,264,0.0,0,0,0.0
LINE:005635,0,264,0.0,0,0,0.0
LINE:005639,0,264,0.0,0,0,0.0
LINE:005640,0,264,0.0,0,0,0.0
LINE:005641,0,264,0.0,0,0,0.0
LINE:005642,0,264,0.0,0,0,0.0
LINE:005643,0,264,0.0,0,0,0.0
LINE:005645,0,264,0.0,0,0,0.0
LINE:005646,0,264,0.0,0,0,0.0
LINE:005647,0,264,0.0,0,0,0.0
LINE:005648,0,264,0.0,0,0,0.0
LINE:005651,0,264,0.0,0,0,0.0
LINE:005652,0,264,0.0,0,0,0.0
LINE:005658,0,264,0.0,0,0,0.0
LINE:005659,0,264,0.0,0,0,0.0
LINE:005660,0,264,0.0,0,0,0.0
LINE:005661,0,264,0.0,0,0,0.0
LINE:005662,0,264,0.0,0,0,0.0
LINE:005663,0,264,0.0,0,0,0.0
LINE:005664,0,264,0.0,0,0,0.0
LINE:005665,0,264,0.0,0,0,0.0
LINE:005666,0,264,0.0,0,0,0.0
LINE:005667,0,264,0.0,0,0,0.0
LINE:005668,95,264,0.35984848484848486,12,8,1.0
LINE:005670,0,264,0.0,0,0,0.0
LINE:005672,0,264,0.0,0,0,0.0
LINE:005674,0,264,0.0,0,0,0.0
LINE:005675,0,264,0.0,0,0,0.0
LINE:005676,0,264,0.0,0,0,0.0
LINE:005677,0,264,0.0,0,0,0.0
LINE:005678,0,264,0.0,0,0,0.0
LINE:005679,0,264,0.0,0,0,0.0
LINE:005680,0,264,0.0,0,0,0.0
LINE:005683,0,264,0.0,0,0,0.0
LINE:005684,0,264,0.0,0,0,0.0
LINE:005685,0,264,0.0,0,0,0.0
LINE:005686,0,264,0.0,0,0,0.0
LINE:005687,0,264,0.0,0,0,0.0
LINE:005688,0,264,0.0,0,0,0.0
LINE:005689,0,264,0.0,0,0,0.0
LINE:005690,0,264,0.0,0,0,0.0
LINE:005691,0,264,0.0,0,0,0.0
LINE:005692,0,264,0.0,0,0,0.0
LINE:005698,0,264,0.0,0,0,0.0
LINE:005699,0,264,0.0,0,0,0.0
LINE:005700,0,264,0.0,0,0,0.0
LINE:005701,0,264,0.0,0,0,0.0
LINE:005702,0,264,0.0,0,0,0.0
LINE:005705,0,264,0.0,0,0,0.0
LINE:005706,0,264,0.0,0,0,0.0
LINE:005707,0,264,0.0,0,0,0.0
LINE:005709,0,264,0.0,0,0,0.0
LINE:005711,0,264,0.0,0,0,0.0
LINE:005713,0,264,0.0,0,0,0.0
LINE:005714,0,264,0.0,0,0,0.0
LINE:005715,0,264,0.0,0,0,0.0
LINE:005716,0,264,0.0,0,0,0.0
LINE:005717,0,264,0.0,0,0,0.0
LINE:005718,0,264,0.0,0,0,0.0
LINE:005719,0,264,0.0,0,0,0.0
LINE:005720,0,264,0.0,0,0,0.0
LINE:005721,0,264,0.0,0,0,0.0
LINE:005722,0,264,0.0,0,0,0.0
LINE:005723,0,264,0.0,0,0,0.0
LINE:005724,0,264,0.0,0,0,0.0
LINE:005725,0,264,0.0,0,0,0.0
LINE:005726,0,264,0.0,0,0,0.0
LINE:005727,0,264,0.0,0,0,0.0
LINE:005728,0,264,0.0,0,0,0.0
LINE:005729,0,264,0.0,0,0,0.0
LINE:005730,0,264,0.0,0,0,0.0
LINE:005731,0,264,0.0,0,0,0.0
LINE:005732,0,264,0.0,0,0,0.0
LINE:005733,0,264,0.0,0,0,0.0
LINE:005735,0,264,0.0,0,0,0.0
LINE:005736,0,264,0.0,0,0,0.0
LINE:005737,0,264,0.0,0,0,0.0
LINE:005738,0,264,0.0,0,0,0.0
LINE:005739,0,264,0.0,0,0,0.0
LINE:005740,0,264,0.0,0,0,0.0
LINE:005741,0,264,0.0,0,0,0.0
LINE:005742,0,264,0.0,0,0,0.0
LINE:005744,0,264,0.0,0,0,0.0
LINE:005745,0,264,0.0,0,0,0.0
LINE:005746,0,264,0.0,0,0,0.0
LINE:005747,0,264,0.0,0,0,0.0
LINE:005748,0,264,0.0,0,0,0.0
LINE:005749,0,264,0.0,0,0,0.0
LINE:005750,0,264,0.0,0,0,0.0
LINE:005751,0,264,0.0,0,0,0.0
LINE:005752,0,264,0.0,0,0,0.0
LINE:005753,0,264,0.0,0,0,0.0
LINE:005755,0,264,0.0,0,0,0.0
LINE:005756,0,264,0.0,0,0,0.0
LINE:005758,0,264,0.0,0,0,0.0
LINE:005759,0,264,0.0,0,0,0.0
LINE:005760,0,264,0.0,0,0,0.0
LINE:005761,0,264,0.0,0,0,0.0
LINE:005762,0,264,0.0,0,0,0.0
LINE:005763,0,264,0.0,0,0,0.0
LINE:005764,0,264,0.0,0,0,0.0
LINE:005769,0,264,0.0,0,0,0.0
LINE:005770,87,264,0.32954545454545453,12,5,1.0
LINE:005772,0,264,0.0,0,0,0.0
LINE:005773,0,264,0.0,0,0,0.0
LINE:005774,0,264,0.0,0,0,0.0
LINE:005775,0,264,0.0,0,0,0.0
LINE:005776,0,264,0.0,0,0,0.0
LINE:005777,0,264,0.0,0,0,0.0
LINE:005778,0,264,0.0,0,0,0.0
LINE:005779,0,264,0.0,0,0,0.0
LINE:005781,0,264,0.0,0,0,0.0
LINE:005783,0,264,0.0,0,0,0.0
LINE:005784,0,264,0.0,0,0,0.0
LINE:005785,0,264,0.0,0,0,0.0
LINE:005786,0,264,0.0,0,0,0.0
LINE:005787,0,264,0.0,0,0,0.0
LINE:005788,0,264,0.0,0,0,0.0
LINE:005789,0,264,0.0,0,0,0.0
LINE:005790,0,264,0.0,0,0,0.0
LINE:005791,0,264,0.0,0,0,0.0
LINE:005792,0,264,0.0,0,0,0.0
LINE:005793,0,264,0.0,0,0,0.0
LINE:005795,0,264,0.0,0,0,0.0
LINE:005796,0,264,0.0,0,0,0.0
LINE:005797,0,264,0.0,0,0,0.0
LINE:005798,0,264,0.0,0,0,0.0
LINE:005799,0,264,0.0,0,0,0.0
LINE:005800,0,264,0.0,0,0,0.0
LINE:005801,0,264,0.0,0,0,0.0
LINE:005802,0,264,0.0,0,0,0.0
LINE:005803,0,264,0.0,0,0,0.0
LINE:005804,0,264,0.0,0,0,0.0
LINE:005805,0,264,0.0,0,0,0.0
LINE:005806,0,264,0.0,0,0,0.0
LINE:005807,0,264,0.0,0,0,0.0
LINE:005808,0,264,0.0,0,0,0.0
LINE:005809,0,264,0.0,0,0,0.0
LINE:005813,0,264,0.0,0,0,0.0
LINE:005815,0,264,0.0,0,0,0.0
LINE:005816,0,264,0.0,0,0,0.0
LINE:005817,0,264,0.0,0,0,0.0
LINE:005818,0,264,0.0,0,0,0.0
LINE:005819,0,264,0.0,0,0,0.0
LINE:005820,0,264,0.0,0,0,0.0
LINE:005822,0,264,0.0,0,0,0.0
LINE:005824,0,264,0.0,0,0,0.0
LINE:005825,0,264,0.0,0,0,0.0
LINE:005826,0,264,0.0,0,0,0.0
LINE:005827,0,264,0.0,0,0,0.0
LINE:005828,0,264,0.0,0,0,0.0
LINE:005831,0,264,0.0,0,0,0.0
LINE:005832,0,264,0.0,0,0,0.0
LINE:005834,0,264,0.0,0,0,0.0
LINE:005836,0,264,0.0,0,0,0.0
LINE:005838,0,264,0.0,0,0,0.0
LINE:005840,0,264,0.0,0,0,0.0
LINE:005842,0,264,0.0,0,0,0.0
LINE:005847,0,264,0.0,0,0,0.0
LINE:005848,0,264,0.0,0,0,0.0
LINE:005849,0,264,0.0,0,0,0.0
LINE:005851,0,264,0.0,0,0,0.0
LINE:005852,0,264,0.0,0,0,0.0
LINE:005853,0,264,0.0,0,0,0.0
LINE:005854,0,264,0.0,0,0,0.0
LINE:005855,0,264,0.0,0,0,0.0
LINE:005856,0,264,0.0,0,0,0.0
LINE:005857,0,264,0.0,0,0,0.0
LINE:005858,0,264,0.0,0,0,0.0
LINE:005860,0,264,0.0,0,0,0.0
LINE:005861,0,264,0.0,0,0,0.0
LINE:005863,0,264,0.0,0,0,0.0
LINE:005864,0,264,0.0,0,0,0.0
LINE:005865,0,264,0.0,0,0,0.0
LINE:005866,0,264,0.0,0,0,0.0
LINE:005867,0,264,0.0,0,0,0.0
LINE:005868,0,264,0.0,0,0,0.0
LINE:005869,0,264,0.0,0,0,0.0
LINE:005870,0,264,0.0,0,0,0.0
LINE:005871,0,264,0.0,0,0,0.0
LINE:005872,0,264,0.0,0,0,0.0
LINE:005874,0,264,0.0,0,0,0.0
LINE:005875,0,264,0.0,0,0,0.0
LINE:005876,0,264,0.0,0,0,0.0
LINE:005877,0,264,0.0,0,0,0.0
LINE:005880,0,264,0.0,0,0,0.0
LINE:005881,0,264,0.0,0,0,0.0
LINE:005882,0,264,0.0,0,0,0.0
LINE:005883,0,264,0.0,0,0,0.0
LINE:005884,0,264,0.0,0,0,0.0
LINE:005886,0,264,0.0,0,0,0.0
LINE:005889,0,264,0.0,0,0,0.0
LINE:005890,0,264,0.0,0,0,0.0
LINE:005891,0,264,0.0,0,0,0.0
LINE:005892,0,264,0.0,0,0,0.0
LINE:005893,0,264,0.0,0,0,0.0
LINE:005894,0,264,0.0,0,0,0.0
LINE:005895,0,264,0.0,0,0,0.0
LINE:005896,0,264,0.0,0,0,0.0
LINE:005898,0,264,0.0,0,0,0.0
LINE:005899,0,264,0.0,0,0,0.0
LINE:005903,0,264,0.0,0,0,0.0
LINE:005904,0,264,0.0,0,0,0.0
LINE:005907,0,264,0.0,0,0,0.0
LINE:005908,0,264,0.0,0,0,0.0
LINE:005909,0,264,0.0,0,0,0.0
LINE:005913,0,264,0.0,0,0,0.0
LINE:005914,0,264,0.0,0,0,0.0
LINE:005915,0,264,0.0,0,0,0.0
LINE:005917,0,264,0.0,0,0,0.0
LINE:005918,0,264,0.0,0,0,0.0
LINE:005919,0,264,0.0,0,0,0.0
LINE:005920,0,264,0.0,0,0,0.0
LINE:005921,0,264,0.0,0,0,0.0
LINE:005922,0,264,0.0,0,0,0.0
LINE:005923,0,264,0.0,0,0,0.0
LINE:005924,0,264,0.0,0,0,0.0
LINE:005925,0,264,0.0,0,0,0.0
LINE:005926,0,264,0.0,0,0,0.0
LINE:005927,0,264,0.0,0,0,0.0
LINE:005928,0,264,0.0,0,0,0.0
LINE:005929,0,264,0.0,0,0,0.0
LINE:005930,0,264,0.0,0,0,0.0
LINE:005931,0,264,0.0,0,0,0.0
LINE:005932,0,264,0.0,0,0,0.0
LINE:005934,0,264,0.0,0,0,0.0
LINE:005935,0,264,0.0,0,0,0.0
LINE:005936,0,264,0.0,0,0,0.0
LINE:005937,0,264,0.0,0,0,0.0
LINE:005938,0,264,0.0,0,0,0.0
LINE:005940,0,264,0.0,0,0,0.0
LINE:005941,0,264,0.0,0,0,0.0
LINE:005942,0,264,0.0,0,0,0.0
LINE:005943,0,264,0.0,0,0,0.0
LINE:005944,0,264,0.0,0,0,0.0
LINE:005945,0,264,0.0,0,0,0.0
LINE:005946,0,264,0.0,0,0,0.0
LINE:005947,0,264,0.0,0,0,0.0
LINE:005948,0,264,0.0,0,0,0.0
LINE:005949,0,264,0.0,0,0,0.0
LINE:005951,0,264,0.0,0,0,0.0
LINE:005952,0,264,0.0,0,0,0.0
LINE:005954,0,264,0.0,0,0,0.0
LINE:005955,0,264,0.0,0,0,0.0
LINE:005956,0,264,0.0,0,0,0.0
LINE:005957,0,264,0.0,0,0,0.0
LINE:005958,0,264,0.0,0,0,0.0
LINE:005959,0,264,0.0,0,0,0.0
LINE:005960,0,264,0.0,0,0,0.0
LINE:005961,0,264,0.0,0,0,0.0
LINE:005962,0,264,0.0,0,0,0.0
LINE:005963,0,264,0.0,0,0,0.0
LINE:005964,0,264,0.0,0,0,0.0
LINE:005967,0,264,0.0,0,0,0.0
LINE:005968,0,264,0.0,0,0,0.0
LINE:005969,0,264,0.0,0,0,0.0
LINE:005970,0,264,0.0,0,0,0.0
LINE:005971,0,264,0.0,0,0,0.0
LINE:005972,0,264,0.0,0,0,0.0
LINE:005975,0,264,0.0,0,0,0.0
LINE:005976,0,264,0.0,0,0,0.0
LINE:005980,0,264,0.0,0,0,0.0
LINE:005981,0,264,0.0,0,0,0.0
LINE:005982,0,264,0.0,0,0,0.0
LINE:005983,0,264,0.0,0,0,0.0
LINE:005984,0,264,0.0,0,0,0.0
LINE:005985,0,264,0.0,0,0,0.0
LINE:005987,0,264,0.0,0,0,0.0
LINE:005988,0,264,0.0,0,0,0.0
LINE:005989,0,264,0.0,0,0,0.0
LINE:005990,0,264,0.0,0,0,0.0
LINE:005992,0,264,0.0,0,0,0.0
LINE:005993,0,264,0.0,0,0,0.0
LINE:005994,0,264,0.0,0,0,0.0
LINE:005995,0,264,0.0,0,0,0.0
LINE:005996,0,264,0.0,0,0,0.0
LINE:005997,0,264,0.0,0,0,0.0
LINE:005998,0,264,0.0,0,0,0.0
LINE:005999,0,264,0.0,0,0,0.0
LINE:006000,0,264,0.0,0,0,0.0
LINE:006004,0,264,0.0,0,0,0.0
LINE:006005,0,264,0.0,0,0,0.0
LINE:006006,0,264,0.0,0,0,0.0
LINE:006007,0,264,0.0,0,0,0.0
LINE:006008,0,264,0.0,0,0,0.0
LINE:006009,0,264,0.0,0,0,0.0
LINE:006011,0,264,0.0,0,0,0.0
LINE:006012,0,264,0.0,0,0,0.0
LINE:006013,0,264,0.0,0,0,0.0
LINE:006014,0,264,0.0,0,0,0.0
LINE:006015,0,264,0.0,0,0,0.0
LINE:006016,0,264,0.0,0,0,0.0
LINE:006017,0,264,0.0,0,0,0.0
LINE:006019,0,264,0.0,0,0,0.0
LINE:006021,0,264,0.0,0,0,0.0
LINE:006022,0,264,0.0,0,0,0.0
LINE:006023,0,264,0.0,0,0,0.0
LINE:006024,0,264,0.0,0,0,0.0
LINE:006026,0,264,0.0,0,0,0.0
LINE:006027,0,264,0.0,0,0,0.0
LINE:006028,0,264,0.0,0,0,0.0
LINE:006029,0,264,0.0,0,0,0.0
LINE:006030,0,264,0.0,0,0,0.0
LINE:006031,0,264,0.0,0,0,0.0
LINE:006032,0,264,0.0,0,0,0.0
LINE:006033,0,264,0.0,0,0,0.0
LINE:006034,0,264,0.0,0,0,0.0
LINE:006035,0,264,0.0,0,0,0.0
LINE:006039,0,264,0.0,0,0,0.0
LINE:006040,0,264,0.0,0,0,0.0
LINE:006041,0,264,0.0,0,0,0.0
LINE:006043,0,264,0.0,0,0,0.0
LINE:006044,0,264,0.0,0,0,0.0
LINE:006045,0,264,0.0,0,0,0.0
LINE:006046,0,264,0.0,0,0,0.0
LINE:006047,0,264,0.0,0,0,0.0
LINE:006048,0,264,0.0,0,0,0.0
LINE:006049,0,264,0.0,0,0,0.0
LINE:006050,0,264,0.0,0,0,0.0
LINE:006051,0,264,0.0,0,0,0.0
LINE:006052,0,264,0.0,0,0,0.0
LINE:006054,0,264,0.0,0,0,0.0
LINE:006055,0,264,0.0,0,0,0.0
LINE:006056,0,264,0.0,0,0,0.0
LINE:006057,0,264,0.0,0,0,0.0
LINE:006058,0,264,0.0,0,0,0.0
LINE:006059,0,264,0.0,0,0,0.0
LINE:006060,0,264,0.0,0,0,0.0
LINE:006061,0,264,0.0,0,0,0.0
LINE:006062,0,264,0.0,0,0,0.0
LINE:006063,0,264,0.0,0,0,0.0
LINE:006064,0,264,0.0,0,0,0.0
LINE:006065,0,264,0.0,0,0,0.0
LINE:006070,0,264,0.0,0,0,0.0
LINE:006071,0,264,0.0,0,0,0.0
LINE:006072,0,264,0.0,0,0,0.0
LINE:006073,0,264,0.0,0,0,0.0
LINE:006074,0,264,0.0,0,0,0.0
LINE:006075,0,264,0.0,0,0,0.0
LINE:006076,0,264,0.0,0,0,0.0
LINE:006077,0,264,0.0,0,0,0.0
LINE:006078,0,264,0.0,0,0,0.0
LINE:006080,0,264,0.0,0,0,0.0
LINE:006081,0,264,0.0,0,0,0.0
LINE:006082,0,264,0.0,0,0,0.0
LINE:006083,0,264,0.0,0,0,0.0
LINE:006084,0,264,0.0,0,0,0.0
LINE:006085,0,264,0.0,0,0,0.0
LINE:006086,0,264,0.0,0,0,0.0
LINE:006087,0,264,0.0,0,0,0.0
LINE:006088,0,264,0.0,0,0,0.0
LINE:006089,0,264,0.0,0,0,0.0
LINE:006093,0,264,0.0,0,0,0.0
LINE:006094,0,264,0.0,0,0,0.0
LINE:006095,0,264,0.0,0,0,0.0
LINE:006096,0,264,0.0,0,0,0.0
LINE:006104,0,264,0.0,0,0,0.0
LINE:006105,0,264,0.0,0,0,0.0
LINE:006106,0,264,0.0,0,0,0.0
LINE:006107,0,264,0.0,0,0,0.0
LINE:006108,0,264,0.0,0,0,0.0
LINE:006109,0,264,0.0,0,0,0.0
LINE:006138,0,264,0.0,0,0,0.0
LINE:006151,0,264,0.0,0,0,0.0
LINE:006189,0,264,0.0,0,0,0.0
LINE:006205,0,264,0.0,0,0,0.0
LINE:006256,0,264,0.0,0,0,0.0
LINE:006257,0,264,0.0,0,0,0.0
LINE:006258,0,264,0.0,0,0,0.0
LINE:006259,0,264,0.0,0,0,0.0
LINE:006284,0,264,0.0,0,0,0.0
LINE:006306,0,264,0.0,0,0,0.0
LINE:006307,0,264,0.0,0,0,0.0
LINE:006311,0,264,0.0,0,0,0.0
LINE:006315,0,264,0.0,0,0,0.0
LINE:006326,0,264,0.0,0,0,0.0
LINE:006352,0,264,0.0,0,0,0.0
LINE:006353,0,264,0.0,0,0,0.0
LINE:006421,0,264,0.0,0,0,0.0
LINE:006433,0,264,0.0,0,0,0.0
LINE:006476,0,264,0.0,0,0,0.0
LINE:006495,0,264,0.0,0,0,0.0
LINE:006512,0,264,0.0,0,0,0.0
LINE:006513,0,264,0.0,0,0,0.0
LINE:006529,0,264,0.0,0,0,0.0
LINE:006530,0,264,0.0,0,0,0.0
LINE:006604,0,264,0.0,0,0,0.0
LINE:006692,0,264,0.0,0,0,0.0
LINE:006720,0,264,0.0,0,0,0.0
LINE:006721,0,264,0.0,0,0,0.0
LINE:006804,0,264,0.0,0,0,0.0
LINE:006806,0,264,0.0,0,0,0.0
LINE:006808,0,264,0.0,0,0,0.0
LINE:006809,0,264,0.0,0,0,0.0
LINE:006810,0,264,0.0,0,0,0.0
LINE:006811,0,264,0.0,0,0,0.0
LINE:006821,0,264,0.0,0,0,0.0
LINE:006822,0,264,0.0,0,0,0.0
LINE:006823,0,264,0.0,0,0,0.0
LINE:006824,0,264,0.0,0,0,0.0
LINE:006825,0,264,0.0,0,0,0.0
LINE:006826,0,264,0.0,0,0,0.0
LINE:006828,0,264,0.0,0,0,0.0
LINE:006830,0,264,0.0,0,0,0.0
LINE:006832,0,264,0.0,0,0,0.0
LINE:006833,0,264,0.0,0,0,0.0
LINE:006834,0,264,0.0,0,0,0.0
LINE:006835,0,264,0.0,0,0,0.0
LINE:006836,0,264,0.0,0,0,0.0
LINE:006837,0,264,0.0,0,0,0.0
LINE:006838,0,264,0.0,0,0,0.0
LINE:006839,0,264,0.0,0,0,0.0
LINE:006840,0,264,0.0,0,0,0.0
LINE:006841,0,264,0.0,0,0,0.0
LINE:006842,0,264,0.0,0,0,0.0
LINE:006843,0,264,0.0,0,0,0.0
LINE:006844,0,264,0.0,0,0,0.0
LINE:006845,9,264,0.03409090909090909,9,0,0.08333333333333333
LINE:006846,0,264,0.0,0,0,0.0
LINE:006847,0,264,0.0,0,0,0.0
LINE:006848,0,264,0.0,0,0,0.0
LINE:006849,0,264,0.0,0,0,0.0
LINE:006850,0,264,0.0,0,0,0.0
LINE:006851,0,264,0.0,0,0,0.0
LINE:006852,0,264,0.0,0,0,0.0
LINE:006853,0,264,0.0,0,0,0.0
LINE:006857,0,264,0.0,0,0,0.0
LINE:006858,0,264,0.0,0,0,0.0
LINE:006859,0,264,0.0,0,0,0.0
LINE:006860,0,264,0.0,0,0,0.0
LINE:006861,0,264,0.0,0,0,0.0
LINE:006863,0,264,0.0,0,0,0.0
LINE:006867,0,264,0.0,0,0,0.0
LINE:006870,0,264,0.0,0,0,0.0
LINE:006875,0,264,0.0,0,0,0.0
LINE:006876,0,264,0.0,0,0,0.0
LINE:006877,0,264,0.0,0,0,0.0
LINE:006879,0,264,0.0,0,0,0.0
LINE:006880,0,264,0.0,0,0,0.0
LINE:006881,0,264,0.0,0,0,0.0
LINE:006882,0,264,0.0,0,0,0.0
LINE:006883,0,264,0.0,0,0,0.0
LINE:006884,0,264,0.0,0,0,0.0
LINE:006886,0,264,0.0,0,0,0.0
LINE:006888,0,264,0.0,0,0,0.0
LINE:006889,0,264,0.0,0,0,0.0
LINE:006890,0,264,0.0,0,0,0.0
LINE:006892,0,264,0.0,0,0,0.0
LINE:006910,0,264,0.0,0,0,0.0
LINE:006913,0,264,0.0,0,0,0.0
LINE:006915,0,264,0.0,0,0,0.0
LINE:006917,0,264,0.0,0,0,0.0
LINE:006918,0,264,0.0,0,0,0.0
LINE:006919,0,264,0.0,0,0,0.0
LINE:006920,0,264,0.0,0,0,0.0
LINE:006921,0,264,0.0,0,0,0.0
LINE:006922,0,264,0.0,0,0,0.0
LINE:006923,0,264,0.0,0,0,0.0
LINE:006926,0,264,0.0,0,0,0.0
LINE:006929,0,264,0.0,0,0,0.0
LINE:006930,0,264,0.0,0,0,0.0
LINE:006933,0,264,0.0,0,0,0.0
LINE:006934,0,264,0.0,0,0,0.0
LINE:006935,0,264,0.0,0,0,0.0
LINE:006936,0,264,0.0,0,0,0.0
LINE:006937,0,264,0.0,0,0,0.0
LINE:006940,0,264,0.0,0,0,0.0
LINE:006944,0,264,0.0,0,0,0.0
LINE:006945,0,264,0.0,0,0,0.0
LINE:006952,0,264,0.0,0,0,0.0
LINE:006956,0,264,0.0,0,0,0.0
LINE:006974,0,264,0.0,0,0,0.0
LINE:006984,0,264,0.0,0,0,0.0
LINE:006985,0,264,0.0,0,0,0.0
LINE:006990,0,264,0.0,0,0,0.0
LINE:006991,0,264,0.0,0,0,0.0
LINE:006992,0,264,0.0,0,0,0.0
LINE:006994,0,264,0.0,0,0,0.0
LINE:006995,0,264,0.0,0,0,0.0
LINE:006998,0,264,0.0,0,0,0.0
LINE:006999,0,264,0.0,0,0,0.0
LINE:007002,0,264,0.0,0,0,0.0
LINE:007003,0,264,0.0,0,0,0.0
LINE:007004,0,264,0.0,0,0,0.0
LINE:007006,0,264,0.0,0,0,0.0
LINE:007035,0,264,0.0,0,0,0.0
LINE:007036,0,264,0.0,0,0,0.0
LINE:007037,0,264,0.0,0,0,0.0
LINE:007038,0,264,0.0,0,0,0.0
LINE:007039,0,264,0.0,0,0,0.0
LINE:007042,0,264,0.0,0,0,0.0
LINE:007043,0,264,0.0,0,0,0.0
LINE:007044,0,264,0.0,0,0,0.0
LINE:007048,0,264,0.0,0,0,0.0
LINE:007056,0,264,0.0,0,0,0.0
LINE:007057,0,264,0.0,0,0,0.0
LINE:007058,0,264,0.0,0,0,0.0
LINE:007059,0,264,0.0,0,0,0.0
LINE:007060,0,264,0.0,0,0,0.0
LINE:007063,0,264,0.0,0,0,0.0
LINE:007064,0,264,0.0,0,0,0.0
LINE:007065,0,264,0.0,0,0,0.0
LINE:007066,0,264,0.0,0,0,0.0
LINE:007076,0,264,0.0,0,0,0.0
LINE:007085,0,264,0.0,0,0,0.0
LINE:007087,0,264,0.0,0,0,0.0
LINE:007088,0,264,0.0,0,0,0.0
LINE:007095,0,264,0.0,0,0,0.0
LINE:007096,0,264,0.0,0,0,0.0
LINE:007097,0,264,0.0,0,0,0.0
LINE:007098,0,264,0.0,0,0,0.0
LINE:007099,0,264,0.0,0,0,0.0
LINE:007100,0,264,0.0,0,0,0.0
LINE:007101,0,264,0.0,0,0,0.0
LINE:007102,0,264,0.0,0,0,0.0
LINE:007106,0,264,0.0,0,0,0.0
LINE:007107,0,264,0.0,0,0,0.0
LINE:007109,0,264,0.0,0,0,0.0
LINE:007110,0,264,0.0,0,0,0.0
LINE:007111,0,264,0.0,0,0,0.0
LINE:007112,0,264,0.0,0,0,0.0
LINE:007113,0,264,0.0,0,0,0.0
LINE:007114,0,264,0.0,0,0,0.0
LINE:007120,0,264,0.0,0,0,0.0
LINE:007121,0,264,0.0,0,0,0.0
LINE:007122,0,264,0.0,0,0,0.0
LINE:007123,0,264,0.0,0,0,0.0
LINE:007143,0,264,0.0,0,0,0.0
LINE:007145,0,264,0.0,0,0,0.0
LINE:007146,0,264,0.0,0,0,0.0
LINE:007158,0,264,0.0,0,0,0.0
LINE:007182,0,264,0.0,0,0,0.0
LINE:007215,0,264,0.0,0,0,0.0
LINE:007222,0,264,0.0,0,0,0.0
LINE:007223,0,264,0.0,0,0,0.0
LINE:007224,0,264,0.0,0,0,0.0
LINE:007263,0,264,0.0,0,0,0.0
LINE:007278,0,264,0.0,0,0,0.0
LINE:007280,0,264,0.0,0,0,0.0
LINE:007291,0,264,0.0,0,0,0.0
LINE:007292,0,264,0.0,0,0,0.0
LINE:007293,0,264,0.0,0,0,0.0
LINE:007294,0,264,0.0,0,0,0.0
LINE:007295,0,264,0.0,0,0,0.0
LINE:007296,0,264,0.0,0,0,0.0
LINE:007297,0,264,0.0,0,0,0.0
LINE:007298,0,264,0.0,0,0,0.0
LINE:007299,0,264,0.0,0,0,0.0
LINE:007300,0,264,0.0,0,0,0.0
LINE:007301,0,264,0.0,0,0,0.0
LINE:007302,0,264,0.0,0,0,0.0
LINE:007303,0,264,0.0,0,0,0.0
LINE:007304,0,264,0.0,0,0,0.0
LINE:007306,0,264,0.0,0,0,0.0
LINE:007310,0,264,0.0,0,0,0.0
LINE:007313,0,264,0.0,0,0,0.0
LINE:007320,0,264,0.0,0,0,0.0
LINE:007321,0,264,0.0,0,0,0.0
LINE:007322,0,264,0.0,0,0,0.0
LINE:007323,0,264,0.0,0,0,0.0
LINE:007417,0,264,0.0,0,0,0.0
LINE:007432,0,264,0.0,0,0,0.0
LINE:007434,0,264,0.0,0,0,0.0
LINE:007443,0,264,0.0,0,0,0.0
LINE:007445,46,264,0.17424242424242425,5,4,1.0
LINE:007457,0,264,0.0,0,0,0.0
LINE:007504,0,264,0.0,0,0,0.0
LINE:007510,0,264,0.0,0,0,0.0
LINE:007522,0,264,0.0,0,0,0.0
LINE:007617,0,264,0.0,0,0,0.0
LINE:007661,0,264,0.0,0,0,0.0
LINE:007663,0,264,0.0,0,0,0.0
LINE:007710,0,264,0.0,0,0,0.0
LINE:007935,0,264,0.0,0,0,0.0
LINE:008041,0,264,0.0,0,0,0.0
LINE:008043,0,264,0.0,0,0,0.0
LINE:008048,0,264,0.0,0,0,0.0
LINE:008049,0,264,0.0,0,0,0.0
LINE:008065,0,264,0.0,0,0,0.0
LINE:008067,0,264,0.0,0,0,0.0
LINE:008073,0,264,0.0,0,0,0.0
LINE:008076,0,264,0.0,0,0,0.0
LINE:008077,0,264,0.0,0,0,0.0
LINE:008081,0,264,0.0,0,0,0.0
LINE:008082,0,264,0.0,0,0,0.0
LINE:008083,0,264,0.0,0,0,0.0
LINE:008084,0,264,0.0,0,0,0.0
LINE:008085,0,264,0.0,0,0,0.0
LINE:008097,0,264,0.0,0,0,0.0
LINE:008119,0,264,0.0,0,0,0.0
LINE:008122,0,264,0.0,0,0,0.0
LINE:008124,0,264,0.0,0,0,0.0
LINE:008125,0,264,0.0,0,0,0.0
LINE:008128,0,264,0.0,0,0,0.0
LINE:008129,0,264,0.0,0,0,0.0
LINE:008135,0,264,0.0,0,0,0.0
LINE:008138,0,264,0.0,0,0,0.0
LINE:008139,0,264,0.0,0,0,0.0
LINE:008140,0,264,0.0,0,0,0.0
LINE:008141,0,264,0.0,0,0,0.0
LINE:008147,0,264,0.0,0,0,0.0
LINE:008149,0,264,0.0,0,0,0.0
LINE:008151,0,264,0.0,0,0,0.0
LINE:008152,0,264,0.0,0,0,0.0
LINE:008161,0,264,0.0,0,0,0.0
LINE:008162,0,264,0.0,0,0,0.0
LINE:008163,0,264,0.0,0,0,0.0
LINE:008164,0,264,0.0,0,0,0.0
LINE:008169,0,264,0.0,0,0,0.0
LINE:008176,0,264,0.0,0,0,0.0
LINE:008181,0,264,0.0,0,0,0.0
LINE:008189,0,264,0.0,0,0,0.0
LINE:008202,0,264,0.0,0,0,0.0
LINE:008203,0,264,0.0,0,0,0.0
LINE:008204,0,264,0.0,0,0,0.0
LINE:008209,0,264,0.0,0,0,0.0
LINE:008210,0,264,0.0,0,0,0.0
LINE:008211,0,264,0.0,0,0,0.0
LINE:008212,0,264,0.0,0,0,0.0
LINE:008213,0,264,0.0,0,0,0.0
LINE:008238,0,264,0.0,0,0,0.0
LINE:008239,0,264,0.0,0,0,0.0
LINE:008319,0,264,0.0,0,0,0.0
LINE:008423,0,264,0.0,0,0,0.0
LINE:008424,0,264,0.0,0,0,0.0
LINE:008620,0,264,0.0,0,0,0.0
LINE:008753,0,264,0.0,0,0,0.0
LINE:008770,0,264,0.0,0,0,0.0
LINE:008863,0,264,0.0,0,0,0.0
LINE:008892,0,264,0.0,0,0,0.0
LINE:008893,0,264,0.0,0,0,0.0
LINE:008894,0,264,0.0,0,0,0.0
LINE:008895,0,264,0.0,0,0,0.0
LINE:008896,0,264,0.0,0,0,0.0
LINE:008897,0,264,0.0,0,0,0.0
LINE:008898,0,264,0.0,0,0,0.0
LINE:008899,0,264,0.0,0,0,0.0
LINE:008900,0,264,0.0,0,0,0.0
LINE:008901,0,264,0.0,0,0,0.0
LINE:008902,0,264,0.0,0,0,0.0
LINE:008904,0,264,0.0,0,0,0.0
LINE:008905,0,264,0.0,0,0,0.0
LINE:008906,0,264,0.0,0,0,0.0
LINE:008907,0,264,0.0,0,0,0.0
LINE:008908,0,264,0.0,0,0,0.0
LINE:008912,0,264,0.0,0,0,0.0
LINE:008913,0,264,0.0,0,0,0.0
LINE:008914,0,264,0.0,0,0,0.0
LINE:008917,0,264,0.0,0,0,0.0
LINE:008976,0,264,0.0,0,0,0.0
LINE:008977,0,264,0.0,0,0,0.0
LINE:008978,0,264,0.0,0,0,0.0
LINE:009270,0,264,0.0,0,0,0.0
LINE:009271,0,264,0.0,0,0,0.0
LINE:009272,0,264,0.0,0,0,0.0
LINE:009273,0,264,0.0,0,0,0.0
LINE:009274,0,264,0.0,0,0,0.0
LINE:009295,0,264,0.0,0,0,0.0
LINE:009296,0,264,0.0,0,0,0.0
LINE:009300,0,264,0.0,0,0,0.0
LINE:009302,0,264,0.0,0,0,0.0
LINE:009303,0,264,0.0,0,0,0.0
LINE:009305,0,264,0.0,0,0,0.0
LINE:009306,0,264,0.0,0,0,0.0
LINE:009307,0,264,0.0,0,0,0.0
LINE:009308,0,264,0.0,0,0,0.0
LINE:009359,0,264,0.0,0,0,0.0
LINE:009362,0,264,0.0,0,0,0.0
LINE:009364,0,264,0.0,0,0,0.0
LINE:009556,0,264,0.0,0,0,0.0
LINE:009558,0,264,0.0,0,0,0.0
LINE:009722,0,264,0.0,0,0,0.0
LINE:009723,0,264,0.0,0,0,0.0
LINE:009724,0,264,0.0,0,0,0.0
LINE:009731,0,264,0.0,0,0,0.0
LINE:009732,0,264,0.0,0,0,0.0
LINE:009733,0,264,0.0,0,0,0.0
LINE:009734,0,264,0.0,0,0,0.0
LINE:009735,0,264,0.0,0,0,0.0
LINE:009764,0,264,0.0,0,0,0.0
LINE:009769,0,264,0.0,0,0,0.0
LINE:009770,0,264,0.0,0,0,0.0
LINE:009773,0,264,0.0,0,0,0.0
LINE:009774,0,264,0.0,0,0,0.0
LINE:009800,0,264,0.0,0,0,0.0
LINE:009804,0,264,0.0,0,0,0.0
LINE:009806,0,264,0.0,0,0,0.0
LINE:009807,0,264,0.0,0,0,0.0
LINE:009808,0,264,0.0,0,0,0.0
LINE:009809,0,264,0.0,0,0,0.0
LINE:009810,0,264,0.0,0,0,0.0
LINE:009812,0,264,0.0,0,0,0.0
LINE:009813,0,264,0.0,0,0,0.0
LINE:009814,0,264,0.0,0,0,0.0
LINE:009815,0,264,0.0,0,0,0.0
LINE:009852,0,264,0.0,0,0,0.0
LINE:009853,0,264,0.0,0,0,0.0
LINE:009854,0,264,0.0,0,0,0.0
LINE:009855,0,264,0.0,0,0,0.0
LINE:009872,0,264,0.0,0,0,0.0
LINE:009874,0,264,0.0,0,0,0.0
LINE:009875,0,264,0.0,0,0,0.0
LINE:009876,0,264,0.0,0,0,0.0
LINE:009877,0,264,0.0,0,0,0.0
LINE:009878,90,264,0.3409090909090909,12,7,1.0
LINE:009879,0,264,0.0,0,0,0.0
LINE:009880,0,264,0.0,0,0,0.0
