generator_id,source_id,name,generation_source,bus_id,p_mw,q_mvar,p_status,q_status,operating_point_status
GEN:00002,OSM:node:8342148580,,gas,BUS:OSM:relation:17294947:400,169.9873161932365,-49.49855157885498,MERIT_ORDER_AND_REN_SOURCE_TOTALS,SOLVED_BUS_Q_ALLOCATED_BY_ASSET_NAMEPLATE,PUBLIC_TOTAL_CALIBRATED_SCENARIO_NOT_UNIT_TELEMETRY
GEN:00003,OSM:node:4337573747,,gas,BUS:OSM:relation:19645437:400,162.6672882231928,-46.365550117530454,MERIT_ORDER_AND_REN_SOURCE_TOTALS,SOLVED_BUS_Q_ALLOCATED_BY_ASSET_NAMEPLATE,PUBLIC_TOTAL_CALIBRATED_SCENARIO_NOT_UNIT_TELEMETRY
GEN:00004,OSM:node:4337573748,,gas,BUS:OSM:relation:19645437:400,162.6672882231928,-46.365550117530454,MERIT_ORDER_AND_REN_SOURCE_TOTALS,SOLVED_BUS_Q_ALLOCATED_BY_ASSET_NAMEPLATE,PUBLIC_TOTAL_CALIBRATED_SCENARIO_NOT_UNIT_TELEMETRY
GEN:00005,OSM:node:13168164418,Grupo 2,gas,BUS:OSM:relation:17290041:400,159.41394245872897,58.21691036837758,MERIT_ORDER_AND_REN_SOURCE_TOTALS,SOLVED_BUS_Q_ALLOCATED_BY_ASSET_NAMEPLATE,PUBLIC_TOTAL_CALIBRATED_SCENARIO_NOT_UNIT_TELEMETRY
GEN:00006,OSM:node:13168164417,Grupo 1,gas,BUS:OSM:relation:17290041:400,159.41394245872897,58.21691036837758,MERIT_ORDER_AND_REN_SOURCE_TOTALS,SOLVED_BUS_Q_ALLOCATED_BY_ASSET_NAMEPLATE,PUBLIC_TOTAL_CALIBRATED_SCENARIO_NOT_UNIT_TELEMETRY
GEN:00007,OSM:node:13168164419,Grupo 3,gas,BUS:OSM:relation:17290041:400,159.41394245872897,58.21691036837758,MERIT_ORDER_AND_REN_SOURCE_TOTALS,SOLVED_BUS_Q_ALLOCATED_BY_ASSET_NAMEPLATE,PUBLIC_TOTAL_CALIBRATED_SCENARIO_NOT_UNIT_TELEMETRY
GEN:00008,OSM:node:12188389776,,hydro,BUS:OSM:way:151077578:150,325.13124233610654,-3.6951982356340927,MERIT_ORDER_AND_REN_SOURCE_TOTALS,SOLVED_BUS_Q_ALLOCATED_BY_ASSET_NAMEPLATE,PUBLIC_TOTAL_CALIBRATED_SCENARIO_NOT_UNIT_TELEMETRY
GEN:00009,OSM:node:13168337211,,gas,BUS:OSM:relation:19645523:220,134.20051278413405,99.48796658539062,MERIT_ORDER_AND_REN_SOURCE_TOTALS,SOLVED_BUS_Q_ALLOCATED_BY_ASSET_NAMEPLATE,PUBLIC_TOTAL_CALIBRATED_SCENARIO_NOT_UNIT_TELEMETRY
GEN:00010,OSM:node:13168337209,,gas,BUS:OSM:relation:19645523:220,134.20051278413405,99.48796658539062,MERIT_ORDER_AND_REN_SOURCE_TOTALS,SOLVED_BUS_Q_ALLOCATED_BY_ASSET_NAMEPLATE,PUBLIC_TOTAL_CALIBRATED_SCENARIO_NOT_UNIT_TELEMETRY
GEN:00011,OSM:node:7538670959,,hydro,BUS:OSM:way:135457228:400,264.27334312960454,-37.134851759475126,MERIT_ORDER_AND_REN_SOURCE_TOTALS,SOLVED_BUS_Q_ALLOCATED_BY_ASSET_NAMEPLATE,PUBLIC_TOTAL_CALIBRATED_SCENARIO_NOT_UNIT_TELEMETRY
GEN:00012,OSM:node:13067752049,,hydro,BUS:OSM:relation:19585241:220,205.08278362739028,-8.430251980320124,MERIT_ORDER_AND_REN_SOURCE_TOTALS,SOLVED_BUS_Q_ALLOCATED_BY_ASSET_NAMEPLATE,PUBLIC_TOTAL_CALIBRATED_SCENARIO_NOT_UNIT_TELEMETRY
GEN:00013,OSM:relation:14554338,Central Fotovoltaica Riccardo Totta,solar,BUS:OSM:way:791358190:400,0.6152925906745284,-110.0,MERIT_ORDER_AND_REN_SOURCE_TOTALS,SOLVED_BUS_Q_ALLOCATED_BY_ASSET_NAMEPLATE,PUBLIC_TOTAL_CALIBRATED_SCENARIO_NOT_UNIT_TELEMETRY
GEN:00014,OSM:node:7172675199,,hydro,BUS:OSM:way:767739005:400,183.40736747164988,-57.66421284375888,MERIT_ORDER_AND_REN_SOURCE_TOTALS,SOLVED_BUS_Q_ALLOCATED_BY_ASSET_NAMEPLATE,PUBLIC_TOTAL_CALIBRATED_SCENARIO_NOT_UNIT_TELEMETRY
GEN:00015,OSM:node:11375788309,,hydro,BUS:OSM:way:397005282:150,172.56965939377963,8.436812808900857,MERIT_ORDER_AND_REN_SOURCE_TOTALS,SOLVED_BUS_Q_ALLOCATED_BY_ASSET_NAMEPLATE,PUBLIC_TOTAL_CALIBRATED_SCENARIO_NOT_UNIT_TELEMETRY
GEN:00016,OSM:relation:14554340,Central Fotovoltaica de Rio Maior,solar,BUS:OSM:way:1331154119:400,0.5705440386254718,101.59759255534973,MERIT_ORDER_AND_REN_SOURCE_TOTALS,SOLVED_BUS_Q_ALLOCATED_BY_ASSET_NAMEPLATE,PUBLIC_TOTAL_CALIBRATED_SCENARIO_NOT_UNIT_TELEMETRY
GEN:00017,OSM:relation:21056109,Central Fotovoltaica de Cerca,solar,BUS:OSM:way:1298167959:400,0.5655098265199527,0.13708112309261367,MERIT_ORDER_AND_REN_SOURCE_TOTALS,SOLVED_BUS_Q_ALLOCATED_BY_ASSET_NAMEPLATE,PUBLIC_TOTAL_CALIBRATED_SCENARIO_NOT_UNIT_TELEMETRY
GEN:00018,OSM:node:13110511465,Grupo 4,hydro,BUS:OSM:way:144385776:220,160.89828146376553,-25.345442849119866,MERIT_ORDER_AND_REN_SOURCE_TOTALS,SOLVED_BUS_Q_ALLOCATED_BY_ASSET_NAMEPLATE,PUBLIC_TOTAL_CALIBRATED_SCENARIO_NOT_UNIT_TELEMETRY
GEN:00019,OSM:node:7521835687,,hydro,BUS:OSM:relation:17294958:220,159.23094175947782,-7.809646221994317,MERIT_ORDER_AND_REN_SOURCE_TOTALS,SOLVED_BUS_Q_ALLOCATED_BY_ASSET_NAMEPLATE,PUBLIC_TOTAL_CALIBRATED_SCENARIO_NOT_UNIT_TELEMETRY
GEN:00020,OSM:relation:16950219,Parque Solar Escalabis,solar,BUS:OSM:way:1320046267:220,0.5285922710794811,49.8803150842179,MERIT_ORDER_AND_REN_SOURCE_TOTALS,SOLVED_BUS_Q_ALLOCATED_BY_ASSET_NAMEPLATE,PUBLIC_TOTAL_CALIBRATED_SCENARIO_NOT_UNIT_TELEMETRY
GEN:00021,OSM:relation:18272546,Central Solar Fotovoltaica de Santas,solar,BUS:OSM:way:144601080:400,0.5034212105518868,-90.0,MERIT_ORDER_AND_REN_SOURCE_TOTALS,SOLVED_BUS_Q_ALLOCATED_BY_ASSET_NAMEPLATE,PUBLIC_TOTAL_CALIBRATED_SCENARIO_NOT_UNIT_TELEMETRY
GEN:00023,OSM:relation:16408752,Parque Solar de Alcoutim,solar,BUS:OSM:way:1154057619:150,0.4027369684415094,-1.59846097996955,MERIT_ORDER_AND_REN_SOURCE_TOTALS,SOLVED_BUS_Q_ALLOCATED_BY_ASSET_NAMEPLATE,PUBLIC_TOTAL_CALIBRATED_SCENARIO_NOT_UNIT_TELEMETRY
GEN:00024,OSM:way:449923115,Central Hidroelétrica do Baixo Sabor - Escalão de Montante,hydro,BUS:OSM:way:771616113:220,120.04845870871627,-23.558359137943658,MERIT_ORDER_AND_REN_SOURCE_TOTALS,SOLVED_BUS_Q_ALLOCATED_BY_ASSET_NAMEPLATE,PUBLIC_TOTAL_CALIBRATED_SCENARIO_NOT_UNIT_TELEMETRY
GEN:00025,OSM:node:11345234892,,hydro,BUS:OSM:way:1258290323:400,114.2127697437092,-22.08115624803103,MERIT_ORDER_AND_REN_SOURCE_TOTALS,SOLVED_BUS_Q_ALLOCATED_BY_ASSET_NAMEPLATE,PUBLIC_TOTAL_CALIBRATED_SCENARIO_NOT_UNIT_TELEMETRY
GEN:00026,OSM:way:1230725911,Central de Cogeração da Fábrica de Polímeros Sines Repsol,gas,BUS:OSM:way:163214309:150,3.384018983267411,68.0,MERIT_ORDER_AND_REN_SOURCE_TOTALS,SOLVED_BUS_Q_ALLOCATED_BY_ASSET_NAMEPLATE,PUBLIC_TOTAL_CALIBRATED_SCENARIO_NOT_UNIT_TELEMETRY
GEN:00029,OSM:relation:14053076,Parque Eólico de Arada / Montemuro,wind,BUS:OSM:way:144439472:400,112.8257693799351,-55.376196637479346,MERIT_ORDER_AND_REN_SOURCE_TOTALS,SOLVED_BUS_Q_ALLOCATED_BY_ASSET_NAMEPLATE,PUBLIC_TOTAL_CALIBRATED_SCENARIO_NOT_UNIT_TELEMETRY
GEN:00030,OSM:node:13069053775,,hydro,BUS:OSM:way:1256744849:400,108.04361283784463,-14.538140237461619,MERIT_ORDER_AND_REN_SOURCE_TOTALS,SOLVED_BUS_Q_ALLOCATED_BY_ASSET_NAMEPLATE,PUBLIC_TOTAL_CALIBRATED_SCENARIO_NOT_UNIT_TELEMETRY
GEN:00031,OSM:node:13069053773,Grupo 1,hydro,BUS:OSM:way:648169311:400,108.04361283784463,-16.169726717332786,MERIT_ORDER_AND_REN_SOURCE_TOTALS,SOLVED_BUS_Q_ALLOCATED_BY_ASSET_NAMEPLATE,PUBLIC_TOTAL_CALIBRATED_SCENARIO_NOT_UNIT_TELEMETRY
GEN:00032,OSM:node:13069053772,Grupo 2,hydro,BUS:OSM:way:648169311:400,108.04361283784463,-16.169726717332786,MERIT_ORDER_AND_REN_SOURCE_TOTALS,SOLVED_BUS_Q_ALLOCATED_BY_ASSET_NAMEPLATE,PUBLIC_TOTAL_CALIBRATED_SCENARIO_NOT_UNIT_TELEMETRY
GEN:00033,OSM:relation:16950359,Central Solar Fotovoltaica do Fundão,solar,BUS:OSM:way:1320416427:220,0.3537932396378537,-11.659318304571059,MERIT_ORDER_AND_REN_SOURCE_TOTALS,SOLVED_BUS_Q_ALLOCATED_BY_ASSET_NAMEPLATE,PUBLIC_TOTAL_CALIBRATED_SCENARIO_NOT_UNIT_TELEMETRY
GEN:00034,OSM:relation:20417325,Central Solar Fotovoltaica Douro Solar,solar,BUS:OSM:way:1497096638:220,0.3534016898074245,-0.6538778190145733,MERIT_ORDER_AND_REN_SOURCE_TOTALS,SOLVED_BUS_Q_ALLOCATED_BY_ASSET_NAMEPLATE,PUBLIC_TOTAL_CALIBRATED_SCENARIO_NOT_UNIT_TELEMETRY
GEN:00035,OSM:way:1194063099,Central de Energia da Navigator Pulp Figueira,biomass,BUS:OSM:way:144554435:400,67.20831397346848,63.15,MERIT_ORDER_AND_REN_SOURCE_TOTALS,SOLVED_BUS_Q_ALLOCATED_BY_ASSET_NAMEPLATE,PUBLIC_TOTAL_CALIBRATED_SCENARIO_NOT_UNIT_TELEMETRY
GEN:00038,OSM:node:13061006484,,hydro,BUS:OSM:relation:19651625:220,93.70449138097023,7.1831227439616825,MERIT_ORDER_AND_REN_SOURCE_TOTALS,SOLVED_BUS_Q_ALLOCATED_BY_ASSET_NAMEPLATE,PUBLIC_TOTAL_CALIBRATED_SCENARIO_NOT_UNIT_TELEMETRY
GEN:00041,OSM:relation:14047528,Parque Eólico das Terras Altas de Fafe,wind,BUS:OSM:way:151084399:150,89.92128988175278,19.351957112544675,MERIT_ORDER_AND_REN_SOURCE_TOTALS,SOLVED_BUS_Q_ALLOCATED_BY_ASSET_NAMEPLATE,PUBLIC_TOTAL_CALIBRATED_SCENARIO_NOT_UNIT_TELEMETRY
GEN:00042,OSM:way:1205267641,Central de Cogeração EUROPA&C Energia Viana,biomass;gas,BUS:OSM:way:151061928:150,55.182123191200965,51.85,MERIT_ORDER_AND_REN_SOURCE_TOTALS,SOLVED_BUS_Q_ALLOCATED_BY_ASSET_NAMEPLATE,PUBLIC_TOTAL_CALIBRATED_SCENARIO_NOT_UNIT_TELEMETRY
GEN:00043,OSM:node:12188389779,,hydro,BUS:OSM:way:151077578:150,105.34041937391859,-0.9190621252730947,MERIT_ORDER_AND_REN_SOURCE_TOTALS,SOLVED_BUS_Q_ALLOCATED_BY_ASSET_NAMEPLATE,PUBLIC_TOTAL_CALIBRATED_SCENARIO_NOT_UNIT_TELEMETRY
GEN:00044,OSM:node:12188389778,,hydro,BUS:OSM:way:151077578:150,105.34041937391859,-0.9190621252730947,MERIT_ORDER_AND_REN_SOURCE_TOTALS,SOLVED_BUS_Q_ALLOCATED_BY_ASSET_NAMEPLATE,PUBLIC_TOTAL_CALIBRATED_SCENARIO_NOT_UNIT_TELEMETRY
GEN:00045,OSM:relation:18156368,Central Solar Fotovoltaica do Cabeço Vermelho,solar,BUS:OSM:way:1323460918:220,0.2673725984931132,-1.5204754377672245,MERIT_ORDER_AND_REN_SOURCE_TOTALS,SOLVED_BUS_Q_ALLOCATED_BY_ASSET_NAMEPLATE,PUBLIC_TOTAL_CALIBRATED_SCENARIO_NOT_UNIT_TELEMETRY
GEN:00047,OSM:node:13124255909,,hydro,BUS:OSM:way:127205653:220,89.48505728258654,-17.898096513532796,MERIT_ORDER_AND_REN_SOURCE_TOTALS,SOLVED_BUS_Q_ALLOCATED_BY_ASSET_NAMEPLATE,PUBLIC_TOTAL_CALIBRATED_SCENARIO_NOT_UNIT_TELEMETRY
GEN:00048,OSM:way:920235419,Central de Cogeração da Refinaria de Sines,gas;oil,BUS:OSM:way:1251989051:150,1.9905994019220061,40.0,MERIT_ORDER_AND_REN_SOURCE_TOTALS,SOLVED_BUS_Q_ALLOCATED_BY_ASSET_NAMEPLATE,PUBLIC_TOTAL_CALIBRATED_SCENARIO_NOT_UNIT_TELEMETRY
GEN:00049,OSM:node:10695163804,,hydro,BUS:OSM:way:1421833203:400,86.87869639086071,-10.952868249391914,MERIT_ORDER_AND_REN_SOURCE_TOTALS,SOLVED_BUS_Q_ALLOCATED_BY_ASSET_NAMEPLATE,PUBLIC_TOTAL_CALIBRATED_SCENARIO_NOT_UNIT_TELEMETRY
GEN:00050,OSM:node:10695167705,,hydro,BUS:OSM:way:1421833203:400,86.87869639086071,-10.952868249391914,MERIT_ORDER_AND_REN_SOURCE_TOTALS,SOLVED_BUS_Q_ALLOCATED_BY_ASSET_NAMEPLATE,PUBLIC_TOTAL_CALIBRATED_SCENARIO_NOT_UNIT_TELEMETRY
GEN:00051,OSM:node:11377563073,,hydro,BUS:OSM:relation:17294958:220,86.33570453841783,-3.2506119091547028,MERIT_ORDER_AND_REN_SOURCE_TOTALS,SOLVED_BUS_Q_ALLOCATED_BY_ASSET_NAMEPLATE,PUBLIC_TOTAL_CALIBRATED_SCENARIO_NOT_UNIT_TELEMETRY
GEN:00052,OSM:node:11377563071,,hydro,BUS:OSM:relation:17294958:220,86.33570453841783,-3.2506119091547028,MERIT_ORDER_AND_REN_SOURCE_TOTALS,SOLVED_BUS_Q_ALLOCATED_BY_ASSET_NAMEPLATE,PUBLIC_TOTAL_CALIBRATED_SCENARIO_NOT_UNIT_TELEMETRY
GEN:00053,OSM:node:11377560268,,hydro,BUS:OSM:relation:17294958:220,86.33570453841783,-3.2506119091547028,MERIT_ORDER_AND_REN_SOURCE_TOTALS,SOLVED_BUS_Q_ALLOCATED_BY_ASSET_NAMEPLATE,PUBLIC_TOTAL_CALIBRATED_SCENARIO_NOT_UNIT_TELEMETRY
GEN:00054,OSM:node:13123291267,,hydro,BUS:EREDES:0117S5023700:60,79.92840067959185,10.322238864115727,MERIT_ORDER_AND_REN_SOURCE_TOTALS,SOLVED_BUS_Q_ALLOCATED_BY_ASSET_NAMEPLATE,PUBLIC_TOTAL_CALIBRATED_SCENARIO_NOT_UNIT_TELEMETRY
GEN:00055,OSM:node:12383407413,Grupo 2,hydro,BUS:OSM:way:151069425:150,79.92840067959185,6.606058264485268,MERIT_ORDER_AND_REN_SOURCE_TOTALS,SOLVED_BUS_Q_ALLOCATED_BY_ASSET_NAMEPLATE,PUBLIC_TOTAL_CALIBRATED_SCENARIO_NOT_UNIT_TELEMETRY
GEN:00056,OSM:node:13075884421,,hydro,BUS:OSM:way:1422828550:220,79.43970801239327,26.664664330323625,MERIT_ORDER_AND_REN_SOURCE_TOTALS,SOLVED_BUS_Q_ALLOCATED_BY_ASSET_NAMEPLATE,PUBLIC_TOTAL_CALIBRATED_SCENARIO_NOT_UNIT_TELEMETRY
GEN:00057,OSM:node:13075884439,,hydro,BUS:OSM:way:1422828550:220,79.43970801239327,26.664664330323625,MERIT_ORDER_AND_REN_SOURCE_TOTALS,SOLVED_BUS_Q_ALLOCATED_BY_ASSET_NAMEPLATE,PUBLIC_TOTAL_CALIBRATED_SCENARIO_NOT_UNIT_TELEMETRY
GEN:00059,OSM:relation:20311545,Central Fotovoltaica de Torre Bela,solar,BUS:OSM:way:1331154119:400,0.1901813462084906,33.86586418511658,MERIT_ORDER_AND_REN_SOURCE_TOTALS,SOLVED_BUS_Q_ALLOCATED_BY_ASSET_NAMEPLATE,PUBLIC_TOTAL_CALIBRATED_SCENARIO_NOT_UNIT_TELEMETRY
GEN:00060,OSM:node:7521776100,Grupo 1,hydro,BUS:OSM:way:151069425:150,73.52109682076588,6.076496528609412,MERIT_ORDER_AND_REN_SOURCE_TOTALS,SOLVED_BUS_Q_ALLOCATED_BY_ASSET_NAMEPLATE,PUBLIC_TOTAL_CALIBRATED_SCENARIO_NOT_UNIT_TELEMETRY
GEN:00061,OSM:way:1317983012,Central de Cogeração em Ciclo Combinado da Navigator Paper Figueira,gas,BUS:EREDES:0605P5020300:60,1.6671269991096804,9.703435777572412,MERIT_ORDER_AND_REN_SOURCE_TOTALS,SOLVED_BUS_Q_ALLOCATED_BY_ASSET_NAMEPLATE,PUBLIC_TOTAL_CALIBRATED_SCENARIO_NOT_UNIT_TELEMETRY
GEN:00062,OSM:relation:14019550,Parque Eólico de Malhanito,wind,BUS:OSM:way:201459319:150,56.58254750106519,20.187454819547323,MERIT_ORDER_AND_REN_SOURCE_TOTALS,SOLVED_BUS_Q_ALLOCATED_BY_ASSET_NAMEPLATE,PUBLIC_TOTAL_CALIBRATED_SCENARIO_NOT_UNIT_TELEMETRY
GEN:00063,OSM:way:1168302806,Central Fotovoltaica do Pinhal Novo,solar,BUS:EREDES:1508S5902400:60,0.17759581594469337,16.96166585216446,MERIT_ORDER_AND_REN_SOURCE_TOTALS,SOLVED_BUS_Q_ALLOCATED_BY_ASSET_NAMEPLATE,PUBLIC_TOTAL_CALIBRATED_SCENARIO_NOT_UNIT_TELEMETRY
GEN:00064,OSM:node:13121730237,,hydro,BUS:OSM:way:1258290321:220,68.85136688975712,4.973742398506068,MERIT_ORDER_AND_REN_SOURCE_TOTALS,SOLVED_BUS_Q_ALLOCATED_BY_ASSET_NAMEPLATE,PUBLIC_TOTAL_CALIBRATED_SCENARIO_NOT_UNIT_TELEMETRY
GEN:00065,OSM:node:13121730235,,hydro,BUS:OSM:way:1258290321:220,68.85136688975712,4.973742398506068,MERIT_ORDER_AND_REN_SOURCE_TOTALS,SOLVED_BUS_Q_ALLOCATED_BY_ASSET_NAMEPLATE,PUBLIC_TOTAL_CALIBRATED_SCENARIO_NOT_UNIT_TELEMETRY
GEN:00066,OSM:node:13605489936,,hydro,BUS:OSM:relation:15715982:220,67.87398155535992,-25.79613879758617,MERIT_ORDER_AND_REN_SOURCE_TOTALS,SOLVED_BUS_Q_ALLOCATED_BY_ASSET_NAMEPLATE,PUBLIC_TOTAL_CALIBRATED_SCENARIO_NOT_UNIT_TELEMETRY
GEN:00067,OSM:relation:14019318,Parque Eólico de Barão de São João,wind,BUS:EREDES:0803S5904000:60,52.93479706246578,-3.1320473656522236,MERIT_ORDER_AND_REN_SOURCE_TOTALS,SOLVED_BUS_Q_ALLOCATED_BY_ASSET_NAMEPLATE,PUBLIC_TOTAL_CALIBRATED_SCENARIO_NOT_UNIT_TELEMETRY
GEN:00068,OSM:node:13067373363,,hydro,BUS:OSM:relation:19585241:220,67.33098970291705,-2.1246976535766167,MERIT_ORDER_AND_REN_SOURCE_TOTALS,SOLVED_BUS_Q_ALLOCATED_BY_ASSET_NAMEPLATE,PUBLIC_TOTAL_CALIBRATED_SCENARIO_NOT_UNIT_TELEMETRY
GEN:00069,OSM:relation:8455227,Central Solar Fotovoltaica de Amareleja (Acciona),solar,BUS:EREDES:0210S5050700:60,0.17340063919009435,0.6591745991039603,MERIT_ORDER_AND_REN_SOURCE_TOTALS,SOLVED_BUS_Q_ALLOCATED_BY_ASSET_NAMEPLATE,PUBLIC_TOTAL_CALIBRATED_SCENARIO_NOT_UNIT_TELEMETRY
GEN:00070,OSM:relation:10608606,Central Solar Fotovoltaica Ourika!,solar,BUS:OSM:way:115732510:150,0.16780707018396218,27.84283714154184,MERIT_ORDER_AND_REN_SOURCE_TOTALS,SOLVED_BUS_Q_ALLOCATED_BY_ASSET_NAMEPLATE,PUBLIC_TOTAL_CALIBRATED_SCENARIO_NOT_UNIT_TELEMETRY
GEN:00071,OSM:relation:14027695,Parque Eólico da Lousã II,wind,BUS:EREDES:0609P5021200:60,50.898843329294024,-4.8083845436775885,MERIT_ORDER_AND_REN_SOURCE_TOTALS,SOLVED_BUS_Q_ALLOCATED_BY_ASSET_NAMEPLATE,PUBLIC_TOTAL_CALIBRATED_SCENARIO_NOT_UNIT_TELEMETRY
GEN:00072,OSM:node:13110511467,,hydro,BUS:OSM:way:144385776:220,63.89928119547805,-7.727076980529601,MERIT_ORDER_AND_REN_SOURCE_TOTALS,SOLVED_BUS_Q_ALLOCATED_BY_ASSET_NAMEPLATE,PUBLIC_TOTAL_CALIBRATED_SCENARIO_NOT_UNIT_TELEMETRY
GEN:00073,OSM:node:13094879206,,hydro,BUS:OSM:way:144396428:220,63.89928119547805,20.52800670942394,MERIT_ORDER_AND_REN_SOURCE_TOTALS,SOLVED_BUS_Q_ALLOCATED_BY_ASSET_NAMEPLATE,PUBLIC_TOTAL_CALIBRATED_SCENARIO_NOT_UNIT_TELEMETRY
GEN:00074,OSM:node:13110511468,,hydro,BUS:OSM:way:144385776:220,63.89928119547805,-7.727076980529601,MERIT_ORDER_AND_REN_SOURCE_TOTALS,SOLVED_BUS_Q_ALLOCATED_BY_ASSET_NAMEPLATE,PUBLIC_TOTAL_CALIBRATED_SCENARIO_NOT_UNIT_TELEMETRY
GEN:00075,OSM:node:13121926104,,hydro,BUS:OSM:way:127205641:220,62.552661401419705,-18.684027598489887,MERIT_ORDER_AND_REN_SOURCE_TOTALS,SOLVED_BUS_Q_ALLOCATED_BY_ASSET_NAMEPLATE,PUBLIC_TOTAL_CALIBRATED_SCENARIO_NOT_UNIT_TELEMETRY
GEN:00076,OSM:node:13121926105,,hydro,BUS:OSM:way:127205641:220,62.552661401419705,-18.684027598489887,MERIT_ORDER_AND_REN_SOURCE_TOTALS,SOLVED_BUS_Q_ALLOCATED_BY_ASSET_NAMEPLATE,PUBLIC_TOTAL_CALIBRATED_SCENARIO_NOT_UNIT_TELEMETRY
GEN:00077,OSM:node:13065357668,Grupo 1,hydro,BUS:OSM:way:1259166797:400,61.90107117848825,-6.898694577982072,MERIT_ORDER_AND_REN_SOURCE_TOTALS,SOLVED_BUS_Q_ALLOCATED_BY_ASSET_NAMEPLATE,PUBLIC_TOTAL_CALIBRATED_SCENARIO_NOT_UNIT_TELEMETRY
GEN:00078,OSM:node:13065357669,Grupo 2,hydro,BUS:OSM:way:1259166797:400,61.90107117848825,-6.898694577982072,MERIT_ORDER_AND_REN_SOURCE_TOTALS,SOLVED_BUS_Q_ALLOCATED_BY_ASSET_NAMEPLATE,PUBLIC_TOTAL_CALIBRATED_SCENARIO_NOT_UNIT_TELEMETRY
GEN:00079,OSM:node:3810714571,Grupo 4,hydro,BUS:OSM:way:1258323290:150,60.782507962455924,-11.320343177101652,MERIT_ORDER_AND_REN_SOURCE_TOTALS,SOLVED_BUS_Q_ALLOCATED_BY_ASSET_NAMEPLATE,PUBLIC_TOTAL_CALIBRATED_SCENARIO_NOT_UNIT_TELEMETRY
GEN:00081,OSM:node:13191303698,,biomass,BUS:EREDES:1512S5031200:60,28.681932883372532,5.5726087958456745,MERIT_ORDER_AND_REN_SOURCE_TOTALS,SOLVED_BUS_Q_ALLOCATED_BY_ASSET_NAMEPLATE,PUBLIC_TOTAL_CALIBRATED_SCENARIO_NOT_UNIT_TELEMETRY
GEN:00082,OSM:node:13780940994,,waste,BUS:EREDES:1107S5167800:60,13.54646580554896,25.3,MERIT_ORDER_AND_REN_SOURCE_TOTALS,SOLVED_BUS_Q_ALLOCATED_BY_ASSET_NAMEPLATE,PUBLIC_TOTAL_CALIBRATED_SCENARIO_NOT_UNIT_TELEMETRY
GEN:00083,OSM:relation:14037914,Sub-parque Eólico de Testos II,wind,BUS:EREDES:1805P5021600:60,42.924691207704626,-7.122299493072729,MERIT_ORDER_AND_REN_SOURCE_TOTALS,SOLVED_BUS_Q_ALLOCATED_BY_ASSET_NAMEPLATE,PUBLIC_TOTAL_CALIBRATED_SCENARIO_NOT_UNIT_TELEMETRY
GEN:00084,OSM:way:814287394,Central Solar da Herdade do Quintal,solar,BUS:OSM:way:115732510:150,0.13983922515330183,23.2023642846182,MERIT_ORDER_AND_REN_SOURCE_TOTALS,SOLVED_BUS_Q_ALLOCATED_BY_ASSET_NAMEPLATE,PUBLIC_TOTAL_CALIBRATED_SCENARIO_NOT_UNIT_TELEMETRY
GEN:00085,OSM:relation:14030181,Parque Eólico do Pisco,wind,BUS:EREDES:0913P5021500:60,42.4157027744117,-5.493091191376685,MERIT_ORDER_AND_REN_SOURCE_TOTALS,SOLVED_BUS_Q_ALLOCATED_BY_ASSET_NAMEPLATE,PUBLIC_TOTAL_CALIBRATED_SCENARIO_NOT_UNIT_TELEMETRY
GEN:00086,OSM:relation:20122744,Central Fotovoltaica de Famalicão - Gemunde,solar,BUS:EREDES:0312S5002700:60,0.13704244065023582,24.5,MERIT_ORDER_AND_REN_SOURCE_TOTALS,SOLVED_BUS_Q_ALLOCATED_BY_ASSET_NAMEPLATE,PUBLIC_TOTAL_CALIBRATED_SCENARIO_NOT_UNIT_TELEMETRY
GEN:00087,OSM:way:639544804,Central Fotovoltaica de Mogadouro,solar,BUS:EREDES:0408S5010300:60,0.13701447280520518,1.8225448162622124,MERIT_ORDER_AND_REN_SOURCE_TOTALS,SOLVED_BUS_Q_ALLOCATED_BY_ASSET_NAMEPLATE,PUBLIC_TOTAL_CALIBRATED_SCENARIO_NOT_UNIT_TELEMETRY
GEN:00088,OSM:way:1051929577,Central Fotovoltaica de Morgado do Arge - Cotovio,solar,BUS:OSM:way:163194137:150,0.13681869788999054,24.46,MERIT_ORDER_AND_REN_SOURCE_TOTALS,SOLVED_BUS_Q_ALLOCATED_BY_ASSET_NAMEPLATE,PUBLIC_TOTAL_CALIBRATED_SCENARIO_NOT_UNIT_TELEMETRY
GEN:00089,OSM:way:1153909687,Central Fotovoltaica de São Marcos,solar,BUS:OSM:way:1154057619:150,0.13676276219992922,-0.5428107077813263,MERIT_ORDER_AND_REN_SOURCE_TOTALS,SOLVED_BUS_Q_ALLOCATED_BY_ASSET_NAMEPLATE,PUBLIC_TOTAL_CALIBRATED_SCENARIO_NOT_UNIT_TELEMETRY
GEN:00090,OSM:way:1059903010,Central Solar de Ínsua,solar,BUS:EREDES:0213P5906100:60,0.13564404839870278,4.750385636602015,MERIT_ORDER_AND_REN_SOURCE_TOTALS,SOLVED_BUS_Q_ALLOCATED_BY_ASSET_NAMEPLATE,PUBLIC_TOTAL_CALIBRATED_SCENARIO_NOT_UNIT_TELEMETRY
GEN:00091,OSM:way:1250420253,Central Solar Fotovoltaica de Barcos,solar,BUS:OSM:way:144545398:220,0.13424565614716974,24.0,MERIT_ORDER_AND_REN_SOURCE_TOTALS,SOLVED_BUS_Q_ALLOCATED_BY_ASSET_NAMEPLATE,PUBLIC_TOTAL_CALIBRATED_SCENARIO_NOT_UNIT_TELEMETRY
GEN:00092,OSM:way:1467271556,Parque Solar Fotovoltaico Pracana/Padrão,solar,BUS:EREDES:1413S5632800:60,0.13424565614716974,-7.929770739663327,MERIT_ORDER_AND_REN_SOURCE_TOTALS,SOLVED_BUS_Q_ALLOCATED_BY_ASSET_NAMEPLATE,PUBLIC_TOTAL_CALIBRATED_SCENARIO_NOT_UNIT_TELEMETRY
GEN:00093,OSM:relation:17266158,Central Solar de Tábua,solar,BUS:OSM:way:144584585:220,0.13424565614716974,19.49227024465101,MERIT_ORDER_AND_REN_SOURCE_TOTALS,SOLVED_BUS_Q_ALLOCATED_BY_ASSET_NAMEPLATE,PUBLIC_TOTAL_CALIBRATED_SCENARIO_NOT_UNIT_TELEMETRY
GEN:00094,OSM:way:1153912009,Central Fotovoltaica do Viçoso,solar,BUS:OSM:way:1154057619:150,0.1342176883021391,-0.5327093224217966,MERIT_ORDER_AND_REN_SOURCE_TOTALS,SOLVED_BUS_Q_ALLOCATED_BY_ASSET_NAMEPLATE,PUBLIC_TOTAL_CALIBRATED_SCENARIO_NOT_UNIT_TELEMETRY
GEN:00095,OSM:node:13117132041,,hydro,BUS:EREDES:1013S5011300:60,51.041234129630666,-17.18996323785952,MERIT_ORDER_AND_REN_SOURCE_TOTALS,SOLVED_BUS_Q_ALLOCATED_BY_ASSET_NAMEPLATE,PUBLIC_TOTAL_CALIBRATED_SCENARIO_NOT_UNIT_TELEMETRY
GEN:00096,OSM:relation:20450966,Central Fotovoltaica de Cabeço Santo,solar,BUS:EREDES:0101P5025000:60,0.13144887164410377,11.61432181930523,MERIT_ORDER_AND_REN_SOURCE_TOTALS,SOLVED_BUS_Q_ALLOCATED_BY_ASSET_NAMEPLATE,PUBLIC_TOTAL_CALIBRATED_SCENARIO_NOT_UNIT_TELEMETRY
GEN:00097,OSM:node:13117132040,,hydro,BUS:EREDES:1013S5011300:60,51.041234129630666,-17.18996323785952,MERIT_ORDER_AND_REN_SOURCE_TOTALS,SOLVED_BUS_Q_ALLOCATED_BY_ASSET_NAMEPLATE,PUBLIC_TOTAL_CALIBRATED_SCENARIO_NOT_UNIT_TELEMETRY
GEN:00098,OSM:relation:14048692,Parque Eólico de Penacova,wind,BUS:EREDES:0613P5020800:60,39.70109779684934,-9.028297650410341,MERIT_ORDER_AND_REN_SOURCE_TOTALS,SOLVED_BUS_Q_ALLOCATED_BY_ASSET_NAMEPLATE,PUBLIC_TOTAL_CALIBRATED_SCENARIO_NOT_UNIT_TELEMETRY
GEN:00099,OSM:relation:12671170,Parque Fotovoltaico de Nisa,solar,BUS:OSM:way:144599061:150,0.1289653270053811,0.005537391840629624,MERIT_ORDER_AND_REN_SOURCE_TOTALS,SOLVED_BUS_Q_ALLOCATED_BY_ASSET_NAMEPLATE,PUBLIC_TOTAL_CALIBRATED_SCENARIO_NOT_UNIT_TELEMETRY
GEN:00100,OSM:node:13104360710,,hydro,BUS:OSM:way:1258306512:220,49.95525042474491,23.0,MERIT_ORDER_AND_REN_SOURCE_TOTALS,SOLVED_BUS_Q_ALLOCATED_BY_ASSET_NAMEPLATE,PUBLIC_TOTAL_CALIBRATED_SCENARIO_NOT_UNIT_TELEMETRY
GEN:00101,OSM:relation:18845489,Central Solar Fotovoltaica da Mina - Tó,solar,BUS:EREDES:0408S5010300:60,0.12865208714103765,1.711309686631185,MERIT_ORDER_AND_REN_SOURCE_TOTALS,SOLVED_BUS_Q_ALLOCATED_BY_ASSET_NAMEPLATE,PUBLIC_TOTAL_CALIBRATED_SCENARIO_NOT_UNIT_TELEMETRY
GEN:00102,OSM:node:12197796414,,biomass,BUS:EREDES:0605P5020300:60,24.371660965834174,6.633094904668902,MERIT_ORDER_AND_REN_SOURCE_TOTALS,SOLVED_BUS_Q_ALLOCATED_BY_ASSET_NAMEPLATE,PUBLIC_TOTAL_CALIBRATED_SCENARIO_NOT_UNIT_TELEMETRY
GEN:00103,OSM:node:13110410991,,hydro,BUS:EREDES:1413S5632800:60,49.52085694279061,-7.5332822026801605,MERIT_ORDER_AND_REN_SOURCE_TOTALS,SOLVED_BUS_Q_ALLOCATED_BY_ASSET_NAMEPLATE,PUBLIC_TOTAL_CALIBRATED_SCENARIO_NOT_UNIT_TELEMETRY
GEN:00104,OSM:way:1317960719,Central de Cogeração da Portucel,gas,BUS:EREDES:1512S5031200:60,1.0948296710571037,4.54906840477198,MERIT_ORDER_AND_REN_SOURCE_TOTALS,SOLVED_BUS_Q_ALLOCATED_BY_ASSET_NAMEPLATE,PUBLIC_TOTAL_CALIBRATED_SCENARIO_NOT_UNIT_TELEMETRY
GEN:00105,OSM:way:1156162633,Central Solar de Morgavel,solar,BUS:EREDES:1513P5907500:60,0.12305851813490559,20.95793340604306,MERIT_ORDER_AND_REN_SOURCE_TOTALS,SOLVED_BUS_Q_ALLOCATED_BY_ASSET_NAMEPLATE,PUBLIC_TOTAL_CALIBRATED_SCENARIO_NOT_UNIT_TELEMETRY
GEN:00106,OSM:relation:14037963,Sub-parque Eólico da Serra da Nave,wind,BUS:OSM:way:542145772:400,37.07132422483582,0.5448910756574454,MERIT_ORDER_AND_REN_SOURCE_TOTALS,SOLVED_BUS_Q_ALLOCATED_BY_ASSET_NAMEPLATE,PUBLIC_TOTAL_CALIBRATED_SCENARIO_NOT_UNIT_TELEMETRY
GEN:00107,OSM:relation:14029476,Parque Eólico da Serra do Alvão,wind,BUS:EREDES:1713S5014700:60,35.629190330505814,3.19643884836481,MERIT_ORDER_AND_REN_SOURCE_TOTALS,SOLVED_BUS_Q_ALLOCATED_BY_ASSET_NAMEPLATE,PUBLIC_TOTAL_CALIBRATED_SCENARIO_NOT_UNIT_TELEMETRY
GEN:00108,OSM:relation:14049081,Parque Eólico de Coentral / Safra,wind,BUS:EREDES:0607S5003400:60,35.45952751940817,12.582367402247016,MERIT_ORDER_AND_REN_SOURCE_TOTALS,SOLVED_BUS_Q_ALLOCATED_BY_ASSET_NAMEPLATE,PUBLIC_TOTAL_CALIBRATED_SCENARIO_NOT_UNIT_TELEMETRY
GEN:00109,OSM:node:13125264236,,hydro,BUS:EREDES:0907S5007100:60,44.959725382270406,1.414461678145501,MERIT_ORDER_AND_REN_SOURCE_TOTALS,SOLVED_BUS_Q_ALLOCATED_BY_ASSET_NAMEPLATE,PUBLIC_TOTAL_CALIBRATED_SCENARIO_NOT_UNIT_TELEMETRY
GEN:00110,OSM:way:665651933,Central Solar Fotovoltaica da Quinta do Anjo,solar,BUS:OSM:way:163226990:150,0.11332570806423582,20.26,MERIT_ORDER_AND_REN_SOURCE_TOTALS,SOLVED_BUS_Q_ALLOCATED_BY_ASSET_NAMEPLATE,PUBLIC_TOTAL_CALIBRATED_SCENARIO_NOT_UNIT_TELEMETRY
GEN:00111,OSM:relation:19255920,Central Solar Fotovoltaica de Valpaços,solar,BUS:EREDES:1712S5015100:60,0.11187138012264146,2.352255901602768,MERIT_ORDER_AND_REN_SOURCE_TOTALS,SOLVED_BUS_Q_ALLOCATED_BY_ASSET_NAMEPLATE,PUBLIC_TOTAL_CALIBRATED_SCENARIO_NOT_UNIT_TELEMETRY
GEN:00112,OSM:node:12197591094,,gas,BUS:EREDES:1512S5031200:60,0.9952997009610031,4.13551673161089,MERIT_ORDER_AND_REN_SOURCE_TOTALS,SOLVED_BUS_Q_ALLOCATED_BY_ASSET_NAMEPLATE,PUBLIC_TOTAL_CALIBRATED_SCENARIO_NOT_UNIT_TELEMETRY
GEN:00113,OSM:relation:14030558,Parque Eólico de Prados,wind,BUS:EREDES:0907S5007100:60,33.16907956958995,1.3358804738040844,MERIT_ORDER_AND_REN_SOURCE_TOTALS,SOLVED_BUS_Q_ALLOCATED_BY_ASSET_NAMEPLATE,PUBLIC_TOTAL_CALIBRATED_SCENARIO_NOT_UNIT_TELEMETRY
GEN:00114,OSM:node:13109295615,,hydro,BUS:OSM:relation:19645523:220,42.35336449054459,11.757668778273437,MERIT_ORDER_AND_REN_SOURCE_TOTALS,SOLVED_BUS_Q_ALLOCATED_BY_ASSET_NAMEPLATE,PUBLIC_TOTAL_CALIBRATED_SCENARIO_NOT_UNIT_TELEMETRY
GEN:00115,OSM:relation:14047379,Parque Eólico de Nave,wind,BUS:OSM:way:542145772:400,32.23593410855288,0.4738183266586482,MERIT_ORDER_AND_REN_SOURCE_TOTALS,SOLVED_BUS_Q_ALLOCATED_BY_ASSET_NAMEPLATE,PUBLIC_TOTAL_CALIBRATED_SCENARIO_NOT_UNIT_TELEMETRY
GEN:00116,OSM:relation:14047417,Parque Eólico de Mourisca,wind,BUS:OSM:way:542145772:400,32.23593410855288,0.4738183266586482,MERIT_ORDER_AND_REN_SOURCE_TOTALS,SOLVED_BUS_Q_ALLOCATED_BY_ASSET_NAMEPLATE,PUBLIC_TOTAL_CALIBRATED_SCENARIO_NOT_UNIT_TELEMETRY
GEN:00117,OSM:node:12383237819,,hydro,BUS:OSM:way:151077580:150,39.90990115455164,-2.5681810488330883,MERIT_ORDER_AND_REN_SOURCE_TOTALS,SOLVED_BUS_Q_ALLOCATED_BY_ASSET_NAMEPLATE,PUBLIC_TOTAL_CALIBRATED_SCENARIO_NOT_UNIT_TELEMETRY
GEN:00118,OSM:way:1317943201,Central de Biomassa de Vila Velha do Rodão,biomass,BUS:OSM:way:362486619:150,19.257869221692985,-5.208277722275473,MERIT_ORDER_AND_REN_SOURCE_TOTALS,SOLVED_BUS_Q_ALLOCATED_BY_ASSET_NAMEPLATE,PUBLIC_TOTAL_CALIBRATED_SCENARIO_NOT_UNIT_TELEMETRY
GEN:00119,OSM:node:13125173402,Grupo 6,hydro,BUS:EREDES:1413S5585200:60,38.33956871728683,0.6563022524381895,MERIT_ORDER_AND_REN_SOURCE_TOTALS,SOLVED_BUS_Q_ALLOCATED_BY_ASSET_NAMEPLATE,PUBLIC_TOTAL_CALIBRATED_SCENARIO_NOT_UNIT_TELEMETRY
GEN:00120,OSM:node:13190499607,,gas,BUS:OSM:way:163214309:150,0.8708872383408777,17.5,MERIT_ORDER_AND_REN_SOURCE_TOTALS,SOLVED_BUS_Q_ALLOCATED_BY_ASSET_NAMEPLATE,PUBLIC_TOTAL_CALIBRATED_SCENARIO_NOT_UNIT_TELEMETRY
GEN:00121,OSM:relation:20084231,Central Solar Fotovoltaica Albispark,solar,BUS:OSM:way:144552378:150,0.09620938690547166,6.817340206212933,MERIT_ORDER_AND_REN_SOURCE_TOTALS,SOLVED_BUS_Q_ALLOCATED_BY_ASSET_NAMEPLATE,PUBLIC_TOTAL_CALIBRATED_SCENARIO_NOT_UNIT_TELEMETRY
GEN:00122,OSM:relation:14053346,Parque Eólico de Lagoa de Dom João e Feirão,wind,BUS:EREDES:1805P5021600:60,28.84267788659995,-4.785734837242544,MERIT_ORDER_AND_REN_SOURCE_TOTALS,SOLVED_BUS_Q_ALLOCATED_BY_ASSET_NAMEPLATE,PUBLIC_TOTAL_CALIBRATED_SCENARIO_NOT_UNIT_TELEMETRY
GEN:00123,OSM:relation:14053211,Parque Eólico do Cabeço da Rainha II,wind,BUS:EREDES:0506S5011200:60,28.84267788659995,-5.144541454567744,MERIT_ORDER_AND_REN_SOURCE_TOTALS,SOLVED_BUS_Q_ALLOCATED_BY_ASSET_NAMEPLATE,PUBLIC_TOTAL_CALIBRATED_SCENARIO_NOT_UNIT_TELEMETRY
GEN:00124,OSM:node:13190848962,,gas,BUS:EREDES:1609P5024200:60,0.8211222532928276,16.5,MERIT_ORDER_AND_REN_SOURCE_TOTALS,SOLVED_BUS_Q_ALLOCATED_BY_ASSET_NAMEPLATE,PUBLIC_TOTAL_CALIBRATED_SCENARIO_NOT_UNIT_TELEMETRY
GEN:00125,OSM:relation:14041477,Parque Eólico da Tocha II,wind,BUS:EREDES:0602S5004300:60,27.90953242556289,8.894696597894676,MERIT_ORDER_AND_REN_SOURCE_TOTALS,SOLVED_BUS_Q_ALLOCATED_BY_ASSET_NAMEPLATE,PUBLIC_TOTAL_CALIBRATED_SCENARIO_NOT_UNIT_TELEMETRY
GEN:00126,OSM:way:1030150426,Central Fotovoltaica Alcochete I,solar,BUS:OSM:way:813954335:400,0.09198624230584199,16.445,MERIT_ORDER_AND_REN_SOURCE_TOTALS,SOLVED_BUS_Q_ALLOCATED_BY_ASSET_NAMEPLATE,PUBLIC_TOTAL_CALIBRATED_SCENARIO_NOT_UNIT_TELEMETRY
GEN:00127,OSM:node:13135214708,,hydro,BUS:OSM:way:144396432:150,35.457367964520024,2.5690274751679105,MERIT_ORDER_AND_REN_SOURCE_TOTALS,SOLVED_BUS_Q_ALLOCATED_BY_ASSET_NAMEPLATE,PUBLIC_TOTAL_CALIBRATED_SCENARIO_NOT_UNIT_TELEMETRY
GEN:00128,OSM:relation:14038024,Sub-parque Eólico de Armamar,wind,BUS:OSM:way:1497096638:220,27.485375397818775,-0.16766097923450596,MERIT_ORDER_AND_REN_SOURCE_TOTALS,SOLVED_BUS_Q_ALLOCATED_BY_ASSET_NAMEPLATE,PUBLIC_TOTAL_CALIBRATED_SCENARIO_NOT_UNIT_TELEMETRY
GEN:00129,OSM:relation:14048700,Parque Eólico do Alto do Monção,wind,BUS:EREDES:1808S5009500:60,27.14604977562348,1.6610091291437534,MERIT_ORDER_AND_REN_SOURCE_TOTALS,SOLVED_BUS_Q_ALLOCATED_BY_ASSET_NAMEPLATE,PUBLIC_TOTAL_CALIBRATED_SCENARIO_NOT_UNIT_TELEMETRY
GEN:00130,OSM:relation:14047058,Parque Eólico da Serra do Ralo,wind,BUS:OSM:way:144432478:220,27.14604977562348,0.488692215102603,MERIT_ORDER_AND_REN_SOURCE_TOTALS,SOLVED_BUS_Q_ALLOCATED_BY_ASSET_NAMEPLATE,PUBLIC_TOTAL_CALIBRATED_SCENARIO_NOT_UNIT_TELEMETRY
GEN:00131,OSM:node:13125270856,,hydro,BUS:OSM:way:1427738452:150,33.665494851458526,15.5,MERIT_ORDER_AND_REN_SOURCE_TOTALS,SOLVED_BUS_Q_ALLOCATED_BY_ASSET_NAMEPLATE,PUBLIC_TOTAL_CALIBRATED_SCENARIO_NOT_UNIT_TELEMETRY
GEN:00132,OSM:relation:14019570,Parque Eólico da Serra do Mú,wind,BUS:EREDES:0808P5904200:60,26.043241503488776,-9.205496729701892,MERIT_ORDER_AND_REN_SOURCE_TOTALS,SOLVED_BUS_Q_ALLOCATED_BY_ASSET_NAMEPLATE,PUBLIC_TOTAL_CALIBRATED_SCENARIO_NOT_UNIT_TELEMETRY
GEN:00134,OSM:way:940470714,Parque Solar do Mexeeiro,solar,BUS:EREDES:1415P5906300:60,0.08390353509198109,15.0,MERIT_ORDER_AND_REN_SOURCE_TOTALS,SOLVED_BUS_Q_ALLOCATED_BY_ASSET_NAMEPLATE,PUBLIC_TOTAL_CALIBRATED_SCENARIO_NOT_UNIT_TELEMETRY
GEN:00135,OSM:relation:14048818,Parque Eólico de Vila Nova,wind,BUS:EREDES:0609P5021200:60,25.449421664647012,-2.4041922718387942,MERIT_ORDER_AND_REN_SOURCE_TOTALS,SOLVED_BUS_Q_ALLOCATED_BY_ASSET_NAMEPLATE,PUBLIC_TOTAL_CALIBRATED_SCENARIO_NOT_UNIT_TELEMETRY
GEN:00136,OSM:node:13125728121,Grupo 3,hydro,BUS:OSM:way:1258323290:150,31.59560990994627,-5.884474975783375,MERIT_ORDER_AND_REN_SOURCE_TOTALS,SOLVED_BUS_Q_ALLOCATED_BY_ASSET_NAMEPLATE,PUBLIC_TOTAL_CALIBRATED_SCENARIO_NOT_UNIT_TELEMETRY
GEN:00137,OSM:node:13125728123,Grupo 1,hydro,BUS:OSM:way:1258323290:150,31.59560990994627,-5.884474975783375,MERIT_ORDER_AND_REN_SOURCE_TOTALS,SOLVED_BUS_Q_ALLOCATED_BY_ASSET_NAMEPLATE,PUBLIC_TOTAL_CALIBRATED_SCENARIO_NOT_UNIT_TELEMETRY
GEN:00138,OSM:node:13125728122,Grupo 2,hydro,BUS:OSM:way:1258323290:150,31.59560990994627,-5.884474975783375,MERIT_ORDER_AND_REN_SOURCE_TOTALS,SOLVED_BUS_Q_ALLOCATED_BY_ASSET_NAMEPLATE,PUBLIC_TOTAL_CALIBRATED_SCENARIO_NOT_UNIT_TELEMETRY
GEN:00139,OSM:relation:14049918,Parque Eólico da Vigia,wind,BUS:EREDES:1805P5021600:60,24.431444798061136,-4.053798920958391,MERIT_ORDER_AND_REN_SOURCE_TOTALS,SOLVED_BUS_Q_ALLOCATED_BY_ASSET_NAMEPLATE,PUBLIC_TOTAL_CALIBRATED_SCENARIO_NOT_UNIT_TELEMETRY
GEN:00140,OSM:way:697874729,Central Fotovoltaica de Vale de Moura,solar,BUS:EREDES:0705P5906800:60,0.08054739368830188,9.435924920593344,MERIT_ORDER_AND_REN_SOURCE_TOTALS,SOLVED_BUS_Q_ALLOCATED_BY_ASSET_NAMEPLATE,PUBLIC_TOTAL_CALIBRATED_SCENARIO_NOT_UNIT_TELEMETRY
GEN:00141,OSM:relation:14048817,Parque Eólico de Vila Nova II,wind,BUS:EREDES:0609P5021200:60,24.261781986963488,-2.2919966324863172,MERIT_ORDER_AND_REN_SOURCE_TOTALS,SOLVED_BUS_Q_ALLOCATED_BY_ASSET_NAMEPLATE,PUBLIC_TOTAL_CALIBRATED_SCENARIO_NOT_UNIT_TELEMETRY
GEN:00142,OSM:way:1153909690,Central Fotovoltaica de Albercas,solar,BUS:OSM:way:1154057619:150,0.07942867988707544,-0.31525202660510565,MERIT_ORDER_AND_REN_SOURCE_TOTALS,SOLVED_BUS_Q_ALLOCATED_BY_ASSET_NAMEPLATE,PUBLIC_TOTAL_CALIBRATED_SCENARIO_NOT_UNIT_TELEMETRY
GEN:00143,OSM:way:1530731151,Central Fotovoltaica do Muro,solar,BUS:EREDES:1318S5020300:60,0.07934477635198348,14.185,MERIT_ORDER_AND_REN_SOURCE_TOTALS,SOLVED_BUS_Q_ALLOCATED_BY_ASSET_NAMEPLATE,PUBLIC_TOTAL_CALIBRATED_SCENARIO_NOT_UNIT_TELEMETRY
GEN:00144,OSM:node:13781468655,,biomass,BUS:EREDES:0105P5023800:60,15.059345094609325,14.15,MERIT_ORDER_AND_REN_SOURCE_TOTALS,SOLVED_BUS_Q_ALLOCATED_BY_ASSET_NAMEPLATE,PUBLIC_TOTAL_CALIBRATED_SCENARIO_NOT_UNIT_TELEMETRY
GEN:00145,OSM:relation:14037913,Parque Eólico de Testos,wind,BUS:EREDES:1805P5021600:60,23.752793553670546,-3.9411933953762133,MERIT_ORDER_AND_REN_SOURCE_TOTALS,SOLVED_BUS_Q_ALLOCATED_BY_ASSET_NAMEPLATE,PUBLIC_TOTAL_CALIBRATED_SCENARIO_NOT_UNIT_TELEMETRY
GEN:00146,OSM:relation:14041183,Parque Eólico de Vale de Galegos,wind,BUS:EREDES:1113P5902200:60,23.583130742572898,13.9,MERIT_ORDER_AND_REN_SOURCE_TOTALS,SOLVED_BUS_Q_ALLOCATED_BY_ASSET_NAMEPLATE,PUBLIC_TOTAL_CALIBRATED_SCENARIO_NOT_UNIT_TELEMETRY
GEN:00147,OSM:way:1029877553,Central Solar Fotovoltaica de Algeruz II,solar,BUS:EREDES:1512P5032500:60,0.07649205615885606,13.675,MERIT_ORDER_AND_REN_SOURCE_TOTALS,SOLVED_BUS_Q_ALLOCATED_BY_ASSET_NAMEPLATE,PUBLIC_TOTAL_CALIBRATED_SCENARIO_NOT_UNIT_TELEMETRY
GEN:00148,OSM:way:281543325,Central de Valorização Energética da Lipor,waste,BUS:EREDES:1308P5026000:60,7.094492961404101,13.25,MERIT_ORDER_AND_REN_SOURCE_TOTALS,SOLVED_BUS_Q_ALLOCATED_BY_ASSET_NAMEPLATE,PUBLIC_TOTAL_CALIBRATED_SCENARIO_NOT_UNIT_TELEMETRY
GEN:00149,OSM:node:13570976902,,biomass,BUS:OSM:way:694016335:400,13.585338525278308,8.908472308186669,MERIT_ORDER_AND_REN_SOURCE_TOTALS,SOLVED_BUS_Q_ALLOCATED_BY_ASSET_NAMEPLATE,PUBLIC_TOTAL_CALIBRATED_SCENARIO_NOT_UNIT_TELEMETRY
GEN:00150,OSM:relation:14046998,Parque Eólico da Lomba do Vale,wind,BUS:OSM:way:753364578:400,21.462345603852313,7.254505215042636,MERIT_ORDER_AND_REN_SOURCE_TOTALS,SOLVED_BUS_Q_ALLOCATED_BY_ASSET_NAMEPLATE,PUBLIC_TOTAL_CALIBRATED_SCENARIO_NOT_UNIT_TELEMETRY
GEN:00151,OSM:relation:20395405,Central Fotovoltaica do Alcaide,solar,BUS:EREDES:1207S5767100:60,0.06991961257665086,11.459438629455343,MERIT_ORDER_AND_REN_SOURCE_TOTALS,SOLVED_BUS_Q_ALLOCATED_BY_ASSET_NAMEPLATE,PUBLIC_TOTAL_CALIBRATED_SCENARIO_NOT_UNIT_TELEMETRY
GEN:00152,OSM:node:13131941212,Grupo 3,hydro,BUS:EREDES:1413S5632800:60,27.149592622143967,-4.130088926907983,MERIT_ORDER_AND_REN_SOURCE_TOTALS,SOLVED_BUS_Q_ALLOCATED_BY_ASSET_NAMEPLATE,PUBLIC_TOTAL_CALIBRATED_SCENARIO_NOT_UNIT_TELEMETRY
GEN:00153,OSM:relation:12408800,Parque Fotovoltaico da Herdade da Barba Rala / Casinha,solar,BUS:EREDES:0705P5906700:60,0.06991961257665086,10.548565233780032,MERIT_ORDER_AND_REN_SOURCE_TOTALS,SOLVED_BUS_Q_ALLOCATED_BY_ASSET_NAMEPLATE,PUBLIC_TOTAL_CALIBRATED_SCENARIO_NOT_UNIT_TELEMETRY
GEN:00154,OSM:way:1153245565,Central Fotovoltaica de Montechoro II,solar,BUS:EREDES:0801P5906200:60,0.06963993412634424,12.45,MERIT_ORDER_AND_REN_SOURCE_TOTALS,SOLVED_BUS_Q_ALLOCATED_BY_ASSET_NAMEPLATE,PUBLIC_TOTAL_CALIBRATED_SCENARIO_NOT_UNIT_TELEMETRY
GEN:00155,OSM:way:1318204651,Unidade de Produção para Autoconsumo da Almina,solar,BUS:EREDES:0201S5050500:60,0.06824154187481131,9.892865653419296,MERIT_ORDER_AND_REN_SOURCE_TOTALS,SOLVED_BUS_Q_ALLOCATED_BY_ASSET_NAMEPLATE,PUBLIC_TOTAL_CALIBRATED_SCENARIO_NOT_UNIT_TELEMETRY
GEN:00156,OSM:relation:13997595,Parque Eólico do Açor,wind,BUS:OSM:way:144586949:220,20.61403154836408,-3.2003756615859955,MERIT_ORDER_AND_REN_SOURCE_TOTALS,SOLVED_BUS_Q_ALLOCATED_BY_ASSET_NAMEPLATE,PUBLIC_TOTAL_CALIBRATED_SCENARIO_NOT_UNIT_TELEMETRY
GEN:00158,OSM:way:939544192,Central Solar de Tendeiros,solar,BUS:EREDES:1212S5666200:60,0.06712282807358487,12.0,MERIT_ORDER_AND_REN_SOURCE_TOTALS,SOLVED_BUS_Q_ALLOCATED_BY_ASSET_NAMEPLATE,PUBLIC_TOTAL_CALIBRATED_SCENARIO_NOT_UNIT_TELEMETRY
GEN:00159,OSM:way:1288016161,Hyperion Renewables Abrantes,solar,BUS:OSM:way:144573746:400,0.06712282807358487,-12.0,MERIT_ORDER_AND_REN_SOURCE_TOTALS,SOLVED_BUS_Q_ALLOCATED_BY_ASSET_NAMEPLATE,PUBLIC_TOTAL_CALIBRATED_SCENARIO_NOT_UNIT_TELEMETRY
GEN:00160,OSM:relation:18079166,Central Fotovoltaica de Glória,solar,BUS:EREDES:1415P5907100:60,0.06712282807358487,12.0,MERIT_ORDER_AND_REN_SOURCE_TOTALS,SOLVED_BUS_Q_ALLOCATED_BY_ASSET_NAMEPLATE,PUBLIC_TOTAL_CALIBRATED_SCENARIO_NOT_UNIT_TELEMETRY
GEN:00161,OSM:way:1233650620,Central Fotovoltaica da Esteveira,solar,BUS:EREDES:0703S5040900:60,0.06712282807358487,4.986303368326855,MERIT_ORDER_AND_REN_SOURCE_TOTALS,SOLVED_BUS_Q_ALLOCATED_BY_ASSET_NAMEPLATE,PUBLIC_TOTAL_CALIBRATED_SCENARIO_NOT_UNIT_TELEMETRY
GEN:00162,OSM:way:1104522543,Central Solar Mendo Marco,solar,BUS:EREDES:0702S5040700:60,0.06516507892143862,2.7674627620665686,MERIT_ORDER_AND_REN_SOURCE_TOTALS,SOLVED_BUS_Q_ALLOCATED_BY_ASSET_NAMEPLATE,PUBLIC_TOTAL_CALIBRATED_SCENARIO_NOT_UNIT_TELEMETRY
GEN:00163,OSM:way:252114919,Central Hidroelétrica de Vila Cova,hydro,BUS:EREDES:0912S5008300:60,24.869026841883876,11.45,MERIT_ORDER_AND_REN_SOURCE_TOTALS,SOLVED_BUS_Q_ALLOCATED_BY_ASSET_NAMEPLATE,PUBLIC_TOTAL_CALIBRATED_SCENARIO_NOT_UNIT_TELEMETRY
GEN:00164,OSM:relation:14050010,Parque Eólico do Alvão,wind,BUS:EREDES:1713S5014700:60,19.341560465131728,1.735209660540897,MERIT_ORDER_AND_REN_SOURCE_TOTALS,SOLVED_BUS_Q_ALLOCATED_BY_ASSET_NAMEPLATE,PUBLIC_TOTAL_CALIBRATED_SCENARIO_NOT_UNIT_TELEMETRY
GEN:00165,OSM:relation:14049097,Parque Eólico de Picos / Vale do Chão,wind,BUS:EREDES:0606P5020600:60,19.17189765403408,-11.3,MERIT_ORDER_AND_REN_SOURCE_TOTALS,SOLVED_BUS_Q_ALLOCATED_BY_ASSET_NAMEPLATE,PUBLIC_TOTAL_CALIBRATED_SCENARIO_NOT_UNIT_TELEMETRY
GEN:00166,OSM:way:252112757,Central Hidroelétrica de Sabugueiro I & II,hydro,BUS:EREDES:0912S5009000:60,24.434633359929578,-4.007422385278255,MERIT_ORDER_AND_REN_SOURCE_TOTALS,SOLVED_BUS_Q_ALLOCATED_BY_ASSET_NAMEPLATE,PUBLIC_TOTAL_CALIBRATED_SCENARIO_NOT_UNIT_TELEMETRY
GEN:00167,OSM:node:13135095919,,hydro,BUS:EREDES:1606S5011500:60,24.108838248463847,11.1,MERIT_ORDER_AND_REN_SOURCE_TOTALS,SOLVED_BUS_Q_ALLOCATED_BY_ASSET_NAMEPLATE,PUBLIC_TOTAL_CALIBRATED_SCENARIO_NOT_UNIT_TELEMETRY
GEN:00168,OSM:way:1104937557,Central Solar Fotovoltaica de Triana,solar,BUS:EREDES:1101S5901600:60,0.061529259067452796,11.0,MERIT_ORDER_AND_REN_SOURCE_TOTALS,SOLVED_BUS_Q_ALLOCATED_BY_ASSET_NAMEPLATE,PUBLIC_TOTAL_CALIBRATED_SCENARIO_NOT_UNIT_TELEMETRY
GEN:00169,OSM:relation:14052797,Parque Eólico de Negrelo / Guilhado,wind,BUS:OSM:way:754137798:220,18.662909220741145,-1.5699931343780502,MERIT_ORDER_AND_REN_SOURCE_TOTALS,SOLVED_BUS_Q_ALLOCATED_BY_ASSET_NAMEPLATE,PUBLIC_TOTAL_CALIBRATED_SCENARIO_NOT_UNIT_TELEMETRY
GEN:00170,OSM:node:13111032446,,hydro,BUS:OSM:way:397005282:150,23.674444766509545,0.8885145856716846,MERIT_ORDER_AND_REN_SOURCE_TOTALS,SOLVED_BUS_Q_ALLOCATED_BY_ASSET_NAMEPLATE,PUBLIC_TOTAL_CALIBRATED_SCENARIO_NOT_UNIT_TELEMETRY
GEN:00171,OSM:relation:21043983,Hyperion Renewables Celorico B,solar,BUS:OSM:way:144432478:220,0.05873247456438672,0.3207042661610832,MERIT_ORDER_AND_REN_SOURCE_TOTALS,SOLVED_BUS_Q_ALLOCATED_BY_ASSET_NAMEPLATE,PUBLIC_TOTAL_CALIBRATED_SCENARIO_NOT_UNIT_TELEMETRY
GEN:00172,OSM:relation:14047194,Parque Eólico de Marvila II,wind,BUS:EREDES:1004P5907300:60,17.56010094860644,6.752652222496301,MERIT_ORDER_AND_REN_SOURCE_TOTALS,SOLVED_BUS_Q_ALLOCATED_BY_ASSET_NAMEPLATE,PUBLIC_TOTAL_CALIBRATED_SCENARIO_NOT_UNIT_TELEMETRY
GEN:00173,OSM:relation:14041558,Parque Eólico do Carreço / Outeiro,wind,BUS:EREDES:1602S5021100:60,17.56010094860644,5.503813294163199,MERIT_ORDER_AND_REN_SOURCE_TOTALS,SOLVED_BUS_Q_ALLOCATED_BY_ASSET_NAMEPLATE,PUBLIC_TOTAL_CALIBRATED_SCENARIO_NOT_UNIT_TELEMETRY
GEN:00174,OSM:way:1324733345,Central Hidroelétrica de Queimadela,hydro,BUS:OSM:way:151084399:150,21.719674097715178,3.651312662744278,MERIT_ORDER_AND_REN_SOURCE_TOTALS,SOLVED_BUS_Q_ALLOCATED_BY_ASSET_NAMEPLATE,PUBLIC_TOTAL_CALIBRATED_SCENARIO_NOT_UNIT_TELEMETRY
GEN:00175,OSM:way:1318201171,Central Solar de Monte de Vez,solar,BUS:OSM:way:144584580:220,0.05593569006132073,10.0,MERIT_ORDER_AND_REN_SOURCE_TOTALS,SOLVED_BUS_Q_ALLOCATED_BY_ASSET_NAMEPLATE,PUBLIC_TOTAL_CALIBRATED_SCENARIO_NOT_UNIT_TELEMETRY
GEN:00176,OSM:relation:14047204,Parque Eólico da Serra de Sicó,wind,BUS:EREDES:1015P5022400:60,16.966281109764676,10.0,MERIT_ORDER_AND_REN_SOURCE_TOTALS,SOLVED_BUS_Q_ALLOCATED_BY_ASSET_NAMEPLATE,PUBLIC_TOTAL_CALIBRATED_SCENARIO_NOT_UNIT_TELEMETRY
GEN:00177,OSM:relation:21056032,Central Fotovoltaica da Navigator Paper Figueira,solar,BUS:EREDES:0605P5020300:60,0.05593569006132073,2.8965479933051976,MERIT_ORDER_AND_REN_SOURCE_TOTALS,SOLVED_BUS_Q_ALLOCATED_BY_ASSET_NAMEPLATE,PUBLIC_TOTAL_CALIBRATED_SCENARIO_NOT_UNIT_TELEMETRY
GEN:00178,OSM:way:1238772735,Central Fotovoltaica de Aljustrel,solar,BUS:OSM:way:1322975653:400,0.05481697626009429,0.0,MERIT_ORDER_AND_REN_SOURCE_TOTALS,FIXED_PQ_SCENARIO_ASSUMPTION,PUBLIC_TOTAL_CALIBRATED_SCENARIO_NOT_UNIT_TELEMETRY
GEN:00179,OSM:node:3244802305,,hydro,BUS:OSM:way:771616113:220,20.63369039282942,-3.1083946084786773,MERIT_ORDER_AND_REN_SOURCE_TOTALS,SOLVED_BUS_Q_ALLOCATED_BY_ASSET_NAMEPLATE,PUBLIC_TOTAL_CALIBRATED_SCENARIO_NOT_UNIT_TELEMETRY
GEN:00180,OSM:node:3244802311,,hydro,BUS:OSM:way:771616113:220,20.63369039282942,-3.1083946084786773,MERIT_ORDER_AND_REN_SOURCE_TOTALS,SOLVED_BUS_Q_ALLOCATED_BY_ASSET_NAMEPLATE,PUBLIC_TOTAL_CALIBRATED_SCENARIO_NOT_UNIT_TELEMETRY
GEN:00181,OSM:way:941407548,Central Solar do Freixial,solar,BUS:EREDES:0714S5042700:60,0.0517405133067217,0.0,MERIT_ORDER_AND_REN_SOURCE_TOTALS,FIXED_PQ_SCENARIO_ASSUMPTION,PUBLIC_TOTAL_CALIBRATED_SCENARIO_NOT_UNIT_TELEMETRY
GEN:00182,OSM:relation:14047307,Parque Eólico da Serra do Barroso,wind,BUS:EREDES:1702P5022300:60,15.269652998788207,-3.442644999786762,MERIT_ORDER_AND_REN_SOURCE_TOTALS,SOLVED_BUS_Q_ALLOCATED_BY_ASSET_NAMEPLATE,PUBLIC_TOTAL_CALIBRATED_SCENARIO_NOT_UNIT_TELEMETRY
GEN:00183,OSM:way:628043895,Central Fotovoltaica de Alcanhões,solar,BUS:EREDES:1416P5907200:60,0.050342121055188656,0.0,MERIT_ORDER_AND_REN_SOURCE_TOTALS,FIXED_PQ_SCENARIO_ASSUMPTION,PUBLIC_TOTAL_CALIBRATED_SCENARIO_NOT_UNIT_TELEMETRY
GEN:00184,OSM:relation:19260017,Central Fotovoltaica de Casal da Cortiça,solar,BUS:EREDES:1009S5002100:60,0.050342121055188656,0.0,MERIT_ORDER_AND_REN_SOURCE_TOTALS,FIXED_PQ_SCENARIO_ASSUMPTION,PUBLIC_TOTAL_CALIBRATED_SCENARIO_NOT_UNIT_TELEMETRY
GEN:00185,OSM:node:13781877077,,gas,BUS:EREDES:1504P5022900:60,0.4379318684228414,0.0,MERIT_ORDER_AND_REN_SOURCE_TOTALS,FIXED_PQ_SCENARIO_ASSUMPTION,PUBLIC_TOTAL_CALIBRATED_SCENARIO_NOT_UNIT_TELEMETRY
GEN:00186,OSM:relation:20451011,Parque Fotovoltaico da Quinta da Cruz,solar,BUS:EREDES:0615S5010500:60,0.048943728803655606,0.9489108973682874,MERIT_ORDER_AND_REN_SOURCE_TOTALS,SOLVED_BUS_Q_ALLOCATED_BY_ASSET_NAMEPLATE,PUBLIC_TOTAL_CALIBRATED_SCENARIO_NOT_UNIT_TELEMETRY
GEN:00187,OSM:way:639858821,Central Fotovoltaica de Paderne II,solar,BUS:EREDES:0801P5906200:60,0.048664050353349,8.7,MERIT_ORDER_AND_REN_SOURCE_TOTALS,SOLVED_BUS_Q_ALLOCATED_BY_ASSET_NAMEPLATE,PUBLIC_TOTAL_CALIBRATED_SCENARIO_NOT_UNIT_TELEMETRY
GEN:00192,OSM:relation:14047537,Parque Eólico da Azinheira,wind,BUS:EREDES:0305P5021500:60,13.742687698909387,8.100000000000001,MERIT_ORDER_AND_REN_SOURCE_TOTALS,SOLVED_BUS_Q_ALLOCATED_BY_ASSET_NAMEPLATE,PUBLIC_TOTAL_CALIBRATED_SCENARIO_NOT_UNIT_TELEMETRY
GEN:00193,OSM:node:12383101390,,hydro,BUS:OSM:way:183788299:150,17.554926589478292,0.0,MERIT_ORDER_AND_REN_SOURCE_TOTALS,FIXED_PQ_SCENARIO_ASSUMPTION,PUBLIC_TOTAL_CALIBRATED_SCENARIO_NOT_UNIT_TELEMETRY
GEN:00194,OSM:way:1485397952,Hyperion Santo Estevão,solar,BUS:EREDES:1405P5704500:60,0.04474855204905658,0.0,MERIT_ORDER_AND_REN_SOURCE_TOTALS,FIXED_PQ_SCENARIO_ASSUMPTION,PUBLIC_TOTAL_CALIBRATED_SCENARIO_NOT_UNIT_TELEMETRY
GEN:00195,OSM:node:13125173403,Grupo 5,hydro,BUS:EREDES:1413S5585200:60,17.372481327057486,0.29738463438289475,MERIT_ORDER_AND_REN_SOURCE_TOTALS,SOLVED_BUS_Q_ALLOCATED_BY_ASSET_NAMEPLATE,PUBLIC_TOTAL_CALIBRATED_SCENARIO_NOT_UNIT_TELEMETRY
GEN:00196,OSM:way:755186920,Central Solar do Sado,solar,BUS:OSM:way:1228550798:150,0.0419517675459905,0.0,MERIT_ORDER_AND_REN_SOURCE_TOTALS,FIXED_PQ_SCENARIO_ASSUMPTION,PUBLIC_TOTAL_CALIBRATED_SCENARIO_NOT_UNIT_TELEMETRY
GEN:00197,OSM:way:611991149,Central de Biomassa de Viseu,biomass,BUS:EREDES:1823P5025500:60,7.981985032478441,0.0,MERIT_ORDER_AND_REN_SOURCE_TOTALS,FIXED_PQ_SCENARIO_ASSUMPTION,PUBLIC_TOTAL_CALIBRATED_SCENARIO_NOT_UNIT_TELEMETRY
GEN:00198,OSM:way:1201558751,Central Fotovoltaica do Rolhão,solar,BUS:EREDES:0615S5010500:60,0.0419517675459905,0.8133521977442464,MERIT_ORDER_AND_REN_SOURCE_TOTALS,SOLVED_BUS_Q_ALLOCATED_BY_ASSET_NAMEPLATE,PUBLIC_TOTAL_CALIBRATED_SCENARIO_NOT_UNIT_TELEMETRY
GEN:00200,OSM:relation:18068778,Central a Biomassa de Vila Nova de Famalicão,biomass,BUS:OSM:way:694016335:400,7.848951948603801,5.146884706061628,MERIT_ORDER_AND_REN_SOURCE_TOTALS,SOLVED_BUS_Q_ALLOCATED_BY_ASSET_NAMEPLATE,PUBLIC_TOTAL_CALIBRATED_SCENARIO_NOT_UNIT_TELEMETRY
GEN:00201,OSM:way:1317407681,Central Fotovoltaica do Infantado,solar,BUS:EREDES:1507S5030900:60,0.04027369684415094,5.896890278227464,MERIT_ORDER_AND_REN_SOURCE_TOTALS,SOLVED_BUS_Q_ALLOCATED_BY_ASSET_NAMEPLATE,PUBLIC_TOTAL_CALIBRATED_SCENARIO_NOT_UNIT_TELEMETRY
GEN:00202,OSM:relation:14554623,Central Solar Monte Falcato,solar,BUS:EREDES:1207S5767100:60,0.03943466149323112,6.463123387012813,MERIT_ORDER_AND_REN_SOURCE_TOTALS,SOLVED_BUS_Q_ALLOCATED_BY_ASSET_NAMEPLATE,PUBLIC_TOTAL_CALIBRATED_SCENARIO_NOT_UNIT_TELEMETRY
GEN:00203,OSM:way:940185021,Central Fotovoltaica de Amareleja (Hyperion),solar,BUS:EREDES:0210S5050700:60,0.03915498304292451,0.14884587721702328,MERIT_ORDER_AND_REN_SOURCE_TOTALS,SOLVED_BUS_Q_ALLOCATED_BY_ASSET_NAMEPLATE,PUBLIC_TOTAL_CALIBRATED_SCENARIO_NOT_UNIT_TELEMETRY
GEN:00204,OSM:way:505676738,Central FotoVoltaica de Avalades Tunes,solar,BUS:OSM:way:144711815:150,0.03915498304292451,0.0,MERIT_ORDER_AND_REN_SOURCE_TOTALS,FIXED_PQ_SCENARIO_ASSUMPTION,PUBLIC_TOTAL_CALIBRATED_SCENARIO_NOT_UNIT_TELEMETRY
GEN:00205,OSM:relation:20395510,Central Solar Fotovoltaica Quinta do Prazo,solar,BUS:EREDES:0503P5011700:60,0.03915498304292451,0.0,MERIT_ORDER_AND_REN_SOURCE_TOTALS,FIXED_PQ_SCENARIO_ASSUMPTION,PUBLIC_TOTAL_CALIBRATED_SCENARIO_NOT_UNIT_TELEMETRY
GEN:00206,OSM:relation:14041557,Parque Eólico do Carreço / Outeiro II,wind,BUS:EREDES:1602S5021100:60,11.706733965737627,3.669208862775467,MERIT_ORDER_AND_REN_SOURCE_TOTALS,SOLVED_BUS_Q_ALLOCATED_BY_ASSET_NAMEPLATE,PUBLIC_TOTAL_CALIBRATED_SCENARIO_NOT_UNIT_TELEMETRY
GEN:00207,OSM:way:1104533515,Central Fotovoltaica da Herdade de Canhões,solar,BUS:EREDES:0701S5042100:60,0.038315947692004686,5.804945570047726,MERIT_ORDER_AND_REN_SOURCE_TOTALS,SOLVED_BUS_Q_ALLOCATED_BY_ASSET_NAMEPLATE,PUBLIC_TOTAL_CALIBRATED_SCENARIO_NOT_UNIT_TELEMETRY
GEN:00208,OSM:way:1170419109,Central Solar Fotovoltaica do Conde,solar,BUS:EREDES:1506S5031400:60,0.037784558636422126,0.0,MERIT_ORDER_AND_REN_SOURCE_TOTALS,FIXED_PQ_SCENARIO_ASSUMPTION,PUBLIC_TOTAL_CALIBRATED_SCENARIO_NOT_UNIT_TELEMETRY
GEN:00209,OSM:relation:14046977,Parque Eólico da Alagoa de Cima,wind,BUS:EREDES:1601P5020800:60,11.452239749091156,0.0,MERIT_ORDER_AND_REN_SOURCE_TOTALS,FIXED_PQ_SCENARIO_ASSUMPTION,PUBLIC_TOTAL_CALIBRATED_SCENARIO_NOT_UNIT_TELEMETRY
GEN:00210,OSM:relation:14053075,Parque Eólico da Fonte da Quelha,wind,BUS:EREDES:1803P5015700:60,11.452239749091156,-2.020968436904964,MERIT_ORDER_AND_REN_SOURCE_TOTALS,SOLVED_BUS_Q_ALLOCATED_BY_ASSET_NAMEPLATE,PUBLIC_TOTAL_CALIBRATED_SCENARIO_NOT_UNIT_TELEMETRY
GEN:00211,OSM:relation:14053337,Parque Eólico do Alto do Talefe,wind,BUS:EREDES:1803P5015700:60,11.452239749091156,-2.020968436904964,MERIT_ORDER_AND_REN_SOURCE_TOTALS,SOLVED_BUS_Q_ALLOCATED_BY_ASSET_NAMEPLATE,PUBLIC_TOTAL_CALIBRATED_SCENARIO_NOT_UNIT_TELEMETRY
GEN:00212,OSM:relation:14048885,Parque Eólico de Ortiga,wind,BUS:EREDES:0609P5021200:60,11.367408343542333,-1.073872548087995,MERIT_ORDER_AND_REN_SOURCE_TOTALS,SOLVED_BUS_Q_ALLOCATED_BY_ASSET_NAMEPLATE,PUBLIC_TOTAL_CALIBRATED_SCENARIO_NOT_UNIT_TELEMETRY
GEN:00213,OSM:way:506578451,Central Solar de Cabrela,solar,BUS:EREDES:0712S5042500:60,0.03691755544047164,6.6,MERIT_ORDER_AND_REN_SOURCE_TOTALS,SOLVED_BUS_Q_ALLOCATED_BY_ASSET_NAMEPLATE,PUBLIC_TOTAL_CALIBRATED_SCENARIO_NOT_UNIT_TELEMETRY
GEN:00214,OSM:way:1394853890,Central Fotovoltaica Trindade,solar,BUS:EREDES:0205S5050100:60,0.03635819853985842,0.0,MERIT_ORDER_AND_REN_SOURCE_TOTALS,FIXED_PQ_SCENARIO_ASSUMPTION,PUBLIC_TOTAL_CALIBRATED_SCENARIO_NOT_UNIT_TELEMETRY
GEN:00215,OSM:way:1383025206,Central Fotovoltaica de Santa Bárbara de Nexe,solar,BUS:EREDES:0805S5060100:60,0.03635819853985842,0.0,MERIT_ORDER_AND_REN_SOURCE_TOTALS,FIXED_PQ_SCENARIO_ASSUMPTION,PUBLIC_TOTAL_CALIBRATED_SCENARIO_NOT_UNIT_TELEMETRY
GEN:00217,OSM:relation:14047443,Parque Eólico do Penedo Ruivo / Marão I,wind,BUS:EREDES:1302P5020600:60,11.028082721347037,0.6607935899284181,MERIT_ORDER_AND_REN_SOURCE_TOTALS,SOLVED_BUS_Q_ALLOCATED_BY_ASSET_NAMEPLATE,PUBLIC_TOTAL_CALIBRATED_SCENARIO_NOT_UNIT_TELEMETRY
GEN:00218,OSM:node:13131976295,,hydro,BUS:EREDES:0613P5020800:60,14.117788163514865,-2.507860458447317,MERIT_ORDER_AND_REN_SOURCE_TOTALS,SOLVED_BUS_Q_ALLOCATED_BY_ASSET_NAMEPLATE,PUBLIC_TOTAL_CALIBRATED_SCENARIO_NOT_UNIT_TELEMETRY
GEN:00219,OSM:node:1119654749,,hydro,BUS:EREDES:0912S5009000:60,14.117788163514865,-2.315399600382992,MERIT_ORDER_AND_REN_SOURCE_TOTALS,SOLVED_BUS_Q_ALLOCATED_BY_ASSET_NAMEPLATE,PUBLIC_TOTAL_CALIBRATED_SCENARIO_NOT_UNIT_TELEMETRY
GEN:00220,OSM:way:759354186,Central Hidroelétrica do Desterro,hydro,BUS:EREDES:0912S5009000:60,14.00918979302629,-2.2975888342262,MERIT_ORDER_AND_REN_SOURCE_TOTALS,SOLVED_BUS_Q_ALLOCATED_BY_ASSET_NAMEPLATE,PUBLIC_TOTAL_CALIBRATED_SCENARIO_NOT_UNIT_TELEMETRY
GEN:00221,OSM:way:1317943239,Central Termoelétrica de Cogeração de Constância,biomass,BUS:EREDES:1420S5664400:60,6.811293894381604,6.400000000000001,MERIT_ORDER_AND_REN_SOURCE_TOTALS,SOLVED_BUS_Q_ALLOCATED_BY_ASSET_NAMEPLATE,PUBLIC_TOTAL_CALIBRATED_SCENARIO_NOT_UNIT_TELEMETRY
GEN:00222,OSM:way:136084194,Central Fotovoltaica Alcochete II,solar,BUS:OSM:way:813954335:400,0.03557509887899992,6.36,MERIT_ORDER_AND_REN_SOURCE_TOTALS,SOLVED_BUS_Q_ALLOCATED_BY_ASSET_NAMEPLATE,PUBLIC_TOTAL_CALIBRATED_SCENARIO_NOT_UNIT_TELEMETRY
GEN:00223,OSM:way:1317987593,Central Termoelétrica a Biomassa de Mangualde,biomass,BUS:EREDES:1806S5008500:60,6.704867427281891,0.0,MERIT_ORDER_AND_REN_SOURCE_TOTALS,FIXED_PQ_SCENARIO_ASSUMPTION,PUBLIC_TOTAL_CALIBRATED_SCENARIO_NOT_UNIT_TELEMETRY
GEN:00224,OSM:way:1317960715,Central Termoelétrica de Setúbal,biomass,BUS:EREDES:1512S5031200:60,6.651654193732035,1.2923489786284033,MERIT_ORDER_AND_REN_SOURCE_TOTALS,SOLVED_BUS_Q_ALLOCATED_BY_ASSET_NAMEPLATE,PUBLIC_TOTAL_CALIBRATED_SCENARIO_NOT_UNIT_TELEMETRY
GEN:00225,OSM:node:13781468653,,biomass,BUS:EREDES:0105P5023800:60,6.651654193732035,6.25,MERIT_ORDER_AND_REN_SOURCE_TOTALS,SOLVED_BUS_Q_ALLOCATED_BY_ASSET_NAMEPLATE,PUBLIC_TOTAL_CALIBRATED_SCENARIO_NOT_UNIT_TELEMETRY
GEN:00226,OSM:way:1317943200,Central Termoelétrica Rodão Power,biomass,BUS:OSM:way:362486619:150,6.651654193732035,-1.798935383488351,MERIT_ORDER_AND_REN_SOURCE_TOTALS,SOLVED_BUS_Q_ALLOCATED_BY_ASSET_NAMEPLATE,PUBLIC_TOTAL_CALIBRATED_SCENARIO_NOT_UNIT_TELEMETRY
GEN:00227,OSM:way:1460217012,Central Fotovoltaica de Mato da Cruz,solar,BUS:EREDES:1114P5340100:60,0.034400449387712265,0.0,MERIT_ORDER_AND_REN_SOURCE_TOTALS,FIXED_PQ_SCENARIO_ASSUMPTION,PUBLIC_TOTAL_CALIBRATED_SCENARIO_NOT_UNIT_TELEMETRY
GEN:00229,OSM:relation:14049856,Sub-parque Eólico de Vale Grande / Burrela,wind,BUS:OSM:way:144586949:220,10.434262882505276,-1.6199432361114299,MERIT_ORDER_AND_REN_SOURCE_TOTALS,SOLVED_BUS_Q_ALLOCATED_BY_ASSET_NAMEPLATE,PUBLIC_TOTAL_CALIBRATED_SCENARIO_NOT_UNIT_TELEMETRY
GEN:00231,OSM:relation:14049650,Parque Eólico de Cadafaz / Góis,wind,BUS:EREDES:0606P5020700:60,10.34943147695645,-6.1,MERIT_ORDER_AND_REN_SOURCE_TOTALS,SOLVED_BUS_Q_ALLOCATED_BY_ASSET_NAMEPLATE,PUBLIC_TOTAL_CALIBRATED_SCENARIO_NOT_UNIT_TELEMETRY
GEN:00232,OSM:way:1355353195,Central Fotovoltaica de Doninhas,solar,BUS:EREDES:0117S5023700:60,0.033841092487099045,1.6969985089103303,MERIT_ORDER_AND_REN_SOURCE_TOTALS,SOLVED_BUS_Q_ALLOCATED_BY_ASSET_NAMEPLATE,PUBLIC_TOTAL_CALIBRATED_SCENARIO_NOT_UNIT_TELEMETRY
GEN:00233,OSM:way:1497803154,Central Solar Vale da Pedras,solar,BUS:EREDES:1406S5192700:60,0.033841092487099045,6.05,MERIT_ORDER_AND_REN_SOURCE_TOTALS,SOLVED_BUS_Q_ALLOCATED_BY_ASSET_NAMEPLATE,PUBLIC_TOTAL_CALIBRATED_SCENARIO_NOT_UNIT_TELEMETRY
GEN:00234,OSM:relation:21057157,Central Fotovoltaica de Casais da Marmeleira,solar,BUS:EREDES:1101S5335200:60,0.033841092487099045,0.0,MERIT_ORDER_AND_REN_SOURCE_TOTALS,FIXED_PQ_SCENARIO_ASSUMPTION,PUBLIC_TOTAL_CALIBRATED_SCENARIO_NOT_UNIT_TELEMETRY
GEN:00235,OSM:way:576509197,Central Fotovoltaica de Canha/Alpenduradas,solar,BUS:EREDES:1507S5030900:60,0.033561414036792435,4.914075231856221,MERIT_ORDER_AND_REN_SOURCE_TOTALS,SOLVED_BUS_Q_ALLOCATED_BY_ASSET_NAMEPLATE,PUBLIC_TOTAL_CALIBRATED_SCENARIO_NOT_UNIT_TELEMETRY
GEN:00236,OSM:way:1463220527,Sotelha,solar,BUS:EREDES:0114S5001700:60,0.033561414036792435,0.0,MERIT_ORDER_AND_REN_SOURCE_TOTALS,FIXED_PQ_SCENARIO_ASSUMPTION,PUBLIC_TOTAL_CALIBRATED_SCENARIO_NOT_UNIT_TELEMETRY
GEN:00237,OSM:way:943849868,Central Fotovoltaica Casa Nova,solar,BUS:OSM:way:1228551272:150,0.033561414036792435,5.999999999999999,MERIT_ORDER_AND_REN_SOURCE_TOTALS,SOLVED_BUS_Q_ALLOCATED_BY_ASSET_NAMEPLATE,PUBLIC_TOTAL_CALIBRATED_SCENARIO_NOT_UNIT_TELEMETRY
GEN:00238,OSM:way:1104721244,Central Fotovoltaica de Cruz de Campo,solar,BUS:EREDES:1406S5192700:60,0.033561414036792435,6.000000000000001,MERIT_ORDER_AND_REN_SOURCE_TOTALS,SOLVED_BUS_Q_ALLOCATED_BY_ASSET_NAMEPLATE,PUBLIC_TOTAL_CALIBRATED_SCENARIO_NOT_UNIT_TELEMETRY
GEN:00239,OSM:way:1534628759,Central Fotovoltaica de Montemor,solar,BUS:EREDES:0706S5041300:60,0.033561414036792435,0.0,MERIT_ORDER_AND_REN_SOURCE_TOTALS,FIXED_PQ_SCENARIO_ASSUMPTION,PUBLIC_TOTAL_CALIBRATED_SCENARIO_NOT_UNIT_TELEMETRY
GEN:00240,OSM:way:504018147,Central Solar de Ferreira do Alentejo,solar,BUS:OSM:way:144635505:150,0.033561414036792435,6.0,MERIT_ORDER_AND_REN_SOURCE_TOTALS,SOLVED_BUS_Q_ALLOCATED_BY_ASSET_NAMEPLATE,PUBLIC_TOTAL_CALIBRATED_SCENARIO_NOT_UNIT_TELEMETRY
GEN:00241,OSM:relation:14047195,Parque Eólico de Marvila I,wind,BUS:EREDES:1004P5907300:60,10.179768665858807,3.91458099854858,MERIT_ORDER_AND_REN_SOURCE_TOTALS,SOLVED_BUS_Q_ALLOCATED_BY_ASSET_NAMEPLATE,PUBLIC_TOTAL_CALIBRATED_SCENARIO_NOT_UNIT_TELEMETRY
GEN:00242,OSM:relation:14047309,Parque Eólico da Serra do Barroso II,wind,BUS:EREDES:1702P5022300:60,10.179768665858807,-2.295096666524508,MERIT_ORDER_AND_REN_SOURCE_TOTALS,SOLVED_BUS_Q_ALLOCATED_BY_ASSET_NAMEPLATE,PUBLIC_TOTAL_CALIBRATED_SCENARIO_NOT_UNIT_TELEMETRY
GEN:00243,OSM:way:1234699041,Central Fotovoltaica de Larinho,solar,BUS:OSM:way:771616113:220,0.032442700235566,-1.8977567083343503,MERIT_ORDER_AND_REN_SOURCE_TOTALS,SOLVED_BUS_Q_ALLOCATED_BY_ASSET_NAMEPLATE,PUBLIC_TOTAL_CALIBRATED_SCENARIO_NOT_UNIT_TELEMETRY
GEN:00244,OSM:relation:21057204,Central Fotovoltaica de Montechoro I,solar,BUS:EREDES:0801P5906200:60,0.03235879670047402,5.785,MERIT_ORDER_AND_REN_SOURCE_TOTALS,SOLVED_BUS_Q_ALLOCATED_BY_ASSET_NAMEPLATE,PUBLIC_TOTAL_CALIBRATED_SCENARIO_NOT_UNIT_TELEMETRY
GEN:00245,OSM:relation:14037904,Sub-parque Eólico de Armamar II,wind,BUS:OSM:way:144398746:220,9.755611638114688,0.0,MERIT_ORDER_AND_REN_SOURCE_TOTALS,FIXED_PQ_SCENARIO_ASSUMPTION,PUBLIC_TOTAL_CALIBRATED_SCENARIO_NOT_UNIT_TELEMETRY
GEN:00246,OSM:node:13135173364,Grupo 1,hydro,BUS:EREDES:1805S5001700:60,12.45949104615431,5.7364999999999995,MERIT_ORDER_AND_REN_SOURCE_TOTALS,SOLVED_BUS_Q_ALLOCATED_BY_ASSET_NAMEPLATE,PUBLIC_TOTAL_CALIBRATED_SCENARIO_NOT_UNIT_TELEMETRY
GEN:00247,OSM:relation:9477967,Parque Solar Fotovoltaico Hércules,solar,BUS:EREDES:0213S5903000:60,0.03076462953372635,0.0,MERIT_ORDER_AND_REN_SOURCE_TOTALS,FIXED_PQ_SCENARIO_ASSUMPTION,PUBLIC_TOTAL_CALIBRATED_SCENARIO_NOT_UNIT_TELEMETRY
GEN:00249,OSM:relation:18068777,Central de Biomassa de Corga de Fradelos,biomass,BUS:OSM:way:694016335:400,5.736386576674507,3.7615876021250405,MERIT_ORDER_AND_REN_SOURCE_TOTALS,SOLVED_BUS_Q_ALLOCATED_BY_ASSET_NAMEPLATE,PUBLIC_TOTAL_CALIBRATED_SCENARIO_NOT_UNIT_TELEMETRY
GEN:00250,OSM:way:483167826,Central Termoelétrica de Biomassa de Terras de Santa Maria,biomass,BUS:EREDES:0113S5011100:60,5.72042260660955,0.0,MERIT_ORDER_AND_REN_SOURCE_TOTALS,FIXED_PQ_SCENARIO_ASSUMPTION,PUBLIC_TOTAL_CALIBRATED_SCENARIO_NOT_UNIT_TELEMETRY
GEN:00254,OSM:node:11383568674,,hydro,BUS:EREDES:1714S5006100:60,10.859837048857589,1.3219970919655886,MERIT_ORDER_AND_REN_SOURCE_TOTALS,SOLVED_BUS_Q_ALLOCATED_BY_ASSET_NAMEPLATE,PUBLIC_TOTAL_CALIBRATED_SCENARIO_NOT_UNIT_TELEMETRY
GEN:00256,OSM:node:13189070908,,hydro,BUS:EREDES:0912S5009000:60,10.859837048857589,-1.7810766156792244,MERIT_ORDER_AND_REN_SOURCE_TOTALS,SOLVED_BUS_Q_ALLOCATED_BY_ASSET_NAMEPLATE,PUBLIC_TOTAL_CALIBRATED_SCENARIO_NOT_UNIT_TELEMETRY
GEN:00259,OSM:way:451641071,Central Hidroelétrica de Bouçoais-Sonim,hydro,BUS:EREDES:1712S5015100:60,10.859837048857589,0.588063975400692,MERIT_ORDER_AND_REN_SOURCE_TOTALS,SOLVED_BUS_Q_ALLOCATED_BY_ASSET_NAMEPLATE,PUBLIC_TOTAL_CALIBRATED_SCENARIO_NOT_UNIT_TELEMETRY
GEN:00262,OSM:node:13185725444,,hydro,BUS:EREDES:1712S5015100:60,10.859837048857589,0.588063975400692,MERIT_ORDER_AND_REN_SOURCE_TOTALS,SOLVED_BUS_Q_ALLOCATED_BY_ASSET_NAMEPLATE,PUBLIC_TOTAL_CALIBRATED_SCENARIO_NOT_UNIT_TELEMETRY
GEN:00263,OSM:way:135919902,Capwatt Ferreira,solar,BUS:OSM:way:144635505:150,0.027967845030660365,5.0,MERIT_ORDER_AND_REN_SOURCE_TOTALS,SOLVED_BUS_Q_ALLOCATED_BY_ASSET_NAMEPLATE,PUBLIC_TOTAL_CALIBRATED_SCENARIO_NOT_UNIT_TELEMETRY
GEN:00265,OSM:way:1227795226,Aproveitamento Hidroelétrico de Vilar do Monte,hydro,BUS:EREDES:1823S5009300:60,10.859837048857589,0.0,MERIT_ORDER_AND_REN_SOURCE_TOTALS,FIXED_PQ_SCENARIO_ASSUMPTION,PUBLIC_TOTAL_CALIBRATED_SCENARIO_NOT_UNIT_TELEMETRY
GEN:00266,OSM:node:13131982644,Sabugueiro II,hydro,BUS:EREDES:0912S5009000:60,10.859837048857589,-1.7810766156792244,MERIT_ORDER_AND_REN_SOURCE_TOTALS,SOLVED_BUS_Q_ALLOCATED_BY_ASSET_NAMEPLATE,PUBLIC_TOTAL_CALIBRATED_SCENARIO_NOT_UNIT_TELEMETRY
GEN:00267,OSM:way:1160718042,Central Fotovoltaica de Serpa,solar,BUS:EREDES:0213S5050300:60,0.027967845030660365,0.0,MERIT_ORDER_AND_REN_SOURCE_TOTALS,FIXED_PQ_SCENARIO_ASSUMPTION,PUBLIC_TOTAL_CALIBRATED_SCENARIO_NOT_UNIT_TELEMETRY
GEN:00268,OSM:node:13254612694,,hydro,BUS:OSM:way:1421833203:400,10.859837048857589,-1.3691085311739892,MERIT_ORDER_AND_REN_SOURCE_TOTALS,SOLVED_BUS_Q_ALLOCATED_BY_ASSET_NAMEPLATE,PUBLIC_TOTAL_CALIBRATED_SCENARIO_NOT_UNIT_TELEMETRY
GEN:00269,OSM:relation:14027591,Parque Eólico da Madrinha,wind,BUS:EREDES:0809S5060500:60,8.483140554882338,0.0,MERIT_ORDER_AND_REN_SOURCE_TOTALS,FIXED_PQ_SCENARIO_ASSUMPTION,PUBLIC_TOTAL_CALIBRATED_SCENARIO_NOT_UNIT_TELEMETRY
GEN:00270,OSM:way:842440181,Central Hidroelétrica de Alvadia,hydro,BUS:EREDES:1709P5025700:60,10.859837048857589,0.0,MERIT_ORDER_AND_REN_SOURCE_TOTALS,FIXED_PQ_SCENARIO_ASSUMPTION,PUBLIC_TOTAL_CALIBRATED_SCENARIO_NOT_UNIT_TELEMETRY
GEN:00272,OSM:way:639755427,Central Fotovoltaica de Vendas Novas 2,solar,BUS:EREDES:0712S5042500:60,0.027688166580353755,4.95,MERIT_ORDER_AND_REN_SOURCE_TOTALS,SOLVED_BUS_Q_ALLOCATED_BY_ASSET_NAMEPLATE,PUBLIC_TOTAL_CALIBRATED_SCENARIO_NOT_UNIT_TELEMETRY
GEN:00274,OSM:way:1051238938,Central Hidroelétrica do Catapereiro,hydro,BUS:OSM:way:127205502:220,10.642640307880438,0.0,MERIT_ORDER_AND_REN_SOURCE_TOTALS,FIXED_PQ_SCENARIO_ASSUMPTION,PUBLIC_TOTAL_CALIBRATED_SCENARIO_NOT_UNIT_TELEMETRY
GEN:00276,OSM:way:564481295,Central Hidroelétrica de Penacova,hydro,BUS:EREDES:0613P5020800:60,10.425443566903285,-1.8519584923918648,MERIT_ORDER_AND_REN_SOURCE_TOTALS,SOLVED_BUS_Q_ALLOCATED_BY_ASSET_NAMEPLATE,PUBLIC_TOTAL_CALIBRATED_SCENARIO_NOT_UNIT_TELEMETRY
GEN:00277,OSM:node:12197499324,TG.6,biomass,BUS:EREDES:1420S5664400:60,5.004704615363983,4.702500000000001,MERIT_ORDER_AND_REN_SOURCE_TOTALS,SOLVED_BUS_Q_ALLOCATED_BY_ASSET_NAMEPLATE,PUBLIC_TOTAL_CALIBRATED_SCENARIO_NOT_UNIT_TELEMETRY
GEN:00278,OSM:relation:14041323,Parque Eólico do Pó,wind,BUS:EREDES:1014S5001200:60,7.719657904942927,0.0,MERIT_ORDER_AND_REN_SOURCE_TOTALS,FIXED_PQ_SCENARIO_ASSUMPTION,PUBLIC_TOTAL_CALIBRATED_SCENARIO_NOT_UNIT_TELEMETRY
GEN:00279,OSM:way:1318229254,Central Fotovoltaica da Malhada Velha 2,solar,BUS:OSM:way:144635505:150,0.025171060527594276,4.5,MERIT_ORDER_AND_REN_SOURCE_TOTALS,SOLVED_BUS_Q_ALLOCATED_BY_ASSET_NAMEPLATE,PUBLIC_TOTAL_CALIBRATED_SCENARIO_NOT_UNIT_TELEMETRY
GEN:00281,OSM:way:641202311,Central Fotovoltaica de Pinhal Novo 1,solar,BUS:EREDES:1508S5902400:60,0.025171060527594276,2.4040156325902386,MERIT_ORDER_AND_REN_SOURCE_TOTALS,SOLVED_BUS_Q_ALLOCATED_BY_ASSET_NAMEPLATE,PUBLIC_TOTAL_CALIBRATED_SCENARIO_NOT_UNIT_TELEMETRY
GEN:00282,OSM:way:1051175672,Central Hidroelétrica da Senhora de Monforte,hydro,BUS:EREDES:0910S5007200:60,9.773853343971831,0.0,MERIT_ORDER_AND_REN_SOURCE_TOTALS,FIXED_PQ_SCENARIO_ASSUMPTION,PUBLIC_TOTAL_CALIBRATED_SCENARIO_NOT_UNIT_TELEMETRY
GEN:00283,OSM:relation:12695576,Parque Eólico de Meadas,wind,BUS:EREDES:1805S5011300:60,7.634826499394103,0.0,MERIT_ORDER_AND_REN_SOURCE_TOTALS,FIXED_PQ_SCENARIO_ASSUMPTION,PUBLIC_TOTAL_CALIBRATED_SCENARIO_NOT_UNIT_TELEMETRY
GEN:00284,OSM:way:1122292778,Central Termoelétrica de Biomassa de Mortágua,biomass,BUS:EREDES:1808P5020500:60,4.789191019487065,0.0,MERIT_ORDER_AND_REN_SOURCE_TOTALS,FIXED_PQ_SCENARIO_ASSUMPTION,PUBLIC_TOTAL_CALIBRATED_SCENARIO_NOT_UNIT_TELEMETRY
GEN:00285,OSM:way:1317407677,Central Fotovoltaica de Garrido Antuzede,solar,BUS:EREDES:0603S5005200:60,0.025171060527594276,0.0,MERIT_ORDER_AND_REN_SOURCE_TOTALS,FIXED_PQ_SCENARIO_ASSUMPTION,PUBLIC_TOTAL_CALIBRATED_SCENARIO_NOT_UNIT_TELEMETRY
GEN:00286,OSM:way:676028008,Central Fotovoltaica do Seixal 3,solar,BUS:EREDES:1503S5021300:60,0.02461170362698106,0.0,MERIT_ORDER_AND_REN_SOURCE_TOTALS,FIXED_PQ_SCENARIO_ASSUMPTION,PUBLIC_TOTAL_CALIBRATED_SCENARIO_NOT_UNIT_TELEMETRY
GEN:00287,OSM:way:676028007,Central Fotovoltaica do Seixal 2,solar,BUS:EREDES:1503S5021300:60,0.02461170362698106,0.0,MERIT_ORDER_AND_REN_SOURCE_TOTALS,FIXED_PQ_SCENARIO_ASSUMPTION,PUBLIC_TOTAL_CALIBRATED_SCENARIO_NOT_UNIT_TELEMETRY
GEN:00288,OSM:way:1317697548,Central de Valorização Energética do Aterro de Aveiro,biogas,BUS:EREDES:0105S5003900:60,4.640193965547468,0.0,MERIT_ORDER_AND_REN_SOURCE_TOTALS,FIXED_PQ_SCENARIO_ASSUMPTION,PUBLIC_TOTAL_CALIBRATED_SCENARIO_NOT_UNIT_TELEMETRY
GEN:00289,OSM:way:1051431068,Central Hidroelétrica de Nunes,hydro,BUS:EREDES:0402S5005100:60,9.448058232506101,0.0,MERIT_ORDER_AND_REN_SOURCE_TOTALS,FIXED_PQ_SCENARIO_ASSUMPTION,PUBLIC_TOTAL_CALIBRATED_SCENARIO_NOT_UNIT_TELEMETRY
GEN:00290,OSM:way:1324746529,Central de Cogeração Saramagos II,gas,BUS:EREDES:0312S5008500:60,0.2139894357066156,0.0,MERIT_ORDER_AND_REN_SOURCE_TOTALS,FIXED_PQ_SCENARIO_ASSUMPTION,PUBLIC_TOTAL_CALIBRATED_SCENARIO_NOT_UNIT_TELEMETRY
GEN:00291,OSM:way:532020839,Central Hidroelétrica do Sordo,hydro,BUS:EREDES:1714S5006100:60,9.23086149152895,1.1236975281707504,MERIT_ORDER_AND_REN_SOURCE_TOTALS,SOLVED_BUS_Q_ALLOCATED_BY_ASSET_NAMEPLATE,PUBLIC_TOTAL_CALIBRATED_SCENARIO_NOT_UNIT_TELEMETRY
GEN:00292,OSM:way:162926017,Central Hidroelétrica de Torga,hydro,BUS:EREDES:1712S5015100:60,9.23086149152895,0.49985437909058816,MERIT_ORDER_AND_REN_SOURCE_TOTALS,SOLVED_BUS_Q_ALLOCATED_BY_ASSET_NAMEPLATE,PUBLIC_TOTAL_CALIBRATED_SCENARIO_NOT_UNIT_TELEMETRY
GEN:00293,OSM:way:1227567395,Central Hidroelétrica do Terragido,hydro,BUS:EREDES:1714S5006100:60,9.23086149152895,1.1236975281707504,MERIT_ORDER_AND_REN_SOURCE_TOTALS,SOLVED_BUS_Q_ALLOCATED_BY_ASSET_NAMEPLATE,PUBLIC_TOTAL_CALIBRATED_SCENARIO_NOT_UNIT_TELEMETRY
GEN:00296,OSM:way:1153421480,Central solar fotovoltaica Mina de Orgueirel,solar,BUS:EREDES:0911S5007700:60,0.023492989825754627,0.3189554640266697,MERIT_ORDER_AND_REN_SOURCE_TOTALS,SOLVED_BUS_Q_ALLOCATED_BY_ASSET_NAMEPLATE,PUBLIC_TOTAL_CALIBRATED_SCENARIO_NOT_UNIT_TELEMETRY
GEN:00298,OSM:way:380519061,Central Hidroelétrica do Azival,hydro,BUS:EREDES:1816P5012500:60,8.905066380063221,0.0,MERIT_ORDER_AND_REN_SOURCE_TOTALS,FIXED_PQ_SCENARIO_ASSUMPTION,PUBLIC_TOTAL_CALIBRATED_SCENARIO_NOT_UNIT_TELEMETRY
GEN:00299,OSM:way:1233301888,Empresa de Cogeração de Estarreja,oil,BUS:OSM:way:144374442:220,2.1792140643709206,0.0,MERIT_ORDER_AND_REN_SOURCE_TOTALS,FIXED_PQ_SCENARIO_ASSUMPTION,PUBLIC_TOTAL_CALIBRATED_SCENARIO_NOT_UNIT_TELEMETRY
GEN:00300,OSM:node:7531585425,Grupo 1,hydro,BUS:EREDES:1413S5585200:60,8.786694156230674,0.15041189452972442,MERIT_ORDER_AND_REN_SOURCE_TOTALS,SOLVED_BUS_Q_ALLOCATED_BY_ASSET_NAMEPLATE,PUBLIC_TOTAL_CALIBRATED_SCENARIO_NOT_UNIT_TELEMETRY
GEN:00301,OSM:node:13125173401,Grupo 4,hydro,BUS:EREDES:1413S5585200:60,8.786694156230674,0.15041189452972442,MERIT_ORDER_AND_REN_SOURCE_TOTALS,SOLVED_BUS_Q_ALLOCATED_BY_ASSET_NAMEPLATE,PUBLIC_TOTAL_CALIBRATED_SCENARIO_NOT_UNIT_TELEMETRY
GEN:00302,OSM:node:13125173404,Grupo 3,hydro,BUS:EREDES:1413S5585200:60,8.786694156230674,0.15041189452972442,MERIT_ORDER_AND_REN_SOURCE_TOTALS,SOLVED_BUS_Q_ALLOCATED_BY_ASSET_NAMEPLATE,PUBLIC_TOTAL_CALIBRATED_SCENARIO_NOT_UNIT_TELEMETRY
GEN:00303,OSM:node:13125173405,Grupo 2,hydro,BUS:EREDES:1413S5585200:60,8.786694156230674,0.15041189452972442,MERIT_ORDER_AND_REN_SOURCE_TOTALS,SOLVED_BUS_Q_ALLOCATED_BY_ASSET_NAMEPLATE,PUBLIC_TOTAL_CALIBRATED_SCENARIO_NOT_UNIT_TELEMETRY
GEN:00304,OSM:node:13131941210,Grupo 2,hydro,BUS:EREDES:1413S5632800:60,8.68786963908607,-1.3216284566105545,MERIT_ORDER_AND_REN_SOURCE_TOTALS,SOLVED_BUS_Q_ALLOCATED_BY_ASSET_NAMEPLATE,PUBLIC_TOTAL_CALIBRATED_SCENARIO_NOT_UNIT_TELEMETRY
GEN:00305,OSM:node:13131941211,Grupo 1,hydro,BUS:EREDES:1413S5632800:60,8.68786963908607,-1.3216284566105545,MERIT_ORDER_AND_REN_SOURCE_TOTALS,SOLVED_BUS_Q_ALLOCATED_BY_ASSET_NAMEPLATE,PUBLIC_TOTAL_CALIBRATED_SCENARIO_NOT_UNIT_TELEMETRY
GEN:00306,OSM:way:1127623768,Aproveitamento Hidroelétrico de Ermida,hydro,BUS:EREDES:0607S5003400:60,8.68786963908607,2.4081085937314866,MERIT_ORDER_AND_REN_SOURCE_TOTALS,SOLVED_BUS_Q_ALLOCATED_BY_ASSET_NAMEPLATE,PUBLIC_TOTAL_CALIBRATED_SCENARIO_NOT_UNIT_TELEMETRY
GEN:00307,OSM:way:1303082879,Central Fotovoltaica de Terena,solar,BUS:EREDES:0701S5042100:60,0.02237427602452829,3.389749237984074,MERIT_ORDER_AND_REN_SOURCE_TOTALS,SOLVED_BUS_Q_ALLOCATED_BY_ASSET_NAMEPLATE,PUBLIC_TOTAL_CALIBRATED_SCENARIO_NOT_UNIT_TELEMETRY
GEN:00308,OSM:relation:14053074,Parque Eólico de Cinfães,wind,BUS:EREDES:1803P5015700:60,6.78651244390587,-1.197610925573312,MERIT_ORDER_AND_REN_SOURCE_TOTALS,SOLVED_BUS_Q_ALLOCATED_BY_ASSET_NAMEPLATE,PUBLIC_TOTAL_CALIBRATED_SCENARIO_NOT_UNIT_TELEMETRY
GEN:00309,OSM:way:244113494,Aproveitamento Hidroelétrico de Janeiro de Cima / Porto das Vacas,hydro,BUS:EREDES:0612S5003700:60,8.579271268597495,1.3303339691738443,MERIT_ORDER_AND_REN_SOURCE_TOTALS,SOLVED_BUS_Q_ALLOCATED_BY_ASSET_NAMEPLATE,PUBLIC_TOTAL_CALIBRATED_SCENARIO_NOT_UNIT_TELEMETRY
GEN:00310,OSM:relation:14041371,Parque Eólico da Portela do Pereiro,wind,BUS:EREDES:1001S5000400:60,6.616849632808223,1.4830335856965624,MERIT_ORDER_AND_REN_SOURCE_TOTALS,SOLVED_BUS_Q_ALLOCATED_BY_ASSET_NAMEPLATE,PUBLIC_TOTAL_CALIBRATED_SCENARIO_NOT_UNIT_TELEMETRY
GEN:00311,OSM:way:1318181845,Central Solar da Azambuja,solar,BUS:EREDES:1004P5907300:60,0.02170304774379243,2.531429045728082,MERIT_ORDER_AND_REN_SOURCE_TOTALS,SOLVED_BUS_Q_ALLOCATED_BY_ASSET_NAMEPLATE,PUBLIC_TOTAL_CALIBRATED_SCENARIO_NOT_UNIT_TELEMETRY
GEN:00312,OSM:way:1318181846,Central Solar das Tapadas,solar,BUS:EREDES:1004P5907300:60,0.02170304774379243,2.531429045728082,MERIT_ORDER_AND_REN_SOURCE_TOTALS,SOLVED_BUS_Q_ALLOCATED_BY_ASSET_NAMEPLATE,PUBLIC_TOTAL_CALIBRATED_SCENARIO_NOT_UNIT_TELEMETRY
GEN:00313,OSM:node:13135173366,Grupo 2,hydro,BUS:EREDES:1805S5001700:60,8.38596616912783,3.8609999999999998,MERIT_ORDER_AND_REN_SOURCE_TOTALS,SOLVED_BUS_Q_ALLOCATED_BY_ASSET_NAMEPLATE,PUBLIC_TOTAL_CALIBRATED_SCENARIO_NOT_UNIT_TELEMETRY
GEN:00314,OSM:way:1152309795,Central Solar Fotovoltaica da Fonte Figueira,solar,BUS:EREDES:0704S5041600:60,0.021535240673608465,0.0,MERIT_ORDER_AND_REN_SOURCE_TOTALS,FIXED_PQ_SCENARIO_ASSUMPTION,PUBLIC_TOTAL_CALIBRATED_SCENARIO_NOT_UNIT_TELEMETRY
GEN:00319,OSM:way:1227795233,Aproveitamento Hidroelétrico da Ermida,hydro,BUS:EREDES:1803S5004800:60,8.253476157131766,-2.6547237086475004,MERIT_ORDER_AND_REN_SOURCE_TOTALS,SOLVED_BUS_Q_ALLOCATED_BY_ASSET_NAMEPLATE,PUBLIC_TOTAL_CALIBRATED_SCENARIO_NOT_UNIT_TELEMETRY
GEN:00320,OSM:way:191457692,Aproveitamento Hidroelétrico da Ribeira de Alforfa,hydro,BUS:EREDES:0912S5008200:60,8.14487778664319,-0.9097039881551844,MERIT_ORDER_AND_REN_SOURCE_TOTALS,SOLVED_BUS_Q_ALLOCATED_BY_ASSET_NAMEPLATE,PUBLIC_TOTAL_CALIBRATED_SCENARIO_NOT_UNIT_TELEMETRY
GEN:00321,OSM:relation:14052796,Parque Eólico da Padrela,wind,BUS:OSM:way:754137798:220,6.362355416161753,-0.5352249321743353,MERIT_ORDER_AND_REN_SOURCE_TOTALS,SOLVED_BUS_Q_ALLOCATED_BY_ASSET_NAMEPLATE,PUBLIC_TOTAL_CALIBRATED_SCENARIO_NOT_UNIT_TELEMETRY
GEN:00322,OSM:way:1317015516,Central de Valorização Energética do Aterro Sanitário de Sermonde,biogas,BUS:EREDES:1317S5020400:60,3.9697072228192787,0.0,MERIT_ORDER_AND_REN_SOURCE_TOTALS,FIXED_PQ_SCENARIO_ASSUMPTION,PUBLIC_TOTAL_CALIBRATED_SCENARIO_NOT_UNIT_TELEMETRY
GEN:00323,OSM:way:1385094927,Central de Cogeração da Capwatt na Maia,gas,BUS:EREDES:1306S5008900:60,0.18413044467778553,0.0,MERIT_ORDER_AND_REN_SOURCE_TOTALS,FIXED_PQ_SCENARIO_ASSUMPTION,PUBLIC_TOTAL_CALIBRATED_SCENARIO_NOT_UNIT_TELEMETRY
GEN:00324,OSM:way:1350354359,Central Solar Fotovoltaica de Monte Brito,solar,BUS:EREDES:0502S5010400:60,0.02069620532268864,0.0,MERIT_ORDER_AND_REN_SOURCE_TOTALS,FIXED_PQ_SCENARIO_ASSUMPTION,PUBLIC_TOTAL_CALIBRATED_SCENARIO_NOT_UNIT_TELEMETRY
GEN:00326,OSM:way:1469545404,Tagol,gas,BUS:EREDES:1503S5021100:60,0.18164219542538307,0.0,MERIT_ORDER_AND_REN_SOURCE_TOTALS,FIXED_PQ_SCENARIO_ASSUMPTION,PUBLIC_TOTAL_CALIBRATED_SCENARIO_NOT_UNIT_TELEMETRY
GEN:00327,OSM:way:1342562066,Central de Cogeração da Cerâmica de Boialvo,oil,BUS:EREDES:0101P5025000:60,1.9275603517777182,1.779215257425482,MERIT_ORDER_AND_REN_SOURCE_TOTALS,SOLVED_BUS_Q_ALLOCATED_BY_ASSET_NAMEPLATE,PUBLIC_TOTAL_CALIBRATED_SCENARIO_NOT_UNIT_TELEMETRY
GEN:00328,OSM:node:13372482303,TS32,wind,BUS:EREDES:1709P5023900:60,6.107861199515283,-2.1282103113147155,MERIT_ORDER_AND_REN_SOURCE_TOTALS,SOLVED_BUS_Q_ALLOCATED_BY_ASSET_NAMEPLATE,PUBLIC_TOTAL_CALIBRATED_SCENARIO_NOT_UNIT_TELEMETRY
GEN:00329,OSM:node:13372482304,TS33,wind,BUS:EREDES:1709P5023900:60,6.107861199515283,-2.1282103113147155,MERIT_ORDER_AND_REN_SOURCE_TOTALS,SOLVED_BUS_Q_ALLOCATED_BY_ASSET_NAMEPLATE,PUBLIC_TOTAL_CALIBRATED_SCENARIO_NOT_UNIT_TELEMETRY
GEN:00330,OSM:node:13372490826,,wind,BUS:OSM:way:1259166797:400,6.107861199515283,-0.8714140519556302,MERIT_ORDER_AND_REN_SOURCE_TOTALS,SOLVED_BUS_Q_ALLOCATED_BY_ASSET_NAMEPLATE,PUBLIC_TOTAL_CALIBRATED_SCENARIO_NOT_UNIT_TELEMETRY
GEN:00331,OSM:node:13372482305,TS34,wind,BUS:EREDES:1709P5023900:60,6.107861199515283,-2.1282103113147155,MERIT_ORDER_AND_REN_SOURCE_TOTALS,SOLVED_BUS_Q_ALLOCATED_BY_ASSET_NAMEPLATE,PUBLIC_TOTAL_CALIBRATED_SCENARIO_NOT_UNIT_TELEMETRY
GEN:00332,OSM:way:1318191905,Central Fotovoltaica de São Teotónio,solar,BUS:EREDES:0211S5053600:60,0.020136848422075422,0.0,MERIT_ORDER_AND_REN_SOURCE_TOTALS,FIXED_PQ_SCENARIO_ASSUMPTION,PUBLIC_TOTAL_CALIBRATED_SCENARIO_NOT_UNIT_TELEMETRY
GEN:00333,OSM:node:13372482307,TS31,wind,BUS:EREDES:1709P5023900:60,6.107861199515283,-2.1282103113147155,MERIT_ORDER_AND_REN_SOURCE_TOTALS,SOLVED_BUS_Q_ALLOCATED_BY_ASSET_NAMEPLATE,PUBLIC_TOTAL_CALIBRATED_SCENARIO_NOT_UNIT_TELEMETRY
GEN:00334,OSM:way:698799179,Central Solar de Vale Matanças,solar,BUS:EREDES:1501S5053800:60,0.020136848422075422,0.0,MERIT_ORDER_AND_REN_SOURCE_TOTALS,FIXED_PQ_SCENARIO_ASSUMPTION,PUBLIC_TOTAL_CALIBRATED_SCENARIO_NOT_UNIT_TELEMETRY
GEN:00335,OSM:way:1449856025,Central Fotovoltaica de Ermidas do Sado,solar,BUS:OSM:way:1228551272:150,0.020136848422075422,3.5999999999999996,MERIT_ORDER_AND_REN_SOURCE_TOTALS,SOLVED_BUS_Q_ALLOCATED_BY_ASSET_NAMEPLATE,PUBLIC_TOTAL_CALIBRATED_SCENARIO_NOT_UNIT_TELEMETRY
GEN:00336,OSM:node:13372482306,TS29,wind,BUS:EREDES:1709P5023900:60,6.107861199515283,-2.1282103113147155,MERIT_ORDER_AND_REN_SOURCE_TOTALS,SOLVED_BUS_Q_ALLOCATED_BY_ASSET_NAMEPLATE,PUBLIC_TOTAL_CALIBRATED_SCENARIO_NOT_UNIT_TELEMETRY
GEN:00337,OSM:node:13372403298,TN26,wind,BUS:OSM:way:1259166797:400,6.107861199515283,-0.8714140519556302,MERIT_ORDER_AND_REN_SOURCE_TOTALS,SOLVED_BUS_Q_ALLOCATED_BY_ASSET_NAMEPLATE,PUBLIC_TOTAL_CALIBRATED_SCENARIO_NOT_UNIT_TELEMETRY
GEN:00338,OSM:node:13372403299,TN25,wind,BUS:OSM:way:1259166797:400,6.107861199515283,-0.8714140519556302,MERIT_ORDER_AND_REN_SOURCE_TOTALS,SOLVED_BUS_Q_ALLOCATED_BY_ASSET_NAMEPLATE,PUBLIC_TOTAL_CALIBRATED_SCENARIO_NOT_UNIT_TELEMETRY
GEN:00339,OSM:node:13372403313,TN03,wind,BUS:OSM:way:753364578:400,6.107861199515283,2.0645232232532402,MERIT_ORDER_AND_REN_SOURCE_TOTALS,SOLVED_BUS_Q_ALLOCATED_BY_ASSET_NAMEPLATE,PUBLIC_TOTAL_CALIBRATED_SCENARIO_NOT_UNIT_TELEMETRY
GEN:00340,OSM:node:13372403293,TN30,wind,BUS:OSM:way:1259166797:400,6.107861199515283,-0.8714140519556302,MERIT_ORDER_AND_REN_SOURCE_TOTALS,SOLVED_BUS_Q_ALLOCATED_BY_ASSET_NAMEPLATE,PUBLIC_TOTAL_CALIBRATED_SCENARIO_NOT_UNIT_TELEMETRY
GEN:00341,OSM:node:13372403292,,wind,BUS:OSM:way:1259166797:400,6.107861199515283,-0.8714140519556302,MERIT_ORDER_AND_REN_SOURCE_TOTALS,SOLVED_BUS_Q_ALLOCATED_BY_ASSET_NAMEPLATE,PUBLIC_TOTAL_CALIBRATED_SCENARIO_NOT_UNIT_TELEMETRY
GEN:00342,OSM:node:13372403291,,wind,BUS:OSM:way:964625644:400,6.107861199515283,-3.6000000000000005,MERIT_ORDER_AND_REN_SOURCE_TOTALS,SOLVED_BUS_Q_ALLOCATED_BY_ASSET_NAMEPLATE,PUBLIC_TOTAL_CALIBRATED_SCENARIO_NOT_UNIT_TELEMETRY
GEN:00343,OSM:node:13372403290,TN34,wind,BUS:OSM:way:964625644:400,6.107861199515283,-3.6000000000000005,MERIT_ORDER_AND_REN_SOURCE_TOTALS,SOLVED_BUS_Q_ALLOCATED_BY_ASSET_NAMEPLATE,PUBLIC_TOTAL_CALIBRATED_SCENARIO_NOT_UNIT_TELEMETRY
GEN:00344,OSM:node:13372403312,TN02,wind,BUS:OSM:way:753364578:400,6.107861199515283,2.0645232232532402,MERIT_ORDER_AND_REN_SOURCE_TOTALS,SOLVED_BUS_Q_ALLOCATED_BY_ASSET_NAMEPLATE,PUBLIC_TOTAL_CALIBRATED_SCENARIO_NOT_UNIT_TELEMETRY
GEN:00345,OSM:node:13372403300,TN24,wind,BUS:OSM:way:1259166797:400,6.107861199515283,-0.8714140519556302,MERIT_ORDER_AND_REN_SOURCE_TOTALS,SOLVED_BUS_Q_ALLOCATED_BY_ASSET_NAMEPLATE,PUBLIC_TOTAL_CALIBRATED_SCENARIO_NOT_UNIT_TELEMETRY
GEN:00346,OSM:node:13372403311,TN16,wind,BUS:EREDES:1702P5022300:60,6.107861199515283,-1.377057999914705,MERIT_ORDER_AND_REN_SOURCE_TOTALS,SOLVED_BUS_Q_ALLOCATED_BY_ASSET_NAMEPLATE,PUBLIC_TOTAL_CALIBRATED_SCENARIO_NOT_UNIT_TELEMETRY
GEN:00347,OSM:node:13372403310,TN15,wind,BUS:EREDES:1702P5022300:60,6.107861199515283,-1.377057999914705,MERIT_ORDER_AND_REN_SOURCE_TOTALS,SOLVED_BUS_Q_ALLOCATED_BY_ASSET_NAMEPLATE,PUBLIC_TOTAL_CALIBRATED_SCENARIO_NOT_UNIT_TELEMETRY
GEN:00348,OSM:node:13372403301,TN23,wind,BUS:OSM:way:1259166797:400,6.107861199515283,-0.8714140519556302,MERIT_ORDER_AND_REN_SOURCE_TOTALS,SOLVED_BUS_Q_ALLOCATED_BY_ASSET_NAMEPLATE,PUBLIC_TOTAL_CALIBRATED_SCENARIO_NOT_UNIT_TELEMETRY
GEN:00350,OSM:node:13372403309,TN14,wind,BUS:OSM:way:753364578:400,6.107861199515283,2.0645232232532402,MERIT_ORDER_AND_REN_SOURCE_TOTALS,SOLVED_BUS_Q_ALLOCATED_BY_ASSET_NAMEPLATE,PUBLIC_TOTAL_CALIBRATED_SCENARIO_NOT_UNIT_TELEMETRY
GEN:00351,OSM:node:13372403302,TN22,wind,BUS:OSM:way:1259166797:400,6.107861199515283,-0.8714140519556302,MERIT_ORDER_AND_REN_SOURCE_TOTALS,SOLVED_BUS_Q_ALLOCATED_BY_ASSET_NAMEPLATE,PUBLIC_TOTAL_CALIBRATED_SCENARIO_NOT_UNIT_TELEMETRY
GEN:00352,OSM:node:13372403308,TN11,wind,BUS:OSM:way:1259166797:400,6.107861199515283,-0.8714140519556302,MERIT_ORDER_AND_REN_SOURCE_TOTALS,SOLVED_BUS_Q_ALLOCATED_BY_ASSET_NAMEPLATE,PUBLIC_TOTAL_CALIBRATED_SCENARIO_NOT_UNIT_TELEMETRY
GEN:00353,OSM:node:13372403307,TN10,wind,BUS:OSM:way:1259166797:400,6.107861199515283,-0.8714140519556302,MERIT_ORDER_AND_REN_SOURCE_TOTALS,SOLVED_BUS_Q_ALLOCATED_BY_ASSET_NAMEPLATE,PUBLIC_TOTAL_CALIBRATED_SCENARIO_NOT_UNIT_TELEMETRY
GEN:00354,OSM:node:13372403306,TN09,wind,BUS:OSM:way:1259166797:400,6.107861199515283,-0.8714140519556302,MERIT_ORDER_AND_REN_SOURCE_TOTALS,SOLVED_BUS_Q_ALLOCATED_BY_ASSET_NAMEPLATE,PUBLIC_TOTAL_CALIBRATED_SCENARIO_NOT_UNIT_TELEMETRY
GEN:00355,OSM:node:13372403305,TN08,wind,BUS:OSM:way:1259166797:400,6.107861199515283,-0.8714140519556302,MERIT_ORDER_AND_REN_SOURCE_TOTALS,SOLVED_BUS_Q_ALLOCATED_BY_ASSET_NAMEPLATE,PUBLIC_TOTAL_CALIBRATED_SCENARIO_NOT_UNIT_TELEMETRY
GEN:00356,OSM:node:13372403304,TN07,wind,BUS:OSM:way:1259166797:400,6.107861199515283,-0.8714140519556302,MERIT_ORDER_AND_REN_SOURCE_TOTALS,SOLVED_BUS_Q_ALLOCATED_BY_ASSET_NAMEPLATE,PUBLIC_TOTAL_CALIBRATED_SCENARIO_NOT_UNIT_TELEMETRY
GEN:00357,OSM:node:13372403294,,wind,BUS:OSM:way:1259166797:400,6.107861199515283,-0.8714140519556302,MERIT_ORDER_AND_REN_SOURCE_TOTALS,SOLVED_BUS_Q_ALLOCATED_BY_ASSET_NAMEPLATE,PUBLIC_TOTAL_CALIBRATED_SCENARIO_NOT_UNIT_TELEMETRY
GEN:00358,OSM:node:13372403303,TN06,wind,BUS:OSM:way:1259166797:400,6.107861199515283,-0.8714140519556302,MERIT_ORDER_AND_REN_SOURCE_TOTALS,SOLVED_BUS_Q_ALLOCATED_BY_ASSET_NAMEPLATE,PUBLIC_TOTAL_CALIBRATED_SCENARIO_NOT_UNIT_TELEMETRY
GEN:00359,OSM:node:13372403314,TN04,wind,BUS:OSM:way:753364578:400,6.107861199515283,2.0645232232532402,MERIT_ORDER_AND_REN_SOURCE_TOTALS,SOLVED_BUS_Q_ALLOCATED_BY_ASSET_NAMEPLATE,PUBLIC_TOTAL_CALIBRATED_SCENARIO_NOT_UNIT_TELEMETRY
GEN:00360,OSM:node:13372478899,,wind,BUS:EREDES:1709P5023900:60,6.107861199515283,-2.1282103113147155,MERIT_ORDER_AND_REN_SOURCE_TOTALS,SOLVED_BUS_Q_ALLOCATED_BY_ASSET_NAMEPLATE,PUBLIC_TOTAL_CALIBRATED_SCENARIO_NOT_UNIT_TELEMETRY
GEN:00361,OSM:node:13372403297,TN27,wind,BUS:OSM:way:1259166797:400,6.107861199515283,-0.8714140519556302,MERIT_ORDER_AND_REN_SOURCE_TOTALS,SOLVED_BUS_Q_ALLOCATED_BY_ASSET_NAMEPLATE,PUBLIC_TOTAL_CALIBRATED_SCENARIO_NOT_UNIT_TELEMETRY
GEN:00362,OSM:node:13372482302,TS35,wind,BUS:EREDES:1709P5023900:60,6.107861199515283,-2.1282103113147155,MERIT_ORDER_AND_REN_SOURCE_TOTALS,SOLVED_BUS_Q_ALLOCATED_BY_ASSET_NAMEPLATE,PUBLIC_TOTAL_CALIBRATED_SCENARIO_NOT_UNIT_TELEMETRY
GEN:00363,OSM:node:13372482301,,wind,BUS:EREDES:1709P5023900:60,6.107861199515283,-2.1282103113147155,MERIT_ORDER_AND_REN_SOURCE_TOTALS,SOLVED_BUS_Q_ALLOCATED_BY_ASSET_NAMEPLATE,PUBLIC_TOTAL_CALIBRATED_SCENARIO_NOT_UNIT_TELEMETRY
GEN:00364,OSM:node:13372478900,,wind,BUS:EREDES:1709P5023900:60,6.107861199515283,-2.1282103113147155,MERIT_ORDER_AND_REN_SOURCE_TOTALS,SOLVED_BUS_Q_ALLOCATED_BY_ASSET_NAMEPLATE,PUBLIC_TOTAL_CALIBRATED_SCENARIO_NOT_UNIT_TELEMETRY
GEN:00365,OSM:node:13372403296,TN33,wind,BUS:OSM:way:1259166797:400,6.107861199515283,-0.8714140519556302,MERIT_ORDER_AND_REN_SOURCE_TOTALS,SOLVED_BUS_Q_ALLOCATED_BY_ASSET_NAMEPLATE,PUBLIC_TOTAL_CALIBRATED_SCENARIO_NOT_UNIT_TELEMETRY
GEN:00366,OSM:node:13372403315,TN05,wind,BUS:OSM:way:753364578:400,6.107861199515283,2.0645232232532402,MERIT_ORDER_AND_REN_SOURCE_TOTALS,SOLVED_BUS_Q_ALLOCATED_BY_ASSET_NAMEPLATE,PUBLIC_TOTAL_CALIBRATED_SCENARIO_NOT_UNIT_TELEMETRY
GEN:00367,OSM:node:13372403295,,wind,BUS:OSM:way:1259166797:400,6.107861199515283,-0.8714140519556302,MERIT_ORDER_AND_REN_SOURCE_TOTALS,SOLVED_BUS_Q_ALLOCATED_BY_ASSET_NAMEPLATE,PUBLIC_TOTAL_CALIBRATED_SCENARIO_NOT_UNIT_TELEMETRY
GEN:00368,OSM:node:12197499325,TG.5,biomass,BUS:EREDES:1420S5664400:60,3.7462116419098823,3.520000000000001,MERIT_ORDER_AND_REN_SOURCE_TOTALS,SOLVED_BUS_Q_ALLOCATED_BY_ASSET_NAMEPLATE,PUBLIC_TOTAL_CALIBRATED_SCENARIO_NOT_UNIT_TELEMETRY
GEN:00369,OSM:node:13125543579,,hydro,BUS:EREDES:1610S5001400:60,7.619261673478484,0.0,MERIT_ORDER_AND_REN_SOURCE_TOTALS,FIXED_PQ_SCENARIO_ASSUMPTION,PUBLIC_TOTAL_CALIBRATED_SCENARIO_NOT_UNIT_TELEMETRY
GEN:00370,OSM:way:1233931383,Central Hidroelétrica da Ermida,hydro,BUS:EREDES:0117S5023700:60,7.601885934200311,0.9817346745762242,MERIT_ORDER_AND_REN_SOURCE_TOTALS,SOLVED_BUS_Q_ALLOCATED_BY_ASSET_NAMEPLATE,PUBLIC_TOTAL_CALIBRATED_SCENARIO_NOT_UNIT_TELEMETRY
GEN:00371,OSM:way:1202722882,Aproveitamento Hidroelétrico do Teixo,hydro,BUS:EREDES:0101P5025000:60,7.601885934200311,1.7297926113858855,MERIT_ORDER_AND_REN_SOURCE_TOTALS,SOLVED_BUS_Q_ALLOCATED_BY_ASSET_NAMEPLATE,PUBLIC_TOTAL_CALIBRATED_SCENARIO_NOT_UNIT_TELEMETRY
GEN:00372,OSM:node:12197499326,TG.4,biomass,BUS:EREDES:1420S5664400:60,3.6983197317150114,3.4750000000000005,MERIT_ORDER_AND_REN_SOURCE_TOTALS,SOLVED_BUS_Q_ALLOCATED_BY_ASSET_NAMEPLATE,PUBLIC_TOTAL_CALIBRATED_SCENARIO_NOT_UNIT_TELEMETRY
GEN:00373,OSM:way:1534677987,Central Fotovoltaica de Moura A,solar,BUS:EREDES:0210S5052300:60,0.019297813071155596,0.0,MERIT_ORDER_AND_REN_SOURCE_TOTALS,FIXED_PQ_SCENARIO_ASSUMPTION,PUBLIC_TOTAL_CALIBRATED_SCENARIO_NOT_UNIT_TELEMETRY
GEN:00374,OSM:way:1051175679,Central Hidroelétrica de Pinhel,hydro,BUS:EREDES:0910S5007200:60,7.384689193223159,0.0,MERIT_ORDER_AND_REN_SOURCE_TOTALS,FIXED_PQ_SCENARIO_ASSUMPTION,PUBLIC_TOTAL_CALIBRATED_SCENARIO_NOT_UNIT_TELEMETRY
GEN:00375,OSM:way:1318849225,Central Fotovoltaica de Apra B,solar,BUS:EREDES:0808S5060200:60,0.018738456170542376,0.0,MERIT_ORDER_AND_REN_SOURCE_TOTALS,FIXED_PQ_SCENARIO_ASSUMPTION,PUBLIC_TOTAL_CALIBRATED_SCENARIO_NOT_UNIT_TELEMETRY
GEN:00376,OSM:way:1202502318,Aproveitamento Hidroelétrico de Manteigas,hydro,BUS:EREDES:0912S5009000:60,7.2760908227345835,-1.1933213325050804,MERIT_ORDER_AND_REN_SOURCE_TOTALS,SOLVED_BUS_Q_ALLOCATED_BY_ASSET_NAMEPLATE,PUBLIC_TOTAL_CALIBRATED_SCENARIO_NOT_UNIT_TELEMETRY
GEN:00377,OSM:node:13476958876,Capwatt Colombo,gas,BUS:EREDES:1106S5728000:60,0.16671269991096804,0.0,MERIT_ORDER_AND_REN_SOURCE_TOTALS,FIXED_PQ_SCENARIO_ASSUMPTION,PUBLIC_TOTAL_CALIBRATED_SCENARIO_NOT_UNIT_TELEMETRY
GEN:00378,OSM:way:683965916,Central Fotovoltaica de Barros,solar,BUS:OSM:way:1228551272:150,0.018542681255327754,3.3149999999999995,MERIT_ORDER_AND_REN_SOURCE_TOTALS,SOLVED_BUS_Q_ALLOCATED_BY_ASSET_NAMEPLATE,PUBLIC_TOTAL_CALIBRATED_SCENARIO_NOT_UNIT_TELEMETRY
GEN:00380,OSM:way:891463551,Aproveitamento Hidrolétrico de Covas do Barroso,hydro,BUS:EREDES:1702P5022300:60,7.167492452246007,-1.2623031665884792,MERIT_ORDER_AND_REN_SOURCE_TOTALS,SOLVED_BUS_Q_ALLOCATED_BY_ASSET_NAMEPLATE,PUBLIC_TOTAL_CALIBRATED_SCENARIO_NOT_UNIT_TELEMETRY
GEN:00381,OSM:way:1534682406,Central de Biomassa Florestal de Guimil,biomass,BUS:EREDES:1016P5500000:60,3.458860180740658,0.0,MERIT_ORDER_AND_REN_SOURCE_TOTALS,FIXED_PQ_SCENARIO_ASSUMPTION,PUBLIC_TOTAL_CALIBRATED_SCENARIO_NOT_UNIT_TELEMETRY
GEN:00382,OSM:node:13134678436,,hydro,BUS:EREDES:0612S5003700:60,7.028486538020632,1.0898634744928002,MERIT_ORDER_AND_REN_SOURCE_TOTALS,SOLVED_BUS_Q_ALLOCATED_BY_ASSET_NAMEPLATE,PUBLIC_TOTAL_CALIBRATED_SCENARIO_NOT_UNIT_TELEMETRY
GEN:00383,OSM:node:13134678435,,hydro,BUS:EREDES:0612S5003700:60,7.028486538020632,1.0898634744928002,MERIT_ORDER_AND_REN_SOURCE_TOTALS,SOLVED_BUS_Q_ALLOCATED_BY_ASSET_NAMEPLATE,PUBLIC_TOTAL_CALIBRATED_SCENARIO_NOT_UNIT_TELEMETRY
GEN:00384,OSM:way:1342562046,Central de Cogeração da Bamiso,oil,BUS:OSM:way:144374442:220,1.6866153078055033,0.0,MERIT_ORDER_AND_REN_SOURCE_TOTALS,FIXED_PQ_SCENARIO_ASSUMPTION,PUBLIC_TOTAL_CALIBRATED_SCENARIO_NOT_UNIT_TELEMETRY
GEN:00385,OSM:node:13125388092,Grupo 1,hydro,BUS:EREDES:0311S5001300:60,6.788484139240879,0.0,MERIT_ORDER_AND_REN_SOURCE_TOTALS,FIXED_PQ_SCENARIO_ASSUMPTION,PUBLIC_TOTAL_CALIBRATED_SCENARIO_NOT_UNIT_TELEMETRY
GEN:00386,OSM:way:541592886,Central Fotovoltaica de Porteirinhos,solar,BUS:EREDES:0202S5052400:60,0.017340063919009434,0.0,MERIT_ORDER_AND_REN_SOURCE_TOTALS,FIXED_PQ_SCENARIO_ASSUMPTION,PUBLIC_TOTAL_CALIBRATED_SCENARIO_NOT_UNIT_TELEMETRY
GEN:00387,OSM:node:10948589200,,wind,BUS:EREDES:0803S5904000:60,5.259547144027049,-0.3111970138949325,MERIT_ORDER_AND_REN_SOURCE_TOTALS,SOLVED_BUS_Q_ALLOCATED_BY_ASSET_NAMEPLATE,PUBLIC_TOTAL_CALIBRATED_SCENARIO_NOT_UNIT_TELEMETRY
GEN:00388,OSM:node:10948589201,,wind,BUS:EREDES:0803S5904000:60,5.259547144027049,-0.3111970138949325,MERIT_ORDER_AND_REN_SOURCE_TOTALS,SOLVED_BUS_Q_ALLOCATED_BY_ASSET_NAMEPLATE,PUBLIC_TOTAL_CALIBRATED_SCENARIO_NOT_UNIT_TELEMETRY
GEN:00392,OSM:node:13177934858,,hydro,BUS:EREDES:1203S5650400:60,6.624500599803128,0.0,MERIT_ORDER_AND_REN_SOURCE_TOTALS,FIXED_PQ_SCENARIO_ASSUMPTION,PUBLIC_TOTAL_CALIBRATED_SCENARIO_NOT_UNIT_TELEMETRY
GEN:00394,OSM:node:11632343104,Parque Eólico de Morgavel,wind,BUS:EREDES:1513P5907500:60,5.089884332929403,2.8579000099149625,MERIT_ORDER_AND_REN_SOURCE_TOTALS,SOLVED_BUS_Q_ALLOCATED_BY_ASSET_NAMEPLATE,PUBLIC_TOTAL_CALIBRATED_SCENARIO_NOT_UNIT_TELEMETRY
GEN:00395,OSM:way:525476924,Central Fotovoltaica de Ferreiras,solar,BUS:EREDES:0801S5063000:60,0.016780707018396217,0.0,MERIT_ORDER_AND_REN_SOURCE_TOTALS,FIXED_PQ_SCENARIO_ASSUMPTION,PUBLIC_TOTAL_CALIBRATED_SCENARIO_NOT_UNIT_TELEMETRY
GEN:00396,OSM:node:11632347596,Parque Eólico de Morgavel,wind,BUS:EREDES:1513P5907500:60,5.089884332929403,2.8579000099149625,MERIT_ORDER_AND_REN_SOURCE_TOTALS,SOLVED_BUS_Q_ALLOCATED_BY_ASSET_NAMEPLATE,PUBLIC_TOTAL_CALIBRATED_SCENARIO_NOT_UNIT_TELEMETRY
GEN:00397,OSM:node:11632347597,Parque Eólico de Morgavel,wind,BUS:EREDES:1513P5907500:60,5.089884332929403,2.8579000099149625,MERIT_ORDER_AND_REN_SOURCE_TOTALS,SOLVED_BUS_Q_ALLOCATED_BY_ASSET_NAMEPLATE,PUBLIC_TOTAL_CALIBRATED_SCENARIO_NOT_UNIT_TELEMETRY
GEN:00398,OSM:node:11637958508,Parque Eólico de Morgavel,wind,BUS:EREDES:1513P5907500:60,5.089884332929403,2.8579000099149625,MERIT_ORDER_AND_REN_SOURCE_TOTALS,SOLVED_BUS_Q_ALLOCATED_BY_ASSET_NAMEPLATE,PUBLIC_TOTAL_CALIBRATED_SCENARIO_NOT_UNIT_TELEMETRY
GEN:00399,OSM:node:11632347595,Parque Eólico de Morgavel,wind,BUS:EREDES:1513P5907500:60,5.089884332929403,2.8579000099149625,MERIT_ORDER_AND_REN_SOURCE_TOTALS,SOLVED_BUS_Q_ALLOCATED_BY_ASSET_NAMEPLATE,PUBLIC_TOTAL_CALIBRATED_SCENARIO_NOT_UNIT_TELEMETRY
GEN:00400,OSM:relation:18095343,Central Fotovoltaica do MARL,solar,BUS:EREDES:1107S5819500:60,0.016501028568089608,0.0,MERIT_ORDER_AND_REN_SOURCE_TOTALS,FIXED_PQ_SCENARIO_ASSUMPTION,PUBLIC_TOTAL_CALIBRATED_SCENARIO_NOT_UNIT_TELEMETRY
GEN:00401,OSM:relation:18070701,IKEA Industry Portugal - Penamaior,solar,BUS:EREDES:1310S5000800:60,0.016221350117783,0.0,MERIT_ORDER_AND_REN_SOURCE_TOTALS,FIXED_PQ_SCENARIO_ASSUMPTION,PUBLIC_TOTAL_CALIBRATED_SCENARIO_NOT_UNIT_TELEMETRY
GEN:00402,OSM:node:12191671372,,wind,BUS:EREDES:1805P5021600:60,4.920221521831755,-0.8163900604707871,MERIT_ORDER_AND_REN_SOURCE_TOTALS,SOLVED_BUS_Q_ALLOCATED_BY_ASSET_NAMEPLATE,PUBLIC_TOTAL_CALIBRATED_SCENARIO_NOT_UNIT_TELEMETRY
GEN:00403,OSM:way:326119082,Central Hidroéletrica Sabugal-Meimoa,hydro,BUS:EREDES:0911S5007700:60,6.190107117848826,0.21643406487524014,MERIT_ORDER_AND_REN_SOURCE_TOTALS,SOLVED_BUS_Q_ALLOCATED_BY_ASSET_NAMEPLATE,PUBLIC_TOTAL_CALIBRATED_SCENARIO_NOT_UNIT_TELEMETRY
GEN:00404,OSM:way:1221586687,Aproveitamento Hidroelétrico da Ucanha,hydro,BUS:EREDES:1805S5011300:60,6.190107117848826,0.0,MERIT_ORDER_AND_REN_SOURCE_TOTALS,FIXED_PQ_SCENARIO_ASSUMPTION,PUBLIC_TOTAL_CALIBRATED_SCENARIO_NOT_UNIT_TELEMETRY
GEN:00405,OSM:way:1201405689,Central Termoelétrica de Cogeração da Centroliva,biomass,BUS:OSM:way:362486619:150,2.995905048856909,-0.8102404967231533,MERIT_ORDER_AND_REN_SOURCE_TOTALS,SOLVED_BUS_Q_ALLOCATED_BY_ASSET_NAMEPLATE,PUBLIC_TOTAL_CALIBRATED_SCENARIO_NOT_UNIT_TELEMETRY
GEN:00406,OSM:node:11383566918,,hydro,BUS:EREDES:1803P5015700:60,6.08150874736025,-0.8383276479013183,MERIT_ORDER_AND_REN_SOURCE_TOTALS,SOLVED_BUS_Q_ALLOCATED_BY_ASSET_NAMEPLATE,PUBLIC_TOTAL_CALIBRATED_SCENARIO_NOT_UNIT_TELEMETRY
GEN:00407,OSM:node:13135173370,Grupo 3,hydro,BUS:EREDES:1805S5001700:60,5.9902861161498455,2.7579999999999996,MERIT_ORDER_AND_REN_SOURCE_TOTALS,SOLVED_BUS_Q_ALLOCATED_BY_ASSET_NAMEPLATE,PUBLIC_TOTAL_CALIBRATED_SCENARIO_NOT_UNIT_TELEMETRY
GEN:00408,OSM:way:1317470825,Central de Valorização Energética do Ecoparque da Abrunheira,biogas,BUS:EREDES:1109S5430000:60,2.916085198532124,0.0,MERIT_ORDER_AND_REN_SOURCE_TOTALS,FIXED_PQ_SCENARIO_ASSUMPTION,PUBLIC_TOTAL_CALIBRATED_SCENARIO_NOT_UNIT_TELEMETRY
GEN:00409,OSM:node:13156379489,,hydro,BUS:EREDES:0309P5022500:60,5.909923321988299,0.0,MERIT_ORDER_AND_REN_SOURCE_TOTALS,FIXED_PQ_SCENARIO_ASSUMPTION,PUBLIC_TOTAL_CALIBRATED_SCENARIO_NOT_UNIT_TELEMETRY
GEN:00411,OSM:way:1227781358,Aproveitamento Hidroelétrico de Talhadas,hydro,BUS:EREDES:0117S5023700:60,5.8643120063830985,0.7573381775302302,MERIT_ORDER_AND_REN_SOURCE_TOTALS,SOLVED_BUS_Q_ALLOCATED_BY_ASSET_NAMEPLATE,PUBLIC_TOTAL_CALIBRATED_SCENARIO_NOT_UNIT_TELEMETRY
GEN:00412,OSM:node:1711476828,,hydro,BUS:EREDES:0213P5902300:60,5.647115265405946,0.0,MERIT_ORDER_AND_REN_SOURCE_TOTALS,FIXED_PQ_SCENARIO_ASSUMPTION,PUBLIC_TOTAL_CALIBRATED_SCENARIO_NOT_UNIT_TELEMETRY
GEN:00413,OSM:way:1317470832,Central de Valorização Energética do CITVRSU de Coimbra,biogas,BUS:EREDES:0603S5005200:60,2.7245175577526415,0.0,MERIT_ORDER_AND_REN_SOURCE_TOTALS,FIXED_PQ_SCENARIO_ASSUMPTION,PUBLIC_TOTAL_CALIBRATED_SCENARIO_NOT_UNIT_TELEMETRY
GEN:00414,OSM:node:13477041208,Capwatt Lousado,gas,BUS:EREDES:0312S5002700:60,0.12690071187252788,2.55,MERIT_ORDER_AND_REN_SOURCE_TOTALS,SOLVED_BUS_Q_ALLOCATED_BY_ASSET_NAMEPLATE,PUBLIC_TOTAL_CALIBRATED_SCENARIO_NOT_UNIT_TELEMETRY
GEN:00415,OSM:node:11637579530,,hydro,BUS:OSM:way:767739005:400,5.429918524428794,-1.3105502919036112,MERIT_ORDER_AND_REN_SOURCE_TOTALS,SOLVED_BUS_Q_ALLOCATED_BY_ASSET_NAMEPLATE,PUBLIC_TOTAL_CALIBRATED_SCENARIO_NOT_UNIT_TELEMETRY
GEN:00416,OSM:way:1227771325,Aproveitamento Hidroelétrico do Carregal,hydro,BUS:EREDES:0119S5010100:60,5.429918524428794,0.0,MERIT_ORDER_AND_REN_SOURCE_TOTALS,FIXED_PQ_SCENARIO_ASSUMPTION,PUBLIC_TOTAL_CALIBRATED_SCENARIO_NOT_UNIT_TELEMETRY
GEN:00417,OSM:way:1380313160,UPPs Ourém,solar,BUS:EREDES:1421S5002900:60,0.01398392251533013,0.0,MERIT_ORDER_AND_REN_SOURCE_TOTALS,FIXED_PQ_SCENARIO_ASSUMPTION,PUBLIC_TOTAL_CALIBRATED_SCENARIO_NOT_UNIT_TELEMETRY
GEN:00418,OSM:way:665087188,Central Fotovoltaica de Alta Concentração da Malhada Velha 2,solar,BUS:OSM:way:144635505:150,0.01398392251533013,2.5,MERIT_ORDER_AND_REN_SOURCE_TOTALS,SOLVED_BUS_Q_ALLOCATED_BY_ASSET_NAMEPLATE,PUBLIC_TOTAL_CALIBRATED_SCENARIO_NOT_UNIT_TELEMETRY
GEN:00419,OSM:way:1033228970,Central Hidroeléctrica en El Chanza,hydro,BUS:OSM:way:1154057619:150,5.429918524428794,-0.05550211736005382,MERIT_ORDER_AND_REN_SOURCE_TOTALS,SOLVED_BUS_Q_ALLOCATED_BY_ASSET_NAMEPLATE,PUBLIC_TOTAL_CALIBRATED_SCENARIO_NOT_UNIT_TELEMETRY
GEN:00420,OSM:way:658616404,Parque Fotovoltaico Eresolar,solar,BUS:EREDES:0705S5042200:60,0.01398392251533013,0.0,MERIT_ORDER_AND_REN_SOURCE_TOTALS,FIXED_PQ_SCENARIO_ASSUMPTION,PUBLIC_TOTAL_CALIBRATED_SCENARIO_NOT_UNIT_TELEMETRY
GEN:00421,OSM:way:810053185,Central Solar Flutuante de Alqueva,solar,BUS:OSM:way:1256744849:400,0.01398392251533013,-0.5608850400255254,MERIT_ORDER_AND_REN_SOURCE_TOTALS,SOLVED_BUS_Q_ALLOCATED_BY_ASSET_NAMEPLATE,PUBLIC_TOTAL_CALIBRATED_SCENARIO_NOT_UNIT_TELEMETRY
GEN:00422,OSM:way:659343653,Central Solar Fotovoltaica de Alcamises,solar,BUS:EREDES:0705P5906700:60,0.01398392251533013,2.1097130467560063,MERIT_ORDER_AND_REN_SOURCE_TOTALS,SOLVED_BUS_Q_ALLOCATED_BY_ASSET_NAMEPLATE,PUBLIC_TOTAL_CALIBRATED_SCENARIO_NOT_UNIT_TELEMETRY
GEN:00423,OSM:way:1553439228,Central Solar Fotovoltaica de Esgueira,solar,BUS:EREDES:0105S5003900:60,0.01398392251533013,0.0,MERIT_ORDER_AND_REN_SOURCE_TOTALS,FIXED_PQ_SCENARIO_ASSUMPTION,PUBLIC_TOTAL_CALIBRATED_SCENARIO_NOT_UNIT_TELEMETRY
GEN:00424,OSM:node:12197499419,TG.7,biomass,BUS:EREDES:1420S5664400:60,2.634055060717886,2.4750000000000005,MERIT_ORDER_AND_REN_SOURCE_TOTALS,SOLVED_BUS_Q_ALLOCATED_BY_ASSET_NAMEPLATE,PUBLIC_TOTAL_CALIBRATED_SCENARIO_NOT_UNIT_TELEMETRY
GEN:00425,OSM:node:13476663864,,hydro,BUS:EREDES:1714S5006100:60,5.2170657182711855,0.6350874029802688,MERIT_ORDER_AND_REN_SOURCE_TOTALS,SOLVED_BUS_Q_ALLOCATED_BY_ASSET_NAMEPLATE,PUBLIC_TOTAL_CALIBRATED_SCENARIO_NOT_UNIT_TELEMETRY
GEN:00426,OSM:node:10951464336,,wind,BUS:EREDES:1824P5021300:60,4.0719074663435215,2.036259833492437,MERIT_ORDER_AND_REN_SOURCE_TOTALS,SOLVED_BUS_Q_ALLOCATED_BY_ASSET_NAMEPLATE,PUBLIC_TOTAL_CALIBRATED_SCENARIO_NOT_UNIT_TELEMETRY
GEN:00427,OSM:node:10951464337,,wind,BUS:EREDES:1824P5021300:60,4.0719074663435215,2.036259833492437,MERIT_ORDER_AND_REN_SOURCE_TOTALS,SOLVED_BUS_Q_ALLOCATED_BY_ASSET_NAMEPLATE,PUBLIC_TOTAL_CALIBRATED_SCENARIO_NOT_UNIT_TELEMETRY
GEN:00428,OSM:node:10951464338,,wind,BUS:EREDES:1824P5021300:60,4.0719074663435215,2.036259833492437,MERIT_ORDER_AND_REN_SOURCE_TOTALS,SOLVED_BUS_Q_ALLOCATED_BY_ASSET_NAMEPLATE,PUBLIC_TOTAL_CALIBRATED_SCENARIO_NOT_UNIT_TELEMETRY
GEN:00429,OSM:relation:17864902,Central Solar Fotovoltaica da Sertã,solar,BUS:EREDES:0509S5003300:60,0.013424565614716912,2.4,MERIT_ORDER_AND_REN_SOURCE_TOTALS,SOLVED_BUS_Q_ALLOCATED_BY_ASSET_NAMEPLATE,PUBLIC_TOTAL_CALIBRATED_SCENARIO_NOT_UNIT_TELEMETRY
GEN:00430,OSM:node:10951464339,,wind,BUS:EREDES:1824P5021300:60,4.0719074663435215,2.036259833492437,MERIT_ORDER_AND_REN_SOURCE_TOTALS,SOLVED_BUS_Q_ALLOCATED_BY_ASSET_NAMEPLATE,PUBLIC_TOTAL_CALIBRATED_SCENARIO_NOT_UNIT_TELEMETRY
GEN:00431,OSM:way:1534705800,Central Fotovoltaica de Bicas,solar,BUS:OSM:way:1228550798:150,0.013424565614716912,0.0,MERIT_ORDER_AND_REN_SOURCE_TOTALS,FIXED_PQ_SCENARIO_ASSUMPTION,PUBLIC_TOTAL_CALIBRATED_SCENARIO_NOT_UNIT_TELEMETRY
GEN:00433,OSM:way:1342562045,Central de Cogeração da Lactogal,oil,BUS:EREDES:0113S5008000:60,1.2448827271897764,0.0,MERIT_ORDER_AND_REN_SOURCE_TOTALS,FIXED_PQ_SCENARIO_ASSUMPTION,PUBLIC_TOTAL_CALIBRATED_SCENARIO_NOT_UNIT_TELEMETRY
GEN:00434,OSM:node:13125074898,,hydro,BUS:OSM:way:144374439:220,4.99552504247449,0.0,MERIT_ORDER_AND_REN_SOURCE_TOTALS,FIXED_PQ_SCENARIO_ASSUMPTION,PUBLIC_TOTAL_CALIBRATED_SCENARIO_NOT_UNIT_TELEMETRY
GEN:00435,OSM:node:11632343070,Parque Eólico de Morgavel,wind,BUS:EREDES:1513P5907500:60,3.902244655245875,2.191056674268138,MERIT_ORDER_AND_REN_SOURCE_TOTALS,SOLVED_BUS_Q_ALLOCATED_BY_ASSET_NAMEPLATE,PUBLIC_TOTAL_CALIBRATED_SCENARIO_NOT_UNIT_TELEMETRY
GEN:00436,OSM:node:11632343069,Parque Eólico de Morgavel,wind,BUS:EREDES:1513P5907500:60,3.902244655245875,2.191056674268138,MERIT_ORDER_AND_REN_SOURCE_TOTALS,SOLVED_BUS_Q_ALLOCATED_BY_ASSET_NAMEPLATE,PUBLIC_TOTAL_CALIBRATED_SCENARIO_NOT_UNIT_TELEMETRY
GEN:00437,OSM:node:13125388093,Grupo 2,hydro,BUS:EREDES:0311S5001300:60,4.9922670913598335,0.0,MERIT_ORDER_AND_REN_SOURCE_TOTALS,FIXED_PQ_SCENARIO_ASSUMPTION,PUBLIC_TOTAL_CALIBRATED_SCENARIO_NOT_UNIT_TELEMETRY
GEN:00438,OSM:node:12191246258,M20,wind,BUS:EREDES:1805P5021600:60,3.8174132496970516,-0.6334060813997486,MERIT_ORDER_AND_REN_SOURCE_TOTALS,SOLVED_BUS_Q_ALLOCATED_BY_ASSET_NAMEPLATE,PUBLIC_TOTAL_CALIBRATED_SCENARIO_NOT_UNIT_TELEMETRY
GEN:00439,OSM:way:1318849226,Central Fotovoltaica de Apra A,solar,BUS:EREDES:0808S5060200:60,0.012585530263797088,0.0,MERIT_ORDER_AND_REN_SOURCE_TOTALS,FIXED_PQ_SCENARIO_ASSUMPTION,PUBLIC_TOTAL_CALIBRATED_SCENARIO_NOT_UNIT_TELEMETRY
GEN:00440,OSM:node:12191246261,M21,wind,BUS:EREDES:1805P5021600:60,3.8174132496970516,-0.6334060813997486,MERIT_ORDER_AND_REN_SOURCE_TOTALS,SOLVED_BUS_Q_ALLOCATED_BY_ASSET_NAMEPLATE,PUBLIC_TOTAL_CALIBRATED_SCENARIO_NOT_UNIT_TELEMETRY
GEN:00441,OSM:way:1227795235,Aproveitamento Hidroelétrico de Pereira,hydro,BUS:EREDES:1803S5004800:60,4.886926671985915,-1.5718758801202306,MERIT_ORDER_AND_REN_SOURCE_TOTALS,SOLVED_BUS_Q_ALLOCATED_BY_ASSET_NAMEPLATE,PUBLIC_TOTAL_CALIBRATED_SCENARIO_NOT_UNIT_TELEMETRY
GEN:00442,OSM:way:380519066,Aproveitamento Hidroelétrico de Vale Soeiro,hydro,BUS:EREDES:1803S5004800:60,4.778328301497339,-1.5369453050064477,MERIT_ORDER_AND_REN_SOURCE_TOTALS,SOLVED_BUS_Q_ALLOCATED_BY_ASSET_NAMEPLATE,PUBLIC_TOTAL_CALIBRATED_SCENARIO_NOT_UNIT_TELEMETRY
GEN:00443,OSM:way:425085549,,solar,BUS:EREDES:1105P5395500:60,0.01230585181349048,0.0,MERIT_ORDER_AND_REN_SOURCE_TOTALS,FIXED_PQ_SCENARIO_ASSUMPTION,PUBLIC_TOTAL_CALIBRATED_SCENARIO_NOT_UNIT_TELEMETRY
GEN:00444,OSM:way:1534711923,Central Fotovoltaica de Mafra,solar,BUS:EREDES:1109S5430000:60,0.01202617336318387,0.0,MERIT_ORDER_AND_REN_SOURCE_TOTALS,FIXED_PQ_SCENARIO_ASSUMPTION,PUBLIC_TOTAL_CALIBRATED_SCENARIO_NOT_UNIT_TELEMETRY
GEN:00445,OSM:node:10888542194,AG05,wind,BUS:OSM:way:236290371:220,3.647750438599405,0.0,MERIT_ORDER_AND_REN_SOURCE_TOTALS,FIXED_PQ_SCENARIO_ASSUMPTION,PUBLIC_TOTAL_CALIBRATED_SCENARIO_NOT_UNIT_TELEMETRY
GEN:00446,OSM:node:10888542195,AG04,wind,BUS:OSM:way:236290371:220,3.647750438599405,0.0,MERIT_ORDER_AND_REN_SOURCE_TOTALS,FIXED_PQ_SCENARIO_ASSUMPTION,PUBLIC_TOTAL_CALIBRATED_SCENARIO_NOT_UNIT_TELEMETRY
GEN:00447,OSM:node:10888542196,AG03,wind,BUS:OSM:way:236290371:220,3.647750438599405,0.0,MERIT_ORDER_AND_REN_SOURCE_TOTALS,FIXED_PQ_SCENARIO_ASSUMPTION,PUBLIC_TOTAL_CALIBRATED_SCENARIO_NOT_UNIT_TELEMETRY
GEN:00448,OSM:node:10888542197,AG02,wind,BUS:OSM:way:236290371:220,3.647750438599405,0.0,MERIT_ORDER_AND_REN_SOURCE_TOTALS,FIXED_PQ_SCENARIO_ASSUMPTION,PUBLIC_TOTAL_CALIBRATED_SCENARIO_NOT_UNIT_TELEMETRY
GEN:00449,OSM:node:12192753332,,wind,BUS:OSM:way:753364578:400,3.562919033050582,1.2043052135643904,MERIT_ORDER_AND_REN_SOURCE_TOTALS,SOLVED_BUS_Q_ALLOCATED_BY_ASSET_NAMEPLATE,PUBLIC_TOTAL_CALIBRATED_SCENARIO_NOT_UNIT_TELEMETRY
GEN:00450,OSM:node:10702020982,,wind,BUS:OSM:way:340910721:150,3.562919033050582,-0.7664853210160884,MERIT_ORDER_AND_REN_SOURCE_TOTALS,SOLVED_BUS_Q_ALLOCATED_BY_ASSET_NAMEPLATE,PUBLIC_TOTAL_CALIBRATED_SCENARIO_NOT_UNIT_TELEMETRY
GEN:00451,OSM:node:12189825198,Proença (Sobreequipamento),wind,BUS:OSM:way:340102181:150,3.562919033050582,0.0,MERIT_ORDER_AND_REN_SOURCE_TOTALS,FIXED_PQ_SCENARIO_ASSUMPTION,PUBLIC_TOTAL_CALIBRATED_SCENARIO_NOT_UNIT_TELEMETRY
GEN:00452,OSM:node:12197871340,,wind,BUS:EREDES:0508S5008800:60,3.562919033050582,0.0,MERIT_ORDER_AND_REN_SOURCE_TOTALS,FIXED_PQ_SCENARIO_ASSUMPTION,PUBLIC_TOTAL_CALIBRATED_SCENARIO_NOT_UNIT_TELEMETRY
GEN:00453,OSM:node:12604216875,,wind,BUS:OSM:way:340910721:150,3.562919033050582,-0.7664853210160884,MERIT_ORDER_AND_REN_SOURCE_TOTALS,SOLVED_BUS_Q_ALLOCATED_BY_ASSET_NAMEPLATE,PUBLIC_TOTAL_CALIBRATED_SCENARIO_NOT_UNIT_TELEMETRY
GEN:00454,OSM:node:12604216876,,wind,BUS:OSM:way:340910721:150,3.562919033050582,-0.7664853210160884,MERIT_ORDER_AND_REN_SOURCE_TOTALS,SOLVED_BUS_Q_ALLOCATED_BY_ASSET_NAMEPLATE,PUBLIC_TOTAL_CALIBRATED_SCENARIO_NOT_UNIT_TELEMETRY
GEN:00455,OSM:node:12604216877,,wind,BUS:EREDES:0612S5003700:60,3.562919033050582,0.7072661608266009,MERIT_ORDER_AND_REN_SOURCE_TOTALS,SOLVED_BUS_Q_ALLOCATED_BY_ASSET_NAMEPLATE,PUBLIC_TOTAL_CALIBRATED_SCENARIO_NOT_UNIT_TELEMETRY
GEN:00456,OSM:node:12189825199,Proença (Sobreequipamento),wind,BUS:OSM:way:340102181:150,3.562919033050582,0.0,MERIT_ORDER_AND_REN_SOURCE_TOTALS,FIXED_PQ_SCENARIO_ASSUMPTION,PUBLIC_TOTAL_CALIBRATED_SCENARIO_NOT_UNIT_TELEMETRY
GEN:00457,OSM:node:10702020981,,wind,BUS:OSM:way:340910721:150,3.562919033050582,-0.7664853210160884,MERIT_ORDER_AND_REN_SOURCE_TOTALS,SOLVED_BUS_Q_ALLOCATED_BY_ASSET_NAMEPLATE,PUBLIC_TOTAL_CALIBRATED_SCENARIO_NOT_UNIT_TELEMETRY
GEN:00458,OSM:node:10702020983,,wind,BUS:OSM:way:340910721:150,3.562919033050582,-0.7664853210160884,MERIT_ORDER_AND_REN_SOURCE_TOTALS,SOLVED_BUS_Q_ALLOCATED_BY_ASSET_NAMEPLATE,PUBLIC_TOTAL_CALIBRATED_SCENARIO_NOT_UNIT_TELEMETRY
GEN:00459,OSM:node:12604216878,,wind,BUS:OSM:way:340910721:150,3.562919033050582,-0.7664853210160884,MERIT_ORDER_AND_REN_SOURCE_TOTALS,SOLVED_BUS_Q_ALLOCATED_BY_ASSET_NAMEPLATE,PUBLIC_TOTAL_CALIBRATED_SCENARIO_NOT_UNIT_TELEMETRY
GEN:00460,OSM:node:10702020984,,wind,BUS:OSM:way:340910721:150,3.562919033050582,-0.7664853210160884,MERIT_ORDER_AND_REN_SOURCE_TOTALS,SOLVED_BUS_Q_ALLOCATED_BY_ASSET_NAMEPLATE,PUBLIC_TOTAL_CALIBRATED_SCENARIO_NOT_UNIT_TELEMETRY
GEN:00461,OSM:node:10702020985,,wind,BUS:OSM:way:340910721:150,3.562919033050582,-0.7664853210160884,MERIT_ORDER_AND_REN_SOURCE_TOTALS,SOLVED_BUS_Q_ALLOCATED_BY_ASSET_NAMEPLATE,PUBLIC_TOTAL_CALIBRATED_SCENARIO_NOT_UNIT_TELEMETRY
GEN:00462,OSM:node:12604310883,,wind,BUS:OSM:way:340910721:150,3.562919033050582,-0.7664853210160884,MERIT_ORDER_AND_REN_SOURCE_TOTALS,SOLVED_BUS_Q_ALLOCATED_BY_ASSET_NAMEPLATE,PUBLIC_TOTAL_CALIBRATED_SCENARIO_NOT_UNIT_TELEMETRY
GEN:00463,OSM:node:12189825200,Proença (Sobreequipamento),wind,BUS:OSM:way:340102181:150,3.562919033050582,0.0,MERIT_ORDER_AND_REN_SOURCE_TOTALS,FIXED_PQ_SCENARIO_ASSUMPTION,PUBLIC_TOTAL_CALIBRATED_SCENARIO_NOT_UNIT_TELEMETRY
GEN:00464,OSM:way:644950427,Central Solar dos Montes Novos,solar,BUS:EREDES:0704S5041600:60,0.011550719997662636,0.0,MERIT_ORDER_AND_REN_SOURCE_TOTALS,FIXED_PQ_SCENARIO_ASSUMPTION,PUBLIC_TOTAL_CALIBRATED_SCENARIO_NOT_UNIT_TELEMETRY
GEN:00465,OSM:node:13065357639,,hydro,BUS:OSM:way:1259166797:400,4.452533190031611,-0.496221890696956,MERIT_ORDER_AND_REN_SOURCE_TOTALS,SOLVED_BUS_Q_ALLOCATED_BY_ASSET_NAMEPLATE,PUBLIC_TOTAL_CALIBRATED_SCENARIO_NOT_UNIT_TELEMETRY
GEN:00466,OSM:way:583585045,Central Solar da Salgueirinha,solar,BUS:EREDES:1508S5902400:60,0.011187138012264146,1.0684513922623282,MERIT_ORDER_AND_REN_SOURCE_TOTALS,SOLVED_BUS_Q_ALLOCATED_BY_ASSET_NAMEPLATE,PUBLIC_TOTAL_CALIBRATED_SCENARIO_NOT_UNIT_TELEMETRY
GEN:00467,OSM:way:584027099,,solar,BUS:EREDES:1508S5902400:60,0.011187138012264146,1.0684513922623282,MERIT_ORDER_AND_REN_SOURCE_TOTALS,SOLVED_BUS_Q_ALLOCATED_BY_ASSET_NAMEPLATE,PUBLIC_TOTAL_CALIBRATED_SCENARIO_NOT_UNIT_TELEMETRY
GEN:00468,OSM:way:1227604652,Aproveitamento Hidroelétrico de Paus,hydro,BUS:EREDES:1610S5025800:60,4.343934819543035,0.0,MERIT_ORDER_AND_REN_SOURCE_TOTALS,FIXED_PQ_SCENARIO_ASSUMPTION,PUBLIC_TOTAL_CALIBRATED_SCENARIO_NOT_UNIT_TELEMETRY
GEN:00469,OSM:way:584027101,,solar,BUS:EREDES:1508S5902400:60,0.011187138012264146,1.0684513922623282,MERIT_ORDER_AND_REN_SOURCE_TOTALS,SOLVED_BUS_Q_ALLOCATED_BY_ASSET_NAMEPLATE,PUBLIC_TOTAL_CALIBRATED_SCENARIO_NOT_UNIT_TELEMETRY
GEN:00470,OSM:node:13167307170,,hydro,BUS:EREDES:1824P5021300:60,4.260314074266832,1.6642181930814228,MERIT_ORDER_AND_REN_SOURCE_TOTALS,SOLVED_BUS_Q_ALLOCATED_BY_ASSET_NAMEPLATE,PUBLIC_TOTAL_CALIBRATED_SCENARIO_NOT_UNIT_TELEMETRY
GEN:00471,OSM:way:1242000627,Minihídrica de Ruivães,hydro,BUS:OSM:way:397005282:150,4.23533644905446,0.15895444422566835,MERIT_ORDER_AND_REN_SOURCE_TOTALS,SOLVED_BUS_Q_ALLOCATED_BY_ASSET_NAMEPLATE,PUBLIC_TOTAL_CALIBRATED_SCENARIO_NOT_UNIT_TELEMETRY
GEN:00472,OSM:way:969274207,Aproveitamento Hidroelétrico da Senhora do Salto,hydro,BUS:OSM:way:124722161:220,4.126738078565883,0.0,MERIT_ORDER_AND_REN_SOURCE_TOTALS,FIXED_PQ_SCENARIO_ASSUMPTION,PUBLIC_TOTAL_CALIBRATED_SCENARIO_NOT_UNIT_TELEMETRY
GEN:00473,OSM:way:1317987591,Central de Cogeração da SIAF,biomass,BUS:EREDES:1806S5008500:60,2.0221028748945384,0.0,MERIT_ORDER_AND_REN_SOURCE_TOTALS,FIXED_PQ_SCENARIO_ASSUMPTION,PUBLIC_TOTAL_CALIBRATED_SCENARIO_NOT_UNIT_TELEMETRY
GEN:00474,OSM:way:1227604664,Aproveitamento Hidroelétrico da Boavista,hydro,BUS:EREDES:0312S5001200:60,4.126738078565883,0.0,MERIT_ORDER_AND_REN_SOURCE_TOTALS,FIXED_PQ_SCENARIO_ASSUMPTION,PUBLIC_TOTAL_CALIBRATED_SCENARIO_NOT_UNIT_TELEMETRY
GEN:00475,OSM:way:1227780037,Aproveitamento Hidroelétrico de Paredes,hydro,BUS:EREDES:1824S5009400:60,4.126738078565883,0.0,MERIT_ORDER_AND_REN_SOURCE_TOTALS,FIXED_PQ_SCENARIO_ASSUMPTION,PUBLIC_TOTAL_CALIBRATED_SCENARIO_NOT_UNIT_TELEMETRY
GEN:00476,OSM:way:1288199992,Central Fotovoltaica da Exide,solar,BUS:EREDES:1114P5329500:60,0.01062778111165093,0.0,MERIT_ORDER_AND_REN_SOURCE_TOTALS,FIXED_PQ_SCENARIO_ASSUMPTION,PUBLIC_TOTAL_CALIBRATED_SCENARIO_NOT_UNIT_TELEMETRY
GEN:00477,OSM:way:167449736,Central Hidroelétrica de Vila Viçosa,hydro,BUS:EREDES:0106S5021300:60,4.126738078565883,0.0,MERIT_ORDER_AND_REN_SOURCE_TOTALS,FIXED_PQ_SCENARIO_ASSUMPTION,PUBLIC_TOTAL_CALIBRATED_SCENARIO_NOT_UNIT_TELEMETRY
GEN:00479,OSM:node:13178385236,,hydro,BUS:EREDES:1203S5650400:60,3.9095413375887316,0.0,MERIT_ORDER_AND_REN_SOURCE_TOTALS,FIXED_PQ_SCENARIO_ASSUMPTION,PUBLIC_TOTAL_CALIBRATED_SCENARIO_NOT_UNIT_TELEMETRY
GEN:00480,OSM:node:9666671195,Acatel,gas,BUS:EREDES:0302S5003100:60,0.08957697308649026,0.0,MERIT_ORDER_AND_REN_SOURCE_TOTALS,FIXED_PQ_SCENARIO_ASSUMPTION,PUBLIC_TOTAL_CALIBRATED_SCENARIO_NOT_UNIT_TELEMETRY
GEN:00481,OSM:node:12189124854,AC52,wind,BUS:OSM:way:144398555:220,3.0539305997576416,-0.5990147663434261,MERIT_ORDER_AND_REN_SOURCE_TOTALS,SOLVED_BUS_Q_ALLOCATED_BY_ASSET_NAMEPLATE,PUBLIC_TOTAL_CALIBRATED_SCENARIO_NOT_UNIT_TELEMETRY
GEN:00482,OSM:node:12189124855,AC51,wind,BUS:OSM:way:144398555:220,3.0539305997576416,-0.5990147663434261,MERIT_ORDER_AND_REN_SOURCE_TOTALS,SOLVED_BUS_Q_ALLOCATED_BY_ASSET_NAMEPLATE,PUBLIC_TOTAL_CALIBRATED_SCENARIO_NOT_UNIT_TELEMETRY
GEN:00484,OSM:node:12189124856,FR26,wind,BUS:EREDES:1713S5014700:60,3.0539305997576416,0.2739804727169837,MERIT_ORDER_AND_REN_SOURCE_TOTALS,SOLVED_BUS_Q_ALLOCATED_BY_ASSET_NAMEPLATE,PUBLIC_TOTAL_CALIBRATED_SCENARIO_NOT_UNIT_TELEMETRY
GEN:00485,OSM:node:12189124858,FR23,wind,BUS:EREDES:1713S5014700:60,3.0539305997576416,0.2739804727169837,MERIT_ORDER_AND_REN_SOURCE_TOTALS,SOLVED_BUS_Q_ALLOCATED_BY_ASSET_NAMEPLATE,PUBLIC_TOTAL_CALIBRATED_SCENARIO_NOT_UNIT_TELEMETRY
GEN:00486,OSM:node:12189124859,FR24,wind,BUS:EREDES:1713S5014700:60,3.0539305997576416,0.2739804727169837,MERIT_ORDER_AND_REN_SOURCE_TOTALS,SOLVED_BUS_Q_ALLOCATED_BY_ASSET_NAMEPLATE,PUBLIC_TOTAL_CALIBRATED_SCENARIO_NOT_UNIT_TELEMETRY
GEN:00487,OSM:node:12192753331,,wind,BUS:EREDES:1002S5023000:60,3.0539305997576416,1.0197889344278157,MERIT_ORDER_AND_REN_SOURCE_TOTALS,SOLVED_BUS_Q_ALLOCATED_BY_ASSET_NAMEPLATE,PUBLIC_TOTAL_CALIBRATED_SCENARIO_NOT_UNIT_TELEMETRY
GEN:00488,OSM:node:12189124857,FR25,wind,BUS:EREDES:1713S5014700:60,3.0539305997576416,0.2739804727169837,MERIT_ORDER_AND_REN_SOURCE_TOTALS,SOLVED_BUS_Q_ALLOCATED_BY_ASSET_NAMEPLATE,PUBLIC_TOTAL_CALIBRATED_SCENARIO_NOT_UNIT_TELEMETRY
GEN:00489,OSM:way:1320833061,Central Fotovoltaica de Beja,solar,BUS:EREDES:0205S5050100:60,0.009788745760731101,0.0,MERIT_ORDER_AND_REN_SOURCE_TOTALS,FIXED_PQ_SCENARIO_ASSUMPTION,PUBLIC_TOTAL_CALIBRATED_SCENARIO_NOT_UNIT_TELEMETRY
GEN:00490,OSM:way:1317452105,Central de Valorização Energética do Aterro Sanitário do Planalto Beirão,biogas,BUS:OSM:way:144545386:220,1.8464992041800128,0.0,MERIT_ORDER_AND_REN_SOURCE_TOTALS,FIXED_PQ_SCENARIO_ASSUMPTION,PUBLIC_TOTAL_CALIBRATED_SCENARIO_NOT_UNIT_TELEMETRY
GEN:00491,OSM:way:1434837282,Central Hidroelétrica de Serra Serrada,hydro,BUS:EREDES:0402S5005100:60,3.6923445966115795,0.0,MERIT_ORDER_AND_REN_SOURCE_TOTALS,FIXED_PQ_SCENARIO_ASSUMPTION,PUBLIC_TOTAL_CALIBRATED_SCENARIO_NOT_UNIT_TELEMETRY
GEN:00492,OSM:way:605050477,Aproveitamento Hidroelétrico do Alvito,hydro,BUS:EREDES:0713S5900400:60,3.6923445966115795,0.0,MERIT_ORDER_AND_REN_SOURCE_TOTALS,FIXED_PQ_SCENARIO_ASSUMPTION,PUBLIC_TOTAL_CALIBRATED_SCENARIO_NOT_UNIT_TELEMETRY
GEN:00493,OSM:way:1469545407,Capwatt Vale do Caima,gas,BUS:EREDES:0119S5010100:60,0.08460047458168518,0.0,MERIT_ORDER_AND_REN_SOURCE_TOTALS,FIXED_PQ_SCENARIO_ASSUMPTION,PUBLIC_TOTAL_CALIBRATED_SCENARIO_NOT_UNIT_TELEMETRY
GEN:00494,OSM:way:1296056182,Sistema Piloto Solar Térmico para Calor de Processo Industrial a Média Temperatura,solar,BUS:EREDES:0705P5906700:60,0.009509067310424493,1.4346048717940842,MERIT_ORDER_AND_REN_SOURCE_TOTALS,SOLVED_BUS_Q_ALLOCATED_BY_ASSET_NAMEPLATE,PUBLIC_TOTAL_CALIBRATED_SCENARIO_NOT_UNIT_TELEMETRY
GEN:00496,OSM:way:1317717988,Central Termoelétrica da PALSER,biomass,BUS:EREDES:0509S5003300:60,1.756036707145257,1.65,MERIT_ORDER_AND_REN_SOURCE_TOTALS,SOLVED_BUS_Q_ALLOCATED_BY_ASSET_NAMEPLATE,PUBLIC_TOTAL_CALIBRATED_SCENARIO_NOT_UNIT_TELEMETRY
GEN:00497,OSM:way:974063511,Central Fotovoltaica do Parque Aventura,solar,BUS:EREDES:1315S5021000:60,0.00908954963496458,0.0,MERIT_ORDER_AND_REN_SOURCE_TOTALS,FIXED_PQ_SCENARIO_ASSUMPTION,PUBLIC_TOTAL_CALIBRATED_SCENARIO_NOT_UNIT_TELEMETRY
GEN:00498,OSM:way:1227781362,Aproveitamento Hidroelétrico de Soutinho,hydro,BUS:EREDES:0101P5025000:60,3.4751478556344284,0.7907623366335477,MERIT_ORDER_AND_REN_SOURCE_TOTALS,SOLVED_BUS_Q_ALLOCATED_BY_ASSET_NAMEPLATE,PUBLIC_TOTAL_CALIBRATED_SCENARIO_NOT_UNIT_TELEMETRY
GEN:00499,OSM:way:908335955,Aproveitamento Hidroelétrico de Fráguas,hydro,BUS:EREDES:1817S5010700:60,3.4751478556344284,0.0,MERIT_ORDER_AND_REN_SOURCE_TOTALS,FIXED_PQ_SCENARIO_ASSUMPTION,PUBLIC_TOTAL_CALIBRATED_SCENARIO_NOT_UNIT_TELEMETRY
GEN:00500,OSM:way:1365713582,Central Solar Lusical,solar,BUS:EREDES:1416S5901000:60,0.008949710409811275,0.0,MERIT_ORDER_AND_REN_SOURCE_TOTALS,FIXED_PQ_SCENARIO_ASSUMPTION,PUBLIC_TOTAL_CALIBRATED_SCENARIO_NOT_UNIT_TELEMETRY
GEN:00502,OSM:way:1469545403,Feneralt,gas,BUS:EREDES:0302S5022200:60,0.07962397607688021,0.0,MERIT_ORDER_AND_REN_SOURCE_TOTALS,FIXED_PQ_SCENARIO_ASSUMPTION,PUBLIC_TOTAL_CALIBRATED_SCENARIO_NOT_UNIT_TELEMETRY
GEN:00503,OSM:way:148325362,Central Hidroelétrica de Vales,hydro,BUS:OSM:way:144398555:220,3.4751478556344284,-0.5324575700830455,MERIT_ORDER_AND_REN_SOURCE_TOTALS,SOLVED_BUS_Q_ALLOCATED_BY_ASSET_NAMEPLATE,PUBLIC_TOTAL_CALIBRATED_SCENARIO_NOT_UNIT_TELEMETRY
GEN:00504,OSM:way:1317470826,Central de Valorização Energética do Aterro Sanitário do Oeste,biogas,BUS:EREDES:1113S5480800:60,1.6868595035304441,0.0,MERIT_ORDER_AND_REN_SOURCE_TOTALS,FIXED_PQ_SCENARIO_ASSUMPTION,PUBLIC_TOTAL_CALIBRATED_SCENARIO_NOT_UNIT_TELEMETRY
GEN:00507,OSM:way:1316725150,Aproveitamento Hidroelétrico de Bragado,hydro,BUS:OSM:way:768087809:400,3.3665494851458524,0.0,MERIT_ORDER_AND_REN_SOURCE_TOTALS,FIXED_PQ_SCENARIO_ASSUMPTION,PUBLIC_TOTAL_CALIBRATED_SCENARIO_NOT_UNIT_TELEMETRY
GEN:00508,OSM:way:879308464,Aproveitamento Hidroelétrico de Ribadouro,hydro,BUS:OSM:way:1258290321:220,3.3665494851458524,0.24319560623610112,MERIT_ORDER_AND_REN_SOURCE_TOTALS,SOLVED_BUS_Q_ALLOCATED_BY_ASSET_NAMEPLATE,PUBLIC_TOTAL_CALIBRATED_SCENARIO_NOT_UNIT_TELEMETRY
GEN:00509,OSM:node:1077204717,,wind,BUS:EREDES:0606P5020700:60,2.5449421664647014,-1.5,MERIT_ORDER_AND_REN_SOURCE_TOTALS,SOLVED_BUS_Q_ALLOCATED_BY_ASSET_NAMEPLATE,PUBLIC_TOTAL_CALIBRATED_SCENARIO_NOT_UNIT_TELEMETRY
GEN:00510,OSM:node:1110855163,,wind,BUS:OSM:way:144586949:220,2.5449421664647014,-0.3951081063686414,MERIT_ORDER_AND_REN_SOURCE_TOTALS,SOLVED_BUS_Q_ALLOCATED_BY_ASSET_NAMEPLATE,PUBLIC_TOTAL_CALIBRATED_SCENARIO_NOT_UNIT_TELEMETRY
GEN:00511,OSM:way:505087700,Central Fotovoltaica de Alta Concentração de Estoi,solar,BUS:OSM:way:93512590:150,0.008390353509198057,0.0,MERIT_ORDER_AND_REN_SOURCE_TOTALS,FIXED_PQ_SCENARIO_ASSUMPTION,PUBLIC_TOTAL_CALIBRATED_SCENARIO_NOT_UNIT_TELEMETRY
GEN:00512,OSM:node:1605616258,31,wind,BUS:EREDES:1001S5000400:60,2.5449421664647014,0.5703975329602163,MERIT_ORDER_AND_REN_SOURCE_TOTALS,SOLVED_BUS_Q_ALLOCATED_BY_ASSET_NAMEPLATE,PUBLIC_TOTAL_CALIBRATED_SCENARIO_NOT_UNIT_TELEMETRY
GEN:00513,OSM:node:1605616261,30,wind,BUS:EREDES:1001S5000400:60,2.5449421664647014,0.5703975329602163,MERIT_ORDER_AND_REN_SOURCE_TOTALS,SOLVED_BUS_Q_ALLOCATED_BY_ASSET_NAMEPLATE,PUBLIC_TOTAL_CALIBRATED_SCENARIO_NOT_UNIT_TELEMETRY
GEN:00514,OSM:node:1077204862,,wind,BUS:OSM:way:144586949:220,2.5449421664647014,-0.3951081063686414,MERIT_ORDER_AND_REN_SOURCE_TOTALS,SOLVED_BUS_Q_ALLOCATED_BY_ASSET_NAMEPLATE,PUBLIC_TOTAL_CALIBRATED_SCENARIO_NOT_UNIT_TELEMETRY
GEN:00515,OSM:node:1077204503,,wind,BUS:EREDES:0606P5020700:60,2.5449421664647014,-1.5,MERIT_ORDER_AND_REN_SOURCE_TOTALS,SOLVED_BUS_Q_ALLOCATED_BY_ASSET_NAMEPLATE,PUBLIC_TOTAL_CALIBRATED_SCENARIO_NOT_UNIT_TELEMETRY
GEN:00516,OSM:node:1110855113,,wind,BUS:OSM:way:144586949:220,2.5449421664647014,-0.3951081063686414,MERIT_ORDER_AND_REN_SOURCE_TOTALS,SOLVED_BUS_Q_ALLOCATED_BY_ASSET_NAMEPLATE,PUBLIC_TOTAL_CALIBRATED_SCENARIO_NOT_UNIT_TELEMETRY
GEN:00517,OSM:node:1110855112,,wind,BUS:OSM:way:144586949:220,2.5449421664647014,-0.3951081063686414,MERIT_ORDER_AND_REN_SOURCE_TOTALS,SOLVED_BUS_Q_ALLOCATED_BY_ASSET_NAMEPLATE,PUBLIC_TOTAL_CALIBRATED_SCENARIO_NOT_UNIT_TELEMETRY
GEN:00518,OSM:node:1110855107,,wind,BUS:OSM:way:144586949:220,2.5449421664647014,-0.3951081063686414,MERIT_ORDER_AND_REN_SOURCE_TOTALS,SOLVED_BUS_Q_ALLOCATED_BY_ASSET_NAMEPLATE,PUBLIC_TOTAL_CALIBRATED_SCENARIO_NOT_UNIT_TELEMETRY
GEN:00519,OSM:node:1077204669,,wind,BUS:EREDES:0606P5020700:60,2.5449421664647014,-1.5,MERIT_ORDER_AND_REN_SOURCE_TOTALS,SOLVED_BUS_Q_ALLOCATED_BY_ASSET_NAMEPLATE,PUBLIC_TOTAL_CALIBRATED_SCENARIO_NOT_UNIT_TELEMETRY
GEN:00520,OSM:node:1077205526,,wind,BUS:EREDES:0606P5020700:60,2.5449421664647014,-1.5,MERIT_ORDER_AND_REN_SOURCE_TOTALS,SOLVED_BUS_Q_ALLOCATED_BY_ASSET_NAMEPLATE,PUBLIC_TOTAL_CALIBRATED_SCENARIO_NOT_UNIT_TELEMETRY
GEN:00521,OSM:node:1605616263,28,wind,BUS:EREDES:1001S5000400:60,2.5449421664647014,0.5703975329602163,MERIT_ORDER_AND_REN_SOURCE_TOTALS,SOLVED_BUS_Q_ALLOCATED_BY_ASSET_NAMEPLATE,PUBLIC_TOTAL_CALIBRATED_SCENARIO_NOT_UNIT_TELEMETRY
GEN:00522,OSM:node:1110855134,,wind,BUS:OSM:way:144586949:220,2.5449421664647014,-0.3951081063686414,MERIT_ORDER_AND_REN_SOURCE_TOTALS,SOLVED_BUS_Q_ALLOCATED_BY_ASSET_NAMEPLATE,PUBLIC_TOTAL_CALIBRATED_SCENARIO_NOT_UNIT_TELEMETRY
GEN:00523,OSM:node:1110855165,,wind,BUS:OSM:way:144586949:220,2.5449421664647014,-0.3951081063686414,MERIT_ORDER_AND_REN_SOURCE_TOTALS,SOLVED_BUS_Q_ALLOCATED_BY_ASSET_NAMEPLATE,PUBLIC_TOTAL_CALIBRATED_SCENARIO_NOT_UNIT_TELEMETRY
GEN:00524,OSM:node:1110855173,,wind,BUS:OSM:way:144586949:220,2.5449421664647014,-0.3951081063686414,MERIT_ORDER_AND_REN_SOURCE_TOTALS,SOLVED_BUS_Q_ALLOCATED_BY_ASSET_NAMEPLATE,PUBLIC_TOTAL_CALIBRATED_SCENARIO_NOT_UNIT_TELEMETRY
GEN:00525,OSM:node:1605616268,29,wind,BUS:EREDES:1001S5000400:60,2.5449421664647014,0.5703975329602163,MERIT_ORDER_AND_REN_SOURCE_TOTALS,SOLVED_BUS_Q_ALLOCATED_BY_ASSET_NAMEPLATE,PUBLIC_TOTAL_CALIBRATED_SCENARIO_NOT_UNIT_TELEMETRY
GEN:00526,OSM:node:1605616283,25,wind,BUS:EREDES:1001S5000400:60,2.5449421664647014,0.5703975329602163,MERIT_ORDER_AND_REN_SOURCE_TOTALS,SOLVED_BUS_Q_ALLOCATED_BY_ASSET_NAMEPLATE,PUBLIC_TOTAL_CALIBRATED_SCENARIO_NOT_UNIT_TELEMETRY
GEN:00527,OSM:node:1110855175,,wind,BUS:OSM:way:144586949:220,2.5449421664647014,-0.3951081063686414,MERIT_ORDER_AND_REN_SOURCE_TOTALS,SOLVED_BUS_Q_ALLOCATED_BY_ASSET_NAMEPLATE,PUBLIC_TOTAL_CALIBRATED_SCENARIO_NOT_UNIT_TELEMETRY
GEN:00528,OSM:node:1110855178,,wind,BUS:OSM:way:144586949:220,2.5449421664647014,-0.3951081063686414,MERIT_ORDER_AND_REN_SOURCE_TOTALS,SOLVED_BUS_Q_ALLOCATED_BY_ASSET_NAMEPLATE,PUBLIC_TOTAL_CALIBRATED_SCENARIO_NOT_UNIT_TELEMETRY
GEN:00529,OSM:node:1605616286,26,wind,BUS:EREDES:1001S5000400:60,2.5449421664647014,0.5703975329602163,MERIT_ORDER_AND_REN_SOURCE_TOTALS,SOLVED_BUS_Q_ALLOCATED_BY_ASSET_NAMEPLATE,PUBLIC_TOTAL_CALIBRATED_SCENARIO_NOT_UNIT_TELEMETRY
GEN:00530,OSM:node:1605616289,18,wind,BUS:EREDES:1001S5000400:60,2.5449421664647014,0.5703975329602163,MERIT_ORDER_AND_REN_SOURCE_TOTALS,SOLVED_BUS_Q_ALLOCATED_BY_ASSET_NAMEPLATE,PUBLIC_TOTAL_CALIBRATED_SCENARIO_NOT_UNIT_TELEMETRY
GEN:00531,OSM:node:1110855180,,wind,BUS:OSM:way:144586949:220,2.5449421664647014,-0.3951081063686414,MERIT_ORDER_AND_REN_SOURCE_TOTALS,SOLVED_BUS_Q_ALLOCATED_BY_ASSET_NAMEPLATE,PUBLIC_TOTAL_CALIBRATED_SCENARIO_NOT_UNIT_TELEMETRY
GEN:00532,OSM:node:1110855183,,wind,BUS:OSM:way:144586949:220,2.5449421664647014,-0.3951081063686414,MERIT_ORDER_AND_REN_SOURCE_TOTALS,SOLVED_BUS_Q_ALLOCATED_BY_ASSET_NAMEPLATE,PUBLIC_TOTAL_CALIBRATED_SCENARIO_NOT_UNIT_TELEMETRY
GEN:00533,OSM:node:1110855126,,wind,BUS:OSM:way:144586949:220,2.5449421664647014,-0.3951081063686414,MERIT_ORDER_AND_REN_SOURCE_TOTALS,SOLVED_BUS_Q_ALLOCATED_BY_ASSET_NAMEPLATE,PUBLIC_TOTAL_CALIBRATED_SCENARIO_NOT_UNIT_TELEMETRY
GEN:00534,OSM:node:1110855123,,wind,BUS:OSM:way:144586949:220,2.5449421664647014,-0.3951081063686414,MERIT_ORDER_AND_REN_SOURCE_TOTALS,SOLVED_BUS_Q_ALLOCATED_BY_ASSET_NAMEPLATE,PUBLIC_TOTAL_CALIBRATED_SCENARIO_NOT_UNIT_TELEMETRY
GEN:00535,OSM:node:1110855164,,wind,BUS:OSM:way:144586949:220,2.5449421664647014,-0.3951081063686414,MERIT_ORDER_AND_REN_SOURCE_TOTALS,SOLVED_BUS_Q_ALLOCATED_BY_ASSET_NAMEPLATE,PUBLIC_TOTAL_CALIBRATED_SCENARIO_NOT_UNIT_TELEMETRY
GEN:00536,OSM:node:1110855119,,wind,BUS:OSM:way:144586949:220,2.5449421664647014,-0.3951081063686414,MERIT_ORDER_AND_REN_SOURCE_TOTALS,SOLVED_BUS_Q_ALLOCATED_BY_ASSET_NAMEPLATE,PUBLIC_TOTAL_CALIBRATED_SCENARIO_NOT_UNIT_TELEMETRY
GEN:00537,OSM:node:1605616265,21,wind,BUS:EREDES:1001S5000400:60,2.5449421664647014,0.5703975329602163,MERIT_ORDER_AND_REN_SOURCE_TOTALS,SOLVED_BUS_Q_ALLOCATED_BY_ASSET_NAMEPLATE,PUBLIC_TOTAL_CALIBRATED_SCENARIO_NOT_UNIT_TELEMETRY
GEN:00538,OSM:node:1110855116,,wind,BUS:OSM:way:144586949:220,2.5449421664647014,-0.3951081063686414,MERIT_ORDER_AND_REN_SOURCE_TOTALS,SOLVED_BUS_Q_ALLOCATED_BY_ASSET_NAMEPLATE,PUBLIC_TOTAL_CALIBRATED_SCENARIO_NOT_UNIT_TELEMETRY
GEN:00539,OSM:node:1605616264,27,wind,BUS:EREDES:1001S5000400:60,2.5449421664647014,0.5703975329602163,MERIT_ORDER_AND_REN_SOURCE_TOTALS,SOLVED_BUS_Q_ALLOCATED_BY_ASSET_NAMEPLATE,PUBLIC_TOTAL_CALIBRATED_SCENARIO_NOT_UNIT_TELEMETRY
GEN:00540,OSM:node:1110855114,,wind,BUS:OSM:way:144586949:220,2.5449421664647014,-0.3951081063686414,MERIT_ORDER_AND_REN_SOURCE_TOTALS,SOLVED_BUS_Q_ALLOCATED_BY_ASSET_NAMEPLATE,PUBLIC_TOTAL_CALIBRATED_SCENARIO_NOT_UNIT_TELEMETRY
GEN:00541,OSM:way:1379337311,UPPs SEIA,solar,BUS:OSM:way:137667702:220,0.008390353509198057,0.0,MERIT_ORDER_AND_REN_SOURCE_TOTALS,FIXED_PQ_SCENARIO_ASSUMPTION,PUBLIC_TOTAL_CALIBRATED_SCENARIO_NOT_UNIT_TELEMETRY
GEN:00542,OSM:node:1110855152,,wind,BUS:OSM:way:144586949:220,2.5449421664647014,-0.3951081063686414,MERIT_ORDER_AND_REN_SOURCE_TOTALS,SOLVED_BUS_Q_ALLOCATED_BY_ASSET_NAMEPLATE,PUBLIC_TOTAL_CALIBRATED_SCENARIO_NOT_UNIT_TELEMETRY
GEN:00543,OSM:node:4481607231,7,wind,BUS:OSM:way:131715746:220,2.5449421664647014,1.5,MERIT_ORDER_AND_REN_SOURCE_TOTALS,SOLVED_BUS_Q_ALLOCATED_BY_ASSET_NAMEPLATE,PUBLIC_TOTAL_CALIBRATED_SCENARIO_NOT_UNIT_TELEMETRY
GEN:00544,OSM:node:4481607230,16,wind,BUS:OSM:way:131715746:220,2.5449421664647014,1.5,MERIT_ORDER_AND_REN_SOURCE_TOTALS,SOLVED_BUS_Q_ALLOCATED_BY_ASSET_NAMEPLATE,PUBLIC_TOTAL_CALIBRATED_SCENARIO_NOT_UNIT_TELEMETRY
GEN:00545,OSM:node:4481607229,6,wind,BUS:OSM:way:131715746:220,2.5449421664647014,1.5,MERIT_ORDER_AND_REN_SOURCE_TOTALS,SOLVED_BUS_Q_ALLOCATED_BY_ASSET_NAMEPLATE,PUBLIC_TOTAL_CALIBRATED_SCENARIO_NOT_UNIT_TELEMETRY
GEN:00546,OSM:node:4481607228,5,wind,BUS:OSM:way:131715746:220,2.5449421664647014,1.5,MERIT_ORDER_AND_REN_SOURCE_TOTALS,SOLVED_BUS_Q_ALLOCATED_BY_ASSET_NAMEPLATE,PUBLIC_TOTAL_CALIBRATED_SCENARIO_NOT_UNIT_TELEMETRY
GEN:00547,OSM:node:4481607227,4,wind,BUS:OSM:way:131715746:220,2.5449421664647014,1.5,MERIT_ORDER_AND_REN_SOURCE_TOTALS,SOLVED_BUS_Q_ALLOCATED_BY_ASSET_NAMEPLATE,PUBLIC_TOTAL_CALIBRATED_SCENARIO_NOT_UNIT_TELEMETRY
GEN:00548,OSM:node:4481607226,3,wind,BUS:OSM:way:131715746:220,2.5449421664647014,1.5,MERIT_ORDER_AND_REN_SOURCE_TOTALS,SOLVED_BUS_Q_ALLOCATED_BY_ASSET_NAMEPLATE,PUBLIC_TOTAL_CALIBRATED_SCENARIO_NOT_UNIT_TELEMETRY
GEN:00549,OSM:node:4481607212,2,wind,BUS:OSM:way:131715746:220,2.5449421664647014,1.5,MERIT_ORDER_AND_REN_SOURCE_TOTALS,SOLVED_BUS_Q_ALLOCATED_BY_ASSET_NAMEPLATE,PUBLIC_TOTAL_CALIBRATED_SCENARIO_NOT_UNIT_TELEMETRY
GEN:00550,OSM:node:1110855139,,wind,BUS:OSM:way:144586949:220,2.5449421664647014,-0.3951081063686414,MERIT_ORDER_AND_REN_SOURCE_TOTALS,SOLVED_BUS_Q_ALLOCATED_BY_ASSET_NAMEPLATE,PUBLIC_TOTAL_CALIBRATED_SCENARIO_NOT_UNIT_TELEMETRY
GEN:00551,OSM:node:1605616296,17,wind,BUS:EREDES:1001S5000400:60,2.5449421664647014,0.5703975329602163,MERIT_ORDER_AND_REN_SOURCE_TOTALS,SOLVED_BUS_Q_ALLOCATED_BY_ASSET_NAMEPLATE,PUBLIC_TOTAL_CALIBRATED_SCENARIO_NOT_UNIT_TELEMETRY
GEN:00552,OSM:node:1110855136,,wind,BUS:OSM:way:144586949:220,2.5449421664647014,-0.3951081063686414,MERIT_ORDER_AND_REN_SOURCE_TOTALS,SOLVED_BUS_Q_ALLOCATED_BY_ASSET_NAMEPLATE,PUBLIC_TOTAL_CALIBRATED_SCENARIO_NOT_UNIT_TELEMETRY
GEN:00553,OSM:node:1077205607,,wind,BUS:EREDES:0606P5020700:60,2.5449421664647014,-1.5,MERIT_ORDER_AND_REN_SOURCE_TOTALS,SOLVED_BUS_Q_ALLOCATED_BY_ASSET_NAMEPLATE,PUBLIC_TOTAL_CALIBRATED_SCENARIO_NOT_UNIT_TELEMETRY
GEN:00554,OSM:node:1605616293,19,wind,BUS:EREDES:1001S5000400:60,2.5449421664647014,0.5703975329602163,MERIT_ORDER_AND_REN_SOURCE_TOTALS,SOLVED_BUS_Q_ALLOCATED_BY_ASSET_NAMEPLATE,PUBLIC_TOTAL_CALIBRATED_SCENARIO_NOT_UNIT_TELEMETRY
GEN:00555,OSM:node:1605616248,33,wind,BUS:EREDES:1001S5000400:60,2.5449421664647014,0.5703975329602163,MERIT_ORDER_AND_REN_SOURCE_TOTALS,SOLVED_BUS_Q_ALLOCATED_BY_ASSET_NAMEPLATE,PUBLIC_TOTAL_CALIBRATED_SCENARIO_NOT_UNIT_TELEMETRY
GEN:00556,OSM:node:1605616244,15,wind,BUS:EREDES:1001S5000400:60,2.5449421664647014,0.5703975329602163,MERIT_ORDER_AND_REN_SOURCE_TOTALS,SOLVED_BUS_Q_ALLOCATED_BY_ASSET_NAMEPLATE,PUBLIC_TOTAL_CALIBRATED_SCENARIO_NOT_UNIT_TELEMETRY
GEN:00557,OSM:node:1605616231,14,wind,BUS:EREDES:1001S5000400:60,2.5449421664647014,0.5703975329602163,MERIT_ORDER_AND_REN_SOURCE_TOTALS,SOLVED_BUS_Q_ALLOCATED_BY_ASSET_NAMEPLATE,PUBLIC_TOTAL_CALIBRATED_SCENARIO_NOT_UNIT_TELEMETRY
GEN:00558,OSM:node:1077205350,,wind,BUS:EREDES:0606P5020700:60,2.5449421664647014,-1.5,MERIT_ORDER_AND_REN_SOURCE_TOTALS,SOLVED_BUS_Q_ALLOCATED_BY_ASSET_NAMEPLATE,PUBLIC_TOTAL_CALIBRATED_SCENARIO_NOT_UNIT_TELEMETRY
GEN:00559,OSM:node:1605616229,13,wind,BUS:EREDES:1001S5000400:60,2.5449421664647014,0.5703975329602163,MERIT_ORDER_AND_REN_SOURCE_TOTALS,SOLVED_BUS_Q_ALLOCATED_BY_ASSET_NAMEPLATE,PUBLIC_TOTAL_CALIBRATED_SCENARIO_NOT_UNIT_TELEMETRY
GEN:00560,OSM:node:1077205707,,wind,BUS:EREDES:0606P5020700:60,2.5449421664647014,-1.5,MERIT_ORDER_AND_REN_SOURCE_TOTALS,SOLVED_BUS_Q_ALLOCATED_BY_ASSET_NAMEPLATE,PUBLIC_TOTAL_CALIBRATED_SCENARIO_NOT_UNIT_TELEMETRY
GEN:00561,OSM:node:1077205649,,wind,BUS:EREDES:0606P5020700:60,2.5449421664647014,-1.5,MERIT_ORDER_AND_REN_SOURCE_TOTALS,SOLVED_BUS_Q_ALLOCATED_BY_ASSET_NAMEPLATE,PUBLIC_TOTAL_CALIBRATED_SCENARIO_NOT_UNIT_TELEMETRY
GEN:00562,OSM:node:1077205440,,wind,BUS:EREDES:0606P5020700:60,2.5449421664647014,-1.5,MERIT_ORDER_AND_REN_SOURCE_TOTALS,SOLVED_BUS_Q_ALLOCATED_BY_ASSET_NAMEPLATE,PUBLIC_TOTAL_CALIBRATED_SCENARIO_NOT_UNIT_TELEMETRY
GEN:00563,OSM:node:4481607232,8,wind,BUS:OSM:way:131715746:220,2.5449421664647014,1.5,MERIT_ORDER_AND_REN_SOURCE_TOTALS,SOLVED_BUS_Q_ALLOCATED_BY_ASSET_NAMEPLATE,PUBLIC_TOTAL_CALIBRATED_SCENARIO_NOT_UNIT_TELEMETRY
GEN:00564,OSM:node:4481607233,1,wind,BUS:OSM:way:131715746:220,2.5449421664647014,1.5,MERIT_ORDER_AND_REN_SOURCE_TOTALS,SOLVED_BUS_Q_ALLOCATED_BY_ASSET_NAMEPLATE,PUBLIC_TOTAL_CALIBRATED_SCENARIO_NOT_UNIT_TELEMETRY
GEN:00565,OSM:node:4481607234,10,wind,BUS:OSM:way:131715746:220,2.5449421664647014,1.5,MERIT_ORDER_AND_REN_SOURCE_TOTALS,SOLVED_BUS_Q_ALLOCATED_BY_ASSET_NAMEPLATE,PUBLIC_TOTAL_CALIBRATED_SCENARIO_NOT_UNIT_TELEMETRY
GEN:00566,OSM:node:4481607235,9,wind,BUS:OSM:way:131715746:220,2.5449421664647014,1.5,MERIT_ORDER_AND_REN_SOURCE_TOTALS,SOLVED_BUS_Q_ALLOCATED_BY_ASSET_NAMEPLATE,PUBLIC_TOTAL_CALIBRATED_SCENARIO_NOT_UNIT_TELEMETRY
GEN:00567,OSM:node:1605616249,32,wind,BUS:EREDES:1001S5000400:60,2.5449421664647014,0.5703975329602163,MERIT_ORDER_AND_REN_SOURCE_TOTALS,SOLVED_BUS_Q_ALLOCATED_BY_ASSET_NAMEPLATE,PUBLIC_TOTAL_CALIBRATED_SCENARIO_NOT_UNIT_TELEMETRY
GEN:00568,OSM:node:1110855149,,wind,BUS:OSM:way:144586949:220,2.5449421664647014,-0.3951081063686414,MERIT_ORDER_AND_REN_SOURCE_TOTALS,SOLVED_BUS_Q_ALLOCATED_BY_ASSET_NAMEPLATE,PUBLIC_TOTAL_CALIBRATED_SCENARIO_NOT_UNIT_TELEMETRY
GEN:00569,OSM:node:1110855147,,wind,BUS:OSM:way:144586949:220,2.5449421664647014,-0.3951081063686414,MERIT_ORDER_AND_REN_SOURCE_TOTALS,SOLVED_BUS_Q_ALLOCATED_BY_ASSET_NAMEPLATE,PUBLIC_TOTAL_CALIBRATED_SCENARIO_NOT_UNIT_TELEMETRY
GEN:00570,OSM:node:1110855145,,wind,BUS:OSM:way:144586949:220,2.5449421664647014,-0.3951081063686414,MERIT_ORDER_AND_REN_SOURCE_TOTALS,SOLVED_BUS_Q_ALLOCATED_BY_ASSET_NAMEPLATE,PUBLIC_TOTAL_CALIBRATED_SCENARIO_NOT_UNIT_TELEMETRY
GEN:00571,OSM:node:1077204935,,wind,BUS:EREDES:0606P5020700:60,2.5449421664647014,-1.5,MERIT_ORDER_AND_REN_SOURCE_TOTALS,SOLVED_BUS_Q_ALLOCATED_BY_ASSET_NAMEPLATE,PUBLIC_TOTAL_CALIBRATED_SCENARIO_NOT_UNIT_TELEMETRY
GEN:00572,OSM:way:191457515,Aproveitamento Hidroelétrico dos Coucinhos,hydro,BUS:EREDES:0912S5008200:60,3.2579511146572764,-0.36388159526207375,MERIT_ORDER_AND_REN_SOURCE_TOTALS,SOLVED_BUS_Q_ALLOCATED_BY_ASSET_NAMEPLATE,PUBLIC_TOTAL_CALIBRATED_SCENARIO_NOT_UNIT_TELEMETRY
GEN:00573,OSM:node:1077205074,,wind,BUS:EREDES:0606P5020700:60,2.5449421664647014,-1.5,MERIT_ORDER_AND_REN_SOURCE_TOTALS,SOLVED_BUS_Q_ALLOCATED_BY_ASSET_NAMEPLATE,PUBLIC_TOTAL_CALIBRATED_SCENARIO_NOT_UNIT_TELEMETRY
GEN:00574,OSM:node:1110855132,,wind,BUS:OSM:way:144586949:220,2.5449421664647014,-0.3951081063686414,MERIT_ORDER_AND_REN_SOURCE_TOTALS,SOLVED_BUS_Q_ALLOCATED_BY_ASSET_NAMEPLATE,PUBLIC_TOTAL_CALIBRATED_SCENARIO_NOT_UNIT_TELEMETRY
GEN:00575,OSM:node:1077205188,,wind,BUS:EREDES:0606P5020700:60,2.5449421664647014,-1.5,MERIT_ORDER_AND_REN_SOURCE_TOTALS,SOLVED_BUS_Q_ALLOCATED_BY_ASSET_NAMEPLATE,PUBLIC_TOTAL_CALIBRATED_SCENARIO_NOT_UNIT_TELEMETRY
GEN:00576,OSM:node:1077205242,,wind,BUS:EREDES:0606P5020700:60,2.5449421664647014,-1.5,MERIT_ORDER_AND_REN_SOURCE_TOTALS,SOLVED_BUS_Q_ALLOCATED_BY_ASSET_NAMEPLATE,PUBLIC_TOTAL_CALIBRATED_SCENARIO_NOT_UNIT_TELEMETRY
GEN:00577,OSM:node:4481607244,24,wind,BUS:EREDES:1001S5000400:60,2.5449421664647014,0.5703975329602163,MERIT_ORDER_AND_REN_SOURCE_TOTALS,SOLVED_BUS_Q_ALLOCATED_BY_ASSET_NAMEPLATE,PUBLIC_TOTAL_CALIBRATED_SCENARIO_NOT_UNIT_TELEMETRY
GEN:00578,OSM:node:4481607243,23,wind,BUS:EREDES:1001S5000400:60,2.5449421664647014,0.5703975329602163,MERIT_ORDER_AND_REN_SOURCE_TOTALS,SOLVED_BUS_Q_ALLOCATED_BY_ASSET_NAMEPLATE,PUBLIC_TOTAL_CALIBRATED_SCENARIO_NOT_UNIT_TELEMETRY
GEN:00579,OSM:node:4481607242,22,wind,BUS:EREDES:1001S5000400:60,2.5449421664647014,0.5703975329602163,MERIT_ORDER_AND_REN_SOURCE_TOTALS,SOLVED_BUS_Q_ALLOCATED_BY_ASSET_NAMEPLATE,PUBLIC_TOTAL_CALIBRATED_SCENARIO_NOT_UNIT_TELEMETRY
GEN:00580,OSM:node:4481607241,34,wind,BUS:EREDES:1001S5000400:60,2.5449421664647014,0.5703975329602163,MERIT_ORDER_AND_REN_SOURCE_TOTALS,SOLVED_BUS_Q_ALLOCATED_BY_ASSET_NAMEPLATE,PUBLIC_TOTAL_CALIBRATED_SCENARIO_NOT_UNIT_TELEMETRY
GEN:00581,OSM:node:4481607240,35,wind,BUS:EREDES:1001S5000400:60,2.5449421664647014,0.5703975329602163,MERIT_ORDER_AND_REN_SOURCE_TOTALS,SOLVED_BUS_Q_ALLOCATED_BY_ASSET_NAMEPLATE,PUBLIC_TOTAL_CALIBRATED_SCENARIO_NOT_UNIT_TELEMETRY
GEN:00582,OSM:node:4481607239,36,wind,BUS:EREDES:1001S5000400:60,2.5449421664647014,0.5703975329602163,MERIT_ORDER_AND_REN_SOURCE_TOTALS,SOLVED_BUS_Q_ALLOCATED_BY_ASSET_NAMEPLATE,PUBLIC_TOTAL_CALIBRATED_SCENARIO_NOT_UNIT_TELEMETRY
GEN:00583,OSM:node:4481607238,37,wind,BUS:EREDES:1001S5000400:60,2.5449421664647014,0.5703975329602163,MERIT_ORDER_AND_REN_SOURCE_TOTALS,SOLVED_BUS_Q_ALLOCATED_BY_ASSET_NAMEPLATE,PUBLIC_TOTAL_CALIBRATED_SCENARIO_NOT_UNIT_TELEMETRY
GEN:00584,OSM:node:4481607237,11,wind,BUS:OSM:way:131715746:220,2.5449421664647014,1.5,MERIT_ORDER_AND_REN_SOURCE_TOTALS,SOLVED_BUS_Q_ALLOCATED_BY_ASSET_NAMEPLATE,PUBLIC_TOTAL_CALIBRATED_SCENARIO_NOT_UNIT_TELEMETRY
GEN:00585,OSM:node:4481607236,12,wind,BUS:OSM:way:131715746:220,2.5449421664647014,1.5,MERIT_ORDER_AND_REN_SOURCE_TOTALS,SOLVED_BUS_Q_ALLOCATED_BY_ASSET_NAMEPLATE,PUBLIC_TOTAL_CALIBRATED_SCENARIO_NOT_UNIT_TELEMETRY
GEN:00586,OSM:node:1605616275,20,wind,BUS:EREDES:1001S5000400:60,2.5449421664647014,0.5703975329602163,MERIT_ORDER_AND_REN_SOURCE_TOTALS,SOLVED_BUS_Q_ALLOCATED_BY_ASSET_NAMEPLATE,PUBLIC_TOTAL_CALIBRATED_SCENARIO_NOT_UNIT_TELEMETRY
GEN:00587,OSM:node:13131840482,Grupo 2,hydro,BUS:EREDES:0302S5014200:60,3.254693163542619,0.0,MERIT_ORDER_AND_REN_SOURCE_TOTALS,FIXED_PQ_SCENARIO_ASSUMPTION,PUBLIC_TOTAL_CALIBRATED_SCENARIO_NOT_UNIT_TELEMETRY
GEN:00588,OSM:way:1227829993,Aproveitamento Hidroelétrico do Prado Novo,hydro,BUS:EREDES:0402S5005100:60,3.149352744168701,0.0,MERIT_ORDER_AND_REN_SOURCE_TOTALS,FIXED_PQ_SCENARIO_ASSUMPTION,PUBLIC_TOTAL_CALIBRATED_SCENARIO_NOT_UNIT_TELEMETRY
GEN:00589,OSM:way:1359161846,,solar,BUS:EREDES:0805S5063500:60,0.00811067505889145,0.0,MERIT_ORDER_AND_REN_SOURCE_TOTALS,FIXED_PQ_SCENARIO_ASSUMPTION,PUBLIC_TOTAL_CALIBRATED_SCENARIO_NOT_UNIT_TELEMETRY
GEN:00590,OSM:relation:9168564,Central Fotovoltaica do Monte das Flores,solar,BUS:EREDES:0705P5906700:60,0.00811067505889145,1.2236335671184837,MERIT_ORDER_AND_REN_SOURCE_TOTALS,SOLVED_BUS_Q_ALLOCATED_BY_ASSET_NAMEPLATE,PUBLIC_TOTAL_CALIBRATED_SCENARIO_NOT_UNIT_TELEMETRY
GEN:00592,OSM:node:13131865552,,hydro,BUS:EREDES:0311S5001300:60,3.05487216184364,0.0,MERIT_ORDER_AND_REN_SOURCE_TOTALS,FIXED_PQ_SCENARIO_ASSUMPTION,PUBLIC_TOTAL_CALIBRATED_SCENARIO_NOT_UNIT_TELEMETRY
GEN:00593,OSM:way:1316811623,Central de Valorização Energética do Aterro Sanitário de Ermesinde,waste,BUS:EREDES:1315S5021000:60,0.7496068034691126,0.0,MERIT_ORDER_AND_REN_SOURCE_TOTALS,FIXED_PQ_SCENARIO_ASSUMPTION,PUBLIC_TOTAL_CALIBRATED_SCENARIO_NOT_UNIT_TELEMETRY
GEN:00594,OSM:way:150772756,Minihídrica do Lourido,hydro,BUS:OSM:way:541036600:150,3.040754373680125,0.0,MERIT_ORDER_AND_REN_SOURCE_TOTALS,FIXED_PQ_SCENARIO_ASSUMPTION,PUBLIC_TOTAL_CALIBRATED_SCENARIO_NOT_UNIT_TELEMETRY
GEN:00595,OSM:node:12421583495,,waste,BUS:OSM:way:126366408:220,0.7496068034691126,0.0,MERIT_ORDER_AND_REN_SOURCE_TOTALS,FIXED_PQ_SCENARIO_ASSUMPTION,PUBLIC_TOTAL_CALIBRATED_SCENARIO_NOT_UNIT_TELEMETRY
GEN:00596,OSM:way:1469545405,Soternix,gas,BUS:EREDES:0302S5003100:60,0.0671827298148677,0.0,MERIT_ORDER_AND_REN_SOURCE_TOTALS,FIXED_PQ_SCENARIO_ASSUMPTION,PUBLIC_TOTAL_CALIBRATED_SCENARIO_NOT_UNIT_TELEMETRY
GEN:00598,OSM:way:1317407679,Central Fotovoltaica da Navigator Paper Figueira (telhados),solar,BUS:EREDES:0605P5020300:60,0.007271639707971623,0.3765512391296757,MERIT_ORDER_AND_REN_SOURCE_TOTALS,SOLVED_BUS_Q_ALLOCATED_BY_ASSET_NAMEPLATE,PUBLIC_TOTAL_CALIBRATED_SCENARIO_NOT_UNIT_TELEMETRY
GEN:00599,OSM:way:227955239,Aproveitamento Hidroelétrico de Palhal,hydro,BUS:EREDES:0102S5000700:60,2.823557632702973,0.0,MERIT_ORDER_AND_REN_SOURCE_TOTALS,FIXED_PQ_SCENARIO_ASSUMPTION,PUBLIC_TOTAL_CALIBRATED_SCENARIO_NOT_UNIT_TELEMETRY
GEN:00600,OSM:node:1893869043,,wind,BUS:OSM:way:144386243:220,2.1207851387205845,0.3655097567852068,MERIT_ORDER_AND_REN_SOURCE_TOTALS,SOLVED_BUS_Q_ALLOCATED_BY_ASSET_NAMEPLATE,PUBLIC_TOTAL_CALIBRATED_SCENARIO_NOT_UNIT_TELEMETRY
GEN:00601,OSM:node:1893874091,,wind,BUS:OSM:way:144386243:220,2.1207851387205845,0.3655097567852068,MERIT_ORDER_AND_REN_SOURCE_TOTALS,SOLVED_BUS_Q_ALLOCATED_BY_ASSET_NAMEPLATE,PUBLIC_TOTAL_CALIBRATED_SCENARIO_NOT_UNIT_TELEMETRY
GEN:00602,OSM:way:600784274,Central Mini-Hídrica de Odivelas,hydro,BUS:EREDES:0713S5900400:60,2.714959262214397,0.0,MERIT_ORDER_AND_REN_SOURCE_TOTALS,FIXED_PQ_SCENARIO_ASSUMPTION,PUBLIC_TOTAL_CALIBRATED_SCENARIO_NOT_UNIT_TELEMETRY
GEN:00603,OSM:relation:18083330,Central de Cogeração da Central de Valorização Orgânica de Leiria,biogas,BUS:EREDES:1010S5000000:60,1.330330838746407,0.0,MERIT_ORDER_AND_REN_SOURCE_TOTALS,FIXED_PQ_SCENARIO_ASSUMPTION,PUBLIC_TOTAL_CALIBRATED_SCENARIO_NOT_UNIT_TELEMETRY
GEN:00604,OSM:node:1893862143,,wind,BUS:OSM:way:144386243:220,2.1207851387205845,0.3655097567852068,MERIT_ORDER_AND_REN_SOURCE_TOTALS,SOLVED_BUS_Q_ALLOCATED_BY_ASSET_NAMEPLATE,PUBLIC_TOTAL_CALIBRATED_SCENARIO_NOT_UNIT_TELEMETRY
GEN:00605,OSM:node:1893862145,,wind,BUS:OSM:way:144386243:220,2.1207851387205845,0.3655097567852068,MERIT_ORDER_AND_REN_SOURCE_TOTALS,SOLVED_BUS_Q_ALLOCATED_BY_ASSET_NAMEPLATE,PUBLIC_TOTAL_CALIBRATED_SCENARIO_NOT_UNIT_TELEMETRY
GEN:00606,OSM:node:2302017292,AG1,wind,BUS:EREDES:0609P5021200:60,2.1207851387205845,-0.2003493559865662,MERIT_ORDER_AND_REN_SOURCE_TOTALS,SOLVED_BUS_Q_ALLOCATED_BY_ASSET_NAMEPLATE,PUBLIC_TOTAL_CALIBRATED_SCENARIO_NOT_UNIT_TELEMETRY
GEN:00607,OSM:node:1893862148,,wind,BUS:OSM:way:144386243:220,2.1207851387205845,0.3655097567852068,MERIT_ORDER_AND_REN_SOURCE_TOTALS,SOLVED_BUS_Q_ALLOCATED_BY_ASSET_NAMEPLATE,PUBLIC_TOTAL_CALIBRATED_SCENARIO_NOT_UNIT_TELEMETRY
GEN:00608,OSM:node:1893862121,,wind,BUS:OSM:way:144386243:220,2.1207851387205845,0.3655097567852068,MERIT_ORDER_AND_REN_SOURCE_TOTALS,SOLVED_BUS_Q_ALLOCATED_BY_ASSET_NAMEPLATE,PUBLIC_TOTAL_CALIBRATED_SCENARIO_NOT_UNIT_TELEMETRY
GEN:00609,OSM:node:1893874096,,wind,BUS:EREDES:0405S5002200:60,2.1207851387205845,0.0,MERIT_ORDER_AND_REN_SOURCE_TOTALS,FIXED_PQ_SCENARIO_ASSUMPTION,PUBLIC_TOTAL_CALIBRATED_SCENARIO_NOT_UNIT_TELEMETRY
GEN:00610,OSM:node:1893874088,,wind,BUS:OSM:way:144386243:220,2.1207851387205845,0.3655097567852068,MERIT_ORDER_AND_REN_SOURCE_TOTALS,SOLVED_BUS_Q_ALLOCATED_BY_ASSET_NAMEPLATE,PUBLIC_TOTAL_CALIBRATED_SCENARIO_NOT_UNIT_TELEMETRY
GEN:00611,OSM:node:1893869044,,wind,BUS:OSM:way:144386243:220,2.1207851387205845,0.3655097567852068,MERIT_ORDER_AND_REN_SOURCE_TOTALS,SOLVED_BUS_Q_ALLOCATED_BY_ASSET_NAMEPLATE,PUBLIC_TOTAL_CALIBRATED_SCENARIO_NOT_UNIT_TELEMETRY
GEN:00612,OSM:node:1893869042,,wind,BUS:OSM:way:144386243:220,2.1207851387205845,0.3655097567852068,MERIT_ORDER_AND_REN_SOURCE_TOTALS,SOLVED_BUS_Q_ALLOCATED_BY_ASSET_NAMEPLATE,PUBLIC_TOTAL_CALIBRATED_SCENARIO_NOT_UNIT_TELEMETRY
GEN:00613,OSM:node:1893874085,,wind,BUS:EREDES:0405S5002200:60,2.1207851387205845,0.0,MERIT_ORDER_AND_REN_SOURCE_TOTALS,FIXED_PQ_SCENARIO_ASSUMPTION,PUBLIC_TOTAL_CALIBRATED_SCENARIO_NOT_UNIT_TELEMETRY
GEN:00614,OSM:node:1893874082,,wind,BUS:OSM:way:144386243:220,2.1207851387205845,0.3655097567852068,MERIT_ORDER_AND_REN_SOURCE_TOTALS,SOLVED_BUS_Q_ALLOCATED_BY_ASSET_NAMEPLATE,PUBLIC_TOTAL_CALIBRATED_SCENARIO_NOT_UNIT_TELEMETRY
GEN:00615,OSM:node:1893874077,,wind,BUS:EREDES:0405S5002200:60,2.1207851387205845,0.0,MERIT_ORDER_AND_REN_SOURCE_TOTALS,FIXED_PQ_SCENARIO_ASSUMPTION,PUBLIC_TOTAL_CALIBRATED_SCENARIO_NOT_UNIT_TELEMETRY
GEN:00616,OSM:node:1893874072,,wind,BUS:OSM:way:144386243:220,2.1207851387205845,0.3655097567852068,MERIT_ORDER_AND_REN_SOURCE_TOTALS,SOLVED_BUS_Q_ALLOCATED_BY_ASSET_NAMEPLATE,PUBLIC_TOTAL_CALIBRATED_SCENARIO_NOT_UNIT_TELEMETRY
GEN:00617,OSM:node:1893874067,,wind,BUS:EREDES:0405S5002200:60,2.1207851387205845,0.0,MERIT_ORDER_AND_REN_SOURCE_TOTALS,FIXED_PQ_SCENARIO_ASSUMPTION,PUBLIC_TOTAL_CALIBRATED_SCENARIO_NOT_UNIT_TELEMETRY
GEN:00618,OSM:node:1893874063,,wind,BUS:EREDES:0405S5002200:60,2.1207851387205845,0.0,MERIT_ORDER_AND_REN_SOURCE_TOTALS,FIXED_PQ_SCENARIO_ASSUMPTION,PUBLIC_TOTAL_CALIBRATED_SCENARIO_NOT_UNIT_TELEMETRY
GEN:00619,OSM:node:1893874062,,wind,BUS:EREDES:0405S5002200:60,2.1207851387205845,0.0,MERIT_ORDER_AND_REN_SOURCE_TOTALS,FIXED_PQ_SCENARIO_ASSUMPTION,PUBLIC_TOTAL_CALIBRATED_SCENARIO_NOT_UNIT_TELEMETRY
GEN:00620,OSM:node:1893869045,,wind,BUS:OSM:way:144386243:220,2.1207851387205845,0.3655097567852068,MERIT_ORDER_AND_REN_SOURCE_TOTALS,SOLVED_BUS_Q_ALLOCATED_BY_ASSET_NAMEPLATE,PUBLIC_TOTAL_CALIBRATED_SCENARIO_NOT_UNIT_TELEMETRY
GEN:00621,OSM:node:1893862136,,wind,BUS:OSM:way:144386243:220,2.1207851387205845,0.3655097567852068,MERIT_ORDER_AND_REN_SOURCE_TOTALS,SOLVED_BUS_Q_ALLOCATED_BY_ASSET_NAMEPLATE,PUBLIC_TOTAL_CALIBRATED_SCENARIO_NOT_UNIT_TELEMETRY
GEN:00622,OSM:node:1819922363,AG3,wind,BUS:EREDES:0609P5021200:60,2.1207851387205845,-0.2003493559865662,MERIT_ORDER_AND_REN_SOURCE_TOTALS,SOLVED_BUS_Q_ALLOCATED_BY_ASSET_NAMEPLATE,PUBLIC_TOTAL_CALIBRATED_SCENARIO_NOT_UNIT_TELEMETRY
GEN:00623,OSM:node:1893862111,,wind,BUS:OSM:way:144386243:220,2.1207851387205845,0.3655097567852068,MERIT_ORDER_AND_REN_SOURCE_TOTALS,SOLVED_BUS_Q_ALLOCATED_BY_ASSET_NAMEPLATE,PUBLIC_TOTAL_CALIBRATED_SCENARIO_NOT_UNIT_TELEMETRY
GEN:00624,OSM:node:1819924852,AG17,wind,BUS:EREDES:0609P5021200:60,2.1207851387205845,-0.2003493559865662,MERIT_ORDER_AND_REN_SOURCE_TOTALS,SOLVED_BUS_Q_ALLOCATED_BY_ASSET_NAMEPLATE,PUBLIC_TOTAL_CALIBRATED_SCENARIO_NOT_UNIT_TELEMETRY
GEN:00625,OSM:node:1819924845,AG15,wind,BUS:EREDES:0609P5021200:60,2.1207851387205845,-0.2003493559865662,MERIT_ORDER_AND_REN_SOURCE_TOTALS,SOLVED_BUS_Q_ALLOCATED_BY_ASSET_NAMEPLATE,PUBLIC_TOTAL_CALIBRATED_SCENARIO_NOT_UNIT_TELEMETRY
GEN:00626,OSM:node:1819924843,AG18,wind,BUS:EREDES:0609P5021200:60,2.1207851387205845,-0.2003493559865662,MERIT_ORDER_AND_REN_SOURCE_TOTALS,SOLVED_BUS_Q_ALLOCATED_BY_ASSET_NAMEPLATE,PUBLIC_TOTAL_CALIBRATED_SCENARIO_NOT_UNIT_TELEMETRY
GEN:00627,OSM:node:1819922362,AG9,wind,BUS:EREDES:0609P5021200:60,2.1207851387205845,-0.2003493559865662,MERIT_ORDER_AND_REN_SOURCE_TOTALS,SOLVED_BUS_Q_ALLOCATED_BY_ASSET_NAMEPLATE,PUBLIC_TOTAL_CALIBRATED_SCENARIO_NOT_UNIT_TELEMETRY
GEN:00628,OSM:node:1110197899,,wind,BUS:EREDES:0607S5003400:60,2.1207851387205845,0.7525339355410896,MERIT_ORDER_AND_REN_SOURCE_TOTALS,SOLVED_BUS_Q_ALLOCATED_BY_ASSET_NAMEPLATE,PUBLIC_TOTAL_CALIBRATED_SCENARIO_NOT_UNIT_TELEMETRY
GEN:00629,OSM:node:1819922360,AG8,wind,BUS:EREDES:0609P5021200:60,2.1207851387205845,-0.2003493559865662,MERIT_ORDER_AND_REN_SOURCE_TOTALS,SOLVED_BUS_Q_ALLOCATED_BY_ASSET_NAMEPLATE,PUBLIC_TOTAL_CALIBRATED_SCENARIO_NOT_UNIT_TELEMETRY
GEN:00630,OSM:node:1819922358,AG10,wind,BUS:EREDES:0609P5021200:60,2.1207851387205845,-0.2003493559865662,MERIT_ORDER_AND_REN_SOURCE_TOTALS,SOLVED_BUS_Q_ALLOCATED_BY_ASSET_NAMEPLATE,PUBLIC_TOTAL_CALIBRATED_SCENARIO_NOT_UNIT_TELEMETRY
GEN:00631,OSM:node:1819922357,AG4,wind,BUS:EREDES:0609P5021200:60,2.1207851387205845,-0.2003493559865662,MERIT_ORDER_AND_REN_SOURCE_TOTALS,SOLVED_BUS_Q_ALLOCATED_BY_ASSET_NAMEPLATE,PUBLIC_TOTAL_CALIBRATED_SCENARIO_NOT_UNIT_TELEMETRY
GEN:00632,OSM:node:1819922356,AG2,wind,BUS:EREDES:0609P5021200:60,2.1207851387205845,-0.2003493559865662,MERIT_ORDER_AND_REN_SOURCE_TOTALS,SOLVED_BUS_Q_ALLOCATED_BY_ASSET_NAMEPLATE,PUBLIC_TOTAL_CALIBRATED_SCENARIO_NOT_UNIT_TELEMETRY
GEN:00633,OSM:node:1819922355,AG5,wind,BUS:EREDES:0609P5021200:60,2.1207851387205845,-0.2003493559865662,MERIT_ORDER_AND_REN_SOURCE_TOTALS,SOLVED_BUS_Q_ALLOCATED_BY_ASSET_NAMEPLATE,PUBLIC_TOTAL_CALIBRATED_SCENARIO_NOT_UNIT_TELEMETRY
GEN:00634,OSM:node:1819922354,AG7,wind,BUS:EREDES:0609P5021200:60,2.1207851387205845,-0.2003493559865662,MERIT_ORDER_AND_REN_SOURCE_TOTALS,SOLVED_BUS_Q_ALLOCATED_BY_ASSET_NAMEPLATE,PUBLIC_TOTAL_CALIBRATED_SCENARIO_NOT_UNIT_TELEMETRY
GEN:00635,OSM:node:1819922349,AG6,wind,BUS:EREDES:0609P5021200:60,2.1207851387205845,-0.2003493559865662,MERIT_ORDER_AND_REN_SOURCE_TOTALS,SOLVED_BUS_Q_ALLOCATED_BY_ASSET_NAMEPLATE,PUBLIC_TOTAL_CALIBRATED_SCENARIO_NOT_UNIT_TELEMETRY
GEN:00636,OSM:node:1819877527,AG12,wind,BUS:EREDES:0609P5021200:60,2.1207851387205845,-0.2003493559865662,MERIT_ORDER_AND_REN_SOURCE_TOTALS,SOLVED_BUS_Q_ALLOCATED_BY_ASSET_NAMEPLATE,PUBLIC_TOTAL_CALIBRATED_SCENARIO_NOT_UNIT_TELEMETRY
GEN:00637,OSM:node:1819877526,AG14,wind,BUS:EREDES:0609P5021200:60,2.1207851387205845,-0.2003493559865662,MERIT_ORDER_AND_REN_SOURCE_TOTALS,SOLVED_BUS_Q_ALLOCATED_BY_ASSET_NAMEPLATE,PUBLIC_TOTAL_CALIBRATED_SCENARIO_NOT_UNIT_TELEMETRY
GEN:00638,OSM:node:1819874122,AG13,wind,BUS:EREDES:0609P5021200:60,2.1207851387205845,-0.2003493559865662,MERIT_ORDER_AND_REN_SOURCE_TOTALS,SOLVED_BUS_Q_ALLOCATED_BY_ASSET_NAMEPLATE,PUBLIC_TOTAL_CALIBRATED_SCENARIO_NOT_UNIT_TELEMETRY
GEN:00639,OSM:node:13176999033,,hydro,BUS:EREDES:0505S5006800:60,2.714959262214397,0.0,MERIT_ORDER_AND_REN_SOURCE_TOTALS,FIXED_PQ_SCENARIO_ASSUMPTION,PUBLIC_TOTAL_CALIBRATED_SCENARIO_NOT_UNIT_TELEMETRY
GEN:00640,OSM:node:1814696008,,wind,BUS:OSM:way:144386243:220,2.1207851387205845,0.3655097567852068,MERIT_ORDER_AND_REN_SOURCE_TOTALS,SOLVED_BUS_Q_ALLOCATED_BY_ASSET_NAMEPLATE,PUBLIC_TOTAL_CALIBRATED_SCENARIO_NOT_UNIT_TELEMETRY
GEN:00641,OSM:node:1110197900,,wind,BUS:EREDES:0607S5003400:60,2.1207851387205845,0.7525339355410896,MERIT_ORDER_AND_REN_SOURCE_TOTALS,SOLVED_BUS_Q_ALLOCATED_BY_ASSET_NAMEPLATE,PUBLIC_TOTAL_CALIBRATED_SCENARIO_NOT_UNIT_TELEMETRY
GEN:00642,OSM:node:1110197889,,wind,BUS:EREDES:0607S5003400:60,2.1207851387205845,0.7525339355410896,MERIT_ORDER_AND_REN_SOURCE_TOTALS,SOLVED_BUS_Q_ALLOCATED_BY_ASSET_NAMEPLATE,PUBLIC_TOTAL_CALIBRATED_SCENARIO_NOT_UNIT_TELEMETRY
GEN:00643,OSM:node:1110197892,,wind,BUS:EREDES:0607S5003400:60,2.1207851387205845,0.7525339355410896,MERIT_ORDER_AND_REN_SOURCE_TOTALS,SOLVED_BUS_Q_ALLOCATED_BY_ASSET_NAMEPLATE,PUBLIC_TOTAL_CALIBRATED_SCENARIO_NOT_UNIT_TELEMETRY
GEN:00644,OSM:node:1110197893,,wind,BUS:EREDES:0607S5003400:60,2.1207851387205845,0.7525339355410896,MERIT_ORDER_AND_REN_SOURCE_TOTALS,SOLVED_BUS_Q_ALLOCATED_BY_ASSET_NAMEPLATE,PUBLIC_TOTAL_CALIBRATED_SCENARIO_NOT_UNIT_TELEMETRY
GEN:00645,OSM:node:1814695986,,wind,BUS:OSM:way:144386243:220,2.1207851387205845,0.3655097567852068,MERIT_ORDER_AND_REN_SOURCE_TOTALS,SOLVED_BUS_Q_ALLOCATED_BY_ASSET_NAMEPLATE,PUBLIC_TOTAL_CALIBRATED_SCENARIO_NOT_UNIT_TELEMETRY
GEN:00646,OSM:node:1814695987,,wind,BUS:OSM:way:144386243:220,2.1207851387205845,0.3655097567852068,MERIT_ORDER_AND_REN_SOURCE_TOTALS,SOLVED_BUS_Q_ALLOCATED_BY_ASSET_NAMEPLATE,PUBLIC_TOTAL_CALIBRATED_SCENARIO_NOT_UNIT_TELEMETRY
GEN:00647,OSM:node:1814695988,,wind,BUS:OSM:way:144386243:220,2.1207851387205845,0.3655097567852068,MERIT_ORDER_AND_REN_SOURCE_TOTALS,SOLVED_BUS_Q_ALLOCATED_BY_ASSET_NAMEPLATE,PUBLIC_TOTAL_CALIBRATED_SCENARIO_NOT_UNIT_TELEMETRY
GEN:00648,OSM:way:1316709914,Central de Valorização Energética do Aterro Sanitário do Vale do Lima e Baixo Cávado,biogas,BUS:OSM:way:151061928:150,1.330330838746407,1.25,MERIT_ORDER_AND_REN_SOURCE_TOTALS,SOLVED_BUS_Q_ALLOCATED_BY_ASSET_NAMEPLATE,PUBLIC_TOTAL_CALIBRATED_SCENARIO_NOT_UNIT_TELEMETRY
GEN:00649,OSM:node:1110197895,,wind,BUS:EREDES:0607S5003400:60,2.1207851387205845,0.7525339355410896,MERIT_ORDER_AND_REN_SOURCE_TOTALS,SOLVED_BUS_Q_ALLOCATED_BY_ASSET_NAMEPLATE,PUBLIC_TOTAL_CALIBRATED_SCENARIO_NOT_UNIT_TELEMETRY
GEN:00650,OSM:node:1819924849,AG16,wind,BUS:EREDES:0609P5021200:60,2.1207851387205845,-0.2003493559865662,MERIT_ORDER_AND_REN_SOURCE_TOTALS,SOLVED_BUS_Q_ALLOCATED_BY_ASSET_NAMEPLATE,PUBLIC_TOTAL_CALIBRATED_SCENARIO_NOT_UNIT_TELEMETRY
GEN:00651,OSM:node:1819922361,AG11,wind,BUS:EREDES:0609P5021200:60,2.1207851387205845,-0.2003493559865662,MERIT_ORDER_AND_REN_SOURCE_TOTALS,SOLVED_BUS_Q_ALLOCATED_BY_ASSET_NAMEPLATE,PUBLIC_TOTAL_CALIBRATED_SCENARIO_NOT_UNIT_TELEMETRY
GEN:00652,OSM:node:1819924854,AG20,wind,BUS:EREDES:0609P5021200:60,2.1207851387205845,-0.2003493559865662,MERIT_ORDER_AND_REN_SOURCE_TOTALS,SOLVED_BUS_Q_ALLOCATED_BY_ASSET_NAMEPLATE,PUBLIC_TOTAL_CALIBRATED_SCENARIO_NOT_UNIT_TELEMETRY
GEN:00653,OSM:node:1819924856,AG19,wind,BUS:EREDES:0609P5021200:60,2.1207851387205845,-0.2003493559865662,MERIT_ORDER_AND_REN_SOURCE_TOTALS,SOLVED_BUS_Q_ALLOCATED_BY_ASSET_NAMEPLATE,PUBLIC_TOTAL_CALIBRATED_SCENARIO_NOT_UNIT_TELEMETRY
GEN:00654,OSM:node:1110197879,,wind,BUS:EREDES:0607S5003400:60,2.1207851387205845,0.7525339355410896,MERIT_ORDER_AND_REN_SOURCE_TOTALS,SOLVED_BUS_Q_ALLOCATED_BY_ASSET_NAMEPLATE,PUBLIC_TOTAL_CALIBRATED_SCENARIO_NOT_UNIT_TELEMETRY
GEN:00655,OSM:node:1110197880,,wind,BUS:EREDES:0607S5003400:60,2.1207851387205845,0.7525339355410896,MERIT_ORDER_AND_REN_SOURCE_TOTALS,SOLVED_BUS_Q_ALLOCATED_BY_ASSET_NAMEPLATE,PUBLIC_TOTAL_CALIBRATED_SCENARIO_NOT_UNIT_TELEMETRY
GEN:00656,OSM:node:1110197881,,wind,BUS:EREDES:0607S5003400:60,2.1207851387205845,0.7525339355410896,MERIT_ORDER_AND_REN_SOURCE_TOTALS,SOLVED_BUS_Q_ALLOCATED_BY_ASSET_NAMEPLATE,PUBLIC_TOTAL_CALIBRATED_SCENARIO_NOT_UNIT_TELEMETRY
GEN:00657,OSM:node:1110197882,,wind,BUS:EREDES:0607S5003400:60,2.1207851387205845,0.7525339355410896,MERIT_ORDER_AND_REN_SOURCE_TOTALS,SOLVED_BUS_Q_ALLOCATED_BY_ASSET_NAMEPLATE,PUBLIC_TOTAL_CALIBRATED_SCENARIO_NOT_UNIT_TELEMETRY
GEN:00658,OSM:node:1110197883,,wind,BUS:EREDES:0607S5003400:60,2.1207851387205845,0.7525339355410896,MERIT_ORDER_AND_REN_SOURCE_TOTALS,SOLVED_BUS_Q_ALLOCATED_BY_ASSET_NAMEPLATE,PUBLIC_TOTAL_CALIBRATED_SCENARIO_NOT_UNIT_TELEMETRY
GEN:00659,OSM:node:1110197885,,wind,BUS:EREDES:0607S5003400:60,2.1207851387205845,0.7525339355410896,MERIT_ORDER_AND_REN_SOURCE_TOTALS,SOLVED_BUS_Q_ALLOCATED_BY_ASSET_NAMEPLATE,PUBLIC_TOTAL_CALIBRATED_SCENARIO_NOT_UNIT_TELEMETRY
GEN:00660,OSM:node:1110197886,,wind,BUS:EREDES:0607S5003400:60,2.1207851387205845,0.7525339355410896,MERIT_ORDER_AND_REN_SOURCE_TOTALS,SOLVED_BUS_Q_ALLOCATED_BY_ASSET_NAMEPLATE,PUBLIC_TOTAL_CALIBRATED_SCENARIO_NOT_UNIT_TELEMETRY
GEN:00661,OSM:node:1110197898,,wind,BUS:EREDES:0607S5003400:60,2.1207851387205845,0.7525339355410896,MERIT_ORDER_AND_REN_SOURCE_TOTALS,SOLVED_BUS_Q_ALLOCATED_BY_ASSET_NAMEPLATE,PUBLIC_TOTAL_CALIBRATED_SCENARIO_NOT_UNIT_TELEMETRY
GEN:00662,OSM:relation:17324237,Central Fotovoltaica Estarreja,solar,BUS:EREDES:0108S5001000:60,0.006936025567603693,0.0,MERIT_ORDER_AND_REN_SOURCE_TOTALS,FIXED_PQ_SCENARIO_ASSUMPTION,PUBLIC_TOTAL_CALIBRATED_SCENARIO_NOT_UNIT_TELEMETRY
GEN:00663,OSM:way:1317690185,Centro Eletroprodutor do Aterro Sanitário do Seixal,biogas,BUS:OSM:way:163226993:150,1.2771176051965507,0.0,MERIT_ORDER_AND_REN_SOURCE_TOTALS,FIXED_PQ_SCENARIO_ASSUMPTION,PUBLIC_TOTAL_CALIBRATED_SCENARIO_NOT_UNIT_TELEMETRY
GEN:00665,OSM:node:1111612097,,wind,BUS:EREDES:0508S5008800:60,2.0359537331717608,0.0,MERIT_ORDER_AND_REN_SOURCE_TOTALS,FIXED_PQ_SCENARIO_ASSUMPTION,PUBLIC_TOTAL_CALIBRATED_SCENARIO_NOT_UNIT_TELEMETRY
GEN:00666,OSM:node:1111612107,,wind,BUS:EREDES:0508S5008800:60,2.0359537331717608,0.0,MERIT_ORDER_AND_REN_SOURCE_TOTALS,FIXED_PQ_SCENARIO_ASSUMPTION,PUBLIC_TOTAL_CALIBRATED_SCENARIO_NOT_UNIT_TELEMETRY
GEN:00667,OSM:way:160717386,Minihídrica do Corvete,hydro,BUS:OSM:way:541036600:150,2.606360891725821,0.0,MERIT_ORDER_AND_REN_SOURCE_TOTALS,FIXED_PQ_SCENARIO_ASSUMPTION,PUBLIC_TOTAL_CALIBRATED_SCENARIO_NOT_UNIT_TELEMETRY
GEN:00668,OSM:node:1111612131,,wind,BUS:EREDES:0508S5008800:60,2.0359537331717608,0.0,MERIT_ORDER_AND_REN_SOURCE_TOTALS,FIXED_PQ_SCENARIO_ASSUMPTION,PUBLIC_TOTAL_CALIBRATED_SCENARIO_NOT_UNIT_TELEMETRY
GEN:00669,OSM:node:1111612144,,wind,BUS:EREDES:0508S5008800:60,2.0359537331717608,0.0,MERIT_ORDER_AND_REN_SOURCE_TOTALS,FIXED_PQ_SCENARIO_ASSUMPTION,PUBLIC_TOTAL_CALIBRATED_SCENARIO_NOT_UNIT_TELEMETRY
GEN:00670,OSM:way:659491250,Central Fotovoltaica de Riba d'Ave,solar,BUS:OSM:way:132865612:150,0.006712282807358406,0.0,MERIT_ORDER_AND_REN_SOURCE_TOTALS,FIXED_PQ_SCENARIO_ASSUMPTION,PUBLIC_TOTAL_CALIBRATED_SCENARIO_NOT_UNIT_TELEMETRY
GEN:00671,OSM:node:1111612189,,wind,BUS:EREDES:0508S5008800:60,2.0359537331717608,0.0,MERIT_ORDER_AND_REN_SOURCE_TOTALS,FIXED_PQ_SCENARIO_ASSUMPTION,PUBLIC_TOTAL_CALIBRATED_SCENARIO_NOT_UNIT_TELEMETRY
GEN:00672,OSM:way:1317424510,Central Hidroelétrica de Fagilde,hydro,BUS:EREDES:1806S5008500:60,2.606360891725821,0.0,MERIT_ORDER_AND_REN_SOURCE_TOTALS,FIXED_PQ_SCENARIO_ASSUMPTION,PUBLIC_TOTAL_CALIBRATED_SCENARIO_NOT_UNIT_TELEMETRY
GEN:00673,OSM:way:941623141,Central Solar de Condeixa,solar,BUS:EREDES:0604S5005400:60,0.006712282807358406,0.0,MERIT_ORDER_AND_REN_SOURCE_TOTALS,FIXED_PQ_SCENARIO_ASSUMPTION,PUBLIC_TOTAL_CALIBRATED_SCENARIO_NOT_UNIT_TELEMETRY
GEN:00674,OSM:relation:5561009,Central Fotovoltaica Sol Poente,solar,BUS:OSM:way:163204230:150,0.006650753548291013,-0.3970957979488143,MERIT_ORDER_AND_REN_SOURCE_TOTALS,SOLVED_BUS_Q_ALLOCATED_BY_ASSET_NAMEPLATE,PUBLIC_TOTAL_CALIBRATED_SCENARIO_NOT_UNIT_TELEMETRY
GEN:00675,OSM:node:5250109472,AG6,wind,BUS:EREDES:1705P5024500:60,1.9935380303973493,0.373342079610411,MERIT_ORDER_AND_REN_SOURCE_TOTALS,SOLVED_BUS_Q_ALLOCATED_BY_ASSET_NAMEPLATE,PUBLIC_TOTAL_CALIBRATED_SCENARIO_NOT_UNIT_TELEMETRY
GEN:00676,OSM:node:5250109471,AG5,wind,BUS:EREDES:1705P5024500:60,1.9935380303973493,0.373342079610411,MERIT_ORDER_AND_REN_SOURCE_TOTALS,SOLVED_BUS_Q_ALLOCATED_BY_ASSET_NAMEPLATE,PUBLIC_TOTAL_CALIBRATED_SCENARIO_NOT_UNIT_TELEMETRY
GEN:00677,OSM:node:5250109473,AG9,wind,BUS:EREDES:1705P5024500:60,1.9935380303973493,0.373342079610411,MERIT_ORDER_AND_REN_SOURCE_TOTALS,SOLVED_BUS_Q_ALLOCATED_BY_ASSET_NAMEPLATE,PUBLIC_TOTAL_CALIBRATED_SCENARIO_NOT_UNIT_TELEMETRY
GEN:00678,OSM:node:5250109474,,wind,BUS:EREDES:1705P5024500:60,1.9935380303973493,0.373342079610411,MERIT_ORDER_AND_REN_SOURCE_TOTALS,SOLVED_BUS_Q_ALLOCATED_BY_ASSET_NAMEPLATE,PUBLIC_TOTAL_CALIBRATED_SCENARIO_NOT_UNIT_TELEMETRY
GEN:00679,OSM:node:5250109475,,wind,BUS:EREDES:1705P5024500:60,1.9935380303973493,0.373342079610411,MERIT_ORDER_AND_REN_SOURCE_TOTALS,SOLVED_BUS_Q_ALLOCATED_BY_ASSET_NAMEPLATE,PUBLIC_TOTAL_CALIBRATED_SCENARIO_NOT_UNIT_TELEMETRY
GEN:00680,OSM:node:5162787062,,wind,BUS:EREDES:1705P5024500:60,1.9935380303973493,0.373342079610411,MERIT_ORDER_AND_REN_SOURCE_TOTALS,SOLVED_BUS_Q_ALLOCATED_BY_ASSET_NAMEPLATE,PUBLIC_TOTAL_CALIBRATED_SCENARIO_NOT_UNIT_TELEMETRY
GEN:00681,OSM:node:5250109478,,wind,BUS:EREDES:1705P5024500:60,1.9935380303973493,0.373342079610411,MERIT_ORDER_AND_REN_SOURCE_TOTALS,SOLVED_BUS_Q_ALLOCATED_BY_ASSET_NAMEPLATE,PUBLIC_TOTAL_CALIBRATED_SCENARIO_NOT_UNIT_TELEMETRY
GEN:00682,OSM:node:5250109470,AG3,wind,BUS:EREDES:1705P5024500:60,1.9935380303973493,0.373342079610411,MERIT_ORDER_AND_REN_SOURCE_TOTALS,SOLVED_BUS_Q_ALLOCATED_BY_ASSET_NAMEPLATE,PUBLIC_TOTAL_CALIBRATED_SCENARIO_NOT_UNIT_TELEMETRY
GEN:00683,OSM:node:5250109469,AG2,wind,BUS:EREDES:1705P5024500:60,1.9935380303973493,0.373342079610411,MERIT_ORDER_AND_REN_SOURCE_TOTALS,SOLVED_BUS_Q_ALLOCATED_BY_ASSET_NAMEPLATE,PUBLIC_TOTAL_CALIBRATED_SCENARIO_NOT_UNIT_TELEMETRY
GEN:00684,OSM:node:5162787063,,wind,BUS:EREDES:1705P5024500:60,1.9935380303973493,0.373342079610411,MERIT_ORDER_AND_REN_SOURCE_TOTALS,SOLVED_BUS_Q_ALLOCATED_BY_ASSET_NAMEPLATE,PUBLIC_TOTAL_CALIBRATED_SCENARIO_NOT_UNIT_TELEMETRY
GEN:00685,OSM:node:5250109477,,wind,BUS:EREDES:1705P5024500:60,1.9935380303973493,0.373342079610411,MERIT_ORDER_AND_REN_SOURCE_TOTALS,SOLVED_BUS_Q_ALLOCATED_BY_ASSET_NAMEPLATE,PUBLIC_TOTAL_CALIBRATED_SCENARIO_NOT_UNIT_TELEMETRY
GEN:00686,OSM:node:5162787064,,wind,BUS:EREDES:1705P5024500:60,1.9935380303973493,0.373342079610411,MERIT_ORDER_AND_REN_SOURCE_TOTALS,SOLVED_BUS_Q_ALLOCATED_BY_ASSET_NAMEPLATE,PUBLIC_TOTAL_CALIBRATED_SCENARIO_NOT_UNIT_TELEMETRY
GEN:00687,OSM:node:5250109476,,wind,BUS:EREDES:1705P5024500:60,1.9935380303973493,0.373342079610411,MERIT_ORDER_AND_REN_SOURCE_TOTALS,SOLVED_BUS_Q_ALLOCATED_BY_ASSET_NAMEPLATE,PUBLIC_TOTAL_CALIBRATED_SCENARIO_NOT_UNIT_TELEMETRY
GEN:00688,OSM:node:5250109468,AG1,wind,BUS:EREDES:1705P5024500:60,1.9935380303973493,0.373342079610411,MERIT_ORDER_AND_REN_SOURCE_TOTALS,SOLVED_BUS_Q_ALLOCATED_BY_ASSET_NAMEPLATE,PUBLIC_TOTAL_CALIBRATED_SCENARIO_NOT_UNIT_TELEMETRY
GEN:00689,OSM:node:5250109436,,wind,BUS:EREDES:1705P5024500:60,1.9935380303973493,0.373342079610411,MERIT_ORDER_AND_REN_SOURCE_TOTALS,SOLVED_BUS_Q_ALLOCATED_BY_ASSET_NAMEPLATE,PUBLIC_TOTAL_CALIBRATED_SCENARIO_NOT_UNIT_TELEMETRY
GEN:00690,OSM:node:9650789367,,wind,BUS:EREDES:1706P5024300:60,1.9935380303973493,-0.22314467240500177,MERIT_ORDER_AND_REN_SOURCE_TOTALS,SOLVED_BUS_Q_ALLOCATED_BY_ASSET_NAMEPLATE,PUBLIC_TOTAL_CALIBRATED_SCENARIO_NOT_UNIT_TELEMETRY
GEN:00691,OSM:node:9650789356,,wind,BUS:EREDES:1706P5024300:60,1.9935380303973493,-0.22314467240500177,MERIT_ORDER_AND_REN_SOURCE_TOTALS,SOLVED_BUS_Q_ALLOCATED_BY_ASSET_NAMEPLATE,PUBLIC_TOTAL_CALIBRATED_SCENARIO_NOT_UNIT_TELEMETRY
GEN:00692,OSM:node:9650789365,,wind,BUS:EREDES:1706P5024300:60,1.9935380303973493,-0.22314467240500177,MERIT_ORDER_AND_REN_SOURCE_TOTALS,SOLVED_BUS_Q_ALLOCATED_BY_ASSET_NAMEPLATE,PUBLIC_TOTAL_CALIBRATED_SCENARIO_NOT_UNIT_TELEMETRY
GEN:00693,OSM:way:363049714,Central Fotovoltaica da Mexilhoeira Grande,solar,BUS:EREDES:0809S5060500:60,0.006572443582205102,0.0,MERIT_ORDER_AND_REN_SOURCE_TOTALS,FIXED_PQ_SCENARIO_ASSUMPTION,PUBLIC_TOTAL_CALIBRATED_SCENARIO_NOT_UNIT_TELEMETRY
GEN:00694,OSM:node:9650789360,,wind,BUS:EREDES:1706P5024300:60,1.9935380303973493,-0.22314467240500177,MERIT_ORDER_AND_REN_SOURCE_TOTALS,SOLVED_BUS_Q_ALLOCATED_BY_ASSET_NAMEPLATE,PUBLIC_TOTAL_CALIBRATED_SCENARIO_NOT_UNIT_TELEMETRY
GEN:00695,OSM:node:9650789358,,wind,BUS:EREDES:1706P5024300:60,1.9935380303973493,-0.22314467240500177,MERIT_ORDER_AND_REN_SOURCE_TOTALS,SOLVED_BUS_Q_ALLOCATED_BY_ASSET_NAMEPLATE,PUBLIC_TOTAL_CALIBRATED_SCENARIO_NOT_UNIT_TELEMETRY
GEN:00696,OSM:node:9650789357,,wind,BUS:EREDES:1706P5024300:60,1.9935380303973493,-0.22314467240500177,MERIT_ORDER_AND_REN_SOURCE_TOTALS,SOLVED_BUS_Q_ALLOCATED_BY_ASSET_NAMEPLATE,PUBLIC_TOTAL_CALIBRATED_SCENARIO_NOT_UNIT_TELEMETRY
GEN:00697,OSM:node:9650789361,,wind,BUS:EREDES:1706P5024300:60,1.9935380303973493,-0.22314467240500177,MERIT_ORDER_AND_REN_SOURCE_TOTALS,SOLVED_BUS_Q_ALLOCATED_BY_ASSET_NAMEPLATE,PUBLIC_TOTAL_CALIBRATED_SCENARIO_NOT_UNIT_TELEMETRY
GEN:00698,OSM:node:9650789362,,wind,BUS:EREDES:1706P5024300:60,1.9935380303973493,-0.22314467240500177,MERIT_ORDER_AND_REN_SOURCE_TOTALS,SOLVED_BUS_Q_ALLOCATED_BY_ASSET_NAMEPLATE,PUBLIC_TOTAL_CALIBRATED_SCENARIO_NOT_UNIT_TELEMETRY
GEN:00699,OSM:node:9650789364,,wind,BUS:EREDES:1706P5024300:60,1.9935380303973493,-0.22314467240500177,MERIT_ORDER_AND_REN_SOURCE_TOTALS,SOLVED_BUS_Q_ALLOCATED_BY_ASSET_NAMEPLATE,PUBLIC_TOTAL_CALIBRATED_SCENARIO_NOT_UNIT_TELEMETRY
GEN:00700,OSM:node:9650789363,,wind,BUS:EREDES:1706P5024300:60,1.9935380303973493,-0.22314467240500177,MERIT_ORDER_AND_REN_SOURCE_TOTALS,SOLVED_BUS_Q_ALLOCATED_BY_ASSET_NAMEPLATE,PUBLIC_TOTAL_CALIBRATED_SCENARIO_NOT_UNIT_TELEMETRY
GEN:00701,OSM:node:9650789366,,wind,BUS:EREDES:1706P5024300:60,1.9935380303973493,-0.22314467240500177,MERIT_ORDER_AND_REN_SOURCE_TOTALS,SOLVED_BUS_Q_ALLOCATED_BY_ASSET_NAMEPLATE,PUBLIC_TOTAL_CALIBRATED_SCENARIO_NOT_UNIT_TELEMETRY
GEN:00702,OSM:node:9650789391,,wind,BUS:EREDES:1706P5024300:60,1.9935380303973493,-0.22314467240500177,MERIT_ORDER_AND_REN_SOURCE_TOTALS,SOLVED_BUS_Q_ALLOCATED_BY_ASSET_NAMEPLATE,PUBLIC_TOTAL_CALIBRATED_SCENARIO_NOT_UNIT_TELEMETRY
GEN:00703,OSM:node:9650789379,,wind,BUS:EREDES:1706P5024300:60,1.9935380303973493,-0.22314467240500177,MERIT_ORDER_AND_REN_SOURCE_TOTALS,SOLVED_BUS_Q_ALLOCATED_BY_ASSET_NAMEPLATE,PUBLIC_TOTAL_CALIBRATED_SCENARIO_NOT_UNIT_TELEMETRY
GEN:00704,OSM:node:7551784057,,wind,BUS:EREDES:1706P5024300:60,1.9935380303973493,-0.22314467240500177,MERIT_ORDER_AND_REN_SOURCE_TOTALS,SOLVED_BUS_Q_ALLOCATED_BY_ASSET_NAMEPLATE,PUBLIC_TOTAL_CALIBRATED_SCENARIO_NOT_UNIT_TELEMETRY
GEN:00705,OSM:node:1893821391,,wind,BUS:OSM:way:144398555:220,1.9511223276229377,-0.3827038784971889,MERIT_ORDER_AND_REN_SOURCE_TOTALS,SOLVED_BUS_Q_ALLOCATED_BY_ASSET_NAMEPLATE,PUBLIC_TOTAL_CALIBRATED_SCENARIO_NOT_UNIT_TELEMETRY
GEN:00706,OSM:node:1893821383,,wind,BUS:OSM:way:144398555:220,1.9511223276229377,-0.3827038784971889,MERIT_ORDER_AND_REN_SOURCE_TOTALS,SOLVED_BUS_Q_ALLOCATED_BY_ASSET_NAMEPLATE,PUBLIC_TOTAL_CALIBRATED_SCENARIO_NOT_UNIT_TELEMETRY
GEN:00707,OSM:node:1893821385,,wind,BUS:EREDES:1703S5002100:60,1.9511223276229377,-0.21780197041023014,MERIT_ORDER_AND_REN_SOURCE_TOTALS,SOLVED_BUS_Q_ALLOCATED_BY_ASSET_NAMEPLATE,PUBLIC_TOTAL_CALIBRATED_SCENARIO_NOT_UNIT_TELEMETRY
GEN:00708,OSM:node:1116599125,,wind,BUS:EREDES:0912S5008200:60,1.9511223276229377,-0.2789758897009232,MERIT_ORDER_AND_REN_SOURCE_TOTALS,SOLVED_BUS_Q_ALLOCATED_BY_ASSET_NAMEPLATE,PUBLIC_TOTAL_CALIBRATED_SCENARIO_NOT_UNIT_TELEMETRY
GEN:00709,OSM:node:1893821367,,wind,BUS:EREDES:1703S5002100:60,1.9511223276229377,-0.21780197041023014,MERIT_ORDER_AND_REN_SOURCE_TOTALS,SOLVED_BUS_Q_ALLOCATED_BY_ASSET_NAMEPLATE,PUBLIC_TOTAL_CALIBRATED_SCENARIO_NOT_UNIT_TELEMETRY
GEN:00710,OSM:node:1893821386,,wind,BUS:EREDES:1703S5002100:60,1.9511223276229377,-0.21780197041023014,MERIT_ORDER_AND_REN_SOURCE_TOTALS,SOLVED_BUS_Q_ALLOCATED_BY_ASSET_NAMEPLATE,PUBLIC_TOTAL_CALIBRATED_SCENARIO_NOT_UNIT_TELEMETRY
GEN:00711,OSM:node:1893821388,,wind,BUS:EREDES:1703S5002100:60,1.9511223276229377,-0.21780197041023014,MERIT_ORDER_AND_REN_SOURCE_TOTALS,SOLVED_BUS_Q_ALLOCATED_BY_ASSET_NAMEPLATE,PUBLIC_TOTAL_CALIBRATED_SCENARIO_NOT_UNIT_TELEMETRY
GEN:00712,OSM:node:1116599124,,wind,BUS:EREDES:0912S5008200:60,1.9511223276229377,-0.2789758897009232,MERIT_ORDER_AND_REN_SOURCE_TOTALS,SOLVED_BUS_Q_ALLOCATED_BY_ASSET_NAMEPLATE,PUBLIC_TOTAL_CALIBRATED_SCENARIO_NOT_UNIT_TELEMETRY
GEN:00713,OSM:node:1893821365,,wind,BUS:EREDES:1703S5002100:60,1.9511223276229377,-0.21780197041023014,MERIT_ORDER_AND_REN_SOURCE_TOTALS,SOLVED_BUS_Q_ALLOCATED_BY_ASSET_NAMEPLATE,PUBLIC_TOTAL_CALIBRATED_SCENARIO_NOT_UNIT_TELEMETRY
GEN:00714,OSM:node:1588603548,,wind,BUS:OSM:way:542145772:400,1.9511223276229377,0.028678477666181337,MERIT_ORDER_AND_REN_SOURCE_TOTALS,SOLVED_BUS_Q_ALLOCATED_BY_ASSET_NAMEPLATE,PUBLIC_TOTAL_CALIBRATED_SCENARIO_NOT_UNIT_TELEMETRY
GEN:00715,OSM:node:1893821394,,wind,BUS:EREDES:1703S5002100:60,1.9511223276229377,-0.21780197041023014,MERIT_ORDER_AND_REN_SOURCE_TOTALS,SOLVED_BUS_Q_ALLOCATED_BY_ASSET_NAMEPLATE,PUBLIC_TOTAL_CALIBRATED_SCENARIO_NOT_UNIT_TELEMETRY
GEN:00716,OSM:node:1116599121,,wind,BUS:EREDES:0912S5008200:60,1.9511223276229377,-0.2789758897009232,MERIT_ORDER_AND_REN_SOURCE_TOTALS,SOLVED_BUS_Q_ALLOCATED_BY_ASSET_NAMEPLATE,PUBLIC_TOTAL_CALIBRATED_SCENARIO_NOT_UNIT_TELEMETRY
GEN:00717,OSM:node:1893821359,,wind,BUS:EREDES:1703S5002100:60,1.9511223276229377,-0.21780197041023014,MERIT_ORDER_AND_REN_SOURCE_TOTALS,SOLVED_BUS_Q_ALLOCATED_BY_ASSET_NAMEPLATE,PUBLIC_TOTAL_CALIBRATED_SCENARIO_NOT_UNIT_TELEMETRY
GEN:00718,OSM:node:1893821398,,wind,BUS:EREDES:1703S5002100:60,1.9511223276229377,-0.21780197041023014,MERIT_ORDER_AND_REN_SOURCE_TOTALS,SOLVED_BUS_Q_ALLOCATED_BY_ASSET_NAMEPLATE,PUBLIC_TOTAL_CALIBRATED_SCENARIO_NOT_UNIT_TELEMETRY
GEN:00719,OSM:node:2865411613,,wind,BUS:OSM:way:144398555:220,1.9511223276229377,-0.3827038784971889,MERIT_ORDER_AND_REN_SOURCE_TOTALS,SOLVED_BUS_Q_ALLOCATED_BY_ASSET_NAMEPLATE,PUBLIC_TOTAL_CALIBRATED_SCENARIO_NOT_UNIT_TELEMETRY
GEN:00720,OSM:node:2865411628,,wind,BUS:OSM:way:144398555:220,1.9511223276229377,-0.3827038784971889,MERIT_ORDER_AND_REN_SOURCE_TOTALS,SOLVED_BUS_Q_ALLOCATED_BY_ASSET_NAMEPLATE,PUBLIC_TOTAL_CALIBRATED_SCENARIO_NOT_UNIT_TELEMETRY
GEN:00721,OSM:node:2865411740,,wind,BUS:EREDES:1703S5002100:60,1.9511223276229377,-0.21780197041023014,MERIT_ORDER_AND_REN_SOURCE_TOTALS,SOLVED_BUS_Q_ALLOCATED_BY_ASSET_NAMEPLATE,PUBLIC_TOTAL_CALIBRATED_SCENARIO_NOT_UNIT_TELEMETRY
GEN:00722,OSM:node:1893821401,,wind,BUS:EREDES:1703S5002100:60,1.9511223276229377,-0.21780197041023014,MERIT_ORDER_AND_REN_SOURCE_TOTALS,SOLVED_BUS_Q_ALLOCATED_BY_ASSET_NAMEPLATE,PUBLIC_TOTAL_CALIBRATED_SCENARIO_NOT_UNIT_TELEMETRY
GEN:00723,OSM:node:1893821404,,wind,BUS:EREDES:1703S5002100:60,1.9511223276229377,-0.21780197041023014,MERIT_ORDER_AND_REN_SOURCE_TOTALS,SOLVED_BUS_Q_ALLOCATED_BY_ASSET_NAMEPLATE,PUBLIC_TOTAL_CALIBRATED_SCENARIO_NOT_UNIT_TELEMETRY
GEN:00724,OSM:node:1893821414,,wind,BUS:EREDES:1703S5002100:60,1.9511223276229377,-0.21780197041023014,MERIT_ORDER_AND_REN_SOURCE_TOTALS,SOLVED_BUS_Q_ALLOCATED_BY_ASSET_NAMEPLATE,PUBLIC_TOTAL_CALIBRATED_SCENARIO_NOT_UNIT_TELEMETRY
GEN:00725,OSM:node:1893821415,,wind,BUS:EREDES:1703S5002100:60,1.9511223276229377,-0.21780197041023014,MERIT_ORDER_AND_REN_SOURCE_TOTALS,SOLVED_BUS_Q_ALLOCATED_BY_ASSET_NAMEPLATE,PUBLIC_TOTAL_CALIBRATED_SCENARIO_NOT_UNIT_TELEMETRY
GEN:00726,OSM:way:159188968,Central Fotovoltaica de Lagos,solar,BUS:EREDES:0807S5063100:60,0.006432604357051798,0.0,MERIT_ORDER_AND_REN_SOURCE_TOTALS,FIXED_PQ_SCENARIO_ASSUMPTION,PUBLIC_TOTAL_CALIBRATED_SCENARIO_NOT_UNIT_TELEMETRY
GEN:00727,OSM:node:1893821362,,wind,BUS:EREDES:1703S5002100:60,1.9511223276229377,-0.21780197041023014,MERIT_ORDER_AND_REN_SOURCE_TOTALS,SOLVED_BUS_Q_ALLOCATED_BY_ASSET_NAMEPLATE,PUBLIC_TOTAL_CALIBRATED_SCENARIO_NOT_UNIT_TELEMETRY
GEN:00728,OSM:node:1116599120,,wind,BUS:EREDES:0912S5008200:60,1.9511223276229377,-0.2789758897009232,MERIT_ORDER_AND_REN_SOURCE_TOTALS,SOLVED_BUS_Q_ALLOCATED_BY_ASSET_NAMEPLATE,PUBLIC_TOTAL_CALIBRATED_SCENARIO_NOT_UNIT_TELEMETRY
GEN:00729,OSM:node:1893821358,,wind,BUS:EREDES:1703S5002100:60,1.9511223276229377,-0.21780197041023014,MERIT_ORDER_AND_REN_SOURCE_TOTALS,SOLVED_BUS_Q_ALLOCATED_BY_ASSET_NAMEPLATE,PUBLIC_TOTAL_CALIBRATED_SCENARIO_NOT_UNIT_TELEMETRY
GEN:00730,OSM:node:1116809695,,wind,BUS:OSM:way:542145772:400,1.9511223276229377,0.028678477666181337,MERIT_ORDER_AND_REN_SOURCE_TOTALS,SOLVED_BUS_Q_ALLOCATED_BY_ASSET_NAMEPLATE,PUBLIC_TOTAL_CALIBRATED_SCENARIO_NOT_UNIT_TELEMETRY
GEN:00731,OSM:node:2071845657,S. Mamede 1,wind,BUS:EREDES:1109S5905600:60,1.9511223276229377,0.0,MERIT_ORDER_AND_REN_SOURCE_TOTALS,FIXED_PQ_SCENARIO_ASSUMPTION,PUBLIC_TOTAL_CALIBRATED_SCENARIO_NOT_UNIT_TELEMETRY
GEN:00732,OSM:node:2071845664,S. Mamede 3,wind,BUS:EREDES:1109S5905600:60,1.9511223276229377,0.0,MERIT_ORDER_AND_REN_SOURCE_TOTALS,FIXED_PQ_SCENARIO_ASSUMPTION,PUBLIC_TOTAL_CALIBRATED_SCENARIO_NOT_UNIT_TELEMETRY
GEN:00733,OSM:node:2071845667,S. Mamede 2,wind,BUS:EREDES:1109S5905600:60,1.9511223276229377,0.0,MERIT_ORDER_AND_REN_SOURCE_TOTALS,FIXED_PQ_SCENARIO_ASSUMPTION,PUBLIC_TOTAL_CALIBRATED_SCENARIO_NOT_UNIT_TELEMETRY
GEN:00734,OSM:node:2180013724,,wind,BUS:EREDES:1609S5001100:60,1.9511223276229377,0.0,MERIT_ORDER_AND_REN_SOURCE_TOTALS,FIXED_PQ_SCENARIO_ASSUMPTION,PUBLIC_TOTAL_CALIBRATED_SCENARIO_NOT_UNIT_TELEMETRY
GEN:00735,OSM:node:1893821416,,wind,BUS:EREDES:1703S5002100:60,1.9511223276229377,-0.21780197041023014,MERIT_ORDER_AND_REN_SOURCE_TOTALS,SOLVED_BUS_Q_ALLOCATED_BY_ASSET_NAMEPLATE,PUBLIC_TOTAL_CALIBRATED_SCENARIO_NOT_UNIT_TELEMETRY
GEN:00736,OSM:node:1116809675,,wind,BUS:OSM:way:542145772:400,1.9511223276229377,0.028678477666181337,MERIT_ORDER_AND_REN_SOURCE_TOTALS,SOLVED_BUS_Q_ALLOCATED_BY_ASSET_NAMEPLATE,PUBLIC_TOTAL_CALIBRATED_SCENARIO_NOT_UNIT_TELEMETRY
GEN:00737,OSM:node:2180013727,,wind,BUS:EREDES:1609S5001100:60,1.9511223276229377,0.0,MERIT_ORDER_AND_REN_SOURCE_TOTALS,FIXED_PQ_SCENARIO_ASSUMPTION,PUBLIC_TOTAL_CALIBRATED_SCENARIO_NOT_UNIT_TELEMETRY
GEN:00738,OSM:node:2180013762,,wind,BUS:EREDES:1609S5001100:60,1.9511223276229377,0.0,MERIT_ORDER_AND_REN_SOURCE_TOTALS,FIXED_PQ_SCENARIO_ASSUMPTION,PUBLIC_TOTAL_CALIBRATED_SCENARIO_NOT_UNIT_TELEMETRY
GEN:00739,OSM:node:1116809677,,wind,BUS:OSM:way:542145772:400,1.9511223276229377,0.028678477666181337,MERIT_ORDER_AND_REN_SOURCE_TOTALS,SOLVED_BUS_Q_ALLOCATED_BY_ASSET_NAMEPLATE,PUBLIC_TOTAL_CALIBRATED_SCENARIO_NOT_UNIT_TELEMETRY
GEN:00740,OSM:node:1116809679,,wind,BUS:OSM:way:542145772:400,1.9511223276229377,0.028678477666181337,MERIT_ORDER_AND_REN_SOURCE_TOTALS,SOLVED_BUS_Q_ALLOCATED_BY_ASSET_NAMEPLATE,PUBLIC_TOTAL_CALIBRATED_SCENARIO_NOT_UNIT_TELEMETRY
GEN:00741,OSM:node:1116809696,,wind,BUS:OSM:way:542145772:400,1.9511223276229377,0.028678477666181337,MERIT_ORDER_AND_REN_SOURCE_TOTALS,SOLVED_BUS_Q_ALLOCATED_BY_ASSET_NAMEPLATE,PUBLIC_TOTAL_CALIBRATED_SCENARIO_NOT_UNIT_TELEMETRY
GEN:00742,OSM:node:1893821357,,wind,BUS:EREDES:1703S5002100:60,1.9511223276229377,-0.21780197041023014,MERIT_ORDER_AND_REN_SOURCE_TOTALS,SOLVED_BUS_Q_ALLOCATED_BY_ASSET_NAMEPLATE,PUBLIC_TOTAL_CALIBRATED_SCENARIO_NOT_UNIT_TELEMETRY
GEN:00743,OSM:node:2261843499,Malhanito 02,wind,BUS:EREDES:0814S5060300:60,1.9511223276229377,0.1574744257861879,MERIT_ORDER_AND_REN_SOURCE_TOTALS,SOLVED_BUS_Q_ALLOCATED_BY_ASSET_NAMEPLATE,PUBLIC_TOTAL_CALIBRATED_SCENARIO_NOT_UNIT_TELEMETRY
GEN:00744,OSM:node:2261843578,Malhanito 01,wind,BUS:EREDES:0814S5060300:60,1.9511223276229377,0.1574744257861879,MERIT_ORDER_AND_REN_SOURCE_TOTALS,SOLVED_BUS_Q_ALLOCATED_BY_ASSET_NAMEPLATE,PUBLIC_TOTAL_CALIBRATED_SCENARIO_NOT_UNIT_TELEMETRY
GEN:00745,OSM:node:2261859313,Malhaniro 03,wind,BUS:EREDES:0814S5060300:60,1.9511223276229377,0.1574744257861879,MERIT_ORDER_AND_REN_SOURCE_TOTALS,SOLVED_BUS_Q_ALLOCATED_BY_ASSET_NAMEPLATE,PUBLIC_TOTAL_CALIBRATED_SCENARIO_NOT_UNIT_TELEMETRY
GEN:00746,OSM:node:2261875906,Malhanito 04,wind,BUS:EREDES:0814S5060300:60,1.9511223276229377,0.1574744257861879,MERIT_ORDER_AND_REN_SOURCE_TOTALS,SOLVED_BUS_Q_ALLOCATED_BY_ASSET_NAMEPLATE,PUBLIC_TOTAL_CALIBRATED_SCENARIO_NOT_UNIT_TELEMETRY
GEN:00747,OSM:node:2264924625,Malhanito 05,wind,BUS:EREDES:0814S5060300:60,1.9511223276229377,0.1574744257861879,MERIT_ORDER_AND_REN_SOURCE_TOTALS,SOLVED_BUS_Q_ALLOCATED_BY_ASSET_NAMEPLATE,PUBLIC_TOTAL_CALIBRATED_SCENARIO_NOT_UNIT_TELEMETRY
GEN:00748,OSM:node:2264924629,Malhanito 06,wind,BUS:EREDES:0814S5060300:60,1.9511223276229377,0.1574744257861879,MERIT_ORDER_AND_REN_SOURCE_TOTALS,SOLVED_BUS_Q_ALLOCATED_BY_ASSET_NAMEPLATE,PUBLIC_TOTAL_CALIBRATED_SCENARIO_NOT_UNIT_TELEMETRY
GEN:00749,OSM:node:1116809700,,wind,BUS:OSM:way:542145772:400,1.9511223276229377,0.028678477666181337,MERIT_ORDER_AND_REN_SOURCE_TOTALS,SOLVED_BUS_Q_ALLOCATED_BY_ASSET_NAMEPLATE,PUBLIC_TOTAL_CALIBRATED_SCENARIO_NOT_UNIT_TELEMETRY
GEN:00750,OSM:node:1116599128,,wind,BUS:EREDES:0912S5008200:60,1.9511223276229377,-0.2789758897009232,MERIT_ORDER_AND_REN_SOURCE_TOTALS,SOLVED_BUS_Q_ALLOCATED_BY_ASSET_NAMEPLATE,PUBLIC_TOTAL_CALIBRATED_SCENARIO_NOT_UNIT_TELEMETRY
GEN:00751,OSM:node:1116599126,,wind,BUS:EREDES:0912S5008200:60,1.9511223276229377,-0.2789758897009232,MERIT_ORDER_AND_REN_SOURCE_TOTALS,SOLVED_BUS_Q_ALLOCATED_BY_ASSET_NAMEPLATE,PUBLIC_TOTAL_CALIBRATED_SCENARIO_NOT_UNIT_TELEMETRY
GEN:00752,OSM:node:1893821356,,wind,BUS:EREDES:1703S5002100:60,1.9511223276229377,-0.21780197041023014,MERIT_ORDER_AND_REN_SOURCE_TOTALS,SOLVED_BUS_Q_ALLOCATED_BY_ASSET_NAMEPLATE,PUBLIC_TOTAL_CALIBRATED_SCENARIO_NOT_UNIT_TELEMETRY
GEN:00753,OSM:node:1116599123,,wind,BUS:EREDES:0912S5008200:60,1.9511223276229377,-0.2789758897009232,MERIT_ORDER_AND_REN_SOURCE_TOTALS,SOLVED_BUS_Q_ALLOCATED_BY_ASSET_NAMEPLATE,PUBLIC_TOTAL_CALIBRATED_SCENARIO_NOT_UNIT_TELEMETRY
GEN:00754,OSM:node:2865514000,,wind,BUS:OSM:way:144398555:220,1.9511223276229377,-0.3827038784971889,MERIT_ORDER_AND_REN_SOURCE_TOTALS,SOLVED_BUS_Q_ALLOCATED_BY_ASSET_NAMEPLATE,PUBLIC_TOTAL_CALIBRATED_SCENARIO_NOT_UNIT_TELEMETRY
GEN:00755,OSM:node:3215571407,Aerogerador 3,wind,BUS:OSM:way:1154057619:150,1.9511223276229377,-0.025530973985624754,MERIT_ORDER_AND_REN_SOURCE_TOTALS,SOLVED_BUS_Q_ALLOCATED_BY_ASSET_NAMEPLATE,PUBLIC_TOTAL_CALIBRATED_SCENARIO_NOT_UNIT_TELEMETRY
GEN:00756,OSM:node:7688052965,,wind,BUS:EREDES:0907S5007100:60,1.9511223276229377,0.07858120434141672,MERIT_ORDER_AND_REN_SOURCE_TOTALS,SOLVED_BUS_Q_ALLOCATED_BY_ASSET_NAMEPLATE,PUBLIC_TOTAL_CALIBRATED_SCENARIO_NOT_UNIT_TELEMETRY
GEN:00757,OSM:node:3215250044,Aerogerador 13,wind,BUS:OSM:way:163204230:150,1.9511223276229377,-0.38407078859641414,MERIT_ORDER_AND_REN_SOURCE_TOTALS,SOLVED_BUS_Q_ALLOCATED_BY_ASSET_NAMEPLATE,PUBLIC_TOTAL_CALIBRATED_SCENARIO_NOT_UNIT_TELEMETRY
GEN:00758,OSM:node:3215250043,Aerogerador 12,wind,BUS:OSM:way:163204230:150,1.9511223276229377,-0.38407078859641414,MERIT_ORDER_AND_REN_SOURCE_TOTALS,SOLVED_BUS_Q_ALLOCATED_BY_ASSET_NAMEPLATE,PUBLIC_TOTAL_CALIBRATED_SCENARIO_NOT_UNIT_TELEMETRY
GEN:00759,OSM:node:3215242698,Aerogerador 15,wind,BUS:OSM:way:1154057619:150,1.9511223276229377,-0.025530973985624754,MERIT_ORDER_AND_REN_SOURCE_TOTALS,SOLVED_BUS_Q_ALLOCATED_BY_ASSET_NAMEPLATE,PUBLIC_TOTAL_CALIBRATED_SCENARIO_NOT_UNIT_TELEMETRY
GEN:00760,OSM:node:3215242697,Aerogerador 14,wind,BUS:OSM:way:163204230:150,1.9511223276229377,-0.38407078859641414,MERIT_ORDER_AND_REN_SOURCE_TOTALS,SOLVED_BUS_Q_ALLOCATED_BY_ASSET_NAMEPLATE,PUBLIC_TOTAL_CALIBRATED_SCENARIO_NOT_UNIT_TELEMETRY
GEN:00761,OSM:node:3215240826,Aerogerador 16,wind,BUS:OSM:way:163204230:150,1.9511223276229377,-0.38407078859641414,MERIT_ORDER_AND_REN_SOURCE_TOTALS,SOLVED_BUS_Q_ALLOCATED_BY_ASSET_NAMEPLATE,PUBLIC_TOTAL_CALIBRATED_SCENARIO_NOT_UNIT_TELEMETRY
GEN:00762,OSM:node:3215217853,Aerogerador 9,wind,BUS:OSM:way:163204230:150,1.9511223276229377,-0.38407078859641414,MERIT_ORDER_AND_REN_SOURCE_TOTALS,SOLVED_BUS_Q_ALLOCATED_BY_ASSET_NAMEPLATE,PUBLIC_TOTAL_CALIBRATED_SCENARIO_NOT_UNIT_TELEMETRY
GEN:00763,OSM:node:7688052960,,wind,BUS:EREDES:0907S5007100:60,1.9511223276229377,0.07858120434141672,MERIT_ORDER_AND_REN_SOURCE_TOTALS,SOLVED_BUS_Q_ALLOCATED_BY_ASSET_NAMEPLATE,PUBLIC_TOTAL_CALIBRATED_SCENARIO_NOT_UNIT_TELEMETRY
GEN:00764,OSM:node:7688052961,,wind,BUS:EREDES:0907S5007100:60,1.9511223276229377,0.07858120434141672,MERIT_ORDER_AND_REN_SOURCE_TOTALS,SOLVED_BUS_Q_ALLOCATED_BY_ASSET_NAMEPLATE,PUBLIC_TOTAL_CALIBRATED_SCENARIO_NOT_UNIT_TELEMETRY
GEN:00765,OSM:node:7688052962,,wind,BUS:EREDES:0907S5007100:60,1.9511223276229377,0.07858120434141672,MERIT_ORDER_AND_REN_SOURCE_TOTALS,SOLVED_BUS_Q_ALLOCATED_BY_ASSET_NAMEPLATE,PUBLIC_TOTAL_CALIBRATED_SCENARIO_NOT_UNIT_TELEMETRY
GEN:00766,OSM:node:7688052963,,wind,BUS:EREDES:0907S5007100:60,1.9511223276229377,0.07858120434141672,MERIT_ORDER_AND_REN_SOURCE_TOTALS,SOLVED_BUS_Q_ALLOCATED_BY_ASSET_NAMEPLATE,PUBLIC_TOTAL_CALIBRATED_SCENARIO_NOT_UNIT_TELEMETRY
GEN:00767,OSM:node:7688052964,,wind,BUS:EREDES:0907S5007100:60,1.9511223276229377,0.07858120434141672,MERIT_ORDER_AND_REN_SOURCE_TOTALS,SOLVED_BUS_Q_ALLOCATED_BY_ASSET_NAMEPLATE,PUBLIC_TOTAL_CALIBRATED_SCENARIO_NOT_UNIT_TELEMETRY
GEN:00768,OSM:node:7688052969,,wind,BUS:EREDES:0907S5007100:60,1.9511223276229377,0.07858120434141672,MERIT_ORDER_AND_REN_SOURCE_TOTALS,SOLVED_BUS_Q_ALLOCATED_BY_ASSET_NAMEPLATE,PUBLIC_TOTAL_CALIBRATED_SCENARIO_NOT_UNIT_TELEMETRY
GEN:00769,OSM:node:3653526142,Malhanito 22,wind,BUS:OSM:way:201459319:150,1.9511223276229377,0.6961191317085282,MERIT_ORDER_AND_REN_SOURCE_TOTALS,SOLVED_BUS_Q_ALLOCATED_BY_ASSET_NAMEPLATE,PUBLIC_TOTAL_CALIBRATED_SCENARIO_NOT_UNIT_TELEMETRY
GEN:00770,OSM:node:7688052970,,wind,BUS:EREDES:0907S5007100:60,1.9511223276229377,0.07858120434141672,MERIT_ORDER_AND_REN_SOURCE_TOTALS,SOLVED_BUS_Q_ALLOCATED_BY_ASSET_NAMEPLATE,PUBLIC_TOTAL_CALIBRATED_SCENARIO_NOT_UNIT_TELEMETRY
GEN:00771,OSM:node:7688052971,,wind,BUS:EREDES:0907S5007100:60,1.9511223276229377,0.07858120434141672,MERIT_ORDER_AND_REN_SOURCE_TOTALS,SOLVED_BUS_Q_ALLOCATED_BY_ASSET_NAMEPLATE,PUBLIC_TOTAL_CALIBRATED_SCENARIO_NOT_UNIT_TELEMETRY
GEN:00772,OSM:node:7688052976,,wind,BUS:EREDES:0907S5007100:60,1.9511223276229377,0.07858120434141672,MERIT_ORDER_AND_REN_SOURCE_TOTALS,SOLVED_BUS_Q_ALLOCATED_BY_ASSET_NAMEPLATE,PUBLIC_TOTAL_CALIBRATED_SCENARIO_NOT_UNIT_TELEMETRY
GEN:00773,OSM:node:7688052977,,wind,BUS:EREDES:0907S5007100:60,1.9511223276229377,0.07858120434141672,MERIT_ORDER_AND_REN_SOURCE_TOTALS,SOLVED_BUS_Q_ALLOCATED_BY_ASSET_NAMEPLATE,PUBLIC_TOTAL_CALIBRATED_SCENARIO_NOT_UNIT_TELEMETRY
GEN:00774,OSM:node:1110212879,,wind,BUS:EREDES:0104S5000900:60,1.9511223276229377,0.0,MERIT_ORDER_AND_REN_SOURCE_TOTALS,FIXED_PQ_SCENARIO_ASSUMPTION,PUBLIC_TOTAL_CALIBRATED_SCENARIO_NOT_UNIT_TELEMETRY
GEN:00775,OSM:node:1110212886,,wind,BUS:EREDES:0104S5000900:60,1.9511223276229377,0.0,MERIT_ORDER_AND_REN_SOURCE_TOTALS,FIXED_PQ_SCENARIO_ASSUMPTION,PUBLIC_TOTAL_CALIBRATED_SCENARIO_NOT_UNIT_TELEMETRY
GEN:00776,OSM:node:3653535645,Malhanito 28,wind,BUS:OSM:way:201459319:150,1.9511223276229377,0.6961191317085282,MERIT_ORDER_AND_REN_SOURCE_TOTALS,SOLVED_BUS_Q_ALLOCATED_BY_ASSET_NAMEPLATE,PUBLIC_TOTAL_CALIBRATED_SCENARIO_NOT_UNIT_TELEMETRY
GEN:00777,OSM:node:3653535644,Malhanito 26,wind,BUS:OSM:way:201459319:150,1.9511223276229377,0.6961191317085282,MERIT_ORDER_AND_REN_SOURCE_TOTALS,SOLVED_BUS_Q_ALLOCATED_BY_ASSET_NAMEPLATE,PUBLIC_TOTAL_CALIBRATED_SCENARIO_NOT_UNIT_TELEMETRY
GEN:00778,OSM:node:3653535643,Malhanito 27,wind,BUS:OSM:way:201459319:150,1.9511223276229377,0.6961191317085282,MERIT_ORDER_AND_REN_SOURCE_TOTALS,SOLVED_BUS_Q_ALLOCATED_BY_ASSET_NAMEPLATE,PUBLIC_TOTAL_CALIBRATED_SCENARIO_NOT_UNIT_TELEMETRY
GEN:00779,OSM:node:3653526144,Malhanito 25,wind,BUS:OSM:way:201459319:150,1.9511223276229377,0.6961191317085282,MERIT_ORDER_AND_REN_SOURCE_TOTALS,SOLVED_BUS_Q_ALLOCATED_BY_ASSET_NAMEPLATE,PUBLIC_TOTAL_CALIBRATED_SCENARIO_NOT_UNIT_TELEMETRY
GEN:00780,OSM:node:1110210570,,wind,BUS:EREDES:1803S5004800:60,1.9511223276229377,-0.8034032276170067,MERIT_ORDER_AND_REN_SOURCE_TOTALS,SOLVED_BUS_Q_ALLOCATED_BY_ASSET_NAMEPLATE,PUBLIC_TOTAL_CALIBRATED_SCENARIO_NOT_UNIT_TELEMETRY
GEN:00781,OSM:node:3215605467,Aerogerador 8,wind,BUS:OSM:way:163204230:150,1.9511223276229377,-0.38407078859641414,MERIT_ORDER_AND_REN_SOURCE_TOTALS,SOLVED_BUS_Q_ALLOCATED_BY_ASSET_NAMEPLATE,PUBLIC_TOTAL_CALIBRATED_SCENARIO_NOT_UNIT_TELEMETRY
GEN:00782,OSM:node:3215251212,Aerogerador 11,wind,BUS:OSM:way:163204230:150,1.9511223276229377,-0.38407078859641414,MERIT_ORDER_AND_REN_SOURCE_TOTALS,SOLVED_BUS_Q_ALLOCATED_BY_ASSET_NAMEPLATE,PUBLIC_TOTAL_CALIBRATED_SCENARIO_NOT_UNIT_TELEMETRY
GEN:00783,OSM:node:1110212876,,wind,BUS:EREDES:0104S5000900:60,1.9511223276229377,0.0,MERIT_ORDER_AND_REN_SOURCE_TOTALS,FIXED_PQ_SCENARIO_ASSUMPTION,PUBLIC_TOTAL_CALIBRATED_SCENARIO_NOT_UNIT_TELEMETRY
GEN:00784,OSM:node:3215251766,Aerogerador 10,wind,BUS:OSM:way:163204230:150,1.9511223276229377,-0.38407078859641414,MERIT_ORDER_AND_REN_SOURCE_TOTALS,SOLVED_BUS_Q_ALLOCATED_BY_ASSET_NAMEPLATE,PUBLIC_TOTAL_CALIBRATED_SCENARIO_NOT_UNIT_TELEMETRY
GEN:00785,OSM:node:1110210562,,wind,BUS:EREDES:1803S5004800:60,1.9511223276229377,-0.8034032276170067,MERIT_ORDER_AND_REN_SOURCE_TOTALS,SOLVED_BUS_Q_ALLOCATED_BY_ASSET_NAMEPLATE,PUBLIC_TOTAL_CALIBRATED_SCENARIO_NOT_UNIT_TELEMETRY
GEN:00786,OSM:node:4409787014,Malhanito 16,wind,BUS:EREDES:0814S5060300:60,1.9511223276229377,0.1574744257861879,MERIT_ORDER_AND_REN_SOURCE_TOTALS,SOLVED_BUS_Q_ALLOCATED_BY_ASSET_NAMEPLATE,PUBLIC_TOTAL_CALIBRATED_SCENARIO_NOT_UNIT_TELEMETRY
GEN:00787,OSM:node:1110210584,,wind,BUS:EREDES:1803S5004800:60,1.9511223276229377,-0.8034032276170067,MERIT_ORDER_AND_REN_SOURCE_TOTALS,SOLVED_BUS_Q_ALLOCATED_BY_ASSET_NAMEPLATE,PUBLIC_TOTAL_CALIBRATED_SCENARIO_NOT_UNIT_TELEMETRY
GEN:00788,OSM:node:6482981241,,wind,BUS:EREDES:1703S5002100:60,1.9511223276229377,-0.21780197041023014,MERIT_ORDER_AND_REN_SOURCE_TOTALS,SOLVED_BUS_Q_ALLOCATED_BY_ASSET_NAMEPLATE,PUBLIC_TOTAL_CALIBRATED_SCENARIO_NOT_UNIT_TELEMETRY
GEN:00789,OSM:node:6482981242,,wind,BUS:EREDES:1703S5002100:60,1.9511223276229377,-0.21780197041023014,MERIT_ORDER_AND_REN_SOURCE_TOTALS,SOLVED_BUS_Q_ALLOCATED_BY_ASSET_NAMEPLATE,PUBLIC_TOTAL_CALIBRATED_SCENARIO_NOT_UNIT_TELEMETRY
GEN:00790,OSM:node:6482981243,,wind,BUS:EREDES:1703S5002100:60,1.9511223276229377,-0.21780197041023014,MERIT_ORDER_AND_REN_SOURCE_TOTALS,SOLVED_BUS_Q_ALLOCATED_BY_ASSET_NAMEPLATE,PUBLIC_TOTAL_CALIBRATED_SCENARIO_NOT_UNIT_TELEMETRY
GEN:00791,OSM:node:6482981244,,wind,BUS:EREDES:1703S5002100:60,1.9511223276229377,-0.21780197041023014,MERIT_ORDER_AND_REN_SOURCE_TOTALS,SOLVED_BUS_Q_ALLOCATED_BY_ASSET_NAMEPLATE,PUBLIC_TOTAL_CALIBRATED_SCENARIO_NOT_UNIT_TELEMETRY
GEN:00792,OSM:node:6482981245,,wind,BUS:EREDES:1703S5002100:60,1.9511223276229377,-0.21780197041023014,MERIT_ORDER_AND_REN_SOURCE_TOTALS,SOLVED_BUS_Q_ALLOCATED_BY_ASSET_NAMEPLATE,PUBLIC_TOTAL_CALIBRATED_SCENARIO_NOT_UNIT_TELEMETRY
GEN:00793,OSM:node:6482981246,,wind,BUS:EREDES:1703S5002100:60,1.9511223276229377,-0.21780197041023014,MERIT_ORDER_AND_REN_SOURCE_TOTALS,SOLVED_BUS_Q_ALLOCATED_BY_ASSET_NAMEPLATE,PUBLIC_TOTAL_CALIBRATED_SCENARIO_NOT_UNIT_TELEMETRY
GEN:00794,OSM:node:6482981247,,wind,BUS:EREDES:1703S5002100:60,1.9511223276229377,-0.21780197041023014,MERIT_ORDER_AND_REN_SOURCE_TOTALS,SOLVED_BUS_Q_ALLOCATED_BY_ASSET_NAMEPLATE,PUBLIC_TOTAL_CALIBRATED_SCENARIO_NOT_UNIT_TELEMETRY
GEN:00795,OSM:node:6482981248,,wind,BUS:EREDES:1703S5002100:60,1.9511223276229377,-0.21780197041023014,MERIT_ORDER_AND_REN_SOURCE_TOTALS,SOLVED_BUS_Q_ALLOCATED_BY_ASSET_NAMEPLATE,PUBLIC_TOTAL_CALIBRATED_SCENARIO_NOT_UNIT_TELEMETRY
GEN:00796,OSM:node:1110210593,,wind,BUS:EREDES:1803S5004800:60,1.9511223276229377,-0.8034032276170067,MERIT_ORDER_AND_REN_SOURCE_TOTALS,SOLVED_BUS_Q_ALLOCATED_BY_ASSET_NAMEPLATE,PUBLIC_TOTAL_CALIBRATED_SCENARIO_NOT_UNIT_TELEMETRY
GEN:00797,OSM:node:1110212844,,wind,BUS:EREDES:0104S5000900:60,1.9511223276229377,0.0,MERIT_ORDER_AND_REN_SOURCE_TOTALS,FIXED_PQ_SCENARIO_ASSUMPTION,PUBLIC_TOTAL_CALIBRATED_SCENARIO_NOT_UNIT_TELEMETRY
GEN:00798,OSM:node:1110212847,,wind,BUS:EREDES:0104S5000900:60,1.9511223276229377,0.0,MERIT_ORDER_AND_REN_SOURCE_TOTALS,FIXED_PQ_SCENARIO_ASSUMPTION,PUBLIC_TOTAL_CALIBRATED_SCENARIO_NOT_UNIT_TELEMETRY
GEN:00799,OSM:node:1110212859,,wind,BUS:EREDES:0104S5000900:60,1.9511223276229377,0.0,MERIT_ORDER_AND_REN_SOURCE_TOTALS,FIXED_PQ_SCENARIO_ASSUMPTION,PUBLIC_TOTAL_CALIBRATED_SCENARIO_NOT_UNIT_TELEMETRY
GEN:00800,OSM:node:3215604071,Aerogerador 5,wind,BUS:OSM:way:163204230:150,1.9511223276229377,-0.38407078859641414,MERIT_ORDER_AND_REN_SOURCE_TOTALS,SOLVED_BUS_Q_ALLOCATED_BY_ASSET_NAMEPLATE,PUBLIC_TOTAL_CALIBRATED_SCENARIO_NOT_UNIT_TELEMETRY
GEN:00801,OSM:node:3215604070,Aerogerador 7,wind,BUS:OSM:way:163204230:150,1.9511223276229377,-0.38407078859641414,MERIT_ORDER_AND_REN_SOURCE_TOTALS,SOLVED_BUS_Q_ALLOCATED_BY_ASSET_NAMEPLATE,PUBLIC_TOTAL_CALIBRATED_SCENARIO_NOT_UNIT_TELEMETRY
GEN:00802,OSM:node:3215604069,Aerogerador 4,wind,BUS:EREDES:0814S5060300:60,1.9511223276229377,0.1574744257861879,MERIT_ORDER_AND_REN_SOURCE_TOTALS,SOLVED_BUS_Q_ALLOCATED_BY_ASSET_NAMEPLATE,PUBLIC_TOTAL_CALIBRATED_SCENARIO_NOT_UNIT_TELEMETRY
GEN:00803,OSM:node:3215604072,Aerogerador 6,wind,BUS:OSM:way:163204230:150,1.9511223276229377,-0.38407078859641414,MERIT_ORDER_AND_REN_SOURCE_TOTALS,SOLVED_BUS_Q_ALLOCATED_BY_ASSET_NAMEPLATE,PUBLIC_TOTAL_CALIBRATED_SCENARIO_NOT_UNIT_TELEMETRY
GEN:00804,OSM:node:1110212861,,wind,BUS:EREDES:0104S5000900:60,1.9511223276229377,0.0,MERIT_ORDER_AND_REN_SOURCE_TOTALS,FIXED_PQ_SCENARIO_ASSUMPTION,PUBLIC_TOTAL_CALIBRATED_SCENARIO_NOT_UNIT_TELEMETRY
GEN:00805,OSM:node:1110212873,,wind,BUS:EREDES:0104S5000900:60,1.9511223276229377,0.0,MERIT_ORDER_AND_REN_SOURCE_TOTALS,FIXED_PQ_SCENARIO_ASSUMPTION,PUBLIC_TOTAL_CALIBRATED_SCENARIO_NOT_UNIT_TELEMETRY
GEN:00806,OSM:node:3215568963,Aerogerador 2,wind,BUS:OSM:way:1154057619:150,1.9511223276229377,-0.025530973985624754,MERIT_ORDER_AND_REN_SOURCE_TOTALS,SOLVED_BUS_Q_ALLOCATED_BY_ASSET_NAMEPLATE,PUBLIC_TOTAL_CALIBRATED_SCENARIO_NOT_UNIT_TELEMETRY
GEN:00807,OSM:node:3215255794,Aerogerador 1,wind,BUS:OSM:way:1154057619:150,1.9511223276229377,-0.025530973985624754,MERIT_ORDER_AND_REN_SOURCE_TOTALS,SOLVED_BUS_Q_ALLOCATED_BY_ASSET_NAMEPLATE,PUBLIC_TOTAL_CALIBRATED_SCENARIO_NOT_UNIT_TELEMETRY
GEN:00808,OSM:node:3653526143,Malhanito 23,wind,BUS:OSM:way:201459319:150,1.9511223276229377,0.6961191317085282,MERIT_ORDER_AND_REN_SOURCE_TOTALS,SOLVED_BUS_Q_ALLOCATED_BY_ASSET_NAMEPLATE,PUBLIC_TOTAL_CALIBRATED_SCENARIO_NOT_UNIT_TELEMETRY
GEN:00809,OSM:way:813684448,Casal dos Cabeços,solar,BUS:EREDES:1418S5004100:60,0.006432604357051798,0.0,MERIT_ORDER_AND_REN_SOURCE_TOTALS,FIXED_PQ_SCENARIO_ASSUMPTION,PUBLIC_TOTAL_CALIBRATED_SCENARIO_NOT_UNIT_TELEMETRY
GEN:00810,OSM:node:3653526141,Malhanito 21,wind,BUS:OSM:way:201459319:150,1.9511223276229377,0.6961191317085282,MERIT_ORDER_AND_REN_SOURCE_TOTALS,SOLVED_BUS_Q_ALLOCATED_BY_ASSET_NAMEPLATE,PUBLIC_TOTAL_CALIBRATED_SCENARIO_NOT_UNIT_TELEMETRY
GEN:00811,OSM:node:3481223413,,wind,BUS:EREDES:1803P5015700:60,1.9511223276229377,-0.3443131411023272,MERIT_ORDER_AND_REN_SOURCE_TOTALS,SOLVED_BUS_Q_ALLOCATED_BY_ASSET_NAMEPLATE,PUBLIC_TOTAL_CALIBRATED_SCENARIO_NOT_UNIT_TELEMETRY
GEN:00812,OSM:node:2865465919,AC02,wind,BUS:OSM:way:144398555:220,1.9511223276229377,-0.3827038784971889,MERIT_ORDER_AND_REN_SOURCE_TOTALS,SOLVED_BUS_Q_ALLOCATED_BY_ASSET_NAMEPLATE,PUBLIC_TOTAL_CALIBRATED_SCENARIO_NOT_UNIT_TELEMETRY
GEN:00813,OSM:node:3482991085,,wind,BUS:EREDES:1602S5021100:60,1.9511223276229377,0.6115348104625776,MERIT_ORDER_AND_REN_SOURCE_TOTALS,SOLVED_BUS_Q_ALLOCATED_BY_ASSET_NAMEPLATE,PUBLIC_TOTAL_CALIBRATED_SCENARIO_NOT_UNIT_TELEMETRY
GEN:00814,OSM:node:3482991084,,wind,BUS:EREDES:1602S5021100:60,1.9511223276229377,0.6115348104625776,MERIT_ORDER_AND_REN_SOURCE_TOTALS,SOLVED_BUS_Q_ALLOCATED_BY_ASSET_NAMEPLATE,PUBLIC_TOTAL_CALIBRATED_SCENARIO_NOT_UNIT_TELEMETRY
GEN:00815,OSM:node:3481223446,,wind,BUS:EREDES:1803P5015700:60,1.9511223276229377,-0.3443131411023272,MERIT_ORDER_AND_REN_SOURCE_TOTALS,SOLVED_BUS_Q_ALLOCATED_BY_ASSET_NAMEPLATE,PUBLIC_TOTAL_CALIBRATED_SCENARIO_NOT_UNIT_TELEMETRY
GEN:00816,OSM:node:3481223418,,wind,BUS:EREDES:1805P5021600:60,1.9511223276229377,-0.3237408860487604,MERIT_ORDER_AND_REN_SOURCE_TOTALS,SOLVED_BUS_Q_ALLOCATED_BY_ASSET_NAMEPLATE,PUBLIC_TOTAL_CALIBRATED_SCENARIO_NOT_UNIT_TELEMETRY
GEN:00817,OSM:node:2865465909,,wind,BUS:EREDES:1703S5002100:60,1.9511223276229377,-0.21780197041023014,MERIT_ORDER_AND_REN_SOURCE_TOTALS,SOLVED_BUS_Q_ALLOCATED_BY_ASSET_NAMEPLATE,PUBLIC_TOTAL_CALIBRATED_SCENARIO_NOT_UNIT_TELEMETRY
GEN:00818,OSM:node:2865465789,AC03,wind,BUS:OSM:way:144398555:220,1.9511223276229377,-0.3827038784971889,MERIT_ORDER_AND_REN_SOURCE_TOTALS,SOLVED_BUS_Q_ALLOCATED_BY_ASSET_NAMEPLATE,PUBLIC_TOTAL_CALIBRATED_SCENARIO_NOT_UNIT_TELEMETRY
GEN:00819,OSM:node:2865465773,AC01,wind,BUS:OSM:way:144398555:220,1.9511223276229377,-0.3827038784971889,MERIT_ORDER_AND_REN_SOURCE_TOTALS,SOLVED_BUS_Q_ALLOCATED_BY_ASSET_NAMEPLATE,PUBLIC_TOTAL_CALIBRATED_SCENARIO_NOT_UNIT_TELEMETRY
GEN:00820,OSM:node:2865412159,,wind,BUS:OSM:way:144398555:220,1.9511223276229377,-0.3827038784971889,MERIT_ORDER_AND_REN_SOURCE_TOTALS,SOLVED_BUS_Q_ALLOCATED_BY_ASSET_NAMEPLATE,PUBLIC_TOTAL_CALIBRATED_SCENARIO_NOT_UNIT_TELEMETRY
GEN:00821,OSM:node:2865412139,AC05,wind,BUS:OSM:way:144398555:220,1.9511223276229377,-0.3827038784971889,MERIT_ORDER_AND_REN_SOURCE_TOTALS,SOLVED_BUS_Q_ALLOCATED_BY_ASSET_NAMEPLATE,PUBLIC_TOTAL_CALIBRATED_SCENARIO_NOT_UNIT_TELEMETRY
GEN:00822,OSM:node:2865412081,,wind,BUS:OSM:way:144398555:220,1.9511223276229377,-0.3827038784971889,MERIT_ORDER_AND_REN_SOURCE_TOTALS,SOLVED_BUS_Q_ALLOCATED_BY_ASSET_NAMEPLATE,PUBLIC_TOTAL_CALIBRATED_SCENARIO_NOT_UNIT_TELEMETRY
GEN:00823,OSM:node:3481223406,,wind,BUS:EREDES:1803P5015700:60,1.9511223276229377,-0.3443131411023272,MERIT_ORDER_AND_REN_SOURCE_TOTALS,SOLVED_BUS_Q_ALLOCATED_BY_ASSET_NAMEPLATE,PUBLIC_TOTAL_CALIBRATED_SCENARIO_NOT_UNIT_TELEMETRY
GEN:00824,OSM:node:2865466129,AC04,wind,BUS:OSM:way:144398555:220,1.9511223276229377,-0.3827038784971889,MERIT_ORDER_AND_REN_SOURCE_TOTALS,SOLVED_BUS_Q_ALLOCATED_BY_ASSET_NAMEPLATE,PUBLIC_TOTAL_CALIBRATED_SCENARIO_NOT_UNIT_TELEMETRY
GEN:00825,OSM:node:2865412072,,wind,BUS:OSM:way:144398555:220,1.9511223276229377,-0.3827038784971889,MERIT_ORDER_AND_REN_SOURCE_TOTALS,SOLVED_BUS_Q_ALLOCATED_BY_ASSET_NAMEPLATE,PUBLIC_TOTAL_CALIBRATED_SCENARIO_NOT_UNIT_TELEMETRY
GEN:00826,OSM:node:3481223405,,wind,BUS:EREDES:1803P5015700:60,1.9511223276229377,-0.3443131411023272,MERIT_ORDER_AND_REN_SOURCE_TOTALS,SOLVED_BUS_Q_ALLOCATED_BY_ASSET_NAMEPLATE,PUBLIC_TOTAL_CALIBRATED_SCENARIO_NOT_UNIT_TELEMETRY
GEN:00827,OSM:node:2865412006,AC06,wind,BUS:OSM:way:144398555:220,1.9511223276229377,-0.3827038784971889,MERIT_ORDER_AND_REN_SOURCE_TOTALS,SOLVED_BUS_Q_ALLOCATED_BY_ASSET_NAMEPLATE,PUBLIC_TOTAL_CALIBRATED_SCENARIO_NOT_UNIT_TELEMETRY
GEN:00828,OSM:node:2865411980,,wind,BUS:OSM:way:144398555:220,1.9511223276229377,-0.3827038784971889,MERIT_ORDER_AND_REN_SOURCE_TOTALS,SOLVED_BUS_Q_ALLOCATED_BY_ASSET_NAMEPLATE,PUBLIC_TOTAL_CALIBRATED_SCENARIO_NOT_UNIT_TELEMETRY
GEN:00829,OSM:node:3481223402,,wind,BUS:EREDES:1803P5015700:60,1.9511223276229377,-0.3443131411023272,MERIT_ORDER_AND_REN_SOURCE_TOTALS,SOLVED_BUS_Q_ALLOCATED_BY_ASSET_NAMEPLATE,PUBLIC_TOTAL_CALIBRATED_SCENARIO_NOT_UNIT_TELEMETRY
GEN:00830,OSM:node:3481223090,,wind,BUS:EREDES:1805P5021600:60,1.9511223276229377,-0.3237408860487604,MERIT_ORDER_AND_REN_SOURCE_TOTALS,SOLVED_BUS_Q_ALLOCATED_BY_ASSET_NAMEPLATE,PUBLIC_TOTAL_CALIBRATED_SCENARIO_NOT_UNIT_TELEMETRY
GEN:00831,OSM:node:3481223086,,wind,BUS:EREDES:1803P5015700:60,1.9511223276229377,-0.3443131411023272,MERIT_ORDER_AND_REN_SOURCE_TOTALS,SOLVED_BUS_Q_ALLOCATED_BY_ASSET_NAMEPLATE,PUBLIC_TOTAL_CALIBRATED_SCENARIO_NOT_UNIT_TELEMETRY
GEN:00832,OSM:node:2865411799,,wind,BUS:OSM:way:144398555:220,1.9511223276229377,-0.3827038784971889,MERIT_ORDER_AND_REN_SOURCE_TOTALS,SOLVED_BUS_Q_ALLOCATED_BY_ASSET_NAMEPLATE,PUBLIC_TOTAL_CALIBRATED_SCENARIO_NOT_UNIT_TELEMETRY
GEN:00833,OSM:node:3481223076,,wind,BUS:EREDES:1803P5015700:60,1.9511223276229377,-0.3443131411023272,MERIT_ORDER_AND_REN_SOURCE_TOTALS,SOLVED_BUS_Q_ALLOCATED_BY_ASSET_NAMEPLATE,PUBLIC_TOTAL_CALIBRATED_SCENARIO_NOT_UNIT_TELEMETRY
GEN:00834,OSM:node:3481219151,,wind,BUS:EREDES:1803P5015700:60,1.9511223276229377,-0.3443131411023272,MERIT_ORDER_AND_REN_SOURCE_TOTALS,SOLVED_BUS_Q_ALLOCATED_BY_ASSET_NAMEPLATE,PUBLIC_TOTAL_CALIBRATED_SCENARIO_NOT_UNIT_TELEMETRY
GEN:00835,OSM:node:2865411791,,wind,BUS:OSM:way:144398555:220,1.9511223276229377,-0.3827038784971889,MERIT_ORDER_AND_REN_SOURCE_TOTALS,SOLVED_BUS_Q_ALLOCATED_BY_ASSET_NAMEPLATE,PUBLIC_TOTAL_CALIBRATED_SCENARIO_NOT_UNIT_TELEMETRY
GEN:00836,OSM:node:3653526140,Malhanito 24,wind,BUS:OSM:way:201459319:150,1.9511223276229377,0.6961191317085282,MERIT_ORDER_AND_REN_SOURCE_TOTALS,SOLVED_BUS_Q_ALLOCATED_BY_ASSET_NAMEPLATE,PUBLIC_TOTAL_CALIBRATED_SCENARIO_NOT_UNIT_TELEMETRY
GEN:00837,OSM:node:3482991086,,wind,BUS:EREDES:1602S5021100:60,1.9511223276229377,0.6115348104625776,MERIT_ORDER_AND_REN_SOURCE_TOTALS,SOLVED_BUS_Q_ALLOCATED_BY_ASSET_NAMEPLATE,PUBLIC_TOTAL_CALIBRATED_SCENARIO_NOT_UNIT_TELEMETRY
GEN:00838,OSM:node:2865502161,,wind,BUS:OSM:way:144398555:220,1.9511223276229377,-0.3827038784971889,MERIT_ORDER_AND_REN_SOURCE_TOTALS,SOLVED_BUS_Q_ALLOCATED_BY_ASSET_NAMEPLATE,PUBLIC_TOTAL_CALIBRATED_SCENARIO_NOT_UNIT_TELEMETRY
GEN:00839,OSM:node:3653506693,Malhanito 12,wind,BUS:EREDES:0814S5060300:60,1.9511223276229377,0.1574744257861879,MERIT_ORDER_AND_REN_SOURCE_TOTALS,SOLVED_BUS_Q_ALLOCATED_BY_ASSET_NAMEPLATE,PUBLIC_TOTAL_CALIBRATED_SCENARIO_NOT_UNIT_TELEMETRY
GEN:00840,OSM:node:3214455317,Aerogerador 17,wind,BUS:OSM:way:163204230:150,1.9511223276229377,-0.38407078859641414,MERIT_ORDER_AND_REN_SOURCE_TOTALS,SOLVED_BUS_Q_ALLOCATED_BY_ASSET_NAMEPLATE,PUBLIC_TOTAL_CALIBRATED_SCENARIO_NOT_UNIT_TELEMETRY
GEN:00841,OSM:node:3214444081,Aerogerador 18,wind,BUS:OSM:way:163204230:150,1.9511223276229377,-0.38407078859641414,MERIT_ORDER_AND_REN_SOURCE_TOTALS,SOLVED_BUS_Q_ALLOCATED_BY_ASSET_NAMEPLATE,PUBLIC_TOTAL_CALIBRATED_SCENARIO_NOT_UNIT_TELEMETRY
GEN:00842,OSM:node:3214351027,Aerogerador 19,wind,BUS:OSM:way:163204230:150,1.9511223276229377,-0.38407078859641414,MERIT_ORDER_AND_REN_SOURCE_TOTALS,SOLVED_BUS_Q_ALLOCATED_BY_ASSET_NAMEPLATE,PUBLIC_TOTAL_CALIBRATED_SCENARIO_NOT_UNIT_TELEMETRY
GEN:00843,OSM:node:3653523736,Malhanito 19,wind,BUS:OSM:way:201459319:150,1.9511223276229377,0.6961191317085282,MERIT_ORDER_AND_REN_SOURCE_TOTALS,SOLVED_BUS_Q_ALLOCATED_BY_ASSET_NAMEPLATE,PUBLIC_TOTAL_CALIBRATED_SCENARIO_NOT_UNIT_TELEMETRY
GEN:00844,OSM:node:3653523729,Malhanito 17,wind,BUS:EREDES:0814S5060300:60,1.9511223276229377,0.1574744257861879,MERIT_ORDER_AND_REN_SOURCE_TOTALS,SOLVED_BUS_Q_ALLOCATED_BY_ASSET_NAMEPLATE,PUBLIC_TOTAL_CALIBRATED_SCENARIO_NOT_UNIT_TELEMETRY
GEN:00845,OSM:node:3653523728,Malhanito 18,wind,BUS:OSM:way:201459319:150,1.9511223276229377,0.6961191317085282,MERIT_ORDER_AND_REN_SOURCE_TOTALS,SOLVED_BUS_Q_ALLOCATED_BY_ASSET_NAMEPLATE,PUBLIC_TOTAL_CALIBRATED_SCENARIO_NOT_UNIT_TELEMETRY
GEN:00846,OSM:node:3653523726,Malhanito 15,wind,BUS:EREDES:0814S5060300:60,1.9511223276229377,0.1574744257861879,MERIT_ORDER_AND_REN_SOURCE_TOTALS,SOLVED_BUS_Q_ALLOCATED_BY_ASSET_NAMEPLATE,PUBLIC_TOTAL_CALIBRATED_SCENARIO_NOT_UNIT_TELEMETRY
GEN:00847,OSM:node:2865513904,,wind,BUS:OSM:way:144398555:220,1.9511223276229377,-0.3827038784971889,MERIT_ORDER_AND_REN_SOURCE_TOTALS,SOLVED_BUS_Q_ALLOCATED_BY_ASSET_NAMEPLATE,PUBLIC_TOTAL_CALIBRATED_SCENARIO_NOT_UNIT_TELEMETRY
GEN:00848,OSM:node:3653519827,Malhanito 29,wind,BUS:OSM:way:201459319:150,1.9511223276229377,0.6961191317085282,MERIT_ORDER_AND_REN_SOURCE_TOTALS,SOLVED_BUS_Q_ALLOCATED_BY_ASSET_NAMEPLATE,PUBLIC_TOTAL_CALIBRATED_SCENARIO_NOT_UNIT_TELEMETRY
GEN:00849,OSM:node:3653513629,Malhanito 14,wind,BUS:EREDES:0814S5060300:60,1.9511223276229377,0.1574744257861879,MERIT_ORDER_AND_REN_SOURCE_TOTALS,SOLVED_BUS_Q_ALLOCATED_BY_ASSET_NAMEPLATE,PUBLIC_TOTAL_CALIBRATED_SCENARIO_NOT_UNIT_TELEMETRY
GEN:00850,OSM:node:3653520386,Malhanito 20,wind,BUS:OSM:way:201459319:150,1.9511223276229377,0.6961191317085282,MERIT_ORDER_AND_REN_SOURCE_TOTALS,SOLVED_BUS_Q_ALLOCATED_BY_ASSET_NAMEPLATE,PUBLIC_TOTAL_CALIBRATED_SCENARIO_NOT_UNIT_TELEMETRY
GEN:00851,OSM:node:3653506692,Malhanito 13,wind,BUS:EREDES:0814S5060300:60,1.9511223276229377,0.1574744257861879,MERIT_ORDER_AND_REN_SOURCE_TOTALS,SOLVED_BUS_Q_ALLOCATED_BY_ASSET_NAMEPLATE,PUBLIC_TOTAL_CALIBRATED_SCENARIO_NOT_UNIT_TELEMETRY
GEN:00852,OSM:node:3653506690,Manhanito 10,wind,BUS:EREDES:0814S5060300:60,1.9511223276229377,0.1574744257861879,MERIT_ORDER_AND_REN_SOURCE_TOTALS,SOLVED_BUS_Q_ALLOCATED_BY_ASSET_NAMEPLATE,PUBLIC_TOTAL_CALIBRATED_SCENARIO_NOT_UNIT_TELEMETRY
GEN:00853,OSM:node:2865513925,,wind,BUS:OSM:way:144398555:220,1.9511223276229377,-0.3827038784971889,MERIT_ORDER_AND_REN_SOURCE_TOTALS,SOLVED_BUS_Q_ALLOCATED_BY_ASSET_NAMEPLATE,PUBLIC_TOTAL_CALIBRATED_SCENARIO_NOT_UNIT_TELEMETRY
GEN:00854,OSM:node:2865513982,,wind,BUS:OSM:way:144398555:220,1.9511223276229377,-0.3827038784971889,MERIT_ORDER_AND_REN_SOURCE_TOTALS,SOLVED_BUS_Q_ALLOCATED_BY_ASSET_NAMEPLATE,PUBLIC_TOTAL_CALIBRATED_SCENARIO_NOT_UNIT_TELEMETRY
GEN:00855,OSM:node:3653450276,Malhanito 07,wind,BUS:EREDES:0814S5060300:60,1.9511223276229377,0.1574744257861879,MERIT_ORDER_AND_REN_SOURCE_TOTALS,SOLVED_BUS_Q_ALLOCATED_BY_ASSET_NAMEPLATE,PUBLIC_TOTAL_CALIBRATED_SCENARIO_NOT_UNIT_TELEMETRY
GEN:00856,OSM:node:2865513988,,wind,BUS:OSM:way:144398555:220,1.9511223276229377,-0.3827038784971889,MERIT_ORDER_AND_REN_SOURCE_TOTALS,SOLVED_BUS_Q_ALLOCATED_BY_ASSET_NAMEPLATE,PUBLIC_TOTAL_CALIBRATED_SCENARIO_NOT_UNIT_TELEMETRY
GEN:00857,OSM:node:3653468944,Malhanito 08,wind,BUS:EREDES:0814S5060300:60,1.9511223276229377,0.1574744257861879,MERIT_ORDER_AND_REN_SOURCE_TOTALS,SOLVED_BUS_Q_ALLOCATED_BY_ASSET_NAMEPLATE,PUBLIC_TOTAL_CALIBRATED_SCENARIO_NOT_UNIT_TELEMETRY
GEN:00858,OSM:node:2865514126,,wind,BUS:OSM:way:144398555:220,1.9511223276229377,-0.3827038784971889,MERIT_ORDER_AND_REN_SOURCE_TOTALS,SOLVED_BUS_Q_ALLOCATED_BY_ASSET_NAMEPLATE,PUBLIC_TOTAL_CALIBRATED_SCENARIO_NOT_UNIT_TELEMETRY
GEN:00859,OSM:node:3653468945,Malhanito 09,wind,BUS:EREDES:0814S5060300:60,1.9511223276229377,0.1574744257861879,MERIT_ORDER_AND_REN_SOURCE_TOTALS,SOLVED_BUS_Q_ALLOCATED_BY_ASSET_NAMEPLATE,PUBLIC_TOTAL_CALIBRATED_SCENARIO_NOT_UNIT_TELEMETRY
GEN:00860,OSM:node:3653506689,Malhanito 11,wind,BUS:EREDES:0814S5060300:60,1.9511223276229377,0.1574744257861879,MERIT_ORDER_AND_REN_SOURCE_TOTALS,SOLVED_BUS_Q_ALLOCATED_BY_ASSET_NAMEPLATE,PUBLIC_TOTAL_CALIBRATED_SCENARIO_NOT_UNIT_TELEMETRY
GEN:00861,OSM:node:1110210569,,wind,BUS:EREDES:1803S5004800:60,1.9511223276229377,-0.8034032276170067,MERIT_ORDER_AND_REN_SOURCE_TOTALS,SOLVED_BUS_Q_ALLOCATED_BY_ASSET_NAMEPLATE,PUBLIC_TOTAL_CALIBRATED_SCENARIO_NOT_UNIT_TELEMETRY
GEN:00862,OSM:way:1318499977,About the Future,solar,BUS:EREDES:1512S5031200:60,0.0064046365120211364,0.23675833288472345,MERIT_ORDER_AND_REN_SOURCE_TOTALS,SOLVED_BUS_Q_ALLOCATED_BY_ASSET_NAMEPLATE,PUBLIC_TOTAL_CALIBRATED_SCENARIO_NOT_UNIT_TELEMETRY
GEN:00863,OSM:way:1317690187,Palmela (Ecoparque),biogas,BUS:EREDES:1506S5031400:60,1.2026190782267518,0.0,MERIT_ORDER_AND_REN_SOURCE_TOTALS,FIXED_PQ_SCENARIO_ASSUMPTION,PUBLIC_TOTAL_CALIBRATED_SCENARIO_NOT_UNIT_TELEMETRY
GEN:00864,OSM:way:1317015503,Central de Valorização Energética do Aterro Sanitário da Cova da Beira,biogas,BUS:OSM:way:144432489:220,1.1760124614518235,0.0,MERIT_ORDER_AND_REN_SOURCE_TOTALS,FIXED_PQ_SCENARIO_ASSUMPTION,PUBLIC_TOTAL_CALIBRATED_SCENARIO_NOT_UNIT_TELEMETRY
GEN:00865,OSM:relation:18090144,Parque Solar do Interior Alentejano,solar,BUS:EREDES:0202S5052400:60,0.0061529259067451885,0.0,MERIT_ORDER_AND_REN_SOURCE_TOTALS,FIXED_PQ_SCENARIO_ASSUMPTION,PUBLIC_TOTAL_CALIBRATED_SCENARIO_NOT_UNIT_TELEMETRY
GEN:00866,OSM:way:1318779229,Tejo Rei,solar,BUS:EREDES:1107S5819500:60,0.0061529259067451885,0.0,MERIT_ORDER_AND_REN_SOURCE_TOTALS,FIXED_PQ_SCENARIO_ASSUMPTION,PUBLIC_TOTAL_CALIBRATED_SCENARIO_NOT_UNIT_TELEMETRY
GEN:00867,OSM:way:1227819027,Aproveitamento Hidroelétrico da Granja do Tedo,hydro,BUS:OSM:way:144398746:220,2.3891641507486696,0.0,MERIT_ORDER_AND_REN_SOURCE_TOTALS,FIXED_PQ_SCENARIO_ASSUMPTION,PUBLIC_TOTAL_CALIBRATED_SCENARIO_NOT_UNIT_TELEMETRY
GEN:00868,OSM:way:1469545406,Carvemagere,gas,BUS:EREDES:0306S5004700:60,0.054741483552855096,0.0,MERIT_ORDER_AND_REN_SOURCE_TOTALS,FIXED_PQ_SCENARIO_ASSUMPTION,PUBLIC_TOTAL_CALIBRATED_SCENARIO_NOT_UNIT_TELEMETRY
GEN:00869,OSM:node:12191671374,,wind,BUS:EREDES:0305P5021500:60,1.8662909220741144,1.1000000000000003,MERIT_ORDER_AND_REN_SOURCE_TOTALS,SOLVED_BUS_Q_ALLOCATED_BY_ASSET_NAMEPLATE,PUBLIC_TOTAL_CALIBRATED_SCENARIO_NOT_UNIT_TELEMETRY
GEN:00870,OSM:way:1227685884,Aproveitamento Hidroelétrico de Águas Frias,hydro,BUS:EREDES:1816P5012500:60,2.3891641507486696,0.0,MERIT_ORDER_AND_REN_SOURCE_TOTALS,FIXED_PQ_SCENARIO_ASSUMPTION,PUBLIC_TOTAL_CALIBRATED_SCENARIO_NOT_UNIT_TELEMETRY
GEN:00871,OSM:way:1227604648,Central Hidroelétrica da Ponte do Bico,hydro,BUS:EREDES:0303S5006500:60,2.3891641507486696,0.0,MERIT_ORDER_AND_REN_SOURCE_TOTALS,FIXED_PQ_SCENARIO_ASSUMPTION,PUBLIC_TOTAL_CALIBRATED_SCENARIO_NOT_UNIT_TELEMETRY
GEN:00872,OSM:node:12191671369,,wind,BUS:EREDES:1602P5020900:60,1.8662909220741144,0.0,MERIT_ORDER_AND_REN_SOURCE_TOTALS,FIXED_PQ_SCENARIO_ASSUMPTION,PUBLIC_TOTAL_CALIBRATED_SCENARIO_NOT_UNIT_TELEMETRY
GEN:00873,OSM:way:543076673,Central Fotovoltaica Canha ACIL 1,solar,BUS:EREDES:1507S5030900:60,0.0061529259067451885,0.9009137925069738,MERIT_ORDER_AND_REN_SOURCE_TOTALS,SOLVED_BUS_Q_ALLOCATED_BY_ASSET_NAMEPLATE,PUBLIC_TOTAL_CALIBRATED_SCENARIO_NOT_UNIT_TELEMETRY
GEN:00874,OSM:way:506579531,Central Solar da Flamenguinha,solar,BUS:EREDES:0712S5042500:60,0.0061529259067451885,1.1,MERIT_ORDER_AND_REN_SOURCE_TOTALS,SOLVED_BUS_Q_ALLOCATED_BY_ASSET_NAMEPLATE,PUBLIC_TOTAL_CALIBRATED_SCENARIO_NOT_UNIT_TELEMETRY
GEN:00875,OSM:way:506574337,NEOEN - Herdade dos Pegos,solar,BUS:EREDES:1409S5568300:60,0.0061529259067451885,0.0,MERIT_ORDER_AND_REN_SOURCE_TOTALS,FIXED_PQ_SCENARIO_ASSUMPTION,PUBLIC_TOTAL_CALIBRATED_SCENARIO_NOT_UNIT_TELEMETRY
GEN:00876,OSM:way:771766824,Tejo Rei,solar,BUS:EREDES:1107S5901900:60,0.0061529259067451885,1.1,MERIT_ORDER_AND_REN_SOURCE_TOTALS,SOLVED_BUS_Q_ALLOCATED_BY_ASSET_NAMEPLATE,PUBLIC_TOTAL_CALIBRATED_SCENARIO_NOT_UNIT_TELEMETRY
GEN:00877,OSM:way:943336749,Central Fotovoltaica de Malhapão,solar,BUS:EREDES:1107S5221400:60,0.0061529259067451885,0.0,MERIT_ORDER_AND_REN_SOURCE_TOTALS,FIXED_PQ_SCENARIO_ASSUMPTION,PUBLIC_TOTAL_CALIBRATED_SCENARIO_NOT_UNIT_TELEMETRY
GEN:00878,OSM:way:1051431051,Central Hidroelétrica das Trutas,hydro,BUS:EREDES:0402S5005100:60,2.3891641507486696,0.0,MERIT_ORDER_AND_REN_SOURCE_TOTALS,FIXED_PQ_SCENARIO_ASSUMPTION,PUBLIC_TOTAL_CALIBRATED_SCENARIO_NOT_UNIT_TELEMETRY
GEN:00879,OSM:way:576672576,Central Fotovoltaica Canha ACIL 2,solar,BUS:EREDES:1507S5030900:60,0.0061529259067451885,0.9009137925069738,MERIT_ORDER_AND_REN_SOURCE_TOTALS,SOLVED_BUS_Q_ALLOCATED_BY_ASSET_NAMEPLATE,PUBLIC_TOTAL_CALIBRATED_SCENARIO_NOT_UNIT_TELEMETRY
GEN:00880,OSM:way:493291825,Parque Solar da Marinha,solar,BUS:EREDES:0115S5008100:60,0.0061529259067451885,0.0,MERIT_ORDER_AND_REN_SOURCE_TOTALS,FIXED_PQ_SCENARIO_ASSUMPTION,PUBLIC_TOTAL_CALIBRATED_SCENARIO_NOT_UNIT_TELEMETRY
GEN:00881,OSM:way:1317452101,Central de Valorização Energética do Aterro Sanitário de Aveiro,biogas,BUS:EREDES:0105S5003900:60,1.14408452132191,0.0,MERIT_ORDER_AND_REN_SOURCE_TOTALS,FIXED_PQ_SCENARIO_ASSUMPTION,PUBLIC_TOTAL_CALIBRATED_SCENARIO_NOT_UNIT_TELEMETRY
GEN:00882,OSM:node:3447548366,Serra Alta,wind,BUS:EREDES:0911S5007700:60,1.8238752192997025,0.08163741043539759,MERIT_ORDER_AND_REN_SOURCE_TOTALS,SOLVED_BUS_Q_ALLOCATED_BY_ASSET_NAMEPLATE,PUBLIC_TOTAL_CALIBRATED_SCENARIO_NOT_UNIT_TELEMETRY
GEN:00883,OSM:way:1316950730,Central de Valorização Energética do Ecoparque da Braval,biogas,BUS:OSM:way:151061884:130,1.1334418746119388,0.0,MERIT_ORDER_AND_REN_SOURCE_TOTALS,FIXED_PQ_SCENARIO_ASSUMPTION,PUBLIC_TOTAL_CALIBRATED_SCENARIO_NOT_UNIT_TELEMETRY
GEN:00884,OSM:node:5250109512,,wind,BUS:EREDES:1302P5020600:60,1.781459516525291,0.10674357991151369,MERIT_ORDER_AND_REN_SOURCE_TOTALS,SOLVED_BUS_Q_ALLOCATED_BY_ASSET_NAMEPLATE,PUBLIC_TOTAL_CALIBRATED_SCENARIO_NOT_UNIT_TELEMETRY
GEN:00885,OSM:node:1648290894,,wind,BUS:EREDES:1109S5905600:60,1.781459516525291,0.0,MERIT_ORDER_AND_REN_SOURCE_TOTALS,FIXED_PQ_SCENARIO_ASSUMPTION,PUBLIC_TOTAL_CALIBRATED_SCENARIO_NOT_UNIT_TELEMETRY
GEN:00886,OSM:node:13812280519,,wind,BUS:EREDES:1824S5009400:60,1.781459516525291,0.0,MERIT_ORDER_AND_REN_SOURCE_TOTALS,FIXED_PQ_SCENARIO_ASSUMPTION,PUBLIC_TOTAL_CALIBRATED_SCENARIO_NOT_UNIT_TELEMETRY
GEN:00887,OSM:node:2472533708,,wind,BUS:EREDES:1301S5020200:60,1.781459516525291,0.0,MERIT_ORDER_AND_REN_SOURCE_TOTALS,FIXED_PQ_SCENARIO_ASSUMPTION,PUBLIC_TOTAL_CALIBRATED_SCENARIO_NOT_UNIT_TELEMETRY
GEN:00888,OSM:node:2472533705,,wind,BUS:EREDES:1301S5020200:60,1.781459516525291,0.0,MERIT_ORDER_AND_REN_SOURCE_TOTALS,FIXED_PQ_SCENARIO_ASSUMPTION,PUBLIC_TOTAL_CALIBRATED_SCENARIO_NOT_UNIT_TELEMETRY
GEN:00889,OSM:node:2472528109,,wind,BUS:EREDES:1301S5020200:60,1.781459516525291,0.0,MERIT_ORDER_AND_REN_SOURCE_TOTALS,FIXED_PQ_SCENARIO_ASSUMPTION,PUBLIC_TOTAL_CALIBRATED_SCENARIO_NOT_UNIT_TELEMETRY
GEN:00890,OSM:node:5250109513,,wind,BUS:EREDES:1302P5020600:60,1.781459516525291,0.10674357991151369,MERIT_ORDER_AND_REN_SOURCE_TOTALS,SOLVED_BUS_Q_ALLOCATED_BY_ASSET_NAMEPLATE,PUBLIC_TOTAL_CALIBRATED_SCENARIO_NOT_UNIT_TELEMETRY
GEN:00891,OSM:way:1227616912,Aproveitamento Hidroelétrico da Mesa do Galo I & II,hydro,BUS:OSM:way:753364578:400,2.2805657802600936,0.6021526067821952,MERIT_ORDER_AND_REN_SOURCE_TOTALS,SOLVED_BUS_Q_ALLOCATED_BY_ASSET_NAMEPLATE,PUBLIC_TOTAL_CALIBRATED_SCENARIO_NOT_UNIT_TELEMETRY
GEN:00892,OSM:node:3111565064,,wind,BUS:EREDES:1803P5015700:60,1.739043813750879,-0.30688779967816116,MERIT_ORDER_AND_REN_SOURCE_TOTALS,SOLVED_BUS_Q_ALLOCATED_BY_ASSET_NAMEPLATE,PUBLIC_TOTAL_CALIBRATED_SCENARIO_NOT_UNIT_TELEMETRY
GEN:00893,OSM:node:1583389255,,wind,BUS:EREDES:1109S5902500:60,1.739043813750879,0.0,MERIT_ORDER_AND_REN_SOURCE_TOTALS,FIXED_PQ_SCENARIO_ASSUMPTION,PUBLIC_TOTAL_CALIBRATED_SCENARIO_NOT_UNIT_TELEMETRY
GEN:00894,OSM:node:1568206726,,wind,BUS:EREDES:1311S5006900:60,1.739043813750879,0.0,MERIT_ORDER_AND_REN_SOURCE_TOTALS,FIXED_PQ_SCENARIO_ASSUMPTION,PUBLIC_TOTAL_CALIBRATED_SCENARIO_NOT_UNIT_TELEMETRY
GEN:00895,OSM:node:3111564771,,wind,BUS:EREDES:1803P5015700:60,1.739043813750879,-0.30688779967816116,MERIT_ORDER_AND_REN_SOURCE_TOTALS,SOLVED_BUS_Q_ALLOCATED_BY_ASSET_NAMEPLATE,PUBLIC_TOTAL_CALIBRATED_SCENARIO_NOT_UNIT_TELEMETRY
GEN:00896,OSM:node:3111565053,,wind,BUS:EREDES:1803P5015700:60,1.739043813750879,-0.30688779967816116,MERIT_ORDER_AND_REN_SOURCE_TOTALS,SOLVED_BUS_Q_ALLOCATED_BY_ASSET_NAMEPLATE,PUBLIC_TOTAL_CALIBRATED_SCENARIO_NOT_UNIT_TELEMETRY
GEN:00897,OSM:node:3111564815,,wind,BUS:EREDES:1803P5015700:60,1.739043813750879,-0.30688779967816116,MERIT_ORDER_AND_REN_SOURCE_TOTALS,SOLVED_BUS_Q_ALLOCATED_BY_ASSET_NAMEPLATE,PUBLIC_TOTAL_CALIBRATED_SCENARIO_NOT_UNIT_TELEMETRY
GEN:00898,OSM:node:3861687487,,wind,BUS:EREDES:1001S5001300:60,1.739043813750879,0.0,MERIT_ORDER_AND_REN_SOURCE_TOTALS,FIXED_PQ_SCENARIO_ASSUMPTION,PUBLIC_TOTAL_CALIBRATED_SCENARIO_NOT_UNIT_TELEMETRY
GEN:00899,OSM:node:13125586966,Grupo 1,hydro,BUS:EREDES:0311S5001300:60,2.195859051279004,0.0,MERIT_ORDER_AND_REN_SOURCE_TOTALS,FIXED_PQ_SCENARIO_ASSUMPTION,PUBLIC_TOTAL_CALIBRATED_SCENARIO_NOT_UNIT_TELEMETRY
GEN:00900,OSM:way:890882643,Central Fotovoltaica do Cadaval,solar,BUS:EREDES:1104S5672000:60,0.005649504696193395,0.0,MERIT_ORDER_AND_REN_SOURCE_TOTALS,FIXED_PQ_SCENARIO_ASSUMPTION,PUBLIC_TOTAL_CALIBRATED_SCENARIO_NOT_UNIT_TELEMETRY
GEN:00901,OSM:node:1695974621,23,wind,BUS:EREDES:1713S5014700:60,1.6966281109764676,0.15221137373165763,MERIT_ORDER_AND_REN_SOURCE_TOTALS,SOLVED_BUS_Q_ALLOCATED_BY_ASSET_NAMEPLATE,PUBLIC_TOTAL_CALIBRATED_SCENARIO_NOT_UNIT_TELEMETRY
GEN:00902,OSM:node:1701463851,AG4,wind,BUS:EREDES:0803S5904000:60,1.6966281109764676,-0.10038613351449435,MERIT_ORDER_AND_REN_SOURCE_TOTALS,SOLVED_BUS_Q_ALLOCATED_BY_ASSET_NAMEPLATE,PUBLIC_TOTAL_CALIBRATED_SCENARIO_NOT_UNIT_TELEMETRY
GEN:00903,OSM:node:1701463901,AG6,wind,BUS:EREDES:0803S5904000:60,1.6966281109764676,-0.10038613351449435,MERIT_ORDER_AND_REN_SOURCE_TOTALS,SOLVED_BUS_Q_ALLOCATED_BY_ASSET_NAMEPLATE,PUBLIC_TOTAL_CALIBRATED_SCENARIO_NOT_UNIT_TELEMETRY
GEN:00904,OSM:node:1695961076,11,wind,BUS:EREDES:1714S5022900:60,1.6966281109764676,0.0,MERIT_ORDER_AND_REN_SOURCE_TOTALS,FIXED_PQ_SCENARIO_ASSUMPTION,PUBLIC_TOTAL_CALIBRATED_SCENARIO_NOT_UNIT_TELEMETRY
GEN:00905,OSM:node:1695961751,15,wind,BUS:EREDES:1713S5014700:60,1.6966281109764676,0.15221137373165763,MERIT_ORDER_AND_REN_SOURCE_TOTALS,SOLVED_BUS_Q_ALLOCATED_BY_ASSET_NAMEPLATE,PUBLIC_TOTAL_CALIBRATED_SCENARIO_NOT_UNIT_TELEMETRY
GEN:00906,OSM:node:1701463885,AG3,wind,BUS:EREDES:0803S5904000:60,1.6966281109764676,-0.10038613351449435,MERIT_ORDER_AND_REN_SOURCE_TOTALS,SOLVED_BUS_Q_ALLOCATED_BY_ASSET_NAMEPLATE,PUBLIC_TOTAL_CALIBRATED_SCENARIO_NOT_UNIT_TELEMETRY
GEN:00907,OSM:node:1695963156,7,wind,BUS:EREDES:1713S5014700:60,1.6966281109764676,0.15221137373165763,MERIT_ORDER_AND_REN_SOURCE_TOTALS,SOLVED_BUS_Q_ALLOCATED_BY_ASSET_NAMEPLATE,PUBLIC_TOTAL_CALIBRATED_SCENARIO_NOT_UNIT_TELEMETRY
GEN:00908,OSM:node:1701794524,AG7,wind,BUS:EREDES:0803S5904000:60,1.6966281109764676,-0.10038613351449435,MERIT_ORDER_AND_REN_SOURCE_TOTALS,SOLVED_BUS_Q_ALLOCATED_BY_ASSET_NAMEPLATE,PUBLIC_TOTAL_CALIBRATED_SCENARIO_NOT_UNIT_TELEMETRY
GEN:00909,OSM:node:1695962782,8,wind,BUS:EREDES:1713S5014700:60,1.6966281109764676,0.15221137373165763,MERIT_ORDER_AND_REN_SOURCE_TOTALS,SOLVED_BUS_Q_ALLOCATED_BY_ASSET_NAMEPLATE,PUBLIC_TOTAL_CALIBRATED_SCENARIO_NOT_UNIT_TELEMETRY
GEN:00910,OSM:node:1701794245,AG9,wind,BUS:EREDES:0803S5904000:60,1.6966281109764676,-0.10038613351449435,MERIT_ORDER_AND_REN_SOURCE_TOTALS,SOLVED_BUS_Q_ALLOCATED_BY_ASSET_NAMEPLATE,PUBLIC_TOTAL_CALIBRATED_SCENARIO_NOT_UNIT_TELEMETRY
GEN:00911,OSM:node:1701794587,AG11,wind,BUS:EREDES:0803S5904000:60,1.6966281109764676,-0.10038613351449435,MERIT_ORDER_AND_REN_SOURCE_TOTALS,SOLVED_BUS_Q_ALLOCATED_BY_ASSET_NAMEPLATE,PUBLIC_TOTAL_CALIBRATED_SCENARIO_NOT_UNIT_TELEMETRY
GEN:00912,OSM:node:1701794703,AG12,wind,BUS:EREDES:0803S5904000:60,1.6966281109764676,-0.10038613351449435,MERIT_ORDER_AND_REN_SOURCE_TOTALS,SOLVED_BUS_Q_ALLOCATED_BY_ASSET_NAMEPLATE,PUBLIC_TOTAL_CALIBRATED_SCENARIO_NOT_UNIT_TELEMETRY
GEN:00913,OSM:node:1718578026,,wind,BUS:EREDES:1107S5901900:60,1.6966281109764676,1.0,MERIT_ORDER_AND_REN_SOURCE_TOTALS,SOLVED_BUS_Q_ALLOCATED_BY_ASSET_NAMEPLATE,PUBLIC_TOTAL_CALIBRATED_SCENARIO_NOT_UNIT_TELEMETRY
GEN:00914,OSM:node:1718676821,,wind,BUS:EREDES:1113S5900500:60,1.6966281109764676,0.0,MERIT_ORDER_AND_REN_SOURCE_TOTALS,FIXED_PQ_SCENARIO_ASSUMPTION,PUBLIC_TOTAL_CALIBRATED_SCENARIO_NOT_UNIT_TELEMETRY
GEN:00915,OSM:node:1701463856,AG2,wind,BUS:EREDES:0803S5904000:60,1.6966281109764676,-0.10038613351449435,MERIT_ORDER_AND_REN_SOURCE_TOTALS,SOLVED_BUS_Q_ALLOCATED_BY_ASSET_NAMEPLATE,PUBLIC_TOTAL_CALIBRATED_SCENARIO_NOT_UNIT_TELEMETRY
GEN:00916,OSM:node:1605607849,,wind,BUS:EREDES:1109S5902500:60,1.6966281109764676,0.0,MERIT_ORDER_AND_REN_SOURCE_TOTALS,FIXED_PQ_SCENARIO_ASSUMPTION,PUBLIC_TOTAL_CALIBRATED_SCENARIO_NOT_UNIT_TELEMETRY
GEN:00917,OSM:node:1605606904,,wind,BUS:EREDES:1109S5902500:60,1.6966281109764676,0.0,MERIT_ORDER_AND_REN_SOURCE_TOTALS,FIXED_PQ_SCENARIO_ASSUMPTION,PUBLIC_TOTAL_CALIBRATED_SCENARIO_NOT_UNIT_TELEMETRY
GEN:00918,OSM:node:1695960971,10,wind,BUS:EREDES:1714S5022900:60,1.6966281109764676,0.0,MERIT_ORDER_AND_REN_SOURCE_TOTALS,FIXED_PQ_SCENARIO_ASSUMPTION,PUBLIC_TOTAL_CALIBRATED_SCENARIO_NOT_UNIT_TELEMETRY
GEN:00919,OSM:node:1695977764,21,wind,BUS:EREDES:1713S5014700:60,1.6966281109764676,0.15221137373165763,MERIT_ORDER_AND_REN_SOURCE_TOTALS,SOLVED_BUS_Q_ALLOCATED_BY_ASSET_NAMEPLATE,PUBLIC_TOTAL_CALIBRATED_SCENARIO_NOT_UNIT_TELEMETRY
GEN:00920,OSM:node:1695967951,16,wind,BUS:EREDES:1713S5014700:60,1.6966281109764676,0.15221137373165763,MERIT_ORDER_AND_REN_SOURCE_TOTALS,SOLVED_BUS_Q_ALLOCATED_BY_ASSET_NAMEPLATE,PUBLIC_TOTAL_CALIBRATED_SCENARIO_NOT_UNIT_TELEMETRY
GEN:00921,OSM:node:1695976683,20,wind,BUS:EREDES:1713S5014700:60,1.6966281109764676,0.15221137373165763,MERIT_ORDER_AND_REN_SOURCE_TOTALS,SOLVED_BUS_Q_ALLOCATED_BY_ASSET_NAMEPLATE,PUBLIC_TOTAL_CALIBRATED_SCENARIO_NOT_UNIT_TELEMETRY
GEN:00922,OSM:node:1701794039,AG8,wind,BUS:EREDES:0803S5904000:60,1.6966281109764676,-0.10038613351449435,MERIT_ORDER_AND_REN_SOURCE_TOTALS,SOLVED_BUS_Q_ALLOCATED_BY_ASSET_NAMEPLATE,PUBLIC_TOTAL_CALIBRATED_SCENARIO_NOT_UNIT_TELEMETRY
GEN:00923,OSM:node:1605606902,,wind,BUS:EREDES:1109S5902500:60,1.6966281109764676,0.0,MERIT_ORDER_AND_REN_SOURCE_TOTALS,FIXED_PQ_SCENARIO_ASSUMPTION,PUBLIC_TOTAL_CALIBRATED_SCENARIO_NOT_UNIT_TELEMETRY
GEN:00924,OSM:node:1695967216,2,wind,BUS:EREDES:1713S5014700:60,1.6966281109764676,0.15221137373165763,MERIT_ORDER_AND_REN_SOURCE_TOTALS,SOLVED_BUS_Q_ALLOCATED_BY_ASSET_NAMEPLATE,PUBLIC_TOTAL_CALIBRATED_SCENARIO_NOT_UNIT_TELEMETRY
GEN:00925,OSM:node:1648638958,,wind,BUS:EREDES:1109S5902500:60,1.6966281109764676,0.0,MERIT_ORDER_AND_REN_SOURCE_TOTALS,FIXED_PQ_SCENARIO_ASSUMPTION,PUBLIC_TOTAL_CALIBRATED_SCENARIO_NOT_UNIT_TELEMETRY
GEN:00926,OSM:node:1648639139,,wind,BUS:EREDES:1109S5902500:60,1.6966281109764676,0.0,MERIT_ORDER_AND_REN_SOURCE_TOTALS,FIXED_PQ_SCENARIO_ASSUMPTION,PUBLIC_TOTAL_CALIBRATED_SCENARIO_NOT_UNIT_TELEMETRY
GEN:00927,OSM:node:1695975879,22,wind,BUS:EREDES:1713S5014700:60,1.6966281109764676,0.15221137373165763,MERIT_ORDER_AND_REN_SOURCE_TOTALS,SOLVED_BUS_Q_ALLOCATED_BY_ASSET_NAMEPLATE,PUBLIC_TOTAL_CALIBRATED_SCENARIO_NOT_UNIT_TELEMETRY
GEN:00928,OSM:node:1648639197,,wind,BUS:EREDES:1109S5902500:60,1.6966281109764676,0.0,MERIT_ORDER_AND_REN_SOURCE_TOTALS,FIXED_PQ_SCENARIO_ASSUMPTION,PUBLIC_TOTAL_CALIBRATED_SCENARIO_NOT_UNIT_TELEMETRY
GEN:00929,OSM:node:1695966755,3,wind,BUS:EREDES:1713S5014700:60,1.6966281109764676,0.15221137373165763,MERIT_ORDER_AND_REN_SOURCE_TOTALS,SOLVED_BUS_Q_ALLOCATED_BY_ASSET_NAMEPLATE,PUBLIC_TOTAL_CALIBRATED_SCENARIO_NOT_UNIT_TELEMETRY
GEN:00930,OSM:node:1695965661,4,wind,BUS:EREDES:1713S5014700:60,1.6966281109764676,0.15221137373165763,MERIT_ORDER_AND_REN_SOURCE_TOTALS,SOLVED_BUS_Q_ALLOCATED_BY_ASSET_NAMEPLATE,PUBLIC_TOTAL_CALIBRATED_SCENARIO_NOT_UNIT_TELEMETRY
GEN:00931,OSM:node:1695975905,17,wind,BUS:EREDES:1713S5014700:60,1.6966281109764676,0.15221137373165763,MERIT_ORDER_AND_REN_SOURCE_TOTALS,SOLVED_BUS_Q_ALLOCATED_BY_ASSET_NAMEPLATE,PUBLIC_TOTAL_CALIBRATED_SCENARIO_NOT_UNIT_TELEMETRY
GEN:00932,OSM:node:1701794123,AG10,wind,BUS:EREDES:0803S5904000:60,1.6966281109764676,-0.10038613351449435,MERIT_ORDER_AND_REN_SOURCE_TOTALS,SOLVED_BUS_Q_ALLOCATED_BY_ASSET_NAMEPLATE,PUBLIC_TOTAL_CALIBRATED_SCENARIO_NOT_UNIT_TELEMETRY
GEN:00933,OSM:node:1695964731,5,wind,BUS:EREDES:1713S5014700:60,1.6966281109764676,0.15221137373165763,MERIT_ORDER_AND_REN_SOURCE_TOTALS,SOLVED_BUS_Q_ALLOCATED_BY_ASSET_NAMEPLATE,PUBLIC_TOTAL_CALIBRATED_SCENARIO_NOT_UNIT_TELEMETRY
GEN:00934,OSM:node:1695963650,6,wind,BUS:EREDES:1713S5014700:60,1.6966281109764676,0.15221137373165763,MERIT_ORDER_AND_REN_SOURCE_TOTALS,SOLVED_BUS_Q_ALLOCATED_BY_ASSET_NAMEPLATE,PUBLIC_TOTAL_CALIBRATED_SCENARIO_NOT_UNIT_TELEMETRY
GEN:00935,OSM:node:1695954548,14,wind,BUS:EREDES:1714S5022900:60,1.6966281109764676,0.0,MERIT_ORDER_AND_REN_SOURCE_TOTALS,FIXED_PQ_SCENARIO_ASSUMPTION,PUBLIC_TOTAL_CALIBRATED_SCENARIO_NOT_UNIT_TELEMETRY
GEN:00936,OSM:node:1701463988,AG1,wind,BUS:EREDES:0803S5904000:60,1.6966281109764676,-0.10038613351449435,MERIT_ORDER_AND_REN_SOURCE_TOTALS,SOLVED_BUS_Q_ALLOCATED_BY_ASSET_NAMEPLATE,PUBLIC_TOTAL_CALIBRATED_SCENARIO_NOT_UNIT_TELEMETRY
GEN:00937,OSM:node:1695955475,13,wind,BUS:EREDES:1714S5022900:60,1.6966281109764676,0.0,MERIT_ORDER_AND_REN_SOURCE_TOTALS,FIXED_PQ_SCENARIO_ASSUMPTION,PUBLIC_TOTAL_CALIBRATED_SCENARIO_NOT_UNIT_TELEMETRY
GEN:00938,OSM:node:1701463972,AG5,wind,BUS:EREDES:0803S5904000:60,1.6966281109764676,-0.10038613351449435,MERIT_ORDER_AND_REN_SOURCE_TOTALS,SOLVED_BUS_Q_ALLOCATED_BY_ASSET_NAMEPLATE,PUBLIC_TOTAL_CALIBRATED_SCENARIO_NOT_UNIT_TELEMETRY
GEN:00939,OSM:node:1695967650,1,wind,BUS:EREDES:1713S5014700:60,1.6966281109764676,0.15221137373165763,MERIT_ORDER_AND_REN_SOURCE_TOTALS,SOLVED_BUS_Q_ALLOCATED_BY_ASSET_NAMEPLATE,PUBLIC_TOTAL_CALIBRATED_SCENARIO_NOT_UNIT_TELEMETRY
GEN:00940,OSM:node:1695957804,12,wind,BUS:EREDES:1714S5022900:60,1.6966281109764676,0.0,MERIT_ORDER_AND_REN_SOURCE_TOTALS,FIXED_PQ_SCENARIO_ASSUMPTION,PUBLIC_TOTAL_CALIBRATED_SCENARIO_NOT_UNIT_TELEMETRY
GEN:00941,OSM:node:1605606901,,wind,BUS:EREDES:1107S5221400:60,1.6966281109764676,0.0,MERIT_ORDER_AND_REN_SOURCE_TOTALS,FIXED_PQ_SCENARIO_ASSUMPTION,PUBLIC_TOTAL_CALIBRATED_SCENARIO_NOT_UNIT_TELEMETRY
GEN:00942,OSM:node:1112084334,,wind,BUS:EREDES:1101S5423500:60,1.6966281109764676,0.0,MERIT_ORDER_AND_REN_SOURCE_TOTALS,FIXED_PQ_SCENARIO_ASSUMPTION,PUBLIC_TOTAL_CALIBRATED_SCENARIO_NOT_UNIT_TELEMETRY
GEN:00943,OSM:way:810828700,Central Fotovoltaica Inov OP,solar,BUS:EREDES:1318S5020300:60,0.005593569006132073,1.0,MERIT_ORDER_AND_REN_SOURCE_TOTALS,SOLVED_BUS_Q_ALLOCATED_BY_ASSET_NAMEPLATE,PUBLIC_TOTAL_CALIBRATED_SCENARIO_NOT_UNIT_TELEMETRY
GEN:00945,OSM:node:1111642005,,wind,BUS:EREDES:1602S5021100:60,1.6966281109764676,0.5317694004022415,MERIT_ORDER_AND_REN_SOURCE_TOTALS,SOLVED_BUS_Q_ALLOCATED_BY_ASSET_NAMEPLATE,PUBLIC_TOTAL_CALIBRATED_SCENARIO_NOT_UNIT_TELEMETRY
GEN:00946,OSM:node:1111642225,,wind,BUS:EREDES:1602S5021100:60,1.6966281109764676,0.5317694004022415,MERIT_ORDER_AND_REN_SOURCE_TOTALS,SOLVED_BUS_Q_ALLOCATED_BY_ASSET_NAMEPLATE,PUBLIC_TOTAL_CALIBRATED_SCENARIO_NOT_UNIT_TELEMETRY
GEN:00947,OSM:node:1111642322,,wind,BUS:EREDES:1602S5021100:60,1.6966281109764676,0.5317694004022415,MERIT_ORDER_AND_REN_SOURCE_TOTALS,SOLVED_BUS_Q_ALLOCATED_BY_ASSET_NAMEPLATE,PUBLIC_TOTAL_CALIBRATED_SCENARIO_NOT_UNIT_TELEMETRY
GEN:00948,OSM:node:1112084323,,wind,BUS:OSM:way:151166980:220,1.6966281109764676,0.0,MERIT_ORDER_AND_REN_SOURCE_TOTALS,FIXED_PQ_SCENARIO_ASSUMPTION,PUBLIC_TOTAL_CALIBRATED_SCENARIO_NOT_UNIT_TELEMETRY
GEN:00949,OSM:node:1718676825,,wind,BUS:EREDES:1113S5900500:60,1.6966281109764676,0.0,MERIT_ORDER_AND_REN_SOURCE_TOTALS,FIXED_PQ_SCENARIO_ASSUMPTION,PUBLIC_TOTAL_CALIBRATED_SCENARIO_NOT_UNIT_TELEMETRY
GEN:00950,OSM:way:943599444,Central Fotovoltaica de Alfouvar,solar,BUS:EREDES:1111S5200000:60,0.005593569006132073,0.0,MERIT_ORDER_AND_REN_SOURCE_TOTALS,FIXED_PQ_SCENARIO_ASSUMPTION,PUBLIC_TOTAL_CALIBRATED_SCENARIO_NOT_UNIT_TELEMETRY
GEN:00951,OSM:node:1112084353,,wind,BUS:EREDES:1113S5480800:60,1.6966281109764676,0.0,MERIT_ORDER_AND_REN_SOURCE_TOTALS,FIXED_PQ_SCENARIO_ASSUMPTION,PUBLIC_TOTAL_CALIBRATED_SCENARIO_NOT_UNIT_TELEMETRY
GEN:00952,OSM:node:1112084365,,wind,BUS:EREDES:1113S5480800:60,1.6966281109764676,0.0,MERIT_ORDER_AND_REN_SOURCE_TOTALS,FIXED_PQ_SCENARIO_ASSUMPTION,PUBLIC_TOTAL_CALIBRATED_SCENARIO_NOT_UNIT_TELEMETRY
GEN:00953,OSM:node:1112084367,,wind,BUS:EREDES:1101S5423500:60,1.6966281109764676,0.0,MERIT_ORDER_AND_REN_SOURCE_TOTALS,FIXED_PQ_SCENARIO_ASSUMPTION,PUBLIC_TOTAL_CALIBRATED_SCENARIO_NOT_UNIT_TELEMETRY
GEN:00954,OSM:node:1112084395,,wind,BUS:EREDES:1113S5480800:60,1.6966281109764676,0.0,MERIT_ORDER_AND_REN_SOURCE_TOTALS,FIXED_PQ_SCENARIO_ASSUMPTION,PUBLIC_TOTAL_CALIBRATED_SCENARIO_NOT_UNIT_TELEMETRY
GEN:00955,OSM:way:544239109,Central Hidroelétrica do Pego do Altar,hydro,BUS:EREDES:1501S5053800:60,2.1719674097715176,0.0,MERIT_ORDER_AND_REN_SOURCE_TOTALS,FIXED_PQ_SCENARIO_ASSUMPTION,PUBLIC_TOTAL_CALIBRATED_SCENARIO_NOT_UNIT_TELEMETRY
GEN:00956,OSM:node:1112084399,,wind,BUS:OSM:way:151166980:220,1.6966281109764676,0.0,MERIT_ORDER_AND_REN_SOURCE_TOTALS,FIXED_PQ_SCENARIO_ASSUMPTION,PUBLIC_TOTAL_CALIBRATED_SCENARIO_NOT_UNIT_TELEMETRY
GEN:00957,OSM:way:941627021,Central Solar Santo Varão,solar,BUS:EREDES:0615S5006300:60,0.005593569006132073,0.0,MERIT_ORDER_AND_REN_SOURCE_TOTALS,FIXED_PQ_SCENARIO_ASSUMPTION,PUBLIC_TOTAL_CALIBRATED_SCENARIO_NOT_UNIT_TELEMETRY
GEN:00958,OSM:way:1041258399,Central Fotovoltaica Inov Lx,solar,BUS:EREDES:1114P5340100:60,0.005593569006132073,0.0,MERIT_ORDER_AND_REN_SOURCE_TOTALS,FIXED_PQ_SCENARIO_ASSUMPTION,PUBLIC_TOTAL_CALIBRATED_SCENARIO_NOT_UNIT_TELEMETRY
GEN:00959,OSM:node:1605606900,,wind,BUS:EREDES:1111S5200000:60,1.6966281109764676,0.0,MERIT_ORDER_AND_REN_SOURCE_TOTALS,FIXED_PQ_SCENARIO_ASSUMPTION,PUBLIC_TOTAL_CALIBRATED_SCENARIO_NOT_UNIT_TELEMETRY
GEN:00960,OSM:node:1110200059,,wind,BUS:EREDES:0609P5021200:60,1.6966281109764676,-0.16027948478925294,MERIT_ORDER_AND_REN_SOURCE_TOTALS,SOLVED_BUS_Q_ALLOCATED_BY_ASSET_NAMEPLATE,PUBLIC_TOTAL_CALIBRATED_SCENARIO_NOT_UNIT_TELEMETRY
GEN:00961,OSM:node:267798883,,wind,BUS:EREDES:1107S5901900:60,1.6966281109764676,1.0,MERIT_ORDER_AND_REN_SOURCE_TOTALS,SOLVED_BUS_Q_ALLOCATED_BY_ASSET_NAMEPLATE,PUBLIC_TOTAL_CALIBRATED_SCENARIO_NOT_UNIT_TELEMETRY
GEN:00962,OSM:node:267798884,,wind,BUS:EREDES:1107S5901900:60,1.6966281109764676,1.0,MERIT_ORDER_AND_REN_SOURCE_TOTALS,SOLVED_BUS_Q_ALLOCATED_BY_ASSET_NAMEPLATE,PUBLIC_TOTAL_CALIBRATED_SCENARIO_NOT_UNIT_TELEMETRY
GEN:00963,OSM:node:267798885,,wind,BUS:EREDES:1107S5901900:60,1.6966281109764676,1.0,MERIT_ORDER_AND_REN_SOURCE_TOTALS,SOLVED_BUS_Q_ALLOCATED_BY_ASSET_NAMEPLATE,PUBLIC_TOTAL_CALIBRATED_SCENARIO_NOT_UNIT_TELEMETRY
GEN:00964,OSM:node:267798886,,wind,BUS:EREDES:1107S5901900:60,1.6966281109764676,1.0,MERIT_ORDER_AND_REN_SOURCE_TOTALS,SOLVED_BUS_Q_ALLOCATED_BY_ASSET_NAMEPLATE,PUBLIC_TOTAL_CALIBRATED_SCENARIO_NOT_UNIT_TELEMETRY
GEN:00965,OSM:way:1379351755,UPP Porto de Mós,solar,BUS:EREDES:1016P5500000:60,0.005593569006132073,0.0,MERIT_ORDER_AND_REN_SOURCE_TOTALS,FIXED_PQ_SCENARIO_ASSUMPTION,PUBLIC_TOTAL_CALIBRATED_SCENARIO_NOT_UNIT_TELEMETRY
GEN:00966,OSM:node:1110200053,,wind,BUS:EREDES:0609P5021200:60,1.6966281109764676,-0.16027948478925294,MERIT_ORDER_AND_REN_SOURCE_TOTALS,SOLVED_BUS_Q_ALLOCATED_BY_ASSET_NAMEPLATE,PUBLIC_TOTAL_CALIBRATED_SCENARIO_NOT_UNIT_TELEMETRY
GEN:00967,OSM:node:1110200061,,wind,BUS:EREDES:0609P5021200:60,1.6966281109764676,-0.16027948478925294,MERIT_ORDER_AND_REN_SOURCE_TOTALS,SOLVED_BUS_Q_ALLOCATED_BY_ASSET_NAMEPLATE,PUBLIC_TOTAL_CALIBRATED_SCENARIO_NOT_UNIT_TELEMETRY
GEN:00968,OSM:way:1051927841,Central Solar de Cachopo,solar,BUS:EREDES:0814S5060300:60,0.005593569006132073,0.1369342832923373,MERIT_ORDER_AND_REN_SOURCE_TOTALS,SOLVED_BUS_Q_ALLOCATED_BY_ASSET_NAMEPLATE,PUBLIC_TOTAL_CALIBRATED_SCENARIO_NOT_UNIT_TELEMETRY
GEN:00969,OSM:node:1110200064,,wind,BUS:EREDES:0609P5021200:60,1.6966281109764676,-0.16027948478925294,MERIT_ORDER_AND_REN_SOURCE_TOTALS,SOLVED_BUS_Q_ALLOCATED_BY_ASSET_NAMEPLATE,PUBLIC_TOTAL_CALIBRATED_SCENARIO_NOT_UNIT_TELEMETRY
GEN:00970,OSM:node:1110200073,,wind,BUS:EREDES:0609P5021200:60,1.6966281109764676,-0.16027948478925294,MERIT_ORDER_AND_REN_SOURCE_TOTALS,SOLVED_BUS_Q_ALLOCATED_BY_ASSET_NAMEPLATE,PUBLIC_TOTAL_CALIBRATED_SCENARIO_NOT_UNIT_TELEMETRY
GEN:00971,OSM:way:1227840429,Central Hidroelétrica da Barroca,hydro,BUS:OSM:way:340910721:150,2.1719674097715176,-0.36499301000766105,MERIT_ORDER_AND_REN_SOURCE_TOTALS,SOLVED_BUS_Q_ALLOCATED_BY_ASSET_NAMEPLATE,PUBLIC_TOTAL_CALIBRATED_SCENARIO_NOT_UNIT_TELEMETRY
GEN:00972,OSM:node:1110200085,,wind,BUS:EREDES:0609P5021200:60,1.6966281109764676,-0.16027948478925294,MERIT_ORDER_AND_REN_SOURCE_TOTALS,SOLVED_BUS_Q_ALLOCATED_BY_ASSET_NAMEPLATE,PUBLIC_TOTAL_CALIBRATED_SCENARIO_NOT_UNIT_TELEMETRY
GEN:00973,OSM:way:1227616891,Aproveitamento Hidroelétrico de Agilde,hydro,BUS:EREDES:1301S5008700:60,2.1719674097715176,0.0,MERIT_ORDER_AND_REN_SOURCE_TOTALS,FIXED_PQ_SCENARIO_ASSUMPTION,PUBLIC_TOTAL_CALIBRATED_SCENARIO_NOT_UNIT_TELEMETRY
GEN:00974,OSM:way:1227567397,Aproveitamento Hidroelétrico de Candemil,hydro,BUS:EREDES:1301S5020200:60,2.1719674097715176,0.0,MERIT_ORDER_AND_REN_SOURCE_TOTALS,FIXED_PQ_SCENARIO_ASSUMPTION,PUBLIC_TOTAL_CALIBRATED_SCENARIO_NOT_UNIT_TELEMETRY
GEN:00975,OSM:node:1112084431,,wind,BUS:OSM:way:151166980:220,1.6966281109764676,0.0,MERIT_ORDER_AND_REN_SOURCE_TOTALS,FIXED_PQ_SCENARIO_ASSUMPTION,PUBLIC_TOTAL_CALIBRATED_SCENARIO_NOT_UNIT_TELEMETRY
GEN:00976,OSM:node:1112084436,,wind,BUS:OSM:way:151166980:220,1.6966281109764676,0.0,MERIT_ORDER_AND_REN_SOURCE_TOTALS,FIXED_PQ_SCENARIO_ASSUMPTION,PUBLIC_TOTAL_CALIBRATED_SCENARIO_NOT_UNIT_TELEMETRY
GEN:00977,OSM:way:506581577,Central Fotovoltaica do Seixal 1,solar,BUS:EREDES:1503S5021300:60,0.005593569006132073,0.0,MERIT_ORDER_AND_REN_SOURCE_TOTALS,FIXED_PQ_SCENARIO_ASSUMPTION,PUBLIC_TOTAL_CALIBRATED_SCENARIO_NOT_UNIT_TELEMETRY
GEN:00978,OSM:node:1116718941,,wind,BUS:EREDES:0604S5005400:60,1.6966281109764676,0.0,MERIT_ORDER_AND_REN_SOURCE_TOTALS,FIXED_PQ_SCENARIO_ASSUMPTION,PUBLIC_TOTAL_CALIBRATED_SCENARIO_NOT_UNIT_TELEMETRY
GEN:00979,OSM:node:1116718931,,wind,BUS:EREDES:0604S5005400:60,1.6966281109764676,0.0,MERIT_ORDER_AND_REN_SOURCE_TOTALS,FIXED_PQ_SCENARIO_ASSUMPTION,PUBLIC_TOTAL_CALIBRATED_SCENARIO_NOT_UNIT_TELEMETRY
GEN:00980,OSM:node:1116718932,,wind,BUS:EREDES:0604S5005400:60,1.6966281109764676,0.0,MERIT_ORDER_AND_REN_SOURCE_TOTALS,FIXED_PQ_SCENARIO_ASSUMPTION,PUBLIC_TOTAL_CALIBRATED_SCENARIO_NOT_UNIT_TELEMETRY
GEN:00981,OSM:node:1116718933,,wind,BUS:EREDES:0615S5010500:60,1.6966281109764676,0.10844695969923283,MERIT_ORDER_AND_REN_SOURCE_TOTALS,SOLVED_BUS_Q_ALLOCATED_BY_ASSET_NAMEPLATE,PUBLIC_TOTAL_CALIBRATED_SCENARIO_NOT_UNIT_TELEMETRY
GEN:00982,OSM:node:1116718934,,wind,BUS:EREDES:0615S5010500:60,1.6966281109764676,0.10844695969923283,MERIT_ORDER_AND_REN_SOURCE_TOTALS,SOLVED_BUS_Q_ALLOCATED_BY_ASSET_NAMEPLATE,PUBLIC_TOTAL_CALIBRATED_SCENARIO_NOT_UNIT_TELEMETRY
GEN:00983,OSM:node:1116718936,,wind,BUS:EREDES:0615S5010500:60,1.6966281109764676,0.10844695969923283,MERIT_ORDER_AND_REN_SOURCE_TOTALS,SOLVED_BUS_Q_ALLOCATED_BY_ASSET_NAMEPLATE,PUBLIC_TOTAL_CALIBRATED_SCENARIO_NOT_UNIT_TELEMETRY
GEN:00984,OSM:node:1116718938,,wind,BUS:EREDES:0615S5010500:60,1.6966281109764676,0.10844695969923283,MERIT_ORDER_AND_REN_SOURCE_TOTALS,SOLVED_BUS_Q_ALLOCATED_BY_ASSET_NAMEPLATE,PUBLIC_TOTAL_CALIBRATED_SCENARIO_NOT_UNIT_TELEMETRY
GEN:00985,OSM:node:1116718943,,wind,BUS:EREDES:0604S5005400:60,1.6966281109764676,0.0,MERIT_ORDER_AND_REN_SOURCE_TOTALS,FIXED_PQ_SCENARIO_ASSUMPTION,PUBLIC_TOTAL_CALIBRATED_SCENARIO_NOT_UNIT_TELEMETRY
GEN:00986,OSM:node:1112084440,,wind,BUS:OSM:way:151166980:220,1.6966281109764676,0.0,MERIT_ORDER_AND_REN_SOURCE_TOTALS,FIXED_PQ_SCENARIO_ASSUMPTION,PUBLIC_TOTAL_CALIBRATED_SCENARIO_NOT_UNIT_TELEMETRY
GEN:00987,OSM:node:1116718945,,wind,BUS:EREDES:0604S5005400:60,1.6966281109764676,0.0,MERIT_ORDER_AND_REN_SOURCE_TOTALS,FIXED_PQ_SCENARIO_ASSUMPTION,PUBLIC_TOTAL_CALIBRATED_SCENARIO_NOT_UNIT_TELEMETRY
GEN:00988,OSM:node:1583389243,,wind,BUS:EREDES:1109S5902500:60,1.6966281109764676,0.0,MERIT_ORDER_AND_REN_SOURCE_TOTALS,FIXED_PQ_SCENARIO_ASSUMPTION,PUBLIC_TOTAL_CALIBRATED_SCENARIO_NOT_UNIT_TELEMETRY
GEN:00989,OSM:node:1583389302,,wind,BUS:EREDES:1109S5902500:60,1.6966281109764676,0.0,MERIT_ORDER_AND_REN_SOURCE_TOTALS,FIXED_PQ_SCENARIO_ASSUMPTION,PUBLIC_TOTAL_CALIBRATED_SCENARIO_NOT_UNIT_TELEMETRY
GEN:00990,OSM:node:1605606882,,wind,BUS:EREDES:1111S5200000:60,1.6966281109764676,0.0,MERIT_ORDER_AND_REN_SOURCE_TOTALS,FIXED_PQ_SCENARIO_ASSUMPTION,PUBLIC_TOTAL_CALIBRATED_SCENARIO_NOT_UNIT_TELEMETRY
GEN:00991,OSM:node:1605606897,,wind,BUS:EREDES:1111S5200000:60,1.6966281109764676,0.0,MERIT_ORDER_AND_REN_SOURCE_TOTALS,FIXED_PQ_SCENARIO_ASSUMPTION,PUBLIC_TOTAL_CALIBRATED_SCENARIO_NOT_UNIT_TELEMETRY
GEN:00992,OSM:node:1605606899,,wind,BUS:EREDES:1111S5200000:60,1.6966281109764676,0.0,MERIT_ORDER_AND_REN_SOURCE_TOTALS,FIXED_PQ_SCENARIO_ASSUMPTION,PUBLIC_TOTAL_CALIBRATED_SCENARIO_NOT_UNIT_TELEMETRY
GEN:00993,OSM:node:1116718930,,wind,BUS:EREDES:0604S5005400:60,1.6966281109764676,0.0,MERIT_ORDER_AND_REN_SOURCE_TOTALS,FIXED_PQ_SCENARIO_ASSUMPTION,PUBLIC_TOTAL_CALIBRATED_SCENARIO_NOT_UNIT_TELEMETRY
GEN:00994,OSM:node:1116718929,,wind,BUS:EREDES:0604S5005400:60,1.6966281109764676,0.0,MERIT_ORDER_AND_REN_SOURCE_TOTALS,FIXED_PQ_SCENARIO_ASSUMPTION,PUBLIC_TOTAL_CALIBRATED_SCENARIO_NOT_UNIT_TELEMETRY
GEN:00995,OSM:node:1116686805,,wind,BUS:EREDES:0912S5008200:60,1.6966281109764676,-0.24258773017471583,MERIT_ORDER_AND_REN_SOURCE_TOTALS,SOLVED_BUS_Q_ALLOCATED_BY_ASSET_NAMEPLATE,PUBLIC_TOTAL_CALIBRATED_SCENARIO_NOT_UNIT_TELEMETRY
GEN:00996,OSM:node:1116686796,,wind,BUS:EREDES:0912S5008200:60,1.6966281109764676,-0.24258773017471583,MERIT_ORDER_AND_REN_SOURCE_TOTALS,SOLVED_BUS_Q_ALLOCATED_BY_ASSET_NAMEPLATE,PUBLIC_TOTAL_CALIBRATED_SCENARIO_NOT_UNIT_TELEMETRY
GEN:00997,OSM:node:1116686771,,wind,BUS:EREDES:0912S5008200:60,1.6966281109764676,-0.24258773017471583,MERIT_ORDER_AND_REN_SOURCE_TOTALS,SOLVED_BUS_Q_ALLOCATED_BY_ASSET_NAMEPLATE,PUBLIC_TOTAL_CALIBRATED_SCENARIO_NOT_UNIT_TELEMETRY
GEN:00998,OSM:node:1116686764,,wind,BUS:EREDES:0912S5008200:60,1.6966281109764676,-0.24258773017471583,MERIT_ORDER_AND_REN_SOURCE_TOTALS,SOLVED_BUS_Q_ALLOCATED_BY_ASSET_NAMEPLATE,PUBLIC_TOTAL_CALIBRATED_SCENARIO_NOT_UNIT_TELEMETRY
GEN:00999,OSM:node:1116686757,,wind,BUS:EREDES:0912S5008200:60,1.6966281109764676,-0.24258773017471583,MERIT_ORDER_AND_REN_SOURCE_TOTALS,SOLVED_BUS_Q_ALLOCATED_BY_ASSET_NAMEPLATE,PUBLIC_TOTAL_CALIBRATED_SCENARIO_NOT_UNIT_TELEMETRY
GEN:01000,OSM:node:1116686748,,wind,BUS:EREDES:0912S5008200:60,1.6966281109764676,-0.24258773017471583,MERIT_ORDER_AND_REN_SOURCE_TOTALS,SOLVED_BUS_Q_ALLOCATED_BY_ASSET_NAMEPLATE,PUBLIC_TOTAL_CALIBRATED_SCENARIO_NOT_UNIT_TELEMETRY
GEN:01001,OSM:way:205580598,Central Hidroelétrica da Velada,hydro,BUS:EREDES:1212P5339100:60,2.1719674097715176,0.0,MERIT_ORDER_AND_REN_SOURCE_TOTALS,FIXED_PQ_SCENARIO_ASSUMPTION,PUBLIC_TOTAL_CALIBRATED_SCENARIO_NOT_UNIT_TELEMETRY
GEN:01002,OSM:node:1116686737,,wind,BUS:EREDES:0912S5008200:60,1.6966281109764676,-0.24258773017471583,MERIT_ORDER_AND_REN_SOURCE_TOTALS,SOLVED_BUS_Q_ALLOCATED_BY_ASSET_NAMEPLATE,PUBLIC_TOTAL_CALIBRATED_SCENARIO_NOT_UNIT_TELEMETRY
GEN:01003,OSM:node:1116686708,,wind,BUS:EREDES:0912S5008200:60,1.6966281109764676,-0.24258773017471583,MERIT_ORDER_AND_REN_SOURCE_TOTALS,SOLVED_BUS_Q_ALLOCATED_BY_ASSET_NAMEPLATE,PUBLIC_TOTAL_CALIBRATED_SCENARIO_NOT_UNIT_TELEMETRY
GEN:01004,OSM:node:1116686706,,wind,BUS:EREDES:0912S5008200:60,1.6966281109764676,-0.24258773017471583,MERIT_ORDER_AND_REN_SOURCE_TOTALS,SOLVED_BUS_Q_ALLOCATED_BY_ASSET_NAMEPLATE,PUBLIC_TOTAL_CALIBRATED_SCENARIO_NOT_UNIT_TELEMETRY
GEN:01005,OSM:node:1116686699,,wind,BUS:EREDES:0912S5008200:60,1.6966281109764676,-0.24258773017471583,MERIT_ORDER_AND_REN_SOURCE_TOTALS,SOLVED_BUS_Q_ALLOCATED_BY_ASSET_NAMEPLATE,PUBLIC_TOTAL_CALIBRATED_SCENARIO_NOT_UNIT_TELEMETRY
GEN:01006,OSM:node:1116597419,,wind,BUS:EREDES:0612S5003700:60,1.6966281109764676,0.33679340991742895,MERIT_ORDER_AND_REN_SOURCE_TOTALS,SOLVED_BUS_Q_ALLOCATED_BY_ASSET_NAMEPLATE,PUBLIC_TOTAL_CALIBRATED_SCENARIO_NOT_UNIT_TELEMETRY
GEN:01007,OSM:node:1116597411,,wind,BUS:EREDES:0612S5003700:60,1.6966281109764676,0.33679340991742895,MERIT_ORDER_AND_REN_SOURCE_TOTALS,SOLVED_BUS_Q_ALLOCATED_BY_ASSET_NAMEPLATE,PUBLIC_TOTAL_CALIBRATED_SCENARIO_NOT_UNIT_TELEMETRY
GEN:01008,OSM:node:1112084473,,wind,BUS:EREDES:1101S5423500:60,1.6966281109764676,0.0,MERIT_ORDER_AND_REN_SOURCE_TOTALS,FIXED_PQ_SCENARIO_ASSUMPTION,PUBLIC_TOTAL_CALIBRATED_SCENARIO_NOT_UNIT_TELEMETRY
GEN:01009,OSM:node:1112084468,,wind,BUS:OSM:way:151166980:220,1.6966281109764676,0.0,MERIT_ORDER_AND_REN_SOURCE_TOTALS,FIXED_PQ_SCENARIO_ASSUMPTION,PUBLIC_TOTAL_CALIBRATED_SCENARIO_NOT_UNIT_TELEMETRY
GEN:01010,OSM:node:1718676824,,wind,BUS:EREDES:1113S5900500:60,1.6966281109764676,0.0,MERIT_ORDER_AND_REN_SOURCE_TOTALS,FIXED_PQ_SCENARIO_ASSUMPTION,PUBLIC_TOTAL_CALIBRATED_SCENARIO_NOT_UNIT_TELEMETRY
GEN:01011,OSM:node:267798881,,wind,BUS:EREDES:1107S5901900:60,1.6966281109764676,1.0,MERIT_ORDER_AND_REN_SOURCE_TOTALS,SOLVED_BUS_Q_ALLOCATED_BY_ASSET_NAMEPLATE,PUBLIC_TOTAL_CALIBRATED_SCENARIO_NOT_UNIT_TELEMETRY
GEN:01012,OSM:node:1718676832,,wind,BUS:EREDES:1113S5900500:60,1.6966281109764676,0.0,MERIT_ORDER_AND_REN_SOURCE_TOTALS,FIXED_PQ_SCENARIO_ASSUMPTION,PUBLIC_TOTAL_CALIBRATED_SCENARIO_NOT_UNIT_TELEMETRY
GEN:01014,OSM:node:1761961696,,wind,BUS:EREDES:0509S5003300:60,1.6966281109764676,1.0,MERIT_ORDER_AND_REN_SOURCE_TOTALS,SOLVED_BUS_Q_ALLOCATED_BY_ASSET_NAMEPLATE,PUBLIC_TOTAL_CALIBRATED_SCENARIO_NOT_UNIT_TELEMETRY
GEN:01015,OSM:node:1761961699,,wind,BUS:EREDES:0509S5003300:60,1.6966281109764676,1.0,MERIT_ORDER_AND_REN_SOURCE_TOTALS,SOLVED_BUS_Q_ALLOCATED_BY_ASSET_NAMEPLATE,PUBLIC_TOTAL_CALIBRATED_SCENARIO_NOT_UNIT_TELEMETRY
GEN:01016,OSM:node:1761961713,,wind,BUS:EREDES:0509S5003300:60,1.6966281109764676,1.0,MERIT_ORDER_AND_REN_SOURCE_TOTALS,SOLVED_BUS_Q_ALLOCATED_BY_ASSET_NAMEPLATE,PUBLIC_TOTAL_CALIBRATED_SCENARIO_NOT_UNIT_TELEMETRY
GEN:01017,OSM:node:1761961714,,wind,BUS:EREDES:0509S5003300:60,1.6966281109764676,1.0,MERIT_ORDER_AND_REN_SOURCE_TOTALS,SOLVED_BUS_Q_ALLOCATED_BY_ASSET_NAMEPLATE,PUBLIC_TOTAL_CALIBRATED_SCENARIO_NOT_UNIT_TELEMETRY
GEN:01018,OSM:node:3453075161,Trancoso 13/14,wind,BUS:EREDES:0913S5007500:60,1.6966281109764676,-0.3945077141107696,MERIT_ORDER_AND_REN_SOURCE_TOTALS,SOLVED_BUS_Q_ALLOCATED_BY_ASSET_NAMEPLATE,PUBLIC_TOTAL_CALIBRATED_SCENARIO_NOT_UNIT_TELEMETRY
GEN:01019,OSM:node:1893840730,9,wind,BUS:EREDES:1713S5014700:60,1.6966281109764676,0.15221137373165763,MERIT_ORDER_AND_REN_SOURCE_TOTALS,SOLVED_BUS_Q_ALLOCATED_BY_ASSET_NAMEPLATE,PUBLIC_TOTAL_CALIBRATED_SCENARIO_NOT_UNIT_TELEMETRY
GEN:01020,OSM:node:267798882,,wind,BUS:EREDES:1107S5901900:60,1.6966281109764676,1.0,MERIT_ORDER_AND_REN_SOURCE_TOTALS,SOLVED_BUS_Q_ALLOCATED_BY_ASSET_NAMEPLATE,PUBLIC_TOTAL_CALIBRATED_SCENARIO_NOT_UNIT_TELEMETRY
GEN:01021,OSM:node:1942042378,,wind,BUS:EREDES:0509S5003300:60,1.6966281109764676,1.0,MERIT_ORDER_AND_REN_SOURCE_TOTALS,SOLVED_BUS_Q_ALLOCATED_BY_ASSET_NAMEPLATE,PUBLIC_TOTAL_CALIBRATED_SCENARIO_NOT_UNIT_TELEMETRY
GEN:01024,OSM:node:12191671370,,wind,BUS:EREDES:1113S5900500:60,1.6966281109764676,0.0,MERIT_ORDER_AND_REN_SOURCE_TOTALS,FIXED_PQ_SCENARIO_ASSUMPTION,PUBLIC_TOTAL_CALIBRATED_SCENARIO_NOT_UNIT_TELEMETRY
GEN:01025,OSM:node:1761961689,,wind,BUS:EREDES:0509S5003300:60,1.6966281109764676,1.0,MERIT_ORDER_AND_REN_SOURCE_TOTALS,SOLVED_BUS_Q_ALLOCATED_BY_ASSET_NAMEPLATE,PUBLIC_TOTAL_CALIBRATED_SCENARIO_NOT_UNIT_TELEMETRY
GEN:01026,OSM:node:9676117575,,wind,BUS:EREDES:1803P5015700:60,1.6966281109764676,-0.299402731393328,MERIT_ORDER_AND_REN_SOURCE_TOTALS,SOLVED_BUS_Q_ALLOCATED_BY_ASSET_NAMEPLATE,PUBLIC_TOTAL_CALIBRATED_SCENARIO_NOT_UNIT_TELEMETRY
GEN:01027,OSM:node:8307798032,AG25,wind,BUS:EREDES:0609P5021200:60,1.6966281109764676,-0.16027948478925294,MERIT_ORDER_AND_REN_SOURCE_TOTALS,SOLVED_BUS_Q_ALLOCATED_BY_ASSET_NAMEPLATE,PUBLIC_TOTAL_CALIBRATED_SCENARIO_NOT_UNIT_TELEMETRY
GEN:01028,OSM:node:8307798021,AG23,wind,BUS:EREDES:0609P5021200:60,1.6966281109764676,-0.16027948478925294,MERIT_ORDER_AND_REN_SOURCE_TOTALS,SOLVED_BUS_Q_ALLOCATED_BY_ASSET_NAMEPLATE,PUBLIC_TOTAL_CALIBRATED_SCENARIO_NOT_UNIT_TELEMETRY
GEN:01029,OSM:node:8307798020,AG24,wind,BUS:EREDES:0609P5021200:60,1.6966281109764676,-0.16027948478925294,MERIT_ORDER_AND_REN_SOURCE_TOTALS,SOLVED_BUS_Q_ALLOCATED_BY_ASSET_NAMEPLATE,PUBLIC_TOTAL_CALIBRATED_SCENARIO_NOT_UNIT_TELEMETRY
GEN:01030,OSM:node:8307796796,AG22,wind,BUS:EREDES:0609P5021200:60,1.6966281109764676,-0.16027948478925294,MERIT_ORDER_AND_REN_SOURCE_TOTALS,SOLVED_BUS_Q_ALLOCATED_BY_ASSET_NAMEPLATE,PUBLIC_TOTAL_CALIBRATED_SCENARIO_NOT_UNIT_TELEMETRY
GEN:01031,OSM:node:8307796795,AG21,wind,BUS:EREDES:0609P5021200:60,1.6966281109764676,-0.16027948478925294,MERIT_ORDER_AND_REN_SOURCE_TOTALS,SOLVED_BUS_Q_ALLOCATED_BY_ASSET_NAMEPLATE,PUBLIC_TOTAL_CALIBRATED_SCENARIO_NOT_UNIT_TELEMETRY
GEN:01032,OSM:node:7859073573,São Gens,wind,BUS:EREDES:0913S5007500:60,1.6966281109764676,-0.3945077141107696,MERIT_ORDER_AND_REN_SOURCE_TOTALS,SOLVED_BUS_Q_ALLOCATED_BY_ASSET_NAMEPLATE,PUBLIC_TOTAL_CALIBRATED_SCENARIO_NOT_UNIT_TELEMETRY
GEN:01033,OSM:node:7859073572,São Gens,wind,BUS:EREDES:0913S5007500:60,1.6966281109764676,-0.3945077141107696,MERIT_ORDER_AND_REN_SOURCE_TOTALS,SOLVED_BUS_Q_ALLOCATED_BY_ASSET_NAMEPLATE,PUBLIC_TOTAL_CALIBRATED_SCENARIO_NOT_UNIT_TELEMETRY
GEN:01034,OSM:node:7859073570,São Gens,wind,BUS:EREDES:0913S5007500:60,1.6966281109764676,-0.3945077141107696,MERIT_ORDER_AND_REN_SOURCE_TOTALS,SOLVED_BUS_Q_ALLOCATED_BY_ASSET_NAMEPLATE,PUBLIC_TOTAL_CALIBRATED_SCENARIO_NOT_UNIT_TELEMETRY
GEN:01035,OSM:node:7859073569,São Gens,wind,BUS:EREDES:0913S5007500:60,1.6966281109764676,-0.3945077141107696,MERIT_ORDER_AND_REN_SOURCE_TOTALS,SOLVED_BUS_Q_ALLOCATED_BY_ASSET_NAMEPLATE,PUBLIC_TOTAL_CALIBRATED_SCENARIO_NOT_UNIT_TELEMETRY
GEN:01036,OSM:node:1761961692,,wind,BUS:EREDES:0509S5003300:60,1.6966281109764676,1.0,MERIT_ORDER_AND_REN_SOURCE_TOTALS,SOLVED_BUS_Q_ALLOCATED_BY_ASSET_NAMEPLATE,PUBLIC_TOTAL_CALIBRATED_SCENARIO_NOT_UNIT_TELEMETRY
GEN:01037,OSM:node:1761961683,,wind,BUS:EREDES:0509S5003300:60,1.6966281109764676,1.0,MERIT_ORDER_AND_REN_SOURCE_TOTALS,SOLVED_BUS_Q_ALLOCATED_BY_ASSET_NAMEPLATE,PUBLIC_TOTAL_CALIBRATED_SCENARIO_NOT_UNIT_TELEMETRY
GEN:01038,OSM:node:7859073566,São Gens,wind,BUS:EREDES:0913S5007500:60,1.6966281109764676,-0.3945077141107696,MERIT_ORDER_AND_REN_SOURCE_TOTALS,SOLVED_BUS_Q_ALLOCATED_BY_ASSET_NAMEPLATE,PUBLIC_TOTAL_CALIBRATED_SCENARIO_NOT_UNIT_TELEMETRY
GEN:01039,OSM:node:1718842146,,wind,BUS:EREDES:0912S5008200:60,1.6966281109764676,-0.24258773017471583,MERIT_ORDER_AND_REN_SOURCE_TOTALS,SOLVED_BUS_Q_ALLOCATED_BY_ASSET_NAMEPLATE,PUBLIC_TOTAL_CALIBRATED_SCENARIO_NOT_UNIT_TELEMETRY
GEN:01040,OSM:node:3453074986,Trancoso 8/14,wind,BUS:EREDES:0913S5007500:60,1.6966281109764676,-0.3945077141107696,MERIT_ORDER_AND_REN_SOURCE_TOTALS,SOLVED_BUS_Q_ALLOCATED_BY_ASSET_NAMEPLATE,PUBLIC_TOTAL_CALIBRATED_SCENARIO_NOT_UNIT_TELEMETRY
GEN:01041,OSM:node:3453075101,Trancoso 4/14,wind,BUS:EREDES:0913S5007500:60,1.6966281109764676,-0.3945077141107696,MERIT_ORDER_AND_REN_SOURCE_TOTALS,SOLVED_BUS_Q_ALLOCATED_BY_ASSET_NAMEPLATE,PUBLIC_TOTAL_CALIBRATED_SCENARIO_NOT_UNIT_TELEMETRY
GEN:01042,OSM:node:3453075145,Trancoso 2/14,wind,BUS:EREDES:0913S5007500:60,1.6966281109764676,-0.3945077141107696,MERIT_ORDER_AND_REN_SOURCE_TOTALS,SOLVED_BUS_Q_ALLOCATED_BY_ASSET_NAMEPLATE,PUBLIC_TOTAL_CALIBRATED_SCENARIO_NOT_UNIT_TELEMETRY
GEN:01043,OSM:node:1718841467,,wind,BUS:OSM:way:144586949:220,1.6966281109764676,-0.2634054042457609,MERIT_ORDER_AND_REN_SOURCE_TOTALS,SOLVED_BUS_Q_ALLOCATED_BY_ASSET_NAMEPLATE,PUBLIC_TOTAL_CALIBRATED_SCENARIO_NOT_UNIT_TELEMETRY
GEN:01044,OSM:node:1718841468,,wind,BUS:OSM:way:144586949:220,1.6966281109764676,-0.2634054042457609,MERIT_ORDER_AND_REN_SOURCE_TOTALS,SOLVED_BUS_Q_ALLOCATED_BY_ASSET_NAMEPLATE,PUBLIC_TOTAL_CALIBRATED_SCENARIO_NOT_UNIT_TELEMETRY
GEN:01045,OSM:node:1718841469,,wind,BUS:OSM:way:144586949:220,1.6966281109764676,-0.2634054042457609,MERIT_ORDER_AND_REN_SOURCE_TOTALS,SOLVED_BUS_Q_ALLOCATED_BY_ASSET_NAMEPLATE,PUBLIC_TOTAL_CALIBRATED_SCENARIO_NOT_UNIT_TELEMETRY
GEN:01046,OSM:node:1718841470,,wind,BUS:OSM:way:144586949:220,1.6966281109764676,-0.2634054042457609,MERIT_ORDER_AND_REN_SOURCE_TOTALS,SOLVED_BUS_Q_ALLOCATED_BY_ASSET_NAMEPLATE,PUBLIC_TOTAL_CALIBRATED_SCENARIO_NOT_UNIT_TELEMETRY
GEN:01047,OSM:node:1718841471,,wind,BUS:OSM:way:144586949:220,1.6966281109764676,-0.2634054042457609,MERIT_ORDER_AND_REN_SOURCE_TOTALS,SOLVED_BUS_Q_ALLOCATED_BY_ASSET_NAMEPLATE,PUBLIC_TOTAL_CALIBRATED_SCENARIO_NOT_UNIT_TELEMETRY
GEN:01048,OSM:node:1718841472,,wind,BUS:OSM:way:144586949:220,1.6966281109764676,-0.2634054042457609,MERIT_ORDER_AND_REN_SOURCE_TOTALS,SOLVED_BUS_Q_ALLOCATED_BY_ASSET_NAMEPLATE,PUBLIC_TOTAL_CALIBRATED_SCENARIO_NOT_UNIT_TELEMETRY
GEN:01049,OSM:node:1718842145,,wind,BUS:OSM:way:144586949:220,1.6966281109764676,-0.2634054042457609,MERIT_ORDER_AND_REN_SOURCE_TOTALS,SOLVED_BUS_Q_ALLOCATED_BY_ASSET_NAMEPLATE,PUBLIC_TOTAL_CALIBRATED_SCENARIO_NOT_UNIT_TELEMETRY
GEN:01050,OSM:node:1718842147,,wind,BUS:OSM:way:144586949:220,1.6966281109764676,-0.2634054042457609,MERIT_ORDER_AND_REN_SOURCE_TOTALS,SOLVED_BUS_Q_ALLOCATED_BY_ASSET_NAMEPLATE,PUBLIC_TOTAL_CALIBRATED_SCENARIO_NOT_UNIT_TELEMETRY
GEN:01051,OSM:node:1757224336,,wind,BUS:EREDES:0506S5011200:60,1.6966281109764676,-0.30262008556280845,MERIT_ORDER_AND_REN_SOURCE_TOTALS,SOLVED_BUS_Q_ALLOCATED_BY_ASSET_NAMEPLATE,PUBLIC_TOTAL_CALIBRATED_SCENARIO_NOT_UNIT_TELEMETRY
GEN:01052,OSM:node:1718842148,,wind,BUS:OSM:way:144586949:220,1.6966281109764676,-0.2634054042457609,MERIT_ORDER_AND_REN_SOURCE_TOTALS,SOLVED_BUS_Q_ALLOCATED_BY_ASSET_NAMEPLATE,PUBLIC_TOTAL_CALIBRATED_SCENARIO_NOT_UNIT_TELEMETRY
GEN:01053,OSM:node:1718842158,,wind,BUS:OSM:way:144586949:220,1.6966281109764676,-0.2634054042457609,MERIT_ORDER_AND_REN_SOURCE_TOTALS,SOLVED_BUS_Q_ALLOCATED_BY_ASSET_NAMEPLATE,PUBLIC_TOTAL_CALIBRATED_SCENARIO_NOT_UNIT_TELEMETRY
GEN:01054,OSM:node:1718842160,,wind,BUS:OSM:way:144586949:220,1.6966281109764676,-0.2634054042457609,MERIT_ORDER_AND_REN_SOURCE_TOTALS,SOLVED_BUS_Q_ALLOCATED_BY_ASSET_NAMEPLATE,PUBLIC_TOTAL_CALIBRATED_SCENARIO_NOT_UNIT_TELEMETRY
GEN:01055,OSM:node:1757154974,,wind,BUS:EREDES:0815S5061600:60,1.6966281109764676,0.0,MERIT_ORDER_AND_REN_SOURCE_TOTALS,FIXED_PQ_SCENARIO_ASSUMPTION,PUBLIC_TOTAL_CALIBRATED_SCENARIO_NOT_UNIT_TELEMETRY
GEN:01056,OSM:node:1757154978,,wind,BUS:EREDES:0815S5061600:60,1.6966281109764676,0.0,MERIT_ORDER_AND_REN_SOURCE_TOTALS,FIXED_PQ_SCENARIO_ASSUMPTION,PUBLIC_TOTAL_CALIBRATED_SCENARIO_NOT_UNIT_TELEMETRY
GEN:01057,OSM:node:1757154984,,wind,BUS:EREDES:0815S5061600:60,1.6966281109764676,0.0,MERIT_ORDER_AND_REN_SOURCE_TOTALS,FIXED_PQ_SCENARIO_ASSUMPTION,PUBLIC_TOTAL_CALIBRATED_SCENARIO_NOT_UNIT_TELEMETRY
GEN:01058,OSM:node:1757154988,,wind,BUS:EREDES:0815S5061600:60,1.6966281109764676,0.0,MERIT_ORDER_AND_REN_SOURCE_TOTALS,FIXED_PQ_SCENARIO_ASSUMPTION,PUBLIC_TOTAL_CALIBRATED_SCENARIO_NOT_UNIT_TELEMETRY
GEN:01059,OSM:node:1757154992,,wind,BUS:EREDES:0815S5061600:60,1.6966281109764676,0.0,MERIT_ORDER_AND_REN_SOURCE_TOTALS,FIXED_PQ_SCENARIO_ASSUMPTION,PUBLIC_TOTAL_CALIBRATED_SCENARIO_NOT_UNIT_TELEMETRY
GEN:01060,OSM:node:1757154995,,wind,BUS:EREDES:0815S5061600:60,1.6966281109764676,0.0,MERIT_ORDER_AND_REN_SOURCE_TOTALS,FIXED_PQ_SCENARIO_ASSUMPTION,PUBLIC_TOTAL_CALIBRATED_SCENARIO_NOT_UNIT_TELEMETRY
GEN:01061,OSM:node:1757224324,,wind,BUS:EREDES:0506S5011200:60,1.6966281109764676,-0.30262008556280845,MERIT_ORDER_AND_REN_SOURCE_TOTALS,SOLVED_BUS_Q_ALLOCATED_BY_ASSET_NAMEPLATE,PUBLIC_TOTAL_CALIBRATED_SCENARIO_NOT_UNIT_TELEMETRY
GEN:01062,OSM:node:7859073567,São Gens,wind,BUS:EREDES:0913S5007500:60,1.6966281109764676,-0.3945077141107696,MERIT_ORDER_AND_REN_SOURCE_TOTALS,SOLVED_BUS_Q_ALLOCATED_BY_ASSET_NAMEPLATE,PUBLIC_TOTAL_CALIBRATED_SCENARIO_NOT_UNIT_TELEMETRY
GEN:01063,OSM:node:7859073404,São Gens,wind,BUS:EREDES:0913S5007500:60,1.6966281109764676,-0.3945077141107696,MERIT_ORDER_AND_REN_SOURCE_TOTALS,SOLVED_BUS_Q_ALLOCATED_BY_ASSET_NAMEPLATE,PUBLIC_TOTAL_CALIBRATED_SCENARIO_NOT_UNIT_TELEMETRY
GEN:01064,OSM:node:1718841466,,wind,BUS:OSM:way:144586949:220,1.6966281109764676,-0.2634054042457609,MERIT_ORDER_AND_REN_SOURCE_TOTALS,SOLVED_BUS_Q_ALLOCATED_BY_ASSET_NAMEPLATE,PUBLIC_TOTAL_CALIBRATED_SCENARIO_NOT_UNIT_TELEMETRY
GEN:01065,OSM:node:6421070792,Enercon Experimental,wind,BUS:EREDES:1609S5021900:60,1.6966281109764676,0.0,MERIT_ORDER_AND_REN_SOURCE_TOTALS,FIXED_PQ_SCENARIO_ASSUMPTION,PUBLIC_TOTAL_CALIBRATED_SCENARIO_NOT_UNIT_TELEMETRY
GEN:01066,OSM:node:7854801380,,wind,BUS:EREDES:1002S5023000:60,1.6966281109764676,0.5665494080154532,MERIT_ORDER_AND_REN_SOURCE_TOTALS,SOLVED_BUS_Q_ALLOCATED_BY_ASSET_NAMEPLATE,PUBLIC_TOTAL_CALIBRATED_SCENARIO_NOT_UNIT_TELEMETRY
GEN:01067,OSM:node:7850474553,,wind,BUS:EREDES:1001S5000400:60,1.6966281109764676,0.3802650219734776,MERIT_ORDER_AND_REN_SOURCE_TOTALS,SOLVED_BUS_Q_ALLOCATED_BY_ASSET_NAMEPLATE,PUBLIC_TOTAL_CALIBRATED_SCENARIO_NOT_UNIT_TELEMETRY
GEN:01068,OSM:node:7850474546,,wind,BUS:EREDES:1001S5000400:60,1.6966281109764676,0.3802650219734776,MERIT_ORDER_AND_REN_SOURCE_TOTALS,SOLVED_BUS_Q_ALLOCATED_BY_ASSET_NAMEPLATE,PUBLIC_TOTAL_CALIBRATED_SCENARIO_NOT_UNIT_TELEMETRY
GEN:01069,OSM:node:7850474542,,wind,BUS:EREDES:1001S5000400:60,1.6966281109764676,0.3802650219734776,MERIT_ORDER_AND_REN_SOURCE_TOTALS,SOLVED_BUS_Q_ALLOCATED_BY_ASSET_NAMEPLATE,PUBLIC_TOTAL_CALIBRATED_SCENARIO_NOT_UNIT_TELEMETRY
GEN:01070,OSM:node:7850474537,,wind,BUS:EREDES:1001S5000400:60,1.6966281109764676,0.3802650219734776,MERIT_ORDER_AND_REN_SOURCE_TOTALS,SOLVED_BUS_Q_ALLOCATED_BY_ASSET_NAMEPLATE,PUBLIC_TOTAL_CALIBRATED_SCENARIO_NOT_UNIT_TELEMETRY
GEN:01071,OSM:node:7850474536,,wind,BUS:EREDES:1001S5000400:60,1.6966281109764676,0.3802650219734776,MERIT_ORDER_AND_REN_SOURCE_TOTALS,SOLVED_BUS_Q_ALLOCATED_BY_ASSET_NAMEPLATE,PUBLIC_TOTAL_CALIBRATED_SCENARIO_NOT_UNIT_TELEMETRY
GEN:01072,OSM:node:7850471271,,wind,BUS:EREDES:0511S5011400:60,1.6966281109764676,0.0,MERIT_ORDER_AND_REN_SOURCE_TOTALS,FIXED_PQ_SCENARIO_ASSUMPTION,PUBLIC_TOTAL_CALIBRATED_SCENARIO_NOT_UNIT_TELEMETRY
GEN:01073,OSM:node:7204018965,,wind,BUS:EREDES:1107S5901900:60,1.6966281109764676,1.0,MERIT_ORDER_AND_REN_SOURCE_TOTALS,SOLVED_BUS_Q_ALLOCATED_BY_ASSET_NAMEPLATE,PUBLIC_TOTAL_CALIBRATED_SCENARIO_NOT_UNIT_TELEMETRY
GEN:01074,OSM:node:7204018964,,wind,BUS:EREDES:1107S5901900:60,1.6966281109764676,1.0,MERIT_ORDER_AND_REN_SOURCE_TOTALS,SOLVED_BUS_Q_ALLOCATED_BY_ASSET_NAMEPLATE,PUBLIC_TOTAL_CALIBRATED_SCENARIO_NOT_UNIT_TELEMETRY
GEN:01075,OSM:node:7119784787,22,wind,BUS:EREDES:0911S5007700:60,1.6966281109764676,0.07594177714920707,MERIT_ORDER_AND_REN_SOURCE_TOTALS,SOLVED_BUS_Q_ALLOCATED_BY_ASSET_NAMEPLATE,PUBLIC_TOTAL_CALIBRATED_SCENARIO_NOT_UNIT_TELEMETRY
GEN:01076,OSM:node:5481297888,14,wind,BUS:EREDES:0609P5021200:60,1.6966281109764676,-0.16027948478925294,MERIT_ORDER_AND_REN_SOURCE_TOTALS,SOLVED_BUS_Q_ALLOCATED_BY_ASSET_NAMEPLATE,PUBLIC_TOTAL_CALIBRATED_SCENARIO_NOT_UNIT_TELEMETRY
GEN:01077,OSM:node:7856414028,23,wind,BUS:EREDES:0911S5007700:60,1.6966281109764676,0.07594177714920707,MERIT_ORDER_AND_REN_SOURCE_TOTALS,SOLVED_BUS_Q_ALLOCATED_BY_ASSET_NAMEPLATE,PUBLIC_TOTAL_CALIBRATED_SCENARIO_NOT_UNIT_TELEMETRY
GEN:01078,OSM:node:1718676834,,wind,BUS:EREDES:1113S5900500:60,1.6966281109764676,0.0,MERIT_ORDER_AND_REN_SOURCE_TOTALS,FIXED_PQ_SCENARIO_ASSUMPTION,PUBLIC_TOTAL_CALIBRATED_SCENARIO_NOT_UNIT_TELEMETRY
GEN:01079,OSM:node:5401326189,13,wind,BUS:EREDES:0609P5021200:60,1.6966281109764676,-0.16027948478925294,MERIT_ORDER_AND_REN_SOURCE_TOTALS,SOLVED_BUS_Q_ALLOCATED_BY_ASSET_NAMEPLATE,PUBLIC_TOTAL_CALIBRATED_SCENARIO_NOT_UNIT_TELEMETRY
GEN:01080,OSM:node:4927565030,15,wind,BUS:EREDES:0609P5021200:60,1.6966281109764676,-0.16027948478925294,MERIT_ORDER_AND_REN_SOURCE_TOTALS,SOLVED_BUS_Q_ALLOCATED_BY_ASSET_NAMEPLATE,PUBLIC_TOTAL_CALIBRATED_SCENARIO_NOT_UNIT_TELEMETRY
GEN:01081,OSM:node:4927564812,14,wind,BUS:EREDES:0609P5021200:60,1.6966281109764676,-0.16027948478925294,MERIT_ORDER_AND_REN_SOURCE_TOTALS,SOLVED_BUS_Q_ALLOCATED_BY_ASSET_NAMEPLATE,PUBLIC_TOTAL_CALIBRATED_SCENARIO_NOT_UNIT_TELEMETRY
GEN:01082,OSM:node:3481422429,,wind,BUS:EREDES:0506S5011200:60,1.6966281109764676,-0.30262008556280845,MERIT_ORDER_AND_REN_SOURCE_TOTALS,SOLVED_BUS_Q_ALLOCATED_BY_ASSET_NAMEPLATE,PUBLIC_TOTAL_CALIBRATED_SCENARIO_NOT_UNIT_TELEMETRY
GEN:01083,OSM:node:3481422418,,wind,BUS:EREDES:0506S5011200:60,1.6966281109764676,-0.30262008556280845,MERIT_ORDER_AND_REN_SOURCE_TOTALS,SOLVED_BUS_Q_ALLOCATED_BY_ASSET_NAMEPLATE,PUBLIC_TOTAL_CALIBRATED_SCENARIO_NOT_UNIT_TELEMETRY
GEN:01084,OSM:node:3453075255,Trancoso 10/14,wind,BUS:EREDES:0913S5007500:60,1.6966281109764676,-0.3945077141107696,MERIT_ORDER_AND_REN_SOURCE_TOTALS,SOLVED_BUS_Q_ALLOCATED_BY_ASSET_NAMEPLATE,PUBLIC_TOTAL_CALIBRATED_SCENARIO_NOT_UNIT_TELEMETRY
GEN:01085,OSM:node:3453075216,Trancoso 12/14,wind,BUS:EREDES:0913S5007500:60,1.6966281109764676,-0.3945077141107696,MERIT_ORDER_AND_REN_SOURCE_TOTALS,SOLVED_BUS_Q_ALLOCATED_BY_ASSET_NAMEPLATE,PUBLIC_TOTAL_CALIBRATED_SCENARIO_NOT_UNIT_TELEMETRY
GEN:01086,OSM:node:3453075208,Trancoso 6/14,wind,BUS:EREDES:0913S5007500:60,1.6966281109764676,-0.3945077141107696,MERIT_ORDER_AND_REN_SOURCE_TOTALS,SOLVED_BUS_Q_ALLOCATED_BY_ASSET_NAMEPLATE,PUBLIC_TOTAL_CALIBRATED_SCENARIO_NOT_UNIT_TELEMETRY
GEN:01087,OSM:node:3453075174,Trancoso 3/14,wind,BUS:EREDES:0913S5007500:60,1.6966281109764676,-0.3945077141107696,MERIT_ORDER_AND_REN_SOURCE_TOTALS,SOLVED_BUS_Q_ALLOCATED_BY_ASSET_NAMEPLATE,PUBLIC_TOTAL_CALIBRATED_SCENARIO_NOT_UNIT_TELEMETRY
GEN:01088,OSM:node:7854848172,,wind,BUS:EREDES:1002S5023000:60,1.6966281109764676,0.5665494080154532,MERIT_ORDER_AND_REN_SOURCE_TOTALS,SOLVED_BUS_Q_ALLOCATED_BY_ASSET_NAMEPLATE,PUBLIC_TOTAL_CALIBRATED_SCENARIO_NOT_UNIT_TELEMETRY
GEN:01089,OSM:node:7856414029,21,wind,BUS:EREDES:0911S5007700:60,1.6966281109764676,0.07594177714920707,MERIT_ORDER_AND_REN_SOURCE_TOTALS,SOLVED_BUS_Q_ALLOCATED_BY_ASSET_NAMEPLATE,PUBLIC_TOTAL_CALIBRATED_SCENARIO_NOT_UNIT_TELEMETRY
GEN:01090,OSM:node:7859073403,São Gens,wind,BUS:EREDES:0913S5007500:60,1.6966281109764676,-0.3945077141107696,MERIT_ORDER_AND_REN_SOURCE_TOTALS,SOLVED_BUS_Q_ALLOCATED_BY_ASSET_NAMEPLATE,PUBLIC_TOTAL_CALIBRATED_SCENARIO_NOT_UNIT_TELEMETRY
GEN:01091,OSM:node:7856978057,,wind,BUS:EREDES:0405S5002200:60,1.6966281109764676,0.0,MERIT_ORDER_AND_REN_SOURCE_TOTALS,FIXED_PQ_SCENARIO_ASSUMPTION,PUBLIC_TOTAL_CALIBRATED_SCENARIO_NOT_UNIT_TELEMETRY
GEN:01092,OSM:node:7859073394,São Gens,wind,BUS:EREDES:0913S5007500:60,1.6966281109764676,-0.3945077141107696,MERIT_ORDER_AND_REN_SOURCE_TOTALS,SOLVED_BUS_Q_ALLOCATED_BY_ASSET_NAMEPLATE,PUBLIC_TOTAL_CALIBRATED_SCENARIO_NOT_UNIT_TELEMETRY
GEN:01093,OSM:node:7859073393,São Gens,wind,BUS:EREDES:0913S5007500:60,1.6966281109764676,-0.3945077141107696,MERIT_ORDER_AND_REN_SOURCE_TOTALS,SOLVED_BUS_Q_ALLOCATED_BY_ASSET_NAMEPLATE,PUBLIC_TOTAL_CALIBRATED_SCENARIO_NOT_UNIT_TELEMETRY
GEN:01094,OSM:node:7859073390,São Gens,wind,BUS:EREDES:0913S5007500:60,1.6966281109764676,-0.3945077141107696,MERIT_ORDER_AND_REN_SOURCE_TOTALS,SOLVED_BUS_Q_ALLOCATED_BY_ASSET_NAMEPLATE,PUBLIC_TOTAL_CALIBRATED_SCENARIO_NOT_UNIT_TELEMETRY
GEN:01095,OSM:node:7859073389,São Gens,wind,BUS:EREDES:0913S5007500:60,1.6966281109764676,-0.3945077141107696,MERIT_ORDER_AND_REN_SOURCE_TOTALS,SOLVED_BUS_Q_ALLOCATED_BY_ASSET_NAMEPLATE,PUBLIC_TOTAL_CALIBRATED_SCENARIO_NOT_UNIT_TELEMETRY
GEN:01097,OSM:node:7859054174,São Gens,wind,BUS:EREDES:0913S5007500:60,1.6966281109764676,-0.3945077141107696,MERIT_ORDER_AND_REN_SOURCE_TOTALS,SOLVED_BUS_Q_ALLOCATED_BY_ASSET_NAMEPLATE,PUBLIC_TOTAL_CALIBRATED_SCENARIO_NOT_UNIT_TELEMETRY
GEN:01098,OSM:node:7859054171,São Gens,wind,BUS:EREDES:0913S5007500:60,1.6966281109764676,-0.3945077141107696,MERIT_ORDER_AND_REN_SOURCE_TOTALS,SOLVED_BUS_Q_ALLOCATED_BY_ASSET_NAMEPLATE,PUBLIC_TOTAL_CALIBRATED_SCENARIO_NOT_UNIT_TELEMETRY
GEN:01099,OSM:node:7859054163,São Gens,wind,BUS:EREDES:0913S5007500:60,1.6966281109764676,-0.3945077141107696,MERIT_ORDER_AND_REN_SOURCE_TOTALS,SOLVED_BUS_Q_ALLOCATED_BY_ASSET_NAMEPLATE,PUBLIC_TOTAL_CALIBRATED_SCENARIO_NOT_UNIT_TELEMETRY
GEN:01100,OSM:node:7859054162,São Gens,wind,BUS:EREDES:0913S5007500:60,1.6966281109764676,-0.3945077141107696,MERIT_ORDER_AND_REN_SOURCE_TOTALS,SOLVED_BUS_Q_ALLOCATED_BY_ASSET_NAMEPLATE,PUBLIC_TOTAL_CALIBRATED_SCENARIO_NOT_UNIT_TELEMETRY
GEN:01101,OSM:node:7859054159,São Gens,wind,BUS:EREDES:0913S5007500:60,1.6966281109764676,-0.3945077141107696,MERIT_ORDER_AND_REN_SOURCE_TOTALS,SOLVED_BUS_Q_ALLOCATED_BY_ASSET_NAMEPLATE,PUBLIC_TOTAL_CALIBRATED_SCENARIO_NOT_UNIT_TELEMETRY
GEN:01102,OSM:node:7856978051,,wind,BUS:EREDES:0405S5002200:60,1.6966281109764676,0.0,MERIT_ORDER_AND_REN_SOURCE_TOTALS,FIXED_PQ_SCENARIO_ASSUMPTION,PUBLIC_TOTAL_CALIBRATED_SCENARIO_NOT_UNIT_TELEMETRY
GEN:01103,OSM:node:7856414059,20,wind,BUS:EREDES:0911S5007700:60,1.6966281109764676,0.07594177714920707,MERIT_ORDER_AND_REN_SOURCE_TOTALS,SOLVED_BUS_Q_ALLOCATED_BY_ASSET_NAMEPLATE,PUBLIC_TOTAL_CALIBRATED_SCENARIO_NOT_UNIT_TELEMETRY
GEN:01104,OSM:node:7856978044,,wind,BUS:OSM:way:144386243:220,1.6966281109764676,0.29240780542816547,MERIT_ORDER_AND_REN_SOURCE_TOTALS,SOLVED_BUS_Q_ALLOCATED_BY_ASSET_NAMEPLATE,PUBLIC_TOTAL_CALIBRATED_SCENARIO_NOT_UNIT_TELEMETRY
GEN:01105,OSM:node:7856978039,,wind,BUS:OSM:way:144386243:220,1.6966281109764676,0.29240780542816547,MERIT_ORDER_AND_REN_SOURCE_TOTALS,SOLVED_BUS_Q_ALLOCATED_BY_ASSET_NAMEPLATE,PUBLIC_TOTAL_CALIBRATED_SCENARIO_NOT_UNIT_TELEMETRY
GEN:01106,OSM:node:7856978019,,wind,BUS:OSM:way:144386243:220,1.6966281109764676,0.29240780542816547,MERIT_ORDER_AND_REN_SOURCE_TOTALS,SOLVED_BUS_Q_ALLOCATED_BY_ASSET_NAMEPLATE,PUBLIC_TOTAL_CALIBRATED_SCENARIO_NOT_UNIT_TELEMETRY
GEN:01107,OSM:node:7856707611,Pisco,wind,BUS:EREDES:0913P5021500:60,1.6966281109764676,-0.2197236476550674,MERIT_ORDER_AND_REN_SOURCE_TOTALS,SOLVED_BUS_Q_ALLOCATED_BY_ASSET_NAMEPLATE,PUBLIC_TOTAL_CALIBRATED_SCENARIO_NOT_UNIT_TELEMETRY
GEN:01108,OSM:node:7856707594,Pisco,wind,BUS:EREDES:0913P5021500:60,1.6966281109764676,-0.2197236476550674,MERIT_ORDER_AND_REN_SOURCE_TOTALS,SOLVED_BUS_Q_ALLOCATED_BY_ASSET_NAMEPLATE,PUBLIC_TOTAL_CALIBRATED_SCENARIO_NOT_UNIT_TELEMETRY
GEN:01109,OSM:node:7856661169,Pisco,wind,BUS:EREDES:0913P5021500:60,1.6966281109764676,-0.2197236476550674,MERIT_ORDER_AND_REN_SOURCE_TOTALS,SOLVED_BUS_Q_ALLOCATED_BY_ASSET_NAMEPLATE,PUBLIC_TOTAL_CALIBRATED_SCENARIO_NOT_UNIT_TELEMETRY
GEN:01110,OSM:node:7856661168,Pisco,wind,BUS:EREDES:0913P5021500:60,1.6966281109764676,-0.2197236476550674,MERIT_ORDER_AND_REN_SOURCE_TOTALS,SOLVED_BUS_Q_ALLOCATED_BY_ASSET_NAMEPLATE,PUBLIC_TOTAL_CALIBRATED_SCENARIO_NOT_UNIT_TELEMETRY
GEN:01111,OSM:node:7856661167,Pisco,wind,BUS:EREDES:0913P5021500:60,1.6966281109764676,-0.2197236476550674,MERIT_ORDER_AND_REN_SOURCE_TOTALS,SOLVED_BUS_Q_ALLOCATED_BY_ASSET_NAMEPLATE,PUBLIC_TOTAL_CALIBRATED_SCENARIO_NOT_UNIT_TELEMETRY
GEN:01112,OSM:node:7856661166,Pisco,wind,BUS:EREDES:0913P5021500:60,1.6966281109764676,-0.2197236476550674,MERIT_ORDER_AND_REN_SOURCE_TOTALS,SOLVED_BUS_Q_ALLOCATED_BY_ASSET_NAMEPLATE,PUBLIC_TOTAL_CALIBRATED_SCENARIO_NOT_UNIT_TELEMETRY
GEN:01113,OSM:node:7856661165,Pisco,wind,BUS:EREDES:0913P5021500:60,1.6966281109764676,-0.2197236476550674,MERIT_ORDER_AND_REN_SOURCE_TOTALS,SOLVED_BUS_Q_ALLOCATED_BY_ASSET_NAMEPLATE,PUBLIC_TOTAL_CALIBRATED_SCENARIO_NOT_UNIT_TELEMETRY
GEN:01114,OSM:node:3453074955,Trancoso 5/14,wind,BUS:EREDES:0913S5007500:60,1.6966281109764676,-0.3945077141107696,MERIT_ORDER_AND_REN_SOURCE_TOTALS,SOLVED_BUS_Q_ALLOCATED_BY_ASSET_NAMEPLATE,PUBLIC_TOTAL_CALIBRATED_SCENARIO_NOT_UNIT_TELEMETRY
GEN:01115,OSM:node:7856661170,Pisco,wind,BUS:EREDES:0913P5021500:60,1.6966281109764676,-0.2197236476550674,MERIT_ORDER_AND_REN_SOURCE_TOTALS,SOLVED_BUS_Q_ALLOCATED_BY_ASSET_NAMEPLATE,PUBLIC_TOTAL_CALIBRATED_SCENARIO_NOT_UNIT_TELEMETRY
GEN:01116,OSM:node:1718841463,,wind,BUS:OSM:way:144586949:220,1.6966281109764676,-0.2634054042457609,MERIT_ORDER_AND_REN_SOURCE_TOTALS,SOLVED_BUS_Q_ALLOCATED_BY_ASSET_NAMEPLATE,PUBLIC_TOTAL_CALIBRATED_SCENARIO_NOT_UNIT_TELEMETRY
GEN:01117,OSM:node:1718815355,,wind,BUS:EREDES:1002S5023000:60,1.6966281109764676,0.5665494080154532,MERIT_ORDER_AND_REN_SOURCE_TOTALS,SOLVED_BUS_Q_ALLOCATED_BY_ASSET_NAMEPLATE,PUBLIC_TOTAL_CALIBRATED_SCENARIO_NOT_UNIT_TELEMETRY
GEN:01118,OSM:node:1718815350,,wind,BUS:EREDES:1002S5023000:60,1.6966281109764676,0.5665494080154532,MERIT_ORDER_AND_REN_SOURCE_TOTALS,SOLVED_BUS_Q_ALLOCATED_BY_ASSET_NAMEPLATE,PUBLIC_TOTAL_CALIBRATED_SCENARIO_NOT_UNIT_TELEMETRY
GEN:01119,OSM:node:3453074086,Trancoso 9/14,wind,BUS:EREDES:0913S5007500:60,1.6966281109764676,-0.3945077141107696,MERIT_ORDER_AND_REN_SOURCE_TOTALS,SOLVED_BUS_Q_ALLOCATED_BY_ASSET_NAMEPLATE,PUBLIC_TOTAL_CALIBRATED_SCENARIO_NOT_UNIT_TELEMETRY
GEN:01120,OSM:node:1718815311,,wind,BUS:EREDES:1002S5023000:60,1.6966281109764676,0.5665494080154532,MERIT_ORDER_AND_REN_SOURCE_TOTALS,SOLVED_BUS_Q_ALLOCATED_BY_ASSET_NAMEPLATE,PUBLIC_TOTAL_CALIBRATED_SCENARIO_NOT_UNIT_TELEMETRY
GEN:01121,OSM:node:1718815310,,wind,BUS:EREDES:1002S5023000:60,1.6966281109764676,0.5665494080154532,MERIT_ORDER_AND_REN_SOURCE_TOTALS,SOLVED_BUS_Q_ALLOCATED_BY_ASSET_NAMEPLATE,PUBLIC_TOTAL_CALIBRATED_SCENARIO_NOT_UNIT_TELEMETRY
GEN:01122,OSM:node:1718815288,,wind,BUS:EREDES:1002S5023000:60,1.6966281109764676,0.5665494080154532,MERIT_ORDER_AND_REN_SOURCE_TOTALS,SOLVED_BUS_Q_ALLOCATED_BY_ASSET_NAMEPLATE,PUBLIC_TOTAL_CALIBRATED_SCENARIO_NOT_UNIT_TELEMETRY
GEN:01123,OSM:node:1718815282,,wind,BUS:EREDES:1002S5023000:60,1.6966281109764676,0.5665494080154532,MERIT_ORDER_AND_REN_SOURCE_TOTALS,SOLVED_BUS_Q_ALLOCATED_BY_ASSET_NAMEPLATE,PUBLIC_TOTAL_CALIBRATED_SCENARIO_NOT_UNIT_TELEMETRY
GEN:01124,OSM:node:1718815276,,wind,BUS:EREDES:1002S5023000:60,1.6966281109764676,0.5665494080154532,MERIT_ORDER_AND_REN_SOURCE_TOTALS,SOLVED_BUS_Q_ALLOCATED_BY_ASSET_NAMEPLATE,PUBLIC_TOTAL_CALIBRATED_SCENARIO_NOT_UNIT_TELEMETRY
GEN:01125,OSM:node:1718841465,,wind,BUS:OSM:way:144586949:220,1.6966281109764676,-0.2634054042457609,MERIT_ORDER_AND_REN_SOURCE_TOTALS,SOLVED_BUS_Q_ALLOCATED_BY_ASSET_NAMEPLATE,PUBLIC_TOTAL_CALIBRATED_SCENARIO_NOT_UNIT_TELEMETRY
GEN:01126,OSM:node:3453074900,Trancoso 14/14,wind,BUS:EREDES:0913S5007500:60,1.6966281109764676,-0.3945077141107696,MERIT_ORDER_AND_REN_SOURCE_TOTALS,SOLVED_BUS_Q_ALLOCATED_BY_ASSET_NAMEPLATE,PUBLIC_TOTAL_CALIBRATED_SCENARIO_NOT_UNIT_TELEMETRY
GEN:01127,OSM:node:1718841464,,wind,BUS:OSM:way:144586949:220,1.6966281109764676,-0.2634054042457609,MERIT_ORDER_AND_REN_SOURCE_TOTALS,SOLVED_BUS_Q_ALLOCATED_BY_ASSET_NAMEPLATE,PUBLIC_TOTAL_CALIBRATED_SCENARIO_NOT_UNIT_TELEMETRY
GEN:01128,OSM:node:3453074901,Trancoso 7/14,wind,BUS:EREDES:0913S5007500:60,1.6966281109764676,-0.3945077141107696,MERIT_ORDER_AND_REN_SOURCE_TOTALS,SOLVED_BUS_Q_ALLOCATED_BY_ASSET_NAMEPLATE,PUBLIC_TOTAL_CALIBRATED_SCENARIO_NOT_UNIT_TELEMETRY
GEN:01129,OSM:node:1718841461,,wind,BUS:OSM:way:144586949:220,1.6966281109764676,-0.2634054042457609,MERIT_ORDER_AND_REN_SOURCE_TOTALS,SOLVED_BUS_Q_ALLOCATED_BY_ASSET_NAMEPLATE,PUBLIC_TOTAL_CALIBRATED_SCENARIO_NOT_UNIT_TELEMETRY
GEN:01130,OSM:node:1718697154,,wind,BUS:EREDES:1104S5672000:60,1.6966281109764676,0.0,MERIT_ORDER_AND_REN_SOURCE_TOTALS,FIXED_PQ_SCENARIO_ASSUMPTION,PUBLIC_TOTAL_CALIBRATED_SCENARIO_NOT_UNIT_TELEMETRY
GEN:01131,OSM:node:1718697141,,wind,BUS:EREDES:1104S5672000:60,1.6966281109764676,0.0,MERIT_ORDER_AND_REN_SOURCE_TOTALS,FIXED_PQ_SCENARIO_ASSUMPTION,PUBLIC_TOTAL_CALIBRATED_SCENARIO_NOT_UNIT_TELEMETRY
GEN:01132,OSM:node:1718697138,,wind,BUS:EREDES:1104S5672000:60,1.6966281109764676,0.0,MERIT_ORDER_AND_REN_SOURCE_TOTALS,FIXED_PQ_SCENARIO_ASSUMPTION,PUBLIC_TOTAL_CALIBRATED_SCENARIO_NOT_UNIT_TELEMETRY
GEN:01133,OSM:node:1718841462,,wind,BUS:OSM:way:144586949:220,1.6966281109764676,-0.2634054042457609,MERIT_ORDER_AND_REN_SOURCE_TOTALS,SOLVED_BUS_Q_ALLOCATED_BY_ASSET_NAMEPLATE,PUBLIC_TOTAL_CALIBRATED_SCENARIO_NOT_UNIT_TELEMETRY
GEN:01134,OSM:node:3453074912,Trancoso 11/14,wind,BUS:EREDES:0913S5007500:60,1.6966281109764676,-0.3945077141107696,MERIT_ORDER_AND_REN_SOURCE_TOTALS,SOLVED_BUS_Q_ALLOCATED_BY_ASSET_NAMEPLATE,PUBLIC_TOTAL_CALIBRATED_SCENARIO_NOT_UNIT_TELEMETRY
GEN:01135,OSM:node:1718697137,,wind,BUS:EREDES:1104S5672000:60,1.6966281109764676,0.0,MERIT_ORDER_AND_REN_SOURCE_TOTALS,FIXED_PQ_SCENARIO_ASSUMPTION,PUBLIC_TOTAL_CALIBRATED_SCENARIO_NOT_UNIT_TELEMETRY
GEN:01136,OSM:node:1718697136,AG1,wind,BUS:EREDES:1104S5672000:60,1.6966281109764676,0.0,MERIT_ORDER_AND_REN_SOURCE_TOTALS,FIXED_PQ_SCENARIO_ASSUMPTION,PUBLIC_TOTAL_CALIBRATED_SCENARIO_NOT_UNIT_TELEMETRY
GEN:01137,OSM:node:1718684335,,wind,BUS:OSM:way:151166980:220,1.6966281109764676,0.0,MERIT_ORDER_AND_REN_SOURCE_TOTALS,FIXED_PQ_SCENARIO_ASSUMPTION,PUBLIC_TOTAL_CALIBRATED_SCENARIO_NOT_UNIT_TELEMETRY
GEN:01138,OSM:node:3453040845,Trancoso 1/14,wind,BUS:EREDES:0913S5007500:60,1.6966281109764676,-0.3945077141107696,MERIT_ORDER_AND_REN_SOURCE_TOTALS,SOLVED_BUS_Q_ALLOCATED_BY_ASSET_NAMEPLATE,PUBLIC_TOTAL_CALIBRATED_SCENARIO_NOT_UNIT_TELEMETRY
GEN:01139,OSM:node:13125586965,Grupo 2,hydro,BUS:EREDES:0311S5001300:60,2.11766822452723,0.0,MERIT_ORDER_AND_REN_SOURCE_TOTALS,FIXED_PQ_SCENARIO_ASSUMPTION,PUBLIC_TOTAL_CALIBRATED_SCENARIO_NOT_UNIT_TELEMETRY
GEN:01140,OSM:way:1318499978,"Central Solar NAVIGATOR PULP Setúbal, S.A.",solar,BUS:EREDES:1512S5031200:60,0.005369826245886786,0.19850480311732274,MERIT_ORDER_AND_REN_SOURCE_TOTALS,SOLVED_BUS_Q_ALLOCATED_BY_ASSET_NAMEPLATE,PUBLIC_TOTAL_CALIBRATED_SCENARIO_NOT_UNIT_TELEMETRY
GEN:01141,OSM:node:13131840483,Grupo 1,hydro,BUS:EREDES:0302S5014200:60,2.0362194466607977,0.0,MERIT_ORDER_AND_REN_SOURCE_TOTALS,FIXED_PQ_SCENARIO_ASSUMPTION,PUBLIC_TOTAL_CALIBRATED_SCENARIO_NOT_UNIT_TELEMETRY
GEN:01142,OSM:node:1139786731,,wind,BUS:EREDES:1803P5015700:60,1.5269652998788208,-0.26946245825399523,MERIT_ORDER_AND_REN_SOURCE_TOTALS,SOLVED_BUS_Q_ALLOCATED_BY_ASSET_NAMEPLATE,PUBLIC_TOTAL_CALIBRATED_SCENARIO_NOT_UNIT_TELEMETRY
GEN:01143,OSM:way:361993687,Aproveitamento Hidroelétrico de Ruães,hydro,BUS:OSM:way:151061905:150,1.9547706687943658,0.0,MERIT_ORDER_AND_REN_SOURCE_TOTALS,FIXED_PQ_SCENARIO_ASSUMPTION,PUBLIC_TOTAL_CALIBRATED_SCENARIO_NOT_UNIT_TELEMETRY
GEN:01144,OSM:node:1117086825,7,wind,BUS:EREDES:1709P5023900:60,1.5269652998788208,-0.5320525778286789,MERIT_ORDER_AND_REN_SOURCE_TOTALS,SOLVED_BUS_Q_ALLOCATED_BY_ASSET_NAMEPLATE,PUBLIC_TOTAL_CALIBRATED_SCENARIO_NOT_UNIT_TELEMETRY
GEN:01145,OSM:way:504093091,Central Fotovoltaica do Monte do Mira,solar,BUS:OSM:way:144635505:150,0.0050342121055188555,0.9000000000000001,MERIT_ORDER_AND_REN_SOURCE_TOTALS,SOLVED_BUS_Q_ALLOCATED_BY_ASSET_NAMEPLATE,PUBLIC_TOTAL_CALIBRATED_SCENARIO_NOT_UNIT_TELEMETRY
GEN:01146,OSM:node:1117086852,11,wind,BUS:EREDES:1709P5023900:60,1.5269652998788208,-0.5320525778286789,MERIT_ORDER_AND_REN_SOURCE_TOTALS,SOLVED_BUS_Q_ALLOCATED_BY_ASSET_NAMEPLATE,PUBLIC_TOTAL_CALIBRATED_SCENARIO_NOT_UNIT_TELEMETRY
GEN:01147,OSM:node:1139786844,,wind,BUS:EREDES:1803S5004800:60,1.5269652998788208,-0.6287503520480922,MERIT_ORDER_AND_REN_SOURCE_TOTALS,SOLVED_BUS_Q_ALLOCATED_BY_ASSET_NAMEPLATE,PUBLIC_TOTAL_CALIBRATED_SCENARIO_NOT_UNIT_TELEMETRY
GEN:01148,OSM:node:1139786830,,wind,BUS:EREDES:1803P5015700:60,1.5269652998788208,-0.26946245825399523,MERIT_ORDER_AND_REN_SOURCE_TOTALS,SOLVED_BUS_Q_ALLOCATED_BY_ASSET_NAMEPLATE,PUBLIC_TOTAL_CALIBRATED_SCENARIO_NOT_UNIT_TELEMETRY
GEN:01149,OSM:node:1139786826,,wind,BUS:EREDES:1803S5004800:60,1.5269652998788208,-0.6287503520480922,MERIT_ORDER_AND_REN_SOURCE_TOTALS,SOLVED_BUS_Q_ALLOCATED_BY_ASSET_NAMEPLATE,PUBLIC_TOTAL_CALIBRATED_SCENARIO_NOT_UNIT_TELEMETRY
GEN:01150,OSM:node:1139786824,,wind,BUS:EREDES:1803P5015700:60,1.5269652998788208,-0.26946245825399523,MERIT_ORDER_AND_REN_SOURCE_TOTALS,SOLVED_BUS_Q_ALLOCATED_BY_ASSET_NAMEPLATE,PUBLIC_TOTAL_CALIBRATED_SCENARIO_NOT_UNIT_TELEMETRY
GEN:01151,OSM:node:1139786822,,wind,BUS:EREDES:1803P5015700:60,1.5269652998788208,-0.26946245825399523,MERIT_ORDER_AND_REN_SOURCE_TOTALS,SOLVED_BUS_Q_ALLOCATED_BY_ASSET_NAMEPLATE,PUBLIC_TOTAL_CALIBRATED_SCENARIO_NOT_UNIT_TELEMETRY
GEN:01152,OSM:node:1139786807,,wind,BUS:EREDES:1803P5015700:60,1.5269652998788208,-0.26946245825399523,MERIT_ORDER_AND_REN_SOURCE_TOTALS,SOLVED_BUS_Q_ALLOCATED_BY_ASSET_NAMEPLATE,PUBLIC_TOTAL_CALIBRATED_SCENARIO_NOT_UNIT_TELEMETRY
GEN:01153,OSM:node:1139786803,,wind,BUS:EREDES:1803S5004800:60,1.5269652998788208,-0.6287503520480922,MERIT_ORDER_AND_REN_SOURCE_TOTALS,SOLVED_BUS_Q_ALLOCATED_BY_ASSET_NAMEPLATE,PUBLIC_TOTAL_CALIBRATED_SCENARIO_NOT_UNIT_TELEMETRY
GEN:01154,OSM:node:1139786770,,wind,BUS:EREDES:1803P5015700:60,1.5269652998788208,-0.26946245825399523,MERIT_ORDER_AND_REN_SOURCE_TOTALS,SOLVED_BUS_Q_ALLOCATED_BY_ASSET_NAMEPLATE,PUBLIC_TOTAL_CALIBRATED_SCENARIO_NOT_UNIT_TELEMETRY
GEN:01155,OSM:node:1139786710,,wind,BUS:EREDES:1803S5004800:60,1.5269652998788208,-0.6287503520480922,MERIT_ORDER_AND_REN_SOURCE_TOTALS,SOLVED_BUS_Q_ALLOCATED_BY_ASSET_NAMEPLATE,PUBLIC_TOTAL_CALIBRATED_SCENARIO_NOT_UNIT_TELEMETRY
GEN:01156,OSM:node:1139786720,,wind,BUS:EREDES:1803P5015700:60,1.5269652998788208,-0.26946245825399523,MERIT_ORDER_AND_REN_SOURCE_TOTALS,SOLVED_BUS_Q_ALLOCATED_BY_ASSET_NAMEPLATE,PUBLIC_TOTAL_CALIBRATED_SCENARIO_NOT_UNIT_TELEMETRY
GEN:01157,OSM:node:1117086847,12,wind,BUS:EREDES:1709P5023900:60,1.5269652998788208,-0.5320525778286789,MERIT_ORDER_AND_REN_SOURCE_TOTALS,SOLVED_BUS_Q_ALLOCATED_BY_ASSET_NAMEPLATE,PUBLIC_TOTAL_CALIBRATED_SCENARIO_NOT_UNIT_TELEMETRY
GEN:01158,OSM:node:1139786702,,wind,BUS:EREDES:1803S5004800:60,1.5269652998788208,-0.6287503520480922,MERIT_ORDER_AND_REN_SOURCE_TOTALS,SOLVED_BUS_Q_ALLOCATED_BY_ASSET_NAMEPLATE,PUBLIC_TOTAL_CALIBRATED_SCENARIO_NOT_UNIT_TELEMETRY
GEN:01159,OSM:node:1117086854,8,wind,BUS:EREDES:1709P5023900:60,1.5269652998788208,-0.5320525778286789,MERIT_ORDER_AND_REN_SOURCE_TOTALS,SOLVED_BUS_Q_ALLOCATED_BY_ASSET_NAMEPLATE,PUBLIC_TOTAL_CALIBRATED_SCENARIO_NOT_UNIT_TELEMETRY
GEN:01160,OSM:node:1117086851,9,wind,BUS:EREDES:1709P5023900:60,1.5269652998788208,-0.5320525778286789,MERIT_ORDER_AND_REN_SOURCE_TOTALS,SOLVED_BUS_Q_ALLOCATED_BY_ASSET_NAMEPLATE,PUBLIC_TOTAL_CALIBRATED_SCENARIO_NOT_UNIT_TELEMETRY
GEN:01161,OSM:node:1117086828,10,wind,BUS:EREDES:1709P5023900:60,1.5269652998788208,-0.5320525778286789,MERIT_ORDER_AND_REN_SOURCE_TOTALS,SOLVED_BUS_Q_ALLOCATED_BY_ASSET_NAMEPLATE,PUBLIC_TOTAL_CALIBRATED_SCENARIO_NOT_UNIT_TELEMETRY
GEN:01162,OSM:way:361337137,Central Hidroelétrica de Pretarouca,hydro,BUS:EREDES:1805P5021600:60,1.900471483550078,-0.24632458721101333,MERIT_ORDER_AND_REN_SOURCE_TOTALS,SOLVED_BUS_Q_ALLOCATED_BY_ASSET_NAMEPLATE,PUBLIC_TOTAL_CALIBRATED_SCENARIO_NOT_UNIT_TELEMETRY
GEN:01163,OSM:way:1316811634,Central de Valorização Energética do Aterro Sanitário do Baixo Tâmega,biogas,BUS:EREDES:1301S5008700:60,0.9205889404125137,0.0,MERIT_ORDER_AND_REN_SOURCE_TOTALS,FIXED_PQ_SCENARIO_ASSUMPTION,PUBLIC_TOTAL_CALIBRATED_SCENARIO_NOT_UNIT_TELEMETRY
GEN:01164,OSM:way:1227857393,Aproveitamento Hidroelétrico do Roxo,hydro,BUS:EREDES:0201S5050500:60,1.8461722983057898,0.689257033230033,MERIT_ORDER_AND_REN_SOURCE_TOTALS,SOLVED_BUS_Q_ALLOCATED_BY_ASSET_NAMEPLATE,PUBLIC_TOTAL_CALIBRATED_SCENARIO_NOT_UNIT_TELEMETRY
GEN:01165,OSM:way:455366610,Central Hidroelétrica de Bruceira,hydro,BUS:EREDES:1212P5339100:60,1.8461722983057898,0.0,MERIT_ORDER_AND_REN_SOURCE_TOTALS,FIXED_PQ_SCENARIO_ASSUMPTION,PUBLIC_TOTAL_CALIBRATED_SCENARIO_NOT_UNIT_TELEMETRY
GEN:01166,OSM:way:1317690190,Central de Valorização Energética do Aterro Sanitário de Mato da Cruz,biogas,BUS:EREDES:1114P5340100:60,0.9046249703475566,0.0,MERIT_ORDER_AND_REN_SOURCE_TOTALS,FIXED_PQ_SCENARIO_ASSUMPTION,PUBLIC_TOTAL_CALIBRATED_SCENARIO_NOT_UNIT_TELEMETRY
GEN:01167,OSM:way:1160475196,Aproveitamento Hidroelétrico de Serpa,hydro,BUS:EREDES:0213S5903000:60,1.8461722983057898,0.0,MERIT_ORDER_AND_REN_SOURCE_TOTALS,FIXED_PQ_SCENARIO_ASSUMPTION,PUBLIC_TOTAL_CALIBRATED_SCENARIO_NOT_UNIT_TELEMETRY
GEN:01168,OSM:way:1317690189,Central de Cogeração da Central de Valorização Orgânica de São Brás,biogas,BUS:OSM:way:151168335:220,0.8886610002825999,0.0,MERIT_ORDER_AND_REN_SOURCE_TOTALS,FIXED_PQ_SCENARIO_ASSUMPTION,PUBLIC_TOTAL_CALIBRATED_SCENARIO_NOT_UNIT_TELEMETRY
GEN:01169,OSM:node:13256893133,,hydro,BUS:EREDES:0616S5003500:60,1.804904917520131,0.0,MERIT_ORDER_AND_REN_SOURCE_TOTALS,FIXED_PQ_SCENARIO_ASSUMPTION,PUBLIC_TOTAL_CALIBRATED_SCENARIO_NOT_UNIT_TELEMETRY
GEN:01171,OSM:node:1577579401,,wind,BUS:EREDES:1109S5430000:60,1.3997181915555856,0.0,MERIT_ORDER_AND_REN_SOURCE_TOTALS,FIXED_PQ_SCENARIO_ASSUMPTION,PUBLIC_TOTAL_CALIBRATED_SCENARIO_NOT_UNIT_TELEMETRY
GEN:01172,OSM:node:1577579402,,wind,BUS:EREDES:1109S5430000:60,1.3997181915555856,0.0,MERIT_ORDER_AND_REN_SOURCE_TOTALS,FIXED_PQ_SCENARIO_ASSUMPTION,PUBLIC_TOTAL_CALIBRATED_SCENARIO_NOT_UNIT_TELEMETRY
GEN:01173,OSM:way:1227567404,Aproveitamento Hidroelétrico das Penhas Altas,hydro,BUS:EREDES:1310S5000800:60,1.7375739278172142,0.0,MERIT_ORDER_AND_REN_SOURCE_TOTALS,FIXED_PQ_SCENARIO_ASSUMPTION,PUBLIC_TOTAL_CALIBRATED_SCENARIO_NOT_UNIT_TELEMETRY
GEN:01174,OSM:way:1146964414,Central Fotovoltaica de Palmela,solar,BUS:EREDES:1508S5903500:60,0.004474855204905637,0.0,MERIT_ORDER_AND_REN_SOURCE_TOTALS,FIXED_PQ_SCENARIO_ASSUMPTION,PUBLIC_TOTAL_CALIBRATED_SCENARIO_NOT_UNIT_TELEMETRY
GEN:01175,OSM:way:1227604669,Aproveitamento Hidroelétrico do Caneiro,hydro,BUS:EREDES:1314S5003200:60,1.7375739278172142,0.0,MERIT_ORDER_AND_REN_SOURCE_TOTALS,FIXED_PQ_SCENARIO_ASSUMPTION,PUBLIC_TOTAL_CALIBRATED_SCENARIO_NOT_UNIT_TELEMETRY
GEN:01176,OSM:node:13476454319,,hydro,BUS:OSM:way:144374439:220,1.6767588403436118,0.0,MERIT_ORDER_AND_REN_SOURCE_TOTALS,FIXED_PQ_SCENARIO_ASSUMPTION,PUBLIC_TOTAL_CALIBRATED_SCENARIO_NOT_UNIT_TELEMETRY
GEN:01178,OSM:way:1317690184,Central de Valorização Energética do Ecoparque do Seixal,biogas,BUS:OSM:way:163226993:150,0.8194837966677867,0.0,MERIT_ORDER_AND_REN_SOURCE_TOTALS,FIXED_PQ_SCENARIO_ASSUMPTION,PUBLIC_TOTAL_CALIBRATED_SCENARIO_NOT_UNIT_TELEMETRY
GEN:01179,OSM:way:893127456,Central de Cogeração da Estação de Tratamento de Águas Residuais de Frielas,biogas,BUS:EREDES:1107S5518000:60,0.8035198266028297,0.0,MERIT_ORDER_AND_REN_SOURCE_TOTALS,FIXED_PQ_SCENARIO_ASSUMPTION,PUBLIC_TOTAL_CALIBRATED_SCENARIO_NOT_UNIT_TELEMETRY
GEN:01180,OSM:node:7171911138,,wind,BUS:EREDES:1702P5022300:60,1.2724710832323507,-0.2868870833155635,MERIT_ORDER_AND_REN_SOURCE_TOTALS,SOLVED_BUS_Q_ALLOCATED_BY_ASSET_NAMEPLATE,PUBLIC_TOTAL_CALIBRATED_SCENARIO_NOT_UNIT_TELEMETRY
GEN:01181,OSM:node:1110248556,,wind,BUS:EREDES:1702P5022300:60,1.2724710832323507,-0.2868870833155635,MERIT_ORDER_AND_REN_SOURCE_TOTALS,SOLVED_BUS_Q_ALLOCATED_BY_ASSET_NAMEPLATE,PUBLIC_TOTAL_CALIBRATED_SCENARIO_NOT_UNIT_TELEMETRY
GEN:01182,OSM:node:1110248540,,wind,BUS:OSM:way:964625644:400,1.2724710832323507,-0.7500000000000001,MERIT_ORDER_AND_REN_SOURCE_TOTALS,SOLVED_BUS_Q_ALLOCATED_BY_ASSET_NAMEPLATE,PUBLIC_TOTAL_CALIBRATED_SCENARIO_NOT_UNIT_TELEMETRY
GEN:01183,OSM:node:1110248539,,wind,BUS:OSM:way:964625644:400,1.2724710832323507,-0.7500000000000001,MERIT_ORDER_AND_REN_SOURCE_TOTALS,SOLVED_BUS_Q_ALLOCATED_BY_ASSET_NAMEPLATE,PUBLIC_TOTAL_CALIBRATED_SCENARIO_NOT_UNIT_TELEMETRY
GEN:01184,OSM:node:7171911139,,wind,BUS:EREDES:1702P5022300:60,1.2724710832323507,-0.2868870833155635,MERIT_ORDER_AND_REN_SOURCE_TOTALS,SOLVED_BUS_Q_ALLOCATED_BY_ASSET_NAMEPLATE,PUBLIC_TOTAL_CALIBRATED_SCENARIO_NOT_UNIT_TELEMETRY
GEN:01185,OSM:node:1110248547,,wind,BUS:OSM:way:964625644:400,1.2724710832323507,-0.7500000000000001,MERIT_ORDER_AND_REN_SOURCE_TOTALS,SOLVED_BUS_Q_ALLOCATED_BY_ASSET_NAMEPLATE,PUBLIC_TOTAL_CALIBRATED_SCENARIO_NOT_UNIT_TELEMETRY
GEN:01186,OSM:node:1718723040,,wind,BUS:EREDES:1001S5004200:60,1.2724710832323507,0.0,MERIT_ORDER_AND_REN_SOURCE_TOTALS,FIXED_PQ_SCENARIO_ASSUMPTION,PUBLIC_TOTAL_CALIBRATED_SCENARIO_NOT_UNIT_TELEMETRY
GEN:01187,OSM:node:1110248545,,wind,BUS:OSM:way:964625644:400,1.2724710832323507,-0.7500000000000001,MERIT_ORDER_AND_REN_SOURCE_TOTALS,SOLVED_BUS_Q_ALLOCATED_BY_ASSET_NAMEPLATE,PUBLIC_TOTAL_CALIBRATED_SCENARIO_NOT_UNIT_TELEMETRY
GEN:01188,OSM:node:7171911140,,wind,BUS:EREDES:1702P5022300:60,1.2724710832323507,-0.2868870833155635,MERIT_ORDER_AND_REN_SOURCE_TOTALS,SOLVED_BUS_Q_ALLOCATED_BY_ASSET_NAMEPLATE,PUBLIC_TOTAL_CALIBRATED_SCENARIO_NOT_UNIT_TELEMETRY
GEN:01189,OSM:node:1718723027,,wind,BUS:EREDES:1001S5004200:60,1.2724710832323507,0.0,MERIT_ORDER_AND_REN_SOURCE_TOTALS,FIXED_PQ_SCENARIO_ASSUMPTION,PUBLIC_TOTAL_CALIBRATED_SCENARIO_NOT_UNIT_TELEMETRY
GEN:01190,OSM:node:1718723030,,wind,BUS:EREDES:1001S5004200:60,1.2724710832323507,0.0,MERIT_ORDER_AND_REN_SOURCE_TOTALS,FIXED_PQ_SCENARIO_ASSUMPTION,PUBLIC_TOTAL_CALIBRATED_SCENARIO_NOT_UNIT_TELEMETRY
GEN:01191,OSM:node:1718723034,,wind,BUS:EREDES:1001S5004200:60,1.2724710832323507,0.0,MERIT_ORDER_AND_REN_SOURCE_TOTALS,FIXED_PQ_SCENARIO_ASSUMPTION,PUBLIC_TOTAL_CALIBRATED_SCENARIO_NOT_UNIT_TELEMETRY
GEN:01192,OSM:node:1718723014,,wind,BUS:EREDES:1001S5004200:60,1.2724710832323507,0.0,MERIT_ORDER_AND_REN_SOURCE_TOTALS,FIXED_PQ_SCENARIO_ASSUMPTION,PUBLIC_TOTAL_CALIBRATED_SCENARIO_NOT_UNIT_TELEMETRY
GEN:01193,OSM:way:1236127642,Mini Central Hidroelétrica - ETA da Asseiceira,hydro,BUS:EREDES:1418S5004100:60,1.6289755573286382,0.0,MERIT_ORDER_AND_REN_SOURCE_TOTALS,FIXED_PQ_SCENARIO_ASSUMPTION,PUBLIC_TOTAL_CALIBRATED_SCENARIO_NOT_UNIT_TELEMETRY
GEN:01196,OSM:way:1318882994,Central Mini-Hídrica de Serpa,hydro,BUS:EREDES:0213S5903000:60,1.6289755573286382,0.0,MERIT_ORDER_AND_REN_SOURCE_TOTALS,FIXED_PQ_SCENARIO_ASSUMPTION,PUBLIC_TOTAL_CALIBRATED_SCENARIO_NOT_UNIT_TELEMETRY
GEN:01199,OSM:way:1316811633,Central de Valorização Energética do Aterro Sanitário de Lustosa,biogas,BUS:EREDES:1303S5021400:60,0.7981985032478442,0.0,MERIT_ORDER_AND_REN_SOURCE_TOTALS,FIXED_PQ_SCENARIO_ASSUMPTION,PUBLIC_TOTAL_CALIBRATED_SCENARIO_NOT_UNIT_TELEMETRY
GEN:01200,OSM:node:1718723004,,wind,BUS:EREDES:1001S5004200:60,1.2724710832323507,0.0,MERIT_ORDER_AND_REN_SOURCE_TOTALS,FIXED_PQ_SCENARIO_ASSUMPTION,PUBLIC_TOTAL_CALIBRATED_SCENARIO_NOT_UNIT_TELEMETRY
GEN:01205,OSM:node:1718723009,,wind,BUS:EREDES:1001S5004200:60,1.2724710832323507,0.0,MERIT_ORDER_AND_REN_SOURCE_TOTALS,FIXED_PQ_SCENARIO_ASSUMPTION,PUBLIC_TOTAL_CALIBRATED_SCENARIO_NOT_UNIT_TELEMETRY
GEN:01206,OSM:way:1227604657,Aproveitamento Hidroelétrico de Pagade,hydro,BUS:EREDES:1610S5001400:60,1.6289755573286382,0.0,MERIT_ORDER_AND_REN_SOURCE_TOTALS,FIXED_PQ_SCENARIO_ASSUMPTION,PUBLIC_TOTAL_CALIBRATED_SCENARIO_NOT_UNIT_TELEMETRY
GEN:01207,OSM:node:1718722999,,wind,BUS:EREDES:1001S5004200:60,1.2724710832323507,0.0,MERIT_ORDER_AND_REN_SOURCE_TOTALS,FIXED_PQ_SCENARIO_ASSUMPTION,PUBLIC_TOTAL_CALIBRATED_SCENARIO_NOT_UNIT_TELEMETRY
GEN:01208,OSM:node:12195516708,Central de Cogeração da Estação de Tratamento de Águas Residuais do Coimbrão,biogas,BUS:EREDES:1009S5002600:60,0.7769132098279017,0.0,MERIT_ORDER_AND_REN_SOURCE_TOTALS,FIXED_PQ_SCENARIO_ASSUMPTION,PUBLIC_TOTAL_CALIBRATED_SCENARIO_NOT_UNIT_TELEMETRY
GEN:01209,OSM:relation:18079167,Central Fotovoltaica Aguarela do Mundo,solar,BUS:EREDES:1404S5904400:60,0.004069321451961055,0.0,MERIT_ORDER_AND_REN_SOURCE_TOTALS,FIXED_PQ_SCENARIO_ASSUMPTION,PUBLIC_TOTAL_CALIBRATED_SCENARIO_NOT_UNIT_TELEMETRY
GEN:01213,OSM:way:445324165,Aproveitamento Hidroelétrico do Montezinho,hydro,BUS:EREDES:0402S5005100:60,1.5203771868400624,0.0,MERIT_ORDER_AND_REN_SOURCE_TOTALS,FIXED_PQ_SCENARIO_ASSUMPTION,PUBLIC_TOTAL_CALIBRATED_SCENARIO_NOT_UNIT_TELEMETRY
GEN:01214,OSM:way:1227857391,Central Hidroelétrica do Gameiro,hydro,BUS:EREDES:1203S5650400:60,1.5203771868400624,0.0,MERIT_ORDER_AND_REN_SOURCE_TOTALS,FIXED_PQ_SCENARIO_ASSUMPTION,PUBLIC_TOTAL_CALIBRATED_SCENARIO_NOT_UNIT_TELEMETRY
GEN:01215,OSM:way:292168449,Aproveitamento Hidroelétrico da Bugalheira,hydro,BUS:EREDES:0211S5053600:60,1.5203771868400624,0.0,MERIT_ORDER_AND_REN_SOURCE_TOTALS,FIXED_PQ_SCENARIO_ASSUMPTION,PUBLIC_TOTAL_CALIBRATED_SCENARIO_NOT_UNIT_TELEMETRY
GEN:01216,OSM:relation:8954234,Central Solar de São Bento do Ameixal 2,solar,BUS:EREDES:0704S5041600:60,0.0038567658297280123,0.0,MERIT_ORDER_AND_REN_SOURCE_TOTALS,FIXED_PQ_SCENARIO_ASSUMPTION,PUBLIC_TOTAL_CALIBRATED_SCENARIO_NOT_UNIT_TELEMETRY
GEN:01217,OSM:way:382253263,Aproveitamento Hidroelétrico Vale de Madeira,hydro,BUS:EREDES:0910S5007200:60,1.4660780015957746,0.0,MERIT_ORDER_AND_REN_SOURCE_TOTALS,FIXED_PQ_SCENARIO_ASSUMPTION,PUBLIC_TOTAL_CALIBRATED_SCENARIO_NOT_UNIT_TELEMETRY
GEN:01218,OSM:node:5250109505,,wind,BUS:EREDES:1302P5020600:60,1.1028082721347041,0.0660793589928418,MERIT_ORDER_AND_REN_SOURCE_TOTALS,SOLVED_BUS_Q_ALLOCATED_BY_ASSET_NAMEPLATE,PUBLIC_TOTAL_CALIBRATED_SCENARIO_NOT_UNIT_TELEMETRY
GEN:01219,OSM:node:5250109506,,wind,BUS:EREDES:1302P5020600:60,1.1028082721347041,0.0660793589928418,MERIT_ORDER_AND_REN_SOURCE_TOTALS,SOLVED_BUS_Q_ALLOCATED_BY_ASSET_NAMEPLATE,PUBLIC_TOTAL_CALIBRATED_SCENARIO_NOT_UNIT_TELEMETRY
GEN:01220,OSM:node:5250109507,,wind,BUS:EREDES:1302P5020600:60,1.1028082721347041,0.0660793589928418,MERIT_ORDER_AND_REN_SOURCE_TOTALS,SOLVED_BUS_Q_ALLOCATED_BY_ASSET_NAMEPLATE,PUBLIC_TOTAL_CALIBRATED_SCENARIO_NOT_UNIT_TELEMETRY
GEN:01221,OSM:node:5250109504,,wind,BUS:EREDES:1302P5020600:60,1.1028082721347041,0.0660793589928418,MERIT_ORDER_AND_REN_SOURCE_TOTALS,SOLVED_BUS_Q_ALLOCATED_BY_ASSET_NAMEPLATE,PUBLIC_TOTAL_CALIBRATED_SCENARIO_NOT_UNIT_TELEMETRY
GEN:01222,OSM:node:5213241147,,wind,BUS:EREDES:1109S5430000:60,1.1028082721347041,0.0,MERIT_ORDER_AND_REN_SOURCE_TOTALS,FIXED_PQ_SCENARIO_ASSUMPTION,PUBLIC_TOTAL_CALIBRATED_SCENARIO_NOT_UNIT_TELEMETRY
GEN:01223,OSM:node:5250109508,,wind,BUS:EREDES:1302P5020600:60,1.1028082721347041,0.0660793589928418,MERIT_ORDER_AND_REN_SOURCE_TOTALS,SOLVED_BUS_Q_ALLOCATED_BY_ASSET_NAMEPLATE,PUBLIC_TOTAL_CALIBRATED_SCENARIO_NOT_UNIT_TELEMETRY
GEN:01224,OSM:node:5250109509,,wind,BUS:EREDES:1302P5020600:60,1.1028082721347041,0.0660793589928418,MERIT_ORDER_AND_REN_SOURCE_TOTALS,SOLVED_BUS_Q_ALLOCATED_BY_ASSET_NAMEPLATE,PUBLIC_TOTAL_CALIBRATED_SCENARIO_NOT_UNIT_TELEMETRY
GEN:01225,OSM:node:1117083003,1PTRAN-12,wind,BUS:EREDES:1709P5023900:60,1.1028082721347041,-0.38426019509849035,MERIT_ORDER_AND_REN_SOURCE_TOTALS,SOLVED_BUS_Q_ALLOCATED_BY_ASSET_NAMEPLATE,PUBLIC_TOTAL_CALIBRATED_SCENARIO_NOT_UNIT_TELEMETRY
GEN:01226,OSM:node:5250109510,,wind,BUS:EREDES:1302P5020600:60,1.1028082721347041,0.0660793589928418,MERIT_ORDER_AND_REN_SOURCE_TOTALS,SOLVED_BUS_Q_ALLOCATED_BY_ASSET_NAMEPLATE,PUBLIC_TOTAL_CALIBRATED_SCENARIO_NOT_UNIT_TELEMETRY
GEN:01227,OSM:node:5250109511,,wind,BUS:EREDES:1302P5020600:60,1.1028082721347041,0.0660793589928418,MERIT_ORDER_AND_REN_SOURCE_TOTALS,SOLVED_BUS_Q_ALLOCATED_BY_ASSET_NAMEPLATE,PUBLIC_TOTAL_CALIBRATED_SCENARIO_NOT_UNIT_TELEMETRY
GEN:01228,OSM:node:5250405949,,wind,BUS:EREDES:1302P5020600:60,1.1028082721347041,0.0660793589928418,MERIT_ORDER_AND_REN_SOURCE_TOTALS,SOLVED_BUS_Q_ALLOCATED_BY_ASSET_NAMEPLATE,PUBLIC_TOTAL_CALIBRATED_SCENARIO_NOT_UNIT_TELEMETRY
GEN:01229,OSM:node:5250405948,,wind,BUS:EREDES:1302P5020600:60,1.1028082721347041,0.0660793589928418,MERIT_ORDER_AND_REN_SOURCE_TOTALS,SOLVED_BUS_Q_ALLOCATED_BY_ASSET_NAMEPLATE,PUBLIC_TOTAL_CALIBRATED_SCENARIO_NOT_UNIT_TELEMETRY
GEN:01230,OSM:node:5250405947,,wind,BUS:EREDES:1302P5020600:60,1.1028082721347041,0.0660793589928418,MERIT_ORDER_AND_REN_SOURCE_TOTALS,SOLVED_BUS_Q_ALLOCATED_BY_ASSET_NAMEPLATE,PUBLIC_TOTAL_CALIBRATED_SCENARIO_NOT_UNIT_TELEMETRY
GEN:01231,OSM:node:1110248535,,wind,BUS:OSM:way:1259166797:400,1.1028082721347041,-0.15733864826976657,MERIT_ORDER_AND_REN_SOURCE_TOTALS,SOLVED_BUS_Q_ALLOCATED_BY_ASSET_NAMEPLATE,PUBLIC_TOTAL_CALIBRATED_SCENARIO_NOT_UNIT_TELEMETRY
GEN:01232,OSM:node:5250405946,,wind,BUS:EREDES:1302P5020600:60,1.1028082721347041,0.0660793589928418,MERIT_ORDER_AND_REN_SOURCE_TOTALS,SOLVED_BUS_Q_ALLOCATED_BY_ASSET_NAMEPLATE,PUBLIC_TOTAL_CALIBRATED_SCENARIO_NOT_UNIT_TELEMETRY
GEN:01233,OSM:node:5250405945,,wind,BUS:EREDES:1302P5020600:60,1.1028082721347041,0.0660793589928418,MERIT_ORDER_AND_REN_SOURCE_TOTALS,SOLVED_BUS_Q_ALLOCATED_BY_ASSET_NAMEPLATE,PUBLIC_TOTAL_CALIBRATED_SCENARIO_NOT_UNIT_TELEMETRY
GEN:01234,OSM:node:1110248536,,wind,BUS:OSM:way:964625644:400,1.1028082721347041,-0.6500000000000001,MERIT_ORDER_AND_REN_SOURCE_TOTALS,SOLVED_BUS_Q_ALLOCATED_BY_ASSET_NAMEPLATE,PUBLIC_TOTAL_CALIBRATED_SCENARIO_NOT_UNIT_TELEMETRY
GEN:01235,OSM:node:1110248538,,wind,BUS:OSM:way:964625644:400,1.1028082721347041,-0.6500000000000001,MERIT_ORDER_AND_REN_SOURCE_TOTALS,SOLVED_BUS_Q_ALLOCATED_BY_ASSET_NAMEPLATE,PUBLIC_TOTAL_CALIBRATED_SCENARIO_NOT_UNIT_TELEMETRY
GEN:01236,OSM:node:5250109518,,wind,BUS:EREDES:1302P5020600:60,1.1028082721347041,0.0660793589928418,MERIT_ORDER_AND_REN_SOURCE_TOTALS,SOLVED_BUS_Q_ALLOCATED_BY_ASSET_NAMEPLATE,PUBLIC_TOTAL_CALIBRATED_SCENARIO_NOT_UNIT_TELEMETRY
GEN:01237,OSM:node:5250109517,,wind,BUS:EREDES:1302P5020600:60,1.1028082721347041,0.0660793589928418,MERIT_ORDER_AND_REN_SOURCE_TOTALS,SOLVED_BUS_Q_ALLOCATED_BY_ASSET_NAMEPLATE,PUBLIC_TOTAL_CALIBRATED_SCENARIO_NOT_UNIT_TELEMETRY
GEN:01238,OSM:node:5250109516,,wind,BUS:EREDES:1302P5020600:60,1.1028082721347041,0.0660793589928418,MERIT_ORDER_AND_REN_SOURCE_TOTALS,SOLVED_BUS_Q_ALLOCATED_BY_ASSET_NAMEPLATE,PUBLIC_TOTAL_CALIBRATED_SCENARIO_NOT_UNIT_TELEMETRY
GEN:01239,OSM:node:1110248542,,wind,BUS:OSM:way:964625644:400,1.1028082721347041,-0.6500000000000001,MERIT_ORDER_AND_REN_SOURCE_TOTALS,SOLVED_BUS_Q_ALLOCATED_BY_ASSET_NAMEPLATE,PUBLIC_TOTAL_CALIBRATED_SCENARIO_NOT_UNIT_TELEMETRY
GEN:01240,OSM:node:5250109515,,wind,BUS:EREDES:1302P5020600:60,1.1028082721347041,0.0660793589928418,MERIT_ORDER_AND_REN_SOURCE_TOTALS,SOLVED_BUS_Q_ALLOCATED_BY_ASSET_NAMEPLATE,PUBLIC_TOTAL_CALIBRATED_SCENARIO_NOT_UNIT_TELEMETRY
GEN:01241,OSM:node:5250109514,,wind,BUS:EREDES:1302P5020600:60,1.1028082721347041,0.0660793589928418,MERIT_ORDER_AND_REN_SOURCE_TOTALS,SOLVED_BUS_Q_ALLOCATED_BY_ASSET_NAMEPLATE,PUBLIC_TOTAL_CALIBRATED_SCENARIO_NOT_UNIT_TELEMETRY
GEN:01242,OSM:node:1110248548,,wind,BUS:OSM:way:964625644:400,1.1028082721347041,-0.6500000000000001,MERIT_ORDER_AND_REN_SOURCE_TOTALS,SOLVED_BUS_Q_ALLOCATED_BY_ASSET_NAMEPLATE,PUBLIC_TOTAL_CALIBRATED_SCENARIO_NOT_UNIT_TELEMETRY
GEN:01243,OSM:node:1110248549,,wind,BUS:OSM:way:1259166797:400,1.1028082721347041,-0.15733864826976657,MERIT_ORDER_AND_REN_SOURCE_TOTALS,SOLVED_BUS_Q_ALLOCATED_BY_ASSET_NAMEPLATE,PUBLIC_TOTAL_CALIBRATED_SCENARIO_NOT_UNIT_TELEMETRY
GEN:01244,OSM:node:1110248552,,wind,BUS:OSM:way:964625644:400,1.1028082721347041,-0.6500000000000001,MERIT_ORDER_AND_REN_SOURCE_TOTALS,SOLVED_BUS_Q_ALLOCATED_BY_ASSET_NAMEPLATE,PUBLIC_TOTAL_CALIBRATED_SCENARIO_NOT_UNIT_TELEMETRY
GEN:01245,OSM:node:1110248553,,wind,BUS:OSM:way:1259166797:400,1.1028082721347041,-0.15733864826976657,MERIT_ORDER_AND_REN_SOURCE_TOTALS,SOLVED_BUS_Q_ALLOCATED_BY_ASSET_NAMEPLATE,PUBLIC_TOTAL_CALIBRATED_SCENARIO_NOT_UNIT_TELEMETRY
GEN:01246,OSM:node:1110248555,,wind,BUS:OSM:way:964625644:400,1.1028082721347041,-0.6500000000000001,MERIT_ORDER_AND_REN_SOURCE_TOTALS,SOLVED_BUS_Q_ALLOCATED_BY_ASSET_NAMEPLATE,PUBLIC_TOTAL_CALIBRATED_SCENARIO_NOT_UNIT_TELEMETRY
GEN:01247,OSM:node:1110248551,,wind,BUS:OSM:way:1259166797:400,1.1028082721347041,-0.15733864826976657,MERIT_ORDER_AND_REN_SOURCE_TOTALS,SOLVED_BUS_Q_ALLOCATED_BY_ASSET_NAMEPLATE,PUBLIC_TOTAL_CALIBRATED_SCENARIO_NOT_UNIT_TELEMETRY
GEN:01248,OSM:node:1117083006,1PTRAN-02,wind,BUS:OSM:way:768087809:400,1.1028082721347041,0.0,MERIT_ORDER_AND_REN_SOURCE_TOTALS,FIXED_PQ_SCENARIO_ASSUMPTION,PUBLIC_TOTAL_CALIBRATED_SCENARIO_NOT_UNIT_TELEMETRY
GEN:01249,OSM:node:1117082982,1PTRAN-08,wind,BUS:OSM:way:768087809:400,1.1028082721347041,0.0,MERIT_ORDER_AND_REN_SOURCE_TOTALS,FIXED_PQ_SCENARIO_ASSUMPTION,PUBLIC_TOTAL_CALIBRATED_SCENARIO_NOT_UNIT_TELEMETRY
GEN:01250,OSM:node:1117082941,1PTRAN-03,wind,BUS:OSM:way:768087809:400,1.1028082721347041,0.0,MERIT_ORDER_AND_REN_SOURCE_TOTALS,FIXED_PQ_SCENARIO_ASSUMPTION,PUBLIC_TOTAL_CALIBRATED_SCENARIO_NOT_UNIT_TELEMETRY
GEN:01251,OSM:node:1117083001,1PTRAN-13,wind,BUS:EREDES:1709P5023900:60,1.1028082721347041,-0.38426019509849035,MERIT_ORDER_AND_REN_SOURCE_TOTALS,SOLVED_BUS_Q_ALLOCATED_BY_ASSET_NAMEPLATE,PUBLIC_TOTAL_CALIBRATED_SCENARIO_NOT_UNIT_TELEMETRY
GEN:01252,OSM:node:1117082984,1PTRAN-01,wind,BUS:OSM:way:768087809:400,1.1028082721347041,0.0,MERIT_ORDER_AND_REN_SOURCE_TOTALS,FIXED_PQ_SCENARIO_ASSUMPTION,PUBLIC_TOTAL_CALIBRATED_SCENARIO_NOT_UNIT_TELEMETRY
GEN:01253,OSM:node:1117082980,1PTRAN-10,wind,BUS:OSM:way:768087809:400,1.1028082721347041,0.0,MERIT_ORDER_AND_REN_SOURCE_TOTALS,FIXED_PQ_SCENARIO_ASSUMPTION,PUBLIC_TOTAL_CALIBRATED_SCENARIO_NOT_UNIT_TELEMETRY
GEN:01254,OSM:node:1117082977,1PTRAN-05,wind,BUS:OSM:way:768087809:400,1.1028082721347041,0.0,MERIT_ORDER_AND_REN_SOURCE_TOTALS,FIXED_PQ_SCENARIO_ASSUMPTION,PUBLIC_TOTAL_CALIBRATED_SCENARIO_NOT_UNIT_TELEMETRY
GEN:01255,OSM:node:1117082971,1PTRAN-06,wind,BUS:OSM:way:768087809:400,1.1028082721347041,0.0,MERIT_ORDER_AND_REN_SOURCE_TOTALS,FIXED_PQ_SCENARIO_ASSUMPTION,PUBLIC_TOTAL_CALIBRATED_SCENARIO_NOT_UNIT_TELEMETRY
GEN:01256,OSM:node:1117082956,1PTRAN-07,wind,BUS:OSM:way:768087809:400,1.1028082721347041,0.0,MERIT_ORDER_AND_REN_SOURCE_TOTALS,FIXED_PQ_SCENARIO_ASSUMPTION,PUBLIC_TOTAL_CALIBRATED_SCENARIO_NOT_UNIT_TELEMETRY
GEN:01258,OSM:node:1389587390,,wind,BUS:EREDES:1109S5430000:60,1.1028082721347041,0.0,MERIT_ORDER_AND_REN_SOURCE_TOTALS,FIXED_PQ_SCENARIO_ASSUMPTION,PUBLIC_TOTAL_CALIBRATED_SCENARIO_NOT_UNIT_TELEMETRY
GEN:01259,OSM:node:1389587392,,wind,BUS:EREDES:1109S5430000:60,1.1028082721347041,0.0,MERIT_ORDER_AND_REN_SOURCE_TOTALS,FIXED_PQ_SCENARIO_ASSUMPTION,PUBLIC_TOTAL_CALIBRATED_SCENARIO_NOT_UNIT_TELEMETRY
GEN:01260,OSM:node:1117082944,1PTRAN-09,wind,BUS:OSM:way:768087809:400,1.1028082721347041,0.0,MERIT_ORDER_AND_REN_SOURCE_TOTALS,FIXED_PQ_SCENARIO_ASSUMPTION,PUBLIC_TOTAL_CALIBRATED_SCENARIO_NOT_UNIT_TELEMETRY
GEN:01261,OSM:node:1117082949,1PTRAN-11,wind,BUS:OSM:way:768087809:400,1.1028082721347041,0.0,MERIT_ORDER_AND_REN_SOURCE_TOTALS,FIXED_PQ_SCENARIO_ASSUMPTION,PUBLIC_TOTAL_CALIBRATED_SCENARIO_NOT_UNIT_TELEMETRY
GEN:01262,OSM:node:1117082953,1PTRAN-14,wind,BUS:EREDES:1709P5023900:60,1.1028082721347041,-0.38426019509849035,MERIT_ORDER_AND_REN_SOURCE_TOTALS,SOLVED_BUS_Q_ALLOCATED_BY_ASSET_NAMEPLATE,PUBLIC_TOTAL_CALIBRATED_SCENARIO_NOT_UNIT_TELEMETRY
GEN:01263,OSM:node:1117083002,1PTRAN-04,wind,BUS:OSM:way:768087809:400,1.1028082721347041,0.0,MERIT_ORDER_AND_REN_SOURCE_TOTALS,FIXED_PQ_SCENARIO_ASSUMPTION,PUBLIC_TOTAL_CALIBRATED_SCENARIO_NOT_UNIT_TELEMETRY
GEN:01264,OSM:way:1342562042,Central de Cogeração da SOLCER,gas,BUS:EREDES:0114S5022700:60,0.03209841535599229,0.0,MERIT_ORDER_AND_REN_SOURCE_TOTALS,FIXED_PQ_SCENARIO_ASSUMPTION,PUBLIC_TOTAL_CALIBRATED_SCENARIO_NOT_UNIT_TELEMETRY
GEN:01265,OSM:way:1317452102,Central de Valorização Energética do Aterro Sanitário de Coimbra,biogas,BUS:EREDES:0603S5006100:60,0.6811293894381604,0.0,MERIT_ORDER_AND_REN_SOURCE_TOTALS,FIXED_PQ_SCENARIO_ASSUMPTION,PUBLIC_TOTAL_CALIBRATED_SCENARIO_NOT_UNIT_TELEMETRY
GEN:01266,OSM:way:1342562043,Central de Cogeração da Sotelha,gas,BUS:EREDES:0114S5001700:60,0.03184959043075204,0.0,MERIT_ORDER_AND_REN_SOURCE_TOTALS,FIXED_PQ_SCENARIO_ASSUMPTION,PUBLIC_TOTAL_CALIBRATED_SCENARIO_NOT_UNIT_TELEMETRY
GEN:01267,OSM:way:1317470831,Central de Valorização Energética do Aterro Sanitário da Figueira da Foz,biogas,BUS:EREDES:0605P5020300:60,0.6811293894381604,0.18537907157153266,MERIT_ORDER_AND_REN_SOURCE_TOTALS,SOLVED_BUS_Q_ALLOCATED_BY_ASSET_NAMEPLATE,PUBLIC_TOTAL_CALIBRATED_SCENARIO_NOT_UNIT_TELEMETRY
GEN:01268,OSM:way:1342562068,Central de Cogeração da Sanitana,gas,BUS:EREDES:0103S5006000:60,0.03184959043075204,0.0,MERIT_ORDER_AND_REN_SOURCE_TOTALS,FIXED_PQ_SCENARIO_ASSUMPTION,PUBLIC_TOTAL_CALIBRATED_SCENARIO_NOT_UNIT_TELEMETRY
GEN:01269,OSM:way:658618981,Central Fotovoltaica de Alta Concentração de Évora,solar,BUS:EREDES:0705P5906800:60,0.003563103456906073,0.4174086232234695,MERIT_ORDER_AND_REN_SOURCE_TOTALS,SOLVED_BUS_Q_ALLOCATED_BY_ASSET_NAMEPLATE,PUBLIC_TOTAL_CALIBRATED_SCENARIO_NOT_UNIT_TELEMETRY
GEN:01270,OSM:way:629702307,Central Fotovoltaica Suncoutim,solar,BUS:OSM:way:1154057619:150,0.00354352596538457,-0.014064236539037635,MERIT_ORDER_AND_REN_SOURCE_TOTALS,SOLVED_BUS_Q_ALLOCATED_BY_ASSET_NAMEPLATE,PUBLIC_TOTAL_CALIBRATED_SCENARIO_NOT_UNIT_TELEMETRY
GEN:01271,OSM:relation:18090110,Capwatt Évora,solar,BUS:EREDES:0705P5906700:60,0.0035239484738631686,0.5316476877825136,MERIT_ORDER_AND_REN_SOURCE_TOTALS,SOLVED_BUS_Q_ALLOCATED_BY_ASSET_NAMEPLATE,PUBLIC_TOTAL_CALIBRATED_SCENARIO_NOT_UNIT_TELEMETRY
GEN:01272,OSM:way:1316950736,IKEA Loja Matosinhos,solar,BUS:EREDES:1308S5005900:60,0.0033813124642067772,0.0,MERIT_ORDER_AND_REN_SOURCE_TOTALS,FIXED_PQ_SCENARIO_ASSUMPTION,PUBLIC_TOTAL_CALIBRATED_SCENARIO_NOT_UNIT_TELEMETRY
GEN:01273,OSM:way:1259390464,Central de Cogeração da Estação de Tratamento de Águas Residuais de Matosinhos,biogas,BUS:EREDES:1308S5005900:60,0.6385588025982754,0.0,MERIT_ORDER_AND_REN_SOURCE_TOTALS,FIXED_PQ_SCENARIO_ASSUMPTION,PUBLIC_TOTAL_CALIBRATED_SCENARIO_NOT_UNIT_TELEMETRY
GEN:01274,OSM:way:191467254,Central Hidroelétrica do Covão do Ferro,hydro,BUS:EREDES:0912S5008200:60,1.3031804458629106,-0.1455526381048295,MERIT_ORDER_AND_REN_SOURCE_TOTALS,SOLVED_BUS_Q_ALLOCATED_BY_ASSET_NAMEPLATE,PUBLIC_TOTAL_CALIBRATED_SCENARIO_NOT_UNIT_TELEMETRY
GEN:01276,OSM:way:1227604668,Aproveitamento Hidroelétrico da Fábrica Têxtil de Vizela,hydro,BUS:EREDES:1314S5003200:60,1.3031804458629106,0.0,MERIT_ORDER_AND_REN_SOURCE_TOTALS,FIXED_PQ_SCENARIO_ASSUMPTION,PUBLIC_TOTAL_CALIBRATED_SCENARIO_NOT_UNIT_TELEMETRY
GEN:01277,OSM:way:1227604665,Aproveitamento Hidroelétrico do Amieiro/Galego,hydro,BUS:EREDES:0312S5001200:60,1.3031804458629106,0.0,MERIT_ORDER_AND_REN_SOURCE_TOTALS,FIXED_PQ_SCENARIO_ASSUMPTION,PUBLIC_TOTAL_CALIBRATED_SCENARIO_NOT_UNIT_TELEMETRY
GEN:01278,OSM:way:1317693131,Central de Valorização Energética do Aterro Sanitário do Sotavento,biogas,BUS:EREDES:0808P5904200:60,0.6385588025982754,-0.3598239764052857,MERIT_ORDER_AND_REN_SOURCE_TOTALS,SOLVED_BUS_Q_ALLOCATED_BY_ASSET_NAMEPLATE,PUBLIC_TOTAL_CALIBRATED_SCENARIO_NOT_UNIT_TELEMETRY
GEN:01280,OSM:way:525595348,Central Fotovoltaica Martim Longo 1,solar,BUS:OSM:way:1154057619:150,0.003082056522378767,-0.012232666666155863,MERIT_ORDER_AND_REN_SOURCE_TOTALS,SOLVED_BUS_Q_ALLOCATED_BY_ASSET_NAMEPLATE,PUBLIC_TOTAL_CALIBRATED_SCENARIO_NOT_UNIT_TELEMETRY
GEN:01281,OSM:way:525595338,Central Fotovoltaica Martim Longo 2,solar,BUS:OSM:way:1154057619:150,0.003082056522378767,-0.012232666666155863,MERIT_ORDER_AND_REN_SOURCE_TOTALS,SOLVED_BUS_Q_ALLOCATED_BY_ASSET_NAMEPLATE,PUBLIC_TOTAL_CALIBRATED_SCENARIO_NOT_UNIT_TELEMETRY
GEN:01282,OSM:way:659327697,Central Solar da Quinta do Louseiro,solar,BUS:EREDES:0705P5906800:60,0.0030764629533725943,0.3603999101615514,MERIT_ORDER_AND_REN_SOURCE_TOTALS,SOLVED_BUS_Q_ALLOCATED_BY_ASSET_NAMEPLATE,PUBLIC_TOTAL_CALIBRATED_SCENARIO_NOT_UNIT_TELEMETRY
GEN:01283,OSM:way:541592898,Central Fotovoltaica de Almodôvar,solar,BUS:EREDES:0202S5050400:60,0.0030764629533725943,0.0,MERIT_ORDER_AND_REN_SOURCE_TOTALS,FIXED_PQ_SCENARIO_ASSUMPTION,PUBLIC_TOTAL_CALIBRATED_SCENARIO_NOT_UNIT_TELEMETRY
GEN:01284,OSM:way:1317015513,Central de Valorização Orgânica de Sermonde,biomass,BUS:EREDES:1317S5020400:60,0.5853455690484192,0.0,MERIT_ORDER_AND_REN_SOURCE_TOTALS,FIXED_PQ_SCENARIO_ASSUMPTION,PUBLIC_TOTAL_CALIBRATED_SCENARIO_NOT_UNIT_TELEMETRY
GEN:01285,OSM:way:1324733344,Central Fotovoltaica da Central de Valorização Orgânica,solar,BUS:EREDES:1315S5021000:60,0.0030764629533725943,0.0,MERIT_ORDER_AND_REN_SOURCE_TOTALS,FIXED_PQ_SCENARIO_ASSUMPTION,PUBLIC_TOTAL_CALIBRATED_SCENARIO_NOT_UNIT_TELEMETRY
GEN:01286,OSM:way:1227616899,Aproveitamento Hidroelétrico do Casal,hydro,BUS:OSM:way:151084399:150,1.1945820753743348,0.2008221964509353,MERIT_ORDER_AND_REN_SOURCE_TOTALS,SOLVED_BUS_Q_ALLOCATED_BY_ASSET_NAMEPLATE,PUBLIC_TOTAL_CALIBRATED_SCENARIO_NOT_UNIT_TELEMETRY
GEN:01287,OSM:way:1317470833,Central de Valorização Energética do Aterro Sanitário da Raposa,biogas,BUS:EREDES:1415P5907100:60,0.5640602756284766,0.53,MERIT_ORDER_AND_REN_SOURCE_TOTALS,SOLVED_BUS_Q_ALLOCATED_BY_ASSET_NAMEPLATE,PUBLIC_TOTAL_CALIBRATED_SCENARIO_NOT_UNIT_TELEMETRY
GEN:01288,OSM:way:1317470830,Central de Valorização Energética do Aterro Sanitário da Chamusca,biogas,BUS:EREDES:1420S5664400:60,0.5640602756284766,0.53,MERIT_ORDER_AND_REN_SOURCE_TOTALS,SOLVED_BUS_Q_ALLOCATED_BY_ASSET_NAMEPLATE,PUBLIC_TOTAL_CALIBRATED_SCENARIO_NOT_UNIT_TELEMETRY
GEN:01289,OSM:node:13256836472,,hydro,BUS:EREDES:1301S5020200:60,1.1402828901300468,0.0,MERIT_ORDER_AND_REN_SOURCE_TOTALS,FIXED_PQ_SCENARIO_ASSUMPTION,PUBLIC_TOTAL_CALIBRATED_SCENARIO_NOT_UNIT_TELEMETRY
GEN:01290,OSM:way:1317470827,Central de Valorização Orgânica de Avis,biogas,BUS:EREDES:1201S5904100:60,0.5587389522734909,0.0,MERIT_ORDER_AND_REN_SOURCE_TOTALS,FIXED_PQ_SCENARIO_ASSUMPTION,PUBLIC_TOTAL_CALIBRATED_SCENARIO_NOT_UNIT_TELEMETRY
GEN:01291,OSM:way:1316811639,Central de Valorização Energética do Aterro Sanitário do Alto Tâmega,biogas,BUS:EREDES:1706P5024300:60,0.5534176289185053,-0.09875338693668163,MERIT_ORDER_AND_REN_SOURCE_TOTALS,SOLVED_BUS_Q_ALLOCATED_BY_ASSET_NAMEPLATE,PUBLIC_TOTAL_CALIBRATED_SCENARIO_NOT_UNIT_TELEMETRY
GEN:01292,OSM:way:1316811625,Central de Valorização Energética do Aterro Sanitário de Santo Tirso,biogas,BUS:EREDES:1314S5004600:60,0.5534176289185053,0.0,MERIT_ORDER_AND_REN_SOURCE_TOTALS,FIXED_PQ_SCENARIO_ASSUMPTION,PUBLIC_TOTAL_CALIBRATED_SCENARIO_NOT_UNIT_TELEMETRY
GEN:01293,OSM:way:1317470828,Central de Valorização Energética do Aterro Sanitário do Barlavento,biogas,BUS:OSM:way:163194137:150,0.5534176289185053,0.52,MERIT_ORDER_AND_REN_SOURCE_TOTALS,SOLVED_BUS_Q_ALLOCATED_BY_ASSET_NAMEPLATE,PUBLIC_TOTAL_CALIBRATED_SCENARIO_NOT_UNIT_TELEMETRY
GEN:01296,OSM:way:1379342352,UPP Monte Redondo,solar,BUS:EREDES:1009S5002600:60,0.002796784503065985,0.0,MERIT_ORDER_AND_REN_SOURCE_TOTALS,FIXED_PQ_SCENARIO_ASSUMPTION,PUBLIC_TOTAL_CALIBRATED_SCENARIO_NOT_UNIT_TELEMETRY
GEN:01297,OSM:way:1316811636,Central de Valorização Energética do Aterro Sanitário de Urjais,biogas,BUS:EREDES:0407S5014900:60,0.5321323354985628,0.0,MERIT_ORDER_AND_REN_SOURCE_TOTALS,FIXED_PQ_SCENARIO_ASSUMPTION,PUBLIC_TOTAL_CALIBRATED_SCENARIO_NOT_UNIT_TELEMETRY
GEN:01298,OSM:way:540861354,Aproveitamento Hidroelétrico de Vale do Gaio,hydro,BUS:EREDES:1501S5053900:60,1.0859837048857588,0.0,MERIT_ORDER_AND_REN_SOURCE_TOTALS,FIXED_PQ_SCENARIO_ASSUMPTION,PUBLIC_TOTAL_CALIBRATED_SCENARIO_NOT_UNIT_TELEMETRY
GEN:01299,OSM:way:1436259692,Central Fotovoltaica de Serpa Norte,solar,BUS:EREDES:0213S5050300:60,0.002796784503065985,0.0,MERIT_ORDER_AND_REN_SOURCE_TOTALS,FIXED_PQ_SCENARIO_ASSUMPTION,PUBLIC_TOTAL_CALIBRATED_SCENARIO_NOT_UNIT_TELEMETRY
GEN:01300,OSM:way:1316950732,UPAC Brasmar,solar,BUS:OSM:way:694016335:400,0.002796784503065985,0.34894133600417815,MERIT_ORDER_AND_REN_SOURCE_TOTALS,SOLVED_BUS_Q_ALLOCATED_BY_ASSET_NAMEPLATE,PUBLIC_TOTAL_CALIBRATED_SCENARIO_NOT_UNIT_TELEMETRY
GEN:01302,OSM:way:1379331813,UPP 3645,solar,BUS:EREDES:0511S5011400:60,0.002796784503065985,0.0,MERIT_ORDER_AND_REN_SOURCE_TOTALS,FIXED_PQ_SCENARIO_ASSUMPTION,PUBLIC_TOTAL_CALIBRATED_SCENARIO_NOT_UNIT_TELEMETRY
GEN:01303,OSM:node:12195495199,Central de Valorização Energética do Aterro Sanitário de Leiria,biogas,BUS:EREDES:1010S5000000:60,0.5321323354985628,0.0,MERIT_ORDER_AND_REN_SOURCE_TOTALS,FIXED_PQ_SCENARIO_ASSUMPTION,PUBLIC_TOTAL_CALIBRATED_SCENARIO_NOT_UNIT_TELEMETRY
GEN:01304,OSM:way:1317015510,Cogeração Amorim,biomass,BUS:EREDES:0109S5009900:60,0.5321323354985628,0.0,MERIT_ORDER_AND_REN_SOURCE_TOTALS,FIXED_PQ_SCENARIO_ASSUMPTION,PUBLIC_TOTAL_CALIBRATED_SCENARIO_NOT_UNIT_TELEMETRY
GEN:01305,OSM:way:287204058,Aproveitamento Hidroelétrico de Ronfe,hydro,BUS:EREDES:0308S5001900:60,1.0859837048857588,0.0,MERIT_ORDER_AND_REN_SOURCE_TOTALS,FIXED_PQ_SCENARIO_ASSUMPTION,PUBLIC_TOTAL_CALIBRATED_SCENARIO_NOT_UNIT_TELEMETRY
GEN:01306,OSM:way:1318229255,Central Fotovoltaica da Malhada Velha,solar,BUS:OSM:way:144635505:150,0.002796784503065985,0.5,MERIT_ORDER_AND_REN_SOURCE_TOTALS,SOLVED_BUS_Q_ALLOCATED_BY_ASSET_NAMEPLATE,PUBLIC_TOTAL_CALIBRATED_SCENARIO_NOT_UNIT_TELEMETRY
GEN:01307,OSM:relation:19021924,UPP 3646,solar,BUS:EREDES:0511S5011400:60,0.002796784503065985,0.0,MERIT_ORDER_AND_REN_SOURCE_TOTALS,FIXED_PQ_SCENARIO_ASSUMPTION,PUBLIC_TOTAL_CALIBRATED_SCENARIO_NOT_UNIT_TELEMETRY
GEN:01308,OSM:relation:19018564,UPP Pedrógão - TECNEIRA,solar,BUS:EREDES:1013S5011300:60,0.002796784503065985,-0.36574389867786206,MERIT_ORDER_AND_REN_SOURCE_TOTALS,SOLVED_BUS_Q_ALLOCATED_BY_ASSET_NAMEPLATE,PUBLIC_TOTAL_CALIBRATED_SCENARIO_NOT_UNIT_TELEMETRY
GEN:01309,OSM:way:1227829991,Aproveitamento Hidroelétrico da Ponte Europa,hydro,BUS:EREDES:0407S5014900:60,1.0859837048857588,0.0,MERIT_ORDER_AND_REN_SOURCE_TOTALS,FIXED_PQ_SCENARIO_ASSUMPTION,PUBLIC_TOTAL_CALIBRATED_SCENARIO_NOT_UNIT_TELEMETRY
GEN:01310,OSM:relation:18089735,UPAC Senhor Bacalhau I,solar,BUS:EREDES:0110S5004000:60,0.002796784503065985,0.0,MERIT_ORDER_AND_REN_SOURCE_TOTALS,FIXED_PQ_SCENARIO_ASSUMPTION,PUBLIC_TOTAL_CALIBRATED_SCENARIO_NOT_UNIT_TELEMETRY
GEN:01311,OSM:way:1317407678,Central Fotovoltaica de Garrido Vale Serrão,solar,BUS:EREDES:0508S5008800:60,0.002796784503065985,0.0,MERIT_ORDER_AND_REN_SOURCE_TOTALS,FIXED_PQ_SCENARIO_ASSUMPTION,PUBLIC_TOTAL_CALIBRATED_SCENARIO_NOT_UNIT_TELEMETRY
GEN:01312,OSM:way:1317015508,UPAC Sicor,solar,BUS:EREDES:0115P5025100:60,0.002791190934059813,0.0,MERIT_ORDER_AND_REN_SOURCE_TOTALS,FIXED_PQ_SCENARIO_ASSUMPTION,PUBLIC_TOTAL_CALIBRATED_SCENARIO_NOT_UNIT_TELEMETRY
GEN:01315,OSM:way:1227604675,Aproveitamento Hidroelétrico de Campelos,hydro,BUS:EREDES:0308S5013400:60,0.977385334397183,0.0,MERIT_ORDER_AND_REN_SOURCE_TOTALS,FIXED_PQ_SCENARIO_ASSUMPTION,PUBLIC_TOTAL_CALIBRATED_SCENARIO_NOT_UNIT_TELEMETRY
GEN:01316,OSM:node:13476743923,,hydro,BUS:EREDES:1607S5006400:60,0.977385334397183,0.0,MERIT_ORDER_AND_REN_SOURCE_TOTALS,FIXED_PQ_SCENARIO_ASSUMPTION,PUBLIC_TOTAL_CALIBRATED_SCENARIO_NOT_UNIT_TELEMETRY
GEN:01321,OSM:way:1233919212,Central Hidroelétrica de Ribafeita,hydro,BUS:EREDES:1823S5009300:60,0.977385334397183,0.0,MERIT_ORDER_AND_REN_SOURCE_TOTALS,FIXED_PQ_SCENARIO_ASSUMPTION,PUBLIC_TOTAL_CALIBRATED_SCENARIO_NOT_UNIT_TELEMETRY
GEN:01323,OSM:way:191467248,Aproveitamento Hidroelétrico da Pedra da Figueira,hydro,BUS:EREDES:0503S5006700:60,0.977385334397183,0.0,MERIT_ORDER_AND_REN_SOURCE_TOTALS,FIXED_PQ_SCENARIO_ASSUMPTION,PUBLIC_TOTAL_CALIBRATED_SCENARIO_NOT_UNIT_TELEMETRY
GEN:01328,OSM:way:823561099,Central Hidroelétrica de Caniços,hydro,BUS:EREDES:0312S5001200:60,0.977385334397183,0.0,MERIT_ORDER_AND_REN_SOURCE_TOTALS,FIXED_PQ_SCENARIO_ASSUMPTION,PUBLIC_TOTAL_CALIBRATED_SCENARIO_NOT_UNIT_TELEMETRY
GEN:01330,OSM:node:13256914516,,hydro,BUS:EREDES:1809S5004900:60,0.958923611414125,0.0,MERIT_ORDER_AND_REN_SOURCE_TOTALS,FIXED_PQ_SCENARIO_ASSUMPTION,PUBLIC_TOTAL_CALIBRATED_SCENARIO_NOT_UNIT_TELEMETRY
GEN:01331,OSM:way:1318177679,Lar São Silvestre,solar,BUS:EREDES:0502S5010400:60,0.002416421810648977,0.0,MERIT_ORDER_AND_REN_SOURCE_TOTALS,FIXED_PQ_SCENARIO_ASSUMPTION,PUBLIC_TOTAL_CALIBRATED_SCENARIO_NOT_UNIT_TELEMETRY
GEN:01332,OSM:node:12193457446,Central de Valorização Orgânica do Algarve,biogas,BUS:EREDES:0812S5062100:60,0.4576338085287639,0.0,MERIT_ORDER_AND_REN_SOURCE_TOTALS,FIXED_PQ_SCENARIO_ASSUMPTION,PUBLIC_TOTAL_CALIBRATED_SCENARIO_NOT_UNIT_TELEMETRY
GEN:01335,OSM:node:1648517049,,wind,BUS:EREDES:1109S5430000:60,0.7210669471649988,0.0,MERIT_ORDER_AND_REN_SOURCE_TOTALS,FIXED_PQ_SCENARIO_ASSUMPTION,PUBLIC_TOTAL_CALIBRATED_SCENARIO_NOT_UNIT_TELEMETRY
GEN:01339,OSM:node:2538134457,,wind,BUS:EREDES:0305P5021500:60,0.7210669471649988,0.42500000000000004,MERIT_ORDER_AND_REN_SOURCE_TOTALS,SOLVED_BUS_Q_ALLOCATED_BY_ASSET_NAMEPLATE,PUBLIC_TOTAL_CALIBRATED_SCENARIO_NOT_UNIT_TELEMETRY
GEN:01340,OSM:node:2560646385,,wind,BUS:EREDES:0305P5021500:60,0.7210669471649988,0.42500000000000004,MERIT_ORDER_AND_REN_SOURCE_TOTALS,SOLVED_BUS_Q_ALLOCATED_BY_ASSET_NAMEPLATE,PUBLIC_TOTAL_CALIBRATED_SCENARIO_NOT_UNIT_TELEMETRY
GEN:01342,OSM:relation:18070702,UPAC Impetus,solar,BUS:EREDES:0306S5004700:60,0.002237427602452768,0.0,MERIT_ORDER_AND_REN_SOURCE_TOTALS,FIXED_PQ_SCENARIO_ASSUMPTION,PUBLIC_TOTAL_CALIBRATED_SCENARIO_NOT_UNIT_TELEMETRY
GEN:01343,OSM:way:1169859321,Central de Valorização Energética do Ecoparque de Trajouce,biogas,BUS:OSM:way:144651478:220,0.4257058683988503,0.0,MERIT_ORDER_AND_REN_SOURCE_TOTALS,FIXED_PQ_SCENARIO_ASSUMPTION,PUBLIC_TOTAL_CALIBRATED_SCENARIO_NOT_UNIT_TELEMETRY
GEN:01344,OSM:way:1227840424,Central Hidroelétrica de Rei de Moinhos,hydro,BUS:EREDES:0601S5025900:60,0.8687869639086071,0.0,MERIT_ORDER_AND_REN_SOURCE_TOTALS,FIXED_PQ_SCENARIO_ASSUMPTION,PUBLIC_TOTAL_CALIBRATED_SCENARIO_NOT_UNIT_TELEMETRY
GEN:01345,OSM:way:1259390476,Central de Cogeração da Estação de Tratamento de Águas Residuais do Ave,biomass,BUS:EREDES:1316S5001600:60,0.4257058683988503,0.0,MERIT_ORDER_AND_REN_SOURCE_TOTALS,FIXED_PQ_SCENARIO_ASSUMPTION,PUBLIC_TOTAL_CALIBRATED_SCENARIO_NOT_UNIT_TELEMETRY
GEN:01347,OSM:node:13176627151,,hydro,BUS:EREDES:0601S5003100:60,0.8687869639086071,0.0,MERIT_ORDER_AND_REN_SOURCE_TOTALS,FIXED_PQ_SCENARIO_ASSUMPTION,PUBLIC_TOTAL_CALIBRATED_SCENARIO_NOT_UNIT_TELEMETRY
GEN:01348,OSM:node:1786306833,Doninhas,wind,BUS:EREDES:0117S5023700:60,0.6786512443905871,0.11219824852299708,MERIT_ORDER_AND_REN_SOURCE_TOTALS,SOLVED_BUS_Q_ALLOCATED_BY_ASSET_NAMEPLATE,PUBLIC_TOTAL_CALIBRATED_SCENARIO_NOT_UNIT_TELEMETRY
GEN:01349,OSM:way:1316811638,Central de Valorização Energética do Aterro Sanitário de Guimarães,biogas,BUS:EREDES:0309P5022500:60,0.4257058683988503,0.0,MERIT_ORDER_AND_REN_SOURCE_TOTALS,FIXED_PQ_SCENARIO_ASSUMPTION,PUBLIC_TOTAL_CALIBRATED_SCENARIO_NOT_UNIT_TELEMETRY
GEN:01350,OSM:way:1227616876,Aproveitamento Hidroelétrico dos Tecidos do Ferro,hydro,BUS:EREDES:0307S5004400:60,0.8687869639086071,0.0,MERIT_ORDER_AND_REN_SOURCE_TOTALS,FIXED_PQ_SCENARIO_ASSUMPTION,PUBLIC_TOTAL_CALIBRATED_SCENARIO_NOT_UNIT_TELEMETRY
GEN:01351,OSM:way:1317015509,Central de Cogeração da Estação de Tratamento de Águas Residuais de Espinho,biogas,BUS:EREDES:0107S5002500:60,0.4044205749789077,0.0,MERIT_ORDER_AND_REN_SOURCE_TOTALS,FIXED_PQ_SCENARIO_ASSUMPTION,PUBLIC_TOTAL_CALIBRATED_SCENARIO_NOT_UNIT_TELEMETRY
GEN:01352,OSM:node:13476716135,,hydro,BUS:EREDES:0305S5012300:60,0.824261632008291,0.0,MERIT_ORDER_AND_REN_SOURCE_TOTALS,FIXED_PQ_SCENARIO_ASSUMPTION,PUBLIC_TOTAL_CALIBRATED_SCENARIO_NOT_UNIT_TELEMETRY
GEN:01353,OSM:node:7531522261,,hydro,BUS:EREDES:1212S5666200:60,0.8220896645985194,0.3785,MERIT_ORDER_AND_REN_SOURCE_TOTALS,SOLVED_BUS_Q_ALLOCATED_BY_ASSET_NAMEPLATE,PUBLIC_TOTAL_CALIBRATED_SCENARIO_NOT_UNIT_TELEMETRY
GEN:01355,OSM:node:13256896610,,hydro,BUS:OSM:way:694016335:400,0.8144877786643191,0.26170600200313365,MERIT_ORDER_AND_REN_SOURCE_TOTALS,SOLVED_BUS_Q_ALLOCATED_BY_ASSET_NAMEPLATE,PUBLIC_TOTAL_CALIBRATED_SCENARIO_NOT_UNIT_TELEMETRY
GEN:01356,OSM:node:11350818747,,biomass,BUS:EREDES:1306S5010100:60,0.3990992516239221,0.0,MERIT_ORDER_AND_REN_SOURCE_TOTALS,FIXED_PQ_SCENARIO_ASSUMPTION,PUBLIC_TOTAL_CALIBRATED_SCENARIO_NOT_UNIT_TELEMETRY
GEN:01357,OSM:way:1318177678,UPAC APTIV,solar,BUS:EREDES:0502S5006900:60,0.002097588377299464,0.0,MERIT_ORDER_AND_REN_SOURCE_TOTALS,FIXED_PQ_SCENARIO_ASSUMPTION,PUBLIC_TOTAL_CALIBRATED_SCENARIO_NOT_UNIT_TELEMETRY
GEN:01358,OSM:way:1227819026,Aproveitamento Hidroelétrico de Armamar,hydro,BUS:OSM:way:1497096638:220,0.8036279416154616,-0.0038292939701708158,MERIT_ORDER_AND_REN_SOURCE_TOTALS,SOLVED_BUS_Q_ALLOCATED_BY_ASSET_NAMEPLATE,PUBLIC_TOTAL_CALIBRATED_SCENARIO_NOT_UNIT_TELEMETRY
GEN:01360,OSM:node:12193310904,Central de Cogeração da Estação de Tratamento de Águas Residuais de Ílhavo,biogas,BUS:EREDES:0110S5004000:60,0.3778139582039795,0.0,MERIT_ORDER_AND_REN_SOURCE_TOTALS,FIXED_PQ_SCENARIO_ASSUMPTION,PUBLIC_TOTAL_CALIBRATED_SCENARIO_NOT_UNIT_TELEMETRY
GEN:01361,OSM:way:1227616895,Aproveitamento Hidroelétrico do Pego Negro,hydro,BUS:EREDES:1301S5008700:60,0.7601885934200312,0.0,MERIT_ORDER_AND_REN_SOURCE_TOTALS,FIXED_PQ_SCENARIO_ASSUMPTION,PUBLIC_TOTAL_CALIBRATED_SCENARIO_NOT_UNIT_TELEMETRY
GEN:01362,OSM:way:825205061,Aproveitamento Hidroelétrico de Negrelos,hydro,BUS:EREDES:0312S5001200:60,0.7601885934200312,0.0,MERIT_ORDER_AND_REN_SOURCE_TOTALS,FIXED_PQ_SCENARIO_ASSUMPTION,PUBLIC_TOTAL_CALIBRATED_SCENARIO_NOT_UNIT_TELEMETRY
GEN:01363,OSM:relation:8954232,Central Solar de São Bento do Ameixal 1,solar,BUS:EREDES:0704S5041600:60,0.0018906263240725935,0.0,MERIT_ORDER_AND_REN_SOURCE_TOTALS,FIXED_PQ_SCENARIO_ASSUMPTION,PUBLIC_TOTAL_CALIBRATED_SCENARIO_NOT_UNIT_TELEMETRY
GEN:01364,OSM:way:1316950766,UPAC Carvema,solar,BUS:EREDES:0306S5004700:60,0.0018848090123062065,0.0,MERIT_ORDER_AND_REN_SOURCE_TOTALS,FIXED_PQ_SCENARIO_ASSUMPTION,PUBLIC_TOTAL_CALIBRATED_SCENARIO_NOT_UNIT_TELEMETRY
GEN:01366,OSM:node:1077098463,,wind,BUS:EREDES:0606P5020700:60,0.5598872766222343,-0.33,MERIT_ORDER_AND_REN_SOURCE_TOTALS,SOLVED_BUS_Q_ALLOCATED_BY_ASSET_NAMEPLATE,PUBLIC_TOTAL_CALIBRATED_SCENARIO_NOT_UNIT_TELEMETRY
GEN:01367,OSM:node:1077098627,,wind,BUS:EREDES:0606P5020600:60,0.5598872766222343,-0.33,MERIT_ORDER_AND_REN_SOURCE_TOTALS,SOLVED_BUS_Q_ALLOCATED_BY_ASSET_NAMEPLATE,PUBLIC_TOTAL_CALIBRATED_SCENARIO_NOT_UNIT_TELEMETRY
GEN:01368,OSM:node:1077098842,,wind,BUS:EREDES:0606P5020600:60,0.5598872766222343,-0.33,MERIT_ORDER_AND_REN_SOURCE_TOTALS,SOLVED_BUS_Q_ALLOCATED_BY_ASSET_NAMEPLATE,PUBLIC_TOTAL_CALIBRATED_SCENARIO_NOT_UNIT_TELEMETRY
GEN:01369,OSM:node:1077098610,,wind,BUS:EREDES:0606P5020600:60,0.5598872766222343,-0.33,MERIT_ORDER_AND_REN_SOURCE_TOTALS,SOLVED_BUS_Q_ALLOCATED_BY_ASSET_NAMEPLATE,PUBLIC_TOTAL_CALIBRATED_SCENARIO_NOT_UNIT_TELEMETRY
GEN:01370,OSM:node:1077098569,,wind,BUS:EREDES:0606P5020600:60,0.5598872766222343,-0.33,MERIT_ORDER_AND_REN_SOURCE_TOTALS,SOLVED_BUS_Q_ALLOCATED_BY_ASSET_NAMEPLATE,PUBLIC_TOTAL_CALIBRATED_SCENARIO_NOT_UNIT_TELEMETRY
GEN:01371,OSM:node:1770507367,,wind,BUS:EREDES:0606P5020600:60,0.5598872766222343,-0.33,MERIT_ORDER_AND_REN_SOURCE_TOTALS,SOLVED_BUS_Q_ALLOCATED_BY_ASSET_NAMEPLATE,PUBLIC_TOTAL_CALIBRATED_SCENARIO_NOT_UNIT_TELEMETRY
GEN:01372,OSM:node:1077098676,,wind,BUS:EREDES:0606P5020600:60,0.5598872766222343,-0.33,MERIT_ORDER_AND_REN_SOURCE_TOTALS,SOLVED_BUS_Q_ALLOCATED_BY_ASSET_NAMEPLATE,PUBLIC_TOTAL_CALIBRATED_SCENARIO_NOT_UNIT_TELEMETRY
GEN:01373,OSM:node:1077098798,,wind,BUS:EREDES:0606P5020600:60,0.5598872766222343,-0.33,MERIT_ORDER_AND_REN_SOURCE_TOTALS,SOLVED_BUS_Q_ALLOCATED_BY_ASSET_NAMEPLATE,PUBLIC_TOTAL_CALIBRATED_SCENARIO_NOT_UNIT_TELEMETRY
GEN:01374,OSM:node:1077098823,,wind,BUS:EREDES:0606P5020600:60,0.5598872766222343,-0.33,MERIT_ORDER_AND_REN_SOURCE_TOTALS,SOLVED_BUS_Q_ALLOCATED_BY_ASSET_NAMEPLATE,PUBLIC_TOTAL_CALIBRATED_SCENARIO_NOT_UNIT_TELEMETRY
GEN:01375,OSM:node:1077098649,,wind,BUS:EREDES:0606P5020600:60,0.5598872766222343,-0.33,MERIT_ORDER_AND_REN_SOURCE_TOTALS,SOLVED_BUS_Q_ALLOCATED_BY_ASSET_NAMEPLATE,PUBLIC_TOTAL_CALIBRATED_SCENARIO_NOT_UNIT_TELEMETRY
GEN:01376,OSM:node:1077098468,,wind,BUS:EREDES:0606P5020700:60,0.5598872766222343,-0.33,MERIT_ORDER_AND_REN_SOURCE_TOTALS,SOLVED_BUS_Q_ALLOCATED_BY_ASSET_NAMEPLATE,PUBLIC_TOTAL_CALIBRATED_SCENARIO_NOT_UNIT_TELEMETRY
GEN:01377,OSM:node:1077098529,,wind,BUS:EREDES:0606P5020600:60,0.5598872766222343,-0.33,MERIT_ORDER_AND_REN_SOURCE_TOTALS,SOLVED_BUS_Q_ALLOCATED_BY_ASSET_NAMEPLATE,PUBLIC_TOTAL_CALIBRATED_SCENARIO_NOT_UNIT_TELEMETRY
GEN:01378,OSM:node:1077098885,,wind,BUS:EREDES:0606P5020600:60,0.5598872766222343,-0.33,MERIT_ORDER_AND_REN_SOURCE_TOTALS,SOLVED_BUS_Q_ALLOCATED_BY_ASSET_NAMEPLATE,PUBLIC_TOTAL_CALIBRATED_SCENARIO_NOT_UNIT_TELEMETRY
GEN:01379,OSM:node:1077098859,,wind,BUS:EREDES:0606P5020700:60,0.5598872766222343,-0.33,MERIT_ORDER_AND_REN_SOURCE_TOTALS,SOLVED_BUS_Q_ALLOCATED_BY_ASSET_NAMEPLATE,PUBLIC_TOTAL_CALIBRATED_SCENARIO_NOT_UNIT_TELEMETRY
GEN:01380,OSM:node:1077098488,,wind,BUS:EREDES:0606P5020600:60,0.5598872766222343,-0.33,MERIT_ORDER_AND_REN_SOURCE_TOTALS,SOLVED_BUS_Q_ALLOCATED_BY_ASSET_NAMEPLATE,PUBLIC_TOTAL_CALIBRATED_SCENARIO_NOT_UNIT_TELEMETRY
GEN:01381,OSM:way:1316950743,UPAC MSS Steel Tubes,solar,BUS:EREDES:0312S5008500:60,0.001817909926992855,0.0,MERIT_ORDER_AND_REN_SOURCE_TOTALS,FIXED_PQ_SCENARIO_ASSUMPTION,PUBLIC_TOTAL_CALIBRATED_SCENARIO_NOT_UNIT_TELEMETRY
GEN:01382,OSM:way:1227180201,Central de Cogeração da Estação de Tratamento de Águas Residuais de Cacia,biogas,BUS:EREDES:0105P5023800:60,0.34056469471908013,0.32,MERIT_ORDER_AND_REN_SOURCE_TOTALS,SOLVED_BUS_Q_ALLOCATED_BY_ASSET_NAMEPLATE,PUBLIC_TOTAL_CALIBRATED_SCENARIO_NOT_UNIT_TELEMETRY
GEN:01383,OSM:way:1316811635,Central de Valorização Energética do Aterro Sanitário de Andrães,biogas,BUS:EREDES:1714S5006100:60,0.34056469471908013,0.08460781388579768,MERIT_ORDER_AND_REN_SOURCE_TOTALS,SOLVED_BUS_Q_ALLOCATED_BY_ASSET_NAMEPLATE,PUBLIC_TOTAL_CALIBRATED_SCENARIO_NOT_UNIT_TELEMETRY
GEN:01384,OSM:way:1317015520,Central de Valorização Energética do Aterro Sanitário de Bigorne,biogas,BUS:EREDES:1805P5021600:60,0.33524337136409454,-0.0886768513959648,MERIT_ORDER_AND_REN_SOURCE_TOTALS,SOLVED_BUS_Q_ALLOCATED_BY_ASSET_NAMEPLATE,PUBLIC_TOTAL_CALIBRATED_SCENARIO_NOT_UNIT_TELEMETRY
GEN:01385,OSM:node:12195453353,Central de Cogeração da Estação de Tratamento de Águas Residuais do Barreiro/Moita,biogas,BUS:EREDES:1504P5022900:60,0.3246007246541233,0.0,MERIT_ORDER_AND_REN_SOURCE_TOTALS,FIXED_PQ_SCENARIO_ASSUMPTION,PUBLIC_TOTAL_CALIBRATED_SCENARIO_NOT_UNIT_TELEMETRY
GEN:01387,OSM:node:3810725779,,wind,BUS:OSM:way:151077580:150,0.5089884332929402,-0.041929486511560615,MERIT_ORDER_AND_REN_SOURCE_TOTALS,SOLVED_BUS_Q_ALLOCATED_BY_ASSET_NAMEPLATE,PUBLIC_TOTAL_CALIBRATED_SCENARIO_NOT_UNIT_TELEMETRY
GEN:01389,OSM:way:1227829990,Aproveitamento Hidroelétrico da Peneda,hydro,BUS:EREDES:1703S5002100:60,0.6515902229314553,-0.05681790532440787,MERIT_ORDER_AND_REN_SOURCE_TOTALS,SOLVED_BUS_Q_ALLOCATED_BY_ASSET_NAMEPLATE,PUBLIC_TOTAL_CALIBRATED_SCENARIO_NOT_UNIT_TELEMETRY
GEN:01390,OSM:way:925537354,Aproveitamento Hidroelétrico da Quinta de Valgode,hydro,BUS:EREDES:1824S5009400:60,0.6515902229314553,0.0,MERIT_ORDER_AND_REN_SOURCE_TOTALS,FIXED_PQ_SCENARIO_ASSUMPTION,PUBLIC_TOTAL_CALIBRATED_SCENARIO_NOT_UNIT_TELEMETRY
GEN:01391,OSM:way:155604809,Aproveitamento Hidroelétrico da Grela,hydro,BUS:EREDES:0117S5023700:60,0.6515902229314553,0.08414868639224779,MERIT_ORDER_AND_REN_SOURCE_TOTALS,SOLVED_BUS_Q_ALLOCATED_BY_ASSET_NAMEPLATE,PUBLIC_TOTAL_CALIBRATED_SCENARIO_NOT_UNIT_TELEMETRY
GEN:01393,OSM:node:7859059403,,wind,BUS:OSM:way:1338738672:150,0.5089884332929402,0.0,MERIT_ORDER_AND_REN_SOURCE_TOTALS,FIXED_PQ_SCENARIO_ASSUMPTION,PUBLIC_TOTAL_CALIBRATED_SCENARIO_NOT_UNIT_TELEMETRY
GEN:01394,OSM:way:540796391,Central Hidroelétrica do Pisão,hydro,BUS:EREDES:0208S5052500:60,0.6515902229314553,0.0,MERIT_ORDER_AND_REN_SOURCE_TOTALS,FIXED_PQ_SCENARIO_ASSUMPTION,PUBLIC_TOTAL_CALIBRATED_SCENARIO_NOT_UNIT_TELEMETRY
GEN:01395,OSM:node:13165786470,,hydro,BUS:EREDES:1207S5767100:60,0.6515902229314553,0.2750265271069282,MERIT_ORDER_AND_REN_SOURCE_TOTALS,SOLVED_BUS_Q_ALLOCATED_BY_ASSET_NAMEPLATE,PUBLIC_TOTAL_CALIBRATED_SCENARIO_NOT_UNIT_TELEMETRY
GEN:01397,OSM:way:1316811624,Central de Valorização Energética do Aterro Sanitário de Penafiel,biogas,BUS:EREDES:1311S5006900:60,0.30863675458916634,0.0,MERIT_ORDER_AND_REN_SOURCE_TOTALS,FIXED_PQ_SCENARIO_ASSUMPTION,PUBLIC_TOTAL_CALIBRATED_SCENARIO_NOT_UNIT_TELEMETRY
GEN:01398,OSM:way:1380318393,Mesa PV2V13,solar,BUS:EREDES:1421S5002900:60,0.0015941671667475679,0.0,MERIT_ORDER_AND_REN_SOURCE_TOTALS,FIXED_PQ_SCENARIO_ASSUMPTION,PUBLIC_TOTAL_CALIBRATED_SCENARIO_NOT_UNIT_TELEMETRY
GEN:01399,OSM:way:1380318380,Mesa PV2V13,solar,BUS:EREDES:1421S5002900:60,0.0015941671667475679,0.0,MERIT_ORDER_AND_REN_SOURCE_TOTALS,FIXED_PQ_SCENARIO_ASSUMPTION,PUBLIC_TOTAL_CALIBRATED_SCENARIO_NOT_UNIT_TELEMETRY
GEN:01400,OSM:way:1380318358,Mesa PV2V13,solar,BUS:EREDES:1421S5002900:60,0.0015941671667475679,0.0,MERIT_ORDER_AND_REN_SOURCE_TOTALS,FIXED_PQ_SCENARIO_ASSUMPTION,PUBLIC_TOTAL_CALIBRATED_SCENARIO_NOT_UNIT_TELEMETRY
GEN:01401,OSM:way:1380318353,Mesa PV2V13,solar,BUS:EREDES:1421S5002900:60,0.0015941671667475679,0.0,MERIT_ORDER_AND_REN_SOURCE_TOTALS,FIXED_PQ_SCENARIO_ASSUMPTION,PUBLIC_TOTAL_CALIBRATED_SCENARIO_NOT_UNIT_TELEMETRY
GEN:01402,OSM:way:1380318351,Mesa PV2V13,solar,BUS:EREDES:1421S5002900:60,0.0015941671667475679,0.0,MERIT_ORDER_AND_REN_SOURCE_TOTALS,FIXED_PQ_SCENARIO_ASSUMPTION,PUBLIC_TOTAL_CALIBRATED_SCENARIO_NOT_UNIT_TELEMETRY
GEN:01403,OSM:way:1380318399,Mesa PV2V13,solar,BUS:EREDES:1421S5002900:60,0.0015941671667475679,0.0,MERIT_ORDER_AND_REN_SOURCE_TOTALS,FIXED_PQ_SCENARIO_ASSUMPTION,PUBLIC_TOTAL_CALIBRATED_SCENARIO_NOT_UNIT_TELEMETRY
GEN:01404,OSM:way:1380318400,Mesa PV2V13,solar,BUS:EREDES:1421S5002900:60,0.0015941671667475679,0.0,MERIT_ORDER_AND_REN_SOURCE_TOTALS,FIXED_PQ_SCENARIO_ASSUMPTION,PUBLIC_TOTAL_CALIBRATED_SCENARIO_NOT_UNIT_TELEMETRY
GEN:01405,OSM:way:1380318361,Mesa PV2V13,solar,BUS:EREDES:1421S5002900:60,0.0015941671667475679,0.0,MERIT_ORDER_AND_REN_SOURCE_TOTALS,FIXED_PQ_SCENARIO_ASSUMPTION,PUBLIC_TOTAL_CALIBRATED_SCENARIO_NOT_UNIT_TELEMETRY
GEN:01406,OSM:way:1454673596,Central de Valorização Energética do Biogás de Matosinhos,biogas,BUS:EREDES:1308S5005900:60,0.2979941078791951,0.0,MERIT_ORDER_AND_REN_SOURCE_TOTALS,FIXED_PQ_SCENARIO_ASSUMPTION,PUBLIC_TOTAL_CALIBRATED_SCENARIO_NOT_UNIT_TELEMETRY
GEN:01407,OSM:way:1318201169,Escola João Gonçalves Zarco,solar,BUS:EREDES:1110S5270000:60,0.0015661993217169071,0.0,MERIT_ORDER_AND_REN_SOURCE_TOTALS,FIXED_PQ_SCENARIO_ASSUMPTION,PUBLIC_TOTAL_CALIBRATED_SCENARIO_NOT_UNIT_TELEMETRY
GEN:01408,OSM:way:1316950731,UPAC Brasmar II,solar,BUS:OSM:way:694016335:400,0.0015102636316555854,0.18842832144225624,MERIT_ORDER_AND_REN_SOURCE_TOTALS,SOLVED_BUS_Q_ALLOCATED_BY_ASSET_NAMEPLATE,PUBLIC_TOTAL_CALIBRATED_SCENARIO_NOT_UNIT_TELEMETRY
GEN:01409,OSM:way:331234915,Central de Valorização Energética do Aterro Sanitário de Valença,biogas,BUS:EREDES:1610S5025800:60,0.28735146116922394,0.0,MERIT_ORDER_AND_REN_SOURCE_TOTALS,FIXED_PQ_SCENARIO_ASSUMPTION,PUBLIC_TOTAL_CALIBRATED_SCENARIO_NOT_UNIT_TELEMETRY
GEN:01410,OSM:way:1227840426,Central Hidroelétrica do Monte Redondo,hydro,BUS:EREDES:0606P5020700:60,0.5679694776552519,-0.2615,MERIT_ORDER_AND_REN_SOURCE_TOTALS,SOLVED_BUS_Q_ALLOCATED_BY_ASSET_NAMEPLATE,PUBLIC_TOTAL_CALIBRATED_SCENARIO_NOT_UNIT_TELEMETRY
GEN:01411,OSM:way:581938505,Aproveitamento Hidroelétrico do Carvalhal,hydro,BUS:EREDES:0119S5010100:60,0.5429918524428794,0.0,MERIT_ORDER_AND_REN_SOURCE_TOTALS,FIXED_PQ_SCENARIO_ASSUMPTION,PUBLIC_TOTAL_CALIBRATED_SCENARIO_NOT_UNIT_TELEMETRY
GEN:01412,OSM:way:1227567409,Aproveitamento Hidroelétrico de Hortas,hydro,BUS:OSM:relation:19645523:220,0.5429918524428794,0.15073934331119793,MERIT_ORDER_AND_REN_SOURCE_TOTALS,SOLVED_BUS_Q_ALLOCATED_BY_ASSET_NAMEPLATE,PUBLIC_TOTAL_CALIBRATED_SCENARIO_NOT_UNIT_TELEMETRY
GEN:01413,OSM:way:691995573,Central de Cogeração da ETAR da Madalena,biogas,BUS:EREDES:1317S5003500:60,0.2660661677492813,0.0,MERIT_ORDER_AND_REN_SOURCE_TOTALS,FIXED_PQ_SCENARIO_ASSUMPTION,PUBLIC_TOTAL_CALIBRATED_SCENARIO_NOT_UNIT_TELEMETRY
GEN:01414,OSM:way:1227616890,Aproveitamento Hidroelétrico do Búgio,hydro,BUS:OSM:way:541036600:150,0.5429918524428794,0.0,MERIT_ORDER_AND_REN_SOURCE_TOTALS,FIXED_PQ_SCENARIO_ASSUMPTION,PUBLIC_TOTAL_CALIBRATED_SCENARIO_NOT_UNIT_TELEMETRY
GEN:01415,OSM:node:5250417658,AG20,wind,BUS:EREDES:1705P5024500:60,0.4241570277441169,0.0794344850234917,MERIT_ORDER_AND_REN_SOURCE_TOTALS,SOLVED_BUS_Q_ALLOCATED_BY_ASSET_NAMEPLATE,PUBLIC_TOTAL_CALIBRATED_SCENARIO_NOT_UNIT_TELEMETRY
GEN:01417,OSM:node:5250417657,AG19,wind,BUS:EREDES:1705P5024500:60,0.4241570277441169,0.0794344850234917,MERIT_ORDER_AND_REN_SOURCE_TOTALS,SOLVED_BUS_Q_ALLOCATED_BY_ASSET_NAMEPLATE,PUBLIC_TOTAL_CALIBRATED_SCENARIO_NOT_UNIT_TELEMETRY
GEN:01418,OSM:node:5250417652,AG14,wind,BUS:EREDES:1705P5024500:60,0.4241570277441169,0.0794344850234917,MERIT_ORDER_AND_REN_SOURCE_TOTALS,SOLVED_BUS_Q_ALLOCATED_BY_ASSET_NAMEPLATE,PUBLIC_TOTAL_CALIBRATED_SCENARIO_NOT_UNIT_TELEMETRY
GEN:01419,OSM:node:5250417656,AG18,wind,BUS:EREDES:1705P5024500:60,0.4241570277441169,0.0794344850234917,MERIT_ORDER_AND_REN_SOURCE_TOTALS,SOLVED_BUS_Q_ALLOCATED_BY_ASSET_NAMEPLATE,PUBLIC_TOTAL_CALIBRATED_SCENARIO_NOT_UNIT_TELEMETRY
GEN:01420,OSM:node:5250417648,AG8,wind,BUS:EREDES:1705P5024500:60,0.4241570277441169,0.0794344850234917,MERIT_ORDER_AND_REN_SOURCE_TOTALS,SOLVED_BUS_Q_ALLOCATED_BY_ASSET_NAMEPLATE,PUBLIC_TOTAL_CALIBRATED_SCENARIO_NOT_UNIT_TELEMETRY
GEN:01422,OSM:node:5250417639,AG21,wind,BUS:EREDES:1705P5024500:60,0.4241570277441169,0.0794344850234917,MERIT_ORDER_AND_REN_SOURCE_TOTALS,SOLVED_BUS_Q_ALLOCATED_BY_ASSET_NAMEPLATE,PUBLIC_TOTAL_CALIBRATED_SCENARIO_NOT_UNIT_TELEMETRY
GEN:01423,OSM:node:5250417640,AG1,wind,BUS:EREDES:1705P5024500:60,0.4241570277441169,0.0794344850234917,MERIT_ORDER_AND_REN_SOURCE_TOTALS,SOLVED_BUS_Q_ALLOCATED_BY_ASSET_NAMEPLATE,PUBLIC_TOTAL_CALIBRATED_SCENARIO_NOT_UNIT_TELEMETRY
GEN:01424,OSM:node:5250417641,AG2,wind,BUS:EREDES:1705P5024500:60,0.4241570277441169,0.0794344850234917,MERIT_ORDER_AND_REN_SOURCE_TOTALS,SOLVED_BUS_Q_ALLOCATED_BY_ASSET_NAMEPLATE,PUBLIC_TOTAL_CALIBRATED_SCENARIO_NOT_UNIT_TELEMETRY
GEN:01425,OSM:node:5250417642,AG3,wind,BUS:EREDES:1705P5024500:60,0.4241570277441169,0.0794344850234917,MERIT_ORDER_AND_REN_SOURCE_TOTALS,SOLVED_BUS_Q_ALLOCATED_BY_ASSET_NAMEPLATE,PUBLIC_TOTAL_CALIBRATED_SCENARIO_NOT_UNIT_TELEMETRY
GEN:01426,OSM:node:5250417643,AG4,wind,BUS:EREDES:1705P5024500:60,0.4241570277441169,0.0794344850234917,MERIT_ORDER_AND_REN_SOURCE_TOTALS,SOLVED_BUS_Q_ALLOCATED_BY_ASSET_NAMEPLATE,PUBLIC_TOTAL_CALIBRATED_SCENARIO_NOT_UNIT_TELEMETRY
GEN:01427,OSM:node:5250417644,AG5,wind,BUS:EREDES:1705P5024500:60,0.4241570277441169,0.0794344850234917,MERIT_ORDER_AND_REN_SOURCE_TOTALS,SOLVED_BUS_Q_ALLOCATED_BY_ASSET_NAMEPLATE,PUBLIC_TOTAL_CALIBRATED_SCENARIO_NOT_UNIT_TELEMETRY
GEN:01428,OSM:node:5250417646,AG7,wind,BUS:EREDES:1705P5024500:60,0.4241570277441169,0.0794344850234917,MERIT_ORDER_AND_REN_SOURCE_TOTALS,SOLVED_BUS_Q_ALLOCATED_BY_ASSET_NAMEPLATE,PUBLIC_TOTAL_CALIBRATED_SCENARIO_NOT_UNIT_TELEMETRY
GEN:01429,OSM:way:1227840427,Aproveitamento Hidroelétrico de Safrujo,hydro,BUS:EREDES:0609P5021200:60,0.5429918524428794,-0.040069871197313235,MERIT_ORDER_AND_REN_SOURCE_TOTALS,SOLVED_BUS_Q_ALLOCATED_BY_ASSET_NAMEPLATE,PUBLIC_TOTAL_CALIBRATED_SCENARIO_NOT_UNIT_TELEMETRY
GEN:01430,OSM:node:5250417647,AG9,wind,BUS:EREDES:1705P5024500:60,0.4241570277441169,0.0794344850234917,MERIT_ORDER_AND_REN_SOURCE_TOTALS,SOLVED_BUS_Q_ALLOCATED_BY_ASSET_NAMEPLATE,PUBLIC_TOTAL_CALIBRATED_SCENARIO_NOT_UNIT_TELEMETRY
GEN:01431,OSM:node:5250417645,AG6,wind,BUS:EREDES:1705P5024500:60,0.4241570277441169,0.0794344850234917,MERIT_ORDER_AND_REN_SOURCE_TOTALS,SOLVED_BUS_Q_ALLOCATED_BY_ASSET_NAMEPLATE,PUBLIC_TOTAL_CALIBRATED_SCENARIO_NOT_UNIT_TELEMETRY
GEN:01432,OSM:node:5250417653,AG15,wind,BUS:EREDES:1705P5024500:60,0.4241570277441169,0.0794344850234917,MERIT_ORDER_AND_REN_SOURCE_TOTALS,SOLVED_BUS_Q_ALLOCATED_BY_ASSET_NAMEPLATE,PUBLIC_TOTAL_CALIBRATED_SCENARIO_NOT_UNIT_TELEMETRY
GEN:01433,OSM:node:5250417654,AG16,wind,BUS:EREDES:1705P5024500:60,0.4241570277441169,0.0794344850234917,MERIT_ORDER_AND_REN_SOURCE_TOTALS,SOLVED_BUS_Q_ALLOCATED_BY_ASSET_NAMEPLATE,PUBLIC_TOTAL_CALIBRATED_SCENARIO_NOT_UNIT_TELEMETRY
GEN:01434,OSM:way:1227770838,Aproveitamento Hidroelétrico do Palmaz,hydro,BUS:EREDES:0102S5000700:60,0.5429918524428794,0.0,MERIT_ORDER_AND_REN_SOURCE_TOTALS,FIXED_PQ_SCENARIO_ASSUMPTION,PUBLIC_TOTAL_CALIBRATED_SCENARIO_NOT_UNIT_TELEMETRY
GEN:01435,OSM:node:5250417649,AG11,wind,BUS:EREDES:1705P5024500:60,0.4241570277441169,0.0794344850234917,MERIT_ORDER_AND_REN_SOURCE_TOTALS,SOLVED_BUS_Q_ALLOCATED_BY_ASSET_NAMEPLATE,PUBLIC_TOTAL_CALIBRATED_SCENARIO_NOT_UNIT_TELEMETRY
GEN:01436,OSM:node:5250417650,AG12,wind,BUS:EREDES:1705P5024500:60,0.4241570277441169,0.0794344850234917,MERIT_ORDER_AND_REN_SOURCE_TOTALS,SOLVED_BUS_Q_ALLOCATED_BY_ASSET_NAMEPLATE,PUBLIC_TOTAL_CALIBRATED_SCENARIO_NOT_UNIT_TELEMETRY
GEN:01437,OSM:node:5250417655,AG17,wind,BUS:EREDES:1705P5024500:60,0.4241570277441169,0.0794344850234917,MERIT_ORDER_AND_REN_SOURCE_TOTALS,SOLVED_BUS_Q_ALLOCATED_BY_ASSET_NAMEPLATE,PUBLIC_TOTAL_CALIBRATED_SCENARIO_NOT_UNIT_TELEMETRY
GEN:01438,OSM:node:5250417651,AG13,wind,BUS:EREDES:1705P5024500:60,0.4241570277441169,0.0794344850234917,MERIT_ORDER_AND_REN_SOURCE_TOTALS,SOLVED_BUS_Q_ALLOCATED_BY_ASSET_NAMEPLATE,PUBLIC_TOTAL_CALIBRATED_SCENARIO_NOT_UNIT_TELEMETRY
GEN:01439,OSM:way:1317470829,Central de Valorização Energética do Aterro Sanitário do Monte Novo dos Modernos,biogas,BUS:OSM:way:1228551272:150,0.25010219768432446,0.23499999999999993,MERIT_ORDER_AND_REN_SOURCE_TOTALS,SOLVED_BUS_Q_ALLOCATED_BY_ASSET_NAMEPLATE,PUBLIC_TOTAL_CALIBRATED_SCENARIO_NOT_UNIT_TELEMETRY
GEN:01440,OSM:way:1318181837,UPAC LSI,solar,BUS:EREDES:1016P5500000:60,0.0012585530263796376,0.0,MERIT_ORDER_AND_REN_SOURCE_TOTALS,FIXED_PQ_SCENARIO_ASSUMPTION,PUBLIC_TOTAL_CALIBRATED_SCENARIO_NOT_UNIT_TELEMETRY
GEN:01442,OSM:way:666213813,Central Fotovoltaica do MARL II,solar,BUS:EREDES:1107S5819500:60,0.0012082109053244885,0.0,MERIT_ORDER_AND_REN_SOURCE_TOTALS,FIXED_PQ_SCENARIO_ASSUMPTION,PUBLIC_TOTAL_CALIBRATED_SCENARIO_NOT_UNIT_TELEMETRY
GEN:01443,OSM:way:1317407682,Central Fotovoltaica da Estação de Tratamento de Água de Tavira,solar,BUS:EREDES:0814S5062600:60,0.0012026173363183159,0.0,MERIT_ORDER_AND_REN_SOURCE_TOTALS,FIXED_PQ_SCENARIO_ASSUMPTION,PUBLIC_TOTAL_CALIBRATED_SCENARIO_NOT_UNIT_TELEMETRY
GEN:01444,OSM:relation:18079168,Central Fotovoltaica da Estação de Tratamento de Água de Alcantarilha,solar,BUS:EREDES:0813S5062800:60,0.0012026173363183159,0.0,MERIT_ORDER_AND_REN_SOURCE_TOTALS,FIXED_PQ_SCENARIO_ASSUMPTION,PUBLIC_TOTAL_CALIBRATED_SCENARIO_NOT_UNIT_TELEMETRY
GEN:01445,OSM:way:1317690188,Central de Cogeração da Estação de Tratamento de Águas Residuais de São João da Talha,biogas,BUS:EREDES:1107S5167800:60,0.22349558090939628,0.21,MERIT_ORDER_AND_REN_SOURCE_TOTALS,SOLVED_BUS_Q_ALLOCATED_BY_ASSET_NAMEPLATE,PUBLIC_TOTAL_CALIBRATED_SCENARIO_NOT_UNIT_TELEMETRY
GEN:01446,OSM:way:1318202434,Cercimor - Lar,solar,BUS:EREDES:0706S5041300:60,0.0011494784307600806,0.0,MERIT_ORDER_AND_REN_SOURCE_TOTALS,FIXED_PQ_SCENARIO_ASSUMPTION,PUBLIC_TOTAL_CALIBRATED_SCENARIO_NOT_UNIT_TELEMETRY
GEN:01447,OSM:way:1317690186,Central de Cogeração da Estação de Tratamento de Águas Residuais do Seixal,biogas,BUS:OSM:way:144703168:220,0.21285293419942514,0.0,MERIT_ORDER_AND_REN_SOURCE_TOTALS,FIXED_PQ_SCENARIO_ASSUMPTION,PUBLIC_TOTAL_CALIBRATED_SCENARIO_NOT_UNIT_TELEMETRY
GEN:01448,OSM:way:1227819034,Aproveitamento Hidroelétrico de Moinhos de Moiratão,hydro,BUS:EREDES:0913S5007500:60,0.43439348195430355,-0.07890154282215393,MERIT_ORDER_AND_REN_SOURCE_TOTALS,SOLVED_BUS_Q_ALLOCATED_BY_ASSET_NAMEPLATE,PUBLIC_TOTAL_CALIBRATED_SCENARIO_NOT_UNIT_TELEMETRY
GEN:01449,OSM:way:1227770837,Aproveitamento Hidroelétrico do Areeiro,hydro,BUS:EREDES:0113S5008000:60,0.43439348195430355,0.0,MERIT_ORDER_AND_REN_SOURCE_TOTALS,FIXED_PQ_SCENARIO_ASSUMPTION,PUBLIC_TOTAL_CALIBRATED_SCENARIO_NOT_UNIT_TELEMETRY
GEN:01450,OSM:way:544239046,Central Hidroelétrica de Arade,hydro,BUS:EREDES:0813S5062000:60,0.43439348195430355,0.0,MERIT_ORDER_AND_REN_SOURCE_TOTALS,FIXED_PQ_SCENARIO_ASSUMPTION,PUBLIC_TOTAL_CALIBRATED_SCENARIO_NOT_UNIT_TELEMETRY
GEN:01451,OSM:way:1150904605,Valadas,solar,BUS:EREDES:1418S5003600:60,0.001118713801226333,0.0,MERIT_ORDER_AND_REN_SOURCE_TOTALS,FIXED_PQ_SCENARIO_ASSUMPTION,PUBLIC_TOTAL_CALIBRATED_SCENARIO_NOT_UNIT_TELEMETRY
GEN:01453,OSM:way:1318201172,UPAC Friopesca,solar,BUS:EREDES:0110S5004000:60,0.0010935427406987587,0.0,MERIT_ORDER_AND_REN_SOURCE_TOTALS,FIXED_PQ_SCENARIO_ASSUMPTION,PUBLIC_TOTAL_CALIBRATED_SCENARIO_NOT_UNIT_TELEMETRY
GEN:01454,OSM:node:13256933205,,hydro,BUS:OSM:way:694016335:400,0.4235336449054459,0.13608712104162948,MERIT_ORDER_AND_REN_SOURCE_TOTALS,SOLVED_BUS_Q_ALLOCATED_BY_ASSET_NAMEPLATE,PUBLIC_TOTAL_CALIBRATED_SCENARIO_NOT_UNIT_TELEMETRY
GEN:01455,OSM:way:1251969290,Águas do Porto V,solar,BUS:EREDES:1312S5013100:60,0.0010823556026865147,0.0,MERIT_ORDER_AND_REN_SOURCE_TOTALS,FIXED_PQ_SCENARIO_ASSUMPTION,PUBLIC_TOTAL_CALIBRATED_SCENARIO_NOT_UNIT_TELEMETRY
GEN:01456,OSM:way:1318497959,UPAC JAC Products,solar,BUS:EREDES:1101S5335200:60,0.0010348102661343506,0.0,MERIT_ORDER_AND_REN_SOURCE_TOTALS,FIXED_PQ_SCENARIO_ASSUMPTION,PUBLIC_TOTAL_CALIBRATED_SCENARIO_NOT_UNIT_TELEMETRY
GEN:01457,OSM:way:1318141174,MT Solar,solar,BUS:EREDES:1824S5009400:60,0.0009788745760730287,0.0,MERIT_ORDER_AND_REN_SOURCE_TOTALS,FIXED_PQ_SCENARIO_ASSUMPTION,PUBLIC_TOTAL_CALIBRATED_SCENARIO_NOT_UNIT_TELEMETRY
GEN:01458,OSM:node:1998713999,,hydro,BUS:EREDES:0907S5007100:60,0.369234459661158,0.011616351946122474,MERIT_ORDER_AND_REN_SOURCE_TOTALS,SOLVED_BUS_Q_ALLOCATED_BY_ASSET_NAMEPLATE,PUBLIC_TOTAL_CALIBRATED_SCENARIO_NOT_UNIT_TELEMETRY
GEN:01459,OSM:node:12195453363,Central de Cogeração da Estação de Tratamento de Águas Residuais de Beirolas,biogas,BUS:EREDES:1106S5800800:60,0.17560367071452568,0.0,MERIT_ORDER_AND_REN_SOURCE_TOTALS,FIXED_PQ_SCENARIO_ASSUMPTION,PUBLIC_TOTAL_CALIBRATED_SCENARIO_NOT_UNIT_TELEMETRY
GEN:01463,OSM:way:1469545402,Sistema de armazenamento de energia Capwatt Maia,battery,BUS:EREDES:1306S5008900:60,4.676684536416793,0.0,MERIT_ORDER_AND_REN_SOURCE_TOTALS,FIXED_PQ_SCENARIO_ASSUMPTION,PUBLIC_TOTAL_CALIBRATED_SCENARIO_NOT_UNIT_TELEMETRY
GEN:01465,OSM:way:1227795230,Aproveitamento Hidroelétrico de Bertelhe,hydro,BUS:EREDES:1823P5025500:60,0.32579511146572765,0.0,MERIT_ORDER_AND_REN_SOURCE_TOTALS,FIXED_PQ_SCENARIO_ASSUMPTION,PUBLIC_TOTAL_CALIBRATED_SCENARIO_NOT_UNIT_TELEMETRY
GEN:01466,OSM:way:1317984355,Central de Biomassa da Costa Ibérica,biomass,BUS:EREDES:1806S5008500:60,0.15963970064956884,0.0,MERIT_ORDER_AND_REN_SOURCE_TOTALS,FIXED_PQ_SCENARIO_ASSUMPTION,PUBLIC_TOTAL_CALIBRATED_SCENARIO_NOT_UNIT_TELEMETRY
GEN:01474,OSM:way:1227819032,Aproveitamento Hidroelétrico daPonte Nova,hydro,BUS:EREDES:1807S5009800:60,0.32579511146572765,0.0,MERIT_ORDER_AND_REN_SOURCE_TOTALS,FIXED_PQ_SCENARIO_ASSUMPTION,PUBLIC_TOTAL_CALIBRATED_SCENARIO_NOT_UNIT_TELEMETRY
GEN:01475,OSM:way:1227819030,Aproveitamento Hidroelétrico de Barreiros,hydro,BUS:EREDES:1807S5009800:60,0.32579511146572765,0.0,MERIT_ORDER_AND_REN_SOURCE_TOTALS,FIXED_PQ_SCENARIO_ASSUMPTION,PUBLIC_TOTAL_CALIBRATED_SCENARIO_NOT_UNIT_TELEMETRY
GEN:01476,OSM:way:1227795231,Aproveitamento Hidroelétrico da Ponte Vouguinha,hydro,BUS:EREDES:1817S5010700:60,0.32579511146572765,0.0,MERIT_ORDER_AND_REN_SOURCE_TOTALS,FIXED_PQ_SCENARIO_ASSUMPTION,PUBLIC_TOTAL_CALIBRATED_SCENARIO_NOT_UNIT_TELEMETRY
GEN:01477,OSM:way:1227795218,Aproveitamento Hidroelétrico de Múceres,hydro,BUS:EREDES:1821S5009100:60,0.32579511146572765,0.0,MERIT_ORDER_AND_REN_SOURCE_TOTALS,FIXED_PQ_SCENARIO_ASSUMPTION,PUBLIC_TOTAL_CALIBRATED_SCENARIO_NOT_UNIT_TELEMETRY
GEN:01479,OSM:way:1227567401,Aproveitamento Hidroelétrico da Lomba,hydro,BUS:EREDES:1301S5008700:60,0.32579511146572765,0.0,MERIT_ORDER_AND_REN_SOURCE_TOTALS,FIXED_PQ_SCENARIO_ASSUMPTION,PUBLIC_TOTAL_CALIBRATED_SCENARIO_NOT_UNIT_TELEMETRY
GEN:01482,OSM:node:12195453352,Central de Cogeração da Estação de Tratamento de Águas Residuais de Chelas,biogas,BUS:OSM:way:896147942:220,0.15963970064956884,0.0,MERIT_ORDER_AND_REN_SOURCE_TOTALS,FIXED_PQ_SCENARIO_ASSUMPTION,PUBLIC_TOTAL_CALIBRATED_SCENARIO_NOT_UNIT_TELEMETRY
GEN:01488,OSM:relation:18094220,Tavira Gran Plaza,solar,BUS:EREDES:0814S5062600:60,0.0008390353509197245,0.0,MERIT_ORDER_AND_REN_SOURCE_TOTALS,FIXED_PQ_SCENARIO_ASSUMPTION,PUBLIC_TOTAL_CALIBRATED_SCENARIO_NOT_UNIT_TELEMETRY
GEN:01493,OSM:way:1318141173,MT Torres,solar,BUS:EREDES:1824S5009400:60,0.0008110675058890636,0.0,MERIT_ORDER_AND_REN_SOURCE_TOTALS,FIXED_PQ_SCENARIO_ASSUMPTION,PUBLIC_TOTAL_CALIBRATED_SCENARIO_NOT_UNIT_TELEMETRY
GEN:01494,OSM:way:934085411,Central Fotovoltaica de Aljustrel,solar,BUS:EREDES:0201S5050500:60,0.0007719125228461588,0.11190290657146419,MERIT_ORDER_AND_REN_SOURCE_TOTALS,SOLVED_BUS_Q_ALLOCATED_BY_ASSET_NAMEPLATE,PUBLIC_TOTAL_CALIBRATED_SCENARIO_NOT_UNIT_TELEMETRY
GEN:01495,OSM:way:1318498130,Adega Cooperativa de Palmela,solar,BUS:OSM:way:129055610:150,0.0007594108961175028,0.0,MERIT_ORDER_AND_REN_SOURCE_TOTALS,FIXED_PQ_SCENARIO_ASSUMPTION,PUBLIC_TOTAL_CALIBRATED_SCENARIO_NOT_UNIT_TELEMETRY
GEN:01496,OSM:way:766383190,Unidade de Pequena Produção AIA,solar,BUS:EREDES:0809S5060500:60,0.0007551318158277419,0.0,MERIT_ORDER_AND_REN_SOURCE_TOTALS,FIXED_PQ_SCENARIO_ASSUMPTION,PUBLIC_TOTAL_CALIBRATED_SCENARIO_NOT_UNIT_TELEMETRY
GEN:01497,OSM:way:1318544351,Unidade de Pequena Produção HPAR,solar,BUS:EREDES:0809S5060500:60,0.0007551318158277419,0.0,MERIT_ORDER_AND_REN_SOURCE_TOTALS,FIXED_PQ_SCENARIO_ASSUMPTION,PUBLIC_TOTAL_CALIBRATED_SCENARIO_NOT_UNIT_TELEMETRY
GEN:01499,OSM:way:1318144899,UPAC Senhor Bacalhau II,solar,BUS:EREDES:1821S5009100:60,0.000727163970797081,0.0,MERIT_ORDER_AND_REN_SOURCE_TOTALS,FIXED_PQ_SCENARIO_ASSUMPTION,PUBLIC_TOTAL_CALIBRATED_SCENARIO_NOT_UNIT_TELEMETRY
GEN:01500,OSM:way:1317470834,Central de Valorização Energética do Aterro Sanitário de Abrantes,biogas,BUS:OSM:way:144573746:400,0.1330330838746406,-0.125,MERIT_ORDER_AND_REN_SOURCE_TOTALS,SOLVED_BUS_Q_ALLOCATED_BY_ASSET_NAMEPLATE,PUBLIC_TOTAL_CALIBRATED_SCENARIO_NOT_UNIT_TELEMETRY
GEN:01501,OSM:way:1317690191,Central de Cogeração da Estação de Tratamento de Águas Residuais de Vila Franca de Xira,biogas,BUS:EREDES:1114S5340500:60,0.12771176051965505,0.0,MERIT_ORDER_AND_REN_SOURCE_TOTALS,FIXED_PQ_SCENARIO_ASSUMPTION,PUBLIC_TOTAL_CALIBRATED_SCENARIO_NOT_UNIT_TELEMETRY
GEN:01502,OSM:relation:18070700,UPAC Prosa,solar,BUS:EREDES:1307S5007700:60,0.0006712282807357592,0.0,MERIT_ORDER_AND_REN_SOURCE_TOTALS,FIXED_PQ_SCENARIO_ASSUMPTION,PUBLIC_TOTAL_CALIBRATED_SCENARIO_NOT_UNIT_TELEMETRY
GEN:01503,OSM:node:13125515618,Grupo 1,hydro,BUS:EREDES:0607S5003400:60,0.25194821953349605,0.06983514921821311,MERIT_ORDER_AND_REN_SOURCE_TOTALS,SOLVED_BUS_Q_ALLOCATED_BY_ASSET_NAMEPLATE,PUBLIC_TOTAL_CALIBRATED_SCENARIO_NOT_UNIT_TELEMETRY
GEN:01504,OSM:way:1176388917,Parque Fotovoltaico Flutuante do Alto Rabagão,solar,BUS:OSM:way:151077580:150,0.0006152925906744376,-0.015374145054238893,MERIT_ORDER_AND_REN_SOURCE_TOTALS,SOLVED_BUS_Q_ALLOCATED_BY_ASSET_NAMEPLATE,PUBLIC_TOTAL_CALIBRATED_SCENARIO_NOT_UNIT_TELEMETRY
GEN:01505,OSM:node:13125527847,,hydro,BUS:EREDES:1821S5009100:60,0.21719674097715172,0.0,MERIT_ORDER_AND_REN_SOURCE_TOTALS,FIXED_PQ_SCENARIO_ASSUMPTION,PUBLIC_TOTAL_CALIBRATED_SCENARIO_NOT_UNIT_TELEMETRY
GEN:01506,OSM:way:1227829992,Aproveitamento Hidroelétrico de Gimonde,hydro,BUS:EREDES:0402S5005100:60,0.21719674097715172,0.0,MERIT_ORDER_AND_REN_SOURCE_TOTALS,FIXED_PQ_SCENARIO_ASSUMPTION,PUBLIC_TOTAL_CALIBRATED_SCENARIO_NOT_UNIT_TELEMETRY
GEN:01507,OSM:way:1227770834,Aproveitamento Hidroelétrico de Padrastos,hydro,BUS:EREDES:0119S5010100:60,0.21719674097715172,0.0,MERIT_ORDER_AND_REN_SOURCE_TOTALS,FIXED_PQ_SCENARIO_ASSUMPTION,PUBLIC_TOTAL_CALIBRATED_SCENARIO_NOT_UNIT_TELEMETRY
GEN:01508,OSM:way:1227795225,Aproveitamento Hidroelétrico da Levada-a-Velha,hydro,BUS:EREDES:1806S5008500:60,0.21719674097715172,0.0,MERIT_ORDER_AND_REN_SOURCE_TOTALS,FIXED_PQ_SCENARIO_ASSUMPTION,PUBLIC_TOTAL_CALIBRATED_SCENARIO_NOT_UNIT_TELEMETRY
GEN:01509,OSM:way:334481162,Aproveitamento Hidroelétrico do Carvalho do Moinho,hydro,BUS:EREDES:0308S5012800:60,0.21719674097715172,0.0,MERIT_ORDER_AND_REN_SOURCE_TOTALS,FIXED_PQ_SCENARIO_ASSUMPTION,PUBLIC_TOTAL_CALIBRATED_SCENARIO_NOT_UNIT_TELEMETRY
GEN:01510,OSM:way:1379317394,Inversor 1.1,solar,BUS:EREDES:1013S5011300:60,0.0005593569006131158,-0.07314877973557242,MERIT_ORDER_AND_REN_SOURCE_TOTALS,SOLVED_BUS_Q_ALLOCATED_BY_ASSET_NAMEPLATE,PUBLIC_TOTAL_CALIBRATED_SCENARIO_NOT_UNIT_TELEMETRY
GEN:01511,OSM:node:3838404157,,hydro,BUS:EREDES:1816P5012500:60,0.21719674097715172,0.0,MERIT_ORDER_AND_REN_SOURCE_TOTALS,FIXED_PQ_SCENARIO_ASSUMPTION,PUBLIC_TOTAL_CALIBRATED_SCENARIO_NOT_UNIT_TELEMETRY
GEN:01512,OSM:way:1318177676,UPAC Almondina,solar,BUS:EREDES:1419S5627800:60,0.000503421210551794,0.0,MERIT_ORDER_AND_REN_SOURCE_TOTALS,FIXED_PQ_SCENARIO_ASSUMPTION,PUBLIC_TOTAL_CALIBRATED_SCENARIO_NOT_UNIT_TELEMETRY
GEN:01513,OSM:relation:18089123,Adega Cooperativa de Mangualde,solar,BUS:EREDES:1806S5008500:60,0.0004860811466328412,0.0,MERIT_ORDER_AND_REN_SOURCE_TOTALS,FIXED_PQ_SCENARIO_ASSUMPTION,PUBLIC_TOTAL_CALIBRATED_SCENARIO_NOT_UNIT_TELEMETRY
GEN:01514,OSM:way:1317015517,UPAC Adira,solar,BUS:EREDES:1317S5001800:60,0.0004530790894966451,0.0,MERIT_ORDER_AND_REN_SOURCE_TOTALS,FIXED_PQ_SCENARIO_ASSUMPTION,PUBLIC_TOTAL_CALIBRATED_SCENARIO_NOT_UNIT_TELEMETRY
GEN:01515,OSM:way:766381418,Unidade de Pequena Produção KIA,solar,BUS:EREDES:0809S5060500:60,0.00039154983042915056,0.0,MERIT_ORDER_AND_REN_SOURCE_TOTALS,FIXED_PQ_SCENARIO_ASSUMPTION,PUBLIC_TOTAL_CALIBRATED_SCENARIO_NOT_UNIT_TELEMETRY
GEN:01516,OSM:node:9007313539,Grupo 2,hydro,BUS:EREDES:0607S5003400:60,0.13140402829117684,0.03642264248018873,MERIT_ORDER_AND_REN_SOURCE_TOTALS,SOLVED_BUS_Q_ALLOCATED_BY_ASSET_NAMEPLATE,PUBLIC_TOTAL_CALIBRATED_SCENARIO_NOT_UNIT_TELEMETRY
GEN:01517,OSM:way:1318202642,UPAC AgroPV Monte do Pasto,solar,BUS:EREDES:0208S5052500:60,0.00033561414036782877,0.0,MERIT_ORDER_AND_REN_SOURCE_TOTALS,FIXED_PQ_SCENARIO_ASSUMPTION,PUBLIC_TOTAL_CALIBRATED_SCENARIO_NOT_UNIT_TELEMETRY
GEN:01518,OSM:way:1316950747,Alfacoop,solar,BUS:EREDES:0303S5020700:60,0.00033533446191756085,0.0,MERIT_ORDER_AND_REN_SOURCE_TOTALS,FIXED_PQ_SCENARIO_ASSUMPTION,PUBLIC_TOTAL_CALIBRATED_SCENARIO_NOT_UNIT_TELEMETRY
GEN:01519,OSM:way:1317015511,Cerci Espinho,solar,BUS:EREDES:0107S5002500:60,0.00032610507305749764,0.0,MERIT_ORDER_AND_REN_SOURCE_TOTALS,FIXED_PQ_SCENARIO_ASSUMPTION,PUBLIC_TOTAL_CALIBRATED_SCENARIO_NOT_UNIT_TELEMETRY
GEN:01520,OSM:way:350475236,Central Fotovoltaica do Cavalum,solar,BUS:OSM:way:144385734:220,0.00030764629533716793,0.0,MERIT_ORDER_AND_REN_SOURCE_TOTALS,FIXED_PQ_SCENARIO_ASSUMPTION,PUBLIC_TOTAL_CALIBRATED_SCENARIO_NOT_UNIT_TELEMETRY
GEN:01521,OSM:way:1318141172,MT Alumínios,solar,BUS:EREDES:1824S5009400:60,0.00030764629533716793,0.0,MERIT_ORDER_AND_REN_SOURCE_TOTALS,FIXED_PQ_SCENARIO_ASSUMPTION,PUBLIC_TOTAL_CALIBRATED_SCENARIO_NOT_UNIT_TELEMETRY
GEN:01522,OSM:way:864172584,Central Fotovoltaica da Herdade de Espirra,solar,BUS:OSM:way:163226982:150,0.00030764629533716793,0.0,MERIT_ORDER_AND_REN_SOURCE_TOTALS,FIXED_PQ_SCENARIO_ASSUMPTION,PUBLIC_TOTAL_CALIBRATED_SCENARIO_NOT_UNIT_TELEMETRY
GEN:01523,OSM:way:736488095,Aproveitamento Hidroelétrico de Riba Côa,hydro,BUS:EREDES:0910S5007200:60,0.10859837048857586,0.0,MERIT_ORDER_AND_REN_SOURCE_TOTALS,FIXED_PQ_SCENARIO_ASSUMPTION,PUBLIC_TOTAL_CALIBRATED_SCENARIO_NOT_UNIT_TELEMETRY
GEN:01524,OSM:way:157961550,Central Fotovoltaica ParkAlgar,solar,BUS:EREDES:0809S5060500:60,0.00027967845030650704,0.0,MERIT_ORDER_AND_REN_SOURCE_TOTALS,FIXED_PQ_SCENARIO_ASSUMPTION,PUBLIC_TOTAL_CALIBRATED_SCENARIO_NOT_UNIT_TELEMETRY
GEN:01525,OSM:way:1251969286,Águas do Porto I,solar,BUS:EREDES:1312S5013800:60,0.00027967845030650704,0.0,MERIT_ORDER_AND_REN_SOURCE_TOTALS,FIXED_PQ_SCENARIO_ASSUMPTION,PUBLIC_TOTAL_CALIBRATED_SCENARIO_NOT_UNIT_TELEMETRY
GEN:01526,OSM:way:943593630,Central Fotovoltaica do Alto dos Fetais,solar,BUS:EREDES:1112S5901400:60,0.00027967845030650704,0.0,MERIT_ORDER_AND_REN_SOURCE_TOTALS,FIXED_PQ_SCENARIO_ASSUMPTION,PUBLIC_TOTAL_CALIBRATED_SCENARIO_NOT_UNIT_TELEMETRY
GEN:01527,OSM:way:1227567411,Aproveitamento Hidroelétrico de Chelo I,hydro,BUS:OSM:relation:19645523:220,0.10859837048857586,0.030147868662239587,MERIT_ORDER_AND_REN_SOURCE_TOTALS,SOLVED_BUS_Q_ALLOCATED_BY_ASSET_NAMEPLATE,PUBLIC_TOTAL_CALIBRATED_SCENARIO_NOT_UNIT_TELEMETRY
GEN:01528,OSM:way:1251969291,Águas do Porto VI,solar,BUS:EREDES:1312S5013300:60,0.00027967845030650704,0.0,MERIT_ORDER_AND_REN_SOURCE_TOTALS,FIXED_PQ_SCENARIO_ASSUMPTION,PUBLIC_TOTAL_CALIBRATED_SCENARIO_NOT_UNIT_TELEMETRY
GEN:01529,OSM:way:1251969287,Águas do Porto II,solar,BUS:EREDES:1312S5013800:60,0.00027967845030650704,0.0,MERIT_ORDER_AND_REN_SOURCE_TOTALS,FIXED_PQ_SCENARIO_ASSUMPTION,PUBLIC_TOTAL_CALIBRATED_SCENARIO_NOT_UNIT_TELEMETRY
GEN:01530,OSM:way:1251969289,Águas do Porto IV,solar,BUS:EREDES:1312S5013100:60,0.00027967845030650704,0.0,MERIT_ORDER_AND_REN_SOURCE_TOTALS,FIXED_PQ_SCENARIO_ASSUMPTION,PUBLIC_TOTAL_CALIBRATED_SCENARIO_NOT_UNIT_TELEMETRY
GEN:01531,OSM:way:1227645252,Aproveitamento Hidroelétrico da Câmara de Manteigas,hydro,BUS:EREDES:0912S5009000:60,0.10859837048857586,-0.017810766156792248,MERIT_ORDER_AND_REN_SOURCE_TOTALS,SOLVED_BUS_Q_ALLOCATED_BY_ASSET_NAMEPLATE,PUBLIC_TOTAL_CALIBRATED_SCENARIO_NOT_UNIT_TELEMETRY
GEN:01532,OSM:way:1227795219,Aproveitamento Hidroelétrico de Pisões,hydro,BUS:EREDES:1821S5009100:60,0.10859837048857586,0.0,MERIT_ORDER_AND_REN_SOURCE_TOTALS,FIXED_PQ_SCENARIO_ASSUMPTION,PUBLIC_TOTAL_CALIBRATED_SCENARIO_NOT_UNIT_TELEMETRY
GEN:01533,OSM:way:1251969288,Águas do Porto III,solar,BUS:EREDES:1312S5013800:60,0.00027967845030650704,0.0,MERIT_ORDER_AND_REN_SOURCE_TOTALS,FIXED_PQ_SCENARIO_ASSUMPTION,PUBLIC_TOTAL_CALIBRATED_SCENARIO_NOT_UNIT_TELEMETRY
GEN:01535,OSM:way:1318141175,Raiz,solar,BUS:EREDES:0105S5003900:60,0.00026289774328819185,0.0,MERIT_ORDER_AND_REN_SOURCE_TOTALS,FIXED_PQ_SCENARIO_ASSUMPTION,PUBLIC_TOTAL_CALIBRATED_SCENARIO_NOT_UNIT_TELEMETRY
GEN:01536,OSM:way:1318524219,Escola Secundária Pinheiro e Rosa,solar,BUS:EREDES:0805S5063500:60,0.00025366835442802705,0.0,MERIT_ORDER_AND_REN_SOURCE_TOTALS,FIXED_PQ_SCENARIO_ASSUMPTION,PUBLIC_TOTAL_CALIBRATED_SCENARIO_NOT_UNIT_TELEMETRY
GEN:01537,OSM:way:1318148780,Cooperativa Agrícola de Mangualde,solar,BUS:EREDES:1809S5004900:60,0.000242481216415783,0.0,MERIT_ORDER_AND_REN_SOURCE_TOTALS,FIXED_PQ_SCENARIO_ASSUMPTION,PUBLIC_TOTAL_CALIBRATED_SCENARIO_NOT_UNIT_TELEMETRY
GEN:01538,OSM:way:1227795221,Reservatório R6 - Carvoeiro,hydro,BUS:EREDES:0105S5001500:60,0.0923086149152895,0.0,MERIT_ORDER_AND_REN_SOURCE_TOTALS,FIXED_PQ_SCENARIO_ASSUMPTION,PUBLIC_TOTAL_CALIBRATED_SCENARIO_NOT_UNIT_TELEMETRY
GEN:01539,OSM:relation:18093614,CBES Padre Tobias Lar,solar,BUS:EREDES:1405S5680800:60,0.0002167228311424933,0.0,MERIT_ORDER_AND_REN_SOURCE_TOTALS,FIXED_PQ_SCENARIO_ASSUMPTION,PUBLIC_TOTAL_CALIBRATED_SCENARIO_NOT_UNIT_TELEMETRY
GEN:01540,OSM:relation:18094221,Centro Intergeracional da Pégada,solar,BUS:EREDES:0814S5062600:60,0.00021367433603421653,0.0,MERIT_ORDER_AND_REN_SOURCE_TOTALS,FIXED_PQ_SCENARIO_ASSUMPTION,PUBLIC_TOTAL_CALIBRATED_SCENARIO_NOT_UNIT_TELEMETRY
GEN:01542,OSM:way:1318524218,"Escola Básica 2,3 Doutor Neves Júnior",solar,BUS:EREDES:0805S5063500:60,0.00020919948082931893,0.0,MERIT_ORDER_AND_REN_SOURCE_TOTALS,FIXED_PQ_SCENARIO_ASSUMPTION,PUBLIC_TOTAL_CALIBRATED_SCENARIO_NOT_UNIT_TELEMETRY
GEN:01543,OSM:relation:18089124,Câmara Municipal de Mangualde - EET,solar,BUS:EREDES:1806S5008500:60,0.000181790992699194,0.0,MERIT_ORDER_AND_REN_SOURCE_TOTALS,FIXED_PQ_SCENARIO_ASSUMPTION,PUBLIC_TOTAL_CALIBRATED_SCENARIO_NOT_UNIT_TELEMETRY
GEN:01544,OSM:way:1318524217,"Escola Básica 2,3 Poeta Emiliano da Costa",solar,BUS:OSM:way:93512590:150,0.00016920546243540677,0.0,MERIT_ORDER_AND_REN_SOURCE_TOTALS,FIXED_PQ_SCENARIO_ASSUMPTION,PUBLIC_TOTAL_CALIBRATED_SCENARIO_NOT_UNIT_TELEMETRY
GEN:01545,OSM:way:1318202435,CERCIMOR - Estacionamento Solar,solar,BUS:EREDES:0706S5041300:60,0.0001426360096562891,0.0,MERIT_ORDER_AND_REN_SOURCE_TOTALS,FIXED_PQ_SCENARIO_ASSUMPTION,PUBLIC_TOTAL_CALIBRATED_SCENARIO_NOT_UNIT_TELEMETRY
GEN:01546,OSM:way:1318501750,ASMAL,solar,BUS:EREDES:0808S5060200:60,0.00012865208714095866,0.0,MERIT_ORDER_AND_REN_SOURCE_TOTALS,FIXED_PQ_SCENARIO_ASSUMPTION,PUBLIC_TOTAL_CALIBRATED_SCENARIO_NOT_UNIT_TELEMETRY
GEN:01547,OSM:relation:18094222,Fundação Irene Rolo,solar,BUS:EREDES:0814S5062600:60,0.00012865208714095866,0.0,MERIT_ORDER_AND_REN_SOURCE_TOTALS,FIXED_PQ_SCENARIO_ASSUMPTION,PUBLIC_TOTAL_CALIBRATED_SCENARIO_NOT_UNIT_TELEMETRY
GEN:01548,OSM:relation:18089745,Associação Doutor João Santos,solar,BUS:EREDES:1107S5221400:60,0.00012585530263787225,0.0,MERIT_ORDER_AND_REN_SOURCE_TOTALS,FIXED_PQ_SCENARIO_ASSUMPTION,PUBLIC_TOTAL_CALIBRATED_SCENARIO_NOT_UNIT_TELEMETRY
GEN:01549,OSM:way:1318497263,CBES Padre Tobias Creche Porto Alto,solar,BUS:EREDES:1405S5680800:60,0.00012157622234821306,0.0,MERIT_ORDER_AND_REN_SOURCE_TOTALS,FIXED_PQ_SCENARIO_ASSUMPTION,PUBLIC_TOTAL_CALIBRATED_SCENARIO_NOT_UNIT_TELEMETRY
GEN:01551,OSM:way:1318201621,Centro de Atividades Ocupacional Júlia Moreira,solar,BUS:EREDES:1106S5140000:60,8.390353509198113e-05,0.0,MERIT_ORDER_AND_REN_SOURCE_TOTALS,FIXED_PQ_SCENARIO_ASSUMPTION,PUBLIC_TOTAL_CALIBRATED_SCENARIO_NOT_UNIT_TELEMETRY
GEN:01552,OSM:way:1318497256,CBES Padre Tobias Creche 2,solar,BUS:EREDES:1405S5680800:60,7.047896947726415e-05,0.0,MERIT_ORDER_AND_REN_SOURCE_TOTALS,FIXED_PQ_SCENARIO_ASSUMPTION,PUBLIC_TOTAL_CALIBRATED_SCENARIO_NOT_UNIT_TELEMETRY
GEN:01553,OSM:way:1318201797,A Tartaruga e a Lebre,solar,BUS:EREDES:1106S5900100:60,6.578037151211321e-05,0.0,MERIT_ORDER_AND_REN_SOURCE_TOTALS,FIXED_PQ_SCENARIO_ASSUMPTION,PUBLIC_TOTAL_CALIBRATED_SCENARIO_NOT_UNIT_TELEMETRY
GEN:01554,OSM:way:1318177681,Biblioteca Municipal de Mangualde,solar,BUS:EREDES:1806S5008500:60,6.432604357051886e-05,0.0,MERIT_ORDER_AND_REN_SOURCE_TOTALS,FIXED_PQ_SCENARIO_ASSUMPTION,PUBLIC_TOTAL_CALIBRATED_SCENARIO_NOT_UNIT_TELEMETRY
GEN:01555,OSM:way:1318497257,CBES Padre Tobias Creche 1,solar,BUS:EREDES:1405S5680800:60,6.432604357051886e-05,0.0,MERIT_ORDER_AND_REN_SOURCE_TOTALS,FIXED_PQ_SCENARIO_ASSUMPTION,PUBLIC_TOTAL_CALIBRATED_SCENARIO_NOT_UNIT_TELEMETRY
GEN:01556,OSM:way:1318201170,ASSP Carcavelos,solar,BUS:EREDES:1105S5413000:60,5.9571509915306596e-05,0.0,MERIT_ORDER_AND_REN_SOURCE_TOTALS,FIXED_PQ_SCENARIO_ASSUMPTION,PUBLIC_TOTAL_CALIBRATED_SCENARIO_NOT_UNIT_TELEMETRY
GEN:01557,OSM:way:1318498934,ASSP Setúbal,solar,BUS:EREDES:1512S5031900:60,4.7545336552122644e-05,0.0,MERIT_ORDER_AND_REN_SOURCE_TOTALS,FIXED_PQ_SCENARIO_ASSUMPTION,PUBLIC_TOTAL_CALIBRATED_SCENARIO_NOT_UNIT_TELEMETRY
GEN:01558,OSM:way:140112284,Central Fotovoltaica da Quinta do Caracol,solar,BUS:EREDES:0814S5062600:60,4.474855204905661e-05,0.0,MERIT_ORDER_AND_REN_SOURCE_TOTALS,FIXED_PQ_SCENARIO_ASSUMPTION,PUBLIC_TOTAL_CALIBRATED_SCENARIO_NOT_UNIT_TELEMETRY
GEN:01559,OSM:way:665106652,Central Fotovoltaica Flutuante das Cegonhas,solar,BUS:EREDES:0205S5050100:60,3.076462953372642e-05,0.0,MERIT_ORDER_AND_REN_SOURCE_TOTALS,FIXED_PQ_SCENARIO_ASSUMPTION,PUBLIC_TOTAL_CALIBRATED_SCENARIO_NOT_UNIT_TELEMETRY
GEN:01560,OSM:way:1318522348,Windrose,solar,BUS:EREDES:0811S5063200:60,2.9198430212009433e-05,0.0,MERIT_ORDER_AND_REN_SOURCE_TOTALS,FIXED_PQ_SCENARIO_ASSUMPTION,PUBLIC_TOTAL_CALIBRATED_SCENARIO_NOT_UNIT_TELEMETRY
GEN:01561,OSM:way:1318501751,Biovilla,solar,BUS:EREDES:1512S5032400:60,1.9577491521462263e-05,0.0,MERIT_ORDER_AND_REN_SOURCE_TOTALS,FIXED_PQ_SCENARIO_ASSUMPTION,PUBLIC_TOTAL_CALIBRATED_SCENARIO_NOT_UNIT_TELEMETRY
GEN:01562,OSM:node:9981455982,,solar,BUS:OSM:way:144545386:220,1.1187138012264152e-05,0.0,MERIT_ORDER_AND_REN_SOURCE_TOTALS,FIXED_PQ_SCENARIO_ASSUMPTION,PUBLIC_TOTAL_CALIBRATED_SCENARIO_NOT_UNIT_TELEMETRY
