load_id,bus_id,p_mw,q_mvar,observed_p_mw,ren_residual_p_mw,power_factor,substation_name,facility_code,timestamp,source_status,reactive_power_status,network_connection_status,in_service_scenario,operating_point_status
LOAD:00000,BUS:EREDES:0101S5000600:60,26.27,6.5838826117656195,26.27,0.0,0.97,AGUEDA,0101S5000600,2026-01-20T19:45:00+00:00,DIRECT_EREDES_ACTIVE_POWER,SCENARIO_ASSUMPTION_FIXED_POWER_FACTOR,CONNECTED_TO_LINE_OR_TRANSFORMER,True,DIRECT_EREDES_P_WITH_POWER_FACTOR_DERIVED_Q
LOAD:00001,BUS:EREDES:0101S5001600:60,25.28,6.335765223655686,25.28,0.0,0.97,BARRÔ,0101S5001600,2026-01-20T19:45:00+00:00,DIRECT_EREDES_ACTIVE_POWER,SCENARIO_ASSUMPTION_FIXED_POWER_FACTOR,CONNECTED_TO_LINE_OR_TRANSFORMER,True,DIRECT_EREDES_P_WITH_POWER_FACTOR_DERIVED_Q
LOAD:00002,BUS:EREDES:0102S5000700:60,12.1,3.03254585467697,12.1,0.0,0.97,ALBERGARIA,0102S5000700,2026-01-20T19:45:00+00:00,DIRECT_EREDES_ACTIVE_POWER,SCENARIO_ASSUMPTION_FIXED_POWER_FACTOR,CONNECTED_TO_LINE_OR_TRANSFORMER,True,DIRECT_EREDES_P_WITH_POWER_FACTOR_DERIVED_Q
LOAD:00003,BUS:EREDES:0102S5010600:60,22.92,5.7442934701815,22.92,0.0,0.97,VISTA ALEGRE,0102S5010600,2026-01-20T19:45:00+00:00,DIRECT_EREDES_ACTIVE_POWER,SCENARIO_ASSUMPTION_FIXED_POWER_FACTOR,CONNECTED_TO_LINE_OR_TRANSFORMER,True,DIRECT_EREDES_P_WITH_POWER_FACTOR_DERIVED_Q
LOAD:00004,BUS:EREDES:0103S5006000:60,17.89,4.483656639683553,17.89,0.0,0.97,MOGOFORES,0103S5006000,2026-01-20T19:45:00+00:00,DIRECT_EREDES_ACTIVE_POWER,SCENARIO_ASSUMPTION_FIXED_POWER_FACTOR,CONNECTED_TO_LINE_OR_TRANSFORMER,True,DIRECT_EREDES_P_WITH_POWER_FACTOR_DERIVED_Q
LOAD:00005,BUS:EREDES:0104S5000900:60,5.97,1.4962230373902072,5.97,0.0,0.97,AROUCA,0104S5000900,2026-01-20T19:45:00+00:00,DIRECT_EREDES_ACTIVE_POWER,SCENARIO_ASSUMPTION_FIXED_POWER_FACTOR,CONNECTED_TO_LINE_OR_TRANSFORMER,True,DIRECT_EREDES_P_WITH_POWER_FACTOR_DERIVED_Q
LOAD:00006,BUS:EREDES:0105S5001500:60,35.71,8.949769625662363,35.71,0.0,0.97,AVEIRO,0105S5001500,2026-01-20T19:45:00+00:00,DIRECT_EREDES_ACTIVE_POWER,SCENARIO_ASSUMPTION_FIXED_POWER_FACTOR,CONNECTED_TO_LINE_OR_TRANSFORMER,True,DIRECT_EREDES_P_WITH_POWER_FACTOR_DERIVED_Q
LOAD:00007,BUS:EREDES:0105S5003900:60,35.17,8.81443286851149,35.17,0.0,0.97,ESGUEIRA,0105S5003900,2026-01-20T19:45:00+00:00,DIRECT_EREDES_ACTIVE_POWER,SCENARIO_ASSUMPTION_FIXED_POWER_FACTOR,CONNECTED_TO_LINE_OR_TRANSFORMER,True,DIRECT_EREDES_P_WITH_POWER_FACTOR_DERIVED_Q
LOAD:00008,BUS:EREDES:0106S5021300:60,0.8,0.2004988994827748,0.8,0.0,0.97,FORNOS,0106S5021300,2026-01-20T19:45:00+00:00,DIRECT_EREDES_ACTIVE_POWER,SCENARIO_ASSUMPTION_FIXED_POWER_FACTOR,CONNECTED_TO_LINE_OR_TRANSFORMER,True,DIRECT_EREDES_P_WITH_POWER_FACTOR_DERIVED_Q
LOAD:00009,BUS:EREDES:0107S5002500:60,30.93,7.751788701252783,30.93,0.0,0.97,ESPINHO,0107S5002500,2026-01-20T19:45:00+00:00,DIRECT_EREDES_ACTIVE_POWER,SCENARIO_ASSUMPTION_FIXED_POWER_FACTOR,CONNECTED_TO_LINE_OR_TRANSFORMER,True,DIRECT_EREDES_P_WITH_POWER_FACTOR_DERIVED_Q
LOAD:00010,BUS:EREDES:0108S5001000:60,40.72,10.20539398367324,40.72,0.0,0.97,AVANCA,0108S5001000,2026-01-20T19:45:00+00:00,DIRECT_EREDES_ACTIVE_POWER,SCENARIO_ASSUMPTION_FIXED_POWER_FACTOR,CONNECTED_TO_LINE_OR_TRANSFORMER,True,DIRECT_EREDES_P_WITH_POWER_FACTOR_DERIVED_Q
LOAD:00011,BUS:EREDES:0109S5007900:60,15.87,3.977396918489546,15.87,0.0,0.97,INHA,0109S5007900,2026-01-20T19:45:00+00:00,DIRECT_EREDES_ACTIVE_POWER,SCENARIO_ASSUMPTION_FIXED_POWER_FACTOR,CONNECTED_TO_LINE_OR_TRANSFORMER,True,DIRECT_EREDES_P_WITH_POWER_FACTOR_DERIVED_Q
LOAD:00012,BUS:EREDES:0109S5009200:60,34.67,8.689121056334756,34.67,0.0,0.97,RIO MEÃO,0109S5009200,2026-01-20T19:45:00+00:00,DIRECT_EREDES_ACTIVE_POWER,SCENARIO_ASSUMPTION_FIXED_POWER_FACTOR,CONNECTED_TO_LINE_OR_TRANSFORMER,True,DIRECT_EREDES_P_WITH_POWER_FACTOR_DERIVED_Q
LOAD:00013,BUS:EREDES:0109S5009900:60,29.68,7.438509170810947,29.68,0.0,0.97,SANGUEDO,0109S5009900,2026-01-20T19:45:00+00:00,DIRECT_EREDES_ACTIVE_POWER,SCENARIO_ASSUMPTION_FIXED_POWER_FACTOR,CONNECTED_TO_LINE_OR_TRANSFORMER,True,DIRECT_EREDES_P_WITH_POWER_FACTOR_DERIVED_Q
LOAD:00014,BUS:EREDES:0109S5010000:60,25.69,6.438520909640608,25.69,0.0,0.97,SÃO JOÃO DA MADEIRA,0109S5010000,2026-01-20T19:45:00+00:00,DIRECT_EREDES_ACTIVE_POWER,SCENARIO_ASSUMPTION_FIXED_POWER_FACTOR,CONNECTED_TO_LINE_OR_TRANSFORMER,True,DIRECT_EREDES_P_WITH_POWER_FACTOR_DERIVED_Q
LOAD:00015,BUS:EREDES:0109S5014500:60,18.03,4.518743947093038,18.03,0.0,0.97,FEIRA,0109S5014500,2026-01-20T19:45:00+00:00,DIRECT_EREDES_ACTIVE_POWER,SCENARIO_ASSUMPTION_FIXED_POWER_FACTOR,CONNECTED_TO_LINE_OR_TRANSFORMER,True,DIRECT_EREDES_P_WITH_POWER_FACTOR_DERIVED_Q
LOAD:00016,BUS:EREDES:0109S5020900:60,8.54,2.1403257519786214,8.54,0.0,0.97,NOGUEIRA DA REGEDOURA,0109S5020900,2026-01-20T19:45:00+00:00,DIRECT_EREDES_ACTIVE_POWER,SCENARIO_ASSUMPTION_FIXED_POWER_FACTOR,CONNECTED_TO_LINE_OR_TRANSFORMER,True,DIRECT_EREDES_P_WITH_POWER_FACTOR_DERIVED_Q
LOAD:00017,BUS:EREDES:0110S5004000:60,29.1,7.293147468685936,29.1,0.0,0.97,GAFANHA,0110S5004000,2026-01-20T19:45:00+00:00,DIRECT_EREDES_ACTIVE_POWER,SCENARIO_ASSUMPTION_FIXED_POWER_FACTOR,CONNECTED_TO_LINE_OR_TRANSFORMER,True,DIRECT_EREDES_P_WITH_POWER_FACTOR_DERIVED_Q
LOAD:00018,BUS:EREDES:0110S5007800:60,34.69,8.694133528821824,34.69,0.0,0.97,ÍLHAVO,0110S5007800,2026-01-20T19:45:00+00:00,DIRECT_EREDES_ACTIVE_POWER,SCENARIO_ASSUMPTION_FIXED_POWER_FACTOR,CONNECTED_TO_LINE_OR_TRANSFORMER,True,DIRECT_EREDES_P_WITH_POWER_FACTOR_DERIVED_Q
LOAD:00019,BUS:EREDES:0111S5006200:60,24.65,6.177872340313,24.65,0.0,0.97,PAMPILHOSA,0111S5006200,2026-01-20T19:45:00+00:00,DIRECT_EREDES_ACTIVE_POWER,SCENARIO_ASSUMPTION_FIXED_POWER_FACTOR,CONNECTED_TO_LINE_OR_TRANSFORMER,True,DIRECT_EREDES_P_WITH_POWER_FACTOR_DERIVED_Q
LOAD:00020,BUS:EREDES:0113S5008000:60,40.85,10.237975054839191,40.85,0.0,0.97,OLIVEIRA DE AZEMÉIS,0113S5008000,2026-01-20T19:45:00+00:00,DIRECT_EREDES_ACTIVE_POWER,SCENARIO_ASSUMPTION_FIXED_POWER_FACTOR,CONNECTED_TO_LINE_OR_TRANSFORMER,True,DIRECT_EREDES_P_WITH_POWER_FACTOR_DERIVED_Q
LOAD:00021,BUS:EREDES:0113S5011100:60,7.79,1.95235803371352,7.79,0.0,0.97,CARREGOSA,0113S5011100,2026-01-20T19:45:00+00:00,DIRECT_EREDES_ACTIVE_POWER,SCENARIO_ASSUMPTION_FIXED_POWER_FACTOR,CONNECTED_TO_LINE_OR_TRANSFORMER,True,DIRECT_EREDES_P_WITH_POWER_FACTOR_DERIVED_Q
LOAD:00022,BUS:EREDES:0114S5001700:60,24.0,6.014966984483246,24.0,0.0,0.97,BUSTOS,0114S5001700,2026-01-20T19:45:00+00:00,DIRECT_EREDES_ACTIVE_POWER,SCENARIO_ASSUMPTION_FIXED_POWER_FACTOR,CONNECTED_TO_LINE_OR_TRANSFORMER,True,DIRECT_EREDES_P_WITH_POWER_FACTOR_DERIVED_Q
LOAD:00023,BUS:EREDES:0114S5022700:60,18.76,4.701699192871071,18.76,0.0,0.97,OLIVEIRA DO BAIRRO,0114S5022700,2026-01-20T19:45:00+00:00,DIRECT_EREDES_ACTIVE_POWER,SCENARIO_ASSUMPTION_FIXED_POWER_FACTOR,CONNECTED_TO_LINE_OR_TRANSFORMER,True,DIRECT_EREDES_P_WITH_POWER_FACTOR_DERIVED_Q
LOAD:00024,BUS:EREDES:0115S5000800:60,23.92,5.994917094534968,23.92,0.0,0.97,ARADA,0115S5000800,2026-01-20T19:45:00+00:00,DIRECT_EREDES_ACTIVE_POWER,SCENARIO_ASSUMPTION_FIXED_POWER_FACTOR,CONNECTED_TO_LINE_OR_TRANSFORMER,True,DIRECT_EREDES_P_WITH_POWER_FACTOR_DERIVED_Q
LOAD:00025,BUS:EREDES:0115S5008100:60,31.27,7.837000733532962,31.27,0.0,0.97,OVAR,0115S5008100,2026-01-20T19:45:00+00:00,DIRECT_EREDES_ACTIVE_POWER,SCENARIO_ASSUMPTION_FIXED_POWER_FACTOR,CONNECTED_TO_LINE_OR_TRANSFORMER,True,DIRECT_EREDES_P_WITH_POWER_FACTOR_DERIVED_Q
LOAD:00026,BUS:EREDES:0116S5002800:60,30.47,7.636501834050187,30.47,0.0,0.97,DEVESA VELHA,0116S5002800,2026-01-20T19:45:00+00:00,DIRECT_EREDES_ACTIVE_POWER,SCENARIO_ASSUMPTION_FIXED_POWER_FACTOR,CONNECTED_TO_LINE_OR_TRANSFORMER,True,DIRECT_EREDES_P_WITH_POWER_FACTOR_DERIVED_Q
LOAD:00027,BUS:EREDES:0117S5023700:60,2.23,0.5588906823082349,2.23,0.0,0.97,SEVER DO VOUGA,0117S5023700,2026-01-20T19:45:00+00:00,DIRECT_EREDES_ACTIVE_POWER,SCENARIO_ASSUMPTION_FIXED_POWER_FACTOR,CONNECTED_TO_LINE_OR_TRANSFORMER,True,DIRECT_EREDES_P_WITH_POWER_FACTOR_DERIVED_Q
LOAD:00028,BUS:EREDES:0119S5010100:60,16.93,4.243057960304223,16.93,0.0,0.97,VALE CAMBRA,0119S5010100,2026-01-20T19:45:00+00:00,DIRECT_EREDES_ACTIVE_POWER,SCENARIO_ASSUMPTION_FIXED_POWER_FACTOR,CONNECTED_TO_LINE_OR_TRANSFORMER,True,DIRECT_EREDES_P_WITH_POWER_FACTOR_DERIVED_Q
LOAD:00029,BUS:EREDES:0201S5050500:60,12.21,3.0601144533558515,12.21,0.0,0.97,ALJUSTREL,0201S5050500,2026-01-20T19:45:00+00:00,DIRECT_EREDES_ACTIVE_POWER,SCENARIO_ASSUMPTION_FIXED_POWER_FACTOR,CONNECTED_TO_LINE_OR_TRANSFORMER,True,DIRECT_EREDES_P_WITH_POWER_FACTOR_DERIVED_Q
LOAD:00030,BUS:EREDES:0202S5050400:60,3.15,0.789464416713426,3.15,0.0,0.97,ALMODÔVAR,0202S5050400,2026-01-20T19:45:00+00:00,DIRECT_EREDES_ACTIVE_POWER,SCENARIO_ASSUMPTION_FIXED_POWER_FACTOR,CONNECTED_TO_LINE_OR_TRANSFORMER,True,DIRECT_EREDES_P_WITH_POWER_FACTOR_DERIVED_Q
LOAD:00031,BUS:EREDES:0202S5052400:60,12.74,3.19294497426319,12.74,0.0,0.97,PORTEIRINHOS,0202S5052400,2026-01-20T19:45:00+00:00,DIRECT_EREDES_ACTIVE_POWER,SCENARIO_ASSUMPTION_FIXED_POWER_FACTOR,CONNECTED_TO_LINE_OR_TRANSFORMER,True,DIRECT_EREDES_P_WITH_POWER_FACTOR_DERIVED_Q
LOAD:00032,BUS:EREDES:0205S5050100:60,34.23,8.57884666161923,34.23,0.0,0.97,BEJA,0205S5050100,2026-01-20T19:45:00+00:00,DIRECT_EREDES_ACTIVE_POWER,SCENARIO_ASSUMPTION_FIXED_POWER_FACTOR,CONNECTED_TO_LINE_OR_TRANSFORMER,True,DIRECT_EREDES_P_WITH_POWER_FACTOR_DERIVED_Q
LOAD:00033,BUS:EREDES:0208S5052500:60,12.83,3.215501100455002,12.83,0.0,0.97,FERREIRA DO ALENTEJO,0208S5052500,2026-01-20T19:45:00+00:00,DIRECT_EREDES_ACTIVE_POWER,SCENARIO_ASSUMPTION_FIXED_POWER_FACTOR,CONNECTED_TO_LINE_OR_TRANSFORMER,True,DIRECT_EREDES_P_WITH_POWER_FACTOR_DERIVED_Q
LOAD:00034,BUS:EREDES:0210S5050700:60,4.72,1.1829435069483716,4.72,0.0,0.97,AMARELEJA,0210S5050700,2026-01-20T19:45:00+00:00,DIRECT_EREDES_ACTIVE_POWER,SCENARIO_ASSUMPTION_FIXED_POWER_FACTOR,CONNECTED_TO_LINE_OR_TRANSFORMER,True,DIRECT_EREDES_P_WITH_POWER_FACTOR_DERIVED_Q
LOAD:00035,BUS:EREDES:0210S5052300:60,7.91,1.9824328686359365,7.91,0.0,0.97,MOURA,0210S5052300,2026-01-20T19:45:00+00:00,DIRECT_EREDES_ACTIVE_POWER,SCENARIO_ASSUMPTION_FIXED_POWER_FACTOR,CONNECTED_TO_LINE_OR_TRANSFORMER,True,DIRECT_EREDES_P_WITH_POWER_FACTOR_DERIVED_Q
LOAD:00036,BUS:EREDES:0211S5053400:60,9.76,2.446086573689853,9.76,0.0,0.97,VILA NOVA MILFONTES,0211S5053400,2026-01-20T19:45:00+00:00,DIRECT_EREDES_ACTIVE_POWER,SCENARIO_ASSUMPTION_FIXED_POWER_FACTOR,CONNECTED_TO_LINE_OR_TRANSFORMER,True,DIRECT_EREDES_P_WITH_POWER_FACTOR_DERIVED_Q
LOAD:00037,BUS:EREDES:0211S5053600:60,9.68,2.4260366837415757,9.68,0.0,0.97,SÃO TEOTÓNIO,0211S5053600,2026-01-20T19:45:00+00:00,DIRECT_EREDES_ACTIVE_POWER,SCENARIO_ASSUMPTION_FIXED_POWER_FACTOR,CONNECTED_TO_LINE_OR_TRANSFORMER,True,DIRECT_EREDES_P_WITH_POWER_FACTOR_DERIVED_Q
LOAD:00038,BUS:EREDES:0213S5050300:60,10.49,2.6290418194678855,10.49,0.0,0.97,SERPA,0213S5050300,2026-01-20T19:45:00+00:00,DIRECT_EREDES_ACTIVE_POWER,SCENARIO_ASSUMPTION_FIXED_POWER_FACTOR,CONNECTED_TO_LINE_OR_TRANSFORMER,True,DIRECT_EREDES_P_WITH_POWER_FACTOR_DERIVED_Q
LOAD:00039,BUS:EREDES:0213S5903000:60,4.24,1.0626441672587068,4.24,0.0,0.97,BRINCHES,0213S5903000,2026-01-20T19:45:00+00:00,DIRECT_EREDES_ACTIVE_POWER,SCENARIO_ASSUMPTION_FIXED_POWER_FACTOR,CONNECTED_TO_LINE_OR_TRANSFORMER,True,DIRECT_EREDES_P_WITH_POWER_FACTOR_DERIVED_Q
LOAD:00040,BUS:EREDES:0301S5009900:60,31.52,7.8996566396213295,31.52,0.0,0.97,AMARES,0301S5009900,2026-01-20T19:45:00+00:00,DIRECT_EREDES_ACTIVE_POWER,SCENARIO_ASSUMPTION_FIXED_POWER_FACTOR,CONNECTED_TO_LINE_OR_TRANSFORMER,True,DIRECT_EREDES_P_WITH_POWER_FACTOR_DERIVED_Q
LOAD:00041,BUS:EREDES:0302S5003100:60,42.99,10.774309610955614,42.99,0.0,0.97,ALVELOS,0302S5003100,2026-01-20T19:45:00+00:00,DIRECT_EREDES_ACTIVE_POWER,SCENARIO_ASSUMPTION_FIXED_POWER_FACTOR,CONNECTED_TO_LINE_OR_TRANSFORMER,True,DIRECT_EREDES_P_WITH_POWER_FACTOR_DERIVED_Q
LOAD:00042,BUS:EREDES:0302S5014200:60,21.88,5.483644900853892,21.88,0.0,0.97,PENIDE,0302S5014200,2026-01-20T19:45:00+00:00,DIRECT_EREDES_ACTIVE_POWER,SCENARIO_ASSUMPTION_FIXED_POWER_FACTOR,CONNECTED_TO_LINE_OR_TRANSFORMER,True,DIRECT_EREDES_P_WITH_POWER_FACTOR_DERIVED_Q
LOAD:00043,BUS:EREDES:0302S5022200:60,23.85,5.977373440830226,23.85,0.0,0.97,LIJÓ,0302S5022200,2026-01-20T19:45:00+00:00,DIRECT_EREDES_ACTIVE_POWER,SCENARIO_ASSUMPTION_FIXED_POWER_FACTOR,CONNECTED_TO_LINE_OR_TRANSFORMER,True,DIRECT_EREDES_P_WITH_POWER_FACTOR_DERIVED_Q
LOAD:00044,BUS:EREDES:0303S5000400:60,34.1,8.54626559045328,34.1,0.0,0.97,BRAGA,0303S5000400,2026-01-20T19:45:00+00:00,DIRECT_EREDES_ACTIVE_POWER,SCENARIO_ASSUMPTION_FIXED_POWER_FACTOR,CONNECTED_TO_LINE_OR_TRANSFORMER,True,DIRECT_EREDES_P_WITH_POWER_FACTOR_DERIVED_Q
LOAD:00045,BUS:EREDES:0303S5006500:60,43.53,10.909646368106488,43.53,0.0,0.97,SÃO MARTINHO DE DUME,0303S5006500,2026-01-20T19:45:00+00:00,DIRECT_EREDES_ACTIVE_POWER,SCENARIO_ASSUMPTION_FIXED_POWER_FACTOR,CONNECTED_TO_LINE_OR_TRANSFORMER,True,DIRECT_EREDES_P_WITH_POWER_FACTOR_DERIVED_Q
LOAD:00046,BUS:EREDES:0303S5012700:60,43.6,10.92719002181123,43.6,0.0,0.97,LAMAÇÃES,0303S5012700,2026-01-20T19:45:00+00:00,DIRECT_EREDES_ACTIVE_POWER,SCENARIO_ASSUMPTION_FIXED_POWER_FACTOR,CONNECTED_TO_LINE_OR_TRANSFORMER,True,DIRECT_EREDES_P_WITH_POWER_FACTOR_DERIVED_Q
LOAD:00047,BUS:EREDES:0303S5020700:60,29.12,7.298159941173005,29.12,0.0,0.97,LAMAS,0303S5020700,2026-01-20T19:45:00+00:00,DIRECT_EREDES_ACTIVE_POWER,SCENARIO_ASSUMPTION_FIXED_POWER_FACTOR,CONNECTED_TO_LINE_OR_TRANSFORMER,True,DIRECT_EREDES_P_WITH_POWER_FACTOR_DERIVED_Q
LOAD:00048,BUS:EREDES:0305S5012300:60,17.42,4.365863536237423,17.42,0.0,0.97,FERMIL DE BASTO,0305S5012300,2026-01-20T19:45:00+00:00,DIRECT_EREDES_ACTIVE_POWER,SCENARIO_ASSUMPTION_FIXED_POWER_FACTOR,CONNECTED_TO_LINE_OR_TRANSFORMER,True,DIRECT_EREDES_P_WITH_POWER_FACTOR_DERIVED_Q
LOAD:00049,BUS:EREDES:0306S5004700:60,37.79,9.471066764317577,37.79,0.0,0.97,FONTE BOA,0306S5004700,2026-01-20T19:45:00+00:00,DIRECT_EREDES_ACTIVE_POWER,SCENARIO_ASSUMPTION_FIXED_POWER_FACTOR,CONNECTED_TO_LINE_OR_TRANSFORMER,True,DIRECT_EREDES_P_WITH_POWER_FACTOR_DERIVED_Q
LOAD:00050,BUS:EREDES:0307S5004400:60,29.91,7.496152604412245,29.91,0.0,0.97,FAFE,0307S5004400,2026-01-20T19:45:00+00:00,DIRECT_EREDES_ACTIVE_POWER,SCENARIO_ASSUMPTION_FIXED_POWER_FACTOR,CONNECTED_TO_LINE_OR_TRANSFORMER,True,DIRECT_EREDES_P_WITH_POWER_FACTOR_DERIVED_Q
LOAD:00051,BUS:EREDES:0308S5008400:60,49.78,12.476044020315666,49.78,0.0,0.97,GUIMARÃES,0308S5008400,2026-01-20T19:45:00+00:00,DIRECT_EREDES_ACTIVE_POWER,SCENARIO_ASSUMPTION_FIXED_POWER_FACTOR,CONNECTED_TO_LINE_OR_TRANSFORMER,True,DIRECT_EREDES_P_WITH_POWER_FACTOR_DERIVED_Q
LOAD:00052,BUS:EREDES:0308S5012800:60,16.45,4.122758620614558,16.45,0.0,0.97,LAMEIRINHO,0308S5012800,2026-01-20T19:45:00+00:00,DIRECT_EREDES_ACTIVE_POWER,SCENARIO_ASSUMPTION_FIXED_POWER_FACTOR,CONNECTED_TO_LINE_OR_TRANSFORMER,True,DIRECT_EREDES_P_WITH_POWER_FACTOR_DERIVED_Q
LOAD:00053,BUS:EREDES:0308S5013400:60,53.58,13.428413792858846,53.58,0.0,0.97,SÃO JOÃO DE PONTE,0308S5013400,2026-01-20T19:45:00+00:00,DIRECT_EREDES_ACTIVE_POWER,SCENARIO_ASSUMPTION_FIXED_POWER_FACTOR,CONNECTED_TO_LINE_OR_TRANSFORMER,True,DIRECT_EREDES_P_WITH_POWER_FACTOR_DERIVED_Q
LOAD:00054,BUS:EREDES:0311S5001300:60,7.03,1.7618840792048842,7.03,0.0,0.97,ERMAL,0311S5001300,2026-01-20T19:45:00+00:00,DIRECT_EREDES_ACTIVE_POWER,SCENARIO_ASSUMPTION_FIXED_POWER_FACTOR,CONNECTED_TO_LINE_OR_TRANSFORMER,True,DIRECT_EREDES_P_WITH_POWER_FACTOR_DERIVED_Q
LOAD:00055,BUS:EREDES:0311S5023400:60,0.99,0.2481173881099339,0.99,0.0,0.97,CANIÇADA,0311S5023400,2026-01-20T19:45:00+00:00,DIRECT_EREDES_ACTIVE_POWER,SCENARIO_ASSUMPTION_FIXED_POWER_FACTOR,CONNECTED_TO_LINE_OR_TRANSFORMER,True,DIRECT_EREDES_P_WITH_POWER_FACTOR_DERIVED_Q
LOAD:00056,BUS:EREDES:0312S5001200:60,42.59,10.674060161214229,42.59,0.0,0.97,CANIÇOS,0312S5001200,2026-01-20T19:45:00+00:00,DIRECT_EREDES_ACTIVE_POWER,SCENARIO_ASSUMPTION_FIXED_POWER_FACTOR,CONNECTED_TO_LINE_OR_TRANSFORMER,True,DIRECT_EREDES_P_WITH_POWER_FACTOR_DERIVED_Q
LOAD:00057,BUS:EREDES:0312S5002700:60,44.75,11.21540718981772,44.75,0.0,0.97,LOUSADO,0312S5002700,2026-01-20T19:45:00+00:00,DIRECT_EREDES_ACTIVE_POWER,SCENARIO_ASSUMPTION_FIXED_POWER_FACTOR,CONNECTED_TO_LINE_OR_TRANSFORMER,True,DIRECT_EREDES_P_WITH_POWER_FACTOR_DERIVED_Q
LOAD:00058,BUS:EREDES:0312S5003800:60,54.19,13.581294203714462,54.19,0.0,0.97,REQUIÃO,0312S5003800,2026-01-20T19:45:00+00:00,DIRECT_EREDES_ACTIVE_POWER,SCENARIO_ASSUMPTION_FIXED_POWER_FACTOR,CONNECTED_TO_LINE_OR_TRANSFORMER,True,DIRECT_EREDES_P_WITH_POWER_FACTOR_DERIVED_Q
LOAD:00059,BUS:EREDES:0312S5008500:60,20.66,5.177884079142661,20.66,0.0,0.97,RUIVÃES,0312S5008500,2026-01-20T19:45:00+00:00,DIRECT_EREDES_ACTIVE_POWER,SCENARIO_ASSUMPTION_FIXED_POWER_FACTOR,CONNECTED_TO_LINE_OR_TRANSFORMER,True,DIRECT_EREDES_P_WITH_POWER_FACTOR_DERIVED_Q
LOAD:00060,BUS:EREDES:0313S5020100:60,31.63,7.927225238300211,31.63,0.0,0.97,TURIZ,0313S5020100,2026-01-20T19:45:00+00:00,DIRECT_EREDES_ACTIVE_POWER,SCENARIO_ASSUMPTION_FIXED_POWER_FACTOR,CONNECTED_TO_LINE_OR_TRANSFORMER,True,DIRECT_EREDES_P_WITH_POWER_FACTOR_DERIVED_Q
LOAD:00061,BUS:EREDES:0402S5005100:60,32.5,8.14526779148773,32.5,0.0,0.97,BRAGANÇA,0402S5005100,2026-01-20T19:45:00+00:00,DIRECT_EREDES_ACTIVE_POWER,SCENARIO_ASSUMPTION_FIXED_POWER_FACTOR,CONNECTED_TO_LINE_OR_TRANSFORMER,True,DIRECT_EREDES_P_WITH_POWER_FACTOR_DERIVED_Q
LOAD:00062,BUS:EREDES:0405S5002200:60,15.93,3.992434335950754,15.93,0.0,0.97,MACEDO DE CAVALEIROS,0405S5002200,2026-01-20T19:45:00+00:00,DIRECT_EREDES_ACTIVE_POWER,SCENARIO_ASSUMPTION_FIXED_POWER_FACTOR,CONNECTED_TO_LINE_OR_TRANSFORMER,True,DIRECT_EREDES_P_WITH_POWER_FACTOR_DERIVED_Q
LOAD:00063,BUS:EREDES:0407S5014900:60,16.28,4.080152604474469,16.28,0.0,0.97,MIRANDELA,0407S5014900,2026-01-20T19:45:00+00:00,DIRECT_EREDES_ACTIVE_POWER,SCENARIO_ASSUMPTION_FIXED_POWER_FACTOR,CONNECTED_TO_LINE_OR_TRANSFORMER,True,DIRECT_EREDES_P_WITH_POWER_FACTOR_DERIVED_Q
LOAD:00064,BUS:EREDES:0408S5010300:60,11.59,2.904727806256701,11.59,0.0,0.97,MOGADOURO,0408S5010300,2026-01-20T19:45:00+00:00,DIRECT_EREDES_ACTIVE_POWER,SCENARIO_ASSUMPTION_FIXED_POWER_FACTOR,CONNECTED_TO_LINE_OR_TRANSFORMER,True,DIRECT_EREDES_P_WITH_POWER_FACTOR_DERIVED_Q
LOAD:00065,BUS:EREDES:0409S5025200:60,10.54,2.6415730006855584,10.54,0.0,0.97,AÇOREIRA,0409S5025200,2026-01-20T19:45:00+00:00,DIRECT_EREDES_ACTIVE_POWER,SCENARIO_ASSUMPTION_FIXED_POWER_FACTOR,CONNECTED_TO_LINE_OR_TRANSFORMER,True,DIRECT_EREDES_P_WITH_POWER_FACTOR_DERIVED_Q
LOAD:00066,BUS:EREDES:0501S5007400:60,6.4,1.603991195862199,6.4,0.0,0.97,BELMONTE,0501S5007400,2026-01-20T19:45:00+00:00,DIRECT_EREDES_ACTIVE_POWER,SCENARIO_ASSUMPTION_FIXED_POWER_FACTOR,CONNECTED_TO_LINE_OR_TRANSFORMER,True,DIRECT_EREDES_P_WITH_POWER_FACTOR_DERIVED_Q
LOAD:00067,BUS:EREDES:0502S5006900:60,36.26,9.08761261905677,36.26,0.0,0.97,TALAGUEIRA,0502S5006900,2026-01-20T19:45:00+00:00,DIRECT_EREDES_ACTIVE_POWER,SCENARIO_ASSUMPTION_FIXED_POWER_FACTOR,CONNECTED_TO_LINE_OR_TRANSFORMER,True,DIRECT_EREDES_P_WITH_POWER_FACTOR_DERIVED_Q
LOAD:00068,BUS:EREDES:0502S5010400:60,10.62,2.661622890633836,10.62,0.0,0.97,ALCAINS,0502S5010400,2026-01-20T19:45:00+00:00,DIRECT_EREDES_ACTIVE_POWER,SCENARIO_ASSUMPTION_FIXED_POWER_FACTOR,CONNECTED_TO_LINE_OR_TRANSFORMER,True,DIRECT_EREDES_P_WITH_POWER_FACTOR_DERIVED_Q
LOAD:00069,BUS:EREDES:0503S5006600:60,24.51,6.142785032903515,24.51,0.0,0.97,VÁRZEA,0503S5006600,2026-01-20T19:45:00+00:00,DIRECT_EREDES_ACTIVE_POWER,SCENARIO_ASSUMPTION_FIXED_POWER_FACTOR,CONNECTED_TO_LINE_OR_TRANSFORMER,True,DIRECT_EREDES_P_WITH_POWER_FACTOR_DERIVED_Q
LOAD:00070,BUS:EREDES:0503S5006700:60,22.76,5.704193690284945,22.76,0.0,0.97,TORTOSENDO,0503S5006700,2026-01-20T19:45:00+00:00,DIRECT_EREDES_ACTIVE_POWER,SCENARIO_ASSUMPTION_FIXED_POWER_FACTOR,CONNECTED_TO_LINE_OR_TRANSFORMER,True,DIRECT_EREDES_P_WITH_POWER_FACTOR_DERIVED_Q
LOAD:00071,BUS:EREDES:0504S5008900:60,6.93,1.7368217167695372,6.93,0.0,0.97,FUNDÃO,0504S5008900,2026-01-20T19:45:00+00:00,DIRECT_EREDES_ACTIVE_POWER,SCENARIO_ASSUMPTION_FIXED_POWER_FACTOR,CONNECTED_TO_LINE_OR_TRANSFORMER,True,DIRECT_EREDES_P_WITH_POWER_FACTOR_DERIVED_Q
LOAD:00072,BUS:EREDES:0505S5006800:60,4.8,1.202993396896649,4.8,0.0,0.97,SENHORA DA GRAÇA,0505S5006800,2026-01-20T19:45:00+00:00,DIRECT_EREDES_ACTIVE_POWER,SCENARIO_ASSUMPTION_FIXED_POWER_FACTOR,CONNECTED_TO_LINE_OR_TRANSFORMER,True,DIRECT_EREDES_P_WITH_POWER_FACTOR_DERIVED_Q
LOAD:00073,BUS:EREDES:0506S5011200:60,0.0,0.0,0.0,0.0,0.97,OLEIROS,0506S5011200,2026-01-20T19:45:00+00:00,DIRECT_EREDES_ACTIVE_POWER,SCENARIO_ASSUMPTION_FIXED_POWER_FACTOR,CONNECTED_TO_LINE_OR_TRANSFORMER,True,REN_RESIDUAL_PTD_SPATIAL_ALLOCATION_WITH_POWER_FACTOR_DERIVED_Q
LOAD:00074,BUS:EREDES:0507S5024400:60,3.34,0.837082905340585,3.34,0.0,0.97,MEIMOA,0507S5024400,2026-01-20T19:45:00+00:00,DIRECT_EREDES_ACTIVE_POWER,SCENARIO_ASSUMPTION_FIXED_POWER_FACTOR,CONNECTED_TO_LINE_OR_TRANSFORMER,True,DIRECT_EREDES_P_WITH_POWER_FACTOR_DERIVED_Q
LOAD:00075,BUS:EREDES:0508S5008800:60,3.95,0.9899633161962008,3.95,0.0,0.97,VALE SERRÃO,0508S5008800,2026-01-20T19:45:00+00:00,DIRECT_EREDES_ACTIVE_POWER,SCENARIO_ASSUMPTION_FIXED_POWER_FACTOR,CONNECTED_TO_LINE_OR_TRANSFORMER,True,DIRECT_EREDES_P_WITH_POWER_FACTOR_DERIVED_Q
LOAD:00076,BUS:EREDES:0509S5003300:60,13.26,3.3232692589269934,13.26,0.0,0.97,SERTÃ,0509S5003300,2026-01-20T19:45:00+00:00,DIRECT_EREDES_ACTIVE_POWER,SCENARIO_ASSUMPTION_FIXED_POWER_FACTOR,CONNECTED_TO_LINE_OR_TRANSFORMER,True,DIRECT_EREDES_P_WITH_POWER_FACTOR_DERIVED_Q
LOAD:00077,BUS:EREDES:0511S5011400:60,2.49,0.6240528246401368,2.49,0.0,0.97,VILA VELHA DE RODÃO,0511S5011400,2026-01-20T19:45:00+00:00,DIRECT_EREDES_ACTIVE_POWER,SCENARIO_ASSUMPTION_FIXED_POWER_FACTOR,CONNECTED_TO_LINE_OR_TRANSFORMER,True,DIRECT_EREDES_P_WITH_POWER_FACTOR_DERIVED_Q
LOAD:00078,BUS:EREDES:0601S5003100:60,5.07,1.2706617754720857,5.07,0.0,0.97,FRONHAS,0601S5003100,2026-01-20T19:45:00+00:00,DIRECT_EREDES_ACTIVE_POWER,SCENARIO_ASSUMPTION_FIXED_POWER_FACTOR,CONNECTED_TO_LINE_OR_TRANSFORMER,True,DIRECT_EREDES_P_WITH_POWER_FACTOR_DERIVED_Q
LOAD:00079,BUS:EREDES:0601S5025900:60,6.97,1.746846661743676,6.97,0.0,0.97,ARGANIL,0601S5025900,2026-01-20T19:45:00+00:00,DIRECT_EREDES_ACTIVE_POWER,SCENARIO_ASSUMPTION_FIXED_POWER_FACTOR,CONNECTED_TO_LINE_OR_TRANSFORMER,True,DIRECT_EREDES_P_WITH_POWER_FACTOR_DERIVED_Q
LOAD:00080,BUS:EREDES:0602S5004300:60,9.57,2.3984680850626945,9.57,0.0,0.97,TOCHA,0602S5004300,2026-01-20T19:45:00+00:00,DIRECT_EREDES_ACTIVE_POWER,SCENARIO_ASSUMPTION_FIXED_POWER_FACTOR,CONNECTED_TO_LINE_OR_TRANSFORMER,True,DIRECT_EREDES_P_WITH_POWER_FACTOR_DERIVED_Q
LOAD:00081,BUS:EREDES:0602S5005900:60,22.42,5.618981658004766,22.42,0.0,0.97,CANTANHEDE,0602S5005900,2026-01-20T19:45:00+00:00,DIRECT_EREDES_ACTIVE_POWER,SCENARIO_ASSUMPTION_FIXED_POWER_FACTOR,CONNECTED_TO_LINE_OR_TRANSFORMER,True,DIRECT_EREDES_P_WITH_POWER_FACTOR_DERIVED_Q
LOAD:00082,BUS:EREDES:0603S5005100:60,33.78,8.46606603066017,33.78,0.0,0.97,ALEGRIA,0603S5005100,2026-01-20T19:45:00+00:00,DIRECT_EREDES_ACTIVE_POWER,SCENARIO_ASSUMPTION_FIXED_POWER_FACTOR,CONNECTED_TO_LINE_OR_TRANSFORMER,True,DIRECT_EREDES_P_WITH_POWER_FACTOR_DERIVED_Q
LOAD:00083,BUS:EREDES:0603S5005200:60,24.97,6.25807190010611,24.97,0.0,0.97,RELVINHA,0603S5005200,2026-01-20T19:45:00+00:00,DIRECT_EREDES_ACTIVE_POWER,SCENARIO_ASSUMPTION_FIXED_POWER_FACTOR,CONNECTED_TO_LINE_OR_TRANSFORMER,True,DIRECT_EREDES_P_WITH_POWER_FACTOR_DERIVED_Q
LOAD:00084,BUS:EREDES:0603S5005300:60,18.88,4.731774027793486,18.88,0.0,0.97,ALTO DE SÃO JOÃO,0603S5005300,2026-01-20T19:45:00+00:00,DIRECT_EREDES_ACTIVE_POWER,SCENARIO_ASSUMPTION_FIXED_POWER_FACTOR,CONNECTED_TO_LINE_OR_TRANSFORMER,True,DIRECT_EREDES_P_WITH_POWER_FACTOR_DERIVED_Q
LOAD:00085,BUS:EREDES:0603S5006100:60,17.32,4.340801173802076,17.32,0.0,0.97,TAVEIRO,0603S5006100,2026-01-20T19:45:00+00:00,DIRECT_EREDES_ACTIVE_POWER,SCENARIO_ASSUMPTION_FIXED_POWER_FACTOR,CONNECTED_TO_LINE_OR_TRANSFORMER,True,DIRECT_EREDES_P_WITH_POWER_FACTOR_DERIVED_Q
LOAD:00086,BUS:EREDES:0603S5006400:60,19.95,4.9999413058516975,19.95,0.0,0.97,CORRENTE,0603S5006400,2026-01-20T19:45:00+00:00,DIRECT_EREDES_ACTIVE_POWER,SCENARIO_ASSUMPTION_FIXED_POWER_FACTOR,CONNECTED_TO_LINE_OR_TRANSFORMER,True,DIRECT_EREDES_P_WITH_POWER_FACTOR_DERIVED_Q
LOAD:00087,BUS:EREDES:0603S5022800:60,12.34,3.0926955245218024,12.34,0.0,0.97,ANTANHOL,0603S5022800,2026-01-20T19:45:00+00:00,DIRECT_EREDES_ACTIVE_POWER,SCENARIO_ASSUMPTION_FIXED_POWER_FACTOR,CONNECTED_TO_LINE_OR_TRANSFORMER,True,DIRECT_EREDES_P_WITH_POWER_FACTOR_DERIVED_Q
LOAD:00088,BUS:EREDES:0604S5005400:60,17.06,4.275639031470174,17.06,0.0,0.97,CONDEIXA,0604S5005400,2026-01-20T19:45:00+00:00,DIRECT_EREDES_ACTIVE_POWER,SCENARIO_ASSUMPTION_FIXED_POWER_FACTOR,CONNECTED_TO_LINE_OR_TRANSFORMER,True,DIRECT_EREDES_P_WITH_POWER_FACTOR_DERIVED_Q
LOAD:00089,BUS:EREDES:0605S5005600:60,28.46,7.132748349099716,28.46,0.0,0.97,VILA ROBIM,0605S5005600,2026-01-20T19:45:00+00:00,DIRECT_EREDES_ACTIVE_POWER,SCENARIO_ASSUMPTION_FIXED_POWER_FACTOR,CONNECTED_TO_LINE_OR_TRANSFORMER,True,DIRECT_EREDES_P_WITH_POWER_FACTOR_DERIVED_Q
LOAD:00090,BUS:EREDES:0605S5005800:60,15.01,3.761860601545563,15.01,0.0,0.97,GALA,0605S5005800,2026-01-20T19:45:00+00:00,DIRECT_EREDES_ACTIVE_POWER,SCENARIO_ASSUMPTION_FIXED_POWER_FACTOR,CONNECTED_TO_LINE_OR_TRANSFORMER,True,DIRECT_EREDES_P_WITH_POWER_FACTOR_DERIVED_Q
LOAD:00091,BUS:EREDES:0607S5003400:60,21.78,5.458582538418546,21.78,0.0,0.97,LOUSÃ,0607S5003400,2026-01-20T19:45:00+00:00,DIRECT_EREDES_ACTIVE_POWER,SCENARIO_ASSUMPTION_FIXED_POWER_FACTOR,CONNECTED_TO_LINE_OR_TRANSFORMER,True,DIRECT_EREDES_P_WITH_POWER_FACTOR_DERIVED_Q
LOAD:00092,BUS:EREDES:0608S5006500:60,11.98,3.0024710197545534,11.98,0.0,0.97,MIRA,0608S5006500,2026-01-20T19:45:00+00:00,DIRECT_EREDES_ACTIVE_POWER,SCENARIO_ASSUMPTION_FIXED_POWER_FACTOR,CONNECTED_TO_LINE_OR_TRANSFORMER,True,DIRECT_EREDES_P_WITH_POWER_FACTOR_DERIVED_Q
LOAD:00093,BUS:EREDES:0609S5004700:60,12.33,3.0901892882782676,12.33,0.0,0.97,MIRANDA DO CORVO,0609S5004700,2026-01-20T19:45:00+00:00,DIRECT_EREDES_ACTIVE_POWER,SCENARIO_ASSUMPTION_FIXED_POWER_FACTOR,CONNECTED_TO_LINE_OR_TRANSFORMER,True,DIRECT_EREDES_P_WITH_POWER_FACTOR_DERIVED_Q
LOAD:00094,BUS:EREDES:0611S5000300:60,6.25,1.5663976522091787,6.25,0.0,0.97,OLIVEIRA DO HOSPITAL,0611S5000300,2026-01-20T19:45:00+00:00,DIRECT_EREDES_ACTIVE_POWER,SCENARIO_ASSUMPTION_FIXED_POWER_FACTOR,CONNECTED_TO_LINE_OR_TRANSFORMER,True,DIRECT_EREDES_P_WITH_POWER_FACTOR_DERIVED_Q
LOAD:00095,BUS:EREDES:0612S5003700:60,1.86,0.4661599412974516,1.86,0.0,0.97,SANTA LUZIA,0612S5003700,2026-01-20T19:45:00+00:00,DIRECT_EREDES_ACTIVE_POWER,SCENARIO_ASSUMPTION_FIXED_POWER_FACTOR,CONNECTED_TO_LINE_OR_TRANSFORMER,True,DIRECT_EREDES_P_WITH_POWER_FACTOR_DERIVED_Q
LOAD:00096,BUS:EREDES:0613S5003800:60,8.52,2.135313279491552,8.52,0.0,0.97,AGUIEIRA,0613S5003800,2026-01-20T19:45:00+00:00,DIRECT_EREDES_ACTIVE_POWER,SCENARIO_ASSUMPTION_FIXED_POWER_FACTOR,CONNECTED_TO_LINE_OR_TRANSFORMER,True,DIRECT_EREDES_P_WITH_POWER_FACTOR_DERIVED_Q
LOAD:00097,BUS:EREDES:0615S5006300:60,13.33,3.340812912631736,13.33,0.0,0.97,ALFARELOS,0615S5006300,2026-01-20T19:45:00+00:00,DIRECT_EREDES_ACTIVE_POWER,SCENARIO_ASSUMPTION_FIXED_POWER_FACTOR,CONNECTED_TO_LINE_OR_TRANSFORMER,True,DIRECT_EREDES_P_WITH_POWER_FACTOR_DERIVED_Q
LOAD:00098,BUS:EREDES:0615S5010500:60,8.22,2.060126192185512,8.22,0.0,0.97,SOURE,0615S5010500,2026-01-20T19:45:00+00:00,DIRECT_EREDES_ACTIVE_POWER,SCENARIO_ASSUMPTION_FIXED_POWER_FACTOR,CONNECTED_TO_LINE_OR_TRANSFORMER,True,DIRECT_EREDES_P_WITH_POWER_FACTOR_DERIVED_Q
LOAD:00099,BUS:EREDES:0616S5003500:60,16.3,4.085165076961538,16.3,0.0,0.97,CANDOSA,0616S5003500,2026-01-20T19:45:00+00:00,DIRECT_EREDES_ACTIVE_POWER,SCENARIO_ASSUMPTION_FIXED_POWER_FACTOR,CONNECTED_TO_LINE_OR_TRANSFORMER,True,DIRECT_EREDES_P_WITH_POWER_FACTOR_DERIVED_Q
LOAD:00100,BUS:EREDES:0701S5042100:60,8.84,2.215512839284662,8.84,0.0,0.97,TERENA,0701S5042100,2026-01-20T19:45:00+00:00,DIRECT_EREDES_ACTIVE_POWER,SCENARIO_ASSUMPTION_FIXED_POWER_FACTOR,CONNECTED_TO_LINE_OR_TRANSFORMER,True,DIRECT_EREDES_P_WITH_POWER_FACTOR_DERIVED_Q
LOAD:00101,BUS:EREDES:0702S5040700:60,7.94,1.9899515773665408,7.94,0.0,0.97,CERÂMICA,0702S5040700,2026-01-20T19:45:00+00:00,DIRECT_EREDES_ACTIVE_POWER,SCENARIO_ASSUMPTION_FIXED_POWER_FACTOR,CONNECTED_TO_LINE_OR_TRANSFORMER,True,DIRECT_EREDES_P_WITH_POWER_FACTOR_DERIVED_Q
LOAD:00102,BUS:EREDES:0703S5040900:60,6.11,1.5313103447996932,6.11,0.0,0.97,BORBA,0703S5040900,2026-01-20T19:45:00+00:00,DIRECT_EREDES_ACTIVE_POWER,SCENARIO_ASSUMPTION_FIXED_POWER_FACTOR,CONNECTED_TO_LINE_OR_TRANSFORMER,True,DIRECT_EREDES_P_WITH_POWER_FACTOR_DERIVED_Q
LOAD:00103,BUS:EREDES:0704S5041600:60,15.94,3.994940572194289,15.94,0.0,0.97,ESTREMOZ,0704S5041600,2026-01-20T19:45:00+00:00,DIRECT_EREDES_ACTIVE_POWER,SCENARIO_ASSUMPTION_FIXED_POWER_FACTOR,CONNECTED_TO_LINE_OR_TRANSFORMER,True,DIRECT_EREDES_P_WITH_POWER_FACTOR_DERIVED_Q
LOAD:00104,BUS:EREDES:0705S5042000:60,41.92,10.506142332897404,41.92,0.0,0.97,ÉVORA,0705S5042000,2026-01-20T19:45:00+00:00,DIRECT_EREDES_ACTIVE_POWER,SCENARIO_ASSUMPTION_FIXED_POWER_FACTOR,CONNECTED_TO_LINE_OR_TRANSFORMER,True,DIRECT_EREDES_P_WITH_POWER_FACTOR_DERIVED_Q
LOAD:00105,BUS:EREDES:0705S5042200:60,25.38,6.360827586091032,25.38,0.0,0.97,CAEIRA,0705S5042200,2026-01-20T19:45:00+00:00,DIRECT_EREDES_ACTIVE_POWER,SCENARIO_ASSUMPTION_FIXED_POWER_FACTOR,CONNECTED_TO_LINE_OR_TRANSFORMER,True,DIRECT_EREDES_P_WITH_POWER_FACTOR_DERIVED_Q
LOAD:00106,BUS:EREDES:0706S5041300:60,4.5,1.1278063095906086,4.5,0.0,0.97,MONTEMOR,0706S5041300,2026-01-20T19:45:00+00:00,DIRECT_EREDES_ACTIVE_POWER,SCENARIO_ASSUMPTION_FIXED_POWER_FACTOR,CONNECTED_TO_LINE_OR_TRANSFORMER,True,DIRECT_EREDES_P_WITH_POWER_FACTOR_DERIVED_Q
LOAD:00107,BUS:EREDES:0711S5042400:60,3.58,0.8972325751854175,3.58,0.0,0.97,REGUENGOS DE MONSARAZ,0711S5042400,2026-01-20T19:45:00+00:00,DIRECT_EREDES_ACTIVE_POWER,SCENARIO_ASSUMPTION_FIXED_POWER_FACTOR,CONNECTED_TO_LINE_OR_TRANSFORMER,True,DIRECT_EREDES_P_WITH_POWER_FACTOR_DERIVED_Q
LOAD:00108,BUS:EREDES:0712S5042500:60,17.03,4.26812032273957,17.03,0.0,0.97,VENDAS NOVAS,0712S5042500,2026-01-20T19:45:00+00:00,DIRECT_EREDES_ACTIVE_POWER,SCENARIO_ASSUMPTION_FIXED_POWER_FACTOR,CONNECTED_TO_LINE_OR_TRANSFORMER,True,DIRECT_EREDES_P_WITH_POWER_FACTOR_DERIVED_Q
LOAD:00109,BUS:EREDES:0713S5900400:60,10.17,2.5488422596747755,10.17,0.0,0.97,VIANA DO ALENTEJO,0713S5900400,2026-01-20T19:45:00+00:00,DIRECT_EREDES_ACTIVE_POWER,SCENARIO_ASSUMPTION_FIXED_POWER_FACTOR,CONNECTED_TO_LINE_OR_TRANSFORMER,True,DIRECT_EREDES_P_WITH_POWER_FACTOR_DERIVED_Q
LOAD:00110,BUS:EREDES:0714S5042700:60,8.79,2.2029816580669888,8.79,0.0,0.97,VILA VIÇOSA,0714S5042700,2026-01-20T19:45:00+00:00,DIRECT_EREDES_ACTIVE_POWER,SCENARIO_ASSUMPTION_FIXED_POWER_FACTOR,CONNECTED_TO_LINE_OR_TRANSFORMER,True,DIRECT_EREDES_P_WITH_POWER_FACTOR_DERIVED_Q
LOAD:00111,BUS:EREDES:0801S5063000:60,28.52,7.147785766560924,28.52,0.0,0.97,ALBUFEIRA,0801S5063000,2026-01-20T19:45:00+00:00,DIRECT_EREDES_ACTIVE_POWER,SCENARIO_ASSUMPTION_FIXED_POWER_FACTOR,CONNECTED_TO_LINE_OR_TRANSFORMER,True,DIRECT_EREDES_P_WITH_POWER_FACTOR_DERIVED_Q
LOAD:00112,BUS:EREDES:0801S5900800:60,15.56,3.899703594939971,15.56,0.0,0.97,MONTECHORO,0801S5900800,2026-01-20T19:45:00+00:00,DIRECT_EREDES_ACTIVE_POWER,SCENARIO_ASSUMPTION_FIXED_POWER_FACTOR,CONNECTED_TO_LINE_OR_TRANSFORMER,True,DIRECT_EREDES_P_WITH_POWER_FACTOR_DERIVED_Q
LOAD:00113,BUS:EREDES:0803S5062700:60,5.89,1.4761731474419295,5.89,0.0,0.97,ALJEZUR,0803S5062700,2026-01-20T19:45:00+00:00,DIRECT_EREDES_ACTIVE_POWER,SCENARIO_ASSUMPTION_FIXED_POWER_FACTOR,CONNECTED_TO_LINE_OR_TRANSFORMER,True,DIRECT_EREDES_P_WITH_POWER_FACTOR_DERIVED_Q
LOAD:00114,BUS:EREDES:0803S5904000:60,0.32,0.0801995597931099,0.32,0.0,0.97,POLDRA,0803S5904000,2026-01-20T19:45:00+00:00,DIRECT_EREDES_ACTIVE_POWER,SCENARIO_ASSUMPTION_FIXED_POWER_FACTOR,CONNECTED_TO_LINE_OR_TRANSFORMER,True,DIRECT_EREDES_P_WITH_POWER_FACTOR_DERIVED_Q
LOAD:00115,BUS:EREDES:0804S5060600:60,22.17,5.556325751916399,22.17,0.0,0.97,ALDEIA NOVA,0804S5060600,2026-01-20T19:45:00+00:00,DIRECT_EREDES_ACTIVE_POWER,SCENARIO_ASSUMPTION_FIXED_POWER_FACTOR,CONNECTED_TO_LINE_OR_TRANSFORMER,True,DIRECT_EREDES_P_WITH_POWER_FACTOR_DERIVED_Q
LOAD:00116,BUS:EREDES:0804S5062300:60,3.36,0.8420953778276544,3.36,0.0,0.97,CASTRO MARIM,0804S5062300,2026-01-20T19:45:00+00:00,DIRECT_EREDES_ACTIVE_POWER,SCENARIO_ASSUMPTION_FIXED_POWER_FACTOR,CONNECTED_TO_LINE_OR_TRANSFORMER,True,DIRECT_EREDES_P_WITH_POWER_FACTOR_DERIVED_Q
LOAD:00117,BUS:EREDES:0805S5060100:60,20.52,5.142796771733175,20.52,0.0,0.97,BRACIAIS,0805S5060100,2026-01-20T19:45:00+00:00,DIRECT_EREDES_ACTIVE_POWER,SCENARIO_ASSUMPTION_FIXED_POWER_FACTOR,CONNECTED_TO_LINE_OR_TRANSFORMER,True,DIRECT_EREDES_P_WITH_POWER_FACTOR_DERIVED_Q
LOAD:00118,BUS:EREDES:0805S5062500:60,17.54,4.395938371159839,17.54,0.0,0.97,TORRE NATAL,0805S5062500,2026-01-20T19:45:00+00:00,DIRECT_EREDES_ACTIVE_POWER,SCENARIO_ASSUMPTION_FIXED_POWER_FACTOR,CONNECTED_TO_LINE_OR_TRANSFORMER,True,DIRECT_EREDES_P_WITH_POWER_FACTOR_DERIVED_Q
LOAD:00119,BUS:EREDES:0805S5063500:60,18.98,4.756836390228834,18.98,0.0,0.97,FARO,0805S5063500,2026-01-20T19:45:00+00:00,DIRECT_EREDES_ACTIVE_POWER,SCENARIO_ASSUMPTION_FIXED_POWER_FACTOR,CONNECTED_TO_LINE_OR_TRANSFORMER,True,DIRECT_EREDES_P_WITH_POWER_FACTOR_DERIVED_Q
LOAD:00120,BUS:EREDES:0806S5060700:60,23.98,6.009954511996177,23.98,0.0,0.97,LAGOA,0806S5060700,2026-01-20T19:45:00+00:00,DIRECT_EREDES_ACTIVE_POWER,SCENARIO_ASSUMPTION_FIXED_POWER_FACTOR,CONNECTED_TO_LINE_OR_TRANSFORMER,True,DIRECT_EREDES_P_WITH_POWER_FACTOR_DERIVED_Q
LOAD:00121,BUS:EREDES:0807S5063100:60,38.25,9.586353631520174,38.25,0.0,0.97,LAGOS,0807S5063100,2026-01-20T19:45:00+00:00,DIRECT_EREDES_ACTIVE_POWER,SCENARIO_ASSUMPTION_FIXED_POWER_FACTOR,CONNECTED_TO_LINE_OR_TRANSFORMER,True,DIRECT_EREDES_P_WITH_POWER_FACTOR_DERIVED_Q
LOAD:00122,BUS:EREDES:0808S5060200:60,28.91,7.245528980058776,28.91,0.0,0.97,LOULÉ,0808S5060200,2026-01-20T19:45:00+00:00,DIRECT_EREDES_ACTIVE_POWER,SCENARIO_ASSUMPTION_FIXED_POWER_FACTOR,CONNECTED_TO_LINE_OR_TRANSFORMER,True,DIRECT_EREDES_P_WITH_POWER_FACTOR_DERIVED_Q
LOAD:00123,BUS:EREDES:0808S5063300:60,25.2,6.315715333707408,25.2,0.0,0.97,QUARTEIRA,0808S5063300,2026-01-20T19:45:00+00:00,DIRECT_EREDES_ACTIVE_POWER,SCENARIO_ASSUMPTION_FIXED_POWER_FACTOR,CONNECTED_TO_LINE_OR_TRANSFORMER,True,DIRECT_EREDES_P_WITH_POWER_FACTOR_DERIVED_Q
LOAD:00124,BUS:EREDES:0808S5063400:60,25.58,6.410952310961726,25.58,0.0,0.97,VILAMOURA,0808S5063400,2026-01-20T19:45:00+00:00,DIRECT_EREDES_ACTIVE_POWER,SCENARIO_ASSUMPTION_FIXED_POWER_FACTOR,CONNECTED_TO_LINE_OR_TRANSFORMER,True,DIRECT_EREDES_P_WITH_POWER_FACTOR_DERIVED_Q
LOAD:00125,BUS:EREDES:0808S5903600:60,13.83,3.4661247248084703,13.83,0.0,0.97,ALMANCIL,0808S5903600,2026-01-20T19:45:00+00:00,DIRECT_EREDES_ACTIVE_POWER,SCENARIO_ASSUMPTION_FIXED_POWER_FACTOR,CONNECTED_TO_LINE_OR_TRANSFORMER,True,DIRECT_EREDES_P_WITH_POWER_FACTOR_DERIVED_Q
LOAD:00126,BUS:EREDES:0808S5904800:60,12.37,3.100214233252406,12.37,0.0,0.97,VILAMOURA B,0808S5904800,2026-01-20T19:45:00+00:00,DIRECT_EREDES_ACTIVE_POWER,SCENARIO_ASSUMPTION_FIXED_POWER_FACTOR,CONNECTED_TO_LINE_OR_TRANSFORMER,True,DIRECT_EREDES_P_WITH_POWER_FACTOR_DERIVED_Q
LOAD:00127,BUS:EREDES:0809S5060500:60,4.39,1.100237710911727,4.39,0.0,0.97,MONCHIQUE,0809S5060500,2026-01-20T19:45:00+00:00,DIRECT_EREDES_ACTIVE_POWER,SCENARIO_ASSUMPTION_FIXED_POWER_FACTOR,CONNECTED_TO_LINE_OR_TRANSFORMER,True,DIRECT_EREDES_P_WITH_POWER_FACTOR_DERIVED_Q
LOAD:00128,BUS:EREDES:0810S5063600:60,33.28,8.340754218483434,33.28,0.0,0.97,OLHÃO,0810S5063600,2026-01-20T19:45:00+00:00,DIRECT_EREDES_ACTIVE_POWER,SCENARIO_ASSUMPTION_FIXED_POWER_FACTOR,CONNECTED_TO_LINE_OR_TRANSFORMER,True,DIRECT_EREDES_P_WITH_POWER_FACTOR_DERIVED_Q
LOAD:00129,BUS:EREDES:0811S5060400:60,29.1,7.293147468685936,29.1,0.0,0.97,PORTO DE LAGOS,0811S5060400,2026-01-20T19:45:00+00:00,DIRECT_EREDES_ACTIVE_POWER,SCENARIO_ASSUMPTION_FIXED_POWER_FACTOR,CONNECTED_TO_LINE_OR_TRANSFORMER,True,DIRECT_EREDES_P_WITH_POWER_FACTOR_DERIVED_Q
LOAD:00130,BUS:EREDES:0811S5063200:60,28.36,7.107685986664369,28.36,0.0,0.97,PORTIMÃO,0811S5063200,2026-01-20T19:45:00+00:00,DIRECT_EREDES_ACTIVE_POWER,SCENARIO_ASSUMPTION_FIXED_POWER_FACTOR,CONNECTED_TO_LINE_OR_TRANSFORMER,True,DIRECT_EREDES_P_WITH_POWER_FACTOR_DERIVED_Q
LOAD:00131,BUS:EREDES:0812S5062100:60,15.01,3.761860601545563,15.01,0.0,0.97,SÃO BRÁS DE ALPORTEL,0812S5062100,2026-01-20T19:45:00+00:00,DIRECT_EREDES_ACTIVE_POWER,SCENARIO_ASSUMPTION_FIXED_POWER_FACTOR,CONNECTED_TO_LINE_OR_TRANSFORMER,True,DIRECT_EREDES_P_WITH_POWER_FACTOR_DERIVED_Q
LOAD:00132,BUS:EREDES:0813S5061900:60,9.43,2.3633807776532088,9.43,0.0,0.97,SÃO BARTOLOMEU MESSINES,0813S5061900,2026-01-20T19:45:00+00:00,DIRECT_EREDES_ACTIVE_POWER,SCENARIO_ASSUMPTION_FIXED_POWER_FACTOR,CONNECTED_TO_LINE_OR_TRANSFORMER,True,DIRECT_EREDES_P_WITH_POWER_FACTOR_DERIVED_Q
LOAD:00133,BUS:EREDES:0813S5062000:60,10.44,2.6165106382502117,10.44,0.0,0.97,SILVES,0813S5062000,2026-01-20T19:45:00+00:00,DIRECT_EREDES_ACTIVE_POWER,SCENARIO_ASSUMPTION_FIXED_POWER_FACTOR,CONNECTED_TO_LINE_OR_TRANSFORMER,True,DIRECT_EREDES_P_WITH_POWER_FACTOR_DERIVED_Q
LOAD:00134,BUS:EREDES:0813S5062400:60,15.51,3.8871724137222974,15.51,0.0,0.97,TUNES,0813S5062400,2026-01-20T19:45:00+00:00,DIRECT_EREDES_ACTIVE_POWER,SCENARIO_ASSUMPTION_FIXED_POWER_FACTOR,CONNECTED_TO_LINE_OR_TRANSFORMER,True,DIRECT_EREDES_P_WITH_POWER_FACTOR_DERIVED_Q
LOAD:00135,BUS:EREDES:0813S5062800:60,25.59,6.413458547205261,25.59,0.0,0.97,ARMAÇÃO DE PERA,0813S5062800,2026-01-20T19:45:00+00:00,DIRECT_EREDES_ACTIVE_POWER,SCENARIO_ASSUMPTION_FIXED_POWER_FACTOR,CONNECTED_TO_LINE_OR_TRANSFORMER,True,DIRECT_EREDES_P_WITH_POWER_FACTOR_DERIVED_Q
LOAD:00136,BUS:EREDES:0814S5060300:60,1.89,0.4736786500280556,1.89,0.0,0.97,CACHOPO,0814S5060300,2026-01-20T19:45:00+00:00,DIRECT_EREDES_ACTIVE_POWER,SCENARIO_ASSUMPTION_FIXED_POWER_FACTOR,CONNECTED_TO_LINE_OR_TRANSFORMER,True,DIRECT_EREDES_P_WITH_POWER_FACTOR_DERIVED_Q
LOAD:00137,BUS:EREDES:0814S5062600:60,19.69,4.934779163519797,19.69,0.0,0.97,TAVIRA,0814S5062600,2026-01-20T19:45:00+00:00,DIRECT_EREDES_ACTIVE_POWER,SCENARIO_ASSUMPTION_FIXED_POWER_FACTOR,CONNECTED_TO_LINE_OR_TRANSFORMER,True,DIRECT_EREDES_P_WITH_POWER_FACTOR_DERIVED_Q
LOAD:00138,BUS:EREDES:0814S5413300:60,6.93,1.7368217167695372,6.93,0.0,0.97,CONCEIÇÃO,0814S5413300,2026-01-20T19:45:00+00:00,DIRECT_EREDES_ACTIVE_POWER,SCENARIO_ASSUMPTION_FIXED_POWER_FACTOR,CONNECTED_TO_LINE_OR_TRANSFORMER,True,DIRECT_EREDES_P_WITH_POWER_FACTOR_DERIVED_Q
LOAD:00139,BUS:EREDES:0815S5061600:60,5.18,1.298230374150967,5.18,0.0,0.97,VILA DO BISPO,0815S5061600,2026-01-20T19:45:00+00:00,DIRECT_EREDES_ACTIVE_POWER,SCENARIO_ASSUMPTION_FIXED_POWER_FACTOR,CONNECTED_TO_LINE_OR_TRANSFORMER,True,DIRECT_EREDES_P_WITH_POWER_FACTOR_DERIVED_Q
LOAD:00140,BUS:EREDES:0903S5008700:60,4.5,1.1278063095906086,4.5,0.0,0.97,CELORICO,0903S5008700,2026-01-20T19:45:00+00:00,DIRECT_EREDES_ACTIVE_POWER,SCENARIO_ASSUMPTION_FIXED_POWER_FACTOR,CONNECTED_TO_LINE_OR_TRANSFORMER,True,DIRECT_EREDES_P_WITH_POWER_FACTOR_DERIVED_Q
LOAD:00141,BUS:EREDES:0906S5008600:60,8.43,2.11275715329974,8.43,0.0,0.97,GOUVEIA,0906S5008600,2026-01-20T19:45:00+00:00,DIRECT_EREDES_ACTIVE_POWER,SCENARIO_ASSUMPTION_FIXED_POWER_FACTOR,CONNECTED_TO_LINE_OR_TRANSFORMER,True,DIRECT_EREDES_P_WITH_POWER_FACTOR_DERIVED_Q
LOAD:00142,BUS:EREDES:0907S5007100:60,25.35,6.353308877360429,25.35,0.0,0.97,GUARDA,0907S5007100,2026-01-20T19:45:00+00:00,DIRECT_EREDES_ACTIVE_POWER,SCENARIO_ASSUMPTION_FIXED_POWER_FACTOR,CONNECTED_TO_LINE_OR_TRANSFORMER,True,DIRECT_EREDES_P_WITH_POWER_FACTOR_DERIVED_Q
LOAD:00143,BUS:EREDES:0907S5024600:60,11.3,2.832046955194195,11.3,0.0,0.97,CASAL DE CINZA,0907S5024600,2026-01-20T19:45:00+00:00,DIRECT_EREDES_ACTIVE_POWER,SCENARIO_ASSUMPTION_FIXED_POWER_FACTOR,CONNECTED_TO_LINE_OR_TRANSFORMER,True,DIRECT_EREDES_P_WITH_POWER_FACTOR_DERIVED_Q
LOAD:00144,BUS:EREDES:0909S5007600:60,5.72,1.43356713130184,5.72,0.0,0.97,MARVÃO,0909S5007600,2026-01-20T19:45:00+00:00,DIRECT_EREDES_ACTIVE_POWER,SCENARIO_ASSUMPTION_FIXED_POWER_FACTOR,CONNECTED_TO_LINE_OR_TRANSFORMER,True,DIRECT_EREDES_P_WITH_POWER_FACTOR_DERIVED_Q
LOAD:00145,BUS:EREDES:0910S5007200:60,8.63,2.162881878170434,8.63,0.0,0.97,PINHEL,0910S5007200,2026-01-20T19:45:00+00:00,DIRECT_EREDES_ACTIVE_POWER,SCENARIO_ASSUMPTION_FIXED_POWER_FACTOR,CONNECTED_TO_LINE_OR_TRANSFORMER,True,DIRECT_EREDES_P_WITH_POWER_FACTOR_DERIVED_Q
LOAD:00146,BUS:EREDES:0911S5007300:60,5.82,1.458629493737187,5.82,0.0,0.97,CERDEIRA,0911S5007300,2026-01-20T19:45:00+00:00,DIRECT_EREDES_ACTIVE_POWER,SCENARIO_ASSUMPTION_FIXED_POWER_FACTOR,CONNECTED_TO_LINE_OR_TRANSFORMER,True,DIRECT_EREDES_P_WITH_POWER_FACTOR_DERIVED_Q
LOAD:00147,BUS:EREDES:0911S5007700:60,4.93,1.2355744680626,4.93,0.0,0.97,SABUGAL,0911S5007700,2026-01-20T19:45:00+00:00,DIRECT_EREDES_ACTIVE_POWER,SCENARIO_ASSUMPTION_FIXED_POWER_FACTOR,CONNECTED_TO_LINE_OR_TRANSFORMER,True,DIRECT_EREDES_P_WITH_POWER_FACTOR_DERIVED_Q
LOAD:00148,BUS:EREDES:0912S5008200:60,1.51,0.3784416727737376,1.51,0.0,0.97,LORIGA,0912S5008200,2026-01-20T19:45:00+00:00,DIRECT_EREDES_ACTIVE_POWER,SCENARIO_ASSUMPTION_FIXED_POWER_FACTOR,CONNECTED_TO_LINE_OR_TRANSFORMER,True,DIRECT_EREDES_P_WITH_POWER_FACTOR_DERIVED_Q
LOAD:00149,BUS:EREDES:0912S5008300:60,13.82,3.463618488564936,13.82,0.0,0.97,SEIA,0912S5008300,2026-01-20T19:45:00+00:00,DIRECT_EREDES_ACTIVE_POWER,SCENARIO_ASSUMPTION_FIXED_POWER_FACTOR,CONNECTED_TO_LINE_OR_TRANSFORMER,True,DIRECT_EREDES_P_WITH_POWER_FACTOR_DERIVED_Q
LOAD:00150,BUS:EREDES:0912S5009000:60,2.46,0.6165341159095327,2.46,0.0,0.97,SABUGUEIRO,0912S5009000,2026-01-20T19:45:00+00:00,DIRECT_EREDES_ACTIVE_POWER,SCENARIO_ASSUMPTION_FIXED_POWER_FACTOR,CONNECTED_TO_LINE_OR_TRANSFORMER,True,DIRECT_EREDES_P_WITH_POWER_FACTOR_DERIVED_Q
LOAD:00151,BUS:EREDES:0913S5007500:60,6.2,1.553866470991505,6.2,0.0,0.97,TRANCOSO,0913S5007500,2026-01-20T19:45:00+00:00,DIRECT_EREDES_ACTIVE_POWER,SCENARIO_ASSUMPTION_FIXED_POWER_FACTOR,CONNECTED_TO_LINE_OR_TRANSFORMER,True,DIRECT_EREDES_P_WITH_POWER_FACTOR_DERIVED_Q
LOAD:00152,BUS:EREDES:1001S5000400:60,17.29,4.333282465071472,17.29,0.0,0.97,TURQUEL,1001S5000400,2026-01-20T19:45:00+00:00,DIRECT_EREDES_ACTIVE_POWER,SCENARIO_ASSUMPTION_FIXED_POWER_FACTOR,CONNECTED_TO_LINE_OR_TRANSFORMER,True,DIRECT_EREDES_P_WITH_POWER_FACTOR_DERIVED_Q
LOAD:00153,BUS:EREDES:1001S5001300:60,15.34,3.844566397582208,15.34,0.0,0.97,CELA,1001S5001300,2026-01-20T19:45:00+00:00,DIRECT_EREDES_ACTIVE_POWER,SCENARIO_ASSUMPTION_FIXED_POWER_FACTOR,CONNECTED_TO_LINE_OR_TRANSFORMER,True,DIRECT_EREDES_P_WITH_POWER_FACTOR_DERIVED_Q
LOAD:00154,BUS:EREDES:1001S5004200:60,24.64,6.175366104069466,24.64,0.0,0.97,CASAL DA AREIA,1001S5004200,2026-01-20T19:45:00+00:00,DIRECT_EREDES_ACTIVE_POWER,SCENARIO_ASSUMPTION_FIXED_POWER_FACTOR,CONNECTED_TO_LINE_OR_TRANSFORMER,True,DIRECT_EREDES_P_WITH_POWER_FACTOR_DERIVED_Q
LOAD:00155,BUS:EREDES:1001S5905000:60,17.6,4.410975788621047,17.6,0.0,0.97,ALCOBAÇA,1001S5905000,2026-01-20T19:45:00+00:00,DIRECT_EREDES_ACTIVE_POWER,SCENARIO_ASSUMPTION_FIXED_POWER_FACTOR,CONNECTED_TO_LINE_OR_TRANSFORMER,True,DIRECT_EREDES_P_WITH_POWER_FACTOR_DERIVED_Q
LOAD:00156,BUS:EREDES:1002S5023000:60,0.0,0.0,0.0,0.0,0.97,ALVAIÁZERE,1002S5023000,2026-01-20T19:45:00+00:00,DIRECT_EREDES_ACTIVE_POWER,SCENARIO_ASSUMPTION_FIXED_POWER_FACTOR,CONNECTED_TO_LINE_OR_TRANSFORMER,True,REN_RESIDUAL_PTD_SPATIAL_ALLOCATION_WITH_POWER_FACTOR_DERIVED_Q
LOAD:00157,BUS:EREDES:1003S5003200:60,11.86,2.972396184832137,11.86,0.0,0.97,PONTÃO,1003S5003200,2026-01-20T19:45:00+00:00,DIRECT_EREDES_ACTIVE_POWER,SCENARIO_ASSUMPTION_FIXED_POWER_FACTOR,CONNECTED_TO_LINE_OR_TRANSFORMER,True,DIRECT_EREDES_P_WITH_POWER_FACTOR_DERIVED_Q
LOAD:00158,BUS:EREDES:1006S5003000:60,20.5,5.137784299246106,20.5,0.0,0.97,CALDAS DA RAINHA,1006S5003000,2026-01-20T19:45:00+00:00,DIRECT_EREDES_ACTIVE_POWER,SCENARIO_ASSUMPTION_FIXED_POWER_FACTOR,CONNECTED_TO_LINE_OR_TRANSFORMER,True,DIRECT_EREDES_P_WITH_POWER_FACTOR_DERIVED_Q
LOAD:00159,BUS:EREDES:1006S5005000:60,20.2,5.062597211940065,20.2,0.0,0.97,SANTO ONOFRE,1006S5005000,2026-01-20T19:45:00+00:00,DIRECT_EREDES_ACTIVE_POWER,SCENARIO_ASSUMPTION_FIXED_POWER_FACTOR,CONNECTED_TO_LINE_OR_TRANSFORMER,True,DIRECT_EREDES_P_WITH_POWER_FACTOR_DERIVED_Q
LOAD:00160,BUS:EREDES:1009S5002100:60,17.93,4.493681584657692,17.93,0.0,0.97,AZÓIA,1009S5002100,2026-01-20T19:45:00+00:00,DIRECT_EREDES_ACTIVE_POWER,SCENARIO_ASSUMPTION_FIXED_POWER_FACTOR,CONNECTED_TO_LINE_OR_TRANSFORMER,True,DIRECT_EREDES_P_WITH_POWER_FACTOR_DERIVED_Q
LOAD:00161,BUS:EREDES:1009S5002200:60,36.0114,9.0253075860425,36.0114,0.0,0.97,ANDRINOS,1009S5002200,2026-01-20T19:45:00+00:00,DIRECT_EREDES_ACTIVE_POWER,SCENARIO_ASSUMPTION_FIXED_POWER_FACTOR,CONNECTED_TO_LINE_OR_TRANSFORMER,True,DIRECT_EREDES_P_WITH_POWER_FACTOR_DERIVED_Q
LOAD:00162,BUS:EREDES:1009S5002600:60,25.22,6.320727806194477,25.22,0.0,0.97,ORTIGOSA,1009S5002600,2026-01-20T19:45:00+00:00,DIRECT_EREDES_ACTIVE_POWER,SCENARIO_ASSUMPTION_FIXED_POWER_FACTOR,CONNECTED_TO_LINE_OR_TRANSFORMER,True,DIRECT_EREDES_P_WITH_POWER_FACTOR_DERIVED_Q
LOAD:00163,BUS:EREDES:1009S5002700:60,14.61,3.661611151804176,14.61,0.0,0.97,PINHEIROS,1009S5002700,2026-01-20T19:45:00+00:00,DIRECT_EREDES_ACTIVE_POWER,SCENARIO_ASSUMPTION_FIXED_POWER_FACTOR,CONNECTED_TO_LINE_OR_TRANSFORMER,True,DIRECT_EREDES_P_WITH_POWER_FACTOR_DERIVED_Q
LOAD:00164,BUS:EREDES:1009S5023300:60,17.16,4.300701393905521,17.16,0.0,0.97,PARCEIROS,1009S5023300,2026-01-20T19:45:00+00:00,DIRECT_EREDES_ACTIVE_POWER,SCENARIO_ASSUMPTION_FIXED_POWER_FACTOR,CONNECTED_TO_LINE_OR_TRANSFORMER,True,DIRECT_EREDES_P_WITH_POWER_FACTOR_DERIVED_Q
LOAD:00165,BUS:EREDES:1010S5000000:60,37.81,9.476079236804647,37.81,0.0,0.97,MARINHA GRANDE,1010S5000000,2026-01-20T19:45:00+00:00,DIRECT_EREDES_ACTIVE_POWER,SCENARIO_ASSUMPTION_FIXED_POWER_FACTOR,CONNECTED_TO_LINE_OR_TRANSFORMER,True,DIRECT_EREDES_P_WITH_POWER_FACTOR_DERIVED_Q
LOAD:00166,BUS:EREDES:1010S5011000:60,28.5,7.142773294073854,28.5,0.0,0.97,CASAL DA LEBRE,1010S5011000,2026-01-20T19:45:00+00:00,DIRECT_EREDES_ACTIVE_POWER,SCENARIO_ASSUMPTION_FIXED_POWER_FACTOR,CONNECTED_TO_LINE_OR_TRANSFORMER,True,DIRECT_EREDES_P_WITH_POWER_FACTOR_DERIVED_Q
LOAD:00167,BUS:EREDES:1012S5000500:60,27.22,6.821975054901414,27.22,0.0,0.97,SANCHEIRA,1012S5000500,2026-01-20T19:45:00+00:00,DIRECT_EREDES_ACTIVE_POWER,SCENARIO_ASSUMPTION_FIXED_POWER_FACTOR,CONNECTED_TO_LINE_OR_TRANSFORMER,True,DIRECT_EREDES_P_WITH_POWER_FACTOR_DERIVED_Q
LOAD:00168,BUS:EREDES:1013S5011300:60,6.94,1.739327953013072,6.94,0.0,0.97,PEDROGÃO,1013S5011300,2026-01-20T19:45:00+00:00,DIRECT_EREDES_ACTIVE_POWER,SCENARIO_ASSUMPTION_FIXED_POWER_FACTOR,CONNECTED_TO_LINE_OR_TRANSFORMER,True,DIRECT_EREDES_P_WITH_POWER_FACTOR_DERIVED_Q
LOAD:00169,BUS:EREDES:1014S5001200:60,21.0612,5.278434277233273,21.0612,0.0,0.97,ATOUGUIA,1014S5001200,2026-01-20T19:45:00+00:00,DIRECT_EREDES_ACTIVE_POWER,SCENARIO_ASSUMPTION_FIXED_POWER_FACTOR,CONNECTED_TO_LINE_OR_TRANSFORMER,True,DIRECT_EREDES_P_WITH_POWER_FACTOR_DERIVED_Q
LOAD:00170,BUS:EREDES:1015S5002300:60,35.28,8.842001467190371,35.28,0.0,0.97,POMBAL,1015S5002300,2026-01-20T19:45:00+00:00,DIRECT_EREDES_ACTIVE_POWER,SCENARIO_ASSUMPTION_FIXED_POWER_FACTOR,CONNECTED_TO_LINE_OR_TRANSFORMER,True,DIRECT_EREDES_P_WITH_POWER_FACTOR_DERIVED_Q
LOAD:00171,BUS:EREDES:1015S5004400:60,9.03,2.2631313279118213,9.03,0.0,0.97,RANHA,1015S5004400,2026-01-20T19:45:00+00:00,DIRECT_EREDES_ACTIVE_POWER,SCENARIO_ASSUMPTION_FIXED_POWER_FACTOR,CONNECTED_TO_LINE_OR_TRANSFORMER,True,DIRECT_EREDES_P_WITH_POWER_FACTOR_DERIVED_Q
LOAD:00172,BUS:EREDES:1015S5904900:60,11.09,2.7794159940799665,11.09,0.0,0.97,LOURIÇAL,1015S5904900,2026-01-20T19:45:00+00:00,DIRECT_EREDES_ACTIVE_POWER,SCENARIO_ASSUMPTION_FIXED_POWER_FACTOR,CONNECTED_TO_LINE_OR_TRANSFORMER,True,DIRECT_EREDES_P_WITH_POWER_FACTOR_DERIVED_Q
LOAD:00173,BUS:EREDES:1016S5000100:60,23.58,5.909705062254789,23.58,0.0,0.97,SÃO JORGE,1016S5000100,2026-01-20T19:45:00+00:00,DIRECT_EREDES_ACTIVE_POWER,SCENARIO_ASSUMPTION_FIXED_POWER_FACTOR,CONNECTED_TO_LINE_OR_TRANSFORMER,True,DIRECT_EREDES_P_WITH_POWER_FACTOR_DERIVED_Q
LOAD:00174,BUS:EREDES:1101S5335200:60,23.88,5.984892149560829,23.88,0.0,0.97,VALE TEJO,1101S5335200,2026-01-20T19:45:00+00:00,DIRECT_EREDES_ACTIVE_POWER,SCENARIO_ASSUMPTION_FIXED_POWER_FACTOR,CONNECTED_TO_LINE_OR_TRANSFORMER,True,DIRECT_EREDES_P_WITH_POWER_FACTOR_DERIVED_Q
LOAD:00175,BUS:EREDES:1101S5423500:60,10.2,2.556360968405379,10.2,0.0,0.97,MERCEANA,1101S5423500,2026-01-20T19:45:00+00:00,DIRECT_EREDES_ACTIVE_POWER,SCENARIO_ASSUMPTION_FIXED_POWER_FACTOR,CONNECTED_TO_LINE_OR_TRANSFORMER,True,DIRECT_EREDES_P_WITH_POWER_FACTOR_DERIVED_Q
LOAD:00176,BUS:EREDES:1101S5901600:60,11.28,2.827034482707125,11.28,0.0,0.97,CHEGANÇAS,1101S5901600,2026-01-20T19:45:00+00:00,DIRECT_EREDES_ACTIVE_POWER,SCENARIO_ASSUMPTION_FIXED_POWER_FACTOR,CONNECTED_TO_LINE_OR_TRANSFORMER,True,DIRECT_EREDES_P_WITH_POWER_FACTOR_DERIVED_Q
LOAD:00177,BUS:EREDES:1103S5191400:60,18.87,4.729267791549952,18.87,0.0,0.97,ESPADANAL,1103S5191400,2026-01-20T19:45:00+00:00,DIRECT_EREDES_ACTIVE_POWER,SCENARIO_ASSUMPTION_FIXED_POWER_FACTOR,CONNECTED_TO_LINE_OR_TRANSFORMER,True,DIRECT_EREDES_P_WITH_POWER_FACTOR_DERIVED_Q
LOAD:00178,BUS:EREDES:1104S5672000:60,9.72,2.436061628715714,9.72,0.0,0.97,CADAVAL,1104S5672000,2026-01-20T19:45:00+00:00,DIRECT_EREDES_ACTIVE_POWER,SCENARIO_ASSUMPTION_FIXED_POWER_FACTOR,CONNECTED_TO_LINE_OR_TRANSFORMER,True,DIRECT_EREDES_P_WITH_POWER_FACTOR_DERIVED_Q
LOAD:00179,BUS:EREDES:1105S5250000:60,37.37,9.36580484208912,37.37,0.0,0.97,BIRRE,1105S5250000,2026-01-20T19:45:00+00:00,DIRECT_EREDES_ACTIVE_POWER,SCENARIO_ASSUMPTION_FIXED_POWER_FACTOR,CONNECTED_TO_LINE_OR_TRANSFORMER,True,DIRECT_EREDES_P_WITH_POWER_FACTOR_DERIVED_Q
LOAD:00180,BUS:EREDES:1105S5376000:60,28.64,7.17786060148334,28.64,0.0,0.97,ESTORIL,1105S5376000,2026-01-20T19:45:00+00:00,DIRECT_EREDES_ACTIVE_POWER,SCENARIO_ASSUMPTION_FIXED_POWER_FACTOR,CONNECTED_TO_LINE_OR_TRANSFORMER,True,DIRECT_EREDES_P_WITH_POWER_FACTOR_DERIVED_Q
LOAD:00181,BUS:EREDES:1105S5396000:60,23.69,5.937273660933671,23.69,0.0,0.97,ALCOITÃO,1105S5396000,2026-01-20T19:45:00+00:00,DIRECT_EREDES_ACTIVE_POWER,SCENARIO_ASSUMPTION_FIXED_POWER_FACTOR,CONNECTED_TO_LINE_OR_TRANSFORMER,True,DIRECT_EREDES_P_WITH_POWER_FACTOR_DERIVED_Q
LOAD:00182,BUS:EREDES:1105S5413000:60,35.34,8.85703888465158,35.34,0.0,0.97,PAREDE,1105S5413000,2026-01-20T19:45:00+00:00,DIRECT_EREDES_ACTIVE_POWER,SCENARIO_ASSUMPTION_FIXED_POWER_FACTOR,CONNECTED_TO_LINE_OR_TRANSFORMER,True,DIRECT_EREDES_P_WITH_POWER_FACTOR_DERIVED_Q
LOAD:00183,BUS:EREDES:1105S5901100:60,31.59,7.917200293326072,31.59,0.0,0.97,ABÓBODA,1105S5901100,2026-01-20T19:45:00+00:00,DIRECT_EREDES_ACTIVE_POWER,SCENARIO_ASSUMPTION_FIXED_POWER_FACTOR,CONNECTED_TO_LINE_OR_TRANSFORMER,True,DIRECT_EREDES_P_WITH_POWER_FACTOR_DERIVED_Q
LOAD:00184,BUS:EREDES:1105S5903300:60,18.04,4.521250183336573,18.04,0.0,0.97,CASCAIS,1105S5903300,2026-01-20T19:45:00+00:00,DIRECT_EREDES_ACTIVE_POWER,SCENARIO_ASSUMPTION_FIXED_POWER_FACTOR,CONNECTED_TO_LINE_OR_TRANSFORMER,True,DIRECT_EREDES_P_WITH_POWER_FACTOR_DERIVED_Q
LOAD:00185,BUS:EREDES:1106S5025800:60,38.37,9.616428466442589,38.37,0.0,0.97,CENTRAL TEJO,1106S5025800,2026-01-20T19:45:00+00:00,DIRECT_EREDES_ACTIVE_POWER,SCENARIO_ASSUMPTION_FIXED_POWER_FACTOR,CONNECTED_TO_LINE_OR_TRANSFORMER,True,DIRECT_EREDES_P_WITH_POWER_FACTOR_DERIVED_Q
LOAD:00186,BUS:EREDES:1106S5045000:60,17.06,4.275639031470174,17.06,0.0,0.97,SÃO CIRO,1106S5045000,2026-01-20T19:45:00+00:00,DIRECT_EREDES_ACTIVE_POWER,SCENARIO_ASSUMPTION_FIXED_POWER_FACTOR,CONNECTED_TO_LINE_OR_TRANSFORMER,True,DIRECT_EREDES_P_WITH_POWER_FACTOR_DERIVED_Q
LOAD:00187,BUS:EREDES:1106S5064000:60,22.72,5.694168745310805,22.72,0.0,0.97,SANTA MARTA,1106S5064000,2026-01-20T19:45:00+00:00,DIRECT_EREDES_ACTIVE_POWER,SCENARIO_ASSUMPTION_FIXED_POWER_FACTOR,CONNECTED_TO_LINE_OR_TRANSFORMER,True,DIRECT_EREDES_P_WITH_POWER_FACTOR_DERIVED_Q
LOAD:00188,BUS:EREDES:1106S5072500:60,25.29,6.33827145989922,25.29,0.0,0.97,SENHOR ROUBADO,1106S5072500,2026-01-20T19:45:00+00:00,DIRECT_EREDES_ACTIVE_POWER,SCENARIO_ASSUMPTION_FIXED_POWER_FACTOR,CONNECTED_TO_LINE_OR_TRANSFORMER,True,DIRECT_EREDES_P_WITH_POWER_FACTOR_DERIVED_Q
LOAD:00189,BUS:EREDES:1106S5099600:60,39.16,9.81442112968183,39.16,0.0,0.97,NORTE,1106S5099600,2026-01-20T19:45:00+00:00,DIRECT_EREDES_ACTIVE_POWER,SCENARIO_ASSUMPTION_FIXED_POWER_FACTOR,CONNECTED_TO_LINE_OR_TRANSFORMER,True,DIRECT_EREDES_P_WITH_POWER_FACTOR_DERIVED_Q
LOAD:00190,BUS:EREDES:1106S5140000:60,27.43,6.874606016015643,27.43,0.0,0.97,VALE ESCURO,1106S5140000,2026-01-20T19:45:00+00:00,DIRECT_EREDES_ACTIVE_POWER,SCENARIO_ASSUMPTION_FIXED_POWER_FACTOR,CONNECTED_TO_LINE_OR_TRANSFORMER,True,DIRECT_EREDES_P_WITH_POWER_FACTOR_DERIVED_Q
LOAD:00191,BUS:EREDES:1106S5200200:60,32.05,8.032487160528667,32.05,0.0,0.97,PRAÇA FIGUEIRA,1106S5200200,2026-01-20T19:45:00+00:00,DIRECT_EREDES_ACTIVE_POWER,SCENARIO_ASSUMPTION_FIXED_POWER_FACTOR,CONNECTED_TO_LINE_OR_TRANSFORMER,True,DIRECT_EREDES_P_WITH_POWER_FACTOR_DERIVED_Q
LOAD:00192,BUS:EREDES:1106S5200300:60,26.49,6.639019809123382,26.49,0.0,0.97,ALAMEDA,1106S5200300,2026-01-20T19:45:00+00:00,DIRECT_EREDES_ACTIVE_POWER,SCENARIO_ASSUMPTION_FIXED_POWER_FACTOR,CONNECTED_TO_LINE_OR_TRANSFORMER,True,DIRECT_EREDES_P_WITH_POWER_FACTOR_DERIVED_Q
LOAD:00193,BUS:EREDES:1106S5242000:60,29.78,7.463571533246294,29.78,0.0,0.97,TELHEIRAS,1106S5242000,2026-01-20T19:45:00+00:00,DIRECT_EREDES_ACTIVE_POWER,SCENARIO_ASSUMPTION_FIXED_POWER_FACTOR,CONNECTED_TO_LINE_OR_TRANSFORMER,True,DIRECT_EREDES_P_WITH_POWER_FACTOR_DERIVED_Q
LOAD:00194,BUS:EREDES:1106S5244000:60,30.63,7.676601613946742,30.63,0.0,0.97,PARQUE,1106S5244000,2026-01-20T19:45:00+00:00,DIRECT_EREDES_ACTIVE_POWER,SCENARIO_ASSUMPTION_FIXED_POWER_FACTOR,CONNECTED_TO_LINE_OR_TRANSFORMER,True,DIRECT_EREDES_P_WITH_POWER_FACTOR_DERIVED_Q
LOAD:00195,BUS:EREDES:1106S5275000:60,29.4,7.368334555991976,29.4,0.0,0.97,AEROPORTO,1106S5275000,2026-01-20T19:45:00+00:00,DIRECT_EREDES_ACTIVE_POWER,SCENARIO_ASSUMPTION_FIXED_POWER_FACTOR,CONNECTED_TO_LINE_OR_TRANSFORMER,True,DIRECT_EREDES_P_WITH_POWER_FACTOR_DERIVED_Q
LOAD:00196,BUS:EREDES:1106S5375000:60,36.63,9.180343360067557,36.63,0.0,0.97,LUZ,1106S5375000,2026-01-20T19:45:00+00:00,DIRECT_EREDES_ACTIVE_POWER,SCENARIO_ASSUMPTION_FIXED_POWER_FACTOR,CONNECTED_TO_LINE_OR_TRANSFORMER,True,DIRECT_EREDES_P_WITH_POWER_FACTOR_DERIVED_Q
LOAD:00197,BUS:EREDES:1106S5431000:60,25.99,6.513707996946648,25.99,0.0,0.97,ENTRECAMPOS,1106S5431000,2026-01-20T19:45:00+00:00,DIRECT_EREDES_ACTIVE_POWER,SCENARIO_ASSUMPTION_FIXED_POWER_FACTOR,CONNECTED_TO_LINE_OR_TRANSFORMER,True,DIRECT_EREDES_P_WITH_POWER_FACTOR_DERIVED_Q
LOAD:00198,BUS:EREDES:1106S5478000:60,22.56,5.65406896541425,22.56,0.0,0.97,AMOREIRAS,1106S5478000,2026-01-20T19:45:00+00:00,DIRECT_EREDES_ACTIVE_POWER,SCENARIO_ASSUMPTION_FIXED_POWER_FACTOR,CONNECTED_TO_LINE_OR_TRANSFORMER,True,DIRECT_EREDES_P_WITH_POWER_FACTOR_DERIVED_Q
LOAD:00199,BUS:EREDES:1106S5716600:60,23.95,6.0024358032655725,23.95,0.0,0.97,ARCO CARVALHÃO,1106S5716600,2026-01-20T19:45:00+00:00,DIRECT_EREDES_ACTIVE_POWER,SCENARIO_ASSUMPTION_FIXED_POWER_FACTOR,CONNECTED_TO_LINE_OR_TRANSFORMER,True,DIRECT_EREDES_P_WITH_POWER_FACTOR_DERIVED_Q
LOAD:00200,BUS:EREDES:1106S5728000:60,19.05,4.774380043933577,19.05,0.0,0.97,COLOMBO,1106S5728000,2026-01-20T19:45:00+00:00,DIRECT_EREDES_ACTIVE_POWER,SCENARIO_ASSUMPTION_FIXED_POWER_FACTOR,CONNECTED_TO_LINE_OR_TRANSFORMER,True,DIRECT_EREDES_P_WITH_POWER_FACTOR_DERIVED_Q
LOAD:00201,BUS:EREDES:1106S5800000:60,24.1,6.040029346918593,24.1,0.0,0.97,EXPO SUL,1106S5800000,2026-01-20T19:45:00+00:00,DIRECT_EREDES_ACTIVE_POWER,SCENARIO_ASSUMPTION_FIXED_POWER_FACTOR,CONNECTED_TO_LINE_OR_TRANSFORMER,True,DIRECT_EREDES_P_WITH_POWER_FACTOR_DERIVED_Q
LOAD:00202,BUS:EREDES:1106S5800800:60,20.79,5.210465150308612,20.79,0.0,0.97,EXPO NORTE,1106S5800800,2026-01-20T19:45:00+00:00,DIRECT_EREDES_ACTIVE_POWER,SCENARIO_ASSUMPTION_FIXED_POWER_FACTOR,CONNECTED_TO_LINE_OR_TRANSFORMER,True,DIRECT_EREDES_P_WITH_POWER_FACTOR_DERIVED_Q
LOAD:00203,BUS:EREDES:1106S5815000:60,10.48,2.6265355832243507,10.48,0.0,0.97,ALTO DO LUMIAR,1106S5815000,2026-01-20T19:45:00+00:00,DIRECT_EREDES_ACTIVE_POWER,SCENARIO_ASSUMPTION_FIXED_POWER_FACTOR,CONNECTED_TO_LINE_OR_TRANSFORMER,True,DIRECT_EREDES_P_WITH_POWER_FACTOR_DERIVED_Q
LOAD:00204,BUS:EREDES:1106S5900100:60,20.69,5.185402787873265,20.69,0.0,0.97,GAGO COUTINHO,1106S5900100,2026-01-20T19:45:00+00:00,DIRECT_EREDES_ACTIVE_POWER,SCENARIO_ASSUMPTION_FIXED_POWER_FACTOR,CONNECTED_TO_LINE_OR_TRANSFORMER,True,DIRECT_EREDES_P_WITH_POWER_FACTOR_DERIVED_Q
LOAD:00205,BUS:EREDES:1106S5902900:60,31.59,7.917200293326072,31.59,0.0,0.97,MARVILA,1106S5902900,2026-01-20T19:45:00+00:00,DIRECT_EREDES_ACTIVE_POWER,SCENARIO_ASSUMPTION_FIXED_POWER_FACTOR,CONNECTED_TO_LINE_OR_TRANSFORMER,True,DIRECT_EREDES_P_WITH_POWER_FACTOR_DERIVED_Q
LOAD:00206,BUS:EREDES:1106S5907000:60,23.48,5.884642699819442,23.48,0.0,0.97,BOAVISTA (NOVA),1106S5907000,2026-01-20T19:45:00+00:00,DIRECT_EREDES_ACTIVE_POWER,SCENARIO_ASSUMPTION_FIXED_POWER_FACTOR,CONNECTED_TO_LINE_OR_TRANSFORMER,True,DIRECT_EREDES_P_WITH_POWER_FACTOR_DERIVED_Q
LOAD:00207,BUS:EREDES:1107S5097500:60,18.68,4.681649302922793,18.68,0.0,0.97,MOSCAVIDE,1107S5097500,2026-01-20T19:45:00+00:00,DIRECT_EREDES_ACTIVE_POWER,SCENARIO_ASSUMPTION_FIXED_POWER_FACTOR,CONNECTED_TO_LINE_OR_TRANSFORMER,True,DIRECT_EREDES_P_WITH_POWER_FACTOR_DERIVED_Q
LOAD:00208,BUS:EREDES:1107S5167800:60,22.54,5.649056492927182,22.54,0.0,0.97,ANAIA,1107S5167800,2026-01-20T19:45:00+00:00,DIRECT_EREDES_ACTIVE_POWER,SCENARIO_ASSUMPTION_FIXED_POWER_FACTOR,CONNECTED_TO_LINE_OR_TRANSFORMER,True,DIRECT_EREDES_P_WITH_POWER_FACTOR_DERIVED_Q
LOAD:00209,BUS:EREDES:1107S5221400:60,34.51,8.6490212764382,34.51,0.0,0.97,LOURES,1107S5221400,2026-01-20T19:45:00+00:00,DIRECT_EREDES_ACTIVE_POWER,SCENARIO_ASSUMPTION_FIXED_POWER_FACTOR,CONNECTED_TO_LINE_OR_TRANSFORMER,True,DIRECT_EREDES_P_WITH_POWER_FACTOR_DERIVED_Q
LOAD:00210,BUS:EREDES:1107S5518000:60,31.95,8.007424798093322,31.95,0.0,0.97,QUINTA DA CALDEIRA,1107S5518000,2026-01-20T19:45:00+00:00,DIRECT_EREDES_ACTIVE_POWER,SCENARIO_ASSUMPTION_FIXED_POWER_FACTOR,CONNECTED_TO_LINE_OR_TRANSFORMER,True,DIRECT_EREDES_P_WITH_POWER_FACTOR_DERIVED_Q
LOAD:00211,BUS:EREDES:1107S5819500:60,18.98,4.756836390228834,18.98,0.0,0.97,MERCADO,1107S5819500,2026-01-20T19:45:00+00:00,DIRECT_EREDES_ACTIVE_POWER,SCENARIO_ASSUMPTION_FIXED_POWER_FACTOR,CONNECTED_TO_LINE_OR_TRANSFORMER,True,DIRECT_EREDES_P_WITH_POWER_FACTOR_DERIVED_Q
LOAD:00212,BUS:EREDES:1107S5901900:60,8.45,2.1177696257868095,8.45,0.0,0.97,FANHÕES,1107S5901900,2026-01-20T19:45:00+00:00,DIRECT_EREDES_ACTIVE_POWER,SCENARIO_ASSUMPTION_FIXED_POWER_FACTOR,CONNECTED_TO_LINE_OR_TRANSFORMER,True,DIRECT_EREDES_P_WITH_POWER_FACTOR_DERIVED_Q
LOAD:00213,BUS:EREDES:1107S5903700:60,14.73,3.691685986726592,14.73,0.0,0.97,CAMARATE,1107S5903700,2026-01-20T19:45:00+00:00,DIRECT_EREDES_ACTIVE_POWER,SCENARIO_ASSUMPTION_FIXED_POWER_FACTOR,CONNECTED_TO_LINE_OR_TRANSFORMER,True,DIRECT_EREDES_P_WITH_POWER_FACTOR_DERIVED_Q
LOAD:00214,BUS:EREDES:1108S5729600:60,19.24,4.821998532560735,19.24,0.0,0.97,LOURINHÃ,1108S5729600,2026-01-20T19:45:00+00:00,DIRECT_EREDES_ACTIVE_POWER,SCENARIO_ASSUMPTION_FIXED_POWER_FACTOR,CONNECTED_TO_LINE_OR_TRANSFORMER,True,DIRECT_EREDES_P_WITH_POWER_FACTOR_DERIVED_Q
LOAD:00215,BUS:EREDES:1109S5430000:60,20.99,5.260589875179305,20.99,0.0,0.97,MAFRA,1109S5430000,2026-01-20T19:45:00+00:00,DIRECT_EREDES_ACTIVE_POWER,SCENARIO_ASSUMPTION_FIXED_POWER_FACTOR,CONNECTED_TO_LINE_OR_TRANSFORMER,True,DIRECT_EREDES_P_WITH_POWER_FACTOR_DERIVED_Q
LOAD:00216,BUS:EREDES:1109S5727400:60,35.47,8.88961995581753,35.47,0.0,0.97,TELHEIRO,1109S5727400,2026-01-20T19:45:00+00:00,DIRECT_EREDES_ACTIVE_POWER,SCENARIO_ASSUMPTION_FIXED_POWER_FACTOR,CONNECTED_TO_LINE_OR_TRANSFORMER,True,DIRECT_EREDES_P_WITH_POWER_FACTOR_DERIVED_Q
LOAD:00217,BUS:EREDES:1109S5902500:60,19.99,5.009966250825836,19.99,0.0,0.97,VENDA DO PINHEIRO,1109S5902500,2026-01-20T19:45:00+00:00,DIRECT_EREDES_ACTIVE_POWER,SCENARIO_ASSUMPTION_FIXED_POWER_FACTOR,CONNECTED_TO_LINE_OR_TRANSFORMER,True,DIRECT_EREDES_P_WITH_POWER_FACTOR_DERIVED_Q
LOAD:00218,BUS:EREDES:1109S5905600:60,4.23,1.0601379310151722,4.23,0.0,0.97,GRADIL,1109S5905600,2026-01-20T19:45:00+00:00,DIRECT_EREDES_ACTIVE_POWER,SCENARIO_ASSUMPTION_FIXED_POWER_FACTOR,CONNECTED_TO_LINE_OR_TRANSFORMER,True,DIRECT_EREDES_P_WITH_POWER_FACTOR_DERIVED_Q
LOAD:00219,BUS:EREDES:1110S5117100:60,43.27,10.844484225774586,43.27,0.0,0.97,FIGUEIRINHA,1110S5117100,2026-01-20T19:45:00+00:00,DIRECT_EREDES_ACTIVE_POWER,SCENARIO_ASSUMPTION_FIXED_POWER_FACTOR,CONNECTED_TO_LINE_OR_TRANSFORMER,True,DIRECT_EREDES_P_WITH_POWER_FACTOR_DERIVED_Q
LOAD:00220,BUS:EREDES:1110S5270000:60,49.38,12.375794570574278,49.38,0.0,0.97,MIRAFLORES,1110S5270000,2026-01-20T19:45:00+00:00,DIRECT_EREDES_ACTIVE_POWER,SCENARIO_ASSUMPTION_FIXED_POWER_FACTOR,CONNECTED_TO_LINE_OR_TRANSFORMER,True,DIRECT_EREDES_P_WITH_POWER_FACTOR_DERIVED_Q
LOAD:00221,BUS:EREDES:1110S5810700:60,26.45,6.628994864149243,26.45,0.0,0.97,LEIÃO,1110S5810700,2026-01-20T19:45:00+00:00,DIRECT_EREDES_ACTIVE_POWER,SCENARIO_ASSUMPTION_FIXED_POWER_FACTOR,CONNECTED_TO_LINE_OR_TRANSFORMER,True,DIRECT_EREDES_P_WITH_POWER_FACTOR_DERIVED_Q
LOAD:00222,BUS:EREDES:1110S5900200:60,8.81,2.2079941305540585,8.81,0.0,0.97,BARCARENA,1110S5900200,2026-01-20T19:45:00+00:00,DIRECT_EREDES_ACTIVE_POWER,SCENARIO_ASSUMPTION_FIXED_POWER_FACTOR,CONNECTED_TO_LINE_OR_TRANSFORMER,True,DIRECT_EREDES_P_WITH_POWER_FACTOR_DERIVED_Q
LOAD:00223,BUS:EREDES:1111S5066400:60,16.18,4.055090242039122,16.18,0.0,0.97,PERO PINHEIRO,1111S5066400,2026-01-20T19:45:00+00:00,DIRECT_EREDES_ACTIVE_POWER,SCENARIO_ASSUMPTION_FIXED_POWER_FACTOR,CONNECTED_TO_LINE_OR_TRANSFORMER,True,DIRECT_EREDES_P_WITH_POWER_FACTOR_DERIVED_Q
LOAD:00224,BUS:EREDES:1111S5127800:60,22.54,5.649056492927182,22.54,0.0,0.97,CAPA ROTA,1111S5127800,2026-01-20T19:45:00+00:00,DIRECT_EREDES_ACTIVE_POWER,SCENARIO_ASSUMPTION_FIXED_POWER_FACTOR,CONNECTED_TO_LINE_OR_TRANSFORMER,True,DIRECT_EREDES_P_WITH_POWER_FACTOR_DERIVED_Q
LOAD:00225,BUS:EREDES:1111S5200000:60,13.48,3.3784064562847567,13.48,0.0,0.97,SABUGO,1111S5200000,2026-01-20T19:45:00+00:00,DIRECT_EREDES_ACTIVE_POWER,SCENARIO_ASSUMPTION_FIXED_POWER_FACTOR,CONNECTED_TO_LINE_OR_TRANSFORMER,True,DIRECT_EREDES_P_WITH_POWER_FACTOR_DERIVED_Q
LOAD:00226,BUS:EREDES:1111S5221600:60,50.27,12.598849596248868,50.27,0.0,0.97,CACÉM,1111S5221600,2026-01-20T19:45:00+00:00,DIRECT_EREDES_ACTIVE_POWER,SCENARIO_ASSUMPTION_FIXED_POWER_FACTOR,CONNECTED_TO_LINE_OR_TRANSFORMER,True,DIRECT_EREDES_P_WITH_POWER_FACTOR_DERIVED_Q
LOAD:00227,BUS:EREDES:1111S5377000:60,26.08,6.53626412313846,26.08,0.0,0.97,QUELUZ,1111S5377000,2026-01-20T19:45:00+00:00,DIRECT_EREDES_ACTIVE_POWER,SCENARIO_ASSUMPTION_FIXED_POWER_FACTOR,CONNECTED_TO_LINE_OR_TRANSFORMER,True,DIRECT_EREDES_P_WITH_POWER_FACTOR_DERIVED_Q
LOAD:00228,BUS:EREDES:1111S5395000:60,46.71,11.706629493550516,46.71,0.0,0.97,MEM MARTINS,1111S5395000,2026-01-20T19:45:00+00:00,DIRECT_EREDES_ACTIVE_POWER,SCENARIO_ASSUMPTION_FIXED_POWER_FACTOR,CONNECTED_TO_LINE_OR_TRANSFORMER,True,DIRECT_EREDES_P_WITH_POWER_FACTOR_DERIVED_Q
LOAD:00229,BUS:EREDES:1111S5749400:60,22.33,5.596425531812953,22.33,0.0,0.97,JANAS,1111S5749400,2026-01-20T19:45:00+00:00,DIRECT_EREDES_ACTIVE_POWER,SCENARIO_ASSUMPTION_FIXED_POWER_FACTOR,CONNECTED_TO_LINE_OR_TRANSFORMER,True,DIRECT_EREDES_P_WITH_POWER_FACTOR_DERIVED_Q
LOAD:00230,BUS:EREDES:1111S5850000:60,35.26,8.836988994703301,35.26,0.0,0.97,RIO MOURO,1111S5850000,2026-01-20T19:45:00+00:00,DIRECT_EREDES_ACTIVE_POWER,SCENARIO_ASSUMPTION_FIXED_POWER_FACTOR,CONNECTED_TO_LINE_OR_TRANSFORMER,True,DIRECT_EREDES_P_WITH_POWER_FACTOR_DERIVED_Q
LOAD:00231,BUS:EREDES:1111S5900300:60,8.38,2.100225972082067,8.38,0.0,0.97,RANHOLAS,1111S5900300,2026-01-20T19:45:00+00:00,DIRECT_EREDES_ACTIVE_POWER,SCENARIO_ASSUMPTION_FIXED_POWER_FACTOR,CONNECTED_TO_LINE_OR_TRANSFORMER,True,DIRECT_EREDES_P_WITH_POWER_FACTOR_DERIVED_Q
LOAD:00232,BUS:EREDES:1111S5903100:60,9.47,2.3734057226273477,9.47,0.0,0.97,SÃO MARCOS,1111S5903100,2026-01-20T19:45:00+00:00,DIRECT_EREDES_ACTIVE_POWER,SCENARIO_ASSUMPTION_FIXED_POWER_FACTOR,CONNECTED_TO_LINE_OR_TRANSFORMER,True,DIRECT_EREDES_P_WITH_POWER_FACTOR_DERIVED_Q
LOAD:00233,BUS:EREDES:1111S5905700:60,10.74,2.6916977255562524,10.74,0.0,0.97,GODIGANA,1111S5905700,2026-01-20T19:45:00+00:00,DIRECT_EREDES_ACTIVE_POWER,SCENARIO_ASSUMPTION_FIXED_POWER_FACTOR,CONNECTED_TO_LINE_OR_TRANSFORMER,True,DIRECT_EREDES_P_WITH_POWER_FACTOR_DERIVED_Q
LOAD:00234,BUS:EREDES:1112S5901400:60,2.12,0.5313220836293534,2.12,0.0,0.97,CABEDA,1112S5901400,2026-01-20T19:45:00+00:00,DIRECT_EREDES_ACTIVE_POWER,SCENARIO_ASSUMPTION_FIXED_POWER_FACTOR,CONNECTED_TO_LINE_OR_TRANSFORMER,True,DIRECT_EREDES_P_WITH_POWER_FACTOR_DERIVED_Q
LOAD:00235,BUS:EREDES:1113S5480800:60,22.04,5.523744680750447,22.04,0.0,0.97,MATACÃES,1113S5480800,2026-01-20T19:45:00+00:00,DIRECT_EREDES_ACTIVE_POWER,SCENARIO_ASSUMPTION_FIXED_POWER_FACTOR,CONNECTED_TO_LINE_OR_TRANSFORMER,True,DIRECT_EREDES_P_WITH_POWER_FACTOR_DERIVED_Q
LOAD:00236,BUS:EREDES:1113S5527000:60,18.86,4.7267615553064175,18.86,0.0,0.97,CASALINHOS DE ALFAIATA,1113S5527000,2026-01-20T19:45:00+00:00,DIRECT_EREDES_ACTIVE_POWER,SCENARIO_ASSUMPTION_FIXED_POWER_FACTOR,CONNECTED_TO_LINE_OR_TRANSFORMER,True,DIRECT_EREDES_P_WITH_POWER_FACTOR_DERIVED_Q
LOAD:00237,BUS:EREDES:1113S5900500:60,20.49,5.135278063002571,20.49,0.0,0.97,TORRES VEDRAS SUL,1113S5900500,2026-01-20T19:45:00+00:00,DIRECT_EREDES_ACTIVE_POWER,SCENARIO_ASSUMPTION_FIXED_POWER_FACTOR,CONNECTED_TO_LINE_OR_TRANSFORMER,True,DIRECT_EREDES_P_WITH_POWER_FACTOR_DERIVED_Q
LOAD:00238,BUS:EREDES:1113S5901500:60,11.4,2.8571093176295417,11.4,0.0,0.97,BOMBARDEIRA,1113S5901500,2026-01-20T19:45:00+00:00,DIRECT_EREDES_ACTIVE_POWER,SCENARIO_ASSUMPTION_FIXED_POWER_FACTOR,CONNECTED_TO_LINE_OR_TRANSFORMER,True,DIRECT_EREDES_P_WITH_POWER_FACTOR_DERIVED_Q
LOAD:00239,BUS:EREDES:1114S5140100:60,43.21,10.829446808313378,43.21,0.0,0.97,ALHANDRA,1114S5140100,2026-01-20T19:45:00+00:00,DIRECT_EREDES_ACTIVE_POWER,SCENARIO_ASSUMPTION_FIXED_POWER_FACTOR,CONNECTED_TO_LINE_OR_TRANSFORMER,True,DIRECT_EREDES_P_WITH_POWER_FACTOR_DERIVED_Q
LOAD:00240,BUS:EREDES:1114S5192200:60,33.8845,8.492256199405107,33.8845,0.0,0.97,PÓVOA,1114S5192200,2026-01-20T19:45:00+00:00,DIRECT_EREDES_ACTIVE_POWER,SCENARIO_ASSUMPTION_FIXED_POWER_FACTOR,CONNECTED_TO_LINE_OR_TRANSFORMER,True,DIRECT_EREDES_P_WITH_POWER_FACTOR_DERIVED_Q
LOAD:00241,BUS:EREDES:1114S5340500:60,9.06,2.270650036642426,9.06,0.0,0.97,AREIAS (VFX),1114S5340500,2026-01-20T19:45:00+00:00,DIRECT_EREDES_ACTIVE_POWER,SCENARIO_ASSUMPTION_FIXED_POWER_FACTOR,CONNECTED_TO_LINE_OR_TRANSFORMER,True,DIRECT_EREDES_P_WITH_POWER_FACTOR_DERIVED_Q
LOAD:00242,BUS:EREDES:1115S5191000:60,20.62,5.1678591341685225,20.62,0.0,0.97,VENDA NOVA (Amadora),1115S5191000,2026-01-20T19:45:00+00:00,DIRECT_EREDES_ACTIVE_POWER,SCENARIO_ASSUMPTION_FIXED_POWER_FACTOR,CONNECTED_TO_LINE_OR_TRANSFORMER,True,DIRECT_EREDES_P_WITH_POWER_FACTOR_DERIVED_Q
LOAD:00243,BUS:EREDES:1115S5440000:60,15.05,3.771885546519702,15.05,0.0,0.97,VENTEIRA,1115S5440000,2026-01-20T19:45:00+00:00,DIRECT_EREDES_ACTIVE_POWER,SCENARIO_ASSUMPTION_FIXED_POWER_FACTOR,CONNECTED_TO_LINE_OR_TRANSFORMER,True,DIRECT_EREDES_P_WITH_POWER_FACTOR_DERIVED_Q
LOAD:00244,BUS:EREDES:1115S5480500:60,20.91,5.240539985231028,20.91,0.0,0.97,REBOLEIRA,1115S5480500,2026-01-20T19:45:00+00:00,DIRECT_EREDES_ACTIVE_POWER,SCENARIO_ASSUMPTION_FIXED_POWER_FACTOR,CONNECTED_TO_LINE_OR_TRANSFORMER,True,DIRECT_EREDES_P_WITH_POWER_FACTOR_DERIVED_Q
LOAD:00245,BUS:EREDES:1115S5528500:60,38.45,9.636478356390867,38.45,0.0,0.97,CASAL SÃO BRÁS,1115S5528500,2026-01-20T19:45:00+00:00,DIRECT_EREDES_ACTIVE_POWER,SCENARIO_ASSUMPTION_FIXED_POWER_FACTOR,CONNECTED_TO_LINE_OR_TRANSFORMER,True,DIRECT_EREDES_P_WITH_POWER_FACTOR_DERIVED_Q
LOAD:00246,BUS:EREDES:1116S5340000:60,39.58,9.919683051910283,39.58,0.0,0.97,ARROJA,1116S5340000,2026-01-20T19:45:00+00:00,DIRECT_EREDES_ACTIVE_POWER,SCENARIO_ASSUMPTION_FIXED_POWER_FACTOR,CONNECTED_TO_LINE_OR_TRANSFORMER,True,DIRECT_EREDES_P_WITH_POWER_FACTOR_DERIVED_Q
LOAD:00247,BUS:EREDES:1116S5903800:60,16.32,4.090177549448607,16.32,0.0,0.97,CANEÇAS,1116S5903800,2026-01-20T19:45:00+00:00,DIRECT_EREDES_ACTIVE_POWER,SCENARIO_ASSUMPTION_FIXED_POWER_FACTOR,CONNECTED_TO_LINE_OR_TRANSFORMER,True,DIRECT_EREDES_P_WITH_POWER_FACTOR_DERIVED_Q
LOAD:00248,BUS:EREDES:1201S5904100:60,5.81,1.4561232574936522,5.81,0.0,0.97,ALTER DO CHÃO,1201S5904100,2026-01-20T19:45:00+00:00,DIRECT_EREDES_ACTIVE_POWER,SCENARIO_ASSUMPTION_FIXED_POWER_FACTOR,CONNECTED_TO_LINE_OR_TRANSFORMER,True,DIRECT_EREDES_P_WITH_POWER_FACTOR_DERIVED_Q
LOAD:00249,BUS:EREDES:1202S5901700:60,6.75,1.691709464385913,6.75,0.0,0.97,ARRONCHES,1202S5901700,2026-01-20T19:45:00+00:00,DIRECT_EREDES_ACTIVE_POWER,SCENARIO_ASSUMPTION_FIXED_POWER_FACTOR,CONNECTED_TO_LINE_OR_TRANSFORMER,True,DIRECT_EREDES_P_WITH_POWER_FACTOR_DERIVED_Q
LOAD:00250,BUS:EREDES:1203S5650400:60,3.3,0.8270579603664463,3.3,0.0,0.97,MARANHÃO,1203S5650400,2026-01-20T19:45:00+00:00,DIRECT_EREDES_ACTIVE_POWER,SCENARIO_ASSUMPTION_FIXED_POWER_FACTOR,CONNECTED_TO_LINE_OR_TRANSFORMER,True,DIRECT_EREDES_P_WITH_POWER_FACTOR_DERIVED_Q
LOAD:00251,BUS:EREDES:1207S5767100:60,31.09,7.791888481149338,31.09,0.0,0.97,ALCÁÇOVA,1207S5767100,2026-01-20T19:45:00+00:00,DIRECT_EREDES_ACTIVE_POWER,SCENARIO_ASSUMPTION_FIXED_POWER_FACTOR,CONNECTED_TO_LINE_OR_TRANSFORMER,True,DIRECT_EREDES_P_WITH_POWER_FACTOR_DERIVED_Q
LOAD:00252,BUS:EREDES:1212S5666200:60,10.31,2.5839295670842612,10.31,0.0,0.97,ALPALHÃO,1212S5666200,2026-01-20T19:45:00+00:00,DIRECT_EREDES_ACTIVE_POWER,SCENARIO_ASSUMPTION_FIXED_POWER_FACTOR,CONNECTED_TO_LINE_OR_TRANSFORMER,True,DIRECT_EREDES_P_WITH_POWER_FACTOR_DERIVED_Q
LOAD:00253,BUS:EREDES:1213S5566900:60,15.8,3.959853264784804,15.8,0.0,0.97,PONTE SOR,1213S5566900,2026-01-20T19:45:00+00:00,DIRECT_EREDES_ACTIVE_POWER,SCENARIO_ASSUMPTION_FIXED_POWER_FACTOR,CONNECTED_TO_LINE_OR_TRANSFORMER,True,DIRECT_EREDES_P_WITH_POWER_FACTOR_DERIVED_Q
LOAD:00254,BUS:EREDES:1214S5681500:60,16.55,4.147820983049905,16.55,0.0,0.97,SÃO VICENTE,1214S5681500,2026-01-20T19:45:00+00:00,DIRECT_EREDES_ACTIVE_POWER,SCENARIO_ASSUMPTION_FIXED_POWER_FACTOR,CONNECTED_TO_LINE_OR_TRANSFORMER,True,DIRECT_EREDES_P_WITH_POWER_FACTOR_DERIVED_Q
LOAD:00255,BUS:EREDES:1301S5008700:60,25.55,6.4034336022311225,25.55,0.0,0.97,AMARANTE,1301S5008700,2026-01-20T19:45:00+00:00,DIRECT_EREDES_ACTIVE_POWER,SCENARIO_ASSUMPTION_FIXED_POWER_FACTOR,CONNECTED_TO_LINE_OR_TRANSFORMER,True,DIRECT_EREDES_P_WITH_POWER_FACTOR_DERIVED_Q
LOAD:00256,BUS:EREDES:1301S5020200:60,0.02,0.0050124724870693,0.02,0.0,0.97,CARNEIRO,1301S5020200,2026-01-20T19:45:00+00:00,DIRECT_EREDES_ACTIVE_POWER,SCENARIO_ASSUMPTION_FIXED_POWER_FACTOR,CONNECTED_TO_LINE_OR_TRANSFORMER,True,DIRECT_EREDES_P_WITH_POWER_FACTOR_DERIVED_Q
LOAD:00257,BUS:EREDES:1303S5009100:60,39.22,9.829458547143036,39.22,0.0,0.97,FELGUEIRAS,1303S5009100,2026-01-20T19:45:00+00:00,DIRECT_EREDES_ACTIVE_POWER,SCENARIO_ASSUMPTION_FIXED_POWER_FACTOR,CONNECTED_TO_LINE_OR_TRANSFORMER,True,DIRECT_EREDES_P_WITH_POWER_FACTOR_DERIVED_Q
LOAD:00258,BUS:EREDES:1303S5021400:60,22.64,5.674118855362528,22.64,0.0,0.97,SOUSA,1303S5021400,2026-01-20T19:45:00+00:00,DIRECT_EREDES_ACTIVE_POWER,SCENARIO_ASSUMPTION_FIXED_POWER_FACTOR,CONNECTED_TO_LINE_OR_TRANSFORMER,True,DIRECT_EREDES_P_WITH_POWER_FACTOR_DERIVED_Q
LOAD:00259,BUS:EREDES:1304S5009400:60,25.43,6.373358767308706,25.43,0.0,0.97,JOVIM,1304S5009400,2026-01-20T19:45:00+00:00,DIRECT_EREDES_ACTIVE_POWER,SCENARIO_ASSUMPTION_FIXED_POWER_FACTOR,CONNECTED_TO_LINE_OR_TRANSFORMER,True,DIRECT_EREDES_P_WITH_POWER_FACTOR_DERIVED_Q
LOAD:00260,BUS:EREDES:1304S5010200:60,52.05,13.04495964759804,52.05,0.0,0.97,FÂNZERES,1304S5010200,2026-01-20T19:45:00+00:00,DIRECT_EREDES_ACTIVE_POWER,SCENARIO_ASSUMPTION_FIXED_POWER_FACTOR,CONNECTED_TO_LINE_OR_TRANSFORMER,True,DIRECT_EREDES_P_WITH_POWER_FACTOR_DERIVED_Q
LOAD:00261,BUS:EREDES:1304S5015400:60,31.38,7.864569332211843,31.38,0.0,0.97,GONDOMAR,1304S5015400,2026-01-20T19:45:00+00:00,DIRECT_EREDES_ACTIVE_POWER,SCENARIO_ASSUMPTION_FIXED_POWER_FACTOR,CONNECTED_TO_LINE_OR_TRANSFORMER,True,DIRECT_EREDES_P_WITH_POWER_FACTOR_DERIVED_Q
LOAD:00262,BUS:EREDES:1305S5014600:60,20.45,5.125253118028432,20.45,0.0,0.97,LOUSADA,1305S5014600,2026-01-20T19:45:00+00:00,DIRECT_EREDES_ACTIVE_POWER,SCENARIO_ASSUMPTION_FIXED_POWER_FACTOR,CONNECTED_TO_LINE_OR_TRANSFORMER,True,DIRECT_EREDES_P_WITH_POWER_FACTOR_DERIVED_Q
LOAD:00263,BUS:EREDES:1306S5008900:60,54.61,13.68655612594292,54.61,0.0,0.97,MAIA,1306S5008900,2026-01-20T19:45:00+00:00,DIRECT_EREDES_ACTIVE_POWER,SCENARIO_ASSUMPTION_FIXED_POWER_FACTOR,CONNECTED_TO_LINE_OR_TRANSFORMER,True,DIRECT_EREDES_P_WITH_POWER_FACTOR_DERIVED_Q
LOAD:00264,BUS:EREDES:1306S5010100:60,34.29,8.593884079080437,34.29,0.0,0.97,GUEIFÃES,1306S5010100,2026-01-20T19:45:00+00:00,DIRECT_EREDES_ACTIVE_POWER,SCENARIO_ASSUMPTION_FIXED_POWER_FACTOR,CONNECTED_TO_LINE_OR_TRANSFORMER,True,DIRECT_EREDES_P_WITH_POWER_FACTOR_DERIVED_Q
LOAD:00265,BUS:EREDES:1307S5007700:60,0.0,0.0,0.0,0.0,0.97,MARCO DE CANAVESES,1307S5007700,2026-01-20T19:45:00+00:00,DIRECT_EREDES_ACTIVE_POWER,SCENARIO_ASSUMPTION_FIXED_POWER_FACTOR,CONNECTED_TO_LINE_OR_TRANSFORMER,True,REN_RESIDUAL_PTD_SPATIAL_ALLOCATION_WITH_POWER_FACTOR_DERIVED_Q
LOAD:00266,BUS:EREDES:1308S5000500:60,23.17,5.806949376269867,23.17,0.0,0.97,AMIEIRA,1308S5000500,2026-01-20T19:45:00+00:00,DIRECT_EREDES_ACTIVE_POWER,SCENARIO_ASSUMPTION_FIXED_POWER_FACTOR,CONNECTED_TO_LINE_OR_TRANSFORMER,True,DIRECT_EREDES_P_WITH_POWER_FACTOR_DERIVED_Q
LOAD:00267,BUS:EREDES:1308S5002600:60,34.2,8.571327952888627,34.2,0.0,0.97,MATOSINHOS,1308S5002600,2026-01-20T19:45:00+00:00,DIRECT_EREDES_ACTIVE_POWER,SCENARIO_ASSUMPTION_FIXED_POWER_FACTOR,CONNECTED_TO_LINE_OR_TRANSFORMER,True,DIRECT_EREDES_P_WITH_POWER_FACTOR_DERIVED_Q
LOAD:00268,BUS:EREDES:1308S5005900:60,51.72,12.962253851561394,51.72,0.0,0.97,SANTA CRUZ DO BISPO,1308S5005900,2026-01-20T19:45:00+00:00,DIRECT_EREDES_ACTIVE_POWER,SCENARIO_ASSUMPTION_FIXED_POWER_FACTOR,CONNECTED_TO_LINE_OR_TRANSFORMER,True,DIRECT_EREDES_P_WITH_POWER_FACTOR_DERIVED_Q
LOAD:00269,BUS:EREDES:1308S5007600:60,32.96,8.260554658690324,32.96,0.0,0.97,CUSTÓIAS,1308S5007600,2026-01-20T19:45:00+00:00,DIRECT_EREDES_ACTIVE_POWER,SCENARIO_ASSUMPTION_FIXED_POWER_FACTOR,CONNECTED_TO_LINE_OR_TRANSFORMER,True,DIRECT_EREDES_P_WITH_POWER_FACTOR_DERIVED_Q
LOAD:00270,BUS:EREDES:1308S5009500:60,14.0,3.50873074094856,14.0,0.0,0.97,MATOSINHOS SUL,1308S5009500,2026-01-20T19:45:00+00:00,DIRECT_EREDES_ACTIVE_POWER,SCENARIO_ASSUMPTION_FIXED_POWER_FACTOR,CONNECTED_TO_LINE_OR_TRANSFORMER,True,DIRECT_EREDES_P_WITH_POWER_FACTOR_DERIVED_Q
LOAD:00271,BUS:EREDES:1309S5000700:60,37.06,9.288111518539546,37.06,0.0,0.97,PAÇOS DE FERREIRA,1309S5000700,2026-01-20T19:45:00+00:00,DIRECT_EREDES_ACTIVE_POWER,SCENARIO_ASSUMPTION_FIXED_POWER_FACTOR,CONNECTED_TO_LINE_OR_TRANSFORMER,True,DIRECT_EREDES_P_WITH_POWER_FACTOR_DERIVED_Q
LOAD:00272,BUS:EREDES:1310S5000800:60,28.9,7.243022743815241,28.9,0.0,0.97,LORDELO,1310S5000800,2026-01-20T19:45:00+00:00,DIRECT_EREDES_ACTIVE_POWER,SCENARIO_ASSUMPTION_FIXED_POWER_FACTOR,CONNECTED_TO_LINE_OR_TRANSFORMER,True,DIRECT_EREDES_P_WITH_POWER_FACTOR_DERIVED_Q
LOAD:00273,BUS:EREDES:1310S5009200:60,46.83,11.736704328472934,46.83,0.0,0.97,REBORDOSA,1310S5009200,2026-01-20T19:45:00+00:00,DIRECT_EREDES_ACTIVE_POWER,SCENARIO_ASSUMPTION_FIXED_POWER_FACTOR,CONNECTED_TO_LINE_OR_TRANSFORMER,True,DIRECT_EREDES_P_WITH_POWER_FACTOR_DERIVED_Q
LOAD:00274,BUS:EREDES:1311S5006900:60,32.76,8.210429933819631,32.76,0.0,0.97,ENTRE-OS-RIOS,1311S5006900,2026-01-20T19:45:00+00:00,DIRECT_EREDES_ACTIVE_POWER,SCENARIO_ASSUMPTION_FIXED_POWER_FACTOR,CONNECTED_TO_LINE_OR_TRANSFORMER,True,DIRECT_EREDES_P_WITH_POWER_FACTOR_DERIVED_Q
LOAD:00275,BUS:EREDES:1311S5012400:60,32.83,8.227973587524373,32.83,0.0,0.97,BUSTELO,1311S5012400,2026-01-20T19:45:00+00:00,DIRECT_EREDES_ACTIVE_POWER,SCENARIO_ASSUMPTION_FIXED_POWER_FACTOR,CONNECTED_TO_LINE_OR_TRANSFORMER,True,DIRECT_EREDES_P_WITH_POWER_FACTOR_DERIVED_Q
LOAD:00276,BUS:EREDES:1311S5023500:60,21.63,5.420988994765525,21.63,0.0,0.97,SANTIAGO DE SUBARRIFANA,1311S5023500,2026-01-20T19:45:00+00:00,DIRECT_EREDES_ACTIVE_POWER,SCENARIO_ASSUMPTION_FIXED_POWER_FACTOR,CONNECTED_TO_LINE_OR_TRANSFORMER,True,DIRECT_EREDES_P_WITH_POWER_FACTOR_DERIVED_Q
LOAD:00277,BUS:EREDES:1312S5012600:60,28.19,7.0650799705242795,28.19,0.0,0.97,LAPA,1312S5012600,2026-01-20T19:45:00+00:00,DIRECT_EREDES_ACTIVE_POWER,SCENARIO_ASSUMPTION_FIXED_POWER_FACTOR,CONNECTED_TO_LINE_OR_TRANSFORMER,True,DIRECT_EREDES_P_WITH_POWER_FACTOR_DERIVED_Q
LOAD:00278,BUS:EREDES:1312S5013100:60,49.7,12.455994130367388,49.7,0.0,0.97,BOAVISTA (Porto),1312S5013100,2026-01-20T19:45:00+00:00,DIRECT_EREDES_ACTIVE_POWER,SCENARIO_ASSUMPTION_FIXED_POWER_FACTOR,CONNECTED_TO_LINE_OR_TRANSFORMER,True,DIRECT_EREDES_P_WITH_POWER_FACTOR_DERIVED_Q
LOAD:00279,BUS:EREDES:1312S5013200:60,32.66,8.185367571384283,32.66,0.0,0.97,CAMPO ALEGRE,1312S5013200,2026-01-20T19:45:00+00:00,DIRECT_EREDES_ACTIVE_POWER,SCENARIO_ASSUMPTION_FIXED_POWER_FACTOR,CONNECTED_TO_LINE_OR_TRANSFORMER,True,DIRECT_EREDES_P_WITH_POWER_FACTOR_DERIVED_Q
LOAD:00280,BUS:EREDES:1312S5013300:60,45.66,11.443474687979377,45.66,0.0,0.97,ANTAS,1312S5013300,2026-01-20T19:45:00+00:00,DIRECT_EREDES_ACTIVE_POWER,SCENARIO_ASSUMPTION_FIXED_POWER_FACTOR,CONNECTED_TO_LINE_OR_TRANSFORMER,True,DIRECT_EREDES_P_WITH_POWER_FACTOR_DERIVED_Q
LOAD:00281,BUS:EREDES:1312S5013800:60,32.23,8.077599412912292,32.23,0.0,0.97,CAMPO 24 DE AGOSTO,1312S5013800,2026-01-20T19:45:00+00:00,DIRECT_EREDES_ACTIVE_POWER,SCENARIO_ASSUMPTION_FIXED_POWER_FACTOR,CONNECTED_TO_LINE_OR_TRANSFORMER,True,DIRECT_EREDES_P_WITH_POWER_FACTOR_DERIVED_Q
LOAD:00282,BUS:EREDES:1312S5013900:60,35.91,8.999894350533056,35.91,0.0,0.97,MONTE DOS BURGOS,1312S5013900,2026-01-20T19:45:00+00:00,DIRECT_EREDES_ACTIVE_POWER,SCENARIO_ASSUMPTION_FIXED_POWER_FACTOR,CONNECTED_TO_LINE_OR_TRANSFORMER,True,DIRECT_EREDES_P_WITH_POWER_FACTOR_DERIVED_Q
LOAD:00283,BUS:EREDES:1312S5014000:60,33.08,8.290629493612741,33.08,0.0,0.97,PARANHOS,1312S5014000,2026-01-20T19:45:00+00:00,DIRECT_EREDES_ACTIVE_POWER,SCENARIO_ASSUMPTION_FIXED_POWER_FACTOR,CONNECTED_TO_LINE_OR_TRANSFORMER,True,DIRECT_EREDES_P_WITH_POWER_FACTOR_DERIVED_Q
LOAD:00284,BUS:EREDES:1312S5014100:60,23.67,5.932261188446602,23.67,0.0,0.97,VITÓRIA,1312S5014100,2026-01-20T19:45:00+00:00,DIRECT_EREDES_ACTIVE_POWER,SCENARIO_ASSUMPTION_FIXED_POWER_FACTOR,CONNECTED_TO_LINE_OR_TRANSFORMER,True,DIRECT_EREDES_P_WITH_POWER_FACTOR_DERIVED_Q
LOAD:00285,BUS:EREDES:1313S5010600:60,57.25,14.348202494236077,57.25,0.0,0.97,BEIRIZ,1313S5010600,2026-01-20T19:45:00+00:00,DIRECT_EREDES_ACTIVE_POWER,SCENARIO_ASSUMPTION_FIXED_POWER_FACTOR,CONNECTED_TO_LINE_OR_TRANSFORMER,True,DIRECT_EREDES_P_WITH_POWER_FACTOR_DERIVED_Q
LOAD:00286,BUS:EREDES:1314S5003200:60,47.14,11.814397652022508,47.14,0.0,0.97,SÃO MARTINHO DO CAMPO,1314S5003200,2026-01-20T19:45:00+00:00,DIRECT_EREDES_ACTIVE_POWER,SCENARIO_ASSUMPTION_FIXED_POWER_FACTOR,CONNECTED_TO_LINE_OR_TRANSFORMER,True,DIRECT_EREDES_P_WITH_POWER_FACTOR_DERIVED_Q
LOAD:00287,BUS:EREDES:1314S5004600:60,27.37,6.859568598554435,27.37,0.0,0.97,AREIAS NORTE,1314S5004600,2026-01-20T19:45:00+00:00,DIRECT_EREDES_ACTIVE_POWER,SCENARIO_ASSUMPTION_FIXED_POWER_FACTOR,CONNECTED_TO_LINE_OR_TRANSFORMER,True,DIRECT_EREDES_P_WITH_POWER_FACTOR_DERIVED_Q
LOAD:00288,BUS:EREDES:1315S5007300:60,34.62,8.676589875117081,34.62,0.0,0.97,ALFENA,1315S5007300,2026-01-20T19:45:00+00:00,DIRECT_EREDES_ACTIVE_POWER,SCENARIO_ASSUMPTION_FIXED_POWER_FACTOR,CONNECTED_TO_LINE_OR_TRANSFORMER,True,DIRECT_EREDES_P_WITH_POWER_FACTOR_DERIVED_Q
LOAD:00289,BUS:EREDES:1315S5012200:60,36.12,9.052525311647283,36.12,0.0,0.97,VALONGO,1315S5012200,2026-01-20T19:45:00+00:00,DIRECT_EREDES_ACTIVE_POWER,SCENARIO_ASSUMPTION_FIXED_POWER_FACTOR,CONNECTED_TO_LINE_OR_TRANSFORMER,True,DIRECT_EREDES_P_WITH_POWER_FACTOR_DERIVED_Q
LOAD:00290,BUS:EREDES:1315S5021000:60,32.52,8.1502802639748,32.52,0.0,0.97,PALMILHEIRA,1315S5021000,2026-01-20T19:45:00+00:00,DIRECT_EREDES_ACTIVE_POWER,SCENARIO_ASSUMPTION_FIXED_POWER_FACTOR,CONNECTED_TO_LINE_OR_TRANSFORMER,True,DIRECT_EREDES_P_WITH_POWER_FACTOR_DERIVED_Q
LOAD:00291,BUS:EREDES:1316S5001600:60,42.03,10.533710931576284,42.03,0.0,0.97,VILA DO CONDE,1316S5001600,2026-01-20T19:45:00+00:00,DIRECT_EREDES_ACTIVE_POWER,SCENARIO_ASSUMPTION_FIXED_POWER_FACTOR,CONNECTED_TO_LINE_OR_TRANSFORMER,True,DIRECT_EREDES_P_WITH_POWER_FACTOR_DERIVED_Q
LOAD:00292,BUS:EREDES:1316S5005600:60,20.99,5.260589875179305,20.99,0.0,0.97,MOSTEIRÔ,1316S5005600,2026-01-20T19:45:00+00:00,DIRECT_EREDES_ACTIVE_POWER,SCENARIO_ASSUMPTION_FIXED_POWER_FACTOR,CONNECTED_TO_LINE_OR_TRANSFORMER,True,DIRECT_EREDES_P_WITH_POWER_FACTOR_DERIVED_Q
LOAD:00293,BUS:EREDES:1316S5022100:60,19.25,4.82450476880427,19.25,0.0,0.97,MINDELO,1316S5022100,2026-01-20T19:45:00+00:00,DIRECT_EREDES_ACTIVE_POWER,SCENARIO_ASSUMPTION_FIXED_POWER_FACTOR,CONNECTED_TO_LINE_OR_TRANSFORMER,True,DIRECT_EREDES_P_WITH_POWER_FACTOR_DERIVED_Q
LOAD:00294,BUS:EREDES:1317S5001800:60,49.11,12.30812619199884,49.11,0.0,0.97,VILAR DO PARAÍSO,1317S5001800,2026-01-20T19:45:00+00:00,DIRECT_EREDES_ACTIVE_POWER,SCENARIO_ASSUMPTION_FIXED_POWER_FACTOR,CONNECTED_TO_LINE_OR_TRANSFORMER,True,DIRECT_EREDES_P_WITH_POWER_FACTOR_DERIVED_Q
LOAD:00295,BUS:EREDES:1317S5002800:60,50.59,12.679049156041977,50.59,0.0,0.97,VILA NOVA DE GAIA,1317S5002800,2026-01-20T19:45:00+00:00,DIRECT_EREDES_ACTIVE_POWER,SCENARIO_ASSUMPTION_FIXED_POWER_FACTOR,CONNECTED_TO_LINE_OR_TRANSFORMER,True,DIRECT_EREDES_P_WITH_POWER_FACTOR_DERIVED_Q
LOAD:00296,BUS:EREDES:1317S5003500:60,42.6,10.676566397457762,42.6,0.0,0.97,VERDINHO,1317S5003500,2026-01-20T19:45:00+00:00,DIRECT_EREDES_ACTIVE_POWER,SCENARIO_ASSUMPTION_FIXED_POWER_FACTOR,CONNECTED_TO_LINE_OR_TRANSFORMER,True,DIRECT_EREDES_P_WITH_POWER_FACTOR_DERIVED_Q
LOAD:00297,BUS:EREDES:1317S5005200:60,46.7,11.704123257306984,46.7,0.0,0.97,PEDROSO,1317S5005200,2026-01-20T19:45:00+00:00,DIRECT_EREDES_ACTIVE_POWER,SCENARIO_ASSUMPTION_FIXED_POWER_FACTOR,CONNECTED_TO_LINE_OR_TRANSFORMER,True,DIRECT_EREDES_P_WITH_POWER_FACTOR_DERIVED_Q
LOAD:00298,BUS:EREDES:1317S5009600:60,20.61,5.165352897924987,20.61,0.0,0.97,SERRA DO PILAR,1317S5009600,2026-01-20T19:45:00+00:00,DIRECT_EREDES_ACTIVE_POWER,SCENARIO_ASSUMPTION_FIXED_POWER_FACTOR,CONNECTED_TO_LINE_OR_TRANSFORMER,True,DIRECT_EREDES_P_WITH_POWER_FACTOR_DERIVED_Q
LOAD:00299,BUS:EREDES:1317S5011900:60,15.74,3.944815847323595,15.74,0.0,0.97,SANTA MARINHA,1317S5011900,2026-01-20T19:45:00+00:00,DIRECT_EREDES_ACTIVE_POWER,SCENARIO_ASSUMPTION_FIXED_POWER_FACTOR,CONNECTED_TO_LINE_OR_TRANSFORMER,True,DIRECT_EREDES_P_WITH_POWER_FACTOR_DERIVED_Q
LOAD:00300,BUS:EREDES:1317S5020400:60,23.54,5.89968011728065,23.54,0.0,0.97,SERZEDO,1317S5020400,2026-01-20T19:45:00+00:00,DIRECT_EREDES_ACTIVE_POWER,SCENARIO_ASSUMPTION_FIXED_POWER_FACTOR,CONNECTED_TO_LINE_OR_TRANSFORMER,True,DIRECT_EREDES_P_WITH_POWER_FACTOR_DERIVED_Q
LOAD:00301,BUS:EREDES:1318S5020300:60,30.31,7.596402054153632,30.31,0.0,0.97,MURO,1318S5020300,2026-01-20T19:45:00+00:00,DIRECT_EREDES_ACTIVE_POWER,SCENARIO_ASSUMPTION_FIXED_POWER_FACTOR,CONNECTED_TO_LINE_OR_TRANSFORMER,True,DIRECT_EREDES_P_WITH_POWER_FACTOR_DERIVED_Q
LOAD:00302,BUS:EREDES:1401S5636700:60,34.14,8.556290535427417,34.14,0.0,0.97,OLHO BOI,1401S5636700,2026-01-20T19:45:00+00:00,DIRECT_EREDES_ACTIVE_POWER,SCENARIO_ASSUMPTION_FIXED_POWER_FACTOR,CONNECTED_TO_LINE_OR_TRANSFORMER,True,DIRECT_EREDES_P_WITH_POWER_FACTOR_DERIVED_Q
LOAD:00303,BUS:EREDES:1402S5568200:60,16.48,4.130277329345162,16.48,0.0,0.97,VILA MOREIRA,1402S5568200,2026-01-20T19:45:00+00:00,DIRECT_EREDES_ACTIVE_POWER,SCENARIO_ASSUMPTION_FIXED_POWER_FACTOR,CONNECTED_TO_LINE_OR_TRANSFORMER,True,DIRECT_EREDES_P_WITH_POWER_FACTOR_DERIVED_Q
LOAD:00304,BUS:EREDES:1403S5799800:60,24.7,6.190403521530674,24.7,0.0,0.97,ALMEIRIM,1403S5799800,2026-01-20T19:45:00+00:00,DIRECT_EREDES_ACTIVE_POWER,SCENARIO_ASSUMPTION_FIXED_POWER_FACTOR,CONNECTED_TO_LINE_OR_TRANSFORMER,True,DIRECT_EREDES_P_WITH_POWER_FACTOR_DERIVED_Q
LOAD:00305,BUS:EREDES:1404S5904400:60,6.65,1.6666471019505662,6.65,0.0,0.97,ALPIARÇA,1404S5904400,2026-01-20T19:45:00+00:00,DIRECT_EREDES_ACTIVE_POWER,SCENARIO_ASSUMPTION_FIXED_POWER_FACTOR,CONNECTED_TO_LINE_OR_TRANSFORMER,True,DIRECT_EREDES_P_WITH_POWER_FACTOR_DERIVED_Q
LOAD:00306,BUS:EREDES:1405S5680800:60,26.07,6.533757886894926,26.07,0.0,0.97,CARRASCAL,1405S5680800,2026-01-20T19:45:00+00:00,DIRECT_EREDES_ACTIVE_POWER,SCENARIO_ASSUMPTION_FIXED_POWER_FACTOR,CONNECTED_TO_LINE_OR_TRANSFORMER,True,DIRECT_EREDES_P_WITH_POWER_FACTOR_DERIVED_Q
LOAD:00307,BUS:EREDES:1405S5906000:60,9.79,2.4536052824204573,9.79,0.0,0.97,BENAVENTE,1405S5906000,2026-01-20T19:45:00+00:00,DIRECT_EREDES_ACTIVE_POWER,SCENARIO_ASSUMPTION_FIXED_POWER_FACTOR,CONNECTED_TO_LINE_OR_TRANSFORMER,True,DIRECT_EREDES_P_WITH_POWER_FACTOR_DERIVED_Q
LOAD:00308,BUS:EREDES:1406S5192700:60,20.5617,5.1532477768687155,20.5617,0.0,0.97,CRUZ DO CAMPO,1406S5192700,2026-01-20T19:45:00+00:00,DIRECT_EREDES_ACTIVE_POWER,SCENARIO_ASSUMPTION_FIXED_POWER_FACTOR,CONNECTED_TO_LINE_OR_TRANSFORMER,True,DIRECT_EREDES_P_WITH_POWER_FACTOR_DERIVED_Q
LOAD:00309,BUS:EREDES:1406S5900900:60,12.09,3.030039618433435,12.09,0.0,0.97,CARTAXO NORTE,1406S5900900,2026-01-20T19:45:00+00:00,DIRECT_EREDES_ACTIVE_POWER,SCENARIO_ASSUMPTION_FIXED_POWER_FACTOR,CONNECTED_TO_LINE_OR_TRANSFORMER,True,DIRECT_EREDES_P_WITH_POWER_FACTOR_DERIVED_Q
LOAD:00310,BUS:EREDES:1409S5568300:60,16.13,4.042559060821448,16.13,0.0,0.97,CORUCHE,1409S5568300,2026-01-20T19:45:00+00:00,DIRECT_EREDES_ACTIVE_POWER,SCENARIO_ASSUMPTION_FIXED_POWER_FACTOR,CONNECTED_TO_LINE_OR_TRANSFORMER,True,DIRECT_EREDES_P_WITH_POWER_FACTOR_DERIVED_Q
LOAD:00311,BUS:EREDES:1410S5625300:60,21.99,5.511213499532774,21.99,0.0,0.97,ENTRONCAMENTO,1410S5625300,2026-01-20T19:45:00+00:00,DIRECT_EREDES_ACTIVE_POWER,SCENARIO_ASSUMPTION_FIXED_POWER_FACTOR,CONNECTED_TO_LINE_OR_TRANSFORMER,True,DIRECT_EREDES_P_WITH_POWER_FACTOR_DERIVED_Q
LOAD:00312,BUS:EREDES:1413S5585200:60,3.86,0.9674071900043888,3.86,0.0,0.97,BELVER,1413S5585200,2026-01-20T19:45:00+00:00,DIRECT_EREDES_ACTIVE_POWER,SCENARIO_ASSUMPTION_FIXED_POWER_FACTOR,CONNECTED_TO_LINE_OR_TRANSFORMER,True,DIRECT_EREDES_P_WITH_POWER_FACTOR_DERIVED_Q
LOAD:00313,BUS:EREDES:1413S5632800:60,1.9,0.4761848862715903,1.9,0.0,0.97,PRACANA,1413S5632800,2026-01-20T19:45:00+00:00,DIRECT_EREDES_ACTIVE_POWER,SCENARIO_ASSUMPTION_FIXED_POWER_FACTOR,CONNECTED_TO_LINE_OR_TRANSFORMER,True,DIRECT_EREDES_P_WITH_POWER_FACTOR_DERIVED_Q
LOAD:00314,BUS:EREDES:1414S5001400:60,26.28,6.586388848009155,26.28,0.0,0.97,RIO MAIOR,1414S5001400,2026-01-20T19:45:00+00:00,DIRECT_EREDES_ACTIVE_POWER,SCENARIO_ASSUMPTION_FIXED_POWER_FACTOR,CONNECTED_TO_LINE_OR_TRANSFORMER,True,DIRECT_EREDES_P_WITH_POWER_FACTOR_DERIVED_Q
LOAD:00315,BUS:EREDES:1415S5636100:60,7.49,1.8771709464074795,7.49,0.0,0.97,GLÓRIA,1415S5636100,2026-01-20T19:45:00+00:00,DIRECT_EREDES_ACTIVE_POWER,SCENARIO_ASSUMPTION_FIXED_POWER_FACTOR,CONNECTED_TO_LINE_OR_TRANSFORMER,True,DIRECT_EREDES_P_WITH_POWER_FACTOR_DERIVED_Q
LOAD:00316,BUS:EREDES:1415S5840100:60,12.9,3.233044754159745,12.9,0.0,0.97,MEXEEIRO,1415S5840100,2026-01-20T19:45:00+00:00,DIRECT_EREDES_ACTIVE_POWER,SCENARIO_ASSUMPTION_FIXED_POWER_FACTOR,CONNECTED_TO_LINE_OR_TRANSFORMER,True,DIRECT_EREDES_P_WITH_POWER_FACTOR_DERIVED_Q
LOAD:00317,BUS:EREDES:1416S5106800:60,25.24,6.325740278681547,25.24,0.0,0.97,FONTAINHAS,1416S5106800,2026-01-20T19:45:00+00:00,DIRECT_EREDES_ACTIVE_POWER,SCENARIO_ASSUMPTION_FIXED_POWER_FACTOR,CONNECTED_TO_LINE_OR_TRANSFORMER,True,DIRECT_EREDES_P_WITH_POWER_FACTOR_DERIVED_Q
LOAD:00318,BUS:EREDES:1416S5901000:60,15.77,3.952334556054199,15.77,0.0,0.97,ALCANEDE,1416S5901000,2026-01-20T19:45:00+00:00,DIRECT_EREDES_ACTIVE_POWER,SCENARIO_ASSUMPTION_FIXED_POWER_FACTOR,CONNECTED_TO_LINE_OR_TRANSFORMER,True,DIRECT_EREDES_P_WITH_POWER_FACTOR_DERIVED_Q
LOAD:00319,BUS:EREDES:1416S5901800:60,2.41,0.6040029346918593,2.41,0.0,0.97,VALE FIGUEIRA,1416S5901800,2026-01-20T19:45:00+00:00,DIRECT_EREDES_ACTIVE_POWER,SCENARIO_ASSUMPTION_FIXED_POWER_FACTOR,CONNECTED_TO_LINE_OR_TRANSFORMER,True,DIRECT_EREDES_P_WITH_POWER_FACTOR_DERIVED_Q
LOAD:00320,BUS:EREDES:1416S5902600:60,21.47,5.38088921486897,21.47,0.0,0.97,SÃO BENTO,1416S5902600,2026-01-20T19:45:00+00:00,DIRECT_EREDES_ACTIVE_POWER,SCENARIO_ASSUMPTION_FIXED_POWER_FACTOR,CONNECTED_TO_LINE_OR_TRANSFORMER,True,DIRECT_EREDES_P_WITH_POWER_FACTOR_DERIVED_Q
LOAD:00321,BUS:EREDES:1418S5003600:60,28.74,7.202922963918686,28.74,0.0,0.97,VENDA NOVA (Tomar),1418S5003600,2026-01-20T19:45:00+00:00,DIRECT_EREDES_ACTIVE_POWER,SCENARIO_ASSUMPTION_FIXED_POWER_FACTOR,CONNECTED_TO_LINE_OR_TRANSFORMER,True,DIRECT_EREDES_P_WITH_POWER_FACTOR_DERIVED_Q
LOAD:00322,BUS:EREDES:1418S5004100:60,10.28,2.5764108583536567,10.28,0.0,0.97,SANTA CITA,1418S5004100,2026-01-20T19:45:00+00:00,DIRECT_EREDES_ACTIVE_POWER,SCENARIO_ASSUMPTION_FIXED_POWER_FACTOR,CONNECTED_TO_LINE_OR_TRANSFORMER,True,DIRECT_EREDES_P_WITH_POWER_FACTOR_DERIVED_Q
LOAD:00323,BUS:EREDES:1419S5627800:60,26.63,6.674107116532868,26.63,0.0,0.97,SERRADA GRANDE,1419S5627800,2026-01-20T19:45:00+00:00,DIRECT_EREDES_ACTIVE_POWER,SCENARIO_ASSUMPTION_FIXED_POWER_FACTOR,CONNECTED_TO_LINE_OR_TRANSFORMER,True,DIRECT_EREDES_P_WITH_POWER_FACTOR_DERIVED_Q
LOAD:00324,BUS:EREDES:1420S5664400:60,15.13,3.791935436467979,15.13,0.0,0.97,ALMOUROL,1420S5664400,2026-01-20T19:45:00+00:00,DIRECT_EREDES_ACTIVE_POWER,SCENARIO_ASSUMPTION_FIXED_POWER_FACTOR,CONNECTED_TO_LINE_OR_TRANSFORMER,True,DIRECT_EREDES_P_WITH_POWER_FACTOR_DERIVED_Q
LOAD:00325,BUS:EREDES:1421S5002900:60,26.42,6.62147615541864,26.42,0.0,0.97,OURÉM,1421S5002900,2026-01-20T19:45:00+00:00,DIRECT_EREDES_ACTIVE_POWER,SCENARIO_ASSUMPTION_FIXED_POWER_FACTOR,CONNECTED_TO_LINE_OR_TRANSFORMER,True,DIRECT_EREDES_P_WITH_POWER_FACTOR_DERIVED_Q
LOAD:00326,BUS:EREDES:1421S5004500:60,27.23,6.8244812911449495,27.23,0.0,0.97,FÁTIMA,1421S5004500,2026-01-20T19:45:00+00:00,DIRECT_EREDES_ACTIVE_POWER,SCENARIO_ASSUMPTION_FIXED_POWER_FACTOR,CONNECTED_TO_LINE_OR_TRANSFORMER,True,DIRECT_EREDES_P_WITH_POWER_FACTOR_DERIVED_Q
LOAD:00327,BUS:EREDES:1501S5053800:60,7.6,1.9047395450863611,7.6,0.0,0.97,ALCÁCER DO SAL,1501S5053800,2026-01-20T19:45:00+00:00,DIRECT_EREDES_ACTIVE_POWER,SCENARIO_ASSUMPTION_FIXED_POWER_FACTOR,CONNECTED_TO_LINE_OR_TRANSFORMER,True,DIRECT_EREDES_P_WITH_POWER_FACTOR_DERIVED_Q
LOAD:00328,BUS:EREDES:1501S5053900:60,5.861800000000001,1.4691055612351622,5.861800000000001,0.0,0.97,VALE DE GAIO,1501S5053900,2026-01-20T19:45:00+00:00,DIRECT_EREDES_ACTIVE_POWER,SCENARIO_ASSUMPTION_FIXED_POWER_FACTOR,CONNECTED_TO_LINE_OR_TRANSFORMER,True,DIRECT_EREDES_P_WITH_POWER_FACTOR_DERIVED_Q
LOAD:00329,BUS:EREDES:1501S5054200:60,8.2175,2.059499633124628,8.2175,0.0,0.97,COMPORTA,1501S5054200,2026-01-20T19:45:00+00:00,DIRECT_EREDES_ACTIVE_POWER,SCENARIO_ASSUMPTION_FIXED_POWER_FACTOR,CONNECTED_TO_LINE_OR_TRANSFORMER,True,DIRECT_EREDES_P_WITH_POWER_FACTOR_DERIVED_Q
LOAD:00330,BUS:EREDES:1502S5030600:60,47.93,12.012390315261747,47.93,0.0,0.97,SÃO FRANCISCO,1502S5030600,2026-01-20T19:45:00+00:00,DIRECT_EREDES_ACTIVE_POWER,SCENARIO_ASSUMPTION_FIXED_POWER_FACTOR,CONNECTED_TO_LINE_OR_TRANSFORMER,True,DIRECT_EREDES_P_WITH_POWER_FACTOR_DERIVED_Q
LOAD:00331,BUS:EREDES:1503S5020400:60,25.3,6.340777696142755,25.3,0.0,0.97,SOBREDA,1503S5020400,2026-01-20T19:45:00+00:00,DIRECT_EREDES_ACTIVE_POWER,SCENARIO_ASSUMPTION_FIXED_POWER_FACTOR,CONNECTED_TO_LINE_OR_TRANSFORMER,True,DIRECT_EREDES_P_WITH_POWER_FACTOR_DERIVED_Q
LOAD:00332,BUS:EREDES:1503S5021100:60,22.51,5.641537784196578,22.51,0.0,0.97,PORTAGEM,1503S5021100,2026-01-20T19:45:00+00:00,DIRECT_EREDES_ACTIVE_POWER,SCENARIO_ASSUMPTION_FIXED_POWER_FACTOR,CONNECTED_TO_LINE_OR_TRANSFORMER,True,DIRECT_EREDES_P_WITH_POWER_FACTOR_DERIVED_Q
LOAD:00333,BUS:EREDES:1503S5021300:60,30.54,7.65404548775493,30.54,0.0,0.97,AROEIRA,1503S5021300,2026-01-20T19:45:00+00:00,DIRECT_EREDES_ACTIVE_POWER,SCENARIO_ASSUMPTION_FIXED_POWER_FACTOR,CONNECTED_TO_LINE_OR_TRANSFORMER,True,DIRECT_EREDES_P_WITH_POWER_FACTOR_DERIVED_Q
LOAD:00334,BUS:EREDES:1503S5021500:60,21.52,5.393420396086643,21.52,0.0,0.97,MUTELA,1503S5021500,2026-01-20T19:45:00+00:00,DIRECT_EREDES_ACTIVE_POWER,SCENARIO_ASSUMPTION_FIXED_POWER_FACTOR,CONNECTED_TO_LINE_OR_TRANSFORMER,True,DIRECT_EREDES_P_WITH_POWER_FACTOR_DERIVED_Q
LOAD:00335,BUS:EREDES:1503S5021700:60,35.05,8.784358033589072,35.05,0.0,0.97,LARANJEIRO,1503S5021700,2026-01-20T19:45:00+00:00,DIRECT_EREDES_ACTIVE_POWER,SCENARIO_ASSUMPTION_FIXED_POWER_FACTOR,CONNECTED_TO_LINE_OR_TRANSFORMER,True,DIRECT_EREDES_P_WITH_POWER_FACTOR_DERIVED_Q
LOAD:00336,BUS:EREDES:1503S5022800:60,21.29,5.335776962485346,21.29,0.0,0.97,COSTA DA CAPARICA,1503S5022800,2026-01-20T19:45:00+00:00,DIRECT_EREDES_ACTIVE_POWER,SCENARIO_ASSUMPTION_FIXED_POWER_FACTOR,CONNECTED_TO_LINE_OR_TRANSFORMER,True,DIRECT_EREDES_P_WITH_POWER_FACTOR_DERIVED_Q
LOAD:00337,BUS:EREDES:1504S5020200:60,37.52,9.40339838574214,37.52,0.0,0.97,COINA,1504S5020200,2026-01-20T19:45:00+00:00,DIRECT_EREDES_ACTIVE_POWER,SCENARIO_ASSUMPTION_FIXED_POWER_FACTOR,CONNECTED_TO_LINE_OR_TRANSFORMER,True,DIRECT_EREDES_P_WITH_POWER_FACTOR_DERIVED_Q
LOAD:00338,BUS:EREDES:1504S5020300:60,33.22,8.325716801022226,33.22,0.0,0.97,BARREIRO,1504S5020300,2026-01-20T19:45:00+00:00,DIRECT_EREDES_ACTIVE_POWER,SCENARIO_ASSUMPTION_FIXED_POWER_FACTOR,CONNECTED_TO_LINE_OR_TRANSFORMER,True,DIRECT_EREDES_P_WITH_POWER_FACTOR_DERIVED_Q
LOAD:00339,BUS:EREDES:1504S5020700:60,10.54,2.6415730006855584,10.54,0.0,0.97,VILA CHÃ,1504S5020700,2026-01-20T19:45:00+00:00,DIRECT_EREDES_ACTIVE_POWER,SCENARIO_ASSUMPTION_FIXED_POWER_FACTOR,CONNECTED_TO_LINE_OR_TRANSFORMER,True,DIRECT_EREDES_P_WITH_POWER_FACTOR_DERIVED_Q
LOAD:00340,BUS:EREDES:1504S5022700:60,15.09,3.7819104914938406,15.09,0.0,0.97,QUIMIPARQUE,1504S5022700,2026-01-20T19:45:00+00:00,DIRECT_EREDES_ACTIVE_POWER,SCENARIO_ASSUMPTION_FIXED_POWER_FACTOR,CONNECTED_TO_LINE_OR_TRANSFORMER,True,DIRECT_EREDES_P_WITH_POWER_FACTOR_DERIVED_Q
LOAD:00341,BUS:EREDES:1506S5031400:60,27.84,6.977361702000565,27.84,0.0,0.97,MOITA,1506S5031400,2026-01-20T19:45:00+00:00,DIRECT_EREDES_ACTIVE_POWER,SCENARIO_ASSUMPTION_FIXED_POWER_FACTOR,CONNECTED_TO_LINE_OR_TRANSFORMER,True,DIRECT_EREDES_P_WITH_POWER_FACTOR_DERIVED_Q
LOAD:00342,BUS:EREDES:1507S5030900:60,12.82,3.2129948642114674,12.82,0.0,0.97,PEGÕES,1507S5030900,2026-01-20T19:45:00+00:00,DIRECT_EREDES_ACTIVE_POWER,SCENARIO_ASSUMPTION_FIXED_POWER_FACTOR,CONNECTED_TO_LINE_OR_TRANSFORMER,True,DIRECT_EREDES_P_WITH_POWER_FACTOR_DERIVED_Q
LOAD:00343,BUS:EREDES:1507S5900600:60,15.1,3.784416727737375,15.1,0.0,0.97,MONTIJO,1507S5900600,2026-01-20T19:45:00+00:00,DIRECT_EREDES_ACTIVE_POWER,SCENARIO_ASSUMPTION_FIXED_POWER_FACTOR,CONNECTED_TO_LINE_OR_TRANSFORMER,True,DIRECT_EREDES_P_WITH_POWER_FACTOR_DERIVED_Q
LOAD:00344,BUS:EREDES:1508S5031800:60,15.65,3.922259721131783,15.65,0.0,0.97,CARRASCAS,1508S5031800,2026-01-20T19:45:00+00:00,DIRECT_EREDES_ACTIVE_POWER,SCENARIO_ASSUMPTION_FIXED_POWER_FACTOR,CONNECTED_TO_LINE_OR_TRANSFORMER,True,DIRECT_EREDES_P_WITH_POWER_FACTOR_DERIVED_Q
LOAD:00345,BUS:EREDES:1508S5902400:60,13.41,3.3608628025800136,13.41,0.0,0.97,PINHAL NOVO,1508S5902400,2026-01-20T19:45:00+00:00,DIRECT_EREDES_ACTIVE_POWER,SCENARIO_ASSUMPTION_FIXED_POWER_FACTOR,CONNECTED_TO_LINE_OR_TRANSFORMER,True,DIRECT_EREDES_P_WITH_POWER_FACTOR_DERIVED_Q
LOAD:00346,BUS:EREDES:1508S5903500:60,12.43,3.1152516507136143,12.43,0.0,0.97,QUINTA DO ANJO,1508S5903500,2026-01-20T19:45:00+00:00,DIRECT_EREDES_ACTIVE_POWER,SCENARIO_ASSUMPTION_FIXED_POWER_FACTOR,CONNECTED_TO_LINE_OR_TRANSFORMER,True,DIRECT_EREDES_P_WITH_POWER_FACTOR_DERIVED_Q
LOAD:00347,BUS:EREDES:1509S5054000:60,25.29,6.33827145989922,25.29,0.0,0.97,SANTIAGO,1509S5054000,2026-01-20T19:45:00+00:00,DIRECT_EREDES_ACTIVE_POWER,SCENARIO_ASSUMPTION_FIXED_POWER_FACTOR,CONNECTED_TO_LINE_OR_TRANSFORMER,True,DIRECT_EREDES_P_WITH_POWER_FACTOR_DERIVED_Q
LOAD:00348,BUS:EREDES:1510S5021200:60,38.18,9.56880997781543,38.18,0.0,0.97,FOGUETEIRO,1510S5021200,2026-01-20T19:45:00+00:00,DIRECT_EREDES_ACTIVE_POWER,SCENARIO_ASSUMPTION_FIXED_POWER_FACTOR,CONNECTED_TO_LINE_OR_TRANSFORMER,True,DIRECT_EREDES_P_WITH_POWER_FACTOR_DERIVED_Q
LOAD:00349,BUS:EREDES:1510S5022300:60,23.06,5.779380777590985,23.06,0.0,0.97,SEIXAL,1510S5022300,2026-01-20T19:45:00+00:00,DIRECT_EREDES_ACTIVE_POWER,SCENARIO_ASSUMPTION_FIXED_POWER_FACTOR,CONNECTED_TO_LINE_OR_TRANSFORMER,True,DIRECT_EREDES_P_WITH_POWER_FACTOR_DERIVED_Q
LOAD:00350,BUS:EREDES:1511S5020600:60,33.83,8.478597211877842,33.83,0.0,0.97,QUINTA DO CONDE,1511S5020600,2026-01-20T19:45:00+00:00,DIRECT_EREDES_ACTIVE_POWER,SCENARIO_ASSUMPTION_FIXED_POWER_FACTOR,CONNECTED_TO_LINE_OR_TRANSFORMER,True,DIRECT_EREDES_P_WITH_POWER_FACTOR_DERIVED_Q
LOAD:00351,BUS:EREDES:1511S5021000:60,20.26,5.077634629401274,20.26,0.0,0.97,SANTANA,1511S5021000,2026-01-20T19:45:00+00:00,DIRECT_EREDES_ACTIVE_POWER,SCENARIO_ASSUMPTION_FIXED_POWER_FACTOR,CONNECTED_TO_LINE_OR_TRANSFORMER,True,DIRECT_EREDES_P_WITH_POWER_FACTOR_DERIVED_Q
LOAD:00352,BUS:EREDES:1512S5030700:60,40.204699999999995,10.076247630043897,40.204699999999995,0.0,0.97,SÃO SEBASTIÃO,1512S5030700,2026-01-20T19:45:00+00:00,DIRECT_EREDES_ACTIVE_POWER,SCENARIO_ASSUMPTION_FIXED_POWER_FACTOR,CONNECTED_TO_LINE_OR_TRANSFORMER,True,DIRECT_EREDES_P_WITH_POWER_FACTOR_DERIVED_Q
LOAD:00353,BUS:EREDES:1512S5031200:60,6.91,1.731809244282468,6.91,0.0,0.97,SADO,1512S5031200,2026-01-20T19:45:00+00:00,DIRECT_EREDES_ACTIVE_POWER,SCENARIO_ASSUMPTION_FIXED_POWER_FACTOR,CONNECTED_TO_LINE_OR_TRANSFORMER,True,DIRECT_EREDES_P_WITH_POWER_FACTOR_DERIVED_Q
LOAD:00354,BUS:EREDES:1512S5031900:60,22.25,5.576375641864676,22.25,0.0,0.97,TERROA,1512S5031900,2026-01-20T19:45:00+00:00,DIRECT_EREDES_ACTIVE_POWER,SCENARIO_ASSUMPTION_FIXED_POWER_FACTOR,CONNECTED_TO_LINE_OR_TRANSFORMER,True,DIRECT_EREDES_P_WITH_POWER_FACTOR_DERIVED_Q
LOAD:00355,BUS:EREDES:1512S5032400:60,24.816000000000003,6.219475861955677,24.816000000000003,0.0,0.97,BRASIL,1512S5032400,2026-01-20T19:45:00+00:00,DIRECT_EREDES_ACTIVE_POWER,SCENARIO_ASSUMPTION_FIXED_POWER_FACTOR,CONNECTED_TO_LINE_OR_TRANSFORMER,True,DIRECT_EREDES_P_WITH_POWER_FACTOR_DERIVED_Q
LOAD:00356,BUS:EREDES:1513S5054400:60,20.24,5.072622156914203,20.24,0.0,0.97,MONTE FEIO,1513S5054400,2026-01-20T19:45:00+00:00,DIRECT_EREDES_ACTIVE_POWER,SCENARIO_ASSUMPTION_FIXED_POWER_FACTOR,CONNECTED_TO_LINE_OR_TRANSFORMER,True,DIRECT_EREDES_P_WITH_POWER_FACTOR_DERIVED_Q
LOAD:00357,BUS:EREDES:1513S5907600:60,0.0,0.0,0.0,0.0,0.97,SINES,1513S5907600,2026-01-20T19:45:00+00:00,DIRECT_EREDES_ACTIVE_POWER,SCENARIO_ASSUMPTION_FIXED_POWER_FACTOR,CONNECTED_TO_LINE_OR_TRANSFORMER,True,REN_RESIDUAL_PTD_SPATIAL_ALLOCATION_WITH_POWER_FACTOR_DERIVED_Q
LOAD:00358,BUS:EREDES:1601S5024900:60,14.94,3.744316947840821,14.94,0.0,0.97,MOGUEIRAS,1601S5024900,2026-01-20T19:45:00+00:00,DIRECT_EREDES_ACTIVE_POWER,SCENARIO_ASSUMPTION_FIXED_POWER_FACTOR,CONNECTED_TO_LINE_OR_TRANSFORMER,True,DIRECT_EREDES_P_WITH_POWER_FACTOR_DERIVED_Q
LOAD:00359,BUS:EREDES:1602S5021100:60,9.14,2.290699926590703,9.14,0.0,0.97,ÂNCORA,1602S5021100,2026-01-20T19:45:00+00:00,DIRECT_EREDES_ACTIVE_POWER,SCENARIO_ASSUMPTION_FIXED_POWER_FACTOR,CONNECTED_TO_LINE_OR_TRANSFORMER,True,DIRECT_EREDES_P_WITH_POWER_FACTOR_DERIVED_Q
LOAD:00360,BUS:EREDES:1603S5021700:60,5.0,1.2531181217673428,5.0,0.0,0.97,ROUSSAS,1603S5021700,2026-01-20T19:45:00+00:00,DIRECT_EREDES_ACTIVE_POWER,SCENARIO_ASSUMPTION_FIXED_POWER_FACTOR,CONNECTED_TO_LINE_OR_TRANSFORMER,True,DIRECT_EREDES_P_WITH_POWER_FACTOR_DERIVED_Q
LOAD:00361,BUS:EREDES:1604S5007400:60,17.73,4.443556859786998,17.73,0.0,0.97,TROVISCOSO,1604S5007400,2026-01-20T19:45:00+00:00,DIRECT_EREDES_ACTIVE_POWER,SCENARIO_ASSUMPTION_FIXED_POWER_FACTOR,CONNECTED_TO_LINE_OR_TRANSFORMER,True,DIRECT_EREDES_P_WITH_POWER_FACTOR_DERIVED_Q
LOAD:00362,BUS:EREDES:1606S5011500:60,11.59,2.904727806256701,11.59,0.0,0.97,TOUVEDO,1606S5011500,2026-01-20T19:45:00+00:00,DIRECT_EREDES_ACTIVE_POWER,SCENARIO_ASSUMPTION_FIXED_POWER_FACTOR,CONNECTED_TO_LINE_OR_TRANSFORMER,True,DIRECT_EREDES_P_WITH_POWER_FACTOR_DERIVED_Q
LOAD:00363,BUS:EREDES:1607S5006400:60,31.39,7.867075568455379,31.39,0.0,0.97,FEITOSA,1607S5006400,2026-01-20T19:45:00+00:00,DIRECT_EREDES_ACTIVE_POWER,SCENARIO_ASSUMPTION_FIXED_POWER_FACTOR,CONNECTED_TO_LINE_OR_TRANSFORMER,True,DIRECT_EREDES_P_WITH_POWER_FACTOR_DERIVED_Q
LOAD:00364,BUS:EREDES:1608S5006800:60,13.3,3.3332942039011324,13.3,0.0,0.97,VALENÇA,1608S5006800,2026-01-20T19:45:00+00:00,DIRECT_EREDES_ACTIVE_POWER,SCENARIO_ASSUMPTION_FIXED_POWER_FACTOR,CONNECTED_TO_LINE_OR_TRANSFORMER,True,DIRECT_EREDES_P_WITH_POWER_FACTOR_DERIVED_Q
LOAD:00365,BUS:EREDES:1609S5001100:60,30.17,7.561314746744148,30.17,0.0,0.97,SANTA MARTA DE PORTUZELO,1609S5001100,2026-01-20T19:45:00+00:00,DIRECT_EREDES_ACTIVE_POWER,SCENARIO_ASSUMPTION_FIXED_POWER_FACTOR,CONNECTED_TO_LINE_OR_TRANSFORMER,True,DIRECT_EREDES_P_WITH_POWER_FACTOR_DERIVED_Q
LOAD:00366,BUS:EREDES:1609S5011200:60,35.25,8.834482758459767,35.25,0.0,0.97,SÃO ROMÃO DE NEIVA,1609S5011200,2026-01-20T19:45:00+00:00,DIRECT_EREDES_ACTIVE_POWER,SCENARIO_ASSUMPTION_FIXED_POWER_FACTOR,CONNECTED_TO_LINE_OR_TRANSFORMER,True,DIRECT_EREDES_P_WITH_POWER_FACTOR_DERIVED_Q
LOAD:00367,BUS:EREDES:1609S5021900:60,9.38,2.3508495964355354,9.38,0.0,0.97,MONSERRATE,1609S5021900,2026-01-20T19:45:00+00:00,DIRECT_EREDES_ACTIVE_POWER,SCENARIO_ASSUMPTION_FIXED_POWER_FACTOR,CONNECTED_TO_LINE_OR_TRANSFORMER,True,DIRECT_EREDES_P_WITH_POWER_FACTOR_DERIVED_Q
LOAD:00368,BUS:EREDES:1609S5025600:60,7.67,1.922283198791104,7.67,0.0,0.97,LANHESES,1609S5025600,2026-01-20T19:45:00+00:00,DIRECT_EREDES_ACTIVE_POWER,SCENARIO_ASSUMPTION_FIXED_POWER_FACTOR,CONNECTED_TO_LINE_OR_TRANSFORMER,True,DIRECT_EREDES_P_WITH_POWER_FACTOR_DERIVED_Q
LOAD:00369,BUS:EREDES:1610S5001400:60,0.0,0.0,0.0,0.0,0.97,FRANCE,1610S5001400,2026-01-20T19:45:00+00:00,DIRECT_EREDES_ACTIVE_POWER,SCENARIO_ASSUMPTION_FIXED_POWER_FACTOR,CONNECTED_TO_LINE_OR_TRANSFORMER,True,REN_RESIDUAL_PTD_SPATIAL_ALLOCATION_WITH_POWER_FACTOR_DERIVED_Q
LOAD:00370,BUS:EREDES:1610S5025800:60,7.56,1.8947146001122224,7.56,0.0,0.97,Vila Nova de Cerveira,1610S5025800,2026-01-20T19:45:00+00:00,DIRECT_EREDES_ACTIVE_POWER,SCENARIO_ASSUMPTION_FIXED_POWER_FACTOR,CONNECTED_TO_LINE_OR_TRANSFORMER,True,DIRECT_EREDES_P_WITH_POWER_FACTOR_DERIVED_Q
LOAD:00371,BUS:EREDES:1701S5003400:60,14.34,3.5939427732287395,14.34,0.0,0.97,PINHÃO,1701S5003400,2026-01-20T19:45:00+00:00,DIRECT_EREDES_ACTIVE_POWER,SCENARIO_ASSUMPTION_FIXED_POWER_FACTOR,CONNECTED_TO_LINE_OR_TRANSFORMER,True,DIRECT_EREDES_P_WITH_POWER_FACTOR_DERIVED_Q
LOAD:00372,BUS:EREDES:1703S5002100:60,8.82,2.210500366797593,8.82,0.0,0.97,VIDAGO,1703S5002100,2026-01-20T19:45:00+00:00,DIRECT_EREDES_ACTIVE_POWER,SCENARIO_ASSUMPTION_FIXED_POWER_FACTOR,CONNECTED_TO_LINE_OR_TRANSFORMER,True,DIRECT_EREDES_P_WITH_POWER_FACTOR_DERIVED_Q
LOAD:00373,BUS:EREDES:1703S5004900:60,29.96,7.508683785629919,29.96,0.0,0.97,CHAVES,1703S5004900,2026-01-20T19:45:00+00:00,DIRECT_EREDES_ACTIVE_POWER,SCENARIO_ASSUMPTION_FIXED_POWER_FACTOR,CONNECTED_TO_LINE_OR_TRANSFORMER,True,DIRECT_EREDES_P_WITH_POWER_FACTOR_DERIVED_Q
LOAD:00374,BUS:EREDES:1706S5015000:60,4.42,1.107756419642331,4.42,0.0,0.97,MORGADE,1706S5015000,2026-01-20T19:45:00+00:00,DIRECT_EREDES_ACTIVE_POWER,SCENARIO_ASSUMPTION_FIXED_POWER_FACTOR,CONNECTED_TO_LINE_OR_TRANSFORMER,True,DIRECT_EREDES_P_WITH_POWER_FACTOR_DERIVED_Q
LOAD:00375,BUS:EREDES:1706S5021200:60,0.03,0.007518708730604,0.03,0.0,0.97,VILA DA PONTE,1706S5021200,2026-01-20T19:45:00+00:00,DIRECT_EREDES_ACTIVE_POWER,SCENARIO_ASSUMPTION_FIXED_POWER_FACTOR,CONNECTED_TO_LINE_OR_TRANSFORMER,True,DIRECT_EREDES_P_WITH_POWER_FACTOR_DERIVED_Q
LOAD:00376,BUS:EREDES:1712S5015100:60,10.01,2.5087424797782205,10.01,0.0,0.97,VALPAÇOS,1712S5015100,2026-01-20T19:45:00+00:00,DIRECT_EREDES_ACTIVE_POWER,SCENARIO_ASSUMPTION_FIXED_POWER_FACTOR,CONNECTED_TO_LINE_OR_TRANSFORMER,True,DIRECT_EREDES_P_WITH_POWER_FACTOR_DERIVED_Q
LOAD:00377,BUS:EREDES:1713S5014700:60,3.45,0.8646515040194667,3.45,0.0,0.97,SOUTELO,1713S5014700,2026-01-20T19:45:00+00:00,DIRECT_EREDES_ACTIVE_POWER,SCENARIO_ASSUMPTION_FIXED_POWER_FACTOR,CONNECTED_TO_LINE_OR_TRANSFORMER,True,DIRECT_EREDES_P_WITH_POWER_FACTOR_DERIVED_Q
LOAD:00378,BUS:EREDES:1714S5006100:60,3.04,0.7618958180345445,3.04,0.0,0.97,TELHEIRA,1714S5006100,2026-01-20T19:45:00+00:00,DIRECT_EREDES_ACTIVE_POWER,SCENARIO_ASSUMPTION_FIXED_POWER_FACTOR,CONNECTED_TO_LINE_OR_TRANSFORMER,True,DIRECT_EREDES_P_WITH_POWER_FACTOR_DERIVED_Q
LOAD:00379,BUS:EREDES:1714S5022900:60,0.0,0.0,0.0,0.0,0.97,JORJAIS,1714S5022900,2026-01-20T19:45:00+00:00,DIRECT_EREDES_ACTIVE_POWER,SCENARIO_ASSUMPTION_FIXED_POWER_FACTOR,CONNECTED_TO_LINE_OR_TRANSFORMER,True,REN_RESIDUAL_PTD_SPATIAL_ALLOCATION_WITH_POWER_FACTOR_DERIVED_Q
LOAD:00380,BUS:EREDES:1802S5010800:60,7.64,1.9147644900605,7.64,0.0,0.97,CARREGAL DO SAL,1802S5010800,2026-01-20T19:45:00+00:00,DIRECT_EREDES_ACTIVE_POWER,SCENARIO_ASSUMPTION_FIXED_POWER_FACTOR,CONNECTED_TO_LINE_OR_TRANSFORMER,True,DIRECT_EREDES_P_WITH_POWER_FACTOR_DERIVED_Q
LOAD:00381,BUS:EREDES:1803S5004800:60,4.8,1.202993396896649,4.8,0.0,0.97,CASTRO DAIRE,1803S5004800,2026-01-20T19:45:00+00:00,DIRECT_EREDES_ACTIVE_POWER,SCENARIO_ASSUMPTION_FIXED_POWER_FACTOR,CONNECTED_TO_LINE_OR_TRANSFORMER,True,DIRECT_EREDES_P_WITH_POWER_FACTOR_DERIVED_Q
LOAD:00382,BUS:EREDES:1805S5001700:60,0.0,0.0,0.0,0.0,0.97,VAROSA,1805S5001700,2026-01-20T19:45:00+00:00,DIRECT_EREDES_ACTIVE_POWER,SCENARIO_ASSUMPTION_FIXED_POWER_FACTOR,CONNECTED_TO_LINE_OR_TRANSFORMER,True,REN_RESIDUAL_PTD_SPATIAL_ALLOCATION_WITH_POWER_FACTOR_DERIVED_Q
LOAD:00383,BUS:EREDES:1805S5011300:60,4.51,1.1303125458341432,4.51,0.0,0.97,LAMEGO,1805S5011300,2026-01-20T19:45:00+00:00,DIRECT_EREDES_ACTIVE_POWER,SCENARIO_ASSUMPTION_FIXED_POWER_FACTOR,CONNECTED_TO_LINE_OR_TRANSFORMER,True,DIRECT_EREDES_P_WITH_POWER_FACTOR_DERIVED_Q
LOAD:00384,BUS:EREDES:1806S5008500:60,13.8,3.4586060160778667,13.8,0.0,0.97,MANGUALDE,1806S5008500,2026-01-20T19:45:00+00:00,DIRECT_EREDES_ACTIVE_POWER,SCENARIO_ASSUMPTION_FIXED_POWER_FACTOR,CONNECTED_TO_LINE_OR_TRANSFORMER,True,DIRECT_EREDES_P_WITH_POWER_FACTOR_DERIVED_Q
LOAD:00385,BUS:EREDES:1807S5009800:60,16.79,4.207970652894737,16.79,0.0,0.97,VILA DA RUA,1807S5009800,2026-01-20T19:45:00+00:00,DIRECT_EREDES_ACTIVE_POWER,SCENARIO_ASSUMPTION_FIXED_POWER_FACTOR,CONNECTED_TO_LINE_OR_TRANSFORMER,True,DIRECT_EREDES_P_WITH_POWER_FACTOR_DERIVED_Q
LOAD:00386,BUS:EREDES:1808S5009500:60,13.37,3.3508378576058746,13.37,0.0,0.97,MORTÁGUA,1808S5009500,2026-01-20T19:45:00+00:00,DIRECT_EREDES_ACTIVE_POWER,SCENARIO_ASSUMPTION_FIXED_POWER_FACTOR,CONNECTED_TO_LINE_OR_TRANSFORMER,True,DIRECT_EREDES_P_WITH_POWER_FACTOR_DERIVED_Q
LOAD:00387,BUS:EREDES:1809S5004900:60,13.71,3.4360498898860543,13.71,0.0,0.97,NELAS,1809S5004900,2026-01-20T19:45:00+00:00,DIRECT_EREDES_ACTIVE_POWER,SCENARIO_ASSUMPTION_FIXED_POWER_FACTOR,CONNECTED_TO_LINE_OR_TRANSFORMER,True,DIRECT_EREDES_P_WITH_POWER_FACTOR_DERIVED_Q
LOAD:00388,BUS:EREDES:1817S5010700:60,9.92,2.486186353586408,9.92,0.0,0.97,SÁTÃO,1817S5010700,2026-01-20T19:45:00+00:00,DIRECT_EREDES_ACTIVE_POWER,SCENARIO_ASSUMPTION_FIXED_POWER_FACTOR,CONNECTED_TO_LINE_OR_TRANSFORMER,True,DIRECT_EREDES_P_WITH_POWER_FACTOR_DERIVED_Q
LOAD:00389,BUS:EREDES:1821S5009100:60,9.77,2.448592809933388,9.77,0.0,0.97,TONDELA,1821S5009100,2026-01-20T19:45:00+00:00,DIRECT_EREDES_ACTIVE_POWER,SCENARIO_ASSUMPTION_FIXED_POWER_FACTOR,CONNECTED_TO_LINE_OR_TRANSFORMER,True,DIRECT_EREDES_P_WITH_POWER_FACTOR_DERIVED_Q
LOAD:00390,BUS:EREDES:1823S5004600:60,16.44,4.120252384371024,16.44,0.0,0.97,ORGENS,1823S5004600,2026-01-20T19:45:00+00:00,DIRECT_EREDES_ACTIVE_POWER,SCENARIO_ASSUMPTION_FIXED_POWER_FACTOR,CONNECTED_TO_LINE_OR_TRANSFORMER,True,DIRECT_EREDES_P_WITH_POWER_FACTOR_DERIVED_Q
LOAD:00391,BUS:EREDES:1823S5009300:60,10.37,2.598966984545469,10.37,0.0,0.97,GUMIEI,1823S5009300,2026-01-20T19:45:00+00:00,DIRECT_EREDES_ACTIVE_POWER,SCENARIO_ASSUMPTION_FIXED_POWER_FACTOR,CONNECTED_TO_LINE_OR_TRANSFORMER,True,DIRECT_EREDES_P_WITH_POWER_FACTOR_DERIVED_Q
LOAD:00392,BUS:EREDES:1823S5009600:60,14.42,3.613992663177017,14.42,0.0,0.97,VISEU,1823S5009600,2026-01-20T19:45:00+00:00,DIRECT_EREDES_ACTIVE_POWER,SCENARIO_ASSUMPTION_FIXED_POWER_FACTOR,CONNECTED_TO_LINE_OR_TRANSFORMER,True,DIRECT_EREDES_P_WITH_POWER_FACTOR_DERIVED_Q
LOAD:00393,BUS:EREDES:1823S5009700:60,44.52,11.157763756216422,44.52,0.0,0.97,VISO,1823S5009700,2026-01-20T19:45:00+00:00,DIRECT_EREDES_ACTIVE_POWER,SCENARIO_ASSUMPTION_FIXED_POWER_FACTOR,CONNECTED_TO_LINE_OR_TRANSFORMER,True,DIRECT_EREDES_P_WITH_POWER_FACTOR_DERIVED_Q
LOAD:00394,BUS:EREDES:1824S5009400:60,15.88,3.979903154733081,15.88,0.0,0.97,VOUZELA,1824S5009400,2026-01-20T19:45:00+00:00,DIRECT_EREDES_ACTIVE_POWER,SCENARIO_ASSUMPTION_FIXED_POWER_FACTOR,CONNECTED_TO_LINE_OR_TRANSFORMER,True,DIRECT_EREDES_P_WITH_POWER_FACTOR_DERIVED_Q
LOAD:RNT-INDUSTRIAL:01,BUS:OSM:way:144622215:400,500.0002903811249,125.31188495310424,0.0,500.0002903811249,0.97,Sines 400kV Bulk Industrial Hub,RNT_INDUSTRIAL,2026-01-20T19:45:00+00:00,RNT_DIRECT_TRANSMISSION_INDUSTRIAL_ALLOCATION,SCENARIO_ASSUMPTION_FIXED_POWER_FACTOR,CONNECTED_TO_LINE_OR_TRANSFORMER,True,REN_RESIDUAL_PTD_SPATIAL_ALLOCATION_WITH_POWER_FACTOR_DERIVED_Q
LOAD:RNT-INDUSTRIAL:02,BUS:OSM:way:129055610:400,450.0002613430124,112.78069645779384,0.0,450.0002613430124,0.97,Palmela 400kV Setúbal Industrial Hub,RNT_INDUSTRIAL,2026-01-20T19:45:00+00:00,RNT_DIRECT_TRANSMISSION_INDUSTRIAL_ALLOCATION,SCENARIO_ASSUMPTION_FIXED_POWER_FACTOR,CONNECTED_TO_LINE_OR_TRANSFORMER,True,REN_RESIDUAL_PTD_SPATIAL_ALLOCATION_WITH_POWER_FACTOR_DERIVED_Q
LOAD:RNT-INDUSTRIAL:03,BUS:OSM:way:144554435:400,300.00017422867495,75.18713097186256,0.0,300.00017422867495,0.97,Lavos 400kV Figueira da Foz Industrial,RNT_INDUSTRIAL,2026-01-20T19:45:00+00:00,RNT_DIRECT_TRANSMISSION_INDUSTRIAL_ALLOCATION,SCENARIO_ASSUMPTION_FIXED_POWER_FACTOR,CONNECTED_TO_LINE_OR_TRANSFORMER,True,REN_RESIDUAL_PTD_SPATIAL_ALLOCATION_WITH_POWER_FACTOR_DERIVED_Q
LOAD:RNT-INDUSTRIAL:04,BUS:OSM:way:151109816:220,350.0002032667874,87.71831946717298,0.0,350.0002032667874,0.97,Maia 220kV Siderurgia Heavy Industry,RNT_INDUSTRIAL,2026-01-20T19:45:00+00:00,RNT_DIRECT_TRANSMISSION_INDUSTRIAL_ALLOCATION,SCENARIO_ASSUMPTION_FIXED_POWER_FACTOR,CONNECTED_TO_LINE_OR_TRANSFORMER,True,REN_RESIDUAL_PTD_SPATIAL_ALLOCATION_WITH_POWER_FACTOR_DERIVED_Q
LOAD:RNT-INDUSTRIAL:05,BUS:OSM:way:131715746:400,250.00014519056245,62.65594247655213,0.0,250.00014519056245,0.97,Rio Maior 400kV Central Transmission Hub,RNT_INDUSTRIAL,2026-01-20T19:45:00+00:00,RNT_DIRECT_TRANSMISSION_INDUSTRIAL_ALLOCATION,SCENARIO_ASSUMPTION_FIXED_POWER_FACTOR,CONNECTED_TO_LINE_OR_TRANSFORMER,True,REN_RESIDUAL_PTD_SPATIAL_ALLOCATION_WITH_POWER_FACTOR_DERIVED_Q
LOAD:RNT-INDUSTRIAL:06,BUS:OSM:way:163214308:150,216.25012558983653,54.197390242217594,0.0,216.25012558983653,0.97,Sines 150kV Petrochemical Complex,RNT_INDUSTRIAL,2026-01-20T19:45:00+00:00,RNT_DIRECT_TRANSMISSION_INDUSTRIAL_ALLOCATION,SCENARIO_ASSUMPTION_FIXED_POWER_FACTOR,CONNECTED_TO_LINE_OR_TRANSFORMER,True,REN_RESIDUAL_PTD_SPATIAL_ALLOCATION_WITH_POWER_FACTOR_DERIVED_Q
