transformer_id,hv_bus,lv_bus,hv_kv,lv_kv,sn_mva,vk_percent,vkr_percent,pfe_kw,i0_percent,shift_degree,tap_side,tap_neutral,tap_min,tap_max,tap_step_percent,tap_pos,source_status,source_id,evidence,match_distance_m,parameter_status,pre_calibration_sn_mva,capacity_calibration_factor,p_hv_mw,q_hv_mvar,p_lv_mw,q_lv_mvar,pl_mw,ql_mvar,i_hv_ka,i_lv_ka,vm_hv_pu,va_hv_degree,vm_lv_pu,va_lv_degree,loading_percent,solved_tap_pos,initial_tap_pos,final_lv_vm_pu,tap_position_status,flow_result_status
TRAFO:00000,BUS:OSM:way:116944631:220,BUS:JUNCTION:60:01220,220,60,120.0,12.0,0.4,0.0,0.0,0.0,hv,0,-8,8,1.25,0,DIRECT_OSM_TRANSFORMER_TAG,OSM:node:1320279099,"{""frequency"": ""50"", ""operator"": ""REN"", ""operator:wikidata"": ""Q1862842"", ""power"": ""transformer"", ""rating"": ""120 MVA"", ""transformer"": ""main"", ""voltage:primary"": ""220000"", ""voltage:secondary"": ""60000""}",63.550035390600854,OSM_NAMEPLATE_MVA_WITH_PROXY_IMPEDANCE+REN_VOLTAGE_PAIR_AGGREGATE_CALIBRATION,120.0,1.0,53.924572111904425,15.79767805522178,-53.81808460156985,-12.604828030294987,0.1064875103345741,3.192850024926793,0.148329200503547,0.5438737351796723,0.9941607979230296,-1.3436058327335691,0.9779455750227496,-4.490272311422788,47.10084711167268,-8.0,0.0,0.9779455750227496,INFERRED_DISCRETE_VOLTAGE_CONTROL_NOT_OPERATOR_OBSERVED,AC_POWER_FLOW_SOLUTION_NOT_MEASURED_TELEMETRY
TRAFO:00001,BUS:OSM:way:131715746:220,BUS:JUNCTION:60:00091,220,60,126.0,12.0,0.4,0.0,0.0,0.0,hv,0,-8,8,1.25,0,DIRECT_OSM_TRANSFORMER_TAG,OSM:node:3430128046,"{""frequency"": ""50"", ""operator"": ""REN"", ""operator:wikidata"": ""Q1862842"", ""power"": ""transformer"", ""rating"": ""126 MVA"", ""transformer"": ""main"", ""voltage:primary"": ""220000"", ""voltage:secondary"": ""60000""}",399.78111042886974,OSM_NAMEPLATE_MVA_WITH_PROXY_IMPEDANCE+REN_VOLTAGE_PAIR_AGGREGATE_CALIBRATION,126.0,1.0,28.145431520861603,9.532671594333603,-28.117105429829092,-8.683361096087715,0.0283260910325111,0.8493104982458881,0.0783908352715643,0.2874330626624026,0.9948117030280194,-7.667811251859786,0.9851523995942608,-9.216537588918058,23.70707944316239,0.0,0.0,0.9851523995942608,INFERRED_DISCRETE_VOLTAGE_CONTROL_NOT_OPERATOR_OBSERVED,AC_POWER_FLOW_SOLUTION_NOT_MEASURED_TELEMETRY
TRAFO:00002,BUS:OSM:way:131715746:400,BUS:OSM:way:131715746:220,400,220,476.47058823529414,12.0,0.3,0.0,0.0,0.0,hv,0,-8,8,1.25,0,DIRECT_OSM_TRANSFORMER_TAG,OSM:node:3430128063,"{""devices"": ""3"", ""frequency"": ""50"", ""operator"": ""REN"", ""operator:wikidata"": ""Q1862842"", ""phases"": ""1"", ""power"": ""transformer"", ""rating"": ""450 MVA"", ""transformer"": ""main"", ""voltage:primary"": ""400000"", ""voltage:secondary"": ""220000"", ""windings:auto"": ""yes""}",262.5235219485305,OSM_NAMEPLATE_MVA_WITH_PROXY_IMPEDANCE+REN_VOLTAGE_PAIR_AGGREGATE_CALIBRATION,450.0,1.0588235294117647,88.66700000924592,2.0982053155931077,-88.61703817157206,-0.1003564292225207,0.0499618376738624,1.997848886370587,0.1285748436000851,0.2337724429092457,0.9956505893632284,-6.377109665727566,0.9948117030280194,-7.667811251859786,18.695648141924355,0.0,0.0,0.9948117030280194,INFERRED_DISCRETE_VOLTAGE_CONTROL_NOT_OPERATOR_OBSERVED,AC_POWER_FLOW_SOLUTION_NOT_MEASURED_TELEMETRY
TRAFO:00003,BUS:OSM:way:131715746:400,BUS:OSM:way:131715746:220,400,220,476.47058823529414,12.0,0.3,0.0,0.0,0.0,hv,0,-8,8,1.25,0,DIRECT_OSM_TRANSFORMER_TAG,OSM:node:3430128066,"{""devices"": ""3"", ""frequency"": ""50"", ""operator"": ""REN"", ""operator:wikidata"": ""Q1862842"", ""phases"": ""1"", ""power"": ""transformer"", ""rating"": ""450 MVA"", ""transformer"": ""main"", ""voltage:primary"": ""400000"", ""voltage:secondary"": ""220000"", ""windings:auto"": ""yes""}",65.23481076784329,OSM_NAMEPLATE_MVA_WITH_PROXY_IMPEDANCE+REN_VOLTAGE_PAIR_AGGREGATE_CALIBRATION,450.0,1.0588235294117647,88.66700000924592,2.0982053155931077,-88.61703817157206,-0.1003564292225207,0.0499618376738624,1.997848886370587,0.1285748436000851,0.2337724429092457,0.9956505893632284,-6.377109665727566,0.9948117030280194,-7.667811251859786,18.695648141924355,0.0,0.0,0.9948117030280194,INFERRED_DISCRETE_VOLTAGE_CONTROL_NOT_OPERATOR_OBSERVED,AC_POWER_FLOW_SOLUTION_NOT_MEASURED_TELEMETRY
TRAFO:00004,BUS:OSM:way:131715746:220,BUS:JUNCTION:60:00091,220,60,126.0,12.0,0.4,0.0,0.0,0.0,hv,0,-8,8,1.25,0,DIRECT_OSM_TRANSFORMER_TAG,OSM:node:3430128070,"{""frequency"": ""50"", ""operator"": ""REN"", ""operator:wikidata"": ""Q1862842"", ""power"": ""transformer"", ""rating"": ""126 MVA"", ""transformer"": ""main"", ""voltage:primary"": ""220000"", ""voltage:secondary"": ""60000""}",356.26249889592157,OSM_NAMEPLATE_MVA_WITH_PROXY_IMPEDANCE+REN_VOLTAGE_PAIR_AGGREGATE_CALIBRATION,126.0,1.0,28.145431520861603,9.532671594333603,-28.117105429829092,-8.683361096087715,0.0283260910325111,0.8493104982458881,0.0783908352715643,0.2874330626624026,0.9948117030280194,-7.667811251859786,0.9851523995942608,-9.216537588918058,23.70707944316239,0.0,0.0,0.9851523995942608,INFERRED_DISCRETE_VOLTAGE_CONTROL_NOT_OPERATOR_OBSERVED,AC_POWER_FLOW_SOLUTION_NOT_MEASURED_TELEMETRY
TRAFO:00005,BUS:OSM:way:132865612:400,BUS:JUNCTION:60:01977,400,60,170.0,12.0,0.35,0.0,0.0,0.0,hv,0,-8,8,1.25,0,DIRECT_OSM_TRANSFORMER_TAG,OSM:node:3452186571,"{""frequency"": ""50"", ""location"": ""outdoor"", ""operator"": ""REN"", ""operator:wikidata"": ""Q1862842"", ""power"": ""transformer"", ""rating"": ""170 MVA"", ""transformer"": ""main"", ""voltage:primary"": ""400000"", ""voltage:secondary"": ""60000""}",242.54419001023143,OSM_NAMEPLATE_MVA_WITH_PROXY_IMPEDANCE+REN_VOLTAGE_PAIR_AGGREGATE_CALIBRATION,170.0,1.0,46.43000534639463,30.393407440262816,-46.36631887885275,-28.21080036884755,0.0636864675418777,2.1826070714152657,0.0802774188514553,0.5351827923430358,0.997760738283766,0.7294670651770184,0.9758411251696028,-1.161859837220767,32.71636897675489,-8.0,0.0,0.9758411251696028,INFERRED_DISCRETE_VOLTAGE_CONTROL_NOT_OPERATOR_OBSERVED,AC_POWER_FLOW_SOLUTION_NOT_MEASURED_TELEMETRY
TRAFO:00006,BUS:OSM:way:132865612:400,BUS:JUNCTION:60:01977,400,60,170.0,12.0,0.35,0.0,0.0,0.0,hv,0,-8,8,1.25,0,DIRECT_OSM_TRANSFORMER_TAG,OSM:node:3452186590,"{""frequency"": ""50"", ""location"": ""outdoor"", ""operator"": ""REN"", ""operator:wikidata"": ""Q1862842"", ""power"": ""transformer"", ""rating"": ""170 MVA"", ""transformer"": ""main"", ""voltage:primary"": ""400000"", ""voltage:secondary"": ""60000""}",277.31064952200137,OSM_NAMEPLATE_MVA_WITH_PROXY_IMPEDANCE+REN_VOLTAGE_PAIR_AGGREGATE_CALIBRATION,170.0,1.0,46.43000534639463,30.393407440262816,-46.36631887885275,-28.21080036884755,0.0636864675418777,2.1826070714152657,0.0802774188514553,0.5351827923430358,0.997760738283766,0.7294670651770184,0.9758411251696028,-1.161859837220767,32.71636897675489,-8.0,0.0,0.9758411251696028,INFERRED_DISCRETE_VOLTAGE_CONTROL_NOT_OPERATOR_OBSERVED,AC_POWER_FLOW_SOLUTION_NOT_MEASURED_TELEMETRY
TRAFO:00007,BUS:OSM:way:132865612:400,BUS:OSM:way:132865612:150,400,150,360.0,12.0,0.3,0.0,0.0,0.0,hv,0,-8,8,1.25,0,DIRECT_OSM_TRANSFORMER_TAG,OSM:node:3452187778,"{""frequency"": ""50"", ""location"": ""outdoor"", ""operator"": ""REN"", ""operator:wikidata"": ""Q1862842"", ""power"": ""transformer"", ""rating"": ""360 MVA"", ""transformer"": ""main"", ""voltage:primary"": ""400000"", ""voltage:secondary"": ""150000"", ""windings:auto"": ""yes""}",115.52565223928856,OSM_NAMEPLATE_MVA_WITH_PROXY_IMPEDANCE+REN_VOLTAGE_PAIR_AGGREGATE_CALIBRATION,360.0,1.0,-107.439694543292,35.12891387523562,107.54665075081064,-30.852002736049737,0.1069562075186212,4.276911139185881,0.1635207995322005,0.4360554654192014,0.997760738283766,0.7294670651770184,0.987588618278876,2.828705181813412,31.469592542672935,0.0,0.0,0.987588618278876,INFERRED_DISCRETE_VOLTAGE_CONTROL_NOT_OPERATOR_OBSERVED,AC_POWER_FLOW_SOLUTION_NOT_MEASURED_TELEMETRY
TRAFO:00008,BUS:OSM:way:132865612:400,BUS:OSM:way:132865612:150,400,150,360.0,12.0,0.3,0.0,0.0,0.0,hv,0,-8,8,1.25,0,DIRECT_OSM_TRANSFORMER_TAG,OSM:node:3452188053,"{""frequency"": ""50"", ""location"": ""outdoor"", ""operator"": ""REN"", ""operator:wikidata"": ""Q1862842"", ""power"": ""transformer"", ""rating"": ""360 MVA"", ""transformer"": ""main"", ""voltage:primary"": ""400000"", ""voltage:secondary"": ""150000"", ""windings:auto"": ""yes""}",68.97529125451732,OSM_NAMEPLATE_MVA_WITH_PROXY_IMPEDANCE+REN_VOLTAGE_PAIR_AGGREGATE_CALIBRATION,360.0,1.0,-107.439694543292,35.12891387523562,107.54665075081064,-30.852002736049737,0.1069562075186212,4.276911139185881,0.1635207995322005,0.4360554654192014,0.997760738283766,0.7294670651770184,0.987588618278876,2.828705181813412,31.469592542672935,0.0,0.0,0.987588618278876,INFERRED_DISCRETE_VOLTAGE_CONTROL_NOT_OPERATOR_OBSERVED,AC_POWER_FLOW_SOLUTION_NOT_MEASURED_TELEMETRY
TRAFO:00009,BUS:OSM:way:144711815:150,BUS:EREDES:0813S5062400:60,150,60,170.0,12.0,0.45,0.0,0.0,0.0,hv,0,-8,8,1.25,0,DIRECT_OSM_TRANSFORMER_TAG,OSM:node:3459220884,"{""frequency"": ""50"", ""operator"": ""REN"", ""operator:wikidata"": ""Q1862842"", ""power"": ""transformer"", ""transformer"": ""main"", ""voltage:primary"": ""150000"", ""voltage:secondary"": ""60000""}",92.11107468753828,VOLTAGE_PAIR_PROXY+REN_VOLTAGE_PAIR_AGGREGATE_CALIBRATION,170.0,1.0,43.81457462267508,8.890645583352441,-43.76022244526643,-7.442273647645417,0.0543521774086457,1.4483719357070235,0.1744113689754433,0.4360284224386083,0.9866286099222064,-10.103252834737235,0.9795901425243672,-11.921793931204698,26.65494286615677,-8.0,0.0,0.9795901425243672,INFERRED_DISCRETE_VOLTAGE_CONTROL_NOT_OPERATOR_OBSERVED,AC_POWER_FLOW_SOLUTION_NOT_MEASURED_TELEMETRY
TRAFO:00010,BUS:OSM:way:201459319:150,BUS:JUNCTION:60:02584,150,60,126.0,12.0,0.45,0.0,0.0,0.0,hv,0,-8,8,1.25,0,DIRECT_OSM_TRANSFORMER_TAG,OSM:node:3459221199,"{""frequency"": ""50"", ""operator"": ""REN"", ""operator:wikidata"": ""Q1862842"", ""power"": ""transformer"", ""rating"": ""126 MVA"", ""transformer"": ""main"", ""voltage:primary"": ""150000"", ""voltage:secondary"": ""60000""}",54.06873029547547,OSM_NAMEPLATE_MVA_WITH_PROXY_IMPEDANCE+REN_VOLTAGE_PAIR_AGGREGATE_CALIBRATION,126.0,1.0,8.444484648583462,4.799655236255655,-8.441115148177495,-4.709865092455837,0.0033695004059666,0.0897901437998172,0.0373860761102268,0.0934651902755671,1.0000000000000002,-6.26416396718805,0.995161608513783,-6.717007805230048,7.70887896649404,0.0,0.0,0.995161608513783,INFERRED_DISCRETE_VOLTAGE_CONTROL_NOT_OPERATOR_OBSERVED,AC_POWER_FLOW_SOLUTION_NOT_MEASURED_TELEMETRY
TRAFO:00011,BUS:OSM:way:201459319:400,BUS:OSM:way:201459319:150,400,150,450.0,12.0,0.3,0.0,0.0,0.0,hv,0,-8,8,1.25,0,DIRECT_OSM_TRANSFORMER_TAG,OSM:node:3459221249,"{""frequency"": ""50"", ""operator"": ""REN"", ""operator:wikidata"": ""Q1862842"", ""power"": ""transformer"", ""rating"": ""450 MVA"", ""transformer"": ""main"", ""voltage:primary"": ""400000"", ""voltage:secondary"": ""150000"", ""windings:auto"": ""yes""}",25.51205095559694,OSM_NAMEPLATE_MVA_WITH_PROXY_IMPEDANCE+REN_VOLTAGE_PAIR_AGGREGATE_CALIBRATION,450.0,1.0,152.23914364000066,3.1161729737923696,-152.08488278462468,3.0523326791697984,0.1542608553759805,6.168505652962168,0.2195598262547009,0.585492870012536,1.001022400149238,-3.941776368356834,1.0000000000000002,-6.26416396718805,33.80344661103442,0.0,0.0,1.0000000000000002,INFERRED_DISCRETE_VOLTAGE_CONTROL_NOT_OPERATOR_OBSERVED,AC_POWER_FLOW_SOLUTION_NOT_MEASURED_TELEMETRY
TRAFO:00012,BUS:OSM:way:144711815:150,BUS:EREDES:0813S5062400:60,150,60,170.0,12.0,0.45,0.0,0.0,0.0,hv,0,-8,8,1.25,0,DIRECT_OSM_TRANSFORMER_TAG,OSM:node:3459221251,"{""frequency"": ""50"", ""operator"": ""REN"", ""operator:wikidata"": ""Q1862842"", ""power"": ""transformer"", ""transformer"": ""main"", ""voltage:primary"": ""150000"", ""voltage:secondary"": ""60000""}",71.85853718319375,VOLTAGE_PAIR_PROXY+REN_VOLTAGE_PAIR_AGGREGATE_CALIBRATION,170.0,1.0,43.81457462267508,8.890645583352441,-43.76022244526643,-7.442273647645417,0.0543521774086457,1.4483719357070235,0.1744113689754433,0.4360284224386083,0.9866286099222064,-10.103252834737235,0.9795901425243672,-11.921793931204698,26.65494286615677,-8.0,0.0,0.9795901425243672,INFERRED_DISCRETE_VOLTAGE_CONTROL_NOT_OPERATOR_OBSERVED,AC_POWER_FLOW_SOLUTION_NOT_MEASURED_TELEMETRY
TRAFO:00013,BUS:OSM:way:144711815:150,BUS:EREDES:0813S5062400:60,150,60,170.0,12.0,0.45,0.0,0.0,0.0,hv,0,-8,8,1.25,0,DIRECT_OSM_TRANSFORMER_TAG,OSM:node:3459221252,"{""frequency"": ""50"", ""operator"": ""REN"", ""operator:wikidata"": ""Q1862842"", ""power"": ""transformer"", ""transformer"": ""main"", ""voltage:primary"": ""150000"", ""voltage:secondary"": ""60000""}",79.27681852682817,VOLTAGE_PAIR_PROXY+REN_VOLTAGE_PAIR_AGGREGATE_CALIBRATION,170.0,1.0,43.81457462267508,8.890645583352441,-43.76022244526643,-7.442273647645417,0.0543521774086457,1.4483719357070235,0.1744113689754433,0.4360284224386083,0.9866286099222064,-10.103252834737235,0.9795901425243672,-11.921793931204698,26.65494286615677,-8.0,0.0,0.9795901425243672,INFERRED_DISCRETE_VOLTAGE_CONTROL_NOT_OPERATOR_OBSERVED,AC_POWER_FLOW_SOLUTION_NOT_MEASURED_TELEMETRY
TRAFO:00014,BUS:OSM:way:201459319:150,BUS:JUNCTION:60:02584,150,60,126.0,12.0,0.45,0.0,0.0,0.0,hv,0,-8,8,1.25,0,DIRECT_OSM_TRANSFORMER_TAG,OSM:node:3459221258,"{""frequency"": ""50"", ""operator"": ""REN"", ""operator:wikidata"": ""Q1862842"", ""power"": ""transformer"", ""rating"": ""126 MVA"", ""transformer"": ""main"", ""voltage:primary"": ""150000"", ""voltage:secondary"": ""60000""}",62.74999287991445,OSM_NAMEPLATE_MVA_WITH_PROXY_IMPEDANCE+REN_VOLTAGE_PAIR_AGGREGATE_CALIBRATION,126.0,1.0,8.444484648583462,4.799655236255655,-8.441115148177495,-4.709865092455837,0.0033695004059666,0.0897901437998172,0.0373860761102268,0.0934651902755671,1.0000000000000002,-6.26416396718805,0.995161608513783,-6.717007805230048,7.70887896649404,0.0,0.0,0.995161608513783,INFERRED_DISCRETE_VOLTAGE_CONTROL_NOT_OPERATOR_OBSERVED,AC_POWER_FLOW_SOLUTION_NOT_MEASURED_TELEMETRY
TRAFO:00015,BUS:OSM:way:144622215:400,BUS:OSM:way:144622215:150,400,150,360.0,12.0,0.3,0.0,0.0,0.0,hv,0,-8,8,1.25,0,DIRECT_OSM_TRANSFORMER_TAG,OSM:node:3459280713,"{""frequency"": ""50"", ""operator"": ""REN"", ""operator:wikidata"": ""Q1862842"", ""power"": ""transformer"", ""rating"": ""360 MVA"", ""transformer"": ""main"", ""voltage:primary"": ""400000"", ""voltage:secondary"": ""150000"", ""windings:auto"": ""yes""}",172.03241945506429,OSM_NAMEPLATE_MVA_WITH_PROXY_IMPEDANCE+REN_VOLTAGE_PAIR_AGGREGATE_CALIBRATION,360.0,1.0,-250.0001451905528,-55.84701525191272,250.6024698991941,79.93247336192347,0.602324708641305,24.085458110010748,0.3880479057543346,1.0347944153448922,0.9528152828776189,-19.54215682206457,0.978403973507267,-14.443929000633148,74.67985428191187,-8.0,0.0,0.978403973507267,INFERRED_DISCRETE_VOLTAGE_CONTROL_NOT_OPERATOR_OBSERVED,AC_POWER_FLOW_SOLUTION_NOT_MEASURED_TELEMETRY
TRAFO:00016,BUS:OSM:way:144622215:150,BUS:JUNCTION:60:00869,150,60,126.0,12.0,0.45,0.0,0.0,0.0,hv,0,-8,8,1.25,0,DIRECT_OSM_TRANSFORMER_TAG,OSM:node:3459280736,"{""frequency"": ""50"", ""operator"": ""REN"", ""operator:wikidata"": ""Q1862842"", ""power"": ""transformer"", ""rating"": ""126 MVA"", ""transformer"": ""main"", ""voltage:primary"": ""150000"", ""voltage:secondary"": ""60000""}",148.2080711605148,OSM_NAMEPLATE_MVA_WITH_PROXY_IMPEDANCE+REN_VOLTAGE_PAIR_AGGREGATE_CALIBRATION,126.0,1.0,8.746323843415478,-3.694805285248053,-8.742960508149833,3.784431140943028,0.0033633352656448,0.0896258556949756,0.037351857990991,0.0933796449774775,0.978403973507267,-14.443929000633148,0.9817167566095308,-14.948340803384516,7.701823309225475,-8.0,0.0,0.9817167566095308,INFERRED_DISCRETE_VOLTAGE_CONTROL_NOT_OPERATOR_OBSERVED,AC_POWER_FLOW_SOLUTION_NOT_MEASURED_TELEMETRY
TRAFO:00017,BUS:OSM:way:144622215:400,BUS:OSM:way:144622215:150,400,150,360.0,12.0,0.3,0.0,0.0,0.0,hv,0,-8,8,1.25,0,DIRECT_OSM_TRANSFORMER_TAG,OSM:node:3459280738,"{""frequency"": ""50"", ""operator"": ""REN"", ""operator:wikidata"": ""Q1862842"", ""power"": ""transformer"", ""rating"": ""360 MVA"", ""transformer"": ""main"", ""voltage:primary"": ""400000"", ""voltage:secondary"": ""150000"", ""windings:auto"": ""yes""}",151.1499304845282,OSM_NAMEPLATE_MVA_WITH_PROXY_IMPEDANCE+REN_VOLTAGE_PAIR_AGGREGATE_CALIBRATION,360.0,1.0,-250.0001451905528,-55.84701525191272,250.6024698991941,79.93247336192347,0.602324708641305,24.085458110010748,0.3880479057543346,1.0347944153448922,0.9528152828776189,-19.54215682206457,0.978403973507267,-14.443929000633148,74.67985428191187,-8.0,0.0,0.978403973507267,INFERRED_DISCRETE_VOLTAGE_CONTROL_NOT_OPERATOR_OBSERVED,AC_POWER_FLOW_SOLUTION_NOT_MEASURED_TELEMETRY
TRAFO:00018,BUS:OSM:way:144622215:150,BUS:JUNCTION:60:00869,150,60,120.0,12.0,0.45,0.0,0.0,0.0,hv,0,-8,8,1.25,0,DIRECT_OSM_TRANSFORMER_TAG,OSM:node:3459280759,"{""frequency"": ""50"", ""operator"": ""REN"", ""operator:wikidata"": ""Q1862842"", ""power"": ""transformer"", ""rating"": ""120 MVA"", ""transformer"": ""main"", ""voltage:primary"": ""150000"", ""voltage:secondary"": ""60000""}",124.98101054240468,OSM_NAMEPLATE_MVA_WITH_PROXY_IMPEDANCE+REN_VOLTAGE_PAIR_AGGREGATE_CALIBRATION,120.0,1.0,8.329832231824234,-3.5188621764266825,-8.326629055380764,3.6042201342314217,0.0032031764434705,0.0853579578047387,0.0355731980866579,0.0889329952166448,0.978403973507267,-14.443929000633148,0.9817167566095308,-14.948340803384516,7.70182330922544,-8.0,0.0,0.9817167566095308,INFERRED_DISCRETE_VOLTAGE_CONTROL_NOT_OPERATOR_OBSERVED,AC_POWER_FLOW_SOLUTION_NOT_MEASURED_TELEMETRY
TRAFO:00019,BUS:OSM:way:129055610:400,BUS:OSM:way:129055610:150,400,150,450.0,12.0,0.3,0.0,0.0,0.0,hv,0,-8,8,1.25,0,DIRECT_OSM_TRANSFORMER_TAG,OSM:node:4022403231,"{""devices"": ""3"", ""frequency"": ""50"", ""operator"": ""REN"", ""operator:wikidata"": ""Q1862842"", ""phases"": ""1"", ""power"": ""transformer"", ""rating"": ""450 MVA"", ""transformer"": ""main"", ""voltage:primary"": ""400000"", ""voltage:secondary"": ""150000"", ""windings:auto"": ""yes""}",178.23513561982023,OSM_NAMEPLATE_MVA_WITH_PROXY_IMPEDANCE+REN_VOLTAGE_PAIR_AGGREGATE_CALIBRATION,450.0,1.0,164.94634068268317,9.07759680382993,-164.7632192509205,-1.755028908990815,0.1831214317626575,7.322567894839115,0.2392184094626416,0.6379157585670442,0.9967451891176812,-9.432396503888556,0.9941906813917388,-11.9721324524849,36.83008349289874,0.0,0.0,0.9941906813917388,INFERRED_DISCRETE_VOLTAGE_CONTROL_NOT_OPERATOR_OBSERVED,AC_POWER_FLOW_SOLUTION_NOT_MEASURED_TELEMETRY
TRAFO:00020,BUS:OSM:way:116944631:220,BUS:JUNCTION:60:01220,220,60,126.0,12.0,0.4,0.0,0.0,0.0,hv,0,-8,8,1.25,0,DIRECT_OSM_TRANSFORMER_TAG,OSM:node:4022403267,"{""frequency"": ""50"", ""operator"": ""REN"", ""operator:wikidata"": ""Q1862842"", ""power"": ""transformer"", ""rating"": ""126 MVA"", ""transformer"": ""main"", ""voltage:primary"": ""220000"", ""voltage:secondary"": ""60000""}",63.90194643282628,OSM_NAMEPLATE_MVA_WITH_PROXY_IMPEDANCE+REN_VOLTAGE_PAIR_AGGREGATE_CALIBRATION,126.0,1.0,56.62080071749966,16.587561957982793,-56.508988831648345,-13.235069431809658,0.111811885851317,3.352492526173135,0.1557456605287243,0.5710674219386559,0.9941607979230296,-1.3436058327335691,0.9779455750227496,-4.490272311422788,47.100847111672664,-8.0,0.0,0.9779455750227496,INFERRED_DISCRETE_VOLTAGE_CONTROL_NOT_OPERATOR_OBSERVED,AC_POWER_FLOW_SOLUTION_NOT_MEASURED_TELEMETRY
TRAFO:00021,BUS:OSM:way:116944631:220,BUS:JUNCTION:60:01220,220,60,120.0,12.0,0.4,0.0,0.0,0.0,hv,0,-8,8,1.25,0,DIRECT_OSM_TRANSFORMER_TAG,OSM:node:4022403268,"{""frequency"": ""50"", ""operator"": ""REN"", ""operator:wikidata"": ""Q1862842"", ""power"": ""transformer"", ""rating"": ""120 MVA"", ""transformer"": ""main"", ""voltage:primary"": ""220000"", ""voltage:secondary"": ""60000""}",92.57501306635926,OSM_NAMEPLATE_MVA_WITH_PROXY_IMPEDANCE+REN_VOLTAGE_PAIR_AGGREGATE_CALIBRATION,120.0,1.0,53.924572111904425,15.79767805522178,-53.81808460156985,-12.604828030294987,0.1064875103345741,3.192850024926793,0.148329200503547,0.5438737351796723,0.9941607979230296,-1.3436058327335691,0.9779455750227496,-4.490272311422788,47.10084711167268,-8.0,0.0,0.9779455750227496,INFERRED_DISCRETE_VOLTAGE_CONTROL_NOT_OPERATOR_OBSERVED,AC_POWER_FLOW_SOLUTION_NOT_MEASURED_TELEMETRY
TRAFO:00022,BUS:OSM:way:116944631:220,BUS:JUNCTION:60:01220,220,60,120.0,12.0,0.4,0.0,0.0,0.0,hv,0,-8,8,1.25,0,DIRECT_OSM_TRANSFORMER_TAG,OSM:node:4022403272,"{""frequency"": ""50"", ""operator"": ""REN"", ""operator:wikidata"": ""Q1862842"", ""power"": ""transformer"", ""rating"": ""120 MVA"", ""transformer"": ""main"", ""voltage:primary"": ""220000"", ""voltage:secondary"": ""60000""}",122.33370774785412,OSM_NAMEPLATE_MVA_WITH_PROXY_IMPEDANCE+REN_VOLTAGE_PAIR_AGGREGATE_CALIBRATION,120.0,1.0,53.924572111904425,15.79767805522178,-53.81808460156985,-12.604828030294987,0.1064875103345741,3.192850024926793,0.148329200503547,0.5438737351796723,0.9941607979230296,-1.3436058327335691,0.9779455750227496,-4.490272311422788,47.10084711167268,-8.0,0.0,0.9779455750227496,INFERRED_DISCRETE_VOLTAGE_CONTROL_NOT_OPERATOR_OBSERVED,AC_POWER_FLOW_SOLUTION_NOT_MEASURED_TELEMETRY
TRAFO:00023,BUS:OSM:way:151061928:150,BUS:JUNCTION:60:00482,150,60,170.0,12.0,0.45,0.0,0.0,0.0,hv,0,-8,8,1.25,0,DIRECT_OSM_TRANSFORMER_TAG,OSM:node:4025364880,"{""frequency"": ""50"", ""power"": ""transformer"", ""transformer"": ""main"", ""voltage:primary"": ""150000"", ""voltage:secondary"": ""60000""}",84.59227750436492,VOLTAGE_PAIR_PROXY+REN_VOLTAGE_PAIR_AGGREGATE_CALIBRATION,170.0,1.0,44.6688818175655,5.716990795159816,-44.61411541964891,-4.257580748608153,0.0547663979165875,1.459410046551663,0.17507470617836,0.4376867654459,0.9900518321466604,3.148426547575871,0.9852935274353594,1.3063195881342375,26.75631937245109,0.0,0.0,0.9852935274353594,INFERRED_DISCRETE_VOLTAGE_CONTROL_NOT_OPERATOR_OBSERVED,AC_POWER_FLOW_SOLUTION_NOT_MEASURED_TELEMETRY
TRAFO:00024,BUS:OSM:way:151061928:150,BUS:JUNCTION:60:00482,150,60,170.0,12.0,0.45,0.0,0.0,0.0,hv,0,-8,8,1.25,0,DIRECT_OSM_TRANSFORMER_TAG,OSM:node:4025381390,"{""frequency"": ""50"", ""power"": ""transformer"", ""transformer"": ""main"", ""voltage:primary"": ""150000"", ""voltage:secondary"": ""60000""}",54.072401069576905,VOLTAGE_PAIR_PROXY+REN_VOLTAGE_PAIR_AGGREGATE_CALIBRATION,170.0,1.0,44.6688818175655,5.716990795159816,-44.61411541964891,-4.257580748608153,0.0547663979165875,1.459410046551663,0.17507470617836,0.4376867654459,0.9900518321466604,3.148426547575871,0.9852935274353594,1.3063195881342375,26.75631937245109,0.0,0.0,0.9852935274353594,INFERRED_DISCRETE_VOLTAGE_CONTROL_NOT_OPERATOR_OBSERVED,AC_POWER_FLOW_SOLUTION_NOT_MEASURED_TELEMETRY
TRAFO:00025,BUS:OSM:way:144396420:220,BUS:JUNCTION:60:01101,220,60,170.0,12.0,0.4,0.0,0.0,0.0,hv,0,-8,8,1.25,0,DIRECT_OSM_TRANSFORMER_TAG,OSM:node:4026532753,"{""frequency"": ""50"", ""operator"": ""REN"", ""operator:wikidata"": ""Q1862842"", ""power"": ""transformer"", ""transformer"": ""main"", ""voltage:primary"": ""220000"", ""voltage:secondary"": ""60000""}",47.31691058131448,VOLTAGE_PAIR_PROXY+REN_VOLTAGE_PAIR_AGGREGATE_CALIBRATION,170.0,1.0,-67.29971310869858,14.548985567130543,67.41134702861191,-11.201829052173782,0.1116339199133307,3.3471565149567635,0.1807628767349191,0.6627972146947035,0.9996292627062344,1.7749663920004184,0.9920994861472048,4.538858481970568,40.51759238704814,0.0,0.0,0.9920994861472048,INFERRED_DISCRETE_VOLTAGE_CONTROL_NOT_OPERATOR_OBSERVED,AC_POWER_FLOW_SOLUTION_NOT_MEASURED_TELEMETRY
TRAFO:00026,BUS:OSM:way:144396420:220,BUS:JUNCTION:60:01101,220,60,170.0,12.0,0.4,0.0,0.0,0.0,hv,0,-8,8,1.25,0,DIRECT_OSM_TRANSFORMER_TAG,OSM:node:4026532756,"{""frequency"": ""50"", ""operator"": ""REN"", ""operator:wikidata"": ""Q1862842"", ""power"": ""transformer"", ""transformer"": ""main"", ""voltage:primary"": ""220000"", ""voltage:secondary"": ""60000""}",58.555745886440945,VOLTAGE_PAIR_PROXY+REN_VOLTAGE_PAIR_AGGREGATE_CALIBRATION,170.0,1.0,-67.29971310869858,14.548985567130543,67.41134702861191,-11.201829052173782,0.1116339199133307,3.3471565149567635,0.1807628767349191,0.6627972146947035,0.9996292627062344,1.7749663920004184,0.9920994861472048,4.538858481970568,40.51759238704814,0.0,0.0,0.9920994861472048,INFERRED_DISCRETE_VOLTAGE_CONTROL_NOT_OPERATOR_OBSERVED,AC_POWER_FLOW_SOLUTION_NOT_MEASURED_TELEMETRY
TRAFO:00027,BUS:OSM:way:144398555:220,BUS:JUNCTION:60:00459,220,60,120.0,12.0,0.4,0.0,0.0,0.0,hv,0,-8,8,1.25,0,DIRECT_OSM_TRANSFORMER_TAG,OSM:node:4026532895,"{""devices"": ""3"", ""frequency"": ""50"", ""operator"": ""REN"", ""operator:wikidata"": ""Q1862842"", ""phases"": ""1"", ""power"": ""transformer"", ""rating"": ""120 MVA"", ""transformer"": ""main"", ""voltage:primary"": ""220000"", ""voltage:secondary"": ""60000""}",76.3106073199743,OSM_NAMEPLATE_MVA_WITH_PROXY_IMPEDANCE+REN_VOLTAGE_PAIR_AGGREGATE_CALIBRATION,120.0,1.0,-28.45717803872188,4.995749621113556,28.485003655262027,-4.161445014078771,0.0278256165401451,0.8343046070347855,0.0758227823709759,0.2780168686935786,1.0,3.983231648279518,0.9963663818255944,5.628546695657721,24.076967096924168,0.0,0.0,0.9963663818255944,INFERRED_DISCRETE_VOLTAGE_CONTROL_NOT_OPERATOR_OBSERVED,AC_POWER_FLOW_SOLUTION_NOT_MEASURED_TELEMETRY
TRAFO:00028,BUS:OSM:way:144554435:400,BUS:JUNCTION:60:00475,400,60,170.0,12.0,0.35,0.0,0.0,0.0,hv,0,-8,8,1.25,0,DIRECT_OSM_TRANSFORMER_TAG,OSM:node:4047446604,"{""frequency"": ""50"", ""operator"": ""REN"", ""operator:wikidata"": ""Q1862842"", ""power"": ""transformer"", ""rating"": ""170 MVA"", ""transformer"": ""main"", ""voltage:primary"": ""400000"", ""voltage:secondary"": ""60000""}",56.38340496368121,OSM_NAMEPLATE_MVA_WITH_PROXY_IMPEDANCE+REN_VOLTAGE_PAIR_AGGREGATE_CALIBRATION,170.0,1.0,5.325410954304634,1.4063956183644957,-5.32478633468026,-1.3849891993601946,0.0006246196243742,0.021406419004301,0.0079501922761909,0.0530012818412728,0.9999881832930012,-3.0588604129472476,0.9988931609300106,-3.2727308561681188,3.2400322240716095,0.0,0.0,0.9988931609300106,INFERRED_DISCRETE_VOLTAGE_CONTROL_NOT_OPERATOR_OBSERVED,AC_POWER_FLOW_SOLUTION_NOT_MEASURED_TELEMETRY
TRAFO:00029,BUS:OSM:way:144554435:400,BUS:JUNCTION:60:00475,400,60,170.0,12.0,0.35,0.0,0.0,0.0,hv,0,-8,8,1.25,0,DIRECT_OSM_TRANSFORMER_TAG,OSM:node:4047446605,"{""frequency"": ""50"", ""operator"": ""REN"", ""operator:wikidata"": ""Q1862842"", ""power"": ""transformer"", ""rating"": ""170 MVA"", ""transformer"": ""main"", ""voltage:primary"": ""400000"", ""voltage:secondary"": ""60000""}",73.41092730803376,OSM_NAMEPLATE_MVA_WITH_PROXY_IMPEDANCE+REN_VOLTAGE_PAIR_AGGREGATE_CALIBRATION,170.0,1.0,5.325410954304634,1.4063956183644957,-5.32478633468026,-1.3849891993601946,0.0006246196243742,0.021406419004301,0.0079501922761909,0.0530012818412728,0.9999881832930012,-3.0588604129472476,0.9988931609300106,-3.2727308561681188,3.2400322240716095,0.0,0.0,0.9988931609300106,INFERRED_DISCRETE_VOLTAGE_CONTROL_NOT_OPERATOR_OBSERVED,AC_POWER_FLOW_SOLUTION_NOT_MEASURED_TELEMETRY
TRAFO:00030,BUS:OSM:way:144564903:400,BUS:JUNCTION:60:00055,400,60,170.0,12.0,0.35,0.0,0.0,0.0,hv,0,-8,8,1.25,0,DIRECT_OSM_TRANSFORMER_TAG,OSM:node:4048988153,"{""frequency"": ""50"", ""power"": ""transformer"", ""rating"": ""170 MVA"", ""transformer"": ""main"", ""voltage:primary"": ""400000"", ""voltage:secondary"": ""60000""}",88.08439018093203,OSM_NAMEPLATE_MVA_WITH_PROXY_IMPEDANCE+REN_VOLTAGE_PAIR_AGGREGATE_CALIBRATION,170.0,1.0,61.766295542640336,18.11715664733679,-61.68101153638005,-15.194377565266915,0.0852840062602879,2.9227790820698765,0.0928974122616444,0.6193160817442962,1.0001135291151997,-3.940838294697888,0.9870063264829968,-6.449593213808044,37.85953833619769,0.0,0.0,0.9870063264829968,INFERRED_DISCRETE_VOLTAGE_CONTROL_NOT_OPERATOR_OBSERVED,AC_POWER_FLOW_SOLUTION_NOT_MEASURED_TELEMETRY
TRAFO:00031,BUS:OSM:way:144564903:400,BUS:JUNCTION:60:00055,400,60,170.0,12.0,0.35,0.0,0.0,0.0,hv,0,-8,8,1.25,0,DIRECT_OSM_TRANSFORMER_TAG,OSM:node:4048988154,"{""frequency"": ""50"", ""power"": ""transformer"", ""rating"": ""170 MVA"", ""transformer"": ""main"", ""voltage:primary"": ""400000"", ""voltage:secondary"": ""60000""}",97.54555936127991,OSM_NAMEPLATE_MVA_WITH_PROXY_IMPEDANCE+REN_VOLTAGE_PAIR_AGGREGATE_CALIBRATION,170.0,1.0,61.766295542640336,18.11715664733679,-61.68101153638005,-15.194377565266915,0.0852840062602879,2.9227790820698765,0.0928974122616444,0.6193160817442962,1.0001135291151997,-3.940838294697888,0.9870063264829968,-6.449593213808044,37.85953833619769,0.0,0.0,0.9870063264829968,INFERRED_DISCRETE_VOLTAGE_CONTROL_NOT_OPERATOR_OBSERVED,AC_POWER_FLOW_SOLUTION_NOT_MEASURED_TELEMETRY
TRAFO:00032,BUS:OSM:way:156176120:150,BUS:JUNCTION:60:00864,150,60,126.0,12.0,0.45,0.0,0.0,0.0,hv,0,-8,8,1.25,0,DIRECT_OSM_TRANSFORMER_TAG,OSM:node:4049873743,"{""frequency"": ""50"", ""operator"": ""REN"", ""operator:wikidata"": ""Q1862842"", ""power"": ""transformer"", ""rating"": ""126 MVA"", ""transformer"": ""main"", ""voltage:primary"": ""150000"", ""voltage:secondary"": ""60000""}",91.85175451681312,OSM_NAMEPLATE_MVA_WITH_PROXY_IMPEDANCE+REN_VOLTAGE_PAIR_AGGREGATE_CALIBRATION,126.0,1.0,18.03910159170916,-1.8308997499686817,-18.02721851908336,2.1475588006590463,0.0118830726257996,0.3166590506903648,0.0702087926879718,0.1755219817199296,0.994024310906354,-12.084345077196932,0.9952801569767092,-13.082443261629914,14.476809056385424,0.0,0.0,0.9952801569767092,INFERRED_DISCRETE_VOLTAGE_CONTROL_NOT_OPERATOR_OBSERVED,AC_POWER_FLOW_SOLUTION_NOT_MEASURED_TELEMETRY
TRAFO:00033,BUS:OSM:way:156176120:150,BUS:JUNCTION:60:00864,150,60,126.0,12.0,0.45,0.0,0.0,0.0,hv,0,-8,8,1.25,0,DIRECT_OSM_TRANSFORMER_TAG,OSM:node:4049873747,"{""frequency"": ""50"", ""operator"": ""REN"", ""operator:wikidata"": ""Q1862842"", ""power"": ""transformer"", ""rating"": ""126 MVA"", ""transformer"": ""main"", ""voltage:primary"": ""150000"", ""voltage:secondary"": ""60000""}",79.58261695386511,OSM_NAMEPLATE_MVA_WITH_PROXY_IMPEDANCE+REN_VOLTAGE_PAIR_AGGREGATE_CALIBRATION,126.0,1.0,18.03910159170916,-1.8308997499686817,-18.02721851908336,2.1475588006590463,0.0118830726257996,0.3166590506903648,0.0702087926879718,0.1755219817199296,0.994024310906354,-12.084345077196932,0.9952801569767092,-13.082443261629914,14.476809056385424,0.0,0.0,0.9952801569767092,INFERRED_DISCRETE_VOLTAGE_CONTROL_NOT_OPERATOR_OBSERVED,AC_POWER_FLOW_SOLUTION_NOT_MEASURED_TELEMETRY
TRAFO:00034,BUS:OSM:way:124722161:220,BUS:JUNCTION:60:02537,220,60,170.0,12.0,0.4,0.0,0.0,0.0,hv,0,-8,8,1.25,0,DIRECT_OSM_TRANSFORMER_TAG,OSM:node:4049873775,"{""frequency"": ""50"", ""operator"": ""REN"", ""operator:wikidata"": ""Q1862842"", ""power"": ""transformer"", ""rating"": ""170 MVA"", ""transformer"": ""main"", ""voltage:primary"": ""220000"", ""voltage:secondary"": ""60000""}",84.32696489230926,OSM_NAMEPLATE_MVA_WITH_PROXY_IMPEDANCE+REN_VOLTAGE_PAIR_AGGREGATE_CALIBRATION,170.0,1.0,42.81666293101133,13.1636089614713,-42.7690015658684,-11.73456258404628,0.0476613651429289,1.4290463774250188,0.1181121011898556,0.4330777043628041,0.9952839233264884,-1.0205968869372712,0.9853988504555654,-2.7674584063484864,26.474561914647193,0.0,0.0,0.9853988504555654,INFERRED_DISCRETE_VOLTAGE_CONTROL_NOT_OPERATOR_OBSERVED,AC_POWER_FLOW_SOLUTION_NOT_MEASURED_TELEMETRY
TRAFO:00035,BUS:OSM:way:124722161:220,BUS:JUNCTION:60:02537,220,60,170.0,12.0,0.4,0.0,0.0,0.0,hv,0,-8,8,1.25,0,DIRECT_OSM_TRANSFORMER_TAG,OSM:node:4049873780,"{""frequency"": ""50"", ""operator"": ""REN"", ""operator:wikidata"": ""Q1862842"", ""power"": ""transformer"", ""rating"": ""170 MVA"", ""transformer"": ""main"", ""voltage:primary"": ""220000"", ""voltage:secondary"": ""60000""}",72.06574337752,OSM_NAMEPLATE_MVA_WITH_PROXY_IMPEDANCE+REN_VOLTAGE_PAIR_AGGREGATE_CALIBRATION,170.0,1.0,42.81666293101133,13.1636089614713,-42.7690015658684,-11.73456258404628,0.0476613651429289,1.4290463774250188,0.1181121011898556,0.4330777043628041,0.9952839233264884,-1.0205968869372712,0.9853988504555654,-2.7674584063484864,26.474561914647193,0.0,0.0,0.9853988504555654,INFERRED_DISCRETE_VOLTAGE_CONTROL_NOT_OPERATOR_OBSERVED,AC_POWER_FLOW_SOLUTION_NOT_MEASURED_TELEMETRY
TRAFO:00036,BUS:OSM:way:124722161:400,BUS:OSM:way:124722161:220,400,220,476.47058823529414,12.0,0.3,0.0,0.0,0.0,hv,0,-8,8,1.25,0,DIRECT_OSM_TRANSFORMER_TAG,OSM:node:4049874398,"{""frequency"": ""50"", ""operator"": ""REN"", ""operator:wikidata"": ""Q1862842"", ""power"": ""transformer"", ""rating"": ""450 MVA"", ""transformer"": ""main"", ""voltage:primary"": ""400000"", ""voltage:secondary"": ""220000"", ""windings:auto"": ""yes""}",119.4984086435958,OSM_NAMEPLATE_MVA_WITH_PROXY_IMPEDANCE+REN_VOLTAGE_PAIR_AGGREGATE_CALIBRATION,450.0,1.0588235294117647,63.33090265686716,11.349730571699968,-63.3047557425804,-10.304180887742753,0.0261469142867625,1.0455496839572174,0.0930137222207065,0.1691158585831028,0.9984183976923806,-0.1053129472691071,0.9952839233264884,-1.0205968869372712,13.524821608321751,0.0,0.0,0.9952839233264884,INFERRED_DISCRETE_VOLTAGE_CONTROL_NOT_OPERATOR_OBSERVED,AC_POWER_FLOW_SOLUTION_NOT_MEASURED_TELEMETRY
TRAFO:00037,BUS:OSM:way:124722161:400,BUS:OSM:way:124722161:220,400,220,476.47058823529414,12.0,0.3,0.0,0.0,0.0,hv,0,-8,8,1.25,0,DIRECT_OSM_TRANSFORMER_TAG,OSM:node:4049874403,"{""frequency"": ""50"", ""operator"": ""REN"", ""operator:wikidata"": ""Q1862842"", ""power"": ""transformer"", ""rating"": ""450 MVA"", ""transformer"": ""main"", ""voltage:primary"": ""400000"", ""voltage:secondary"": ""220000"", ""windings:auto"": ""yes""}",180.85662949763704,OSM_NAMEPLATE_MVA_WITH_PROXY_IMPEDANCE+REN_VOLTAGE_PAIR_AGGREGATE_CALIBRATION,450.0,1.0588235294117647,63.33090265686716,11.349730571699968,-63.3047557425804,-10.304180887742753,0.0261469142867625,1.0455496839572174,0.0930137222207065,0.1691158585831028,0.9984183976923806,-0.1053129472691071,0.9952839233264884,-1.0205968869372712,13.524821608321751,0.0,0.0,0.9952839233264884,INFERRED_DISCRETE_VOLTAGE_CONTROL_NOT_OPERATOR_OBSERVED,AC_POWER_FLOW_SOLUTION_NOT_MEASURED_TELEMETRY
TRAFO:00038,BUS:OSM:way:127205502:220,BUS:EREDES:0409S5025200:60,220,60,170.0,12.0,0.4,0.0,0.0,0.0,hv,0,-8,8,1.25,0,DIRECT_OSM_TRANSFORMER_TAG,OSM:node:4052760842,"{""devices"": ""3"", ""frequency"": ""50"", ""operator"": ""REN"", ""operator:wikidata"": ""Q1862842"", ""phases"": ""3"", ""power"": ""transformer"", ""transformer"": ""main"", ""voltage:primary"": ""220000"", ""voltage:secondary"": ""60000""}",227.31628651148517,VOLTAGE_PAIR_PROXY+REN_VOLTAGE_PAIR_AGGREGATE_CALIBRATION,170.0,1.0,11.434011984998936,2.8990148031181433,-11.43073887140678,-2.8008759624082837,0.0032731135921579,0.0981388407098595,0.0309522123077002,0.1134914451282341,1.000120724077526,4.571586329864036,0.9978387906666132,4.112371438566672,6.937868794818243,0.0,0.0,0.9978387906666132,INFERRED_DISCRETE_VOLTAGE_CONTROL_NOT_OPERATOR_OBSERVED,AC_POWER_FLOW_SOLUTION_NOT_MEASURED_TELEMETRY
TRAFO:00039,BUS:OSM:way:151166980:220,BUS:JUNCTION:60:01749,220,60,170.0,12.0,0.4,0.0,0.0,0.0,hv,0,-8,8,1.25,0,DIRECT_OSM_TRANSFORMER_TAG,OSM:node:4053041262,"{""frequency"": ""50"", ""power"": ""transformer"", ""rating"": ""170 MVA"", ""transformer"": ""main"", ""voltage:primary"": ""220000"", ""voltage:secondary"": ""60000""}",92.3028507589084,OSM_NAMEPLATE_MVA_WITH_PROXY_IMPEDANCE+REN_VOLTAGE_PAIR_AGGREGATE_CALIBRATION,170.0,1.0,25.569068880723172,2.3943055141304015,-25.55327948715165,-1.9208869366837351,0.0157893935715236,0.4734185774466664,0.0679819913557362,0.2492673016376994,0.9913648046495066,-9.479340265112851,0.9892203857658376,-10.530013776602422,15.238010509485612,0.0,0.0,0.9892203857658376,INFERRED_DISCRETE_VOLTAGE_CONTROL_NOT_OPERATOR_OBSERVED,AC_POWER_FLOW_SOLUTION_NOT_MEASURED_TELEMETRY
TRAFO:00040,BUS:OSM:way:151166980:220,BUS:JUNCTION:60:01749,220,60,170.0,12.0,0.4,0.0,0.0,0.0,hv,0,-8,8,1.25,0,DIRECT_OSM_TRANSFORMER_TAG,OSM:node:4053041272,"{""frequency"": ""50"", ""power"": ""transformer"", ""rating"": ""170 MVA"", ""transformer"": ""main"", ""voltage:primary"": ""220000"", ""voltage:secondary"": ""60000""}",78.9769501652334,OSM_NAMEPLATE_MVA_WITH_PROXY_IMPEDANCE+REN_VOLTAGE_PAIR_AGGREGATE_CALIBRATION,170.0,1.0,25.569068880723172,2.3943055141304015,-25.55327948715165,-1.9208869366837351,0.0157893935715236,0.4734185774466664,0.0679819913557362,0.2492673016376994,0.9913648046495066,-9.479340265112851,0.9892203857658376,-10.530013776602422,15.238010509485612,0.0,0.0,0.9892203857658376,INFERRED_DISCRETE_VOLTAGE_CONTROL_NOT_OPERATOR_OBSERVED,AC_POWER_FLOW_SOLUTION_NOT_MEASURED_TELEMETRY
TRAFO:00041,BUS:OSM:way:24636044:400,BUS:EREDES:1107S5901900:60,400,60,170.0,12.0,0.35,0.0,0.0,0.0,hv,0,-8,8,1.25,0,DIRECT_OSM_TRANSFORMER_TAG,OSM:node:4053115879,"{""frequency"": ""50"", ""operator"": ""REN"", ""operator:wikidata"": ""Q1862842"", ""power"": ""transformer"", ""rating"": ""170 MVA"", ""transformer"": ""main"", ""voltage:primary"": ""400000"", ""voltage:secondary"": ""60000""}",152.5530837523289,OSM_NAMEPLATE_MVA_WITH_PROXY_IMPEDANCE+REN_VOLTAGE_PAIR_AGGREGATE_CALIBRATION,170.0,1.0,57.073687919902184,5.800333916524492,-57.00536096432548,-3.4586920863835267,0.0683269555767012,2.3416418301409654,0.0831506895428509,0.5543379302856727,0.9958197800320752,-8.554962495853227,0.9913502637868952,-10.885887125000426,33.88734564061269,0.0,0.0,0.9913502637868952,INFERRED_DISCRETE_VOLTAGE_CONTROL_NOT_OPERATOR_OBSERVED,AC_POWER_FLOW_SOLUTION_NOT_MEASURED_TELEMETRY
TRAFO:00042,BUS:OSM:way:24636044:400,BUS:OSM:way:24636044:220,400,220,476.47058823529414,12.0,0.3,0.0,0.0,0.0,hv,0,-8,8,1.25,0,DIRECT_OSM_TRANSFORMER_TAG,OSM:node:4053115880,"{""frequency"": ""50"", ""operator"": ""REN"", ""operator:wikidata"": ""Q1862842"", ""power"": ""transformer"", ""rating"": ""450 MVA"", ""transformer"": ""main"", ""voltage:primary"": ""400000"", ""voltage:secondary"": ""220000""}",106.19626524493584,OSM_NAMEPLATE_MVA_WITH_PROXY_IMPEDANCE+REN_VOLTAGE_PAIR_AGGREGATE_CALIBRATION,450.0,1.0588235294117647,100.70395859170408,7.793370806152251,-100.63918320757122,-5.203165259694251,0.0647753841328437,2.590205546458,0.1464002442434537,0.266182262260825,0.9958197800320752,-8.554962495853227,0.9935376890610088,-10.020576193972,21.287581439963617,0.0,0.0,0.9935376890610088,INFERRED_DISCRETE_VOLTAGE_CONTROL_NOT_OPERATOR_OBSERVED,AC_POWER_FLOW_SOLUTION_NOT_MEASURED_TELEMETRY
TRAFO:00043,BUS:OSM:way:24636044:400,BUS:OSM:way:24636044:220,400,220,476.47058823529414,12.0,0.3,0.0,0.0,0.0,hv,0,-8,8,1.25,0,DIRECT_OSM_TRANSFORMER_TAG,OSM:node:4053115881,"{""frequency"": ""50"", ""operator"": ""REN"", ""operator:wikidata"": ""Q1862842"", ""power"": ""transformer"", ""rating"": ""450 MVA"", ""transformer"": ""main"", ""voltage:primary"": ""400000"", ""voltage:secondary"": ""220000""}",184.00026242787095,OSM_NAMEPLATE_MVA_WITH_PROXY_IMPEDANCE+REN_VOLTAGE_PAIR_AGGREGATE_CALIBRATION,450.0,1.0588235294117647,100.70395859170408,7.793370806152251,-100.63918320757122,-5.203165259694251,0.0647753841328437,2.590205546458,0.1464002442434537,0.266182262260825,0.9958197800320752,-8.554962495853227,0.9935376890610088,-10.020576193972,21.287581439963617,0.0,0.0,0.9935376890610088,INFERRED_DISCRETE_VOLTAGE_CONTROL_NOT_OPERATOR_OBSERVED,AC_POWER_FLOW_SOLUTION_NOT_MEASURED_TELEMETRY
TRAFO:00044,BUS:OSM:way:144584585:220,BUS:JUNCTION:60:02485,220,60,126.0,12.0,0.4,0.0,0.0,0.0,hv,0,-8,8,1.25,0,DIRECT_OSM_TRANSFORMER_TAG,OSM:node:4056201687,"{""devices"": ""3"", ""frequency"": ""50"", ""operator"": ""REN"", ""operator:wikidata"": ""Q1862842"", ""phases"": ""1"", ""power"": ""transformer"", ""rating"": ""126 MVA"", ""transformer"": ""main"", ""voltage:primary"": ""220000"", ""voltage:secondary"": ""60000""}",70.17570143672344,OSM_NAMEPLATE_MVA_WITH_PROXY_IMPEDANCE+REN_VOLTAGE_PAIR_AGGREGATE_CALIBRATION,126.0,1.0,8.755996132651767,4.6768410722366,-8.75286786882034,-4.5830453095150485,0.0031282638314262,0.0937957627215517,0.0260509554043444,0.0955201698159298,0.9999999999999998,-0.0035627127508972,0.9953040361662704,-0.474800655846907,7.878370822323691,0.0,0.0,0.9953040361662704,INFERRED_DISCRETE_VOLTAGE_CONTROL_NOT_OPERATOR_OBSERVED,AC_POWER_FLOW_SOLUTION_NOT_MEASURED_TELEMETRY
TRAFO:00045,BUS:OSM:way:151168335:400,BUS:OSM:way:151168335:220,400,220,476.47058823529414,12.0,0.3,0.0,0.0,0.0,hv,0,-8,8,1.25,0,DIRECT_OSM_TRANSFORMER_TAG,OSM:node:4056920886,"{""frequency"": ""50"", ""operator"": ""REN"", ""operator:wikidata"": ""Q1862842"", ""power"": ""transformer"", ""rating"": ""450 MVA"", ""transformer"": ""main"", ""voltage:primary"": ""400000"", ""voltage:secondary"": ""220000"", ""windings:auto"": ""yes""}",135.78759703182013,OSM_NAMEPLATE_MVA_WITH_PROXY_IMPEDANCE+REN_VOLTAGE_PAIR_AGGREGATE_CALIBRATION,450.0,1.0588235294117647,120.84253212499,12.909931743293276,-120.74861280172968,-9.154332987915485,0.0939193232603088,3.755598755377793,0.1762845616241299,0.3205173847711452,0.9950599151555528,-8.758609152747253,0.9914978145194396,-10.52106197528374,25.632962441930836,0.0,0.0,0.9914978145194396,INFERRED_DISCRETE_VOLTAGE_CONTROL_NOT_OPERATOR_OBSERVED,AC_POWER_FLOW_SOLUTION_NOT_MEASURED_TELEMETRY
TRAFO:00046,BUS:OSM:way:151168335:400,BUS:OSM:way:151168335:220,400,220,476.47058823529414,12.0,0.3,0.0,0.0,0.0,hv,0,-8,8,1.25,0,DIRECT_OSM_TRANSFORMER_TAG,OSM:node:4056920887,"{""frequency"": ""50"", ""operator"": ""REN"", ""operator:wikidata"": ""Q1862842"", ""power"": ""transformer"", ""rating"": ""450 MVA"", ""transformer"": ""main"", ""voltage:primary"": ""400000"", ""voltage:secondary"": ""220000"", ""windings:auto"": ""yes""}",116.07600600651467,OSM_NAMEPLATE_MVA_WITH_PROXY_IMPEDANCE+REN_VOLTAGE_PAIR_AGGREGATE_CALIBRATION,450.0,1.0588235294117647,120.84253212499,12.909931743293276,-120.74861280172968,-9.154332987915485,0.0939193232603088,3.755598755377793,0.1762845616241299,0.3205173847711452,0.9950599151555528,-8.758609152747253,0.9914978145194396,-10.52106197528374,25.632962441930836,0.0,0.0,0.9914978145194396,INFERRED_DISCRETE_VOLTAGE_CONTROL_NOT_OPERATOR_OBSERVED,AC_POWER_FLOW_SOLUTION_NOT_MEASURED_TELEMETRY
TRAFO:00047,BUS:OSM:way:1227667765:150,BUS:EREDES:0705S5042200:60,150,60,63.0,12.0,0.45,0.0,0.0,0.0,hv,0,-8,8,1.25,0,DIRECT_OSM_TRANSFORMER_TAG,OSM:node:4057903343,"{""frequency"": ""50"", ""power"": ""transformer"", ""rating"": ""63 MVA"", ""transformer"": ""main"", ""voltage:primary"": ""150000"", ""voltage:secondary"": ""60000""}",17.576240473664324,OSM_NAMEPLATE_MVA_WITH_PROXY_IMPEDANCE+REN_VOLTAGE_PAIR_AGGREGATE_CALIBRATION,63.0,1.0,13.839792935200396,0.1374184256715377,-13.825978278113247,0.2307133140378348,0.0138146570871473,0.3681317397093725,0.0535281440988527,0.1338203602471319,0.9952150327318988,-11.613465532935772,0.9943110249902278,-13.138352246082023,22.074634574781232,0.0,0.0,0.9943110249902278,INFERRED_DISCRETE_VOLTAGE_CONTROL_NOT_OPERATOR_OBSERVED,AC_POWER_FLOW_SOLUTION_NOT_MEASURED_TELEMETRY
TRAFO:00048,BUS:OSM:way:1227667765:150,BUS:EREDES:0705S5042200:60,150,60,63.0,12.0,0.45,0.0,0.0,0.0,hv,0,-8,8,1.25,0,DIRECT_OSM_TRANSFORMER_TAG,OSM:node:4057903346,"{""frequency"": ""50"", ""power"": ""transformer"", ""rating"": ""63 MVA"", ""transformer"": ""main"", ""voltage:primary"": ""150000"", ""voltage:secondary"": ""60000""}",31.32769915408172,OSM_NAMEPLATE_MVA_WITH_PROXY_IMPEDANCE+REN_VOLTAGE_PAIR_AGGREGATE_CALIBRATION,63.0,1.0,13.839792935200396,0.1374184256715377,-13.825978278113247,0.2307133140378348,0.0138146570871473,0.3681317397093725,0.0535281440988527,0.1338203602471319,0.9952150327318988,-11.613465532935772,0.9943110249902278,-13.138352246082023,22.074634574781232,0.0,0.0,0.9943110249902278,INFERRED_DISCRETE_VOLTAGE_CONTROL_NOT_OPERATOR_OBSERVED,AC_POWER_FLOW_SOLUTION_NOT_MEASURED_TELEMETRY
TRAFO:00049,BUS:OSM:way:1227667765:150,BUS:EREDES:0705S5042200:60,150,60,63.0,12.0,0.45,0.0,0.0,0.0,hv,0,-8,8,1.25,0,DIRECT_OSM_TRANSFORMER_TAG,OSM:node:4057903349,"{""frequency"": ""50"", ""power"": ""transformer"", ""rating"": ""63 MVA"", ""transformer"": ""main"", ""voltage:primary"": ""150000"", ""voltage:secondary"": ""60000""}",51.31960715894672,OSM_NAMEPLATE_MVA_WITH_PROXY_IMPEDANCE+REN_VOLTAGE_PAIR_AGGREGATE_CALIBRATION,63.0,1.0,13.839792935200396,0.1374184256715377,-13.825978278113247,0.2307133140378348,0.0138146570871473,0.3681317397093725,0.0535281440988527,0.1338203602471319,0.9952150327318988,-11.613465532935772,0.9943110249902278,-13.138352246082023,22.074634574781232,0.0,0.0,0.9943110249902278,INFERRED_DISCRETE_VOLTAGE_CONTROL_NOT_OPERATOR_OBSERVED,AC_POWER_FLOW_SOLUTION_NOT_MEASURED_TELEMETRY
TRAFO:00050,BUS:OSM:way:144439469:400,BUS:OSM:way:144439469:220,400,220,476.47058823529414,12.0,0.3,0.0,0.0,0.0,hv,0,-8,8,1.25,0,DIRECT_OSM_TRANSFORMER_TAG,OSM:node:4058046773,"{""frequency"": ""50"", ""operator"": ""REN"", ""operator:wikidata"": ""Q1862842"", ""power"": ""transformer"", ""rating"": ""450 MVA"", ""transformer"": ""main"", ""voltage:primary"": ""400000"", ""voltage:secondary"": ""220000"", ""windings:auto"": ""yes""}",51.458054941866024,OSM_NAMEPLATE_MVA_WITH_PROXY_IMPEDANCE+REN_VOLTAGE_PAIR_AGGREGATE_CALIBRATION,450.0,1.0588235294117647,-44.73866210601996,12.650367631816524,44.7522532243686,-12.106892813403308,0.0135911183486427,0.5434748184132179,0.0670601313621104,0.1219275115674735,1.0006924125052807,-1.712875411548975,0.9978554768437738,-1.0619723722838603,9.75099471399562,0.0,0.0,0.9978554768437738,INFERRED_DISCRETE_VOLTAGE_CONTROL_NOT_OPERATOR_OBSERVED,AC_POWER_FLOW_SOLUTION_NOT_MEASURED_TELEMETRY
TRAFO:00051,BUS:OSM:way:144439469:400,BUS:JUNCTION:60:00811,400,60,170.0,12.0,0.35,0.0,0.0,0.0,hv,0,-8,8,1.25,0,DIRECT_OSM_TRANSFORMER_TAG,OSM:node:4058046776,"{""frequency"": ""50"", ""operator"": ""REN"", ""operator:wikidata"": ""Q1862842"", ""power"": ""transformer"", ""rating"": ""170 MVA"", ""transformer"": ""main"", ""voltage:primary"": ""400000"", ""voltage:secondary"": ""60000""}",68.74242905485934,OSM_NAMEPLATE_MVA_WITH_PROXY_IMPEDANCE+REN_VOLTAGE_PAIR_AGGREGATE_CALIBRATION,170.0,1.0,10.065757814686553,9.669176558918371,-10.061752518564663,-9.531910543449737,0.0040052961218872,0.1372660154686364,0.0201320098812259,0.1342133992081732,1.0006924125052807,-1.712875411548975,0.9936915880911124,-2.110635316106995,8.204626817120493,0.0,0.0,0.9936915880911124,INFERRED_DISCRETE_VOLTAGE_CONTROL_NOT_OPERATOR_OBSERVED,AC_POWER_FLOW_SOLUTION_NOT_MEASURED_TELEMETRY
TRAFO:00052,BUS:OSM:way:144439469:400,BUS:JUNCTION:60:00811,400,60,170.0,12.0,0.35,0.0,0.0,0.0,hv,0,-8,8,1.25,0,DIRECT_OSM_TRANSFORMER_TAG,OSM:node:4058046780,"{""frequency"": ""50"", ""operator"": ""REN"", ""operator:wikidata"": ""Q1862842"", ""power"": ""transformer"", ""rating"": ""170 MVA"", ""transformer"": ""main"", ""voltage:primary"": ""400000"", ""voltage:secondary"": ""60000""}",74.21854993482526,OSM_NAMEPLATE_MVA_WITH_PROXY_IMPEDANCE+REN_VOLTAGE_PAIR_AGGREGATE_CALIBRATION,170.0,1.0,10.065757814686553,9.669176558918371,-10.061752518564663,-9.531910543449737,0.0040052961218872,0.1372660154686364,0.0201320098812259,0.1342133992081732,1.0006924125052807,-1.712875411548975,0.9936915880911124,-2.110635316106995,8.204626817120493,0.0,0.0,0.9936915880911124,INFERRED_DISCRETE_VOLTAGE_CONTROL_NOT_OPERATOR_OBSERVED,AC_POWER_FLOW_SOLUTION_NOT_MEASURED_TELEMETRY
TRAFO:00053,BUS:OSM:way:1338738672:150,BUS:EREDES:1703S5004900:60,150,60,170.0,12.0,0.45,0.0,0.0,0.0,hv,0,-8,8,1.25,0,DIRECT_OSM_TRANSFORMER_TAG,OSM:node:4058958203,"{""frequency"": ""50"", ""operator"": ""REN"", ""operator:wikidata"": ""Q1862842"", ""power"": ""transformer"", ""transformer"": ""main"", ""voltage:primary"": ""150000"", ""voltage:secondary"": ""60000""}",57.14131315678393,VOLTAGE_PAIR_PROXY+REN_VOLTAGE_PAIR_AGGREGATE_CALIBRATION,170.0,1.0,17.118777210689494,4.725682622025353,-17.110370857968828,-4.501670890706372,0.0084063527206659,0.2240117313189813,0.0685914717734225,0.1714786794335564,0.996548041655288,8.357173528369051,0.9928207738548264,7.665117670118485,10.482698300955391,0.0,0.0,0.9928207738548264,INFERRED_DISCRETE_VOLTAGE_CONTROL_NOT_OPERATOR_OBSERVED,AC_POWER_FLOW_SOLUTION_NOT_MEASURED_TELEMETRY
TRAFO:00054,BUS:OSM:way:151168335:220,BUS:EREDES:1115P5187100:60,220,60,170.0,12.0,0.4,0.0,0.0,0.0,hv,0,-8,8,1.25,0,DIRECT_OSM_TRANSFORMER_TAG,OSM:node:4060601363,"{""frequency"": ""50"", ""operator"": ""REN"", ""operator:wikidata"": ""Q1862842"", ""power"": ""transformer"", ""rating"": ""170 MVA"", ""transformer"": ""main"", ""voltage:primary"": ""220000"", ""voltage:secondary"": ""60000""}",972.385695025201,OSM_NAMEPLATE_MVA_WITH_PROXY_IMPEDANCE+REN_VOLTAGE_PAIR_AGGREGATE_CALIBRATION,170.0,1.0,47.629895038652705,11.735213793626947,-47.57230049850346,-10.008337764941844,0.0575945401492461,1.7268760286851048,0.1298379991967614,0.4760726637214588,0.9914978145194396,-10.52106197528374,0.9825924915520808,-12.481392100617118,29.102895588007737,-8.0,0.0,0.9825924915520808,INFERRED_DISCRETE_VOLTAGE_CONTROL_NOT_OPERATOR_OBSERVED,AC_POWER_FLOW_SOLUTION_NOT_MEASURED_TELEMETRY
TRAFO:00055,BUS:OSM:way:151061905:150,BUS:JUNCTION:60:01269,150,60,170.0,12.0,0.45,0.0,0.0,0.0,hv,0,-8,8,1.25,0,DIRECT_OSM_TRANSFORMER_TAG,OSM:node:4061449011,"{""frequency"": ""50"", ""operator"": ""REN"", ""operator:wikidata"": ""Q1862842"", ""power"": ""transformer"", ""transformer"": ""main"", ""voltage:primary"": ""150000"", ""voltage:secondary"": ""60000""}",43.84809722268171,VOLTAGE_PAIR_PROXY+REN_VOLTAGE_PAIR_AGGREGATE_CALIBRATION,170.0,1.0,62.32567340395464,17.414559866247874,-62.211521076920874,-14.372638921144334,0.1141523270337643,3.0419209451035396,0.2527602067689791,0.6319005169224478,0.9854398491634164,3.4173379004127873,0.9723028762354792,0.815044704136833,38.62884002254294,-8.0,0.0,0.9723028762354792,INFERRED_DISCRETE_VOLTAGE_CONTROL_NOT_OPERATOR_OBSERVED,AC_POWER_FLOW_SOLUTION_NOT_MEASURED_TELEMETRY
TRAFO:00056,BUS:OSM:way:151061905:150,BUS:JUNCTION:60:01269,150,60,170.0,12.0,0.45,0.0,0.0,0.0,hv,0,-8,8,1.25,0,DIRECT_OSM_TRANSFORMER_TAG,OSM:node:4061449019,"{""frequency"": ""50"", ""operator"": ""REN"", ""operator:wikidata"": ""Q1862842"", ""power"": ""transformer"", ""transformer"": ""main"", ""voltage:primary"": ""150000"", ""voltage:secondary"": ""60000""}",43.82601856164426,VOLTAGE_PAIR_PROXY+REN_VOLTAGE_PAIR_AGGREGATE_CALIBRATION,170.0,1.0,62.32567340395464,17.414559866247874,-62.211521076920874,-14.372638921144334,0.1141523270337643,3.0419209451035396,0.2527602067689791,0.6319005169224478,0.9854398491634164,3.4173379004127873,0.9723028762354792,0.815044704136833,38.62884002254294,-8.0,0.0,0.9723028762354792,INFERRED_DISCRETE_VOLTAGE_CONTROL_NOT_OPERATOR_OBSERVED,AC_POWER_FLOW_SOLUTION_NOT_MEASURED_TELEMETRY
TRAFO:00057,BUS:OSM:way:151061905:150,BUS:JUNCTION:60:01269,150,60,170.0,12.0,0.45,0.0,0.0,0.0,hv,0,-8,8,1.25,0,DIRECT_OSM_TRANSFORMER_TAG,OSM:node:4061449033,"{""frequency"": ""50"", ""operator"": ""REN"", ""operator:wikidata"": ""Q1862842"", ""power"": ""transformer"", ""transformer"": ""main"", ""voltage:primary"": ""150000"", ""voltage:secondary"": ""60000""}",70.95108191789166,VOLTAGE_PAIR_PROXY+REN_VOLTAGE_PAIR_AGGREGATE_CALIBRATION,170.0,1.0,62.32567340395464,17.414559866247874,-62.211521076920874,-14.372638921144334,0.1141523270337643,3.0419209451035396,0.2527602067689791,0.6319005169224478,0.9854398491634164,3.4173379004127873,0.9723028762354792,0.815044704136833,38.62884002254294,-8.0,0.0,0.9723028762354792,INFERRED_DISCRETE_VOLTAGE_CONTROL_NOT_OPERATOR_OBSERVED,AC_POWER_FLOW_SOLUTION_NOT_MEASURED_TELEMETRY
TRAFO:00058,BUS:OSM:way:163226990:150,BUS:JUNCTION:60:00053,150,60,170.0,12.0,0.45,0.0,0.0,0.0,hv,0,-8,8,1.25,0,DIRECT_OSM_TRANSFORMER_TAG,OSM:node:5086912037,"{""frequency"": ""50"", ""location"": ""outdoor"", ""power"": ""transformer"", ""transformer"": ""main"", ""voltage:primary"": ""150000"", ""voltage:secondary"": ""60000"", ""windings:auto"": ""yes""}",260.16695588066614,VOLTAGE_PAIR_PROXY+REN_VOLTAGE_PAIR_AGGREGATE_CALIBRATION,170.0,1.0,31.865663648039988,5.7565895913568035,-31.83746431059895,-5.00513618318812,0.0281993374410376,0.7514534081686834,0.1256278043845643,0.3140695109614109,0.9921075340530838,-12.399879967068978,0.9874208478256848,-13.705734218750976,19.19944765035791,0.0,0.0,0.9874208478256848,INFERRED_DISCRETE_VOLTAGE_CONTROL_NOT_OPERATOR_OBSERVED,AC_POWER_FLOW_SOLUTION_NOT_MEASURED_TELEMETRY
TRAFO:00059,BUS:OSM:way:163226990:150,BUS:JUNCTION:60:00053,150,60,170.0,12.0,0.45,0.0,0.0,0.0,hv,0,-8,8,1.25,0,DIRECT_OSM_TRANSFORMER_TAG,OSM:node:5086912040,"{""frequency"": ""50"", ""location"": ""outdoor"", ""power"": ""transformer"", ""transformer"": ""main"", ""voltage:primary"": ""150000"", ""voltage:secondary"": ""60000"", ""windings:auto"": ""yes""}",279.9497333054342,VOLTAGE_PAIR_PROXY+REN_VOLTAGE_PAIR_AGGREGATE_CALIBRATION,170.0,1.0,31.865663648039988,5.7565895913568035,-31.83746431059895,-5.00513618318812,0.0281993374410376,0.7514534081686834,0.1256278043845643,0.3140695109614109,0.9921075340530838,-12.399879967068978,0.9874208478256848,-13.705734218750976,19.19944765035791,0.0,0.0,0.9874208478256848,INFERRED_DISCRETE_VOLTAGE_CONTROL_NOT_OPERATOR_OBSERVED,AC_POWER_FLOW_SOLUTION_NOT_MEASURED_TELEMETRY
TRAFO:00060,BUS:OSM:way:142182853:220,BUS:JUNCTION:60:01206,220,60,170.0,12.0,0.4,0.0,0.0,0.0,hv,0,-8,8,1.25,0,DIRECT_OSM_TRANSFORMER_TAG,OSM:node:6482980943,"{""frequency"": ""50"", ""operator"": ""REN"", ""operator:wikidata"": ""Q1862842"", ""phases"": ""3"", ""power"": ""transformer"", ""rating"": ""170 MVA"", ""transformer"": ""main"", ""voltage:primary"": ""220000"", ""voltage:secondary"": ""60000""}",111.04497118572596,OSM_NAMEPLATE_MVA_WITH_PROXY_IMPEDANCE+REN_VOLTAGE_PAIR_AGGREGATE_CALIBRATION,170.0,1.0,45.54521097487922,9.9237508810301,-45.49323040225735,-8.365200286035838,0.0519805726218649,1.5585505949942604,0.1233478791333771,0.4522755568223828,0.99174400999411,-1.607926261358111,0.9841297813977904,-3.4808242495579256,27.648149768395474,-8.0,0.0,0.9841297813977904,INFERRED_DISCRETE_VOLTAGE_CONTROL_NOT_OPERATOR_OBSERVED,AC_POWER_FLOW_SOLUTION_NOT_MEASURED_TELEMETRY
TRAFO:00061,BUS:OSM:way:142182853:220,BUS:JUNCTION:60:01206,220,60,170.0,12.0,0.4,0.0,0.0,0.0,hv,0,-8,8,1.25,0,DIRECT_OSM_TRANSFORMER_TAG,OSM:node:6482980944,"{""frequency"": ""50"", ""operator"": ""REN"", ""operator:wikidata"": ""Q1862842"", ""phases"": ""3"", ""power"": ""transformer"", ""rating"": ""170 MVA"", ""transformer"": ""main"", ""voltage:primary"": ""220000"", ""voltage:secondary"": ""60000""}",99.12502238930604,OSM_NAMEPLATE_MVA_WITH_PROXY_IMPEDANCE+REN_VOLTAGE_PAIR_AGGREGATE_CALIBRATION,170.0,1.0,45.54521097487922,9.9237508810301,-45.49323040225735,-8.365200286035838,0.0519805726218649,1.5585505949942604,0.1233478791333771,0.4522755568223828,0.99174400999411,-1.607926261358111,0.9841297813977904,-3.4808242495579256,27.648149768395474,-8.0,0.0,0.9841297813977904,INFERRED_DISCRETE_VOLTAGE_CONTROL_NOT_OPERATOR_OBSERVED,AC_POWER_FLOW_SOLUTION_NOT_MEASURED_TELEMETRY
TRAFO:00062,BUS:OSM:way:144396420:220,BUS:JUNCTION:60:01101,220,60,170.0,12.0,0.4,0.0,0.0,0.0,hv,0,-8,8,1.25,0,DIRECT_OSM_TRANSFORMER_TAG,OSM:node:6482981154,"{""frequency"": ""50"", ""operator"": ""REN"", ""operator:wikidata"": ""Q1862842"", ""power"": ""transformer"", ""transformer"": ""main"", ""voltage:primary"": ""220000"", ""voltage:secondary"": ""60000""}",57.19666925228603,VOLTAGE_PAIR_PROXY+REN_VOLTAGE_PAIR_AGGREGATE_CALIBRATION,170.0,1.0,-67.29971310869858,14.548985567130543,67.41134702861191,-11.201829052173782,0.1116339199133307,3.3471565149567635,0.1807628767349191,0.6627972146947035,0.9996292627062344,1.7749663920004184,0.9920994861472048,4.538858481970568,40.51759238704814,0.0,0.0,0.9920994861472048,INFERRED_DISCRETE_VOLTAGE_CONTROL_NOT_OPERATOR_OBSERVED,AC_POWER_FLOW_SOLUTION_NOT_MEASURED_TELEMETRY
TRAFO:00063,BUS:OSM:way:690953979:220,BUS:JUNCTION:60:01996,220,60,126.0,12.0,0.4,0.0,0.0,0.0,hv,0,-8,8,1.25,0,DIRECT_OSM_TRANSFORMER_TAG,OSM:node:6482981262,"{""frequency"": ""50"", ""operator"": ""REN"", ""operator:wikidata"": ""Q1862842"", ""power"": ""transformer"", ""rating"": ""126 MVA"", ""transformer"": ""main"", ""voltage:primary"": ""220000"", ""voltage:secondary"": ""60000""}",78.35093516268584,OSM_NAMEPLATE_MVA_WITH_PROXY_IMPEDANCE+REN_VOLTAGE_PAIR_AGGREGATE_CALIBRATION,126.0,1.0,-25.33928420883584,7.258888574228801,25.36133254820608,-6.597805967576813,0.0220483393702402,0.6610826066519886,0.0691607845500395,0.253589543350145,1.0001785940457968,4.394965250869172,0.9943727897795976,5.797884041977388,20.915713016697214,0.0,0.0,0.9943727897795976,INFERRED_DISCRETE_VOLTAGE_CONTROL_NOT_OPERATOR_OBSERVED,AC_POWER_FLOW_SOLUTION_NOT_MEASURED_TELEMETRY
TRAFO:00064,BUS:OSM:way:690953979:220,BUS:JUNCTION:60:01996,220,60,126.0,12.0,0.4,0.0,0.0,0.0,hv,0,-8,8,1.25,0,DIRECT_OSM_TRANSFORMER_TAG,OSM:node:6482981263,"{""frequency"": ""50"", ""operator"": ""REN"", ""operator:wikidata"": ""Q1862842"", ""power"": ""transformer"", ""rating"": ""126 MVA"", ""transformer"": ""main"", ""voltage:primary"": ""220000"", ""voltage:secondary"": ""60000""}",76.96279063647638,OSM_NAMEPLATE_MVA_WITH_PROXY_IMPEDANCE+REN_VOLTAGE_PAIR_AGGREGATE_CALIBRATION,126.0,1.0,-25.33928420883584,7.258888574228801,25.36133254820608,-6.597805967576813,0.0220483393702402,0.6610826066519886,0.0691607845500395,0.253589543350145,1.0001785940457968,4.394965250869172,0.9943727897795976,5.797884041977388,20.915713016697214,0.0,0.0,0.9943727897795976,INFERRED_DISCRETE_VOLTAGE_CONTROL_NOT_OPERATOR_OBSERVED,AC_POWER_FLOW_SOLUTION_NOT_MEASURED_TELEMETRY
TRAFO:00065,BUS:OSM:way:144386243:220,BUS:JUNCTION:60:00177,220,60,126.0,12.0,0.4,0.0,0.0,0.0,hv,0,-8,8,1.25,0,DIRECT_OSM_TRANSFORMER_TAG,OSM:node:6483211064,"{""frequency"": ""50"", ""operator"": ""REN"", ""operator:wikidata"": ""Q1862842"", ""power"": ""transformer"", ""rating"": ""126 MVA"", ""transformer"": ""main"", ""voltage:primary"": ""220000"", ""voltage:secondary"": ""60000""}",94.79988069847896,OSM_NAMEPLATE_MVA_WITH_PROXY_IMPEDANCE+REN_VOLTAGE_PAIR_AGGREGATE_CALIBRATION,126.0,1.0,5.982097619433702,4.655687128483834,-5.98027346341571,-4.6009928589942195,0.0018241560179923,0.0546942694896142,0.0198931225858934,0.0729414494816094,0.9999999999999998,4.756988212417486,0.9953940202557966,4.437738233158362,6.016109356184103,0.0,0.0,0.9953940202557966,INFERRED_DISCRETE_VOLTAGE_CONTROL_NOT_OPERATOR_OBSERVED,AC_POWER_FLOW_SOLUTION_NOT_MEASURED_TELEMETRY
TRAFO:00066,BUS:OSM:way:144386243:220,BUS:JUNCTION:60:00177,220,60,126.0,12.0,0.4,0.0,0.0,0.0,hv,0,-8,8,1.25,0,DIRECT_OSM_TRANSFORMER_TAG,OSM:node:6483211065,"{""frequency"": ""50"", ""operator"": ""REN"", ""operator:wikidata"": ""Q1862842"", ""power"": ""transformer"", ""rating"": ""126 MVA"", ""transformer"": ""main"", ""voltage:primary"": ""220000"", ""voltage:secondary"": ""60000""}",81.00554651718463,OSM_NAMEPLATE_MVA_WITH_PROXY_IMPEDANCE+REN_VOLTAGE_PAIR_AGGREGATE_CALIBRATION,126.0,1.0,5.982097619433702,4.655687128483834,-5.98027346341571,-4.6009928589942195,0.0018241560179923,0.0546942694896142,0.0198931225858934,0.0729414494816094,0.9999999999999998,4.756988212417486,0.9953940202557966,4.437738233158362,6.016109356184103,0.0,0.0,0.9953940202557966,INFERRED_DISCRETE_VOLTAGE_CONTROL_NOT_OPERATOR_OBSERVED,AC_POWER_FLOW_SOLUTION_NOT_MEASURED_TELEMETRY
TRAFO:00067,BUS:OSM:way:144385734:400,BUS:OSM:way:144385734:220,400,220,476.47058823529414,12.0,0.3,0.0,0.0,0.0,hv,0,-8,8,1.25,0,DIRECT_OSM_TRANSFORMER_TAG,OSM:node:6484604251,"{""frequency"": ""50"", ""operator"": ""REN"", ""operator:wikidata"": ""Q1862842"", ""power"": ""transformer"", ""rating"": ""450 MVA"", ""transformer"": ""main"", ""voltage:primary"": ""400000"", ""voltage:secondary"": ""220000"", ""windings:auto"": ""yes""}",41.50954248354978,OSM_NAMEPLATE_MVA_WITH_PROXY_IMPEDANCE+REN_VOLTAGE_PAIR_AGGREGATE_CALIBRATION,450.0,1.0588235294117647,-285.46291821569645,31.310142056617433,285.98169187338544,-10.565681433323464,0.5187736576889961,20.744460623293968,0.4143103287392801,0.7532915067986911,1.0004607277028943,0.4598354476200664,0.9969836733174798,4.603282899115566,60.24351195609358,0.0,0.0,0.9969836733174798,INFERRED_DISCRETE_VOLTAGE_CONTROL_NOT_OPERATOR_OBSERVED,AC_POWER_FLOW_SOLUTION_NOT_MEASURED_TELEMETRY
TRAFO:00068,BUS:OSM:way:144385734:400,BUS:OSM:way:144385734:220,400,220,476.47058823529414,12.0,0.3,0.0,0.0,0.0,hv,0,-8,8,1.25,0,DIRECT_OSM_TRANSFORMER_TAG,OSM:node:6484604252,"{""frequency"": ""50"", ""operator"": ""REN"", ""operator:wikidata"": ""Q1862842"", ""power"": ""transformer"", ""rating"": ""450 MVA"", ""transformer"": ""main"", ""voltage:primary"": ""400000"", ""voltage:secondary"": ""220000"", ""windings:auto"": ""yes""}",21.494727074047383,OSM_NAMEPLATE_MVA_WITH_PROXY_IMPEDANCE+REN_VOLTAGE_PAIR_AGGREGATE_CALIBRATION,450.0,1.0588235294117647,-285.46291821569645,31.310142056617433,285.98169187338544,-10.565681433323464,0.5187736576889961,20.744460623293968,0.4143103287392801,0.7532915067986911,1.0004607277028943,0.4598354476200664,0.9969836733174798,4.603282899115566,60.24351195609358,0.0,0.0,0.9969836733174798,INFERRED_DISCRETE_VOLTAGE_CONTROL_NOT_OPERATOR_OBSERVED,AC_POWER_FLOW_SOLUTION_NOT_MEASURED_TELEMETRY
TRAFO:00069,BUS:OSM:way:144385734:400,BUS:OSM:way:144385734:220,400,220,476.47058823529414,12.0,0.3,0.0,0.0,0.0,hv,0,-8,8,1.25,0,DIRECT_OSM_TRANSFORMER_TAG,OSM:node:6484604253,"{""frequency"": ""50"", ""operator"": ""REN"", ""operator:wikidata"": ""Q1862842"", ""power"": ""transformer"", ""rating"": ""450 MVA"", ""transformer"": ""main"", ""voltage:primary"": ""400000"", ""voltage:secondary"": ""220000"", ""windings:auto"": ""yes""}",7.94770601324039,OSM_NAMEPLATE_MVA_WITH_PROXY_IMPEDANCE+REN_VOLTAGE_PAIR_AGGREGATE_CALIBRATION,450.0,1.0588235294117647,-285.46291821569645,31.310142056617433,285.98169187338544,-10.565681433323464,0.5187736576889961,20.744460623293968,0.4143103287392801,0.7532915067986911,1.0004607277028943,0.4598354476200664,0.9969836733174798,4.603282899115566,60.24351195609358,0.0,0.0,0.9969836733174798,INFERRED_DISCRETE_VOLTAGE_CONTROL_NOT_OPERATOR_OBSERVED,AC_POWER_FLOW_SOLUTION_NOT_MEASURED_TELEMETRY
TRAFO:00070,BUS:OSM:way:144377301:220,BUS:EREDES:1308S5007600:60,220,60,170.0,12.0,0.4,0.0,0.0,0.0,hv,0,-8,8,1.25,0,DIRECT_OSM_TRANSFORMER_TAG,OSM:node:6501160243,"{""frequency"": ""50"", ""operator"": ""REN"", ""power"": ""transformer"", ""rating"": ""170 MVA"", ""transformer"": ""main"", ""voltage:primary"": ""220000"", ""voltage:secondary"": ""60000""}",142.3172351446702,OSM_NAMEPLATE_MVA_WITH_PROXY_IMPEDANCE+REN_VOLTAGE_PAIR_AGGREGATE_CALIBRATION,170.0,1.0,58.051717025698,13.59666110594696,-57.96653058695177,-11.042488112139717,0.0851864387462342,2.554172993807244,0.1579051840621028,0.578985674894377,0.990905477263986,-1.7372060096774409,0.9807044142981576,-4.1337150126744335,35.394091968410024,-8.0,0.0,0.9807044142981576,INFERRED_DISCRETE_VOLTAGE_CONTROL_NOT_OPERATOR_OBSERVED,AC_POWER_FLOW_SOLUTION_NOT_MEASURED_TELEMETRY
TRAFO:00071,BUS:OSM:way:144377301:220,BUS:EREDES:1308S5007600:60,220,60,120.0,12.0,0.4,0.0,0.0,0.0,hv,0,-8,8,1.25,0,DIRECT_OSM_TRANSFORMER_TAG,OSM:node:6501160244,"{""frequency"": ""50"", ""operator"": ""REN"", ""power"": ""transformer"", ""rating"": ""120 MVA"", ""transformer"": ""main"", ""voltage:primary"": ""220000"", ""voltage:secondary"": ""60000""}",148.54490421824954,OSM_NAMEPLATE_MVA_WITH_PROXY_IMPEDANCE+REN_VOLTAGE_PAIR_AGGREGATE_CALIBRATION,120.0,1.0,40.97768260637507,9.597643133609608,-40.91755100255419,-7.7946974909221405,0.0601316038208779,1.802945642687468,0.1114624828673667,0.4086957705136779,0.990905477263986,-1.7372060096774409,0.9807044142981576,-4.1337150126744335,35.394091968410024,-8.0,0.0,0.9807044142981576,INFERRED_DISCRETE_VOLTAGE_CONTROL_NOT_OPERATOR_OBSERVED,AC_POWER_FLOW_SOLUTION_NOT_MEASURED_TELEMETRY
TRAFO:00072,BUS:OSM:way:144377301:220,BUS:EREDES:1308S5007600:60,220,60,170.0,12.0,0.4,0.0,0.0,0.0,hv,0,-8,8,1.25,0,DIRECT_OSM_TRANSFORMER_TAG,OSM:node:6501160245,"{""frequency"": ""50"", ""operator"": ""REN"", ""power"": ""transformer"", ""rating"": ""170 MVA"", ""transformer"": ""main"", ""voltage:primary"": ""220000"", ""voltage:secondary"": ""60000""}",156.33556545343887,OSM_NAMEPLATE_MVA_WITH_PROXY_IMPEDANCE+REN_VOLTAGE_PAIR_AGGREGATE_CALIBRATION,170.0,1.0,58.051717025698,13.59666110594696,-57.96653058695177,-11.042488112139717,0.0851864387462342,2.554172993807244,0.1579051840621028,0.578985674894377,0.990905477263986,-1.7372060096774409,0.9807044142981576,-4.1337150126744335,35.394091968410024,-8.0,0.0,0.9807044142981576,INFERRED_DISCRETE_VOLTAGE_CONTROL_NOT_OPERATOR_OBSERVED,AC_POWER_FLOW_SOLUTION_NOT_MEASURED_TELEMETRY
TRAFO:00073,BUS:OSM:way:151061884:400,BUS:OSM:way:151061884:150,400,150,450.0,12.0,0.3,0.0,0.0,0.0,hv,0,-8,8,1.25,0,DIRECT_OSM_TRANSFORMER_TAG,OSM:node:6501416203,"{""frequency"": ""50"", ""operator"": ""REN"", ""operator:wikidata"": ""Q1862842"", ""phases"": ""3"", ""power"": ""transformer"", ""rating"": ""450 MVA"", ""transformer"": ""main"", ""voltage:primary"": ""400000"", ""voltage:secondary"": ""150000"", ""windings:auto"": ""yes""}",108.51818742480312,OSM_NAMEPLATE_MVA_WITH_PROXY_IMPEDANCE+REN_VOLTAGE_PAIR_AGGREGATE_CALIBRATION,450.0,1.0,-200.2294868265239,37.734653151347246,200.5069188901168,-26.64083905045505,0.2774320635929257,11.093814100892196,0.2944444257797748,0.7851851354127329,0.9988091124838172,1.5379700055245389,0.9915290145836256,4.642173477517497,45.332684929423415,0.0,0.0,0.9915290145836256,INFERRED_DISCRETE_VOLTAGE_CONTROL_NOT_OPERATOR_OBSERVED,AC_POWER_FLOW_SOLUTION_NOT_MEASURED_TELEMETRY
TRAFO:00074,BUS:OSM:way:151061884:400,BUS:OSM:way:151061884:150,400,150,450.0,12.0,0.3,0.0,0.0,0.0,hv,0,-8,8,1.25,0,DIRECT_OSM_TRANSFORMER_TAG,OSM:node:6501416204,"{""frequency"": ""50"", ""operator"": ""REN"", ""operator:wikidata"": ""Q1862842"", ""phases"": ""3"", ""power"": ""transformer"", ""rating"": ""450 MVA"", ""transformer"": ""main"", ""voltage:primary"": ""400000"", ""voltage:secondary"": ""150000"", ""windings:auto"": ""yes""}",87.79038395887223,OSM_NAMEPLATE_MVA_WITH_PROXY_IMPEDANCE+REN_VOLTAGE_PAIR_AGGREGATE_CALIBRATION,450.0,1.0,-200.2294868265239,37.734653151347246,200.5069188901168,-26.64083905045505,0.2774320635929257,11.093814100892196,0.2944444257797748,0.7851851354127329,0.9988091124838172,1.5379700055245389,0.9915290145836256,4.642173477517497,45.332684929423415,0.0,0.0,0.9915290145836256,INFERRED_DISCRETE_VOLTAGE_CONTROL_NOT_OPERATOR_OBSERVED,AC_POWER_FLOW_SOLUTION_NOT_MEASURED_TELEMETRY
TRAFO:00075,BUS:OSM:way:151061928:150,BUS:JUNCTION:60:00482,150,60,170.0,12.0,0.45,0.0,0.0,0.0,hv,0,-8,8,1.25,0,DIRECT_OSM_TRANSFORMER_TAG,OSM:node:6501429713,"{""frequency"": ""50"", ""power"": ""transformer"", ""transformer"": ""main"", ""voltage:primary"": ""150000"", ""voltage:secondary"": ""60000""}",60.46978970940533,VOLTAGE_PAIR_PROXY+REN_VOLTAGE_PAIR_AGGREGATE_CALIBRATION,170.0,1.0,44.6688818175655,5.716990795159816,-44.61411541964891,-4.257580748608153,0.0547663979165875,1.459410046551663,0.17507470617836,0.4376867654459,0.9900518321466604,3.148426547575871,0.9852935274353594,1.3063195881342375,26.75631937245109,0.0,0.0,0.9852935274353594,INFERRED_DISCRETE_VOLTAGE_CONTROL_NOT_OPERATOR_OBSERVED,AC_POWER_FLOW_SOLUTION_NOT_MEASURED_TELEMETRY
TRAFO:00076,BUS:OSM:way:144564903:400,BUS:JUNCTION:60:00055,400,60,170.0,12.0,0.35,0.0,0.0,0.0,hv,0,-8,8,1.25,0,DIRECT_OSM_TRANSFORMER_TAG,OSM:node:7005288421,"{""frequency"": ""50"", ""power"": ""transformer"", ""rating"": ""170 MVA"", ""transformer"": ""main"", ""voltage:primary"": ""400000"", ""voltage:secondary"": ""60000""}",82.873044699276,OSM_NAMEPLATE_MVA_WITH_PROXY_IMPEDANCE+REN_VOLTAGE_PAIR_AGGREGATE_CALIBRATION,170.0,1.0,61.766295542640336,18.11715664733679,-61.68101153638005,-15.194377565266915,0.0852840062602879,2.9227790820698765,0.0928974122616444,0.6193160817442962,1.0001135291151997,-3.940838294697888,0.9870063264829968,-6.449593213808044,37.85953833619769,0.0,0.0,0.9870063264829968,INFERRED_DISCRETE_VOLTAGE_CONTROL_NOT_OPERATOR_OBSERVED,AC_POWER_FLOW_SOLUTION_NOT_MEASURED_TELEMETRY
TRAFO:00077,BUS:OSM:way:132865612:150,BUS:JUNCTION:60:01977,150,60,170.0,12.0,0.45,0.0,0.0,0.0,hv,0,-8,8,1.25,0,DIRECT_OSM_TRANSFORMER_TAG,OSM:node:7016082316,"{""frequency"": ""50"", ""operator"": ""REN"", ""operator:wikidata"": ""Q1862842"", ""power"": ""transformer"", ""transformer"": ""main"", ""voltage:primary"": ""150000"", ""voltage:secondary"": ""60000""}",108.50863793262684,VOLTAGE_PAIR_PROXY+REN_VOLTAGE_PAIR_AGGREGATE_CALIBRATION,170.0,1.0,95.68673044358351,16.168946367985594,-95.43114166927012,-9.358039695121663,0.2555887743133951,6.810906672863931,0.3782136554423352,0.945534138605838,0.987588618278876,2.828705181813412,0.9758411251696028,-1.161859837220767,57.80164123610063,-8.0,0.0,0.9758411251696028,INFERRED_DISCRETE_VOLTAGE_CONTROL_NOT_OPERATOR_OBSERVED,AC_POWER_FLOW_SOLUTION_NOT_MEASURED_TELEMETRY
TRAFO:00078,BUS:OSM:way:132865612:150,BUS:JUNCTION:60:01977,150,60,170.0,12.0,0.45,0.0,0.0,0.0,hv,0,-8,8,1.25,0,DIRECT_OSM_TRANSFORMER_TAG,OSM:node:7016082317,"{""frequency"": ""50"", ""operator"": ""REN"", ""operator:wikidata"": ""Q1862842"", ""power"": ""transformer"", ""transformer"": ""main"", ""voltage:primary"": ""150000"", ""voltage:secondary"": ""60000""}",120.7252963680995,VOLTAGE_PAIR_PROXY+REN_VOLTAGE_PAIR_AGGREGATE_CALIBRATION,170.0,1.0,95.68673044358351,16.168946367985594,-95.43114166927012,-9.358039695121663,0.2555887743133951,6.810906672863931,0.3782136554423352,0.945534138605838,0.987588618278876,2.828705181813412,0.9758411251696028,-1.161859837220767,57.80164123610063,-8.0,0.0,0.9758411251696028,INFERRED_DISCRETE_VOLTAGE_CONTROL_NOT_OPERATOR_OBSERVED,AC_POWER_FLOW_SOLUTION_NOT_MEASURED_TELEMETRY
TRAFO:00079,BUS:OSM:way:151111218:220,BUS:EREDES:1312P5013500:60,220,60,170.0,12.0,0.4,0.0,0.0,0.0,hv,0,-8,8,1.25,0,DIRECT_OSM_TRANSFORMER_TAG,OSM:node:7018245528,"{""frequency"": ""50"", ""operator"": ""REN"", ""operator:wikidata"": ""Q1862842"", ""power"": ""transformer"", ""rating"": ""170 MVA"", ""transformer"": ""main"", ""voltage:primary"": ""220000"", ""voltage:secondary"": ""60000""}",14.506184310553124,OSM_NAMEPLATE_MVA_WITH_PROXY_IMPEDANCE+REN_VOLTAGE_PAIR_AGGREGATE_CALIBRATION,170.0,1.0,79.74677691540123,22.644718574467415,-79.58210039532064,-17.7071683435328,0.1646765200805902,4.937550230934615,0.2195467423173407,0.8050047218302493,0.9909272038410234,-1.730196501572823,0.9745357624715968,-5.038428050415466,49.21090865445327,-8.0,0.0,0.9745357624715968,INFERRED_DISCRETE_VOLTAGE_CONTROL_NOT_OPERATOR_OBSERVED,AC_POWER_FLOW_SOLUTION_NOT_MEASURED_TELEMETRY
TRAFO:00080,BUS:OSM:way:151111218:220,BUS:EREDES:1312P5013500:60,220,60,170.0,12.0,0.4,0.0,0.0,0.0,hv,0,-8,8,1.25,0,DIRECT_OSM_TRANSFORMER_TAG,OSM:node:7018245529,"{""frequency"": ""50"", ""operator"": ""REN"", ""operator:wikidata"": ""Q1862842"", ""power"": ""transformer"", ""rating"": ""170 MVA"", ""transformer"": ""main"", ""voltage:primary"": ""220000"", ""voltage:secondary"": ""60000""}",14.892444027921782,OSM_NAMEPLATE_MVA_WITH_PROXY_IMPEDANCE+REN_VOLTAGE_PAIR_AGGREGATE_CALIBRATION,170.0,1.0,79.74677691540123,22.644718574467415,-79.58210039532064,-17.7071683435328,0.1646765200805902,4.937550230934615,0.2195467423173407,0.8050047218302493,0.9909272038410234,-1.730196501572823,0.9745357624715968,-5.038428050415466,49.21090865445327,-8.0,0.0,0.9745357624715968,INFERRED_DISCRETE_VOLTAGE_CONTROL_NOT_OPERATOR_OBSERVED,AC_POWER_FLOW_SOLUTION_NOT_MEASURED_TELEMETRY
TRAFO:00081,BUS:OSM:way:813954335:400,BUS:JUNCTION:60:02691,400,60,170.0,12.0,0.35,0.0,0.0,0.0,hv,0,-8,8,1.25,0,DIRECT_OSM_TRANSFORMER_TAG,OSM:node:8738632458,"{""frequency"": ""50"", ""operator"": ""REN"", ""operator:wikidata"": ""Q1862842"", ""power"": ""transformer"", ""transformer"": ""main"", ""voltage:primary"": ""400000"", ""voltage:secondary"": ""60000""}",76.42672112215304,VOLTAGE_PAIR_PROXY+REN_VOLTAGE_PAIR_AGGREGATE_CALIBRATION,170.0,1.0,43.429706566038774,-1.0585381934996476,-43.390615361745496,2.3982378536284084,0.0390912042932782,1.3396996601287607,0.0628940186130318,0.4192934574202122,0.9969787331667144,-9.400228382778064,0.997305447834011,-11.167570364613228,25.63191428940089,0.0,0.0,0.997305447834011,INFERRED_DISCRETE_VOLTAGE_CONTROL_NOT_OPERATOR_OBSERVED,AC_POWER_FLOW_SOLUTION_NOT_MEASURED_TELEMETRY
TRAFO:00082,BUS:OSM:way:151061884:150,BUS:OSM:way:151061884:130,150,130,140.0,12.0,0.45,0.0,0.0,0.0,hv,0,-8,8,1.25,0,DIRECT_OSM_TRANSFORMER_TAG,OSM:node:8804964560,"{""frequency"": ""50"", ""operator"": ""REN"", ""operator:wikidata"": ""Q1862842"", ""phases"": ""3"", ""power"": ""transformer"", ""rating"": ""140 MVA"", ""transformer"": ""main"", ""voltage:primary"": ""130000"", ""voltage:secondary"": ""150000""}",143.46589921817483,OSM_NAMEPLATE_MVA_WITH_PROXY_IMPEDANCE+REN_VOLTAGE_PAIR_AGGREGATE_CALIBRATION,140.0,1.0,-1.1330770000170365,-1.9449178391769744,1.1332426485429994,1.9493320262001033,0.0001656485259629,0.0044141870231286,0.0087377509578769,0.0100820203360118,0.9915290145836256,4.642173477517497,0.9932463004709758,4.694999898800344,1.621524493170699,0.0,0.0,0.9932463004709758,INFERRED_DISCRETE_VOLTAGE_CONTROL_NOT_OPERATOR_OBSERVED,AC_POWER_FLOW_SOLUTION_NOT_MEASURED_TELEMETRY
TRAFO:00083,BUS:OSM:way:142182853:400,BUS:OSM:way:142182853:220,400,220,476.47058823529414,12.0,0.3,0.0,0.0,0.0,hv,0,-8,8,1.25,0,DIRECT_OSM_TRANSFORMER_TAG,OSM:node:9983434102,"{""frequency"": ""50"", ""operator"": ""REN"", ""operator:wikidata"": ""Q1862842"", ""power"": ""transformer"", ""rating"": ""450 MVA"", ""transformer"": ""main"", ""voltage:primary"": ""400000"", ""voltage:secondary"": ""220000"", ""windings:auto"": ""yes""}",123.97200365208084,OSM_NAMEPLATE_MVA_WITH_PROXY_IMPEDANCE+REN_VOLTAGE_PAIR_AGGREGATE_CALIBRATION,450.0,1.0588235294117647,95.65101497481906,24.042646659297663,-95.58953919831876,-21.584384166599193,0.0614757765003162,2.45826249269847,0.1426227526634731,0.2593140957517693,0.99812221154654,-0.2226319285568964,0.99174400999411,-1.607926261358111,20.73830872485878,0.0,0.0,0.99174400999411,INFERRED_DISCRETE_VOLTAGE_CONTROL_NOT_OPERATOR_OBSERVED,AC_POWER_FLOW_SOLUTION_NOT_MEASURED_TELEMETRY
TRAFO:00084,BUS:OSM:way:142182853:400,BUS:OSM:way:142182853:220,400,220,476.47058823529414,12.0,0.3,0.0,0.0,0.0,hv,0,-8,8,1.25,0,DIRECT_OSM_TRANSFORMER_TAG,OSM:node:9983434103,"{""frequency"": ""50"", ""operator"": ""REN"", ""operator:wikidata"": ""Q1862842"", ""power"": ""transformer"", ""rating"": ""450 MVA"", ""transformer"": ""main"", ""voltage:primary"": ""400000"", ""voltage:secondary"": ""220000"", ""windings:auto"": ""yes""}",110.81977305484212,OSM_NAMEPLATE_MVA_WITH_PROXY_IMPEDANCE+REN_VOLTAGE_PAIR_AGGREGATE_CALIBRATION,450.0,1.0588235294117647,95.65101497481906,24.042646659297663,-95.58953919831876,-21.584384166599193,0.0614757765003162,2.45826249269847,0.1426227526634731,0.2593140957517693,0.99812221154654,-0.2226319285568964,0.99174400999411,-1.607926261358111,20.73830872485878,0.0,0.0,0.99174400999411,INFERRED_DISCRETE_VOLTAGE_CONTROL_NOT_OPERATOR_OBSERVED,AC_POWER_FLOW_SOLUTION_NOT_MEASURED_TELEMETRY
TRAFO:00085,BUS:OSM:way:142182853:400,BUS:JUNCTION:60:01206,400,60,170.0,12.0,0.35,0.0,0.0,0.0,hv,0,-8,8,1.25,0,DIRECT_OSM_TRANSFORMER_TAG,OSM:node:9983434104,"{""frequency"": ""50"", ""operator"": ""REN"", ""operator:wikidata"": ""Q1862842"", ""power"": ""transformer"", ""rating"": ""170 MVA"", ""transformer"": ""main"", ""voltage:primary"": ""400000"", ""voltage:secondary"": ""60000""}",219.7859608017507,OSM_NAMEPLATE_MVA_WITH_PROXY_IMPEDANCE+REN_VOLTAGE_PAIR_AGGREGATE_CALIBRATION,170.0,1.0,79.69943089311256,19.718599758358835,-79.56012657733534,-14.944483742360648,0.139304315777224,4.774116015998187,0.1187277139040654,0.7915180926937695,0.99812221154654,-0.2226319285568964,0.9841297813977904,-3.4808242495579256,48.386454764316035,-8.0,0.0,0.9841297813977904,INFERRED_DISCRETE_VOLTAGE_CONTROL_NOT_OPERATOR_OBSERVED,AC_POWER_FLOW_SOLUTION_NOT_MEASURED_TELEMETRY
TRAFO:00086,BUS:OSM:way:142182853:400,BUS:JUNCTION:60:01206,400,60,170.0,12.0,0.35,0.0,0.0,0.0,hv,0,-8,8,1.25,0,DIRECT_OSM_TRANSFORMER_TAG,OSM:node:9983434105,"{""frequency"": ""50"", ""operator"": ""REN"", ""operator:wikidata"": ""Q1862842"", ""power"": ""transformer"", ""rating"": ""170 MVA"", ""transformer"": ""main"", ""voltage:primary"": ""400000"", ""voltage:secondary"": ""60000""}",226.567575968462,OSM_NAMEPLATE_MVA_WITH_PROXY_IMPEDANCE+REN_VOLTAGE_PAIR_AGGREGATE_CALIBRATION,170.0,1.0,79.69943089311256,19.718599758358835,-79.56012657733534,-14.944483742360648,0.139304315777224,4.774116015998187,0.1187277139040654,0.7915180926937695,0.99812221154654,-0.2226319285568964,0.9841297813977904,-3.4808242495579256,48.386454764316035,-8.0,0.0,0.9841297813977904,INFERRED_DISCRETE_VOLTAGE_CONTROL_NOT_OPERATOR_OBSERVED,AC_POWER_FLOW_SOLUTION_NOT_MEASURED_TELEMETRY
TRAFO:00087,BUS:OSM:way:171253574:400,BUS:OSM:way:171253574:150,400,150,450.0,12.0,0.3,0.0,0.0,0.0,hv,0,-8,8,1.25,0,DIRECT_OSM_TRANSFORMER_TAG,OSM:node:10270022350,"{""frequency"": ""50"", ""operator"": ""REN"", ""operator:wikidata"": ""Q1862842"", ""power"": ""transformer"", ""rating"": ""450"", ""transformer"": ""main"", ""voltage:primary"": ""400000"", ""voltage:secondary"": ""150000"", ""windings:auto"": ""yes""}",48.884030566890885,VOLTAGE_PAIR_PROXY+REN_VOLTAGE_PAIR_AGGREGATE_CALIBRATION,450.0,1.0,185.60309508425703,22.954513592553656,-185.3681778992636,-13.560763116593812,0.234917184993435,9.393750475959845,0.2709457885084315,0.7225221026891506,0.9962731749838448,-9.643939038672388,0.9901276350377232,-12.510142801205062,41.714833048303554,0.0,0.0,0.9901276350377232,INFERRED_DISCRETE_VOLTAGE_CONTROL_NOT_OPERATOR_OBSERVED,AC_POWER_FLOW_SOLUTION_NOT_MEASURED_TELEMETRY
TRAFO:00088,BUS:OSM:way:171253574:150,BUS:JUNCTION:60:01339,150,60,126.0,12.0,0.45,0.0,0.0,0.0,hv,0,-8,8,1.25,0,DIRECT_OSM_TRANSFORMER_TAG,OSM:node:10270022391,"{""frequency"": ""50"", ""operator"": ""REN"", ""operator:wikidata"": ""Q1862842"", ""power"": ""transformer"", ""rating"": ""126 MVA"", ""transformer"": ""main"", ""voltage:primary"": ""150000"", ""voltage:secondary"": ""60000""}",163.78836015772222,OSM_NAMEPLATE_MVA_WITH_PROXY_IMPEDANCE+REN_VOLTAGE_PAIR_AGGREGATE_CALIBRATION,126.0,1.0,38.65136808431972,10.680125095616566,-38.59278882898681,-9.119110367524144,0.0585792553329085,1.5610147280924205,0.155883106695081,0.3897077667377023,0.9901276350377232,-12.510142801205062,0.9791582416187288,-14.662051485089014,32.14255486161434,-8.0,0.0,0.9791582416187288,INFERRED_DISCRETE_VOLTAGE_CONTROL_NOT_OPERATOR_OBSERVED,AC_POWER_FLOW_SOLUTION_NOT_MEASURED_TELEMETRY
TRAFO:00089,BUS:OSM:way:171253574:150,BUS:JUNCTION:60:01339,150,60,126.0,12.0,0.45,0.0,0.0,0.0,hv,0,-8,8,1.25,0,DIRECT_OSM_TRANSFORMER_TAG,OSM:node:10270022392,"{""frequency"": ""50"", ""operator"": ""REN"", ""operator:wikidata"": ""Q1862842"", ""power"": ""transformer"", ""rating"": ""126 MVA"", ""transformer"": ""main"", ""voltage:primary"": ""150000"", ""voltage:secondary"": ""60000""}",141.29410047892537,OSM_NAMEPLATE_MVA_WITH_PROXY_IMPEDANCE+REN_VOLTAGE_PAIR_AGGREGATE_CALIBRATION,126.0,1.0,38.65136808431972,10.680125095616566,-38.59278882898681,-9.119110367524144,0.0585792553329085,1.5610147280924205,0.155883106695081,0.3897077667377023,0.9901276350377232,-12.510142801205062,0.9791582416187288,-14.662051485089014,32.14255486161434,-8.0,0.0,0.9791582416187288,INFERRED_DISCRETE_VOLTAGE_CONTROL_NOT_OPERATOR_OBSERVED,AC_POWER_FLOW_SOLUTION_NOT_MEASURED_TELEMETRY
TRAFO:00090,BUS:OSM:way:171253574:150,BUS:JUNCTION:60:01339,150,60,126.0,12.0,0.45,0.0,0.0,0.0,hv,0,-8,8,1.25,0,DIRECT_OSM_TRANSFORMER_TAG,OSM:node:10270022393,"{""frequency"": ""50"", ""operator"": ""REN"", ""operator:wikidata"": ""Q1862842"", ""power"": ""transformer"", ""rating"": ""126 MVA"", ""transformer"": ""main"", ""voltage:primary"": ""150000"", ""voltage:secondary"": ""60000""}",118.3374891449882,OSM_NAMEPLATE_MVA_WITH_PROXY_IMPEDANCE+REN_VOLTAGE_PAIR_AGGREGATE_CALIBRATION,126.0,1.0,38.65136808431972,10.680125095616566,-38.59278882898681,-9.119110367524144,0.0585792553329085,1.5610147280924205,0.155883106695081,0.3897077667377023,0.9901276350377232,-12.510142801205062,0.9791582416187288,-14.662051485089014,32.14255486161434,-8.0,0.0,0.9791582416187288,INFERRED_DISCRETE_VOLTAGE_CONTROL_NOT_OPERATOR_OBSERVED,AC_POWER_FLOW_SOLUTION_NOT_MEASURED_TELEMETRY
TRAFO:00091,BUS:OSM:way:171253574:150,BUS:JUNCTION:60:01339,150,60,126.0,12.0,0.45,0.0,0.0,0.0,hv,0,-8,8,1.25,0,DIRECT_OSM_TRANSFORMER_TAG,OSM:node:10270022394,"{""frequency"": ""50"", ""operator"": ""REN"", ""operator:wikidata"": ""Q1862842"", ""power"": ""transformer"", ""rating"": ""126 MVA"", ""transformer"": ""main"", ""voltage:primary"": ""150000"", ""voltage:secondary"": ""60000""}",95.21427011389916,OSM_NAMEPLATE_MVA_WITH_PROXY_IMPEDANCE+REN_VOLTAGE_PAIR_AGGREGATE_CALIBRATION,126.0,1.0,38.65136808431972,10.680125095616566,-38.59278882898681,-9.119110367524144,0.0585792553329085,1.5610147280924205,0.155883106695081,0.3897077667377023,0.9901276350377232,-12.510142801205062,0.9791582416187288,-14.662051485089014,32.14255486161434,-8.0,0.0,0.9791582416187288,INFERRED_DISCRETE_VOLTAGE_CONTROL_NOT_OPERATOR_OBSERVED,AC_POWER_FLOW_SOLUTION_NOT_MEASURED_TELEMETRY
TRAFO:00092,BUS:OSM:way:24636044:400,BUS:OSM:way:24636044:220,400,220,476.47058823529414,12.0,0.3,0.0,0.0,0.0,hv,0,-8,8,1.25,0,DIRECT_OSM_TRANSFORMER_TAG,OSM:node:11418029382,"{""frequency"": ""50"", ""operator"": ""REN"", ""operator:wikidata"": ""Q1862842"", ""power"": ""transformer"", ""rating"": ""450 MVA"", ""transformer"": ""main"", ""voltage:primary"": ""400000"", ""voltage:secondary"": ""220000""}",22.747613189135137,OSM_NAMEPLATE_MVA_WITH_PROXY_IMPEDANCE+REN_VOLTAGE_PAIR_AGGREGATE_CALIBRATION,450.0,1.0588235294117647,100.70395859170408,7.793370806152251,-100.63918320757122,-5.203165259694251,0.0647753841328437,2.590205546458,0.1464002442434537,0.266182262260825,0.9958197800320752,-8.554962495853227,0.9935376890610088,-10.020576193972,21.287581439963617,0.0,0.0,0.9935376890610088,INFERRED_DISCRETE_VOLTAGE_CONTROL_NOT_OPERATOR_OBSERVED,AC_POWER_FLOW_SOLUTION_NOT_MEASURED_TELEMETRY
TRAFO:00093,BUS:OSM:way:24636044:400,BUS:EREDES:1107S5901900:60,400,60,170.0,12.0,0.35,0.0,0.0,0.0,hv,0,-8,8,1.25,0,DIRECT_OSM_TRANSFORMER_TAG,OSM:node:11418029413,"{""frequency"": ""50"", ""operator"": ""REN"", ""operator:wikidata"": ""Q1862842"", ""power"": ""transformer"", ""rating"": ""170 MVA"", ""transformer"": ""main"", ""voltage:primary"": ""400000"", ""voltage:secondary"": ""60000""}",116.37140540484629,OSM_NAMEPLATE_MVA_WITH_PROXY_IMPEDANCE+REN_VOLTAGE_PAIR_AGGREGATE_CALIBRATION,170.0,1.0,57.073687919902184,5.800333916524492,-57.00536096432548,-3.4586920863835267,0.0683269555767012,2.3416418301409654,0.0831506895428509,0.5543379302856727,0.9958197800320752,-8.554962495853227,0.9913502637868952,-10.885887125000426,33.88734564061269,0.0,0.0,0.9913502637868952,INFERRED_DISCRETE_VOLTAGE_CONTROL_NOT_OPERATOR_OBSERVED,AC_POWER_FLOW_SOLUTION_NOT_MEASURED_TELEMETRY
TRAFO:00094,BUS:OSM:way:24636044:400,BUS:EREDES:1107S5901900:60,400,60,170.0,12.0,0.35,0.0,0.0,0.0,hv,0,-8,8,1.25,0,DIRECT_OSM_TRANSFORMER_TAG,OSM:node:11418029414,"{""frequency"": ""50"", ""operator"": ""REN"", ""operator:wikidata"": ""Q1862842"", ""power"": ""transformer"", ""rating"": ""170 MVA"", ""transformer"": ""main"", ""voltage:primary"": ""400000"", ""voltage:secondary"": ""60000""}",133.60084785839626,OSM_NAMEPLATE_MVA_WITH_PROXY_IMPEDANCE+REN_VOLTAGE_PAIR_AGGREGATE_CALIBRATION,170.0,1.0,57.073687919902184,5.800333916524492,-57.00536096432548,-3.4586920863835267,0.0683269555767012,2.3416418301409654,0.0831506895428509,0.5543379302856727,0.9958197800320752,-8.554962495853227,0.9913502637868952,-10.885887125000426,33.88734564061269,0.0,0.0,0.9913502637868952,INFERRED_DISCRETE_VOLTAGE_CONTROL_NOT_OPERATOR_OBSERVED,AC_POWER_FLOW_SOLUTION_NOT_MEASURED_TELEMETRY
TRAFO:00095,BUS:OSM:way:127205502:220,BUS:EREDES:0409S5025200:60,220,60,170.0,12.0,0.4,0.0,0.0,0.0,hv,0,-8,8,1.25,0,DIRECT_OSM_TRANSFORMER_TAG,OSM:node:11458215622,"{""frequency"": ""50"", ""operator"": ""REN"", ""operator:wikidata"": ""Q1862842"", ""phases"": ""3"", ""power"": ""transformer"", ""transformer"": ""main"", ""voltage:primary"": ""220000"", ""voltage:secondary"": ""60000""}",259.1343295517438,VOLTAGE_PAIR_PROXY+REN_VOLTAGE_PAIR_AGGREGATE_CALIBRATION,170.0,1.0,11.434011984998936,2.8990148031181433,-11.43073887140678,-2.8008759624082837,0.0032731135921579,0.0981388407098595,0.0309522123077002,0.1134914451282341,1.000120724077526,4.571586329864036,0.9978387906666132,4.112371438566672,6.937868794818243,0.0,0.0,0.9978387906666132,INFERRED_DISCRETE_VOLTAGE_CONTROL_NOT_OPERATOR_OBSERVED,AC_POWER_FLOW_SOLUTION_NOT_MEASURED_TELEMETRY
TRAFO:00096,BUS:OSM:way:813954335:400,BUS:JUNCTION:60:02691,400,60,170.0,12.0,0.35,0.0,0.0,0.0,hv,0,-8,8,1.25,0,DIRECT_OSM_TRANSFORMER_TAG,OSM:node:11459934344,"{""frequency"": ""50"", ""operator"": ""REN"", ""operator:wikidata"": ""Q1862842"", ""power"": ""transformer"", ""transformer"": ""main"", ""voltage:primary"": ""400000"", ""voltage:secondary"": ""60000""}",81.71944940514649,VOLTAGE_PAIR_PROXY+REN_VOLTAGE_PAIR_AGGREGATE_CALIBRATION,170.0,1.0,43.429706566038774,-1.0585381934996476,-43.390615361745496,2.3982378536284084,0.0390912042932782,1.3396996601287607,0.0628940186130318,0.4192934574202122,0.9969787331667144,-9.400228382778064,0.997305447834011,-11.167570364613228,25.63191428940089,0.0,0.0,0.997305447834011,INFERRED_DISCRETE_VOLTAGE_CONTROL_NOT_OPERATOR_OBSERVED,AC_POWER_FLOW_SOLUTION_NOT_MEASURED_TELEMETRY
TRAFO:00097,BUS:OSM:way:144639174:400,BUS:JUNCTION:60:01909,400,60,170.0,12.0,0.35,0.0,0.0,0.0,hv,0,-8,8,1.25,0,DIRECT_OSM_TRANSFORMER_TAG,OSM:node:11460258849,"{""devices"": ""3"", ""frequency"": ""50"", ""operator"": ""REN"", ""operator:wikidata"": ""Q1862842"", ""phases"": ""1"", ""power"": ""transformer"", ""transformer"": ""main"", ""voltage:primary"": ""400000"", ""voltage:secondary"": ""60000""}",52.66306920793452,VOLTAGE_PAIR_PROXY+REN_VOLTAGE_PAIR_AGGREGATE_CALIBRATION,170.0,1.0,33.311015210279216,-3.941109102882622,-33.28785068213751,4.734983608401997,0.0231645281417058,0.793874505519375,0.0484151797826557,0.3227678652177049,1.0000097104718786,-2.5177831183731527,1.0023821442671283,-3.865992272448027,19.731188527327355,0.0,0.0,1.0023821442671283,INFERRED_DISCRETE_VOLTAGE_CONTROL_NOT_OPERATOR_OBSERVED,AC_POWER_FLOW_SOLUTION_NOT_MEASURED_TELEMETRY
TRAFO:00098,BUS:OSM:way:144639174:400,BUS:JUNCTION:60:01909,400,60,170.0,12.0,0.35,0.0,0.0,0.0,hv,0,-8,8,1.25,0,DIRECT_OSM_TRANSFORMER_TAG,OSM:node:11460258852,"{""devices"": ""3"", ""frequency"": ""50"", ""operator"": ""REN"", ""operator:wikidata"": ""Q1862842"", ""phases"": ""1"", ""power"": ""transformer"", ""transformer"": ""main"", ""voltage:primary"": ""400000"", ""voltage:secondary"": ""60000""}",62.13719965800579,VOLTAGE_PAIR_PROXY+REN_VOLTAGE_PAIR_AGGREGATE_CALIBRATION,170.0,1.0,33.311015210279216,-3.941109102882622,-33.28785068213751,4.734983608401997,0.0231645281417058,0.793874505519375,0.0484151797826557,0.3227678652177049,1.0000097104718786,-2.5177831183731527,1.0023821442671283,-3.865992272448027,19.731188527327355,0.0,0.0,1.0023821442671283,INFERRED_DISCRETE_VOLTAGE_CONTROL_NOT_OPERATOR_OBSERVED,AC_POWER_FLOW_SOLUTION_NOT_MEASURED_TELEMETRY
TRAFO:00099,BUS:OSM:way:151168335:400,BUS:EREDES:1115P5187100:60,400,60,170.0,12.0,0.35,0.0,0.0,0.0,hv,0,-8,8,1.25,0,DIRECT_OSM_TRANSFORMER_TAG,OSM:node:11460283638,"{""frequency"": ""50"", ""operator"": ""REN"", ""operator:wikidata"": ""Q1862842"", ""power"": ""transformer"", ""rating"": ""170 MVA"", ""transformer"": ""main"", ""voltage:primary"": ""400000"", ""voltage:secondary"": ""60000""}",890.7231576742702,OSM_NAMEPLATE_MVA_WITH_PROXY_IMPEDANCE+REN_VOLTAGE_PAIR_AGGREGATE_CALIBRATION,170.0,1.0,90.4948101153854,17.865890368755306,-90.3178914320344,-11.802687552654868,0.1769186833510048,6.063202816100437,0.1338001712079676,0.892001141386451,0.9950599151555528,-8.758609152747253,0.9825924915520808,-12.481392100617118,54.529104610262216,-8.0,0.0,0.9825924915520808,INFERRED_DISCRETE_VOLTAGE_CONTROL_NOT_OPERATOR_OBSERVED,AC_POWER_FLOW_SOLUTION_NOT_MEASURED_TELEMETRY
TRAFO:00100,BUS:OSM:way:151168335:400,BUS:EREDES:1115P5187100:60,400,60,170.0,12.0,0.35,0.0,0.0,0.0,hv,0,-8,8,1.25,0,DIRECT_OSM_TRANSFORMER_TAG,OSM:node:11460283639,"{""frequency"": ""50"", ""operator"": ""REN"", ""operator:wikidata"": ""Q1862842"", ""power"": ""transformer"", ""rating"": ""170 MVA"", ""transformer"": ""main"", ""voltage:primary"": ""400000"", ""voltage:secondary"": ""60000""}",900.1097081968369,OSM_NAMEPLATE_MVA_WITH_PROXY_IMPEDANCE+REN_VOLTAGE_PAIR_AGGREGATE_CALIBRATION,170.0,1.0,90.4948101153854,17.865890368755306,-90.3178914320344,-11.802687552654868,0.1769186833510048,6.063202816100437,0.1338001712079676,0.892001141386451,0.9950599151555528,-8.758609152747253,0.9825924915520808,-12.481392100617118,54.529104610262216,-8.0,0.0,0.9825924915520808,INFERRED_DISCRETE_VOLTAGE_CONTROL_NOT_OPERATOR_OBSERVED,AC_POWER_FLOW_SOLUTION_NOT_MEASURED_TELEMETRY
TRAFO:00101,BUS:OSM:way:151168335:400,BUS:EREDES:1115P5187100:60,400,60,170.0,12.0,0.35,0.0,0.0,0.0,hv,0,-8,8,1.25,0,DIRECT_OSM_TRANSFORMER_TAG,OSM:node:11460283640,"{""frequency"": ""50"", ""operator"": ""REN"", ""operator:wikidata"": ""Q1862842"", ""power"": ""transformer"", ""rating"": ""170 MVA"", ""transformer"": ""main"", ""voltage:primary"": ""400000"", ""voltage:secondary"": ""60000""}",913.3310358899658,OSM_NAMEPLATE_MVA_WITH_PROXY_IMPEDANCE+REN_VOLTAGE_PAIR_AGGREGATE_CALIBRATION,170.0,1.0,90.4948101153854,17.865890368755306,-90.3178914320344,-11.802687552654868,0.1769186833510048,6.063202816100437,0.1338001712079676,0.892001141386451,0.9950599151555528,-8.758609152747253,0.9825924915520808,-12.481392100617118,54.529104610262216,-8.0,0.0,0.9825924915520808,INFERRED_DISCRETE_VOLTAGE_CONTROL_NOT_OPERATOR_OBSERVED,AC_POWER_FLOW_SOLUTION_NOT_MEASURED_TELEMETRY
TRAFO:00102,BUS:OSM:way:144400130:220,BUS:JUNCTION:60:01316,220,60,170.0,12.0,0.4,0.0,0.0,0.0,hv,0,-8,8,1.25,0,DIRECT_OSM_TRANSFORMER_TAG,OSM:node:11638385182,"{""frequency"": ""50"", ""operator"": ""REN"", ""operator:wikidata"": ""Q1862842"", ""power"": ""transformer"", ""transformer"": ""main"", ""voltage:primary"": ""220000"", ""voltage:secondary"": ""60000""}",64.98345287996693,VOLTAGE_PAIR_PROXY+REN_VOLTAGE_PAIR_AGGREGATE_CALIBRATION,170.0,1.0,16.481125333919675,8.790467102297365,-16.472915196495578,-8.544299853229202,0.008210137424097,0.2461672490681632,0.04902147450136,0.1797454065049867,0.999955525477004,0.3582197437985711,0.9934315061915344,-0.3004933116757735,10.988053288015005,0.0,0.0,0.9934315061915344,INFERRED_DISCRETE_VOLTAGE_CONTROL_NOT_OPERATOR_OBSERVED,AC_POWER_FLOW_SOLUTION_NOT_MEASURED_TELEMETRY
TRAFO:00103,BUS:OSM:way:144400130:220,BUS:JUNCTION:60:01316,220,60,170.0,12.0,0.4,0.0,0.0,0.0,hv,0,-8,8,1.25,0,DIRECT_OSM_TRANSFORMER_TAG,OSM:node:11638385183,"{""frequency"": ""50"", ""operator"": ""REN"", ""operator:wikidata"": ""Q1862842"", ""power"": ""transformer"", ""transformer"": ""main"", ""voltage:primary"": ""220000"", ""voltage:secondary"": ""60000""}",82.86881011385562,VOLTAGE_PAIR_PROXY+REN_VOLTAGE_PAIR_AGGREGATE_CALIBRATION,170.0,1.0,16.481125333919675,8.790467102297365,-16.472915196495578,-8.544299853229202,0.008210137424097,0.2461672490681632,0.04902147450136,0.1797454065049867,0.999955525477004,0.3582197437985711,0.9934315061915344,-0.3004933116757735,10.988053288015005,0.0,0.0,0.9934315061915344,INFERRED_DISCRETE_VOLTAGE_CONTROL_NOT_OPERATOR_OBSERVED,AC_POWER_FLOW_SOLUTION_NOT_MEASURED_TELEMETRY
TRAFO:00104,BUS:OSM:way:144374439:220,BUS:JUNCTION:60:01555,220,60,170.0,12.0,0.4,0.0,0.0,0.0,hv,0,-8,8,1.25,0,DIRECT_OSM_TRANSFORMER_TAG,OSM:node:11638385196,"{""frequency"": ""50"", ""operator"": ""REN"", ""operator:wikidata"": ""Q1862842"", ""power"": ""transformer"", ""rating"": ""170 MVA"", ""transformer"": ""main"", ""voltage:primary"": ""220000"", ""voltage:secondary"": ""60000""}",85.90835073326862,OSM_NAMEPLATE_MVA_WITH_PROXY_IMPEDANCE+REN_VOLTAGE_PAIR_AGGREGATE_CALIBRATION,170.0,1.0,1.0197363866645164,7.021843207847224,-1.0185516551774256,-6.9863210142472045,0.0011847314870907,0.0355221936000198,0.0186217770338692,0.0682798491241872,0.999950904846182,0.8002744233321514,0.9949729802296716,0.7683594441049793,4.174029452337516,0.0,0.0,0.9949729802296716,INFERRED_DISCRETE_VOLTAGE_CONTROL_NOT_OPERATOR_OBSERVED,AC_POWER_FLOW_SOLUTION_NOT_MEASURED_TELEMETRY
TRAFO:00105,BUS:OSM:way:144374439:220,BUS:JUNCTION:60:01555,220,60,170.0,12.0,0.4,0.0,0.0,0.0,hv,0,-8,8,1.25,0,DIRECT_OSM_TRANSFORMER_TAG,OSM:node:11638385200,"{""frequency"": ""50"", ""operator"": ""REN"", ""operator:wikidata"": ""Q1862842"", ""power"": ""transformer"", ""rating"": ""170 MVA"", ""transformer"": ""main"", ""voltage:primary"": ""220000"", ""voltage:secondary"": ""60000""}",80.33909584248705,OSM_NAMEPLATE_MVA_WITH_PROXY_IMPEDANCE+REN_VOLTAGE_PAIR_AGGREGATE_CALIBRATION,170.0,1.0,1.0197363866645164,7.021843207847224,-1.0185516551774256,-6.9863210142472045,0.0011847314870907,0.0355221936000198,0.0186217770338692,0.0682798491241872,0.999950904846182,0.8002744233321514,0.9949729802296716,0.7683594441049793,4.174029452337516,0.0,0.0,0.9949729802296716,INFERRED_DISCRETE_VOLTAGE_CONTROL_NOT_OPERATOR_OBSERVED,AC_POWER_FLOW_SOLUTION_NOT_MEASURED_TELEMETRY
TRAFO:00106,BUS:OSM:way:144554435:400,BUS:JUNCTION:60:00475,400,60,170.0,12.0,0.35,0.0,0.0,0.0,hv,0,-8,8,1.25,0,DIRECT_OSM_TRANSFORMER_TAG,OSM:node:11639104730,"{""frequency"": ""50"", ""operator"": ""REN"", ""operator:wikidata"": ""Q1862842"", ""power"": ""transformer"", ""rating"": ""170 MVA"", ""transformer"": ""main"", ""voltage:primary"": ""400000"", ""voltage:secondary"": ""60000""}",93.61588902326044,OSM_NAMEPLATE_MVA_WITH_PROXY_IMPEDANCE+REN_VOLTAGE_PAIR_AGGREGATE_CALIBRATION,170.0,1.0,5.325410954304634,1.4063956183644957,-5.32478633468026,-1.3849891993601946,0.0006246196243742,0.021406419004301,0.0079501922761909,0.0530012818412728,0.9999881832930012,-3.0588604129472476,0.9988931609300106,-3.2727308561681188,3.2400322240716095,0.0,0.0,0.9988931609300106,INFERRED_DISCRETE_VOLTAGE_CONTROL_NOT_OPERATOR_OBSERVED,AC_POWER_FLOW_SOLUTION_NOT_MEASURED_TELEMETRY
TRAFO:00107,BUS:OSM:way:144439472:400,BUS:JUNCTION:60:00148,400,60,170.0,12.0,0.35,0.0,0.0,0.0,hv,0,-8,8,1.25,0,DIRECT_OSM_TRANSFORMER_TAG,OSM:node:11639104790,"{""frequency"": ""50"", ""operator"": ""REN"", ""operator:wikidata"": ""Q1862842"", ""power"": ""transformer"", ""rating"": ""170 MVA"", ""transformer"": ""main"", ""voltage:primary"": ""400000"", ""voltage:secondary"": ""60000""}",53.50343407005021,OSM_NAMEPLATE_MVA_WITH_PROXY_IMPEDANCE+REN_VOLTAGE_PAIR_AGGREGATE_CALIBRATION,170.0,1.0,4.1450884030445305,9.635993764132404,-4.142822994409707,-9.558355655176827,0.0022654086348232,0.0776381089555773,0.0151406003356491,0.1009373355709945,1.0000000000000002,-0.60101170883992,0.9931194179121966,-0.7583003042518927,6.170420950220889,0.0,0.0,0.9931194179121966,INFERRED_DISCRETE_VOLTAGE_CONTROL_NOT_OPERATOR_OBSERVED,AC_POWER_FLOW_SOLUTION_NOT_MEASURED_TELEMETRY
TRAFO:00108,BUS:OSM:way:144439472:400,BUS:JUNCTION:60:00148,400,60,170.0,12.0,0.35,0.0,0.0,0.0,hv,0,-8,8,1.25,0,DIRECT_OSM_TRANSFORMER_TAG,OSM:node:11639104791,"{""frequency"": ""50"", ""operator"": ""REN"", ""operator:wikidata"": ""Q1862842"", ""power"": ""transformer"", ""rating"": ""170 MVA"", ""transformer"": ""main"", ""voltage:primary"": ""400000"", ""voltage:secondary"": ""60000""}",60.462499976677094,OSM_NAMEPLATE_MVA_WITH_PROXY_IMPEDANCE+REN_VOLTAGE_PAIR_AGGREGATE_CALIBRATION,170.0,1.0,4.1450884030445305,9.635993764132404,-4.142822994409707,-9.558355655176827,0.0022654086348232,0.0776381089555773,0.0151406003356491,0.1009373355709945,1.0000000000000002,-0.60101170883992,0.9931194179121966,-0.7583003042518927,6.170420950220889,0.0,0.0,0.9931194179121966,INFERRED_DISCRETE_VOLTAGE_CONTROL_NOT_OPERATOR_OBSERVED,AC_POWER_FLOW_SOLUTION_NOT_MEASURED_TELEMETRY
TRAFO:00109,BUS:OSM:way:144584580:220,BUS:JUNCTION:60:01027,220,60,170.0,12.0,0.4,0.0,0.0,0.0,hv,0,-8,8,1.25,0,DIRECT_OSM_TRANSFORMER_TAG,OSM:node:11639104954,"{""frequency"": ""50"", ""operator"": ""REN"", ""operator:wikidata"": ""Q1862842"", ""power"": ""transformer"", ""rating"": ""170 MVA"", ""transformer"": ""main"", ""voltage:primary"": ""220000"", ""voltage:secondary"": ""60000""}",50.354012156954646,OSM_NAMEPLATE_MVA_WITH_PROXY_IMPEDANCE+REN_VOLTAGE_PAIR_AGGREGATE_CALIBRATION,170.0,1.0,-77.61226753259213,18.32800044180923,77.76222137204591,-13.831885183469558,0.1499538394537864,4.496115258339673,0.2095028579722217,0.7681771458981461,0.9989435479941604,-1.7116642779737286,0.989371316491384,1.489269522184809,46.95959456148846,0.0,0.0,0.989371316491384,INFERRED_DISCRETE_VOLTAGE_CONTROL_NOT_OPERATOR_OBSERVED,AC_POWER_FLOW_SOLUTION_NOT_MEASURED_TELEMETRY
TRAFO:00110,BUS:OSM:way:144584580:220,BUS:JUNCTION:60:01027,220,60,170.0,12.0,0.4,0.0,0.0,0.0,hv,0,-8,8,1.25,0,DIRECT_OSM_TRANSFORMER_TAG,OSM:node:11639104955,"{""frequency"": ""50"", ""operator"": ""REN"", ""operator:wikidata"": ""Q1862842"", ""power"": ""transformer"", ""rating"": ""170 MVA"", ""transformer"": ""main"", ""voltage:primary"": ""220000"", ""voltage:secondary"": ""60000""}",58.36332527526499,OSM_NAMEPLATE_MVA_WITH_PROXY_IMPEDANCE+REN_VOLTAGE_PAIR_AGGREGATE_CALIBRATION,170.0,1.0,-77.61226753259213,18.32800044180923,77.76222137204591,-13.831885183469558,0.1499538394537864,4.496115258339673,0.2095028579722217,0.7681771458981461,0.9989435479941604,-1.7116642779737286,0.989371316491384,1.489269522184809,46.95959456148846,0.0,0.0,0.989371316491384,INFERRED_DISCRETE_VOLTAGE_CONTROL_NOT_OPERATOR_OBSERVED,AC_POWER_FLOW_SOLUTION_NOT_MEASURED_TELEMETRY
TRAFO:00111,BUS:OSM:way:151162379:220,BUS:EREDES:0101S5000600:60,220,60,170.0,12.0,0.4,0.0,0.0,0.0,hv,0,-8,8,1.25,0,DIRECT_OSM_TRANSFORMER_TAG,OSM:node:11639105021,"{""frequency"": ""50"", ""operator"": ""REN"", ""operator:wikidata"": ""Q1862842"", ""power"": ""transformer"", ""transformer"": ""main"", ""voltage:primary"": ""220000"", ""voltage:secondary"": ""60000""}",587.631296867085,VOLTAGE_PAIR_PROXY+REN_VOLTAGE_PAIR_AGGREGATE_CALIBRATION,170.0,1.0,49.01184267810151,8.490651871665525,-48.953175626619114,-6.731618383142927,0.058667051482395,1.759033488522598,0.1310413286225886,0.4804848716161584,0.9961628914760348,-1.1134358017018475,0.9895940007558466,-3.111910712665631,29.372619173202192,0.0,0.0,0.9895940007558466,INFERRED_DISCRETE_VOLTAGE_CONTROL_NOT_OPERATOR_OBSERVED,AC_POWER_FLOW_SOLUTION_NOT_MEASURED_TELEMETRY
TRAFO:00112,BUS:OSM:way:151162379:220,BUS:EREDES:0101S5000600:60,220,60,170.0,12.0,0.4,0.0,0.0,0.0,hv,0,-8,8,1.25,0,DIRECT_OSM_TRANSFORMER_TAG,OSM:node:11639105022,"{""frequency"": ""50"", ""operator"": ""REN"", ""operator:wikidata"": ""Q1862842"", ""power"": ""transformer"", ""transformer"": ""main"", ""voltage:primary"": ""220000"", ""voltage:secondary"": ""60000""}",605.6872294785476,VOLTAGE_PAIR_PROXY+REN_VOLTAGE_PAIR_AGGREGATE_CALIBRATION,170.0,1.0,49.01184267810151,8.490651871665525,-48.953175626619114,-6.731618383142927,0.058667051482395,1.759033488522598,0.1310413286225886,0.4804848716161584,0.9961628914760348,-1.1134358017018475,0.9895940007558466,-3.111910712665631,29.372619173202192,0.0,0.0,0.9895940007558466,INFERRED_DISCRETE_VOLTAGE_CONTROL_NOT_OPERATOR_OBSERVED,AC_POWER_FLOW_SOLUTION_NOT_MEASURED_TELEMETRY
TRAFO:00113,BUS:OSM:way:151162379:220,BUS:EREDES:0101S5000600:60,220,60,170.0,12.0,0.4,0.0,0.0,0.0,hv,0,-8,8,1.25,0,DIRECT_OSM_TRANSFORMER_TAG,OSM:node:11639105023,"{""frequency"": ""50"", ""operator"": ""REN"", ""operator:wikidata"": ""Q1862842"", ""power"": ""transformer"", ""transformer"": ""main"", ""voltage:primary"": ""220000"", ""voltage:secondary"": ""60000""}",577.9750427642166,VOLTAGE_PAIR_PROXY+REN_VOLTAGE_PAIR_AGGREGATE_CALIBRATION,170.0,1.0,49.01184267810151,8.490651871665525,-48.953175626619114,-6.731618383142927,0.058667051482395,1.759033488522598,0.1310413286225886,0.4804848716161584,0.9961628914760348,-1.1134358017018475,0.9895940007558466,-3.111910712665631,29.372619173202192,0.0,0.0,0.9895940007558466,INFERRED_DISCRETE_VOLTAGE_CONTROL_NOT_OPERATOR_OBSERVED,AC_POWER_FLOW_SOLUTION_NOT_MEASURED_TELEMETRY
TRAFO:00114,BUS:OSM:way:144584585:220,BUS:JUNCTION:60:02485,220,60,126.0,12.0,0.4,0.0,0.0,0.0,hv,0,-8,8,1.25,0,DIRECT_OSM_TRANSFORMER_TAG,OSM:node:11639105081,"{""devices"": ""3"", ""frequency"": ""50"", ""operator"": ""REN"", ""operator:wikidata"": ""Q1862842"", ""phases"": ""1"", ""power"": ""transformer"", ""rating"": ""126 MVA"", ""transformer"": ""main"", ""voltage:primary"": ""220000"", ""voltage:secondary"": ""60000""}",75.11409051895737,OSM_NAMEPLATE_MVA_WITH_PROXY_IMPEDANCE+REN_VOLTAGE_PAIR_AGGREGATE_CALIBRATION,126.0,1.0,8.755996132651767,4.6768410722366,-8.75286786882034,-4.5830453095150485,0.0031282638314262,0.0937957627215517,0.0260509554043444,0.0955201698159298,0.9999999999999998,-0.0035627127508972,0.9953040361662704,-0.474800655846907,7.878370822323691,0.0,0.0,0.9953040361662704,INFERRED_DISCRETE_VOLTAGE_CONTROL_NOT_OPERATOR_OBSERVED,AC_POWER_FLOW_SOLUTION_NOT_MEASURED_TELEMETRY
TRAFO:00115,BUS:OSM:way:144588414:220,BUS:JUNCTION:60:00980,220,60,170.0,12.0,0.4,0.0,0.0,0.0,hv,0,-8,8,1.25,0,DIRECT_OSM_TRANSFORMER_TAG,OSM:node:11643251136,"{""frequency"": ""50"", ""operator"": ""REN"", ""operator:wikidata"": ""Q1862842"", ""power"": ""transformer"", ""rating"": ""170 MVA"", ""transformer"": ""main"", ""voltage:primary"": ""220000"", ""voltage:secondary"": ""60000""}",66.88873326840546,OSM_NAMEPLATE_MVA_WITH_PROXY_IMPEDANCE+REN_VOLTAGE_PAIR_AGGREGATE_CALIBRATION,170.0,1.0,13.508490235904889,10.405744333544463,-13.50162585686222,-10.199927400378971,0.0068643790426676,0.205816933165492,0.0448241213497341,0.1643551116156919,0.9983236467499496,-4.513173093061707,0.9906954498587042,-5.051085776404472,10.047226016542313,0.0,0.0,0.9906954498587042,INFERRED_DISCRETE_VOLTAGE_CONTROL_NOT_OPERATOR_OBSERVED,AC_POWER_FLOW_SOLUTION_NOT_MEASURED_TELEMETRY
TRAFO:00116,BUS:OSM:way:144588414:220,BUS:JUNCTION:60:00980,220,60,170.0,12.0,0.4,0.0,0.0,0.0,hv,0,-8,8,1.25,0,DIRECT_OSM_TRANSFORMER_TAG,OSM:node:11643251137,"{""frequency"": ""50"", ""operator"": ""REN"", ""operator:wikidata"": ""Q1862842"", ""power"": ""transformer"", ""rating"": ""170 MVA"", ""transformer"": ""main"", ""voltage:primary"": ""220000"", ""voltage:secondary"": ""60000""}",50.877134957832105,OSM_NAMEPLATE_MVA_WITH_PROXY_IMPEDANCE+REN_VOLTAGE_PAIR_AGGREGATE_CALIBRATION,170.0,1.0,13.508490235904889,10.405744333544463,-13.50162585686222,-10.199927400378971,0.0068643790426676,0.205816933165492,0.0448241213497341,0.1643551116156919,0.9983236467499496,-4.513173093061707,0.9906954498587042,-5.051085776404472,10.047226016542313,0.0,0.0,0.9906954498587042,INFERRED_DISCRETE_VOLTAGE_CONTROL_NOT_OPERATOR_OBSERVED,AC_POWER_FLOW_SOLUTION_NOT_MEASURED_TELEMETRY
TRAFO:00117,BUS:OSM:way:144622215:150,BUS:JUNCTION:60:00869,150,60,120.0,12.0,0.45,0.0,0.0,0.0,hv,0,-8,8,1.25,0,DIRECT_OSM_TRANSFORMER_TAG,OSM:node:11649173351,"{""frequency"": ""50"", ""operator"": ""REN"", ""operator:wikidata"": ""Q1862842"", ""power"": ""transformer"", ""rating"": ""120 MVA"", ""transformer"": ""main"", ""voltage:primary"": ""150000"", ""voltage:secondary"": ""60000""}",110.61708568672826,OSM_NAMEPLATE_MVA_WITH_PROXY_IMPEDANCE+REN_VOLTAGE_PAIR_AGGREGATE_CALIBRATION,120.0,1.0,8.329832231824234,-3.5188621764266825,-8.326629055380764,3.6042201342314217,0.0032031764434705,0.0853579578047387,0.0355731980866579,0.0889329952166448,0.978403973507267,-14.443929000633148,0.9817167566095308,-14.948340803384516,7.70182330922544,-8.0,0.0,0.9817167566095308,INFERRED_DISCRETE_VOLTAGE_CONTROL_NOT_OPERATOR_OBSERVED,AC_POWER_FLOW_SOLUTION_NOT_MEASURED_TELEMETRY
TRAFO:00118,BUS:OSM:way:163194137:400,BUS:OSM:way:163194137:150,400,150,450.0,12.0,0.3,0.0,0.0,0.0,hv,0,-8,8,1.25,0,DIRECT_OSM_TRANSFORMER_TAG,OSM:node:11650607137,"{""frequency"": ""50"", ""operator"": ""REN"", ""operator:wikidata"": ""Q1862842"", ""power"": ""transformer"", ""rating"": ""450 MVA"", ""transformer"": ""main"", ""voltage:primary"": ""400000"", ""voltage:secondary"": ""150000"", ""windings:auto"": ""yes""}",20.89479348861807,OSM_NAMEPLATE_MVA_WITH_PROXY_IMPEDANCE+REN_VOLTAGE_PAIR_AGGREGATE_CALIBRATION,450.0,1.0,232.17007933013795,36.872669758902425,-231.80196042290189,-22.1525156750069,0.3681189072360666,14.720154083895526,0.3391712819671992,0.9044567519125314,1.0004047096458797,-6.22474269929547,0.9909496991448038,-9.78996406634544,52.21883491870746,0.0,0.0,0.9909496991448038,INFERRED_DISCRETE_VOLTAGE_CONTROL_NOT_OPERATOR_OBSERVED,AC_POWER_FLOW_SOLUTION_NOT_MEASURED_TELEMETRY
TRAFO:00119,BUS:OSM:way:163194137:150,BUS:JUNCTION:60:00723,150,60,170.0,12.0,0.45,0.0,0.0,0.0,hv,0,-8,8,1.25,0,DIRECT_OSM_TRANSFORMER_TAG,OSM:node:11650607138,"{""frequency"": ""50"", ""operator"": ""REN"", ""operator:wikidata"": ""Q1862842"", ""power"": ""transformer"", ""rating"": ""170 MVA"", ""transformer"": ""main"", ""voltage:primary"": ""150000"", ""voltage:secondary"": ""60000""}",119.70874739144088,OSM_NAMEPLATE_MVA_WITH_PROXY_IMPEDANCE+REN_VOLTAGE_PAIR_AGGREGATE_CALIBRATION,170.0,1.0,21.573617548921735,11.318003475713628,-21.557618491537347,-10.891662033325938,0.0159990573843877,0.4263414423876899,0.0946266609147372,0.236566652286843,0.9909496991448038,-9.78996406634544,0.9824322944386294,-10.66797472933758,14.461604510727962,-8.0,0.0,0.9824322944386294,INFERRED_DISCRETE_VOLTAGE_CONTROL_NOT_OPERATOR_OBSERVED,AC_POWER_FLOW_SOLUTION_NOT_MEASURED_TELEMETRY
TRAFO:00120,BUS:OSM:way:163194137:150,BUS:JUNCTION:60:00723,150,60,170.0,12.0,0.45,0.0,0.0,0.0,hv,0,-8,8,1.25,0,DIRECT_OSM_TRANSFORMER_TAG,OSM:node:11650607139,"{""frequency"": ""50"", ""operator"": ""REN"", ""operator:wikidata"": ""Q1862842"", ""power"": ""transformer"", ""rating"": ""170 MVA"", ""transformer"": ""main"", ""voltage:primary"": ""150000"", ""voltage:secondary"": ""60000""}",112.78242753103753,OSM_NAMEPLATE_MVA_WITH_PROXY_IMPEDANCE+REN_VOLTAGE_PAIR_AGGREGATE_CALIBRATION,170.0,1.0,21.573617548921735,11.318003475713628,-21.557618491537347,-10.891662033325938,0.0159990573843877,0.4263414423876899,0.0946266609147372,0.236566652286843,0.9909496991448038,-9.78996406634544,0.9824322944386294,-10.66797472933758,14.461604510727962,-8.0,0.0,0.9824322944386294,INFERRED_DISCRETE_VOLTAGE_CONTROL_NOT_OPERATOR_OBSERVED,AC_POWER_FLOW_SOLUTION_NOT_MEASURED_TELEMETRY
TRAFO:00121,BUS:OSM:way:144398555:220,BUS:JUNCTION:60:00459,220,60,120.0,12.0,0.4,0.0,0.0,0.0,hv,0,-8,8,1.25,0,DIRECT_OSM_TRANSFORMER_TAG,OSM:node:11668920140,"{""devices"": ""3"", ""frequency"": ""50"", ""operator"": ""REN"", ""operator:wikidata"": ""Q1862842"", ""phases"": ""1"", ""power"": ""transformer"", ""rating"": ""120 MVA"", ""transformer"": ""main"", ""voltage:primary"": ""220000"", ""voltage:secondary"": ""60000""}",71.04244940445459,OSM_NAMEPLATE_MVA_WITH_PROXY_IMPEDANCE+REN_VOLTAGE_PAIR_AGGREGATE_CALIBRATION,120.0,1.0,-28.45717803872188,4.995749621113556,28.485003655262027,-4.161445014078771,0.0278256165401451,0.8343046070347855,0.0758227823709759,0.2780168686935786,1.0,3.983231648279518,0.9963663818255944,5.628546695657721,24.076967096924168,0.0,0.0,0.9963663818255944,INFERRED_DISCRETE_VOLTAGE_CONTROL_NOT_OPERATOR_OBSERVED,AC_POWER_FLOW_SOLUTION_NOT_MEASURED_TELEMETRY
TRAFO:00122,BUS:OSM:way:754137798:220,BUS:JUNCTION:60:00459,220,60,170.0,12.0,0.4,0.0,0.0,0.0,hv,0,-8,8,1.25,0,DIRECT_OSM_TRANSFORMER_TAG,OSM:node:11668921974,"{""frequency"": ""50"", ""operator"": ""EDP Renováveis"", ""operator:en"": ""EDP Renewables"", ""operator:pt"": ""EDP Renováveis"", ""operator:short"": ""EDPR"", ""operator:wikidata"": ""Q1274362"", ""power"": ""transformer"", ""transformer"": ""main"", ""voltage:primary"": ""60000"", ""voltage:secondary"": ""220000""}",185.11492281133337,VOLTAGE_PAIR_PROXY+REN_VOLTAGE_PAIR_AGGREGATE_CALIBRATION,170.0,1.0,-40.07318106681244,7.062348439201684,40.11213957519574,-5.894242676639489,0.0389585083833026,1.1681057625621951,0.1067855077780702,0.3915468618529243,1.0000000000000002,3.993039314646376,0.9963663818255944,5.628546695657721,23.935731468473552,0.0,0.0,0.9963663818255944,INFERRED_DISCRETE_VOLTAGE_CONTROL_NOT_OPERATOR_OBSERVED,AC_POWER_FLOW_SOLUTION_NOT_MEASURED_TELEMETRY
TRAFO:00123,BUS:OSM:way:144398555:220,BUS:JUNCTION:60:00459,220,60,170.0,12.0,0.4,0.0,0.0,0.0,hv,0,-8,8,1.25,0,DIRECT_OSM_TRANSFORMER_TAG,OSM:node:11668922021,"{""frequency"": ""50"", ""operator"": ""REN"", ""operator:wikidata"": ""Q1862842"", ""power"": ""transformer"", ""rating"": ""170 MVA"", ""transformer"": ""main"", ""voltage:primary"": ""220000"", ""voltage:secondary"": ""60000""}",90.11778081649445,OSM_NAMEPLATE_MVA_WITH_PROXY_IMPEDANCE+REN_VOLTAGE_PAIR_AGGREGATE_CALIBRATION,170.0,1.0,-40.31433555485601,7.077311963244204,40.35375517828789,-5.895380436611592,0.0394196234318755,1.1819315266326127,0.1074156083588826,0.3938572306492365,1.0,3.983231648279518,0.9963663818255944,5.628546695657721,24.076967096924175,0.0,0.0,0.9963663818255944,INFERRED_DISCRETE_VOLTAGE_CONTROL_NOT_OPERATOR_OBSERVED,AC_POWER_FLOW_SOLUTION_NOT_MEASURED_TELEMETRY
TRAFO:00124,BUS:OSM:way:144432489:220,BUS:JUNCTION:60:00163,220,60,170.0,12.0,0.4,0.0,0.0,0.0,hv,0,-8,8,1.25,0,DIRECT_OSM_TRANSFORMER_TAG,OSM:node:11670033726,"{""frequency"": ""50"", ""power"": ""transformer"", ""transformer"": ""main"", ""voltage:primary"": ""220000"", ""voltage:secondary"": ""60000""}",56.721883078837934,VOLTAGE_PAIR_PROXY+REN_VOLTAGE_PAIR_AGGREGATE_CALIBRATION,170.0,1.0,-5.988376673356177,6.790249622666214,5.990305584630164,-6.732414441902916,0.0019289112739873,0.0578351807632975,0.0237611405137839,0.0871241818838745,0.9999354444370672,1.0609141381836016,0.9952952521439364,1.3133327081396742,5.326006220849741,0.0,0.0,0.9952952521439364,INFERRED_DISCRETE_VOLTAGE_CONTROL_NOT_OPERATOR_OBSERVED,AC_POWER_FLOW_SOLUTION_NOT_MEASURED_TELEMETRY
TRAFO:00125,BUS:OSM:way:144432489:220,BUS:JUNCTION:60:00163,220,60,170.0,12.0,0.4,0.0,0.0,0.0,hv,0,-8,8,1.25,0,DIRECT_OSM_TRANSFORMER_TAG,OSM:node:11670033727,"{""frequency"": ""50"", ""power"": ""transformer"", ""transformer"": ""main"", ""voltage:primary"": ""220000"", ""voltage:secondary"": ""60000""}",43.68899759145715,VOLTAGE_PAIR_PROXY+REN_VOLTAGE_PAIR_AGGREGATE_CALIBRATION,170.0,1.0,-5.988376673356177,6.790249622666214,5.990305584630164,-6.732414441902916,0.0019289112739873,0.0578351807632975,0.0237611405137839,0.0871241818838745,0.9999354444370672,1.0609141381836016,0.9952952521439364,1.3133327081396742,5.326006220849741,0.0,0.0,0.9952952521439364,INFERRED_DISCRETE_VOLTAGE_CONTROL_NOT_OPERATOR_OBSERVED,AC_POWER_FLOW_SOLUTION_NOT_MEASURED_TELEMETRY
TRAFO:00126,BUS:OSM:way:144432489:220,BUS:JUNCTION:60:00163,220,60,170.0,12.0,0.4,0.0,0.0,0.0,hv,0,-8,8,1.25,0,DIRECT_OSM_TRANSFORMER_TAG,OSM:node:11670033728,"{""frequency"": ""50"", ""power"": ""transformer"", ""transformer"": ""main"", ""voltage:primary"": ""220000"", ""voltage:secondary"": ""60000""}",49.76160907666674,VOLTAGE_PAIR_PROXY+REN_VOLTAGE_PAIR_AGGREGATE_CALIBRATION,170.0,1.0,-5.988376673356177,6.790249622666214,5.990305584630164,-6.732414441902916,0.0019289112739873,0.0578351807632975,0.0237611405137839,0.0871241818838745,0.9999354444370672,1.0609141381836016,0.9952952521439364,1.3133327081396742,5.326006220849741,0.0,0.0,0.9952952521439364,INFERRED_DISCRETE_VOLTAGE_CONTROL_NOT_OPERATOR_OBSERVED,AC_POWER_FLOW_SOLUTION_NOT_MEASURED_TELEMETRY
TRAFO:00127,BUS:OSM:way:1228190772:220,BUS:EREDES:1015S5002300:60,220,60,126.0,12.0,0.4,0.0,0.0,0.0,hv,0,-8,8,1.25,0,DIRECT_OSM_TRANSFORMER_TAG,OSM:node:11673188846,"{""frequency"": ""50"", ""operator"": ""REN"", ""operator:wikidata"": ""Q1862842"", ""power"": ""transformer"", ""rating"": ""126 MVA"", ""transformer"": ""main"", ""voltage:primary"": ""220000"", ""voltage:secondary"": ""60000""}",50.83828202969694,OSM_NAMEPLATE_MVA_WITH_PROXY_IMPEDANCE+REN_VOLTAGE_PAIR_AGGREGATE_CALIBRATION,126.0,1.0,3.4049543736934833,21.624162018073484,-3.38954211111564,-21.162051083173893,0.0154122625778434,0.4621109348995915,0.0578236055681043,0.2120198870830492,0.9935027323538632,-3.5046548040489336,0.9726797268429233,-3.656113866821898,17.48710555442179,-8.0,0.0,0.9726797268429233,INFERRED_DISCRETE_VOLTAGE_CONTROL_NOT_OPERATOR_OBSERVED,AC_POWER_FLOW_SOLUTION_NOT_MEASURED_TELEMETRY
TRAFO:00128,BUS:OSM:way:144552378:150,BUS:JUNCTION:60:00333,150,60,170.0,12.0,0.45,0.0,0.0,0.0,hv,0,-8,8,1.25,0,DIRECT_OSM_TRANSFORMER_TAG,OSM:node:11673325171,"{""frequency"": ""50"", ""power"": ""transformer"", ""transformer"": ""main"", ""voltage:primary"": ""150000"", ""voltage:secondary"": ""60000"", ""windings:auto"": ""yes""}",95.60812681235532,VOLTAGE_PAIR_PROXY+REN_VOLTAGE_PAIR_AGGREGATE_CALIBRATION,170.0,1.0,1.007025491027966,9.45218769554695,-1.0046336628716637,-9.388450473934356,0.0023918281563024,0.0637372216125946,0.036587379441435,0.0914684486035876,1.0,0.2913680623670641,0.993306010521786,0.2648265091784141,5.591576480149988,0.0,0.0,0.993306010521786,INFERRED_DISCRETE_VOLTAGE_CONTROL_NOT_OPERATOR_OBSERVED,AC_POWER_FLOW_SOLUTION_NOT_MEASURED_TELEMETRY
TRAFO:00129,BUS:OSM:way:144552378:150,BUS:JUNCTION:60:00333,150,60,170.0,12.0,0.45,0.0,0.0,0.0,hv,0,-8,8,1.25,0,DIRECT_OSM_TRANSFORMER_TAG,OSM:node:11673325172,"{""frequency"": ""50"", ""power"": ""transformer"", ""transformer"": ""main"", ""voltage:primary"": ""150000"", ""voltage:secondary"": ""60000"", ""windings:auto"": ""yes""}",105.58683061981672,VOLTAGE_PAIR_PROXY+REN_VOLTAGE_PAIR_AGGREGATE_CALIBRATION,170.0,1.0,1.007025491027966,9.45218769554695,-1.0046336628716637,-9.388450473934356,0.0023918281563024,0.0637372216125946,0.036587379441435,0.0914684486035876,1.0,0.2913680623670641,0.993306010521786,0.2648265091784141,5.591576480149988,0.0,0.0,0.993306010521786,INFERRED_DISCRETE_VOLTAGE_CONTROL_NOT_OPERATOR_OBSERVED,AC_POWER_FLOW_SOLUTION_NOT_MEASURED_TELEMETRY
TRAFO:00130,BUS:OSM:way:144552378:220,BUS:OSM:way:144552378:150,220,150,250.0,12.0,0.35,0.0,0.0,0.0,hv,0,-8,8,1.25,0,DIRECT_OSM_TRANSFORMER_TAG,OSM:node:11673325173,"{""frequency"": ""50"", ""operator"": ""REN"", ""operator:wikidata"": ""Q1862842"", ""power"": ""transformer"", ""rating"": ""250 MVA"", ""transformer"": ""main"", ""voltage:primary"": ""220000"", ""voltage:secondary"": ""150000""}",100.26497782917274,OSM_NAMEPLATE_MVA_WITH_PROXY_IMPEDANCE+REN_VOLTAGE_PAIR_AGGREGATE_CALIBRATION,250.0,1.0,14.849172138065043,0.5584417446193133,-14.846083583524049,-0.4525934970744643,0.0030885545409979,0.1058482475448489,0.0389789657413543,0.0571691497539864,1.0004503106264204,0.6989478225436169,1.0,0.2913680623670641,5.941192319965094,0.0,0.0,1.0,INFERRED_DISCRETE_VOLTAGE_CONTROL_NOT_OPERATOR_OBSERVED,AC_POWER_FLOW_SOLUTION_NOT_MEASURED_TELEMETRY
TRAFO:00131,BUS:OSM:way:144552378:220,BUS:OSM:way:144552378:150,220,150,250.0,12.0,0.35,0.0,0.0,0.0,hv,0,-8,8,1.25,0,DIRECT_OSM_TRANSFORMER_TAG,OSM:node:11673325174,"{""frequency"": ""50"", ""operator"": ""REN"", ""operator:wikidata"": ""Q1862842"", ""power"": ""transformer"", ""rating"": ""250 MVA"", ""transformer"": ""main"", ""voltage:primary"": ""220000"", ""voltage:secondary"": ""150000""}",126.57556788586528,OSM_NAMEPLATE_MVA_WITH_PROXY_IMPEDANCE+REN_VOLTAGE_PAIR_AGGREGATE_CALIBRATION,250.0,1.0,14.849172138065043,0.5584417446193133,-14.846083583524049,-0.4525934970744643,0.0030885545409979,0.1058482475448489,0.0389789657413543,0.0571691497539864,1.0004503106264204,0.6989478225436169,1.0,0.2913680623670641,5.941192319965094,0.0,0.0,1.0,INFERRED_DISCRETE_VOLTAGE_CONTROL_NOT_OPERATOR_OBSERVED,AC_POWER_FLOW_SOLUTION_NOT_MEASURED_TELEMETRY
TRAFO:00132,BUS:OSM:way:131715746:220,BUS:JUNCTION:60:00091,220,60,126.0,12.0,0.4,0.0,0.0,0.0,hv,0,-8,8,1.25,0,DIRECT_OSM_TRANSFORMER_TAG,OSM:node:11705722932,"{""frequency"": ""50"", ""operator"": ""REN"", ""operator:wikidata"": ""Q1862842"", ""power"": ""transformer"", ""rating"": ""126 MVA"", ""transformer"": ""main"", ""voltage:primary"": ""220000"", ""voltage:secondary"": ""60000""}",326.0201303955164,OSM_NAMEPLATE_MVA_WITH_PROXY_IMPEDANCE+REN_VOLTAGE_PAIR_AGGREGATE_CALIBRATION,126.0,1.0,28.145431520861603,9.532671594333603,-28.117105429829092,-8.683361096087715,0.0283260910325111,0.8493104982458881,0.0783908352715643,0.2874330626624026,0.9948117030280194,-7.667811251859786,0.9851523995942608,-9.216537588918058,23.70707944316239,0.0,0.0,0.9851523995942608,INFERRED_DISCRETE_VOLTAGE_CONTROL_NOT_OPERATOR_OBSERVED,AC_POWER_FLOW_SOLUTION_NOT_MEASURED_TELEMETRY
TRAFO:00133,BUS:OSM:way:201459319:400,BUS:OSM:way:201459319:150,400,150,450.0,12.0,0.3,0.0,0.0,0.0,hv,0,-8,8,1.25,0,DIRECT_OSM_TRANSFORMER_TAG,OSM:node:11705723027,"{""frequency"": ""50"", ""operator"": ""REN"", ""operator:wikidata"": ""Q1862842"", ""power"": ""transformer"", ""rating"": ""450 MVA"", ""transformer"": ""main"", ""voltage:primary"": ""400000"", ""voltage:secondary"": ""150000"", ""windings:auto"": ""yes""}",62.00147698809104,OSM_NAMEPLATE_MVA_WITH_PROXY_IMPEDANCE+REN_VOLTAGE_PAIR_AGGREGATE_CALIBRATION,450.0,1.0,152.23914364000066,3.1161729737923696,-152.08488278462468,3.0523326791697984,0.1542608553759805,6.168505652962168,0.2195598262547009,0.585492870012536,1.001022400149238,-3.941776368356834,1.0000000000000002,-6.26416396718805,33.80344661103442,0.0,0.0,1.0000000000000002,INFERRED_DISCRETE_VOLTAGE_CONTROL_NOT_OPERATOR_OBSERVED,AC_POWER_FLOW_SOLUTION_NOT_MEASURED_TELEMETRY
TRAFO:00134,BUS:OSM:way:144396412:400,BUS:OSM:way:144396412:220,400,220,476.47058823529414,12.0,0.3,0.0,0.0,0.0,hv,0,-8,8,1.25,0,DIRECT_OSM_TRANSFORMER_TAG,OSM:node:12214803843,"{""frequency"": ""50"", ""operator"": ""REN"", ""operator:wikidata"": ""Q1862842"", ""power"": ""transformer"", ""rating"": ""450 MVA"", ""transformer"": ""main"", ""voltage:primary"": ""400000"", ""voltage:secondary"": ""220000"", ""windings:auto"": ""yes""}",30.635578769622327,OSM_NAMEPLATE_MVA_WITH_PROXY_IMPEDANCE+REN_VOLTAGE_PAIR_AGGREGATE_CALIBRATION,450.0,1.0588235294117647,-109.4670591478278,3.088393100030991,109.5426322705781,-0.066413001703135,0.0755731227502849,3.021980098327856,0.1581322632315515,0.2875132058755484,0.999574388636652,0.207186978550029,0.9998667975795796,1.7885065570837475,22.993496009675827,0.0,0.0,0.9998667975795796,INFERRED_DISCRETE_VOLTAGE_CONTROL_NOT_OPERATOR_OBSERVED,AC_POWER_FLOW_SOLUTION_NOT_MEASURED_TELEMETRY
TRAFO:00135,BUS:OSM:way:1041283619:220,BUS:EREDES:1101S5335200:60,220,60,120.0,12.0,0.4,0.0,0.0,0.0,hv,0,-8,8,1.25,0,DIRECT_OSM_TRANSFORMER_TAG,OSM:node:12215961666,"{""frequency"": ""50"", ""operator"": ""REN"", ""operator:wikidata"": ""Q1862842"", ""power"": ""transformer"", ""rating"": ""120 MVA"", ""transformer"": ""main"", ""voltage:primary"": ""220000"", ""voltage:secondary"": ""60000""}",156.29317237868855,OSM_NAMEPLATE_MVA_WITH_PROXY_IMPEDANCE+REN_VOLTAGE_PAIR_AGGREGATE_CALIBRATION,120.0,1.0,35.21537811105715,2.4609784053280395,-35.1733978227109,-1.202269620874278,0.0419802883462452,1.2587087844537614,0.0931322355292693,0.341484863607321,0.9947339151407616,-9.051889048318094,0.9917096637007036,-11.091749442970638,29.57345668918041,0.0,0.0,0.9917096637007036,INFERRED_DISCRETE_VOLTAGE_CONTROL_NOT_OPERATOR_OBSERVED,AC_POWER_FLOW_SOLUTION_NOT_MEASURED_TELEMETRY
TRAFO:00136,BUS:OSM:way:1041283619:220,BUS:EREDES:1101S5335200:60,220,60,170.0,12.0,0.4,0.0,0.0,0.0,hv,0,-8,8,1.25,0,DIRECT_OSM_TRANSFORMER_TAG,OSM:node:12215961667,"{""frequency"": ""50"", ""operator"": ""REN"", ""operator:wikidata"": ""Q1862842"", ""power"": ""transformer"", ""rating"": ""170 MVA"", ""transformer"": ""main"", ""voltage:primary"": ""220000"", ""voltage:secondary"": ""60000""}",140.82875569609251,OSM_NAMEPLATE_MVA_WITH_PROXY_IMPEDANCE+REN_VOLTAGE_PAIR_AGGREGATE_CALIBRATION,170.0,1.0,49.8884523239976,3.4863860742147126,-49.82898024884041,-1.7032152962385527,0.0594720751571884,1.78317077797616,0.1319373336664648,0.4837702234437044,0.9947339151407616,-9.051889048318094,0.9917096637007036,-11.091749442970638,29.573456689180393,0.0,0.0,0.9917096637007036,INFERRED_DISCRETE_VOLTAGE_CONTROL_NOT_OPERATOR_OBSERVED,AC_POWER_FLOW_SOLUTION_NOT_MEASURED_TELEMETRY
TRAFO:00137,BUS:OSM:way:1041283619:220,BUS:EREDES:1101S5335200:60,220,60,120.0,12.0,0.4,0.0,0.0,0.0,hv,0,-8,8,1.25,0,DIRECT_OSM_TRANSFORMER_TAG,OSM:node:12215961668,"{""frequency"": ""50"", ""operator"": ""REN"", ""operator:wikidata"": ""Q1862842"", ""power"": ""transformer"", ""rating"": ""120 MVA"", ""transformer"": ""main"", ""voltage:primary"": ""220000"", ""voltage:secondary"": ""60000""}",125.71468371959944,OSM_NAMEPLATE_MVA_WITH_PROXY_IMPEDANCE+REN_VOLTAGE_PAIR_AGGREGATE_CALIBRATION,120.0,1.0,35.21537811105715,2.4609784053280395,-35.1733978227109,-1.202269620874278,0.0419802883462452,1.2587087844537614,0.0931322355292693,0.341484863607321,0.9947339151407616,-9.051889048318094,0.9917096637007036,-11.091749442970638,29.57345668918041,0.0,0.0,0.9917096637007036,INFERRED_DISCRETE_VOLTAGE_CONTROL_NOT_OPERATOR_OBSERVED,AC_POWER_FLOW_SOLUTION_NOT_MEASURED_TELEMETRY
TRAFO:00138,BUS:OSM:way:24636062:220,BUS:EREDES:1106P5397000:60,220,60,170.0,12.0,0.4,0.0,0.0,0.0,hv,0,-8,8,1.25,0,DIRECT_OSM_TRANSFORMER_TAG,OSM:node:12216119487,"{""frequency"": ""50"", ""operator"": ""REN"", ""operator:wikidata"": ""Q1862842"", ""power"": ""transformer"", ""transformer"": ""main"", ""voltage:primary"": ""220000"", ""voltage:secondary"": ""60000""}",28.997884491098603,VOLTAGE_PAIR_PROXY+REN_VOLTAGE_PAIR_AGGREGATE_CALIBRATION,170.0,1.0,54.328041310907,10.77267015951952,-54.25460521072074,-8.570811429105838,0.0734361001862566,2.201858730413683,0.1466107986956864,0.5375729285508505,0.9914005162364928,-10.54819845289619,0.9831955366472028,-12.78680304505749,32.86248088318824,-8.0,0.0,0.9831955366472028,INFERRED_DISCRETE_VOLTAGE_CONTROL_NOT_OPERATOR_OBSERVED,AC_POWER_FLOW_SOLUTION_NOT_MEASURED_TELEMETRY
TRAFO:00139,BUS:OSM:way:24636062:220,BUS:EREDES:1106P5397000:60,220,60,170.0,12.0,0.4,0.0,0.0,0.0,hv,0,-8,8,1.25,0,DIRECT_OSM_TRANSFORMER_TAG,OSM:node:12216119488,"{""frequency"": ""50"", ""operator"": ""REN"", ""operator:wikidata"": ""Q1862842"", ""power"": ""transformer"", ""transformer"": ""main"", ""voltage:primary"": ""220000"", ""voltage:secondary"": ""60000""}",23.695194935244498,VOLTAGE_PAIR_PROXY+REN_VOLTAGE_PAIR_AGGREGATE_CALIBRATION,170.0,1.0,54.328041310907,10.77267015951952,-54.25460521072074,-8.570811429105838,0.0734361001862566,2.201858730413683,0.1466107986956864,0.5375729285508505,0.9914005162364928,-10.54819845289619,0.9831955366472028,-12.78680304505749,32.86248088318824,-8.0,0.0,0.9831955366472028,INFERRED_DISCRETE_VOLTAGE_CONTROL_NOT_OPERATOR_OBSERVED,AC_POWER_FLOW_SOLUTION_NOT_MEASURED_TELEMETRY
TRAFO:00140,BUS:OSM:way:24636062:220,BUS:EREDES:1106P5397000:60,220,60,170.0,12.0,0.4,0.0,0.0,0.0,hv,0,-8,8,1.25,0,DIRECT_OSM_TRANSFORMER_TAG,OSM:node:12216119489,"{""frequency"": ""50"", ""operator"": ""REN"", ""operator:wikidata"": ""Q1862842"", ""power"": ""transformer"", ""transformer"": ""main"", ""voltage:primary"": ""220000"", ""voltage:secondary"": ""60000""}",29.54047211215865,VOLTAGE_PAIR_PROXY+REN_VOLTAGE_PAIR_AGGREGATE_CALIBRATION,170.0,1.0,54.328041310907,10.77267015951952,-54.25460521072074,-8.570811429105838,0.0734361001862566,2.201858730413683,0.1466107986956864,0.5375729285508505,0.9914005162364928,-10.54819845289619,0.9831955366472028,-12.78680304505749,32.86248088318824,-8.0,0.0,0.9831955366472028,INFERRED_DISCRETE_VOLTAGE_CONTROL_NOT_OPERATOR_OBSERVED,AC_POWER_FLOW_SOLUTION_NOT_MEASURED_TELEMETRY
TRAFO:00141,BUS:OSM:way:24636062:220,BUS:EREDES:1106P5397000:60,220,60,170.0,12.0,0.4,0.0,0.0,0.0,hv,0,-8,8,1.25,0,DIRECT_OSM_TRANSFORMER_TAG,OSM:node:12216119490,"{""frequency"": ""50"", ""operator"": ""REN"", ""operator:wikidata"": ""Q1862842"", ""power"": ""transformer"", ""transformer"": ""main"", ""voltage:primary"": ""220000"", ""voltage:secondary"": ""60000""}",42.94470199930652,VOLTAGE_PAIR_PROXY+REN_VOLTAGE_PAIR_AGGREGATE_CALIBRATION,170.0,1.0,54.328041310907,10.77267015951952,-54.25460521072074,-8.570811429105838,0.0734361001862566,2.201858730413683,0.1466107986956864,0.5375729285508505,0.9914005162364928,-10.54819845289619,0.9831955366472028,-12.78680304505749,32.86248088318824,-8.0,0.0,0.9831955366472028,INFERRED_DISCRETE_VOLTAGE_CONTROL_NOT_OPERATOR_OBSERVED,AC_POWER_FLOW_SOLUTION_NOT_MEASURED_TELEMETRY
TRAFO:00142,BUS:OSM:way:144432478:220,BUS:JUNCTION:60:01400,220,60,126.0,12.0,0.4,0.0,0.0,0.0,hv,0,-8,8,1.25,0,DIRECT_OSM_TRANSFORMER_TAG,OSM:node:12216273726,"{""frequency"": ""50"", ""operator"": ""REN"", ""operator:wikidata"": ""Q1862842"", ""power"": ""transformer"", ""rating"": ""126 MVA"", ""transformer"": ""main"", ""voltage:primary"": ""220000"", ""voltage:secondary"": ""60000""}",44.43329543255181,OSM_NAMEPLATE_MVA_WITH_PROXY_IMPEDANCE+REN_VOLTAGE_PAIR_AGGREGATE_CALIBRATION,126.0,1.0,-24.999263749092194,8.988466618569394,25.021668692589017,-8.316691833174014,0.0224049434968236,0.6717747853953799,0.0697178354874403,0.255632063453948,1.0,2.547742618552036,0.9925301111478544,3.9379993084175697,21.08417723551948,0.0,0.0,0.9925301111478544,INFERRED_DISCRETE_VOLTAGE_CONTROL_NOT_OPERATOR_OBSERVED,AC_POWER_FLOW_SOLUTION_NOT_MEASURED_TELEMETRY
TRAFO:00143,BUS:OSM:way:144432478:220,BUS:JUNCTION:60:01400,220,60,126.0,12.0,0.4,0.0,0.0,0.0,hv,0,-8,8,1.25,0,DIRECT_OSM_TRANSFORMER_TAG,OSM:node:12216273727,"{""frequency"": ""50"", ""operator"": ""REN"", ""operator:wikidata"": ""Q1862842"", ""power"": ""transformer"", ""rating"": ""126 MVA"", ""transformer"": ""main"", ""voltage:primary"": ""220000"", ""voltage:secondary"": ""60000""}",36.182307320843314,OSM_NAMEPLATE_MVA_WITH_PROXY_IMPEDANCE+REN_VOLTAGE_PAIR_AGGREGATE_CALIBRATION,126.0,1.0,-24.999263749092194,8.988466618569394,25.021668692589017,-8.316691833174014,0.0224049434968236,0.6717747853953799,0.0697178354874403,0.255632063453948,1.0,2.547742618552036,0.9925301111478544,3.9379993084175697,21.08417723551948,0.0,0.0,0.9925301111478544,INFERRED_DISCRETE_VOLTAGE_CONTROL_NOT_OPERATOR_OBSERVED,AC_POWER_FLOW_SOLUTION_NOT_MEASURED_TELEMETRY
TRAFO:00144,BUS:OSM:way:144432478:220,BUS:JUNCTION:60:01400,220,60,126.0,12.0,0.4,0.0,0.0,0.0,hv,0,-8,8,1.25,0,DIRECT_OSM_TRANSFORMER_TAG,OSM:node:12216273728,"{""frequency"": ""50"", ""operator"": ""REN"", ""operator:wikidata"": ""Q1862842"", ""power"": ""transformer"", ""rating"": ""126 MVA"", ""transformer"": ""main"", ""voltage:primary"": ""220000"", ""voltage:secondary"": ""60000""}",53.38161512735206,OSM_NAMEPLATE_MVA_WITH_PROXY_IMPEDANCE+REN_VOLTAGE_PAIR_AGGREGATE_CALIBRATION,126.0,1.0,-24.999263749092194,8.988466618569394,25.021668692589017,-8.316691833174014,0.0224049434968236,0.6717747853953799,0.0697178354874403,0.255632063453948,1.0,2.547742618552036,0.9925301111478544,3.9379993084175697,21.08417723551948,0.0,0.0,0.9925301111478544,INFERRED_DISCRETE_VOLTAGE_CONTROL_NOT_OPERATOR_OBSERVED,AC_POWER_FLOW_SOLUTION_NOT_MEASURED_TELEMETRY
TRAFO:00145,BUS:OSM:way:987944916:400,BUS:JUNCTION:60:02782,400,60,170.0,12.0,0.35,0.0,0.0,0.0,hv,0,-8,8,1.25,0,DIRECT_OSM_TRANSFORMER_TAG,OSM:node:12216293061,"{""frequency"": ""50"", ""operator"": ""REN"", ""operator:wikidata"": ""Q1862842"", ""power"": ""transformer"", ""rating"": ""170 MVA"", ""transformer"": ""main"", ""voltage:primary"": ""400000"", ""voltage:secondary"": ""60000""}",104.8472152460298,OSM_NAMEPLATE_MVA_WITH_PROXY_IMPEDANCE+REN_VOLTAGE_PAIR_AGGREGATE_CALIBRATION,170.0,1.0,7.905234163044613,-1.2856296220350096,-7.903915957826199,1.3308060016072054,0.0013182052184133,0.0451763795721957,0.0115494507994085,0.0769963386627238,1.0009246500905469,-6.358027881654329,1.001683973442532,-6.67829405361579,4.706878960962977,0.0,0.0,1.001683973442532,INFERRED_DISCRETE_VOLTAGE_CONTROL_NOT_OPERATOR_OBSERVED,AC_POWER_FLOW_SOLUTION_NOT_MEASURED_TELEMETRY
TRAFO:00146,BUS:OSM:way:144599061:150,BUS:JUNCTION:60:01686,150,60,170.0,12.0,0.45,0.0,0.0,0.0,hv,0,-8,8,1.25,0,DIRECT_OSM_TRANSFORMER_TAG,OSM:node:12216582617,"{""frequency"": ""50"", ""operator"": ""REN"", ""operator:wikidata"": ""Q1862842"", ""power"": ""transformer"", ""transformer"": ""main"", ""voltage:primary"": ""150000"", ""voltage:secondary"": ""60000"", ""windings:auto"": ""yes""}",112.54108295199038,VOLTAGE_PAIR_PROXY+REN_VOLTAGE_PAIR_AGGREGATE_CALIBRATION,170.0,1.0,-10.421456407993077,2.5742180160156147,10.424506702606369,-2.4929340394729125,0.0030502946132919,0.0812839765427022,0.0413178021102874,0.1032945052757187,1.0,-0.4026007139162431,0.9984876100992968,0.0231410322521733,6.314517574596576,0.0,0.0,0.9984876100992968,INFERRED_DISCRETE_VOLTAGE_CONTROL_NOT_OPERATOR_OBSERVED,AC_POWER_FLOW_SOLUTION_NOT_MEASURED_TELEMETRY
TRAFO:00147,BUS:OSM:way:144599061:150,BUS:JUNCTION:60:01686,150,60,170.0,12.0,0.45,0.0,0.0,0.0,hv,0,-8,8,1.25,0,DIRECT_OSM_TRANSFORMER_TAG,OSM:node:12216582618,"{""frequency"": ""50"", ""operator"": ""REN"", ""operator:wikidata"": ""Q1862842"", ""power"": ""transformer"", ""transformer"": ""main"", ""voltage:primary"": ""150000"", ""voltage:secondary"": ""60000"", ""windings:auto"": ""yes""}",86.63232135037951,VOLTAGE_PAIR_PROXY+REN_VOLTAGE_PAIR_AGGREGATE_CALIBRATION,170.0,1.0,-10.421456407993077,2.5742180160156147,10.424506702606369,-2.4929340394729125,0.0030502946132919,0.0812839765427022,0.0413178021102874,0.1032945052757187,1.0,-0.4026007139162431,0.9984876100992968,0.0231410322521733,6.314517574596576,0.0,0.0,0.9984876100992968,INFERRED_DISCRETE_VOLTAGE_CONTROL_NOT_OPERATOR_OBSERVED,AC_POWER_FLOW_SOLUTION_NOT_MEASURED_TELEMETRY
TRAFO:00148,BUS:OSM:way:144599061:150,BUS:JUNCTION:60:01686,150,60,170.0,12.0,0.45,0.0,0.0,0.0,hv,0,-8,8,1.25,0,DIRECT_OSM_TRANSFORMER_TAG,OSM:node:12216582619,"{""frequency"": ""50"", ""operator"": ""REN"", ""operator:wikidata"": ""Q1862842"", ""power"": ""transformer"", ""transformer"": ""main"", ""voltage:primary"": ""150000"", ""voltage:secondary"": ""60000"", ""windings:auto"": ""yes""}",67.46410093405787,VOLTAGE_PAIR_PROXY+REN_VOLTAGE_PAIR_AGGREGATE_CALIBRATION,170.0,1.0,-10.421456407993077,2.5742180160156147,10.424506702606369,-2.4929340394729125,0.0030502946132919,0.0812839765427022,0.0413178021102874,0.1032945052757187,1.0,-0.4026007139162431,0.9984876100992968,0.0231410322521733,6.314517574596576,0.0,0.0,0.9984876100992968,INFERRED_DISCRETE_VOLTAGE_CONTROL_NOT_OPERATOR_OBSERVED,AC_POWER_FLOW_SOLUTION_NOT_MEASURED_TELEMETRY
TRAFO:00149,BUS:OSM:way:144599061:400,BUS:OSM:way:144599061:150,400,150,450.0,12.0,0.3,0.0,0.0,0.0,hv,0,-8,8,1.25,0,DIRECT_OSM_TRANSFORMER_TAG,OSM:node:12216582620,"{""frequency"": ""50"", ""operator"": ""REN"", ""operator:wikidata"": ""Q1862842"", ""power"": ""transformer"", ""rating"": ""450 MVA"", ""transformer"": ""main"", ""voltage:primary"": ""400000"", ""voltage:secondary"": ""150000"", ""windings:auto"": ""yes""}",80.18955864847283,OSM_NAMEPLATE_MVA_WITH_PROXY_IMPEDANCE+REN_VOLTAGE_PAIR_AGGREGATE_CALIBRATION,450.0,1.0,-66.32243805138445,9.440190200893154,66.35224242456776,-8.248387886456067,0.0298043731833104,1.191802314437087,0.0965083759047849,0.2573556690794263,1.0019136599568947,-1.4173333892095066,1.0,-0.4026007139162431,14.858436482048306,0.0,0.0,1.0,INFERRED_DISCRETE_VOLTAGE_CONTROL_NOT_OPERATOR_OBSERVED,AC_POWER_FLOW_SOLUTION_NOT_MEASURED_TELEMETRY
TRAFO:00150,BUS:OSM:way:144599061:400,BUS:OSM:way:144599061:150,400,150,450.0,12.0,0.3,0.0,0.0,0.0,hv,0,-8,8,1.25,0,DIRECT_OSM_TRANSFORMER_TAG,OSM:node:12216582621,"{""frequency"": ""50"", ""operator"": ""REN"", ""operator:wikidata"": ""Q1862842"", ""power"": ""transformer"", ""rating"": ""450 MVA"", ""transformer"": ""main"", ""voltage:primary"": ""400000"", ""voltage:secondary"": ""150000"", ""windings:auto"": ""yes""}",95.59120577256355,OSM_NAMEPLATE_MVA_WITH_PROXY_IMPEDANCE+REN_VOLTAGE_PAIR_AGGREGATE_CALIBRATION,450.0,1.0,-66.32243805138445,9.440190200893154,66.35224242456776,-8.248387886456067,0.0298043731833104,1.191802314437087,0.0965083759047849,0.2573556690794263,1.0019136599568947,-1.4173333892095066,1.0,-0.4026007139162431,14.858436482048306,0.0,0.0,1.0,INFERRED_DISCRETE_VOLTAGE_CONTROL_NOT_OPERATOR_OBSERVED,AC_POWER_FLOW_SOLUTION_NOT_MEASURED_TELEMETRY
TRAFO:00151,BUS:OSM:way:751560789:400,BUS:JUNCTION:60:00165,400,60,170.0,12.0,0.35,0.0,0.0,0.0,hv,0,-8,8,1.25,0,DIRECT_OSM_TRANSFORMER_TAG,OSM:node:12216703842,"{""frequency"": ""50"", ""operator"": ""REN"", ""operator:wikidata"": ""Q1862842"", ""power"": ""transformer"", ""rating"": ""170 MVA"", ""transformer"": ""main"", ""voltage:primary"": ""400000"", ""voltage:secondary"": ""60000""}",75.94788773768138,OSM_NAMEPLATE_MVA_WITH_PROXY_IMPEDANCE+REN_VOLTAGE_PAIR_AGGREGATE_CALIBRATION,170.0,1.0,67.40794847780873,19.60830799590381,-67.30597027273848,-16.113399892071307,0.1019782050702531,3.494908103832504,0.1015835770787249,0.6772238471914994,0.9974823242079768,-0.5196629781087942,0.983357955978044,-3.2753499424370194,41.3995098152802,-8.0,0.0,0.983357955978044,INFERRED_DISCRETE_VOLTAGE_CONTROL_NOT_OPERATOR_OBSERVED,AC_POWER_FLOW_SOLUTION_NOT_MEASURED_TELEMETRY
TRAFO:00152,BUS:OSM:way:751560789:400,BUS:JUNCTION:60:00165,400,60,170.0,12.0,0.35,0.0,0.0,0.0,hv,0,-8,8,1.25,0,DIRECT_OSM_TRANSFORMER_TAG,OSM:node:12216703843,"{""frequency"": ""50"", ""operator"": ""REN"", ""operator:wikidata"": ""Q1862842"", ""power"": ""transformer"", ""rating"": ""170 MVA"", ""transformer"": ""main"", ""voltage:primary"": ""400000"", ""voltage:secondary"": ""60000""}",80.5560073327168,OSM_NAMEPLATE_MVA_WITH_PROXY_IMPEDANCE+REN_VOLTAGE_PAIR_AGGREGATE_CALIBRATION,170.0,1.0,67.40794847780873,19.60830799590381,-67.30597027273848,-16.113399892071307,0.1019782050702531,3.494908103832504,0.1015835770787249,0.6772238471914994,0.9974823242079768,-0.5196629781087942,0.983357955978044,-3.2753499424370194,41.3995098152802,-8.0,0.0,0.983357955978044,INFERRED_DISCRETE_VOLTAGE_CONTROL_NOT_OPERATOR_OBSERVED,AC_POWER_FLOW_SOLUTION_NOT_MEASURED_TELEMETRY
TRAFO:00153,BUS:OSM:way:144635505:150,BUS:JUNCTION:60:00024,150,60,170.0,12.0,0.45,0.0,0.0,0.0,hv,0,-8,8,1.25,0,DIRECT_OSM_TRANSFORMER_TAG,OSM:node:12218806367,"{""frequency"": ""50"", ""operator"": ""REN"", ""operator:wikidata"": ""Q1862842"", ""power"": ""transformer"", ""transformer"": ""main"", ""voltage:primary"": ""150000"", ""voltage:secondary"": ""60000""}",74.88444654967864,VOLTAGE_PAIR_PROXY+REN_VOLTAGE_PAIR_AGGREGATE_CALIBRATION,170.0,1.0,22.21985082831984,3.340271900479267,-22.20648542251404,-2.984111768514118,0.0133654058057999,0.356160131965149,0.086488306248015,0.2162207656200375,0.9999642079729616,-9.118047718902206,0.997141562263281,-10.013639328877488,13.217835942541662,0.0,0.0,0.997141562263281,INFERRED_DISCRETE_VOLTAGE_CONTROL_NOT_OPERATOR_OBSERVED,AC_POWER_FLOW_SOLUTION_NOT_MEASURED_TELEMETRY
TRAFO:00154,BUS:OSM:way:144635505:150,BUS:JUNCTION:60:00024,150,60,170.0,12.0,0.45,0.0,0.0,0.0,hv,0,-8,8,1.25,0,DIRECT_OSM_TRANSFORMER_TAG,OSM:node:12218806368,"{""frequency"": ""50"", ""operator"": ""REN"", ""operator:wikidata"": ""Q1862842"", ""power"": ""transformer"", ""transformer"": ""main"", ""voltage:primary"": ""150000"", ""voltage:secondary"": ""60000""}",66.53808811963653,VOLTAGE_PAIR_PROXY+REN_VOLTAGE_PAIR_AGGREGATE_CALIBRATION,170.0,1.0,22.21985082831984,3.340271900479267,-22.20648542251404,-2.984111768514118,0.0133654058057999,0.356160131965149,0.086488306248015,0.2162207656200375,0.9999642079729616,-9.118047718902206,0.997141562263281,-10.013639328877488,13.217835942541662,0.0,0.0,0.997141562263281,INFERRED_DISCRETE_VOLTAGE_CONTROL_NOT_OPERATOR_OBSERVED,AC_POWER_FLOW_SOLUTION_NOT_MEASURED_TELEMETRY
TRAFO:00155,BUS:OSM:way:144635505:150,BUS:JUNCTION:60:00024,150,60,170.0,12.0,0.45,0.0,0.0,0.0,hv,0,-8,8,1.25,0,DIRECT_OSM_TRANSFORMER_TAG,OSM:node:12218806369,"{""frequency"": ""50"", ""operator"": ""REN"", ""operator:wikidata"": ""Q1862842"", ""power"": ""transformer"", ""transformer"": ""main"", ""voltage:primary"": ""150000"", ""voltage:secondary"": ""60000""}",60.094239897893154,VOLTAGE_PAIR_PROXY+REN_VOLTAGE_PAIR_AGGREGATE_CALIBRATION,170.0,1.0,22.21985082831984,3.340271900479267,-22.20648542251404,-2.984111768514118,0.0133654058057999,0.356160131965149,0.086488306248015,0.2162207656200375,0.9999642079729616,-9.118047718902206,0.997141562263281,-10.013639328877488,13.217835942541662,0.0,0.0,0.997141562263281,INFERRED_DISCRETE_VOLTAGE_CONTROL_NOT_OPERATOR_OBSERVED,AC_POWER_FLOW_SOLUTION_NOT_MEASURED_TELEMETRY
TRAFO:00156,BUS:OSM:way:144635505:400,BUS:OSM:way:144635505:150,400,150,250.0,12.0,0.3,0.0,0.0,0.0,hv,0,-8,8,1.25,0,DIRECT_OSM_TRANSFORMER_TAG,OSM:node:12218806370,"{""frequency"": ""50"", ""operator"": ""REN"", ""operator:wikidata"": ""Q1862842"", ""power"": ""transformer"", ""rating"": ""250 MVA"", ""transformer"": ""main"", ""voltage:primary"": ""400000"", ""voltage:secondary"": ""150000"", ""windings:auto"": ""yes""}",69.09295919783688,OSM_NAMEPLATE_MVA_WITH_PROXY_IMPEDANCE+REN_VOLTAGE_PAIR_AGGREGATE_CALIBRATION,250.0,1.0,114.01439278595602,-0.6279231670698934,-113.8582505576522,6.871660216308091,0.1561422283038211,6.243737049238198,0.1646451509981092,0.4390537359949581,0.9995319975050464,-5.9798260864888455,0.9999642079729616,-9.118047718902206,45.627802679772,0.0,0.0,0.9999642079729616,INFERRED_DISCRETE_VOLTAGE_CONTROL_NOT_OPERATOR_OBSERVED,AC_POWER_FLOW_SOLUTION_NOT_MEASURED_TELEMETRY
TRAFO:00157,BUS:OSM:way:144635505:400,BUS:OSM:way:144635505:150,400,150,250.0,12.0,0.3,0.0,0.0,0.0,hv,0,-8,8,1.25,0,DIRECT_OSM_TRANSFORMER_TAG,OSM:node:12218806371,"{""frequency"": ""50"", ""operator"": ""REN"", ""operator:wikidata"": ""Q1862842"", ""power"": ""transformer"", ""rating"": ""250 MVA"", ""transformer"": ""main"", ""voltage:primary"": ""400000"", ""voltage:secondary"": ""150000"", ""windings:auto"": ""yes""}",88.51800560478071,OSM_NAMEPLATE_MVA_WITH_PROXY_IMPEDANCE+REN_VOLTAGE_PAIR_AGGREGATE_CALIBRATION,250.0,1.0,114.01439278595602,-0.6279231670698934,-113.8582505576522,6.871660216308091,0.1561422283038211,6.243737049238198,0.1646451509981092,0.4390537359949581,0.9995319975050464,-5.9798260864888455,0.9999642079729616,-9.118047718902206,45.627802679772,0.0,0.0,0.9999642079729616,INFERRED_DISCRETE_VOLTAGE_CONTROL_NOT_OPERATOR_OBSERVED,AC_POWER_FLOW_SOLUTION_NOT_MEASURED_TELEMETRY
TRAFO:00158,BUS:OSM:way:151077578:150,BUS:JUNCTION:60:01572,150,60,170.0,12.0,0.45,0.0,0.0,0.0,hv,0,-8,8,1.25,0,DIRECT_OSM_TRANSFORMER_TAG,OSM:node:12218861805,"{""devices"": ""3"", ""frequency"": ""50"", ""operator"": ""REN"", ""operator:wikidata"": ""Q1862842"", ""phases"": ""1"", ""power"": ""transformer"", ""rating"": ""170 MVA"", ""transformer"": ""main"", ""voltage:primary"": ""150000"", ""voltage:secondary"": ""60000""}",90.79347192862777,OSM_NAMEPLATE_MVA_WITH_PROXY_IMPEDANCE+REN_VOLTAGE_PAIR_AGGREGATE_CALIBRATION,170.0,1.0,7.190510564095462,7.918431665172728,-7.187482196389946,-7.837731994896548,0.0030283677055154,0.0806996702761795,0.0411690286696882,0.1029225716742204,1.0,8.529687910516037,0.9942360037245972,8.249472118353346,6.291780825367033,0.0,0.0,0.9942360037245972,INFERRED_DISCRETE_VOLTAGE_CONTROL_NOT_OPERATOR_OBSERVED,AC_POWER_FLOW_SOLUTION_NOT_MEASURED_TELEMETRY
TRAFO:00159,BUS:OSM:way:151077578:150,BUS:JUNCTION:60:01572,150,60,170.0,12.0,0.45,0.0,0.0,0.0,hv,0,-8,8,1.25,0,DIRECT_OSM_TRANSFORMER_TAG,OSM:node:12218861806,"{""devices"": ""3"", ""frequency"": ""50"", ""operator"": ""REN"", ""operator:wikidata"": ""Q1862842"", ""phases"": ""1"", ""power"": ""transformer"", ""rating"": ""170 MVA"", ""transformer"": ""main"", ""voltage:primary"": ""150000"", ""voltage:secondary"": ""60000""}",54.83767804382546,OSM_NAMEPLATE_MVA_WITH_PROXY_IMPEDANCE+REN_VOLTAGE_PAIR_AGGREGATE_CALIBRATION,170.0,1.0,7.190510564095462,7.918431665172728,-7.187482196389946,-7.837731994896548,0.0030283677055154,0.0806996702761795,0.0411690286696882,0.1029225716742204,1.0,8.529687910516037,0.9942360037245972,8.249472118353346,6.291780825367033,0.0,0.0,0.9942360037245972,INFERRED_DISCRETE_VOLTAGE_CONTROL_NOT_OPERATOR_OBSERVED,AC_POWER_FLOW_SOLUTION_NOT_MEASURED_TELEMETRY
TRAFO:00160,BUS:OSM:way:1054310285:400,BUS:OSM:way:1054310285:220,400,220,476.47058823529414,12.0,0.3,0.0,0.0,0.0,hv,0,-8,8,1.25,0,DIRECT_OSM_TRANSFORMER_TAG,OSM:node:12218897987,"{""frequency"": ""50"", ""operator"": ""REN"", ""operator:wikidata"": ""Q1862842"", ""power"": ""transformer"", ""rating"": ""450 MVA"", ""transformer"": ""main"", ""voltage:primary"": ""400000"", ""voltage:secondary"": ""220000"", ""windings:auto"": ""yes""}",15.749457288391335,OSM_NAMEPLATE_MVA_WITH_PROXY_IMPEDANCE+REN_VOLTAGE_PAIR_AGGREGATE_CALIBRATION,450.0,1.0588235294117647,-109.19240066711262,21.27919408206366,109.26965584867534,-18.189952660260087,0.0772551815627196,3.089241421803574,0.1598823825578501,0.2906952410142731,1.0043038750648523,-0.6579134910116832,1.0000322517114564,0.918286978133796,23.24797514583274,0.0,0.0,1.0000322517114564,INFERRED_DISCRETE_VOLTAGE_CONTROL_NOT_OPERATOR_OBSERVED,AC_POWER_FLOW_SOLUTION_NOT_MEASURED_TELEMETRY
TRAFO:00161,BUS:OSM:way:144387430:220,BUS:EREDES:0408S5010300:60,220,60,63.0,12.0,0.4,0.0,0.0,0.0,hv,0,-8,8,1.25,0,DIRECT_OSM_TRANSFORMER_TAG,OSM:node:12219077060,"{""frequency"": ""50"", ""operator"": ""REN"", ""operator:wikidata"": ""Q1862842"", ""power"": ""transformer"", ""rating"": ""63 MVA"", ""transformer"": ""main"", ""voltage:primary"": ""220000"", ""voltage:secondary"": ""60000""}",112.50208131067352,OSM_NAMEPLATE_MVA_WITH_PROXY_IMPEDANCE+REN_VOLTAGE_PAIR_AGGREGATE_CALIBRATION,63.0,1.0,5.6642246456662395,-0.5317569641491628,-5.662166720127253,0.5934604220270292,0.0020579255389865,0.0617034578778663,0.0149407293733669,0.054782674369012,0.9992882746160554,5.446636604970446,1.0,4.82642803693668,9.036797655393356,0.0,0.0,1.0,INFERRED_DISCRETE_VOLTAGE_CONTROL_NOT_OPERATOR_OBSERVED,AC_POWER_FLOW_SOLUTION_NOT_MEASURED_TELEMETRY
TRAFO:00162,BUS:OSM:way:144387430:220,BUS:EREDES:0408S5010300:60,220,60,63.0,12.0,0.4,0.0,0.0,0.0,hv,0,-8,8,1.25,0,DIRECT_OSM_TRANSFORMER_TAG,OSM:node:12219077061,"{""frequency"": ""50"", ""operator"": ""REN"", ""operator:wikidata"": ""Q1862842"", ""power"": ""transformer"", ""rating"": ""63 MVA"", ""transformer"": ""main"", ""voltage:primary"": ""220000"", ""voltage:secondary"": ""60000""}",111.34022260736354,OSM_NAMEPLATE_MVA_WITH_PROXY_IMPEDANCE+REN_VOLTAGE_PAIR_AGGREGATE_CALIBRATION,63.0,1.0,5.6642246456662395,-0.5317569641491628,-5.662166720127253,0.5934604220270292,0.0020579255389865,0.0617034578778663,0.0149407293733669,0.054782674369012,0.9992882746160554,5.446636604970446,1.0,4.82642803693668,9.036797655393356,0.0,0.0,1.0,INFERRED_DISCRETE_VOLTAGE_CONTROL_NOT_OPERATOR_OBSERVED,AC_POWER_FLOW_SOLUTION_NOT_MEASURED_TELEMETRY
TRAFO:00163,BUS:OSM:way:115732510:150,BUS:JUNCTION:60:03188,150,60,126.0,12.0,0.45,0.0,0.0,0.0,hv,0,-8,8,1.25,0,DIRECT_OSM_TRANSFORMER_TAG,OSM:node:12222822821,"{""frequency"": ""50"", ""operator"": ""REN"", ""operator:wikidata"": ""Q1862842"", ""power"": ""transformer"", ""rating"": ""126 MVA"", ""transformer"": ""main"", ""voltage:primary"": ""150000"", ""voltage:secondary"": ""60000""}",103.45470905141904,OSM_NAMEPLATE_MVA_WITH_PROXY_IMPEDANCE+REN_VOLTAGE_PAIR_AGGREGATE_CALIBRATION,126.0,1.0,-1.0298009037010054,2.528390897660191,1.030067091216457,-2.521297556686629,0.0002661875154512,0.007093340973562,0.0105080219322152,0.026270054830538,1.0,-10.387164333997138,0.9976310551963442,-10.325690862545672,2.166717604005336,0.0,0.0,0.9976310551963442,INFERRED_DISCRETE_VOLTAGE_CONTROL_NOT_OPERATOR_OBSERVED,AC_POWER_FLOW_SOLUTION_NOT_MEASURED_TELEMETRY
TRAFO:00164,BUS:OSM:way:115732510:150,BUS:JUNCTION:60:03188,150,60,126.0,12.0,0.45,0.0,0.0,0.0,hv,0,-8,8,1.25,0,DIRECT_OSM_TRANSFORMER_TAG,OSM:node:12222822822,"{""frequency"": ""50"", ""operator"": ""REN"", ""operator:wikidata"": ""Q1862842"", ""power"": ""transformer"", ""rating"": ""126 MVA"", ""transformer"": ""main"", ""voltage:primary"": ""150000"", ""voltage:secondary"": ""60000""}",89.76570499376265,OSM_NAMEPLATE_MVA_WITH_PROXY_IMPEDANCE+REN_VOLTAGE_PAIR_AGGREGATE_CALIBRATION,126.0,1.0,-1.0298009037010054,2.528390897660191,1.030067091216457,-2.521297556686629,0.0002661875154512,0.007093340973562,0.0105080219322152,0.026270054830538,1.0,-10.387164333997138,0.9976310551963442,-10.325690862545672,2.166717604005336,0.0,0.0,0.9976310551963442,INFERRED_DISCRETE_VOLTAGE_CONTROL_NOT_OPERATOR_OBSERVED,AC_POWER_FLOW_SOLUTION_NOT_MEASURED_TELEMETRY
TRAFO:00165,BUS:OSM:way:129055610:400,BUS:OSM:way:129055610:150,400,150,450.0,12.0,0.3,0.0,0.0,0.0,hv,0,-8,8,1.25,0,DIRECT_OSM_TRANSFORMER_TAG,OSM:node:12231736902,"{""devices"": ""3"", ""frequency"": ""50"", ""operator"": ""REN"", ""operator:wikidata"": ""Q1862842"", ""phases"": ""1"", ""power"": ""transformer"", ""rating"": ""450 MVA"", ""transformer"": ""main"", ""voltage:primary"": ""400000"", ""voltage:secondary"": ""150000"", ""windings:auto"": ""yes""}",38.39794872707305,OSM_NAMEPLATE_MVA_WITH_PROXY_IMPEDANCE+REN_VOLTAGE_PAIR_AGGREGATE_CALIBRATION,450.0,1.0,164.94634068268317,9.07759680382993,-164.7632192509205,-1.755028908990815,0.1831214317626575,7.322567894839115,0.2392184094626416,0.6379157585670442,0.9967451891176812,-9.432396503888556,0.9941906813917388,-11.9721324524849,36.83008349289874,0.0,0.0,0.9941906813917388,INFERRED_DISCRETE_VOLTAGE_CONTROL_NOT_OPERATOR_OBSERVED,AC_POWER_FLOW_SOLUTION_NOT_MEASURED_TELEMETRY
TRAFO:00166,BUS:OSM:way:144545398:220,BUS:JUNCTION:60:00078,220,60,170.0,12.0,0.4,0.0,0.0,0.0,hv,0,-8,8,1.25,0,DIRECT_OSM_TRANSFORMER_TAG,OSM:node:12232449000,"{""frequency"": ""50"", ""operator"": ""REN"", ""operator:wikidata"": ""Q1862842"", ""power"": ""transformer"", ""transformer"": ""main"", ""voltage:primary"": ""220000"", ""voltage:secondary"": ""60000""}",140.22853168780824,VOLTAGE_PAIR_PROXY+REN_VOLTAGE_PAIR_AGGREGATE_CALIBRATION,170.0,1.0,-0.9257897355484784,14.46435778250683,0.9307518356110516,-14.315577505282809,0.0049621000625729,0.1487802772240236,0.03811043585877,0.1397382648154901,0.99806697600946,-1.48072310005999,0.9878650782770184,-1.4229904368989132,8.542368509009762,0.0,0.0,0.9878650782770184,INFERRED_DISCRETE_VOLTAGE_CONTROL_NOT_OPERATOR_OBSERVED,AC_POWER_FLOW_SOLUTION_NOT_MEASURED_TELEMETRY
TRAFO:00167,BUS:OSM:way:144545398:220,BUS:JUNCTION:60:00078,220,60,170.0,12.0,0.4,0.0,0.0,0.0,hv,0,-8,8,1.25,0,DIRECT_OSM_TRANSFORMER_TAG,OSM:node:12232451301,"{""frequency"": ""50"", ""operator"": ""REN"", ""operator:wikidata"": ""Q1862842"", ""power"": ""transformer"", ""transformer"": ""main"", ""voltage:primary"": ""220000"", ""voltage:secondary"": ""60000""}",84.97884791831463,VOLTAGE_PAIR_PROXY+REN_VOLTAGE_PAIR_AGGREGATE_CALIBRATION,170.0,1.0,-0.9257897355484784,14.46435778250683,0.9307518356110516,-14.315577505282809,0.0049621000625729,0.1487802772240236,0.03811043585877,0.1397382648154901,0.99806697600946,-1.48072310005999,0.9878650782770184,-1.4229904368989132,8.542368509009762,0.0,0.0,0.9878650782770184,INFERRED_DISCRETE_VOLTAGE_CONTROL_NOT_OPERATOR_OBSERVED,AC_POWER_FLOW_SOLUTION_NOT_MEASURED_TELEMETRY
TRAFO:00168,BUS:OSM:way:144545398:220,BUS:JUNCTION:60:00078,220,60,170.0,12.0,0.4,0.0,0.0,0.0,hv,0,-8,8,1.25,0,DIRECT_OSM_TRANSFORMER_TAG,OSM:node:12232451302,"{""frequency"": ""50"", ""operator"": ""REN"", ""operator:wikidata"": ""Q1862842"", ""power"": ""transformer"", ""transformer"": ""main"", ""voltage:primary"": ""220000"", ""voltage:secondary"": ""60000""}",66.97492335200644,VOLTAGE_PAIR_PROXY+REN_VOLTAGE_PAIR_AGGREGATE_CALIBRATION,170.0,1.0,-0.9257897355484784,14.46435778250683,0.9307518356110516,-14.315577505282809,0.0049621000625729,0.1487802772240236,0.03811043585877,0.1397382648154901,0.99806697600946,-1.48072310005999,0.9878650782770184,-1.4229904368989132,8.542368509009762,0.0,0.0,0.9878650782770184,INFERRED_DISCRETE_VOLTAGE_CONTROL_NOT_OPERATOR_OBSERVED,AC_POWER_FLOW_SOLUTION_NOT_MEASURED_TELEMETRY
TRAFO:00169,BUS:OSM:way:132614219:150,BUS:JUNCTION:60:00976,150,60,126.0,12.0,0.45,0.0,0.0,0.0,hv,0,-8,8,1.25,0,DIRECT_OSM_TRANSFORMER_TAG,OSM:node:12330844129,"{""frequency"": ""50"", ""operator"": ""REN"", ""operator:wikidata"": ""Q1862842"", ""power"": ""transformer"", ""rating"": ""126 MVA"", ""transformer"": ""main"", ""voltage:primary"": ""150000"", ""voltage:secondary"": ""60000""}",79.99957944327154,OSM_NAMEPLATE_MVA_WITH_PROXY_IMPEDANCE+REN_VOLTAGE_PAIR_AGGREGATE_CALIBRATION,126.0,1.0,27.452869533865194,1.8217920153145315,-27.4254214905462,-1.090359025346099,0.0274480433189943,0.7314329899684326,0.1067045219585316,0.2667613048963292,0.9924467109268996,-12.815143950229572,0.9900601035644706,-14.335043259711895,22.002101598753068,0.0,0.0,0.9900601035644706,INFERRED_DISCRETE_VOLTAGE_CONTROL_NOT_OPERATOR_OBSERVED,AC_POWER_FLOW_SOLUTION_NOT_MEASURED_TELEMETRY
TRAFO:00170,BUS:OSM:way:132614219:150,BUS:JUNCTION:60:00976,150,60,126.0,12.0,0.45,0.0,0.0,0.0,hv,0,-8,8,1.25,0,DIRECT_OSM_TRANSFORMER_TAG,OSM:node:12330844130,"{""frequency"": ""50"", ""operator"": ""REN"", ""operator:wikidata"": ""Q1862842"", ""power"": ""transformer"", ""rating"": ""126 MVA"", ""transformer"": ""main"", ""voltage:primary"": ""150000"", ""voltage:secondary"": ""60000""}",67.53623141113361,OSM_NAMEPLATE_MVA_WITH_PROXY_IMPEDANCE+REN_VOLTAGE_PAIR_AGGREGATE_CALIBRATION,126.0,1.0,27.452869533865194,1.8217920153145315,-27.4254214905462,-1.090359025346099,0.0274480433189943,0.7314329899684326,0.1067045219585316,0.2667613048963292,0.9924467109268996,-12.815143950229572,0.9900601035644706,-14.335043259711895,22.002101598753068,0.0,0.0,0.9900601035644706,INFERRED_DISCRETE_VOLTAGE_CONTROL_NOT_OPERATOR_OBSERVED,AC_POWER_FLOW_SOLUTION_NOT_MEASURED_TELEMETRY
TRAFO:00171,BUS:OSM:way:124722161:220,BUS:JUNCTION:60:02537,220,60,126.0,12.0,0.4,0.0,0.0,0.0,hv,0,-8,8,1.25,0,DIRECT_OSM_TRANSFORMER_TAG,OSM:node:12331033340,"{""frequency"": ""50"", ""operator"": ""REN"", ""operator:wikidata"": ""Q1862842"", ""power"": ""transformer"", ""rating"": ""126 MVA"", ""transformer"": ""main"", ""voltage:primary"": ""220000"", ""voltage:secondary"": ""60000""}",93.38704732336522,OSM_NAMEPLATE_MVA_WITH_PROXY_IMPEDANCE+REN_VOLTAGE_PAIR_AGGREGATE_CALIBRATION,126.0,1.0,31.734703113573104,9.756557230266989,-31.69937763117306,-8.697381679940207,0.0353254824000437,1.0591755503267812,0.0875419102936577,0.3209870044100785,0.9952839233264884,-1.0205968869372712,0.9853988504555654,-2.7674584063484864,26.4745619146472,0.0,0.0,0.9853988504555654,INFERRED_DISCRETE_VOLTAGE_CONTROL_NOT_OPERATOR_OBSERVED,AC_POWER_FLOW_SOLUTION_NOT_MEASURED_TELEMETRY
TRAFO:00172,BUS:OSM:way:402947133:220,BUS:EREDES:1107S5097500:60,220,60,170.0,12.0,0.4,0.0,0.0,0.0,hv,0,-8,8,1.25,0,DIRECT_OSM_TRANSFORMER_TAG,OSM:node:12334494667,"{""frequency"": ""50"", ""operator"": ""REN"", ""operator:wikidata"": ""Q1862842"", ""power"": ""transformer"", ""rating"": ""170 MVA"", ""transformer"": ""main"", ""voltage:primary"": ""220000"", ""voltage:secondary"": ""60000""}",182.89984215173317,OSM_NAMEPLATE_MVA_WITH_PROXY_IMPEDANCE+REN_VOLTAGE_PAIR_AGGREGATE_CALIBRATION,170.0,1.0,59.559253203532414,11.558050611399612,-59.47160313512008,-8.930009799516098,0.0876500684123371,2.6280408118835137,0.1601722537715742,0.5872982638291055,0.9940449245699804,-10.168590570262724,0.9853275914681026,-12.611389469840644,35.90225054643536,0.0,0.0,0.9853275914681026,INFERRED_DISCRETE_VOLTAGE_CONTROL_NOT_OPERATOR_OBSERVED,AC_POWER_FLOW_SOLUTION_NOT_MEASURED_TELEMETRY
TRAFO:00173,BUS:OSM:way:402947133:220,BUS:EREDES:1107S5097500:60,220,60,170.0,12.0,0.4,0.0,0.0,0.0,hv,0,-8,8,1.25,0,DIRECT_OSM_TRANSFORMER_TAG,OSM:node:12334494668,"{""frequency"": ""50"", ""operator"": ""REN"", ""operator:wikidata"": ""Q1862842"", ""power"": ""transformer"", ""rating"": ""170 MVA"", ""transformer"": ""main"", ""voltage:primary"": ""220000"", ""voltage:secondary"": ""60000""}",192.11594593047863,OSM_NAMEPLATE_MVA_WITH_PROXY_IMPEDANCE+REN_VOLTAGE_PAIR_AGGREGATE_CALIBRATION,170.0,1.0,59.559253203532414,11.558050611399612,-59.47160313512008,-8.930009799516098,0.0876500684123371,2.6280408118835137,0.1601722537715742,0.5872982638291055,0.9940449245699804,-10.168590570262724,0.9853275914681026,-12.611389469840644,35.90225054643536,0.0,0.0,0.9853275914681026,INFERRED_DISCRETE_VOLTAGE_CONTROL_NOT_OPERATOR_OBSERVED,AC_POWER_FLOW_SOLUTION_NOT_MEASURED_TELEMETRY
TRAFO:00174,BUS:OSM:way:402947133:220,BUS:EREDES:1107S5097500:60,220,60,170.0,12.0,0.4,0.0,0.0,0.0,hv,0,-8,8,1.25,0,DIRECT_OSM_TRANSFORMER_TAG,OSM:node:12334494669,"{""frequency"": ""50"", ""operator"": ""REN"", ""operator:wikidata"": ""Q1862842"", ""power"": ""transformer"", ""rating"": ""170 MVA"", ""transformer"": ""main"", ""voltage:primary"": ""220000"", ""voltage:secondary"": ""60000""}",201.9077725938301,OSM_NAMEPLATE_MVA_WITH_PROXY_IMPEDANCE+REN_VOLTAGE_PAIR_AGGREGATE_CALIBRATION,170.0,1.0,59.559253203532414,11.558050611399612,-59.47160313512008,-8.930009799516098,0.0876500684123371,2.6280408118835137,0.1601722537715742,0.5872982638291055,0.9940449245699804,-10.168590570262724,0.9853275914681026,-12.611389469840644,35.90225054643536,0.0,0.0,0.9853275914681026,INFERRED_DISCRETE_VOLTAGE_CONTROL_NOT_OPERATOR_OBSERVED,AC_POWER_FLOW_SOLUTION_NOT_MEASURED_TELEMETRY
TRAFO:00175,BUS:OSM:way:144596347:220,BUS:EREDES:1416S5106800:60,220,60,126.0,12.0,0.4,0.0,0.0,0.0,hv,0,-8,8,1.25,0,DIRECT_OSM_TRANSFORMER_TAG,OSM:node:12334515841,"{""frequency"": ""50"", ""operator"": ""REN"", ""operator:wikidata"": ""Q1862842"", ""power"": ""transformer"", ""rating"": ""126 MVA"", ""transformer"": ""main"", ""voltage:primary"": ""220000"", ""voltage:secondary"": ""60000""}",286.45221152647434,OSM_NAMEPLATE_MVA_WITH_PROXY_IMPEDANCE+REN_VOLTAGE_PAIR_AGGREGATE_CALIBRATION,126.0,1.0,64.81361458032728,7.466399667374872,-64.67777741285464,-3.3935492252117956,0.1358371674726441,4.072850442163077,0.1716648100020353,0.6294376366741297,0.9973885403054172,-7.715495102730073,0.9901191855650976,-11.283416141665075,51.91514128169866,0.0,0.0,0.9901191855650976,INFERRED_DISCRETE_VOLTAGE_CONTROL_NOT_OPERATOR_OBSERVED,AC_POWER_FLOW_SOLUTION_NOT_MEASURED_TELEMETRY
TRAFO:00176,BUS:OSM:way:144596347:220,BUS:EREDES:1416S5106800:60,220,60,126.0,12.0,0.4,0.0,0.0,0.0,hv,0,-8,8,1.25,0,DIRECT_OSM_TRANSFORMER_TAG,OSM:node:12334515842,"{""frequency"": ""50"", ""operator"": ""REN"", ""operator:wikidata"": ""Q1862842"", ""power"": ""transformer"", ""rating"": ""126 MVA"", ""transformer"": ""main"", ""voltage:primary"": ""220000"", ""voltage:secondary"": ""60000""}",280.9815869566028,OSM_NAMEPLATE_MVA_WITH_PROXY_IMPEDANCE+REN_VOLTAGE_PAIR_AGGREGATE_CALIBRATION,126.0,1.0,64.81361458032728,7.466399667374872,-64.67777741285464,-3.3935492252117956,0.1358371674726441,4.072850442163077,0.1716648100020353,0.6294376366741297,0.9973885403054172,-7.715495102730073,0.9901191855650976,-11.283416141665075,51.91514128169866,0.0,0.0,0.9901191855650976,INFERRED_DISCRETE_VOLTAGE_CONTROL_NOT_OPERATOR_OBSERVED,AC_POWER_FLOW_SOLUTION_NOT_MEASURED_TELEMETRY
TRAFO:00177,BUS:OSM:way:1202440398:220,BUS:EREDES:1106P5470000:60,220,60,170.0,12.0,0.4,0.0,0.0,0.0,hv,0,-8,8,1.25,0,DIRECT_OSM_TRANSFORMER_TAG,OSM:node:12334544174,"{""frequency"": ""50"", ""operator"": ""REN"", ""operator:wikidata"": ""Q1862842"", ""power"": ""transformer"", ""rating"": ""170 MVA"", ""transformer"": ""main"", ""voltage:primary"": ""220000"", ""voltage:secondary"": ""60000""}",36.540486598573686,OSM_NAMEPLATE_MVA_WITH_PROXY_IMPEDANCE+REN_VOLTAGE_PAIR_AGGREGATE_CALIBRATION,170.0,1.0,56.056785268514766,12.739632785951557,-55.97765278912237,-10.366977645393932,0.079132479392399,2.372655140557624,0.1521908503116185,0.5580331178092681,0.991269248058069,-10.58427032875427,0.9816705827900036,-12.895791131148066,34.113236906531334,-8.0,0.0,0.9816705827900036,INFERRED_DISCRETE_VOLTAGE_CONTROL_NOT_OPERATOR_OBSERVED,AC_POWER_FLOW_SOLUTION_NOT_MEASURED_TELEMETRY
TRAFO:00178,BUS:OSM:way:1202440398:220,BUS:EREDES:1106P5470000:60,220,60,170.0,12.0,0.4,0.0,0.0,0.0,hv,0,-8,8,1.25,0,DIRECT_OSM_TRANSFORMER_TAG,OSM:node:12334544175,"{""frequency"": ""50"", ""operator"": ""REN"", ""operator:wikidata"": ""Q1862842"", ""power"": ""transformer"", ""rating"": ""170 MVA"", ""transformer"": ""main"", ""voltage:primary"": ""220000"", ""voltage:secondary"": ""60000""}",26.18656730344325,OSM_NAMEPLATE_MVA_WITH_PROXY_IMPEDANCE+REN_VOLTAGE_PAIR_AGGREGATE_CALIBRATION,170.0,1.0,56.056785268514766,12.739632785951557,-55.97765278912237,-10.366977645393932,0.079132479392399,2.372655140557624,0.1521908503116185,0.5580331178092681,0.991269248058069,-10.58427032875427,0.9816705827900036,-12.895791131148066,34.113236906531334,-8.0,0.0,0.9816705827900036,INFERRED_DISCRETE_VOLTAGE_CONTROL_NOT_OPERATOR_OBSERVED,AC_POWER_FLOW_SOLUTION_NOT_MEASURED_TELEMETRY
TRAFO:00179,BUS:OSM:way:1202440398:220,BUS:EREDES:1106P5470000:60,220,60,170.0,12.0,0.4,0.0,0.0,0.0,hv,0,-8,8,1.25,0,DIRECT_OSM_TRANSFORMER_TAG,OSM:node:12334544176,"{""frequency"": ""50"", ""operator"": ""REN"", ""operator:wikidata"": ""Q1862842"", ""power"": ""transformer"", ""rating"": ""170 MVA"", ""transformer"": ""main"", ""voltage:primary"": ""220000"", ""voltage:secondary"": ""60000""}",20.52614762657831,OSM_NAMEPLATE_MVA_WITH_PROXY_IMPEDANCE+REN_VOLTAGE_PAIR_AGGREGATE_CALIBRATION,170.0,1.0,56.056785268514766,12.739632785951557,-55.97765278912237,-10.366977645393932,0.079132479392399,2.372655140557624,0.1521908503116185,0.5580331178092681,0.991269248058069,-10.58427032875427,0.9816705827900036,-12.895791131148066,34.113236906531334,-8.0,0.0,0.9816705827900036,INFERRED_DISCRETE_VOLTAGE_CONTROL_NOT_OPERATOR_OBSERVED,AC_POWER_FLOW_SOLUTION_NOT_MEASURED_TELEMETRY
TRAFO:00180,BUS:OSM:way:156176120:150,BUS:JUNCTION:60:00864,150,60,126.0,12.0,0.45,0.0,0.0,0.0,hv,0,-8,8,1.25,0,DIRECT_OSM_TRANSFORMER_TAG,OSM:node:12335004582,"{""frequency"": ""50"", ""operator"": ""REN"", ""operator:wikidata"": ""Q1862842"", ""power"": ""transformer"", ""rating"": ""126 MVA"", ""transformer"": ""main"", ""voltage:primary"": ""150000"", ""voltage:secondary"": ""60000""}",73.24591516927728,OSM_NAMEPLATE_MVA_WITH_PROXY_IMPEDANCE+REN_VOLTAGE_PAIR_AGGREGATE_CALIBRATION,126.0,1.0,18.03910159170916,-1.8308997499686817,-18.02721851908336,2.1475588006590463,0.0118830726257996,0.3166590506903648,0.0702087926879718,0.1755219817199296,0.994024310906354,-12.084345077196932,0.9952801569767092,-13.082443261629914,14.476809056385424,0.0,0.0,0.9952801569767092,INFERRED_DISCRETE_VOLTAGE_CONTROL_NOT_OPERATOR_OBSERVED,AC_POWER_FLOW_SOLUTION_NOT_MEASURED_TELEMETRY
TRAFO:00181,BUS:OSM:way:156176120:150,BUS:JUNCTION:60:00864,150,60,120.0,12.0,0.45,0.0,0.0,0.0,hv,0,-8,8,1.25,0,DIRECT_OSM_TRANSFORMER_TAG,OSM:node:12335004583,"{""frequency"": ""50"", ""operator"": ""REN"", ""operator:wikidata"": ""Q1862842"", ""power"": ""transformer"", ""rating"": ""120 MVA"", ""transformer"": ""main"", ""voltage:primary"": ""150000"", ""voltage:secondary"": ""60000""}",74.56349800718043,OSM_NAMEPLATE_MVA_WITH_PROXY_IMPEDANCE+REN_VOLTAGE_PAIR_AGGREGATE_CALIBRATION,120.0,1.0,17.180096754008723,-1.743714047589074,-17.168779541984154,2.045294095865612,0.0113172120245685,0.301580048276538,0.0668655168456874,0.1671637921142185,0.994024310906354,-12.084345077196932,0.9952801569767092,-13.082443261629914,14.476809056385411,0.0,0.0,0.9952801569767092,INFERRED_DISCRETE_VOLTAGE_CONTROL_NOT_OPERATOR_OBSERVED,AC_POWER_FLOW_SOLUTION_NOT_MEASURED_TELEMETRY
TRAFO:00182,BUS:OSM:way:163227021:150,BUS:JUNCTION:60:01778,150,60,170.0,12.0,0.45,0.0,0.0,0.0,hv,0,-8,8,1.25,0,DIRECT_OSM_TRANSFORMER_TAG,OSM:node:12337081615,"{""frequency"": ""50"", ""operator"": ""REN"", ""operator:wikidata"": ""Q1862842"", ""power"": ""transformer"", ""rating"": ""170 MVA"", ""transformer"": ""main"", ""voltage:primary"": ""150000"", ""voltage:secondary"": ""60000""}",49.72662160879003,OSM_NAMEPLATE_MVA_WITH_PROXY_IMPEDANCE+REN_VOLTAGE_PAIR_AGGREGATE_CALIBRATION,170.0,1.0,40.083350458832875,10.171258797126804,-40.03702374682334,-8.936748741647285,0.046326712009538,1.23451005547952,0.1610208282580466,0.4025520706451166,0.9885088352450304,-12.816528989648836,0.9805867456229272,-14.47211559993197,24.60849314291993,-8.0,0.0,0.9805867456229272,INFERRED_DISCRETE_VOLTAGE_CONTROL_NOT_OPERATOR_OBSERVED,AC_POWER_FLOW_SOLUTION_NOT_MEASURED_TELEMETRY
TRAFO:00183,BUS:OSM:way:163227021:150,BUS:JUNCTION:60:01778,150,60,170.0,12.0,0.45,0.0,0.0,0.0,hv,0,-8,8,1.25,0,DIRECT_OSM_TRANSFORMER_TAG,OSM:node:12337081616,"{""frequency"": ""50"", ""operator"": ""REN"", ""operator:wikidata"": ""Q1862842"", ""power"": ""transformer"", ""rating"": ""170 MVA"", ""transformer"": ""main"", ""voltage:primary"": ""150000"", ""voltage:secondary"": ""60000""}",62.02434692552993,OSM_NAMEPLATE_MVA_WITH_PROXY_IMPEDANCE+REN_VOLTAGE_PAIR_AGGREGATE_CALIBRATION,170.0,1.0,40.083350458832875,10.171258797126804,-40.03702374682334,-8.936748741647285,0.046326712009538,1.23451005547952,0.1610208282580466,0.4025520706451166,0.9885088352450304,-12.816528989648836,0.9805867456229272,-14.47211559993197,24.60849314291993,-8.0,0.0,0.9805867456229272,INFERRED_DISCRETE_VOLTAGE_CONTROL_NOT_OPERATOR_OBSERVED,AC_POWER_FLOW_SOLUTION_NOT_MEASURED_TELEMETRY
TRAFO:00184,BUS:OSM:way:144651478:220,BUS:EREDES:1105P5395500:60,220,60,170.0,12.0,0.4,0.0,0.0,0.0,hv,0,-8,8,1.25,0,DIRECT_OSM_TRANSFORMER_TAG,OSM:node:12337448580,"{""frequency"": ""50"", ""operator"": ""REN"", ""operator:wikidata"": ""Q1862842"", ""power"": ""transformer"", ""rating"": ""170 MVA"", ""transformer"": ""main"", ""voltage:primary"": ""220000"", ""voltage:secondary"": ""60000""}",115.25284617966712,OSM_NAMEPLATE_MVA_WITH_PROXY_IMPEDANCE+REN_VOLTAGE_PAIR_AGGREGATE_CALIBRATION,170.0,1.0,78.94556229412842,25.14823906152146,-78.78055138647403,-20.200662778047832,0.1650109076543913,4.9475762834736265,0.2197695320395714,0.8058216174784286,0.989382633998398,-10.739421116124117,0.9711712480684058,-14.027034606103836,49.260846469763685,-8.0,0.0,0.9711712480684058,INFERRED_DISCRETE_VOLTAGE_CONTROL_NOT_OPERATOR_OBSERVED,AC_POWER_FLOW_SOLUTION_NOT_MEASURED_TELEMETRY
TRAFO:00185,BUS:OSM:way:144651478:220,BUS:EREDES:1105P5395500:60,220,60,170.0,12.0,0.4,0.0,0.0,0.0,hv,0,-8,8,1.25,0,DIRECT_OSM_TRANSFORMER_TAG,OSM:node:12337448581,"{""frequency"": ""50"", ""operator"": ""REN"", ""operator:wikidata"": ""Q1862842"", ""power"": ""transformer"", ""rating"": ""170 MVA"", ""transformer"": ""main"", ""voltage:primary"": ""220000"", ""voltage:secondary"": ""60000""}",87.71398441720034,OSM_NAMEPLATE_MVA_WITH_PROXY_IMPEDANCE+REN_VOLTAGE_PAIR_AGGREGATE_CALIBRATION,170.0,1.0,78.94556229412842,25.14823906152146,-78.78055138647403,-20.200662778047832,0.1650109076543913,4.9475762834736265,0.2197695320395714,0.8058216174784286,0.989382633998398,-10.739421116124117,0.9711712480684058,-14.027034606103836,49.260846469763685,-8.0,0.0,0.9711712480684058,INFERRED_DISCRETE_VOLTAGE_CONTROL_NOT_OPERATOR_OBSERVED,AC_POWER_FLOW_SOLUTION_NOT_MEASURED_TELEMETRY
TRAFO:00186,BUS:OSM:way:144651478:220,BUS:EREDES:1105P5395500:60,220,60,170.0,12.0,0.4,0.0,0.0,0.0,hv,0,-8,8,1.25,0,DIRECT_OSM_TRANSFORMER_TAG,OSM:node:12337448582,"{""frequency"": ""50"", ""operator"": ""REN"", ""operator:wikidata"": ""Q1862842"", ""power"": ""transformer"", ""rating"": ""170 MVA"", ""transformer"": ""main"", ""voltage:primary"": ""220000"", ""voltage:secondary"": ""60000""}",78.81735937720781,OSM_NAMEPLATE_MVA_WITH_PROXY_IMPEDANCE+REN_VOLTAGE_PAIR_AGGREGATE_CALIBRATION,170.0,1.0,78.94556229412842,25.14823906152146,-78.78055138647403,-20.200662778047832,0.1650109076543913,4.9475762834736265,0.2197695320395714,0.8058216174784286,0.989382633998398,-10.739421116124117,0.9711712480684058,-14.027034606103836,49.260846469763685,-8.0,0.0,0.9711712480684058,INFERRED_DISCRETE_VOLTAGE_CONTROL_NOT_OPERATOR_OBSERVED,AC_POWER_FLOW_SOLUTION_NOT_MEASURED_TELEMETRY
TRAFO:00187,BUS:OSM:way:144711815:150,BUS:EREDES:0813S5062400:60,150,60,170.0,12.0,0.45,0.0,0.0,0.0,hv,0,-8,8,1.25,0,DIRECT_OSM_TRANSFORMER_TAG,OSM:node:12339164300,"{""frequency"": ""50"", ""operator"": ""REN"", ""operator:wikidata"": ""Q1862842"", ""power"": ""transformer"", ""transformer"": ""main"", ""voltage:primary"": ""150000"", ""voltage:secondary"": ""60000""}",108.80399537619456,VOLTAGE_PAIR_PROXY+REN_VOLTAGE_PAIR_AGGREGATE_CALIBRATION,170.0,1.0,43.81457462267508,8.890645583352441,-43.76022244526643,-7.442273647645417,0.0543521774086457,1.4483719357070235,0.1744113689754433,0.4360284224386083,0.9866286099222064,-10.103252834737235,0.9795901425243672,-11.921793931204698,26.65494286615677,-8.0,0.0,0.9795901425243672,INFERRED_DISCRETE_VOLTAGE_CONTROL_NOT_OPERATOR_OBSERVED,AC_POWER_FLOW_SOLUTION_NOT_MEASURED_TELEMETRY
TRAFO:00188,BUS:OSM:way:144396420:220,BUS:OSM:way:144396420:150,220,150,80.0,12.0,0.35,0.0,0.0,0.0,hv,0,-8,8,1.25,0,DIRECT_OSM_TRANSFORMER_TAG,OSM:node:12339419564,"{""frequency"": ""50"", ""operator"": ""REN"", ""operator:wikidata"": ""Q1862842"", ""power"": ""transformer"", ""rating"": ""80 MVA"", ""transformer"": ""main"", ""voltage:primary"": ""220000"", ""voltage:secondary"": ""150000"", ""windings:auto"": ""yes""}",6.741333341644577,OSM_NAMEPLATE_MVA_WITH_PROXY_IMPEDANCE+REN_VOLTAGE_PAIR_AGGREGATE_CALIBRATION,80.0,1.0,-34.11059553635374,3.266438345767089,34.16200500079402,-1.5045780172561865,0.051409464440276,1.761860328510903,0.0899599494954744,0.1319412592600292,0.9996292627062344,1.7749663920004184,0.9975430362861878,4.723127798290802,42.84918087243529,0.0,0.0,0.9975430362861878,INFERRED_DISCRETE_VOLTAGE_CONTROL_NOT_OPERATOR_OBSERVED,AC_POWER_FLOW_SOLUTION_NOT_MEASURED_TELEMETRY
TRAFO:00189,BUS:OSM:way:137667702:220,BUS:JUNCTION:60:02259,220,60,170.0,12.0,0.4,0.0,0.0,0.0,hv,0,-8,8,1.25,0,DIRECT_OSM_TRANSFORMER_TAG,OSM:node:12339592205,"{""frequency"": ""50"", ""operator"": ""REN"", ""operator:wikidata"": ""Q1862842"", ""power"": ""transformer"", ""transformer"": ""main"", ""voltage:primary"": ""220000"", ""voltage:secondary"": ""60000""}",77.53110111045707,VOLTAGE_PAIR_PROXY+REN_VOLTAGE_PAIR_AGGREGATE_CALIBRATION,170.0,1.0,-6.802238043357843,5.264595625332706,6.803980631161447,-5.212347042426698,0.0017425878036041,0.0522485829060084,0.0225843966061272,0.0828094542224665,0.9995031700273632,1.2085734983430052,0.995959514248162,1.4919144531345336,5.062241719777449,0.0,0.0,0.995959514248162,INFERRED_DISCRETE_VOLTAGE_CONTROL_NOT_OPERATOR_OBSERVED,AC_POWER_FLOW_SOLUTION_NOT_MEASURED_TELEMETRY
TRAFO:00190,BUS:OSM:way:137667702:220,BUS:JUNCTION:60:02259,220,60,170.0,12.0,0.4,0.0,0.0,0.0,hv,0,-8,8,1.25,0,DIRECT_OSM_TRANSFORMER_TAG,OSM:node:12339592206,"{""frequency"": ""50"", ""operator"": ""REN"", ""operator:wikidata"": ""Q1862842"", ""power"": ""transformer"", ""transformer"": ""main"", ""voltage:primary"": ""220000"", ""voltage:secondary"": ""60000""}",61.43118888621061,VOLTAGE_PAIR_PROXY+REN_VOLTAGE_PAIR_AGGREGATE_CALIBRATION,170.0,1.0,-6.802238043357843,5.264595625332706,6.803980631161447,-5.212347042426698,0.0017425878036041,0.0522485829060084,0.0225843966061272,0.0828094542224665,0.9995031700273632,1.2085734983430052,0.995959514248162,1.4919144531345336,5.062241719777449,0.0,0.0,0.995959514248162,INFERRED_DISCRETE_VOLTAGE_CONTROL_NOT_OPERATOR_OBSERVED,AC_POWER_FLOW_SOLUTION_NOT_MEASURED_TELEMETRY
TRAFO:00191,BUS:OSM:way:137667702:220,BUS:JUNCTION:60:02259,220,60,170.0,12.0,0.4,0.0,0.0,0.0,hv,0,-8,8,1.25,0,DIRECT_OSM_TRANSFORMER_TAG,OSM:node:12339592207,"{""frequency"": ""50"", ""operator"": ""REN"", ""operator:wikidata"": ""Q1862842"", ""power"": ""transformer"", ""transformer"": ""main"", ""voltage:primary"": ""220000"", ""voltage:secondary"": ""60000""}",55.14910579650114,VOLTAGE_PAIR_PROXY+REN_VOLTAGE_PAIR_AGGREGATE_CALIBRATION,170.0,1.0,-6.802238043357843,5.264595625332706,6.803980631161447,-5.212347042426698,0.0017425878036041,0.0522485829060084,0.0225843966061272,0.0828094542224665,0.9995031700273632,1.2085734983430052,0.995959514248162,1.4919144531345336,5.062241719777449,0.0,0.0,0.995959514248162,INFERRED_DISCRETE_VOLTAGE_CONTROL_NOT_OPERATOR_OBSERVED,AC_POWER_FLOW_SOLUTION_NOT_MEASURED_TELEMETRY
TRAFO:00192,BUS:OSM:way:137667702:220,BUS:JUNCTION:60:02259,220,60,170.0,12.0,0.4,0.0,0.0,0.0,hv,0,-8,8,1.25,0,DIRECT_OSM_TRANSFORMER_TAG,OSM:node:12339592208,"{""frequency"": ""50"", ""operator"": ""REN"", ""operator:wikidata"": ""Q1862842"", ""power"": ""transformer"", ""transformer"": ""main"", ""voltage:primary"": ""220000"", ""voltage:secondary"": ""60000""}",57.30258812981454,VOLTAGE_PAIR_PROXY+REN_VOLTAGE_PAIR_AGGREGATE_CALIBRATION,170.0,1.0,-6.802238043357843,5.264595625332706,6.803980631161447,-5.212347042426698,0.0017425878036041,0.0522485829060084,0.0225843966061272,0.0828094542224665,0.9995031700273632,1.2085734983430052,0.995959514248162,1.4919144531345336,5.062241719777449,0.0,0.0,0.995959514248162,INFERRED_DISCRETE_VOLTAGE_CONTROL_NOT_OPERATOR_OBSERVED,AC_POWER_FLOW_SOLUTION_NOT_MEASURED_TELEMETRY
TRAFO:00193,BUS:OSM:way:1202443036:220,BUS:EREDES:1106S5183100:60,220,60,170.0,12.0,0.4,0.0,0.0,0.0,hv,0,-8,8,1.25,0,DIRECT_OSM_TRANSFORMER_TAG,OSM:node:12339805645,"{""frequency"": ""50"", ""operator"": ""REN"", ""operator:wikidata"": ""Q1862842"", ""power"": ""transformer"", ""rating"": ""170 MVA"", ""transformer"": ""main"", ""voltage:primary"": ""220000"", ""voltage:secondary"": ""60000""}",34.925593095182684,OSM_NAMEPLATE_MVA_WITH_PROXY_IMPEDANCE+REN_VOLTAGE_PAIR_AGGREGATE_CALIBRATION,170.0,1.0,52.830066549848674,12.297123092455651,-52.759582865447854,-10.183787614999265,0.0704836844008198,2.1133354774563884,0.1436334049137807,0.526655818017196,0.9910599523519966,-10.597842596073509,0.9817613290224853,-12.77609798232061,32.19510476144231,-8.0,0.0,0.9817613290224853,INFERRED_DISCRETE_VOLTAGE_CONTROL_NOT_OPERATOR_OBSERVED,AC_POWER_FLOW_SOLUTION_NOT_MEASURED_TELEMETRY
TRAFO:00194,BUS:OSM:way:1202443036:220,BUS:EREDES:1106S5183100:60,220,60,170.0,12.0,0.4,0.0,0.0,0.0,hv,0,-8,8,1.25,0,DIRECT_OSM_TRANSFORMER_TAG,OSM:node:12339805646,"{""frequency"": ""50"", ""operator"": ""REN"", ""operator:wikidata"": ""Q1862842"", ""power"": ""transformer"", ""rating"": ""170 MVA"", ""transformer"": ""main"", ""voltage:primary"": ""220000"", ""voltage:secondary"": ""60000""}",34.508745982404626,OSM_NAMEPLATE_MVA_WITH_PROXY_IMPEDANCE+REN_VOLTAGE_PAIR_AGGREGATE_CALIBRATION,170.0,1.0,52.830066549848674,12.297123092455651,-52.759582865447854,-10.183787614999265,0.0704836844008198,2.1133354774563884,0.1436334049137807,0.526655818017196,0.9910599523519966,-10.597842596073509,0.9817613290224853,-12.77609798232061,32.19510476144231,-8.0,0.0,0.9817613290224853,INFERRED_DISCRETE_VOLTAGE_CONTROL_NOT_OPERATOR_OBSERVED,AC_POWER_FLOW_SOLUTION_NOT_MEASURED_TELEMETRY
TRAFO:00195,BUS:OSM:way:1202443036:220,BUS:EREDES:1106S5183100:60,220,60,170.0,12.0,0.4,0.0,0.0,0.0,hv,0,-8,8,1.25,0,DIRECT_OSM_TRANSFORMER_TAG,OSM:node:12339805647,"{""frequency"": ""50"", ""operator"": ""REN"", ""operator:wikidata"": ""Q1862842"", ""power"": ""transformer"", ""rating"": ""170 MVA"", ""transformer"": ""main"", ""voltage:primary"": ""220000"", ""voltage:secondary"": ""60000""}",40.04838401948766,OSM_NAMEPLATE_MVA_WITH_PROXY_IMPEDANCE+REN_VOLTAGE_PAIR_AGGREGATE_CALIBRATION,170.0,1.0,52.830066549848674,12.297123092455651,-52.759582865447854,-10.183787614999265,0.0704836844008198,2.1133354774563884,0.1436334049137807,0.526655818017196,0.9910599523519966,-10.597842596073509,0.9817613290224853,-12.77609798232061,32.19510476144231,-8.0,0.0,0.9817613290224853,INFERRED_DISCRETE_VOLTAGE_CONTROL_NOT_OPERATOR_OBSERVED,AC_POWER_FLOW_SOLUTION_NOT_MEASURED_TELEMETRY
TRAFO:00196,BUS:OSM:way:694016335:400,BUS:JUNCTION:60:00469,400,60,170.0,12.0,0.35,0.0,0.0,0.0,hv,0,-8,8,1.25,0,DIRECT_OSM_TRANSFORMER_TAG,OSM:node:12351060696,"{""frequency"": ""50"", ""operator"": ""REN"", ""operator:wikidata"": ""Q1862842"", ""power"": ""transformer"", ""rating"": ""170 MVA"", ""transformer"": ""main"", ""voltage:primary"": ""400000"", ""voltage:secondary"": ""60000""}",85.44594261245625,OSM_NAMEPLATE_MVA_WITH_PROXY_IMPEDANCE+REN_VOLTAGE_PAIR_AGGREGATE_CALIBRATION,170.0,1.0,31.548406770389576,5.953921733815633,-31.52718542310623,-5.226642227928048,0.0212213472833475,0.7272795058875854,0.046340028452785,0.3089335230185669,1.0,0.0654205774563006,0.9953956900116818,-1.2089315986176568,18.885478518684963,0.0,0.0,0.9953956900116818,INFERRED_DISCRETE_VOLTAGE_CONTROL_NOT_OPERATOR_OBSERVED,AC_POWER_FLOW_SOLUTION_NOT_MEASURED_TELEMETRY
TRAFO:00197,BUS:OSM:way:694016335:400,BUS:JUNCTION:60:00469,400,60,170.0,12.0,0.35,0.0,0.0,0.0,hv,0,-8,8,1.25,0,DIRECT_OSM_TRANSFORMER_TAG,OSM:node:12351060697,"{""frequency"": ""50"", ""operator"": ""REN"", ""operator:wikidata"": ""Q1862842"", ""power"": ""transformer"", ""rating"": ""170 MVA"", ""transformer"": ""main"", ""voltage:primary"": ""400000"", ""voltage:secondary"": ""60000""}",86.58729678536889,OSM_NAMEPLATE_MVA_WITH_PROXY_IMPEDANCE+REN_VOLTAGE_PAIR_AGGREGATE_CALIBRATION,170.0,1.0,31.548406770389576,5.953921733815633,-31.52718542310623,-5.226642227928048,0.0212213472833475,0.7272795058875854,0.046340028452785,0.3089335230185669,1.0,0.0654205774563006,0.9953956900116818,-1.2089315986176568,18.885478518684963,0.0,0.0,0.9953956900116818,INFERRED_DISCRETE_VOLTAGE_CONTROL_NOT_OPERATOR_OBSERVED,AC_POWER_FLOW_SOLUTION_NOT_MEASURED_TELEMETRY
TRAFO:00198,BUS:OSM:way:115732510:150,BUS:JUNCTION:60:03188,150,60,126.0,12.0,0.45,0.0,0.0,0.0,hv,0,-8,8,1.25,0,DIRECT_OSM_TRANSFORMER_TAG,OSM:node:13734423465,"{""frequency"": ""50"", ""operator"": ""REN"", ""operator:wikidata"": ""Q1862842"", ""power"": ""transformer"", ""rating"": ""126 MVA"", ""transformer"": ""main"", ""voltage:primary"": ""150000"", ""voltage:secondary"": ""60000""}",92.4285899934207,OSM_NAMEPLATE_MVA_WITH_PROXY_IMPEDANCE+REN_VOLTAGE_PAIR_AGGREGATE_CALIBRATION,126.0,1.0,-1.0298009037010054,2.528390897660191,1.030067091216457,-2.521297556686629,0.0002661875154512,0.007093340973562,0.0105080219322152,0.026270054830538,1.0,-10.387164333997138,0.9976310551963442,-10.325690862545672,2.166717604005336,0.0,0.0,0.9976310551963442,INFERRED_DISCRETE_VOLTAGE_CONTROL_NOT_OPERATOR_OBSERVED,AC_POWER_FLOW_SOLUTION_NOT_MEASURED_TELEMETRY
TRAFO:00199,BUS:OSM:relation:17294973:400,BUS:OSM:relation:17294973:150,400,150,450.0,12.0,0.3,0.0,0.0,0.0,hv,0,-8,8,1.25,0,OSM_SUBSTATION_COLOCATION_INFERRED,OSM:relation:17294973,Multiple configured voltage levels are co-located in the same OSM substation feature.,0.0,VOLTAGE_PAIR_PROXY+REN_VOLTAGE_PAIR_AGGREGATE_CALIBRATION,450.0,1.0,309.01445882268064,55.798419766501574,-308.3565885170414,-29.49183220505944,0.6578703056392214,26.306587561442136,0.4534142372182905,1.209104632582108,0.9996090337812956,-8.048469774954226,0.986085926719568,-12.820752777897203,69.80768850997036,0.0,0.0,0.986085926719568,INFERRED_DISCRETE_VOLTAGE_CONTROL_NOT_OPERATOR_OBSERVED,AC_POWER_FLOW_SOLUTION_NOT_MEASURED_TELEMETRY
TRAFO:00200,BUS:OSM:way:144588414:220,BUS:OSM:way:144588414:150,220,150,250.0,12.0,0.35,0.0,0.0,0.0,hv,0,-8,8,1.25,0,OSM_SUBSTATION_COLOCATION_INFERRED,OSM:way:144588414,Multiple configured voltage levels are co-located in the same OSM substation feature.,0.0,VOLTAGE_PAIR_PROXY+REN_VOLTAGE_PAIR_AGGREGATE_CALIBRATION,250.0,1.0,-2.400031028777685,2.6999111190441685,2.4002143382111427,-2.693628898014101,0.0001833094334577,0.0062822210300672,0.0094960956748891,0.0139276069898374,0.9983236467499496,-4.513173093061707,0.997060434127464,-4.444714194201989,1.447399376054989,0.0,0.0,0.997060434127464,INFERRED_DISCRETE_VOLTAGE_CONTROL_NOT_OPERATOR_OBSERVED,AC_POWER_FLOW_SOLUTION_NOT_MEASURED_TELEMETRY
TRAFO:00201,BUS:OSM:way:1462950857:400,BUS:OSM:way:1462950857:150,400,150,450.0,12.0,0.3,0.0,0.0,0.0,hv,0,-8,8,1.25,0,OSM_SUBSTATION_COLOCATION_INFERRED,OSM:way:1462950857,Multiple configured voltage levels are co-located in the same OSM substation feature.,0.0,VOLTAGE_PAIR_PROXY+REN_VOLTAGE_PAIR_AGGREGATE_CALIBRATION,450.0,1.0,0.0,0.0,0.0,0.0,0.0,0.0,0.0,0.0,1.0017937445742575,0.8625997768798275,1.0017937445742575,0.8625997768798275,0.0,0.0,0.0,1.0017937445742575,INFERRED_DISCRETE_VOLTAGE_CONTROL_NOT_OPERATOR_OBSERVED,AC_POWER_FLOW_SOLUTION_NOT_MEASURED_TELEMETRY
TRAFO:00202,BUS:OSM:way:813954335:400,BUS:EREDES:1507S5900600:60,400,60,170.0,12.0,0.35,0.0,0.0,0.0,hv,0,-8,8,1.25,0,RARI_BOUNDARY_NAME_AND_SPATIAL_INFERRED,RARI:Alcochete,E-REDES RARI boundary name matches an OSM high-voltage substation; the closest associated E-REDES 60 kV facility is used.,3321.9776162000153,VOLTAGE_PAIR_PROXY+REN_VOLTAGE_PAIR_AGGREGATE_CALIBRATION,170.0,1.0,61.880391712627414,6.464587533572015,-61.80021143367818,-3.716718942688336,0.0801802789492356,2.747868590883679,0.0900748611320543,0.6004990742136955,0.9969787331667144,-9.400228382778064,0.992086932679839,-11.922558839497473,36.709231991865686,0.0,0.0,0.992086932679839,INFERRED_DISCRETE_VOLTAGE_CONTROL_NOT_OPERATOR_OBSERVED,AC_POWER_FLOW_SOLUTION_NOT_MEASURED_TELEMETRY
TRAFO:00203,BUS:OSM:way:144439472:400,BUS:EREDES:1823S5009300:60,400,60,170.0,12.0,0.35,0.0,0.0,0.0,hv,0,-8,8,1.25,0,RARI_BOUNDARY_NAME_AND_SPATIAL_INFERRED,RARI:Bodiosa,E-REDES RARI boundary name matches an OSM high-voltage substation; the closest associated E-REDES 60 kV facility is used.,4380.780039632814,VOLTAGE_PAIR_PROXY+REN_VOLTAGE_PAIR_AGGREGATE_CALIBRATION,170.0,1.0,-12.298738856686564,9.481486630759736,12.30370386540233,-9.311330182287556,0.0049650087157644,0.1701564484721789,0.0224145398399792,0.1494302655998614,1.0000000000000002,-0.60101170883992,0.993602861701205,-0.089347667769293,9.134852195557832,0.0,0.0,0.993602861701205,INFERRED_DISCRETE_VOLTAGE_CONTROL_NOT_OPERATOR_OBSERVED,AC_POWER_FLOW_SOLUTION_NOT_MEASURED_TELEMETRY
TRAFO:00204,BUS:OSM:way:116944631:220,BUS:EREDES:1317S5001800:60,220,60,170.0,12.0,0.4,0.0,0.0,0.0,hv,0,-8,8,1.25,0,RARI_BOUNDARY_NAME_AND_SPATIAL_INFERRED,RARI:Canelas,E-REDES RARI boundary name matches an OSM high-voltage substation; the closest associated E-REDES 60 kV facility is used.,2305.8535959845076,VOLTAGE_PAIR_PROXY+REN_VOLTAGE_PAIR_AGGREGATE_CALIBRATION,170.0,1.0,76.20040863445678,22.37057106954527,-76.05026157645098,-17.868662475850137,0.1501470580057997,4.501908593695134,0.2096377888536988,0.7686718924635624,0.9941607979230296,-1.3436058327335691,0.9779493560700976,-4.4822481010264035,46.98983901518861,-8.0,0.0,0.9779493560700976,INFERRED_DISCRETE_VOLTAGE_CONTROL_NOT_OPERATOR_OBSERVED,AC_POWER_FLOW_SOLUTION_NOT_MEASURED_TELEMETRY
TRAFO:00205,BUS:OSM:way:151166980:220,BUS:EREDES:1113S5480800:60,220,60,170.0,12.0,0.4,0.0,0.0,0.0,hv,0,-8,8,1.25,0,RARI_BOUNDARY_NAME_AND_SPATIAL_INFERRED,RARI:Carvoeira,E-REDES RARI boundary name matches an OSM high-voltage substation; the closest associated E-REDES 60 kV facility is used.,2732.635068746898,VOLTAGE_PAIR_PROXY+REN_VOLTAGE_PAIR_AGGREGATE_CALIBRATION,170.0,1.0,33.381122913242685,6.111108200427715,-33.35355126639717,-5.284418450227194,0.0275716468455158,0.8266897502005213,0.0898343666766065,0.3293926778142236,0.9913648046495066,-9.479340265112851,0.9865062175074438,-10.850736057536263,20.13617130407299,0.0,0.0,0.9865062175074438,INFERRED_DISCRETE_VOLTAGE_CONTROL_NOT_OPERATOR_OBSERVED,AC_POWER_FLOW_SOLUTION_NOT_MEASURED_TELEMETRY
TRAFO:00206,BUS:OSM:way:144432478:220,BUS:EREDES:0903S5008700:60,220,60,170.0,12.0,0.4,0.0,0.0,0.0,hv,0,-8,8,1.25,0,RARI_BOUNDARY_NAME_AND_SPATIAL_INFERRED,RARI:Chafariz,E-REDES RARI boundary name matches an OSM high-voltage substation; the closest associated E-REDES 60 kV facility is used.,2693.491592733918,VOLTAGE_PAIR_PROXY+REN_VOLTAGE_PAIR_AGGREGATE_CALIBRATION,170.0,1.0,-53.39853752243834,14.037596113576454,53.470265943948526,-11.886939274223172,0.0717284215101869,2.1506568393532817,0.1448961325092475,0.5312858192005743,1.0,2.547742618552036,0.992081174780156,4.743038778771177,32.47814231280872,0.0,0.0,0.992081174780156,INFERRED_DISCRETE_VOLTAGE_CONTROL_NOT_OPERATOR_OBSERVED,AC_POWER_FLOW_SOLUTION_NOT_MEASURED_TELEMETRY
TRAFO:00207,BUS:OSM:way:1089441083:220,BUS:EREDES:1315S5021000:60,220,60,170.0,12.0,0.4,0.0,0.0,0.0,hv,0,-8,8,1.25,0,RARI_BOUNDARY_NAME_AND_SPATIAL_INFERRED,RARI:Ermesinde,E-REDES RARI boundary name matches an OSM high-voltage substation; the closest associated E-REDES 60 kV facility is used.,222.65850919876905,VOLTAGE_PAIR_PROXY+REN_VOLTAGE_PAIR_AGGREGATE_CALIBRATION,170.0,1.0,83.92074857046497,24.936365365670028,-83.73777630368666,-19.45024774766509,0.1829722667783073,5.486117618004936,0.231421546275252,0.8485456696759239,0.9927850344015258,-1.3962341212719314,0.9748655817666652,-4.8685832909739855,51.872619261926765,-8.0,0.0,0.9748655817666652,INFERRED_DISCRETE_VOLTAGE_CONTROL_NOT_OPERATOR_OBSERVED,AC_POWER_FLOW_SOLUTION_NOT_MEASURED_TELEMETRY
TRAFO:00208,BUS:OSM:way:144374442:220,BUS:EREDES:0108S5001000:60,220,60,170.0,12.0,0.4,0.0,0.0,0.0,hv,0,-8,8,1.25,0,RARI_BOUNDARY_NAME_AND_SPATIAL_INFERRED,RARI:Estarreja,E-REDES RARI boundary name matches an OSM high-voltage substation; the closest associated E-REDES 60 kV facility is used.,2654.8342436310745,VOLTAGE_PAIR_PROXY+REN_VOLTAGE_PAIR_AGGREGATE_CALIBRATION,170.0,1.0,97.86335384544115,31.361980092855173,-97.61310454718112,-23.85867312589662,0.2502492982600586,7.503306966958554,0.2706434936619014,0.9923594767603052,0.9964779928534576,-0.6254253123289377,0.974377401581758,-4.659377866321102,60.66413058075231,-8.0,0.0,0.974377401581758,INFERRED_DISCRETE_VOLTAGE_CONTROL_NOT_OPERATOR_OBSERVED,AC_POWER_FLOW_SOLUTION_NOT_MEASURED_TELEMETRY
TRAFO:00209,BUS:OSM:way:93512590:150,BUS:EREDES:0810S5063600:60,150,60,170.0,12.0,0.45,0.0,0.0,0.0,hv,0,-8,8,1.25,0,RARI_BOUNDARY_NAME_AND_SPATIAL_INFERRED,RARI:Estoi,E-REDES RARI boundary name matches an OSM high-voltage substation; the closest associated E-REDES 60 kV facility is used.,4405.082972768643,VOLTAGE_PAIR_PROXY+REN_VOLTAGE_PAIR_AGGREGATE_CALIBRATION,170.0,1.0,132.9025252466977,44.92000781451085,-132.36990084563135,-30.726680673684392,0.5326244010663572,14.193327140826462,0.5459801415803446,1.3649503539508612,0.9889939052409352,-8.020087882718478,0.9579806487713602,-13.626459094227,83.44105986536522,-8.0,0.0,0.9579806487713602,INFERRED_DISCRETE_VOLTAGE_CONTROL_NOT_OPERATOR_OBSERVED,AC_POWER_FLOW_SOLUTION_NOT_MEASURED_TELEMETRY
TRAFO:00210,BUS:OSM:way:144601080:400,BUS:JUNCTION:60:00825,400,60,170.0,12.0,0.35,0.0,0.0,0.0,hv,0,-8,8,1.25,0,RARI_BOUNDARY_NAME_AND_COLOCATED_60KV_ENDPOINT_INFERRED,RARI:Estremoz,E-REDES RARI names the RNT boundary; the closest 60 kV topology endpoint co-located with the matched OSM high-voltage substation is used.,79.59808928392528,VOLTAGE_PAIR_PROXY+REN_VOLTAGE_PAIR_AGGREGATE_CALIBRATION,170.0,1.0,66.80464275629305,-3.5548915651474604,-66.7124946534098,6.712910980154742,0.0921481028832431,3.158019415007282,0.0965635045491053,0.6437566969940358,0.999970122052186,-4.722814741029161,1.0022156154556692,-7.422811043611804,39.35362259669621,0.0,0.0,1.0022156154556692,INFERRED_DISCRETE_VOLTAGE_CONTROL_NOT_OPERATOR_OBSERVED,AC_POWER_FLOW_SOLUTION_NOT_MEASURED_TELEMETRY
TRAFO:00211,BUS:OSM:way:541036600:150,BUS:EREDES:0307S5004400:60,150,60,170.0,12.0,0.45,0.0,0.0,0.0,hv,0,-8,8,1.25,0,RARI_BOUNDARY_NAME_AND_SPATIAL_INFERRED,RARI:Fafe,E-REDES RARI boundary name matches an OSM high-voltage substation; the closest associated E-REDES 60 kV facility is used.,3102.7627778195088,VOLTAGE_PAIR_PROXY+REN_VOLTAGE_PAIR_AGGREGATE_CALIBRATION,170.0,1.0,71.67348955973097,20.67756552881333,-71.52342720341784,-16.678717352853724,0.1500623563131284,3.998848175959605,0.2898025470738378,0.7245063676845944,0.990751809817528,4.565694110842714,0.9754219848372612,1.5993800718858555,44.28994726718455,-8.0,0.0,0.9754219848372612,INFERRED_DISCRETE_VOLTAGE_CONTROL_NOT_OPERATOR_OBSERVED,AC_POWER_FLOW_SOLUTION_NOT_MEASURED_TELEMETRY
TRAFO:00212,BUS:OSM:way:24636044:220,BUS:EREDES:1107S5901900:60,220,60,170.0,12.0,0.4,0.0,0.0,0.0,hv,0,-8,8,1.25,0,RARI_BOUNDARY_NAME_AND_SPATIAL_INFERRED,RARI:Fanhões,E-REDES RARI boundary name matches an OSM high-voltage substation; the closest associated E-REDES 60 kV facility is used.,172.95278585036104,VOLTAGE_PAIR_PROXY+REN_VOLTAGE_PAIR_AGGREGATE_CALIBRATION,170.0,1.0,21.168534052067276,2.5337425325333887,-21.15769972946897,-2.208893476814191,0.0108343225983098,0.3248490557191976,0.0563134374715605,0.2064826040623887,0.9935376890610088,-10.020576193972,0.9913502637868952,-10.885887125000426,12.622530392300652,0.0,0.0,0.9913502637868952,INFERRED_DISCRETE_VOLTAGE_CONTROL_NOT_OPERATOR_OBSERVED,AC_POWER_FLOW_SOLUTION_NOT_MEASURED_TELEMETRY
TRAFO:00213,BUS:OSM:way:144432489:220,BUS:EREDES:0503P5011700:60,220,60,170.0,12.0,0.4,0.0,0.0,0.0,hv,0,-8,8,1.25,0,RARI_BOUNDARY_NAME_AND_SPATIAL_INFERRED,RARI:Ferro,E-REDES RARI boundary name matches an OSM high-voltage substation; the closest associated E-REDES 60 kV facility is used.,3093.591838294231,VOLTAGE_PAIR_PROXY+REN_VOLTAGE_PAIR_AGGREGATE_CALIBRATION,170.0,1.0,-0.7689774650928938,7.770975082880213,0.770412459303704,-7.727949179773276,0.0014349942108101,0.0430259031069368,0.0204944482772506,0.0751463103499189,0.9999354444370672,1.0609141381836016,0.9944711039307088,1.102707530391998,4.59378450096701,0.0,0.0,0.9944711039307088,INFERRED_DISCRETE_VOLTAGE_CONTROL_NOT_OPERATOR_OBSERVED,AC_POWER_FLOW_SOLUTION_NOT_MEASURED_TELEMETRY
TRAFO:00214,BUS:OSM:way:144554435:400,BUS:EREDES:0605P5020300:60,400,60,170.0,12.0,0.35,0.0,0.0,0.0,hv,0,-8,8,1.25,0,RARI_BOUNDARY_NAME_AND_SPATIAL_INFERRED,RARI:Lavos,E-REDES RARI boundary name matches an OSM high-voltage substation; the closest associated E-REDES 60 kV facility is used.,1430.8679792805774,VOLTAGE_PAIR_PROXY+REN_VOLTAGE_PAIR_AGGREGATE_CALIBRATION,170.0,1.0,4.380566592325005,-0.1377858035193784,-4.380171116978092,0.1513391896947879,0.000395475346913,0.0135533861754094,0.0063260049538173,0.0421733663587825,0.9999881832930012,-3.0588604129472476,0.9999999999999998,-3.2361179353103395,2.578108703280969,0.0,0.0,0.9999999999999998,INFERRED_DISCRETE_VOLTAGE_CONTROL_NOT_OPERATOR_OBSERVED,AC_POWER_FLOW_SOLUTION_NOT_MEASURED_TELEMETRY
TRAFO:00215,BUS:OSM:way:151061905:150,BUS:EREDES:0313S5020100:60,150,60,170.0,12.0,0.45,0.0,0.0,0.0,hv,0,-8,8,1.25,0,RARI_BOUNDARY_NAME_AND_SPATIAL_INFERRED,RARI:Oleiros,E-REDES RARI boundary name matches an OSM high-voltage substation; the closest associated E-REDES 60 kV facility is used.,4407.46241230862,VOLTAGE_PAIR_PROXY+REN_VOLTAGE_PAIR_AGGREGATE_CALIBRATION,170.0,1.0,49.8610212539216,11.377358666498086,-49.78972462588699,-9.477452534320957,0.0712966280346094,1.8999061321771291,0.1997564506054005,0.4993911265135016,0.9854398491634164,3.4173379004127873,0.9765977645029223,1.340871185641877,30.528381316603827,-8.0,0.0,0.9765977645029223,INFERRED_DISCRETE_VOLTAGE_CONTROL_NOT_OPERATOR_OBSERVED,AC_POWER_FLOW_SOLUTION_NOT_MEASURED_TELEMETRY
TRAFO:00216,BUS:OSM:way:144439469:220,BUS:EREDES:0103S5006000:60,220,60,170.0,12.0,0.4,0.0,0.0,0.0,hv,0,-8,8,1.25,0,RARI_BOUNDARY_NAME_AND_SPATIAL_INFERRED,RARI:Paraímo,E-REDES RARI boundary name matches an OSM high-voltage substation; the closest associated E-REDES 60 kV facility is used.,4107.066686110217,VOLTAGE_PAIR_PROXY+REN_VOLTAGE_PAIR_AGGREGATE_CALIBRATION,170.0,1.0,21.47557549034573,8.898650546482353,-21.462805806975993,-8.515772932598194,0.0127696833697328,0.3828776138841583,0.0611365913713116,0.2241675016948092,0.9978554768437738,-1.0619723722838603,0.9911707898623032,-1.9275679911916792,13.703629494395011,0.0,0.0,0.9911707898623032,INFERRED_DISCRETE_VOLTAGE_CONTROL_NOT_OPERATOR_OBSERVED,AC_POWER_FLOW_SOLUTION_NOT_MEASURED_TELEMETRY
TRAFO:00217,BUS:OSM:way:144545398:220,BUS:EREDES:0603S5005300:60,220,60,170.0,12.0,0.4,0.0,0.0,0.0,hv,0,-8,8,1.25,0,RARI_BOUNDARY_NAME_AND_SPATIAL_INFERRED,RARI:Pereiros,E-REDES RARI boundary name matches an OSM high-voltage substation; the closest associated E-REDES 60 kV facility is used.,3496.494186669293,VOLTAGE_PAIR_PROXY+REN_VOLTAGE_PAIR_AGGREGATE_CALIBRATION,170.0,1.0,11.519695425658467,16.430448169722617,-11.510184266842344,-16.145271968610082,0.0095111588161245,0.2851762011125345,0.0527628047522676,0.1934636174249815,0.99806697600946,-1.48072310005999,0.9862119252175112,-1.9312932132176452,11.826664051628317,0.0,0.0,0.9862119252175112,INFERRED_DISCRETE_VOLTAGE_CONTROL_NOT_OPERATOR_OBSERVED,AC_POWER_FLOW_SOLUTION_NOT_MEASURED_TELEMETRY
TRAFO:00218,BUS:OSM:way:163194137:150,BUS:EREDES:0811S5060400:60,150,60,170.0,12.0,0.45,0.0,0.0,0.0,hv,0,-8,8,1.25,0,RARI_BOUNDARY_NAME_AND_SPATIAL_INFERRED,RARI:Portimão,E-REDES RARI boundary name matches an OSM high-voltage substation; the closest associated E-REDES 60 kV facility is used.,2741.056199546056,VOLTAGE_PAIR_PROXY+REN_VOLTAGE_PAIR_AGGREGATE_CALIBRATION,170.0,1.0,24.02515687081989,14.14678171238299,-24.00420266708869,-13.588395975760678,0.0209542037312004,0.5583857366223128,0.1082933773883984,0.2707334434709961,0.9909496991448038,-9.78996406634544,0.9803805071573268,-10.767395475835167,16.55026162587677,-8.0,0.0,0.9803805071573268,INFERRED_DISCRETE_VOLTAGE_CONTROL_NOT_OPERATOR_OBSERVED,AC_POWER_FLOW_SOLUTION_NOT_MEASURED_TELEMETRY
TRAFO:00219,BUS:OSM:way:124722161:220,BUS:EREDES:1315S5012200:60,220,60,170.0,12.0,0.4,0.0,0.0,0.0,hv,0,-8,8,1.25,0,RARI_BOUNDARY_NAME_AND_SPATIAL_INFERRED,RARI:Recarei,E-REDES RARI boundary name matches an OSM high-voltage substation; the closest associated E-REDES 60 kV facility is used.,3985.160802336152,VOLTAGE_PAIR_PROXY+REN_VOLTAGE_PAIR_AGGREGATE_CALIBRATION,170.0,1.0,67.93187069417911,21.068906945766933,-67.8117132491782,-17.466186776416528,0.1201574450009133,3.6027201693504054,0.1875367991903019,0.6876349303644403,0.9952839233264884,-1.0205968869372712,0.9799030537380928,-3.8080824007729936,42.03595187471639,-8.0,0.0,0.9799030537380928,INFERRED_DISCRETE_VOLTAGE_CONTROL_NOT_OPERATOR_OBSERVED,AC_POWER_FLOW_SOLUTION_NOT_MEASURED_TELEMETRY
TRAFO:00220,BUS:OSM:way:156176120:150,BUS:EREDES:1512S5031900:60,150,60,170.0,12.0,0.45,0.0,0.0,0.0,hv,0,-8,8,1.25,0,RARI_BOUNDARY_NAME_AND_SPATIAL_INFERRED,RARI:Setúbal,E-REDES RARI boundary name matches an OSM high-voltage substation; the closest associated E-REDES 60 kV facility is used.,1404.059525364476,VOLTAGE_PAIR_PROXY+REN_VOLTAGE_PAIR_AGGREGATE_CALIBRATION,170.0,1.0,23.953081298089614,-1.9838555777482048,-23.937605207524808,2.396261047358084,0.0154760905648103,0.4124054696098793,0.0930672644223292,0.232668161055823,0.994024310906354,-12.084345077196932,0.9949403541618872,-13.06628673143275,14.223285044198958,0.0,0.0,0.9949403541618872,INFERRED_DISCRETE_VOLTAGE_CONTROL_NOT_OPERATOR_OBSERVED,AC_POWER_FLOW_SOLUTION_NOT_MEASURED_TELEMETRY
TRAFO:00221,BUS:OSM:way:163214308:150,BUS:EREDES:1513S5907600:60,150,60,170.0,12.0,0.45,0.0,0.0,0.0,hv,0,-8,8,1.25,0,RARI_BOUNDARY_NAME_AND_SPATIAL_INFERRED,RARI:Sines,E-REDES RARI boundary name matches an OSM high-voltage substation; the closest associated E-REDES 60 kV facility is used.,1472.8631941774986,VOLTAGE_PAIR_PROXY+REN_VOLTAGE_PAIR_AGGREGATE_CALIBRATION,170.0,1.0,-11.845903754317876,-14.572401849837128,11.855702081922836,14.833506802692767,0.0097983276049582,0.261104952855641,0.0740529383070783,0.1851323457676959,0.9761047774035168,-15.430795954154991,0.9869905997169466,-14.956786543263366,11.317363376260886,0.0,0.0,0.9869905997169466,INFERRED_DISCRETE_VOLTAGE_CONTROL_NOT_OPERATOR_OBSERVED,AC_POWER_FLOW_SOLUTION_NOT_MEASURED_TELEMETRY
TRAFO:00222,BUS:OSM:way:201459319:150,BUS:EREDES:0814S5060300:60,150,60,170.0,12.0,0.45,0.0,0.0,0.0,hv,0,-8,8,1.25,0,RARI_BOUNDARY_NAME_AND_SPATIAL_INFERRED,RARI:Tavira,E-REDES RARI boundary name matches an OSM high-voltage substation; the closest associated E-REDES 60 kV facility is used.,4941.146904443714,VOLTAGE_PAIR_PROXY+REN_VOLTAGE_PAIR_AGGREGATE_CALIBRATION,170.0,1.0,-9.806289811898164,0.4020156710632361,9.808839589628375,-0.3340694234094392,0.0025497777302145,0.0679462476537969,0.0377761312990325,0.0944403282475814,1.0000000000000002,-6.26416396718805,1.0,-5.867223669342249,5.7732510638221175,0.0,0.0,1.0,INFERRED_DISCRETE_VOLTAGE_CONTROL_NOT_OPERATOR_OBSERVED,AC_POWER_FLOW_SOLUTION_NOT_MEASURED_TELEMETRY
TRAFO:00223,BUS:OSM:way:1422828550:220,BUS:EREDES:1311S5006900:60,220,60,170.0,12.0,0.4,0.0,0.0,0.0,hv,0,-8,8,1.25,0,RARI_BOUNDARY_NAME_AND_SPATIAL_INFERRED,RARI:Torrão,E-REDES RARI boundary name matches an OSM high-voltage substation; the closest associated E-REDES 60 kV facility is used.,2837.717464581503,VOLTAGE_PAIR_PROXY+REN_VOLTAGE_PAIR_AGGREGATE_CALIBRATION,170.0,1.0,30.018453523685157,11.169295705765558,-29.994315624425944,-10.445561138121867,0.0241378992592125,0.7237345676436906,0.0840544850892093,0.3081997786604342,1.0,0.3634166885270533,0.991634442527306,-0.8451185720281911,18.84062384193015,0.0,0.0,0.991634442527306,INFERRED_DISCRETE_VOLTAGE_CONTROL_NOT_OPERATOR_OBSERVED,AC_POWER_FLOW_SOLUTION_NOT_MEASURED_TELEMETRY
TRAFO:00224,BUS:OSM:way:163227021:150,BUS:EREDES:1503S5022800:60,150,60,170.0,12.0,0.45,0.0,0.0,0.0,hv,0,-8,8,1.25,0,RARI_BOUNDARY_NAME_AND_SPATIAL_INFERRED,RARI:Trafaria,E-REDES RARI boundary name matches an OSM high-voltage substation; the closest associated E-REDES 60 kV facility is used.,1032.689539839835,VOLTAGE_PAIR_PROXY+REN_VOLTAGE_PAIR_AGGREGATE_CALIBRATION,170.0,1.0,37.16436704756278,8.652746190994671,-37.124922969367965,-7.601643942456164,0.0394440781948119,1.051102248538507,0.1485789288033108,0.3714473220082772,0.9885088352450304,-12.816528989648836,0.9816912036239376,-14.351009806970792,22.707022378367057,-8.0,0.0,0.9816912036239376,INFERRED_DISCRETE_VOLTAGE_CONTROL_NOT_OPERATOR_OBSERVED,AC_POWER_FLOW_SOLUTION_NOT_MEASURED_TELEMETRY
TRAFO:00225,BUS:OSM:way:144396420:150,BUS:EREDES:1805S5001700:60,150,60,170.0,12.0,0.45,0.0,0.0,0.0,hv,0,-8,8,1.25,0,RARI_BOUNDARY_NAME_AND_SPATIAL_INFERRED,RARI:Valdigem,E-REDES RARI boundary name matches an OSM high-voltage substation; the closest associated E-REDES 60 kV facility is used.,1482.5389314180986,VOLTAGE_PAIR_PROXY+REN_VOLTAGE_PAIR_AGGREGATE_CALIBRATION,170.0,1.0,1.235616648361548,5.192480867845357,-1.2348588188565903,-5.172286295348681,0.0007578295049575,0.0201945724966758,0.0205945388776045,0.0514863471940112,0.9975430362861878,4.723127798290802,0.9938387968674868,4.680699748061292,3.1474224436291354,0.0,0.0,0.9938387968674868,INFERRED_DISCRETE_VOLTAGE_CONTROL_NOT_OPERATOR_OBSERVED,AC_POWER_FLOW_SOLUTION_NOT_MEASURED_TELEMETRY
TRAFO:00226,BUS:OSM:way:142182853:220,BUS:EREDES:1306S5008900:60,220,60,170.0,12.0,0.4,0.0,0.0,0.0,hv,0,-8,8,1.25,0,RARI_BOUNDARY_NAME_AND_SPATIAL_INFERRED,RARI:Vermoim,E-REDES RARI boundary name matches an OSM high-voltage substation; the closest associated E-REDES 60 kV facility is used.,1472.1393006822277,VOLTAGE_PAIR_PROXY+REN_VOLTAGE_PAIR_AGGREGATE_CALIBRATION,170.0,1.0,50.15007710642008,13.364694950163662,-50.085637585091206,-11.43258360081654,0.0644395213288717,1.932111349347121,0.1373369219875972,0.5035687139545235,0.99174400999411,-1.607926261358111,0.9816839917968913,-3.672025171037556,30.783762270753652,-8.0,0.0,0.9816839917968913,INFERRED_DISCRETE_VOLTAGE_CONTROL_NOT_OPERATOR_OBSERVED,AC_POWER_FLOW_SOLUTION_NOT_MEASURED_TELEMETRY
TRAFO:00227,BUS:OSM:way:144588414:150,BUS:JUNCTION:60:00980,150,60,170.0,12.0,0.45,0.0,0.0,0.0,hv,0,-8,8,1.25,0,RARI_BOUNDARY_NAME_AND_COLOCATED_60KV_ENDPOINT_INFERRED,RARI:Zêzere,E-REDES RARI names the RNT boundary; the closest 60 kV topology endpoint co-located with the matched OSM high-voltage substation is used.,60.257737144928264,VOLTAGE_PAIR_PROXY+REN_VOLTAGE_PAIR_AGGREGATE_CALIBRATION,170.0,1.0,15.139066748608744,8.507189523601763,-15.131037044007034,-8.293214677484903,0.008029704601709,0.2139748461168604,0.0670372363154115,0.1675930907885288,0.997060434127464,-4.444714194201989,0.9906954498587042,-5.051085776404472,10.245167585055372,0.0,0.0,0.9906954498587042,INFERRED_DISCRETE_VOLTAGE_CONTROL_NOT_OPERATOR_OBSERVED,AC_POWER_FLOW_SOLUTION_NOT_MEASURED_TELEMETRY
