depth_bucket,load_count,p_mw,s_mva_proxy
0-3,5,122.8495,129.31526315789475
4-6,7,178.4015,187.79105263157896
7-9,9,162.5355,171.09
10-12,2,43.4255,45.71105263157895
13+,19,583.404,614.1094736842106
